X1,X2,X3,X4,X5,X6,X7,X8,X9
0.21365222904972792,0.6584324973627778,0.06352303883059784,0.6607977788155441,0.21517228857230208,0.1199518743194584,0.15306935635844232,0.1710629019345643,392822614.0
0.2348451774002991,0.561292580982505,0.14063347891561107,0.98597972897142,0.21103806682197787,0.43635417156856066,0.8760160960238426,0.7316969636333518,814854706.0
0.5455297826628379,0.8085432269627892,0.7384433724345795,0.32905081001234227,0.24026938847311352,0.8210253249203453,0.8006164875439633,0.35474909462990006,1161333841.0
0.9548094546453002,0.3717865862853541,0.05527347708627472,0.5860580228971278,0.30819448366517854,0.18786904062300824,0.8525867120562723,0.22305005155295807,1831593910.0
0.9499347166516462,0.8718020947273085,0.3460530514204532,0.6472620285205938,0.5608947305131473,0.9980702475905203,0.9706163166218771,0.023336782268551515,938660390.0
0.9127882345522336,0.9307380959005821,0.9005643725864816,0.1159640439904318,0.17599157929374443,0.18431400615923296,0.7997107622665024,0.6453573583553596,1382729111.0
0.9480817470697527,0.336350348226456,0.28916898094510657,0.6553216544641388,0.21442726272745968,0.96909994972536,0.4198384847105727,0.013016747484793312,1059668034.0
0.13916774388680275,0.909362474851816,0.07181865894236494,0.06904254242485153,0.7084319319345043,0.7807091102653189,0.7839866484014388,0.0930220169621895,685514649.0
0.3337748106346594,0.5978927646955075,0.061293403618857274,0.2040994463334533,0.4366021205349004,0.699915784170344,0.8842346755868966,0.4222142206593436,577980511.0
0.7546560818518779,0.26748980852542426,0.9833507381602062,0.43758369676808617,0.869843866364506,0.9047437319562365,0.4556206200585241,0.5234345234852651,869483337.0
0.16513224934694515,0.30637339112283773,0.005982979321354165,0.5722404322972572,0.19775040570213964,0.5042918229090746,0.9071277634912472,0.3180070512506503,262571521.0
0.21365844982280424,0.011581136053362528,0.9319813993636193,0.573848515156236,0.4328285065665232,0.05330498875653422,0.06133546429383063,0.07407997263687205,735573666.0
0.9656771821913059,0.6075912128799296,0.6184883677432816,0.3051391899536753,0.6398954946584722,0.6613402392582841,0.534517963816382,0.3904408889982997,1812230913.0
0.08331564559046067,0.010668418542437053,0.09731038503169609,0.7771037776418093,0.912733426375545,0.3719242327434892,0.8474870260288032,0.971908786381216,690166991.0
0.49491767470664966,0.01433421166911608,0.20126420181553617,0.11685555814109128,0.6794109342617016,0.970906735842089,0.012344634477812089,0.8565109558017389,1727763381.0
0.5319096006162324,0.9242913389883065,0.3093204448539272,0.958284941561196,0.6926180522252495,0.7460874364594997,0.9116540145087046,0.2892163675787899,1926746392.0
0.6167434444604486,0.416425787621069,0.6592947419011644,0.9911516364572253,0.7551746362236161,0.3592735071854787,0.9441360957674888,0.40262299483825,292585822.0
0.6919498760300518,0.04915013422581915,0.09853754781094105,0.04482505097683386,0.007394786530937058,0.9395620114754691,0.1943432746223089,0.4853971774215776,1332661435.0
0.8028096087042694,0.9820451329140946,0.39402681513490656,0.019654365974497545,0.1317207445909513,0.741564374961607,0.27952060371939835,0.12075410127311648,1410850959.0
0.8013048509329691,0.5768088211854345,0.5519300089069179,0.8493402868496209,0.9755270886186524,0.4881232493740345,0.44900440167138855,0.8250233879415094,72771149.0
0.2988987250574684,0.9888841865680205,0.07380755760648294,0.9905231998837684,0.8669983724540085,0.18508725743664975,0.26757636174267646,0.5926123655991842,184922220.0
0.7731441749202741,0.34011258122491705,0.5437875658431394,0.04834217508971883,0.6602706161064145,0.5454890015218732,0.7886956211009459,0.98224254500834,1804632609.0
0.6232467033736144,0.21346112043412993,0.2544184604196813,0.8581729918063207,0.7023952027530123,0.4155486464135473,0.9534686109974997,0.34098819002845737,1314774955.0
0.5560376155191998,0.6826804464432273,0.15199907486331843,0.8342382983632648,0.6101904253506001,0.31577270909155297,0.19553370867396777,0.6925461614475638,1917845951.0
0.3455832255438347,0.05912566046031353,0.8390886538371223,0.36052284877330015,0.04538608785534082,0.4855584675177674,0.9227234290046444,0.6645654736680304,1937358952.0
0.8868850546064467,0.08897405622880905,0.5793178055579769,0.02809845430568292,0.012057585028429463,0.4872693745277897,0.08618743687051089,0.009516471914112867,1767686886.0
0.26919472769263875,0.036677056836653454,0.4777521580095704,0.05446722108257573,0.1535735760896424,0.4514308561402927,0.14650217640735475,0.03880969009394308,905602692.0
0.02498370314447296,0.20081556466760708,0.26540002924069167,0.5738593127171181,0.8999913769243021,0.8593513462171941,0.6396183678540471,0.0750299543063343,1778416986.0
0.40827706157034965,0.8297836877939813,0.16351404025440563,0.5600674790111603,0.15097903716168193,0.7307682211577693,0.6307559362475258,0.036799277654850686,1457433681.0
0.5434602893015007,0.6733068168239729,0.41463061856961286,0.33781662916172417,0.9349975611852358,0.2964970948816835,0.8445644119700659,0.2901427520968207,1445480657.0
0.7812782867498291,0.9864432404360944,0.7193921879401257,0.8942764997953978,0.3637259374430969,0.8611962004184721,0.3442684470343329,0.026630970233768703,141799352.0
0.10958406560611857,0.6622657937653856,0.09836346925909123,0.494279761940812,0.8436178305743814,0.27962966690601354,0.008134675134423786,0.4041523251624768,542666048.0
0.19409051605679692,0.4639937484998039,0.669523448174839,0.5349135657799836,0.3324905236737171,0.7702407199585406,0.39058906875463045,0.15965331245322187,666919808.0
0.504194948531232,0.045825358285372715,0.17960868760908563,0.30822747186219823,0.40804709581145504,0.41634801216549094,0.8167095084255038,0.6562577047120979,1703646801.0
0.3514801137286384,0.940240337919688,0.40738051678228254,0.8463994493591636,0.014010897047288416,0.6788784438271507,0.8525791650136445,0.7066699747167473,370588094.0
0.4455342551653564,0.05081448652571852,0.7770588378252004,0.38317324101519673,0.4059224780999495,0.5029302666559774,0.6923618480171752,0.6129587416794021,1813255405.0
0.718750216471935,0.5100994768974811,0.34924202275457095,0.6489285460159184,0.6509878255135881,0.3008214433780573,0.7413387792125266,0.7267208074120491,72945157.0
0.2325105798573348,0.3141042521314379,0.6234342371700832,0.24238615221059687,0.17826802929141317,0.8499594390426362,0.8090385588410042,0.6725176862975323,412703043.0
0.9259038156472024,0.40415184106424784,0.0623989060199609,0.535694686798622,0.11322528629924988,0.4370056964688074,0.6105134154241337,0.7747773739631162,1960699624.0
0.9055219016201672,0.7460741683763824,0.06411014789993763,0.5055845842348524,0.6218757378947699,0.6312866833796954,0.16083040348934652,0.5603727460323559,577013667.0
0.11048997748919098,0.1406576467856205,0.7869045612294823,0.3074400428548073,0.4826614550253752,0.5831639459891749,0.07179854040041045,0.42699062998643006,194878946.0
0.3376131970585732,0.9487890134886204,0.8266952700043555,0.4553918443607092,0.6608469731425326,0.6161077936169873,0.5767569177943371,0.2520351724046279,139034819.0
0.3996832307232823,0.6881238585742493,0.14575554800083435,0.6310528903018364,0.40329062531712967,0.2259956641617712,0.9369975730886032,0.8601766552261366,889947479.0
0.9134078458700685,0.834665396416013,0.6294711445824313,0.9996723797571632,0.47584681498771175,0.7760720576420143,0.8210644157405745,0.48239097639341194,808901703.0
0.9745433312601776,0.8751173390676673,0.5878741123233883,0.770470157409536,0.09250367426682081,0.4384097177876031,0.7914661996281103,0.7999707230850882,751229663.0
0.45378743907107694,0.826830589955642,0.6012604761052163,0.19525150015969947,0.761049649000245,0.45699049935465497,0.32773104055896446,0.929246691861892,1461727776.0
0.9286159162903331,0.4133174990639685,0.2313873457332329,0.44716848162353623,0.7947706924769911,0.6635799780277756,0.40621558036216143,0.005496907238692561,919059651.0
0.7362429600978119,0.9933679759612967,0.00871350006008842,0.9061248879697886,0.5017450527079931,0.8079431026763427,0.7658431237900675,0.667784035141073,387722578.0
0.7955996188589752,0.5320079040715556,0.4689710953511903,0.956094670719417,0.8488162668819473,0.5651566361498054,0.8758978679983656,0.23924549937760475,1020457992.0
0.3205550534553612,0.006661052261392353,0.13408734429770297,0.3930657632337011,0.9251071873338573,0.38196989200576487,0.8287046144516276,0.40299705439785816,49051144.0
0.7641754904039101,0.5823293942212053,0.031073534648371925,0.8480260523736921,0.6807335579762165,0.07966491847544553,0.20274463922741856,0.977653549196737,1311280573.0
0.9770308902799923,0.10341751443480995,0.021625114814202484,0.6554101324200591,0.9655017385542579,0.18786075577413663,0.21196334737448033,0.06967220901782721,16448112.0
0.24393816285074252,0.42661710852393014,0.42801955704732375,0.8364670043569512,0.28324019997871763,0.5842489958771382,0.04319689027286944,0.7805671588266312,1236340119.0
0.6866418866241819,0.7340282928800768,0.1776247240602552,0.007942224848000445,0.9154984831542944,0.5550060453002033,0.5683430231150279,0.9979516759096105,365788865.0
0.5844621924379968,0.09688032798819325,0.2056540012552253,0.8264343326148742,0.7797840831927783,0.10742801333739348,0.36589641531127015,0.3042162261139057,382989584.0
0.44540575895401174,0.8410569441100325,0.7800842732101286,0.09752155573136144,0.1050113541091976,0.14642049495415377,0.4893359364624949,0.6850152475638517,561592053.0
0.6598471782439777,0.9594355451004056,0.2198009825482956,0.3493176474925074,0.668678194472728,0.8253511292749927,0.156854968367097,0.9321899808921688,979352254.0
0.8702041756821975,0.810884692463215,0.33500439262699977,0.9286981706814679,0.24347507525727308,0.2897765997592311,0.33558167379526854,0.6542038018182945,976813115.0
0.4203748995413599,0.39550957276929594,0.5370572797369053,0.4581885688420306,0.687556420450587,0.236640357969236,0.3515959143715537,0.07145338095737275,2044412228.0
0.5720805850579441,0.5320371358092798,0.3984925514668428,0.9968091687078073,0.6502215709470506,0.8729341441365593,0.46829995961026527,0.6235230691921694,575813915.0
0.3316225557483271,0.0095099200612343,0.519543407780222,0.014598595977030504,0.1359669885554173,0.3551678972222455,0.1465465292615311,0.6792282987845809,1800401066.0
0.6931053243642383,0.16690449034011134,0.4266181906937682,0.7355881701057548,0.7914079865933196,0.8385435514991598,0.882689601929015,0.2608195238448825,1932651620.0
0.0873773429469563,0.08232651986216065,0.5419285169874125,0.04708823887397107,0.6002181194306304,0.5802055141820576,0.5424839816127534,0.051369142859593375,1522145328.0
0.22251741334927513,0.10739592014097298,0.37944732868231246,0.2317380617741427,0.944910567327521,0.03960964648100329,0.33577154195001946,0.0378237510285121,1192316443.0
0.9947488238340434,0.5314258354755808,0.43091239184524527,0.624568546247528,0.9034239070910893,0.843082894271254,0.9496180777931192,0.4555080737257712,810840198.0
0.9231954958874403,0.3536619097554612,0.4123314756278618,0.9578783876485827,0.5252845810966483,0.49680790184445656,0.12419741116364968,0.6874271396724041,1125003025.0
0.7740570937653094,0.38881214920610446,0.035423247267732605,0.5652137095195966,0.11766269797204852,0.31738133337944974,0.9423796368600222,0.9317021806695335,26528131.0
0.7879180079939848,0.830721688020057,0.4135615656065464,0.6699921243579899,0.9118827707954702,0.9190724432073197,0.90883266205636,0.15297822001273853,1481777661.0
0.7235362173524963,0.8948069787345961,0.9964368210037408,0.1902171586961282,0.3594692631937648,0.002771602962879593,0.9709084566233864,0.6444729755287939,135726161.0
0.03119106636589175,0.139631072765363,0.23733309436542413,0.4504203640339807,0.07752993472206926,0.468435540171518,0.5559840805884176,0.8313912120798982,398046273.0
0.5595414333314633,0.07751280352217482,0.6807247347096076,0.9635142308022872,0.2140083499148414,0.9860421113804115,0.8558010825896376,0.41158390832864605,1598354551.0
0.38923258123065346,0.4761282794074796,0.4155001016964383,0.28477359014062326,0.811032435545327,0.5955491947296568,0.2978987864571988,0.3104935643247492,1342456673.0
0.8374426957134172,0.7274966566395508,0.7010265838191914,0.4087695774271017,0.684025776228851,0.3398478344029188,0.2871841549544364,0.035627869269654555,705264778.0
0.9951907618796829,0.5717782187200552,0.320808996025189,0.14480196902897668,0.15780581930891668,0.002262613500594979,0.8803410031528286,0.25042129375388006,1204087092.0
0.12457440467279333,0.361443870005168,0.8772892604817097,0.8081129973330144,0.8177373962233739,0.4785988033155657,0.5349766154303176,0.38031801216746686,653278674.0
0.7317904883303437,0.7964008226569235,0.002807339631750838,0.32567765078756566,0.5198066164125829,0.6275152296006994,0.13040551938971578,0.7296632346330824,821711090.0
0.5872906452280331,0.31039103250835964,0.09860202014537622,0.4873666375237541,0.8678681915398517,0.17266009325055587,0.9943394913593864,0.659899018120377,1806009924.0
0.24524529907898485,0.03971820135773296,0.5480744772042261,0.7115772974245146,0.5936888103754419,0.8028462058617822,0.4101802856918946,0.09729156074384804,1887038088.0
0.7508989021328781,0.3922474134612384,0.9736442210463565,0.27535337717049435,0.3082258613059362,0.37523674015639696,0.3880672818361735,0.7201566699990222,1214446911.0
0.11903007164457724,0.39240898105194183,0.5588958685734919,0.31826702940065293,0.14104343890591076,0.3073247902723365,0.6662274126236993,0.8198878483269345,1734528337.0
0.1827824988534107,0.8707295914014166,0.06110967937086186,0.12771172832536903,0.5841041526021359,0.7158633077989909,0.11412429252318812,0.554638451612394,1443511575.0
0.09636292074908259,0.4992009336206984,0.20638504883758635,0.112968837116447,0.9788366556028733,0.06003631715056734,0.8388216708264222,0.446724942753452,242888798.0
0.13058259648007142,0.28143928947809516,0.9098693025709201,0.5488994586921851,0.23094718185413832,0.2771559331058734,0.34821766910838525,0.6486770578095297,983088380.0
0.7489719854978714,0.9763774583461872,0.7221718919920183,0.3047364435887692,0.36299793888175935,0.6115476021691755,0.35913076244480086,0.613227291483296,2020342367.0
0.5591353871775201,0.7969722485709091,0.5592977832353796,0.2224230749222705,0.15964184609812893,0.7651780421383899,0.4520868531412153,0.06697228648490261,1336908211.0
0.1773128664356367,0.46770201058122696,0.5732412333985101,0.1229391061055598,0.3513971680783796,0.8965028632326993,0.1645327950368619,0.16871479770534348,825780766.0
0.09837592158807629,0.2559591601692448,0.29875045345039486,0.9331555675633858,0.06637396697222275,0.5901041293382462,0.41326264636248794,0.02787925532528046,631958022.0
0.037912761736310086,0.16292355922845325,0.9565149504373873,0.9500061771383619,0.33445281162772744,0.9621788024807224,0.3731025481490557,0.8495318214060782,1651415240.0
0.7904257454386556,0.26823982424978776,0.30260651145889583,0.5939198832863704,0.45179689596189754,0.5542359335576834,0.3439157452006951,0.4883634217711703,1160861501.0
0.5382247160721474,0.7571360256874344,0.8018722599063289,0.5606230179003313,0.27749722072486166,0.1663202829042033,0.3511667012685403,0.5858693513274345,1356830391.0
0.6156971710748019,0.8619559803572878,0.8528036564613618,0.2667364362287581,0.9735161151762618,0.384466809826382,0.7766103219180314,0.5663051972057356,50112163.0
0.9387072906204704,0.1076371690160902,0.49090633803511474,0.2311183627479625,0.48664511755061673,0.3055042091375748,0.6177234557220777,0.5983474416566859,592075943.0
0.6583655192639466,0.5369406506927117,0.19284247229041207,0.309534072816388,0.21900032698389305,0.31361796697535366,0.15124937291024887,0.1467039783461075,1023995391.0
0.9778182781049648,0.03920712432238072,0.8469937519433645,0.6469203961812448,0.6140955502603391,0.39064971834489925,0.22675642571467533,0.6483257090662953,1146788848.0
0.2726698339277589,0.6383045535340408,0.9707746856327442,0.49264069265008936,0.6575107488304355,0.09975200166991306,0.4975237133402245,0.9367276377919045,1631430911.0
0.7078821415276724,0.15516445524890154,0.09823726030908275,0.11456231579663188,0.42044944298681114,0.5755060748229808,0.9615360400225865,0.41823447462320384,71747717.0
0.2540037065879789,0.23765952690035363,0.18967972761902485,0.8362191650626557,0.735767722295713,0.2927279818259696,0.02331762310735619,0.4131119471771932,1712481461.0
0.6793773873388621,0.294994526108294,0.5786122028759552,0.9006099481180697,0.8029826961516838,0.6456040535612764,0.3800544787302213,0.6666268966546687,1216079727.0
0.9323101515949695,0.5698611085251137,0.7525366803162766,0.931990227463925,0.9208590566463114,0.3294483197105188,0.12901541165808172,0.7016947979532799,152051227.0
0.4041063998331664,0.3359988453138524,0.8999311374013077,0.49619629407038046,0.8115309213490989,0.383050024678104,0.2677449259029745,0.6988844687371332,1294012524.0
0.32262515713594325,0.3900816820941674,0.3748950692208439,0.3270269738598188,0.5847500961961681,0.4808988752689636,0.22956085299724985,0.6910560316168868,925591936.0
0.8239776030906849,0.5669986809475837,0.4532284279760335,0.6337324643309937,0.5694441095677598,0.4037835190730007,0.8503644501669381,0.4602198218107061,914093940.0
0.962265125341204,0.031154955997108047,0.42498123698400814,0.5140250942020648,0.39796327744224014,0.09448694378803446,0.3631656707304336,0.1818982899972216,1974734339.0
0.9675493654335117,0.3252489491453098,0.7394353128665384,0.4710980017234008,0.8718914179893034,0.4534521630633056,0.0017459882252349734,0.7148005212284128,1971531926.0
0.32329941263632944,0.3683699862008316,0.26101235056960304,0.320971829296866,0.29595786511523126,0.528640893371561,0.5426130344063635,0.5271471329982065,974523753.0
0.3285770349916334,0.8555466473425252,0.22900396015747487,0.8557547890831053,0.751252629606687,0.7191357763616942,0.7570478474807246,0.3384238578861989,290739689.0
0.08235315452846435,0.3617404604974925,0.07908065697422094,0.07151671054127895,0.8299334604102666,0.5329733645171829,0.9515575910530568,0.09161227275191818,456334878.0
0.5086871699166611,0.483175482099767,0.4090580523198527,0.8367294794962487,0.23358473613939976,0.3607132589634264,0.543673196506463,0.9171713270928519,1913020642.0
0.7944120491262202,0.0024850587046900685,0.7547135694392456,0.026268508746738473,0.997122379356898,0.3265892362365138,0.6242572270289747,0.5841404862364505,1860809232.0
0.700151366565142,0.5659259552983277,0.6326454206351588,0.10076430437605176,0.22676583465961728,0.7050674162778747,0.93800484743744,0.37357729268706824,1564090978.0
0.5091803328235119,0.9400748358500188,0.17102926460463283,0.8021228221208131,0.8930019051355454,0.3883652511564792,0.9691877827644216,0.9163676952081328,1370556933.0
0.34426064005880463,0.5393655330113456,0.03744473929898506,0.7296154862472921,0.12262004384174562,0.23980790428423537,0.8748081324495184,0.758299245235857,1508910023.0
0.842857468999899,0.023050953314303842,0.914376664030492,0.4685149551846526,0.1049669573935844,0.8678858889499121,0.5677887569736979,0.5930302287740741,1812646016.0
0.3277519122968583,0.354697998254655,0.09064381719560644,0.2052308392280342,0.5906888712648424,0.799148711193235,0.6915774915182341,0.5616772677082044,443605429.0
0.12432671968195952,0.9639143375368312,0.9781957768853293,0.08694695859023926,0.9066086209183332,0.8836909961963472,0.18446989123006297,0.4066967019657133,812224539.0
0.6399922480503831,0.158734602098063,0.890097386847285,0.6103731497500992,0.05454083891662809,0.2050747452356152,0.3379847810328742,0.3799970422806744,1521593170.0
0.04663725302540145,0.15086641015542934,0.18751560917628277,0.07583937761607618,0.35420537433774013,0.05171152986629812,0.35356466872791104,0.8555993906064024,350447752.0
0.10482701503133209,0.4908437412418063,0.9855837564087488,0.4480889970092544,0.4324007541811757,0.22007191228529777,0.991853466424304,0.5295055423997707,547149565.0
0.8062037241668478,0.15827141405799827,0.6759071656631835,0.002335955630480724,0.807284410036232,0.00849724550872688,0.8468313793713015,0.5393811764183634,590934937.0
0.8909071179865258,0.2721423597793932,0.07913127406576324,0.4821456387550997,0.40459869689002176,0.9568512545872051,0.7853622249917959,0.2338900598813601,1270733952.0
0.4787540636222136,0.8409397985521463,0.7200951348775704,0.588599495269097,0.1573551990346742,0.6427064645261696,0.7594463297992577,0.42090873528101047,1713837797.0
0.21210046180255537,0.22834838282578152,0.8716120084626098,0.7021335058056525,0.8202080427500665,0.6796738033353955,0.70461973444702,0.4810383950406558,125420212.0
0.14773882263318347,0.061193433585128736,0.6748436614001854,0.2129734131657273,0.12971809519969155,0.07942957833148899,0.7844877565821536,0.15478406715394855,418819609.0
0.3678603564809375,0.4678914995358642,0.9375343235765763,0.94570284349156,0.4552095577494958,0.3890089867193853,0.45944463763223375,0.9980246130954092,599415000.0
0.09902873821514536,0.22043667331093408,0.6045259521321483,0.40656631759202183,0.9878268235191712,0.19576140278042908,0.965662569682912,0.40359435749553746,541626072.0
0.8176731319584115,0.583886045527568,0.9192534877404387,0.6637648900592482,0.25916067176613,0.535338641022138,0.8992227207139406,0.3126254637295445,1424684120.0
0.46298309992515874,0.41956104452032256,0.3878715730407547,0.28372361690618386,0.283639019495371,0.031871505192909926,0.6099498915139865,0.6989671141813508,1161504.0
0.44081923612344864,0.37889102044094114,0.4292990925898525,0.19586819466005911,0.09063681293832591,0.9508907923297024,0.009381551919984464,0.1631968480615521,634738746.0
0.7474380720639328,0.42264804458106375,0.2405696731888548,0.2535929716382589,0.2994132869064656,0.5440362035018188,0.5609974846600065,0.3069757084269774,1825973074.0
0.17769317189650946,0.3334160208207489,0.6375228280972034,0.9916288967174691,0.4592755464175011,0.2285813818829933,0.3566394385746086,0.337366000365635,1742719241.0
0.7962916117161767,0.9873355874953603,0.42140768816867485,0.6877874542666423,0.13419509508702965,0.19469782763718993,0.4685949151441178,0.9607221252685478,1599247778.0
0.050995088898452834,0.5267521709320455,0.5773190662296165,0.3001576254138641,0.6252061936420742,0.2438536561829712,0.2842951261441431,0.8610994176393421,1026749376.0
0.5647862368112072,0.2317735878967474,0.160848099904773,0.2544504467366747,0.9264264739197697,0.12179865699918024,0.9004720217977817,0.17674167005186014,295779012.0
0.5490527848271128,0.123171506749156,0.7471925900668085,0.6380382097543009,0.5098142384101374,0.06317956279470693,0.7048669660161404,0.8282492017130562,324704205.0
0.5257100932012284,0.7437571234105436,0.1029096667606718,0.3714846499309599,0.8232567142430418,0.44683952178776326,0.4117719916014349,0.5311880851722339,952621896.0
0.7868994365779571,0.04008975794089886,0.2875554114775856,0.7401134701165332,0.1009648204417326,0.8971182608638921,0.9902324193240939,0.5570860746135105,2016241713.0
0.8678452015261511,0.8176806934379615,0.3366542990607271,0.36840150880301686,0.6583053996084987,0.09029461534550019,0.6182751454380051,0.4161398653639604,1887725324.0
0.002802651188272831,0.7884927841418865,0.20733903687758337,0.982351980306916,0.5890651934371595,0.3297853119617468,0.9831430305180772,0.17285585677499804,1300392577.0
0.5490391813829733,0.3267413917699373,0.2828776819195995,0.09102909673617754,0.7696868261928057,0.6688794443838224,0.46985828065020974,0.866498288124487,1293846012.0
0.017416136853378283,0.24183523172260732,0.5677032163177205,0.2156807507926054,0.6558295092725905,0.7316687915364578,0.43461956271294566,0.9772208578418128,2084589344.0
0.6975436703620257,0.18096058347626584,0.9737443664781421,0.11815000610945824,0.43449221871254406,0.420706212324506,0.772366944917515,0.5926746188497166,1429117255.0
0.19613919149142844,0.9381371982701631,0.6344954332118501,0.18665214437682165,0.014088369369459564,0.18371855615935284,0.4886810718964313,0.7173846777801814,448256195.0
0.353810775693545,0.09389288270891472,0.07710044411801098,0.48643926235914137,0.4011188101365756,0.6703461528350441,0.49073696806988776,0.7630107127768637,1790813613.0
0.612932987436555,0.8091809569560399,0.24966652439034487,0.6556103971766045,0.43646531599479776,0.7998184856827849,0.674211546607238,0.6196042031906797,1755678806.0
0.8965870957699789,0.15202623894130696,0.279870162987064,0.9684772222385768,0.20678805167088565,0.047552301594484085,0.8386743314869626,0.11681517937631147,1593425520.0
0.3239580913386252,0.0994260961081881,0.9314647802584572,0.06161742916813584,0.2085639599246072,0.05803376637522073,0.10242144275897624,0.7742363630913021,1857730789.0
0.7099346987023395,0.8725441622627272,0.8901214530001662,0.7203568927078489,0.3269852186553957,0.4218747178057055,0.1131000295529848,0.7630872378897614,1201955222.0
0.9087709453609111,0.2410264675736493,0.4824741959973271,0.8221040539326199,0.15520235722771847,0.51907319163874,0.2797043280717523,0.9426495065616157,1237387494.0
0.40116030531909413,0.8689088700078178,0.9939642927198491,0.7164612082982876,0.7522023963581865,0.8030589066444122,0.8008322654132108,0.5712926469741385,637713514.0
0.25287202140027326,0.7152843191928162,0.5610770005291326,0.7696952408981517,0.3011386220885799,0.168462723342214,0.11980507458779564,0.2853950994819834,1753517991.0
0.35171818919830744,0.7476673795105434,0.8518206036957998,0.6814936685266564,0.29319143940354286,0.07256737995791118,0.5108258311387844,0.7100127588230916,506605857.0
0.9011881685422392,0.5109335162204501,0.6712520268584312,0.34085772303286066,0.9975280974027336,0.4254724018072197,0.1823628948047585,0.6687992808143038,1801054110.0
0.11242154426134864,0.9543009513238867,0.46213097064891007,0.6859515870655228,0.8612579885786517,0.885695360961396,0.8550977731732587,0.19357942438104103,14832710.0
0.1636061811970274,0.3560096022881972,0.3536886731842245,0.006617952262671811,0.17995890936014125,0.04896303798953416,0.06238230809069322,0.3817129546946,315041564.0
0.8039174334245799,0.887508983806972,0.19996857835674345,0.41390438903014054,0.7934521701812141,0.0687870721067031,0.232322699029037,0.5323135928403435,1269658047.0
0.6031551401199216,0.8304195242242158,0.3029595535997892,0.42397128166681114,0.08924139410544518,0.839944811053874,0.08417510850914045,0.8576265236395446,1382171232.0
0.563423767105021,0.4166165895823284,0.05480882292602018,0.0009772208517596637,0.848762152877243,0.9568078231641696,0.6282862646004918,0.011584049983169751,1419168000.0
0.8602350858823384,0.05748394759593278,0.8244117260924136,0.6972266525321454,0.37211515139191287,0.5684593010765644,0.07390354112253128,0.3824339363501552,810386722.0
0.5366973545846049,0.4776094930869056,0.30118064015307755,0.2238893874967273,0.4945153428153205,0.6386562027571526,0.8639292368220982,0.21760182814292736,1969068522.0
0.11263692886629793,0.19629245381300875,0.5938537637109325,0.9543253700637,0.094958336677899,0.19651454880425168,0.9209924089675584,0.06622095585677779,572660407.0
0.08041235886773601,0.9242243165244836,0.23484936523024724,0.09854327317579457,0.9552155612555446,0.01708586133432366,0.81666443852807,0.5689234585767792,566643424.0
0.8017341551134953,0.7166035622085883,0.5483325527001072,0.9767398852030535,0.6167259762879633,0.03828172964543486,0.11280535743060773,0.5350528487271144,246182109.0
0.7051614321973274,0.8265252977891958,0.6627850671872946,0.9367851874230751,0.4957931477684408,0.01901177802202847,0.9526817312322141,0.6483834223370886,891875301.0
0.5126481657035536,0.1085747480072846,0.503197103209964,0.731722105272362,0.40965314407362147,0.9913121161703903,0.896929251923515,0.7555845267997011,1424400932.0
0.2053123806353788,0.17574389775223231,0.02916501272467986,0.44481771803554015,0.2911366301282753,0.32661185117056046,0.898737240085775,0.14204222426321675,1909485723.0
0.6752238529026788,0.3316833451694092,0.5226314601316707,0.9667949718850506,0.4927080345921044,0.27040176624574885,0.8803719631712541,0.5512189961813443,858939814.0
0.4311426488715049,0.5578482887554973,0.5425015482733948,0.3615876738292692,0.22739155457831428,0.013451190463335982,0.9306924165338931,0.12507746451214163,1504949059.0
0.8626641827752205,0.9844242601200438,0.697963332518721,0.1302746507088237,0.4664808325457692,0.36036086918351246,0.3673095555624066,0.15237566381660528,863085917.0
0.5450398125131036,0.9166846591910154,0.7936554572241824,0.31645288703097,0.49954973783405,0.797072665863213,0.6757607901952666,0.16272284464827025,645646829.0
0.044245492619688014,0.9049378556190129,0.8007500693876446,0.8543874483066535,0.15997809415943398,0.521691154214276,0.46482026141563326,0.00213928379973416,923184399.0
0.029103460740271148,0.7776413130287402,0.21453273581200705,0.08475543022242282,0.10319696629728912,0.3760884704085309,0.2067467069495472,0.269884296707518,1913902447.0
0.7692761877466752,0.05579820293250104,0.5520981191613874,0.31345143028175854,0.018724683462653324,0.058407368480471566,0.18386466379763644,0.6900197746242419,806414629.0
0.3573873338967323,0.7456593241567834,0.7728167169387563,0.9107334675285392,0.4045215497087489,0.2832140458847795,0.1866370166561476,0.4750778323231137,324553487.0
0.59841146749845,0.9652561008734237,0.02429522280185148,0.06616742288418753,0.34907377259093675,0.7147095899751437,0.8714614524068467,0.453752867312848,1993748852.0
0.23018314558741887,0.694799156089619,0.1716025810610614,0.3922830174917269,0.9616631413638824,0.6458304024662198,0.3295943671610234,0.6815914050591817,77148894.0
0.5152546083584993,0.15443249448536167,0.5447640414768622,0.6547463786269516,0.7481197210747443,0.5565989993928595,0.8099199435373342,0.5919472500075856,294695293.0
0.31761353878019166,0.737529820082335,0.5020262813860789,0.9124766451706242,0.8867629800318475,0.5134415038843155,0.32517064338623314,0.25352286295671406,1878891473.0
0.9348811107547742,0.7574253286075051,0.24910659087654372,0.5858279935451863,0.7225752801877962,0.6918640597932746,0.1021428580321998,0.5442602691446079,1885154487.0
0.17320648786216453,0.4287315468420224,0.7747436504462947,0.7073944323914647,0.05502487561076774,0.8163802264340307,0.49481031166192474,0.05429125553424696,2141752290.0
0.7006765542749724,0.2902601239355215,0.03281575504980461,0.7985663277133166,0.028712061399302047,0.43308721826190394,0.48152623523974847,0.9230548938851075,845719945.0
0.4341079994754055,0.9479798934385517,0.04096719432866169,0.6475736930492939,0.054190093617756174,0.2768592320282308,0.577101367383534,0.8881828131144509,1223147705.0
0.6328017740967428,0.6057905385934113,0.12077428123266032,0.42247466842162695,0.9901695850876083,0.9027703032287128,0.7346847092935006,0.6190839130430981,839562753.0
0.9693946586433122,0.5556348817289575,0.6232345030926012,0.9186093894868153,0.6894200297188838,0.9318181026718972,0.8562967168935369,0.36994152975477423,156722367.0
0.11008224487845908,0.6297835060541007,0.8250016181488192,0.22266407013988157,0.8640637024206955,0.3816717985622169,0.5009647000943368,0.3032921749324744,856891974.0
0.6180506081880731,0.34449059513343305,0.3811178580491609,0.15570131796766873,0.1386508252509303,0.8838096877290128,0.7904893422271193,0.6286724405904808,37134705.0
0.5226113612790702,0.2260511772222532,0.6602126600478325,0.982429576114718,0.45139187122677504,0.9159149802682072,0.22215565334969245,0.42876443577854273,251350792.0
0.3051492105165369,0.22490218358556868,0.49244053795454895,0.129998656568316,0.32847240698561353,0.31320404218197606,0.4231469421762489,0.8313436744427477,84519140.0
0.8377808456819049,0.11311110782358924,0.9699061121797661,0.9204744378344173,0.24817220186465797,0.9049696813361378,0.21118045598224555,0.8294819732539985,340812725.0
0.5962157546190876,0.4474281241681839,0.30862712739748654,0.7395920489593981,0.7611899351767347,0.9863932207096472,0.6651807825834822,0.5339934292790701,1347905437.0
0.383602995400154,0.6655581451539309,0.012018084492113725,0.41009280317474417,0.05848974940855856,0.585148623019879,0.8153819585428473,0.5052824692770097,63523917.0
0.6119157439548825,0.7900202910632996,0.2093617649922015,0.31940561292303915,0.4022396780299833,0.5037495930551577,0.3857448727130408,0.8623208238305076,1845721054.0
0.8072855725348861,0.6324944246466273,0.9275878902443656,0.6699522425243257,0.653773563454412,0.2490155088039806,0.19262407708170212,0.9901063361760376,2094148862.0
0.18211045412676616,0.15189744292406504,0.07475040638720663,0.30488053974901047,0.13459763434897298,0.15333227721100262,0.699321388125153,0.2298139697348169,341226552.0
0.8189050404553697,0.1765648125929411,0.25417705235532584,0.6899436284353,0.09778258931334147,0.7333409512847805,0.7348059192899843,0.8782299410254054,1332931576.0
0.523943726319586,0.7098174557824215,0.06654760619179834,0.232296829237028,0.45055999280862663,0.5534159778823667,0.6713149545111239,0.4595635321491399,308330209.0
0.10006582037196508,0.20424967710077035,0.8343789068301811,0.7897442785680714,0.9635753217730929,0.15508416044307782,0.06878051100095739,0.95530580493195,1222048556.0
0.519111297528837,0.5502287912390882,0.4914820958574101,0.9738066696848653,0.797519534195264,0.5145411372450172,0.48141052897209546,0.9940773230989152,860864463.0
0.6763185530401631,0.12088677514443393,0.018144042362923107,0.4446110255840572,0.0587114817454103,0.7192109943709445,0.7513033036602531,0.5078087865248643,747337305.0
0.7653070839170061,0.29041251657316114,0.48273735819490177,0.35246725113557664,0.8714569512932424,0.21307838864724649,0.9750029911451482,0.5899491772507521,244661082.0
0.8212154787028368,0.6559266851459196,0.5131851308086899,0.7725120895916141,0.07918643296018489,0.901743715279768,0.17280977755554539,0.156078027673755,437625190.0
0.5549683788676348,0.4821154959253424,0.525210901476626,0.6557136322702303,0.039102759660074926,0.6434141453425593,0.6383970146597697,0.00495105388697048,1222210444.0
0.4134340141007637,0.6840635320695432,0.5775524986523086,0.8982369665093801,0.46634921189994416,0.37139088826075095,0.24404051377135416,0.577693748348349,809718564.0
0.5132383848348806,0.8242465653453667,0.916101871870727,0.32818334569810004,0.8484357545114091,0.7278356971194269,0.24043379878075852,0.49733296055859993,1684281728.0
0.7078631762916558,0.15688085300863375,0.06386164134937744,0.9921563739869316,0.2923585212926037,0.5592343373443127,0.4972768672115605,0.6205798474863105,1081219408.0
0.4438048436924643,0.9511315469911223,0.18055917349776063,0.0585922776271397,0.875960178553287,0.08660598714745747,0.39588317214289687,0.8422585356832573,246062780.0
0.2322709141840784,0.07044995626577866,0.4597788788755788,0.8050368851402003,0.3018518346027186,0.9558636220629744,0.8119820401714964,0.1128400642631966,662300052.0
0.3355645914986717,0.032710927921773214,0.40448404388298714,0.8306651983611357,0.19774063910184125,0.7387906767495694,0.0027542178487613977,0.461392512377104,1502671775.0
0.9743266678118777,0.34298712387909724,0.52693471663714,0.014796299543559543,0.1964211320174388,0.2354387684078698,0.14398578644486615,0.411142295370166,1559166011.0
0.6491851312632322,0.4454126369343386,0.5195981201666026,0.9570413131200507,0.6767838820745852,0.13085101312720204,0.19371026680607015,0.4035033792897855,713105587.0
0.1635152785061652,0.2940029605074782,0.16759996920593,0.6752814288242055,0.5673232455433742,0.7015698145795634,0.34204887029635866,0.08855086021042224,43356125.0
0.35139781359135325,0.47425304327358336,0.3714764361435664,0.6358861568636323,0.6881531743400052,0.336463659490518,0.0512039995831548,0.34351464279640287,384526838.0
0.45208366209090006,0.06917913294981048,0.5115477161106857,0.48603216804265625,0.37224515137348657,0.3089547128255635,0.14684692091769336,0.3818520056739776,1405257052.0
0.28540844808775206,0.22027384679957693,0.8176813636947324,0.1771471011043183,0.06867758568522941,0.3685380287617921,0.8721937527852633,0.02480067697771904,1813630600.0
0.41002539369393287,0.6271113253547703,0.1750961891885859,0.9964636115834538,0.1399550871465678,0.4091107389840001,0.13599317672825895,0.8440444141790443,830214666.0
0.7637147902699801,0.9920980838380871,0.49024850566646255,0.4702253360654811,0.5914174648914307,0.8306525840544163,0.36204249355372975,0.377768402538495,300035132.0
0.3160402861926731,0.9412762848724247,0.237175450497876,0.7325459891608121,0.18017469620279905,0.7149779640184689,0.8607431911722704,0.9775766492085649,1791523385.0
0.25890284686258525,0.9924658390730284,0.5082248531751946,0.3496308916933608,0.9558975467140529,0.06050517518371268,0.6362698130216139,0.48927890997153856,488460304.0
0.6601409269523284,0.25426283141716244,0.35944925173300046,0.9779814063118989,0.14463847093664006,0.4226392839921999,0.17162338789973264,0.5420321476225618,1935373255.0
0.6327973847416745,0.49634471144358727,0.36190577578974176,0.0641725716585052,0.48747980939352487,0.15330674658071664,0.6924562184234954,0.8833928773961632,583973742.0
0.4679937067372012,0.5278290958668801,0.02367370677067182,0.5475406625250825,0.5803365623584085,0.4703946187248369,0.7391589117081162,0.5366894519578973,483107786.0
0.33615070087813653,0.05321089197622153,0.8323184443853958,0.22531429935902944,0.5080648566111124,0.7639898590143008,0.9142707556317315,0.5246787980957174,657219027.0
0.5803026200862244,0.8038324739153142,0.7669371360770832,0.03625331677924459,0.8045670033082343,0.8937842863902444,0.14260976109176737,0.49604294684555167,1462478901.0
0.6487338065817619,0.3325942883240696,0.007497584650142051,0.6370497155587458,0.29700006341111046,0.4345591940692668,0.4606700680341643,0.9297239997651027,377956169.0
0.3827504352860903,0.007322701432540658,0.8780875047522598,0.9826012378876616,0.8693969009207997,0.55468801740912,0.8013866944330533,0.9785890968537981,8358078.0
0.1444451018907121,0.5536462686654676,0.6351722612509255,0.7869635111786848,0.753287845626203,0.5336212990166851,0.05673962324389881,0.024518318137678352,1122754367.0
0.07870095520158683,0.6055113051665382,0.8622630859048017,0.8911957048376397,0.46161652457883057,0.9255758877410212,0.5269609313715381,0.44828414334881034,492982068.0
0.932397008924498,0.563479264922912,0.9868100087783078,0.1280408562172438,0.08948805418386363,0.104799284447458,0.61907560999083,0.41441949518534704,2132428722.0
0.2161850047275745,0.8471594899068058,0.4281751263614168,0.6932624603063233,0.5445039441360353,0.12478324863170787,0.32084705624745286,0.20864877947525093,1882195280.0
0.07387952959531385,0.47786216697565265,0.8813567571514093,0.6480424288841375,0.6361867577200164,0.988914385434083,0.9614338588613612,0.6655199149237078,1161414326.0
0.5251920608060638,0.9782624533154803,0.6113261459558775,0.6468759674781926,0.8230622887335143,0.6969095081295019,0.26087884647151716,0.37489736158624287,879365455.0
0.18508793242126964,0.13700708433033804,0.6071480832110556,0.9945429206707836,0.8722520286114936,0.5977302609711841,0.5827694347061276,0.0397299685346928,1468031019.0
0.5251223379860506,0.9909499148229896,0.7051111995519506,0.4769184281937087,0.20642772508481463,0.5002604006999577,0.056818542131469085,0.48428659527954376,98601984.0
0.06351816747722927,0.7593686157637752,0.3928308129708199,0.7373122609312365,0.36395550607826815,0.5343779452928497,0.9557250519974755,0.7737721175045171,320604104.0
0.9749593194934592,0.3968221736489164,0.1839708519810348,0.2183942076144824,0.7149162753780894,0.9667645129297853,0.8283603256405262,0.7280295389417568,1909192319.0
0.0162589684991995,0.43207304418783776,0.26786058549842995,0.6722291322247762,0.9752630637879731,0.4582650796985238,0.6528690163263934,0.307346288184113,1061056357.0
0.11148235037440236,0.4408069434381814,0.5994299994946747,0.8172114813734295,0.538033067966239,0.833648562916668,0.3081237216860907,0.346940213299038,285335066.0
0.33554242732128947,0.32408551059532886,0.16629309253797653,0.08106567386548058,0.11426767511165647,0.16187414015039425,0.6812718928859993,0.9564749909099086,1652905010.0
0.2690643062510284,0.941325877424054,0.6311591599055422,0.8122763086327607,0.11621022230174292,0.9509073275558289,0.033168183978863564,0.4816513928024863,2113666546.0
0.17761753552114767,0.36258812133158225,0.9591886826474211,0.7741895067072732,0.6345656924396439,0.7460563610916019,0.7544182436563858,0.3922677870474603,1866218060.0
0.6282503226486276,0.9759747285377031,0.6669390918370394,0.5194643053399359,0.5368255548108277,0.6075731855959915,0.7954253576946717,0.6809253171892116,214830385.0
0.6880242975966236,0.6219094834342601,0.3246240854552185,0.12468514635098182,0.8349280018059235,0.09407915345654606,0.10954740292876965,0.3516904058363042,745990867.0
0.6052516525710765,0.6808007543042989,0.5874319121074739,0.5977566654155385,0.32400936886606324,0.1931509300002091,0.37044123252771455,0.08565656297371949,1453648706.0
0.5867873669143515,0.19999624837275431,0.40210530293497193,0.8991159312206988,0.6092955480036112,0.27785677361405914,0.9188603650526624,0.07460912673835494,325183158.0
0.47003350356059,0.3668448804842373,0.6470716795835981,0.23647029421613808,0.5199230361120596,0.733905670848829,0.23403004432004135,0.5887842362802268,255914724.0
0.9939091709635384,0.6633477467769585,0.525721919457929,0.9123387030574601,0.4314112086013256,0.3684696883288368,0.8041617303575842,0.1960522777157484,1751740355.0
0.2276271514604604,0.6188607056622155,0.5351025725380988,0.2257241316692563,0.004653627137556349,0.359072117524868,0.23402901658731376,0.8598028394068288,1235815875.0
0.44766524340743485,0.007801407799420289,0.752277843166088,0.7192349978685689,0.8010476174678739,0.1457441485309073,0.4206174948592215,0.9495352497513102,583763369.0
0.9580336516744755,0.9330504572183015,0.26475523108375454,0.6740470728785053,0.13423995615989393,0.015906969808093585,0.30134400279654283,0.4277616518776233,1669493934.0
0.2653986632520051,0.6478445798830229,0.130815856309222,0.17820184571502462,0.5218970744148231,0.0466751655490566,0.681305112152108,0.9128012804076856,1057110205.0
0.17786442618248888,0.8463590294172508,0.30824211882478103,0.9701728163663071,0.05339332504084127,0.6830841600814347,0.8513876740851481,0.6591713100772967,2099919664.0
0.8437537812487107,0.7111313853495466,0.9603643866958549,0.8242420397605753,0.5390003396582096,0.0868382444186847,0.6930743935783356,0.5930307200327225,685986293.0
0.2006160082281765,0.43448886949292154,0.6197950634079141,0.41039326333245846,0.8529333120314224,0.6525245723027703,0.43744516902013136,0.9790401244364195,673952763.0
0.7700441047437218,0.17033422444110355,0.09660447216996815,0.809070652458633,0.7266248125300058,0.7851599470096663,0.7527895058291758,0.0283160871410284,1776170727.0
0.953030998985738,0.3454516906167896,0.16758385962076183,0.11637946684874378,0.30229106764847485,0.9367819350670843,0.4586051518577573,0.6499127973519413,682149248.0
0.2936859250480868,0.9679997075490496,0.6502433350408948,0.8186629352620242,0.5933627666843057,0.737271649748059,0.7705421883262564,0.12257687579062825,1328196482.0
0.5143947810941699,0.6090998053651315,0.7419503775055949,0.7038067617003134,0.2507715330463497,0.07006375142431565,0.2722317346599712,0.4106288565054164,1088387323.0
0.793005025754141,0.23757528720264287,0.9582691152493161,0.16546339346797323,0.7695903096766777,0.09069205388105249,0.8066064679809278,0.0001241817094369546,2006309001.0
0.13416723893715243,0.888411195654854,0.6629849851589203,0.023368303162142667,0.06183437341674147,0.629685535494413,0.9266695159187427,0.09741542883503984,360625060.0
0.6618082592278951,0.13340905532643554,0.5120616852749292,0.43618391079100344,0.526298975072241,0.935198584650872,0.38766663377748944,0.4663785757135232,1520418921.0
0.11199133296810748,0.9616912180711203,0.5320859619403535,0.600586399938554,0.8311205787233875,0.2118915181057092,0.9754025942187977,0.16155595964101463,13969565.0
0.15068028271558964,0.010208027892502969,0.5111568156813544,0.16766045344102964,0.2742259319391859,0.17151351166580286,0.16262199927645105,0.5774468778710253,1505372770.0
0.9964860410823062,0.289940681855675,0.21634128921576656,0.967420987414413,0.9557381336270256,0.9792987509763896,0.08063515381068785,0.5713689669099621,564524902.0
0.7655002492140371,0.38671079990098256,0.8637412337656927,0.8034142056239303,0.659781137670706,0.6435065121719573,0.11787995642584392,0.22179413248457824,1464639942.0
0.8282457961115267,0.34686984817651845,0.2834592840589753,0.5836967543350916,0.365602872753494,0.013099884414521144,0.5579974762583666,0.7293146222794795,1457412440.0
0.14784367655651443,0.7942528803264394,0.9351514732405459,0.08357150687068947,0.10567618502346188,0.8259544640130309,0.7341420137279471,0.04542708961207764,2119451168.0
0.2289726333465839,0.34203350570281377,0.4227520703964925,0.9152657926256211,0.27562016119490806,0.8738563520071091,0.4338854939826693,0.3564116365066441,475784498.0
0.22466480076062853,0.870579990860537,0.09859071422408348,0.6969635025687329,0.7389178969188608,0.8644927252359375,0.34162601569162165,0.10531923918255724,771782682.0
0.10119140084966438,0.27360640161095506,0.7838617415511235,0.05767372498049517,0.6549372981186306,0.1604236328496771,0.505322369797642,0.8043180392678755,1623288946.0
0.14927638889572847,0.8273050091741619,0.49261974015982746,0.5755539768109494,0.4296106703177506,0.5565367058920839,0.3386581042695743,0.5424821611300045,1531038310.0
0.5612470629023406,0.349594735637507,0.461628579377592,0.06211202942903948,0.2239151813313676,0.49280899652833554,0.2056631984859948,0.6501317179230913,1640488978.0
0.5530023819446819,0.14086314724793603,0.0974915115577204,0.2908928753752654,0.46793884241852457,0.582604029164454,0.8251227385992913,0.22555984643164015,198926770.0
0.15131063677544643,0.774471395480033,0.7543972769285588,0.864241766901059,0.5841658299656234,0.019497964244518103,0.9994792557219104,0.45142150367052264,652588212.0
0.08763781822651406,0.6552630839962184,0.8185829484622252,0.9451934351813315,0.9384813722572845,0.988104199232759,0.5335080982718821,0.4469958675941386,2144274697.0
0.19716125749688737,0.37661500634993805,0.7213820789962468,0.42029099183922486,0.4066885351726075,0.5074626112409806,0.21593798479005052,0.03580738220283597,1849672064.0
0.8436773708967454,0.45470257937405617,0.6502267106370592,0.3797368973345526,0.7128276681368677,0.6038696966335905,0.7231855415723086,0.674425566741837,274312403.0
0.3620754147017332,0.9859005337187922,0.0011829079438221424,0.8355180558203698,0.7375013778281302,0.018779406925706787,0.8778594971092166,0.3846322884988027,397220653.0
0.7180978696451423,0.6692562798102398,0.8798620798966078,0.9897949780708732,0.1300100998243402,0.7268624451546832,0.5530607365543205,0.07984009098930023,140293953.0
0.6914022376759048,0.07646370969943561,0.8100818284686504,0.6395007762001793,0.6528415273246988,0.23432515192310688,0.07949055807200445,0.5402226491563444,625494056.0
0.900283380047063,0.026393556621294837,0.2757830520185616,0.3237140352746687,0.7881824355006232,0.3528958330598818,0.4498468299246572,0.3736644812507354,1431754936.0
0.4434267886225228,0.7817357686463454,0.6756311660842771,0.6435822575974128,0.42952710817597983,0.8873578939021463,0.4992141426082925,0.9798805492762966,977521600.0
0.5117865739668273,0.4307022578270552,0.8511688058735235,0.7873887678482102,0.9327694195216328,0.06287152203078028,0.46031115558127345,0.7685759000347316,382537065.0
0.7303609404154301,0.2620352425609107,0.8935584979692096,0.554386248507069,0.027830438346575392,0.8518224527257324,0.6516979684915685,0.8927195545415555,537072823.0
0.6075764567534536,0.8769080053964287,0.5974931503021712,0.3356310145140595,0.9536696801867928,0.4812104604889568,0.120842643465369,0.4356215742066857,906537307.0
0.556149289429597,0.27473417089393626,0.006593160145846211,0.5269429542830892,0.7516008003756816,0.8234470882046435,0.12450036790754504,0.18566333308174696,398631906.0
0.9630080573745197,0.9565697114801601,0.4507862855486867,0.8046366157843216,0.29027117277999526,0.44753294342912314,0.9841210911200384,0.021425912215225277,1548658937.0
0.8225124128491152,0.7874571464855444,0.07290687526618611,0.383521284765052,0.3284364531679569,0.36196285798747874,0.8020697245911089,0.47569344415377907,1232852471.0
0.7705526849622107,0.9833405191092592,0.323037144521497,0.3694209703491455,0.5102254740728076,0.980882073225876,0.2195681613271264,0.9710063858402035,555933941.0
0.3987534667191536,0.27314191653227626,0.08626241269643498,0.17547044994320082,0.1431049139399504,0.3785110261104071,0.49038245072535297,0.19593366456936437,1597985152.0
0.9081042559730608,0.9440344450092678,0.8540268205096229,0.6305492079319643,0.604013035678384,0.31170194102830245,0.4859488236484388,0.894553607277976,1347212309.0
0.6356285523536127,0.23442374473614025,0.29784163701131194,0.46197915013988455,0.42017221944751537,0.8962856065196944,0.584330522934299,0.8809453879326397,1211563981.0
0.19214008242284,0.0540843202029293,0.23590679557668603,0.6975316248674076,0.8206435293997307,0.837633999919259,0.627427071516766,0.49838718006415533,1334495974.0
0.76084563770609,0.9271133895793174,0.5476335532783233,0.38319945068690214,0.25405804278584054,0.2684365147730689,0.5603472727010076,0.11304206856054476,821502246.0
0.5424269586269764,0.06626064360891037,0.028752717252795375,0.008709957165875193,0.6726546566503705,0.2796951926462754,0.6410760525025084,0.5775780022627656,215381850.0
0.409014086598705,0.1318155378534357,0.7795291832670966,0.9727816362938765,0.6893510767066398,0.542288463714948,0.22056423035382333,0.7299454213477066,990350961.0
0.2580787485985424,0.23045850182896832,0.5432842509541941,0.06800502152592813,0.9154898113409299,0.5401211468082212,0.0750661748139223,0.8354691792278361,1664307788.0
0.16605101044725235,0.7736943994213522,0.09773766154011376,0.8360033897921827,0.261135652454065,0.44452924262619486,0.9067403207620106,0.8152073512417366,2032083751.0
0.9062989959527232,0.07119755153197249,0.2538689647058862,0.9585312808374088,0.6191788667386524,0.5329553448771243,0.9522178647808835,0.9220244787222176,1448779679.0
0.9226122497950991,0.7348784289485332,0.9555348639514936,0.14244292333182051,0.877778958203465,0.9234705124605579,0.4254511741663136,0.6614053979192693,1846497174.0
0.5539453726874093,0.36033979217477347,0.671417862794956,0.8090355033499875,0.40707234756221217,0.9056467327354892,0.24457752088434948,0.3617847732332376,1233488534.0
0.2948692457492359,0.04015251325739665,0.7312747278121671,0.7503999655675568,0.5725595649344016,0.978739414470235,0.42579560881502526,0.9108503906372274,1126623626.0
0.3313366946244135,0.4448341285458871,0.41335132198638663,0.7899035398487605,0.0908687003483285,0.9535588303737704,0.7830451959154432,0.5435547897435702,1733247651.0
0.0075257512475573884,0.18228550631006332,0.08037116705665748,0.2786413678995652,0.8203345685819654,0.6990699829843712,0.6655338569307528,0.8438770624792185,737709867.0
0.8756742876733633,0.9597228286426552,0.3852372733652843,0.16766014215374314,0.26225569773538226,0.7546772243690073,0.8320002350463307,0.47962336596636246,1413202390.0
0.3873924925882919,0.09127530828506392,0.5512142295583161,0.448049250027414,0.6935747789021364,0.979490226838777,0.7896230014977702,0.7618691915370404,433549254.0
0.6338518469494596,0.35433468858755324,0.025025504811947426,0.7247387615116935,0.2520960518112716,0.06336439997737808,0.36620354331440064,0.8841836806107373,1503026580.0
0.5588788559248218,0.8251650427021047,0.475864938889797,0.281100147616113,0.5063076576026588,0.7001193278523872,0.45509969585898313,0.9405015179734608,1056275097.0
0.6671838930332389,0.6044712507264631,0.44797095912283,0.31261154763988097,0.4657360809397168,0.04386256824383139,0.5036543676273819,0.7251309687152987,376834447.0
0.1326623412373792,0.9255698692417008,0.9749553130759663,0.596662493176772,0.5207899329004432,0.5782907624099841,0.4321007060571296,0.2202342639560343,1334464850.0
0.8556138949253534,0.06336150634814375,0.48355219911733627,0.09422122969619773,0.5208186027045841,0.9907325024086608,0.4630750024678647,0.7812756894452568,1925521164.0
0.8258365918676049,0.18810247071474015,0.6182509914950931,0.43841941098671566,0.07643755570513076,0.8213655613419211,0.9665389304283832,0.7462294565428029,209029272.0
0.20961856684134247,0.7255105841690915,0.675946119189256,0.9060612843904617,0.3290918179808696,0.34677383873028367,0.9645221941127352,0.7650645400390563,1092662007.0
0.7954401881502313,0.3258694937243415,0.6028547684139516,0.27526895259609485,0.6968636403455726,0.1428880832743118,0.980539895758457,0.25158176493658657,630778411.0
0.08198176908178177,0.5603761605935067,0.601407864354327,0.47267393230217614,0.7262829606210025,0.08250650527311663,0.2760216882956128,0.27715524422931326,580217492.0
0.6839035459268722,0.22671799084070407,0.6320826454649755,0.5037921677180996,0.0409891647488737,0.6450535172171185,0.38432230516649973,0.567300534465018,1238652936.0
0.5715965817351074,0.4511658715457396,0.6311770022811672,0.9924406191911411,0.14185638315372706,0.6209038459746097,0.3698232941675264,0.11345753071281472,180592111.0
0.9189629473170322,0.46074109895566384,0.9858325621423466,0.7157476861546779,0.6951046161591147,0.21462954005575208,0.5764000107522049,0.3261161859268764,444176406.0
0.846569881058472,0.8451621298418963,0.3150931414615483,0.8178586395823334,0.6091042291774132,0.9042036223274923,0.5173616933887649,0.024066468567307764,1811615014.0
0.7783508792606608,0.4521753785824368,0.07778400047066714,0.16163090389664792,0.8798710849974496,0.974915083933432,0.12938449345292868,0.5295724308302872,126350792.0
0.6085188573662933,0.0218200218198954,0.4808054693227231,0.011207286002390626,0.34615444112126925,0.335739046449442,0.1811676096560344,0.570092172068826,1469393431.0
0.2025898681345352,0.7548405725712575,0.015697254135984884,0.6863025856214471,0.4894167948506816,0.19105579470170253,0.04749219465069943,0.3307208786195175,1051572111.0
0.1786834224326983,0.15633120134854417,0.5271249338955306,0.3695708196521504,0.7228925772712561,0.006928830913887296,0.9525150944851223,0.2551365962427764,1173980865.0
0.5632448536055313,0.48717017529939194,0.7124436337171003,0.2715507458042583,0.09991016818125986,0.6651448493177496,0.6012275971676523,0.007328066699353929,491828600.0
0.8546103279508854,0.38290535885489935,0.7502592209022682,0.9359799993817104,0.24151405077758936,0.05215769437803841,0.34589570845339146,0.7030506989791196,1657173549.0
0.043204176760105455,0.8801564056165885,0.203441151446382,0.9431192357461511,0.6449942664848618,0.032212354054976355,0.819412850016332,0.4984705356205453,1365305126.0
0.837590248433967,0.05244881771393484,0.875507392623785,0.7436789149368205,0.6972803302954488,0.3749719597287,0.4548340362191608,0.07769404619480358,1232968125.0
0.35821414421622566,0.3714082366932577,0.9474111872338952,0.8527372633646464,0.39934620897979867,0.9632921733163337,0.8268458749227936,0.438402285155261,1014388055.0
0.44065686470451854,0.3021137442142803,0.5238557370260022,0.45116728117407173,0.5928038656831691,0.7554221297353961,0.6056200658375561,0.8073303979981526,598224400.0
0.2045618497288778,0.9424464696715392,0.01983462818440862,0.009858656037276868,0.15847957034306748,0.5404197760949107,0.8041645031377848,0.3153143832987608,2081204254.0
0.3030575319143042,0.9655627539699958,0.4219772500885615,0.9263938634878712,0.28798903885071025,0.12693277428241412,0.9911030510499779,0.6774237046416897,912974436.0
0.8597953267875588,0.33356456117859623,0.8519448360717059,0.6239951907186796,0.19699309719122593,0.41305441323713193,0.5133504715710242,0.4696118987642167,1325816333.0
0.7632082293557761,0.7291210521437509,0.7561884480472452,0.926901476747836,0.22022260097835156,0.56170488501936,0.7954767109129155,0.5577501084008885,682430230.0
0.29883287925958607,0.9498457058619728,0.25767593329217814,0.4167948429524861,0.8209196823366894,0.8284436280917047,0.9164165526351288,0.6839870854370766,2090314914.0
0.03127803772090598,0.9720331070697544,0.7259359581112564,0.09407924171077421,0.49909994925555246,0.6112694276596897,0.0953761466686217,0.7234940705598877,372661332.0
0.02673101321673121,0.354644834574978,0.6863926768275395,0.702328989536194,0.8274260451715165,0.0890794937821292,0.7546191222765014,0.9083019128354186,1190266102.0
0.731375222006944,0.5546992495666052,0.488956261214936,0.7983510860373065,0.1835249414085476,0.041412423910813234,0.772035706955408,0.018750060284727033,103076103.0
0.43473664701750026,0.901136514968698,0.8657300515988846,0.9253312625677284,0.13468553448051687,0.8594737781025974,0.10044775239966464,0.3662049810400578,470964875.0
0.5302283564822695,0.8293156608957651,0.6529852207769783,0.7591396411239274,0.4472801187741568,0.89814266428372,0.996306801420964,0.5628668488266179,764675461.0
0.06550389993437578,0.19637526917730183,0.4573917128376032,0.8679736445783724,0.6913633057049404,0.3494222553616866,0.5404795609100573,0.3481004545024162,458331529.0
0.48956381197855103,0.5221371553546931,0.20222056574600344,0.05017055596733799,0.588295915920772,0.22300504755594697,0.32741802392704744,0.1348336830490192,2052402352.0
0.8531437724589438,0.6356950245978477,0.17082710052577554,0.7807642155790769,0.4943183332901085,0.0021511082151519645,0.5800471733354385,0.41844547984659936,1662925250.0
0.2254105401520904,0.41811056336917074,0.37621834547003896,0.7929367094381181,0.9681926516053248,0.7859592160187283,0.7493092719554456,0.3691662344841612,376695570.0
0.7509592925986147,0.9590234041729268,0.8231584187929165,0.8908123559779602,0.05486022490668041,0.9181420890725096,0.9734096028991296,0.4743328011490078,981103417.0
0.7904039590866438,0.03770411988826272,0.8019701515663544,0.8230707966482556,0.6797184029318866,0.09799359400059603,0.015814699198474336,0.8141470146041008,1611613875.0
0.16104557301946543,0.3705519936655615,0.5850922259291654,0.6444038457543608,0.3716380102639173,0.5647524442454337,0.6893708998176078,0.025035656493674226,1772178029.0
0.04309799696211592,0.2075744091033015,0.6698527747243729,0.9021108151184768,0.27364560592634607,0.4658446086931374,0.3900238594077193,0.3381776147798714,1446530836.0
0.8211130444892386,0.7457847827270142,0.4890148481103124,0.10213105751489848,0.8264584563887728,0.7425303788120019,0.15981764620412142,0.5959595345439548,1888247758.0
0.8342212745196691,0.8632489517186814,0.12025209998022024,0.2095700833561912,0.48742894040924567,0.12751820374463174,0.16653703521159668,0.8257842639334061,155231726.0
0.09219726096085656,0.3059286511401559,0.16865201452551315,0.4090737529774051,0.7666934801940547,0.957379283656889,0.7185866688479243,0.8003794509653107,632733163.0
0.17190032591842308,0.07841692232046092,0.49158760703215687,0.29550694581271697,0.9352701306266512,0.5125182010954569,0.7208721888514321,0.06516756646965971,1678968719.0
0.9650016100558536,0.3503098361979706,0.7596724068331467,0.25187009897710777,0.5224938807342859,0.9326973839723336,0.3512208335536823,0.4946003075487492,962458586.0
0.4683620345320568,0.5012958468768639,0.023864863342232256,0.03092632246869276,0.4155351808397794,0.6573076685491774,0.20050848528261733,0.010589659788523552,256069608.0
0.5085665816827328,0.18146274920369576,0.8916383042868298,0.17806251302957654,0.129208297416899,0.8882970652489752,0.027322195568298176,0.10989719488985727,374360715.0
0.851118250160887,0.3018794520519992,0.972244133173232,0.9933157831139153,0.8192898385030409,0.6198078191944386,0.9924603401907692,0.010492505738984303,667561469.0
0.4240196941513973,0.4443151802955535,0.7182964808830357,0.3143962148747196,0.8665393059563861,0.7370085623856413,0.712515207413845,0.6359429774051024,353096176.0
0.06152339816001329,0.012595029645163458,0.6747018920380284,0.5324412786987719,0.34918535184496413,0.8368639416371069,0.4111928068116136,0.7792855540836015,1400670426.0
0.2671265125356427,0.9452190213909818,0.06497988761547513,0.4983292452064935,0.8918877169314005,0.6307159365084261,0.7445626307419769,0.7551323426246197,1275613458.0
0.353346503512776,0.8698737629696528,0.9712777762573888,0.6835069252146163,0.6210724967930862,0.8394525715536042,0.6676515566701018,0.9447105106491662,1857175716.0
0.47374909203861626,0.7232780300918207,0.5403332550125532,0.012126075185073248,0.7513269072679486,0.13701465476212235,0.7927090450867857,0.8474922699519332,1736135347.0
0.372625332460924,0.5070561885571128,0.409040814316998,0.2846921693591984,0.4229020281218412,0.9950163765867923,0.547546356665456,0.8568270252382982,599564161.0
0.6394053110227848,0.011241361016788076,0.9007184057567376,0.46775394954014426,0.6218721553486108,0.9030536562223288,0.8950152896480037,0.15063069332661927,1353843471.0
0.5535958789348113,0.5825779791653753,0.7735325902052705,0.2895271360515468,0.4986418907684622,0.8969961922614041,0.4535328133132274,0.7128765469107081,48867913.0
0.6402594915921064,0.5998401995233146,0.5584845243538288,0.8619171953879657,0.8831005880389599,0.41258624722749737,0.3443277315027471,0.3394080888244373,2039596710.0
0.8566892813374202,0.2660852790035725,0.14777257451973247,0.3432631224000283,0.6829795482368042,0.15796890556661902,0.5991663342753613,0.25216109327295866,1303518899.0
0.42798097544534486,0.5146659318195325,0.766979149635036,0.14003360232394624,0.4328260292691617,0.6288025328194934,0.6784835325991073,0.7866329788733158,729789365.0
0.984675130384944,0.13199745368709337,0.3085559836873685,0.08439914169573971,0.3910289459726478,0.6312367272746656,0.5142070418995283,0.06733090669914132,1191641371.0
0.9828649200862009,0.9384598155804131,0.7464511335895732,0.6612978895606084,0.595310279756844,0.7672775681699164,0.12466434213493648,0.7536027629399606,1263822224.0
0.44866898862497706,0.6698525615571406,0.17547820684059456,0.5299647667501788,0.8184193371746585,0.8168801962488209,0.8318499259416854,0.840365947782124,1122368729.0
0.10552639574422028,0.6331842495335509,0.19669940440728503,0.12237641502182772,0.35592523189119774,0.5320855182833637,0.4321669688104434,0.19745999797916303,675060752.0
0.4489014318035668,0.1585160525469712,0.5561881918404399,0.9145440566806947,0.35066360278512654,0.3889319650310428,0.8289257755604099,0.3910287888930152,2038412814.0
0.9607634461973331,0.1441110132490605,0.043718787836815376,0.3396196339006191,0.2889806962190147,0.026834449287750136,0.8607907126366041,0.1308342391773187,1013778275.0
0.9772422073398344,0.8515098931790651,0.8323180851028574,0.09074471499692383,0.8746766037773939,0.30318720962005286,0.32694881419248345,0.1270088334014322,348264357.0
0.18991749326668547,0.41149085129506113,0.673349421796406,0.46573300529249184,0.9716497558901273,0.7796779508167166,0.15943883615397192,0.9249780924411752,467894150.0
0.5364846768502868,0.8473584922412067,0.6591674560402235,0.012764844131939788,0.22242149348952356,0.7526742910967179,0.4263313223025536,0.5935486807662218,1680106782.0
0.3016683937037952,0.0957271206800978,0.4360428676477214,0.06421905199820344,0.25404530037120343,0.6517749862705265,0.8940111472352323,0.0859749798256334,948571747.0
0.7249790667613174,0.04740839366931815,0.34389470823795043,0.8405712670768973,0.6854798808889638,0.1820783378176427,0.8235306319842183,0.1557882357831164,242657388.0
0.43842545599605215,0.713103190285936,0.9751473693415597,0.679196958218967,0.40277827169155533,0.9867550766742067,0.4516216536911206,0.5157260798210654,1071006515.0
0.7379349988770438,0.24407089306773777,0.9780350400700158,0.8015697609840163,0.8622140752812318,0.7078889010562934,0.8746727938795267,0.12016709808685457,1527678586.0
0.9568576945982828,0.4682706627475341,0.3602765582502732,0.47442455194460353,0.7612494725924267,0.5630618157893779,0.9861091134077251,0.581724360100872,678433245.0
0.3761482688508496,0.775977484850331,0.9731219677047072,0.4842568252035728,0.2086983601505021,0.20603544919095573,0.6968212167178348,0.390416540373954,1408961191.0
0.49545937065084095,0.2078901509763917,0.5076164009816477,0.24861230590839567,0.8087026867959638,0.35161678978292954,0.7604008737580058,0.42115487659230166,1051833593.0
0.6734764317120737,0.7583250303555846,0.44925373561961246,0.14593634611746042,0.47076508075015405,0.1947852774620568,0.46504187656372775,0.009339216148027905,70600951.0
0.9805413316604019,0.04635358322028216,0.060671257480644496,0.8041369890897102,0.33517953801987854,0.022663639602871433,0.0067049102269656205,0.8571222747896903,1336807896.0
0.6399179508727864,0.5117634039275105,0.04019707918392357,0.7130508704843093,0.5576844745810422,0.9562709120368256,0.33398554381764894,0.4806034110390067,2067914918.0
0.9083774910841352,0.3761197732383297,0.3266295433427736,0.6441971231032444,0.22650066344733355,0.9535481603497951,0.003367106066160752,0.5815795795234672,323682874.0
0.8692275083991359,0.34375075720269455,0.5077097699393366,0.08088274282869366,0.8558146489998126,0.37928021830048697,0.7414060598769715,0.00025879933521000265,824078381.0
0.6065412121193061,0.5801821491534167,0.3221943589864026,0.2171913069301036,0.4505269857305432,0.035711562673816144,0.008845628719609921,0.007765261496844755,1109177477.0
0.4008316852781365,0.8617690074754758,0.5625864361379789,0.5036878173497691,0.8537181945056301,0.16080746171906068,0.8637940197322524,0.03922360045245799,26451443.0
0.03929689709372708,0.6826787826992424,0.20539393055561872,0.5514197390500414,0.36651814704206753,0.8131742748465158,0.0985610189588968,0.1046806756836176,832089349.0
0.3856996099217245,0.33073381487055664,0.8163449159035501,0.7627248003196878,0.905305842336227,0.64540880260845,0.1103169103701227,0.6095956014005827,174542489.0
0.8444982315879662,0.7833854818809923,0.02922003716972854,0.9007512636121213,0.3418430953831343,0.8163489068827997,0.1965906325910444,0.5003292068482011,1414175298.0
0.9148420666361149,0.8383305400493731,0.6423775693914053,0.23959950534480856,0.3444091925125992,0.035673985573325906,0.020575869422893574,0.400845998332774,872334790.0
0.23493537482784588,0.8734435163579953,0.9390097795144992,0.052730148750197214,0.48019212884023194,0.9139378645604596,0.965204937978531,0.013942418037470872,709652334.0
0.4959662263840912,0.580432826130216,0.5453479248412706,0.8313575199949454,0.7149017269325583,0.3061100678259183,0.9060126856435424,0.3645767775798129,1836709727.0
0.2710931195521963,0.6661294920706702,0.5064233850514928,0.07407701578948733,0.4585983826970669,0.5957008290543065,0.7242100011171271,0.6908024071483784,1163353501.0
0.3098234356124889,0.34017437378417514,0.04181528581738103,0.310129260403453,0.6483590579216449,0.5658111056550982,0.1225008247904138,0.9856864896581096,1836234718.0
0.314984963618544,0.5963005601141042,0.4239029125097796,0.5403817890605331,0.5095077399338404,0.1441525776124528,0.49490022752022544,0.613760605666754,277047164.0
0.305451247744872,0.3320983532097119,0.940060348691858,0.6087101294229363,0.31457046355081186,0.1834663049016716,0.2362146660327236,0.5427475855007031,473294373.0
0.39684730259587936,0.5829484574562833,0.9872127298885184,0.988666909457632,0.6932842048762753,0.9183629517951779,0.72923169008629,0.3570250338583433,1501222001.0
0.9079887758309841,0.8503675919991086,0.9293133694105375,0.48826065423953946,0.8577477959907572,0.040416141020640506,0.26889325477423254,0.9770801928215227,1770542276.0
0.7558455871203794,0.05011833902216878,0.838943873189886,0.30633270074354013,0.22665119173458456,0.014924726480232796,0.1550576666012603,0.7903556053320113,417799574.0
0.44115451413589934,0.7277939788298594,0.9595960194162477,0.4288102273800968,0.5765489936483068,0.4396006610720068,0.9126543636041783,0.082673765953714,1433161955.0
0.2737821450309722,0.09411483297105792,0.4314404290606587,0.05045911621385579,0.6313320412879537,0.030064876940765983,0.6963955061665121,0.0753688539977867,1854293362.0
0.9514191123727804,0.6938840982209296,0.3928541615126936,0.3057135750109623,0.5233841501928764,0.1998657170903606,0.6648879801036064,0.3026399302275029,416732638.0
0.9232551039072284,0.8490313538735085,0.6713290477700825,0.3523533208329792,0.3416557824113037,0.30383969422387846,0.6897394913280726,0.1169905588467356,331571723.0
0.8263042845405134,0.6472324813412976,0.7354349416758552,0.00040180252252364207,0.014207939514035206,0.9093813051602474,0.034150136660074826,0.5391550383440404,2120008280.0
0.8461099493964862,0.14729042047695573,0.5627659161218511,0.6840818858524189,0.32101731708468306,0.839397599286042,0.6131909088537644,0.31090235644716047,1767373133.0
0.7408038378500363,0.5931786004373552,0.6006914581736075,0.8326317867057701,0.009065674788666047,0.32456331712506115,0.2561254376447375,0.02842262488823544,1738990262.0
0.3053888850386738,0.8500310548750624,0.294462130412373,0.8129273069955406,0.2784116562962329,0.7862973141192282,0.5970945702857297,0.10564786158140647,1714566806.0
0.8278023117781728,0.7387588384812614,0.6991406645099476,0.00505758964876768,0.4198037350654166,0.4333610765126688,0.45294944033718143,0.8231077656283609,1264666637.0
0.09285337347126499,0.08400170487756163,0.3410698611953121,0.10273913293155489,0.6228224421109497,0.6873255369229547,0.36281523165895646,0.7784935765813596,993965657.0
0.6656485512876308,0.7676037232164645,0.4520084847964243,0.4773763027513314,0.9315709788885347,0.18722115871428835,0.4165515407108601,0.7285465635973678,642825529.0
0.6063990568679561,0.5571614105781798,0.1514226064959517,0.8918759458971394,0.07034411387832451,0.21825440798587148,0.606029895030928,0.22619985057415887,2053215607.0
0.06421979696856539,0.13331471613397539,0.27954012955294716,0.6659151904703021,0.5695951057835975,0.07516350450531062,0.5440022093027956,0.21183743790857468,918238573.0
0.6067514613065276,0.43421871191391526,0.8670177677986727,0.8795278490401082,0.5284580881346229,0.43845685059684303,0.1777640948443614,0.5233316609210926,747606062.0
0.5982254891149587,0.590707397807498,0.6051927287002301,0.011833629631320952,0.05084880265192815,0.46979076346565607,0.058767189144310235,0.9699466971271203,1322147417.0
0.5690146036355574,0.7511926504491468,0.7194381686990767,0.6445949351799549,0.4442674210951876,0.2325645543862974,0.312139899759722,0.7561838423894445,84000839.0
0.5970931536133619,0.3097824401099364,0.22476394728142124,0.8818268225188275,0.21075144103949567,0.5696646997755875,0.06569024184743166,0.4211814461351363,467295570.0
0.5569568893535031,0.5983137639088384,0.9175067474372217,0.7929875567629897,0.5615507683766685,0.0032630329973810657,0.679495699264795,0.6850587359729523,523571980.0
0.29877250072885886,0.5365955163620291,0.41703468143544337,0.6327069538609732,0.7087583700456034,0.006390493220837401,0.5394996873042559,0.3915989123807353,710535786.0
0.9237363158236035,0.42610256603863456,0.7711627596788806,0.858101675413084,0.21817121021870645,0.39988337115757405,0.32205371424046825,0.35108127202976624,965006556.0
0.3286749844844884,0.28145135614306926,0.5395576256233211,0.4225836128622157,0.949618277218595,0.7986863060258401,0.5119735552135634,0.7537889065352865,1811769354.0
0.17808796969046636,0.2146897913622172,0.7787624470882197,0.6900904244996016,0.5839169496990727,0.342086250236442,0.7310664012710517,0.507074005248359,1788134731.0
0.275327559897374,0.2795017234944732,0.5050137296039928,0.5103040486963952,0.42272304888804835,0.8668732484183902,0.531836012314033,0.7814006534921075,339045771.0
0.8297006829534389,0.44334995081552087,0.24591938088059015,0.9212117323640585,0.23227452761029188,0.8931332572785805,0.41053972237997033,0.9557785123492644,1787424564.0
0.9124856454281975,0.6523913155972081,0.8508054979565427,0.8342321783825395,0.9612099733232838,0.7457323821589534,0.05409566130260468,0.7100722487157948,1450055960.0
0.9963837003921331,0.3701550769259049,0.4583809993771959,0.21559184359181768,0.9803196358197104,0.6951469498821291,0.2662636060525897,0.4245925076591809,2047782335.0
0.7502374382664859,0.8099344832887251,0.7978677947937418,0.38030462791181263,0.6269827500402289,0.2816058634964551,0.4725005105476435,0.12983975982289053,437433606.0
0.869936614811291,0.1094378629700402,0.5164268556251139,0.2315394805340252,0.9002829713104977,0.31270007453011617,0.8725377681879843,0.5305102592837023,20964742.0
0.4603303528938922,0.7524067754922356,0.3499053568084599,0.7068039989840704,0.6828482134541112,0.08535407438739173,0.09492556437631028,0.21657951551721052,721600006.0
0.05525470086882456,0.30021729160838473,0.721310819144671,0.4813026304907645,0.23830361875209047,0.8479987228122066,0.216594376868158,0.7165763150329554,2001152862.0
0.5638324630259679,0.5126005959533669,0.6516845773468487,0.30002142902895235,0.7021578888114325,0.6413127501610921,0.07079850063435078,0.461551746856196,1257157535.0
0.3061600130216091,0.7851571012707818,0.9050203193493782,0.7048007959629152,0.37131560535386865,0.8137622537731933,0.8338265056767734,0.8575825162472093,1363036751.0
0.8723115898765821,0.03638369779209472,0.4664802833778158,0.4139071728586933,0.9355649925039708,0.28660924444063407,0.2656136080623217,0.39160784950269567,1597200349.0
0.7784518793933652,0.28991255635639324,0.7459597635117493,0.15423833350636915,0.6843569964316436,0.6412049884569052,0.5428028673925479,0.2445114369150495,1719479407.0
0.05507098692710222,0.797865925601877,0.5366700393898973,0.9041349968527329,0.28226363202422533,0.40186359678347566,0.22423946146462992,0.6761084152849013,515607771.0
0.44393116507872393,0.24174412909125287,0.6294546329849383,0.5120908751011727,0.8747211194698559,0.06732383771014383,0.9365236793741326,0.6121750646764551,2008634603.0
0.10851989755658233,0.12792406545784074,0.8677579779554994,0.13950950409684304,0.7512797115708895,0.3925586734727298,0.9426095568780126,0.2993662618974708,1875808029.0
0.2609200332399061,0.9409837616216482,0.7479981912293496,0.5215853521316225,0.6050259967934094,0.2676162171861736,0.9502150600275102,0.5152360699878994,1141371167.0
0.6511029564027206,0.6468020490690911,0.18800593751426065,0.017171937806490067,0.6222245546906316,0.9164438957958336,0.4023028906202592,0.29351885290624646,1255829764.0
0.4578542649921039,0.33085078508790405,0.18477417761832804,0.5358103400889803,0.43002075422756814,0.3005605885139474,0.5155248127505037,0.6225216805377022,109498113.0
0.5697628249395229,0.7736133233818259,0.5809178926066862,0.23523475398367943,0.05276916481230276,0.6757772906580504,0.9411561854760208,0.11552097390479264,1702919888.0
0.9787189546228269,0.5280883374409712,0.18601460557387028,0.4238815629602739,0.6314788298612876,0.8647989275419236,0.2731802738421447,0.9584303738714792,1225851705.0
0.09344653188244413,0.20111882797335187,0.9165969274017952,0.3893458569802336,0.7086284368583269,0.6652403034289299,0.017267463011046646,0.24156507127442417,442649797.0
0.3626636426691208,0.34459378261658624,0.463599285300658,0.45318646083453046,0.6155071403983332,0.7000863328600533,0.7012280436126067,0.15240425770042565,1857474168.0
0.22404259077429375,0.1900164196950619,0.1972625177224749,0.17175413505933979,0.7185188960163466,0.9815293043115128,0.48974615400694754,0.02274696343532223,1045999549.0
0.35299148285194304,0.31701985365305885,0.738189177641096,0.5250057647956833,0.5405943850284181,0.2052658186776716,0.4941044010492232,0.5290009673698571,919649781.0
0.19886984732244967,0.16543630689558095,0.9832760136375828,0.03697612456380572,0.8381363174437677,0.7422466659794814,0.3070824765355612,0.0825804082586441,1699928313.0
0.4918874157077101,0.7294384468779564,0.5823892244110438,0.04730165697723088,0.9179044149302528,0.8814407666359485,0.7594037429368758,0.17899147414462746,1983380625.0
0.8090953195115421,0.730103878585216,0.2285792951856328,0.035090689489967075,0.27671488406181866,0.5129790601817887,0.8039651816745403,0.01570608799062878,1361975854.0
0.9378147551583969,0.1795077622613905,0.6604889673272963,0.861076786447667,0.44607958229138234,0.6255581333487772,0.5324228410106187,0.15688626773555348,887516555.0
0.5283091702161308,0.29288981219755905,0.15014075938896976,0.4674448013264204,0.5776484629120393,0.6142822054705867,0.5845903933647196,0.04566688879410508,1976681049.0
0.9239998714627295,0.26673729827875303,0.47660589903874,0.677498169335808,0.9094538632372846,0.8860363475740676,0.8761650977182338,0.7602147811148141,1190360160.0
0.3292755563078431,0.7788510746160755,0.20825104935823713,0.995838906651703,0.2939695612158614,0.8521239955599154,0.49507805939240257,0.9443735517090611,1788255260.0
0.8125827555052617,0.34971481219150324,0.12451624029926756,0.01453311326672102,0.11452573685589008,0.46109672627363646,0.808735643202792,0.7906475424238228,1953916506.0
0.7110816610655938,0.6439910906597037,0.6761559791720059,0.9271900137572631,0.9041867188621712,0.17047299421231032,0.910775711068859,0.5282978659288079,728553593.0
0.12363295866332535,0.4808749020046601,0.45425966231107817,0.28315878232533326,0.7035722807097631,0.5743024325733551,0.15695304348253755,0.5011469147708507,412795662.0
0.7092006863680804,0.759125761786788,0.2513573970625565,0.5594110007361521,0.9207284546085012,0.01746526215963795,0.3390189011216306,0.017160070017660067,1568453280.0
0.2870566295272272,0.3652733070726054,0.43055891080522496,0.4902489772596745,0.8094300350232579,0.027295365361323373,0.014012168952815762,0.7347215016618045,97973009.0
0.2735586994220712,0.20615960869679384,0.4750198064845986,0.9571585844917094,0.2790403504382428,0.6786519992897492,0.34325637572164625,0.03522623271907743,185077886.0
0.5059312309334445,0.18075613469765553,0.4880468060176353,0.17986363547072315,0.4097512645469088,0.6732847071925624,0.5035062622388231,0.6767439823222196,1069370187.0
0.900250598608257,0.8857178160323546,0.4567038504006664,0.956536757668166,0.983471314612486,0.9997974060188088,0.1464652878360102,0.7099908285052999,734905205.0
0.18166260821977295,0.9747931987068487,0.3717674510266683,0.3329625911895522,0.35459562410842593,0.7604217581049703,0.540043575009532,0.6394034526883609,184430467.0
0.002149674506142896,0.46059442233590986,0.6510440616424813,0.2854629681366161,0.012420553751826933,0.9740947969372726,0.4278675831675331,0.9694189397521384,1742338205.0
0.636438342558846,0.9453038247248856,0.33184373936521594,0.1787693134697308,0.4220305693054822,0.9940317695764397,0.11630609037844408,0.004538231787355129,786886348.0
0.2771047935119353,0.01696132669183381,0.7622670926138869,0.6158609718667412,0.7614427349608143,0.12113128038863619,0.04513554123261643,0.7630129013044991,1915536882.0
0.39282080271062153,0.17006340602434067,0.30871407512005206,0.12803104035041457,0.8723265962296582,0.008391445256440977,0.0766857619722071,0.7435062979034137,716300963.0
0.6955098266668166,0.0014705516151333196,0.04176031698651428,0.3837288409638903,0.01143713859709361,0.38583549570087133,0.654446005053254,0.01896510043123856,911526378.0
0.34341576362414783,0.7170495106245565,0.4789230780854383,0.9850812057936535,0.2810425528326076,0.3262045974151764,0.3337680286181873,0.4622079689111808,1905066613.0
0.8084040979306442,0.44499856531083887,0.8662538729653358,0.5888277677539933,0.059879492362373776,0.6696138061731765,0.46899344843927854,0.02009049456130174,1336128106.0
0.29761768048089093,0.07745369014884716,0.5016403632009958,0.5452529191932293,0.6238623066189937,0.9957296639397587,0.190429071799446,0.4980634840448167,185972731.0
0.17291024460669524,0.4363336579824959,0.9253135372961232,0.7300995966662476,0.3732650721854477,0.8601611772597603,0.31797482153315454,0.25216456535677967,1760238964.0
0.40154648300199,0.03465392248308796,0.7661467743096773,0.07656015545780448,0.5461469846741488,0.8483871792924872,0.95001872226894,0.35528790071746874,1975712893.0
0.7563240066054725,0.04663252466830736,0.5777011661667624,0.675999453480366,0.5409004639928989,0.6646992795290987,0.29396796740195646,0.0466251266660801,799484412.0
0.6139884530169235,0.019072845648517408,0.38608146360743534,0.6659362825412379,0.9723633382132307,0.40361215162591174,0.6585894424422727,0.1415157097038696,343701002.0
0.9673641715416617,0.8725994892088375,0.8617907057645222,0.5782689009900277,0.8349314531706697,0.251892073597046,0.6369068228597573,0.5551523527237563,1603408858.0
0.7989869537054451,0.6574083848075679,0.8845869746604595,0.41386904974509914,0.11431741022733688,0.1829324915539157,0.6829832484703485,0.2868541097593622,434319158.0
0.2220205166798308,0.742214681193369,0.5711889105693394,0.00924192918024469,0.29255714231319163,0.6302568708166756,0.4821413876590187,0.6947081939356793,1906252276.0
0.14678226831545535,0.6930499259316558,0.19302707126984528,0.3840205259794629,0.44152288960280567,0.47324371990713326,0.9604485940537432,0.18766782114279532,665301006.0
0.9146148350510189,0.1624550587875666,0.9683377394329032,0.609477867849274,0.6535915150765166,0.2157320564185956,0.01861384581060599,0.7874174904198386,829925621.0
0.25330443573226524,0.15185412837696532,0.479434650130642,0.8499788772225085,0.1004053946926946,0.36995913342228526,0.30942142765025604,0.9112035171060977,490543155.0
0.18164057751057627,0.30671559429511897,0.7166168800745328,0.22261208268711172,0.8594414213732631,0.7277422743515756,0.34016514426332256,0.32819454685470306,1793238546.0
0.4868580544912764,0.26403662055963484,0.017787463120370495,0.9355330385971294,0.2260765758374024,0.8286529669807952,0.8401772330078914,0.93858821294789,93825335.0
0.5746656617635794,0.19301978094957753,0.025192935331058926,0.842944705203803,0.9158564673958158,0.9749874827412819,0.043436476768894616,0.5087163016849708,20992757.0
0.5035721988721454,0.6423616206562656,0.25558936451252046,0.2935364784710419,0.5351077621885529,0.6510798166648766,0.40716583564937914,0.6457447122451083,546500673.0
0.010966781402644841,0.6355873589286334,0.3302020005006888,0.7434180834407618,0.12979238520672276,0.004778666472236237,0.6530372216158293,0.6078862234273199,966505273.0
0.36532519947479,0.6559091373073743,0.4720209311689488,0.09841772029361606,0.4533951727856652,0.6447126353890684,0.20984822722176863,0.47929785544233183,1650970806.0
0.3208100110531684,0.9548278045236641,0.8064632809772838,0.6552485104177922,0.2781948977810086,0.3807897075988048,0.9679504574369276,0.8213312409047214,1046292506.0
0.4799620739559697,0.72630388207604,0.9016447488374832,0.8650151612492346,0.732853121243984,0.2489382525819196,0.34429185733563333,0.666483638604718,1896444720.0
0.9028526885000574,0.3167916160412906,0.5352528565685517,0.1987405704363848,0.232233618888274,0.14926189385380206,0.21161584913214856,0.7305867102892566,2066103131.0
0.7464103696190263,0.6445645727595246,0.9676069824475138,0.11094977818021678,0.911077841809596,0.35362721657156804,0.4789517561458346,0.3347193464163246,925908591.0
0.3196723362324515,0.6966666410082645,0.5248629207733879,0.16627912294097746,0.31790131556127244,0.7652646941949561,0.5638026560648913,0.5094843349364567,1183334911.0
0.4821552742098946,0.3968972675034892,0.40439787894803586,0.6363227906822615,0.16822741576826947,0.529525561819039,0.2655529151404432,0.8359003736133661,1716207973.0
0.5748021914270499,0.41865265846059374,0.6741749958515855,0.8726080927056323,0.2249541869224976,0.10389102848033505,0.14177306420343003,0.8154838656128054,1696244258.0
0.408319507307892,0.5104923683354912,0.12148653286944344,0.24964605843699747,0.5212321324923126,0.6685261879363841,0.6218655293388372,0.8084236698749113,799273986.0
0.6005007379216144,0.7350968458068207,0.8687471412472042,0.481477834931046,0.28459855904544784,0.26720066988522967,0.520656977435599,0.4809137937875417,122139091.0
0.1860172850266865,0.31217311507949286,0.7363946823058866,0.200278119832072,0.20584890373479087,0.6021019015680582,0.7216356311683323,0.6507652740558362,2008023583.0
0.9109818316060003,0.38736651705428593,0.7090058076112831,0.10949296448288724,0.6344473836428385,0.9234566055854269,0.4373996133703465,0.4757938471604193,2097780823.0
0.5618759280672707,0.7718689789520538,0.955640927755144,0.6298311277258221,0.9309785633422749,0.6456492837475636,0.4960824728495097,0.5645099482336288,542995464.0
0.7166895458641294,0.42386592231033016,0.974997878888163,0.913543412263047,0.9836782762433705,0.2532707453209123,0.520931498688058,0.9484476985723416,433775920.0
0.9613597817043251,0.9788292307717472,0.711292846972979,0.8586706799699303,0.9428920442388321,0.04313279630740963,0.4942897261665664,0.48122123506509445,1944878745.0
0.08818996701999826,0.7955865426107691,0.32624810272398386,0.8728219204602171,0.5879920173471445,0.8266786286779162,0.7841831220004246,0.877107839161733,1911445915.0
0.5201634155414854,0.39366942381253106,0.20019896463398543,0.5512664163555783,0.8676850350137039,0.5283933054620662,0.6831608880000136,0.8208188708636162,559799375.0
0.4091169540957973,0.6275679893049017,0.7626341320143779,0.7063106267478529,0.1412405686709266,0.4701451282267267,0.018967673853057757,0.5234837438348452,1668291938.0
0.1642683256850954,0.19083289535526196,0.3132758913630115,0.01770420657312599,0.9658697361081972,0.20164233357257297,0.18128335568768272,0.2729281922066147,199147317.0
0.25936956910648606,0.002958061192847472,0.40498692888204246,0.39839488690062985,0.5829165335195713,0.4251890274029275,0.9354334040195607,0.4083599589831496,1896822393.0
0.37889676741692496,0.7895787096306801,0.7229254074487099,0.22450253155520605,0.0869601891317473,0.3002855097140499,0.21968999230391248,0.0023497394398398486,1520278581.0
0.8463343126807654,0.09113868661641357,0.15224345146722362,0.10136105719478183,0.08557264157261311,0.42178457388298496,0.9862366649868507,0.47287329906763126,730976619.0
0.9367487556657613,0.382221768291432,0.4618567859859424,0.9314609597888067,0.33102706395205794,0.15212338169109563,0.31388386627626275,0.7361188611280967,61830343.0
0.6591374678511536,0.9688483658130003,0.4685491722636917,0.29494529829824423,0.017763371149629226,0.9436423330633671,0.6603498733156232,0.5292039802061109,1347287754.0
0.5921555966362245,0.03894973672558255,0.1201771169785899,0.344940342686056,0.7393667285249724,0.6692189901205036,0.8573973065513208,0.6734076405341811,1070215570.0
0.53540137387417,0.22753037019756017,0.12372721835923016,0.22012562951545664,0.2603797853522939,0.6597130803646252,0.6497531044385456,0.055989838864004327,1527695545.0
0.4655609357135924,0.015098285439954728,0.14795080196693366,0.10449935011509026,0.812669415301231,0.5143648226164955,0.12041765776916769,0.7119448138983995,901903525.0
0.4150223719369064,0.5539850701217179,0.9370933006092682,0.7510194595212859,0.5579595455293219,0.6227572979731189,0.7079198627687089,0.7220219892565489,1085175589.0
0.6362821530408861,0.6478510650089285,0.38152701636448166,0.2922184796129367,0.9684582112006888,0.014561936537260676,0.15200164328015686,0.4142050203486567,862370401.0
0.5706119138550017,0.6808957407818543,0.9680875001158559,0.9969995337645264,0.7552557371494764,0.0671687786858034,0.06393270994519884,0.5847637144247373,1978408985.0
0.40050486715651235,0.29264964360406753,0.48674110759091377,0.7730222430473621,0.765088938365587,0.0625422443198923,0.6672745478627233,0.6355931951687457,491037025.0
0.9022664531552339,0.29516746849506054,0.6548452697957609,0.28807045041695256,0.48427275213153936,0.9615073707852358,0.6106570453559577,0.972339465912116,1306274116.0
0.4366024518488991,0.16262285778724095,0.04119718547090001,0.375780960902338,0.805954398789189,0.2074425336004133,0.5658359792672942,0.3941192049287125,1934792719.0
0.0022414448274669097,0.16791702400042607,0.5776978154323853,0.9437712055297636,0.6087465526255359,0.627487633386685,0.39709719621482326,0.7247856922565751,1119933052.0
0.5340587134535191,0.9315527131814122,0.8943436863751824,0.7498018026555909,0.668013565835748,0.3588528167930334,0.4785737832078896,0.7400721850477262,420174711.0
0.5991935881483252,0.586642561752241,0.33941521323590046,0.8013346743577184,0.2469986107884428,0.5251435545798969,0.5458130092821454,0.18596211595106768,1976338588.0
0.2952958952494986,0.6059625716838721,0.5922517687093766,0.2753647346961921,0.5528887320468949,0.22773498584003812,0.7904862788889689,0.2596003191222298,1255479464.0
0.062290202565991486,0.1370586248796678,0.7824636052120896,0.4404177958642375,0.8991503026008391,0.30057658765265594,0.07503676062186569,0.33803298253428304,1609823689.0
0.5119279349227318,0.3746190449315754,0.9304417766897888,0.5056033123306604,0.06690236590391108,0.13192112689604563,0.38727265879309064,0.42572588284173246,380645777.0
0.01715730854693187,0.327508542052052,0.7064412370044565,0.5885209430342803,0.6735374093977062,0.17968720315758524,0.03564836927274795,0.7693322431221901,612656048.0
0.5980442540202363,0.1406772252193561,0.8856805658605673,0.9976063122450303,0.922850936309083,0.28609950803592,0.07245867700571207,0.3485495921979399,744942166.0
0.6081011791218457,0.05342938697464338,0.15099268488454465,0.3825826155819844,0.6312589766460697,0.1789931245381552,0.39861451563116584,0.6532770672333598,2022838918.0
0.9464443353290675,0.7612874495192397,0.00992061654525733,0.2769586235628507,0.6021420194924577,0.39876651133072577,0.1966713510917034,0.6461046917112423,471602277.0
0.8473021504050315,0.957646764457676,0.435620578527612,0.1167017270747498,0.9428356525679907,0.053064088855365614,0.00839626227667123,0.031029849484120357,440596239.0
0.2721859875794497,0.08467780607149633,0.4379682019178198,0.28325169020153085,0.8769253652701895,0.15679104539032251,0.01563171083477377,0.1560574343421146,2005249249.0
0.6024275132147692,0.5148170049816245,0.15789555427762067,0.6131622270342931,0.1667951659350122,0.7075411896014493,0.5168167405172793,0.4595231478252999,667440252.0
0.22007825604560613,0.9987370992536823,0.09055241127491177,0.6734147632529977,0.622010610834012,0.9288542478937709,0.7057618303864344,0.9338064101903786,1830048670.0
0.38933149635319136,0.8326728418086125,0.29174873199018336,0.9782150720859341,0.46558803308308594,0.7451768168907665,0.9785978557534714,0.05045970061767124,1438913780.0
0.7010369470931731,0.16467909113187507,0.930773290837961,0.2478662365047909,0.7503441212032049,0.7247072111834234,0.9585546972619411,0.9452730005229036,1432362714.0
0.6629293694127436,0.5951175285690977,0.7393171523473082,0.5771771436377152,0.51020540857239,0.17530451488720644,0.8065960340039392,0.678041397754031,688506793.0
0.5984851201736225,0.6236889948844725,0.001957460339244932,0.897735078685329,0.34074271743337087,0.4859838464612408,0.8422781019194102,0.13604750233823737,1542696829.0
0.21641451034147097,0.8189843405636704,0.7039495532735879,0.5481320109677686,0.8969987680695438,0.062147781493599896,0.26508305918242214,0.530787107631702,1561586851.0
0.5152332976599695,0.24936948990954713,0.4390056393657904,0.3820685064871076,0.9179936357346375,0.9898753520877578,0.3857620782788729,0.16786553903639378,994950932.0
0.515464770468232,0.6856322474250452,0.8258669523331535,0.1031042162259762,0.9025989647981308,0.499778134748701,0.36495695287583135,0.531296827283894,1446297134.0
0.09421165195757873,0.3720745289451918,0.21965129323357793,0.20947865580746272,0.6882794122719702,0.35425602587130645,0.0979424198094031,0.9100297032257276,819658425.0
0.259265815696022,0.5971851939536776,0.4959365274456288,0.5772841077606513,0.46070951043394526,0.05370011494970572,0.6104955115936623,0.8521971144180915,134730063.0
0.25946713165828306,0.12316115137772632,0.10208384158806728,0.9524370072322045,0.1295673286374781,0.3321616813682484,0.898784504216099,0.3247765343224765,218013883.0
0.4190099844907034,0.951840746909967,0.1459208042636616,0.42839054657318376,0.09206821533766163,0.245829617820582,0.49052225395562576,0.36268862750128417,6978156.0
0.5152367708778057,0.5091437801041193,0.0684104658087219,0.6698327701142074,0.48939373917219753,0.5865833851503396,0.35852721759555106,0.48324729224418167,510682312.0
0.4945986431295507,0.39613811484548567,0.3232736741075303,0.5346886496294353,0.07795475736216861,0.1857788225694116,0.2908800344090941,0.2943816279641809,635965052.0
0.7834112937292789,0.04545618585765376,0.5316951018223474,0.24867172699100804,0.7817579205390143,0.06680393346120239,0.222990233516704,0.44054503780571935,295873547.0
0.35482008544580945,0.2557354812043,0.77343787594146,0.23404642106522025,0.6428507591301518,0.8605258060322446,0.7257364571996464,0.68743422703012,855226613.0
0.4906844621917612,0.5640816027002713,0.42928497820246136,0.09151731595603672,0.4131944113128011,0.2835953278666904,0.7684787945162742,0.27215542815048865,1188726624.0
0.14480912255783873,0.4048975627818328,0.7519177705776595,0.2892719913851716,0.022215844372606815,0.6408412713246128,0.17532090508929776,0.8023229429669602,15806169.0
0.1042698214293235,0.32580303507444214,0.7904932629112701,0.10964741726693517,0.9388036864907544,0.41649880147205576,0.2674687245620415,0.9943821216930512,486307143.0
0.9524708496977667,0.8074808515937798,0.8281872848583732,0.40957038588787265,0.016661211543087306,0.9947909590503745,0.03963615351086136,0.3872493486173535,1292521826.0
0.768067086526714,0.015207019317764024,0.4873725278350247,0.9656425677846248,0.9582018627895325,0.8464041618083201,0.10120887116209588,0.6396482958158972,537428999.0
0.8006265994408656,0.37905668132042314,0.014240410449914752,0.4735670109113349,0.11924596849427083,0.3681014263460282,0.113539519437984,0.8421689431918824,1541166419.0
0.8909138466836078,0.0011034056798109315,0.6308845082318886,0.04626726382264312,0.39737063243558846,0.9439593565290333,0.9360601944681821,0.9003894621655466,577252260.0
0.9569675809103576,0.24702745261016945,0.6736723536497797,0.13719763227109183,0.5239772022860685,0.048887211381146926,0.7249340397625491,0.885400420046287,564344194.0
0.5938900026476689,0.7916626395845251,0.9572753073368842,0.698662508900771,0.8280266690000218,0.014099973933011987,0.1405141904886665,0.897001590743462,156922110.0
0.6750490359009585,0.3145281757921132,0.881534407132615,0.1731797620015376,0.21364836600708287,0.9809843806444346,0.7978632730360947,0.006223907684689611,1925734161.0
0.545529889313829,0.6877852188606389,0.9677075237528704,0.39960000118720385,0.9915716703211662,0.13847576846693865,0.2908678479293932,0.5989997506791592,1630938875.0
0.6071586326275864,0.22970787710094165,0.25392826466381174,0.013722948497058018,0.22386535327767665,0.638480502290303,0.2560216520458905,0.5937083266744025,99861235.0
0.9954837796835605,0.9369488967905459,0.9967828541279831,0.9220413837386312,0.6730203229503248,0.8699100343328906,0.4630971856679487,0.5869408779578928,1808923355.0
0.6939907007493341,0.032988342971561606,0.16423204837653993,0.9112167017211696,0.20403720128825356,0.6378685440805766,0.10226667762586084,0.08820406324484897,156261373.0
0.39213397945028,0.11874467018749224,0.14578205228312635,0.15840374147993727,0.13681668940016845,0.48765226267716943,0.21871206375729857,0.3769079739392497,485784108.0
0.7426046156500806,0.6314280023825504,0.7488564922077131,0.8171644755652163,0.4479665670451073,0.4978415639207767,0.7077244711541858,0.8870338441818079,863523017.0
0.6034027570390934,0.8910563007022101,0.1604236694747776,0.7905567052352035,0.7740922536839027,0.31590218198339515,0.7215760030236628,0.21728184745224344,1477946235.0
0.1746455231135574,0.12728000227082503,0.5239811032677153,0.5639984833017088,0.03814812721179861,0.4783594772068605,0.6940394425003534,0.5886998731312113,1834527434.0
0.7174531036523976,0.7903413650841542,0.871869662128963,0.15379332308274352,0.5508736599026866,0.47932547362556355,0.2738686894770035,0.6486269905793127,417323990.0
0.3811573050153758,0.4100768202706321,0.5348344323092734,0.8637626236407283,0.700401937497947,0.9214830246262625,0.7789772096060401,0.6210609908991016,1598409671.0
0.9279460457306496,0.25147682865600707,0.1788540725608506,0.5262320128115486,0.8349254304854149,0.3831926501878484,0.9320299786201347,0.2592691693313772,1089692887.0
0.9117440927543948,0.5102642074811161,0.1917425930815143,0.8747211041151252,0.7989231270043385,0.8630655997357307,0.9423998073839804,0.4149964157589715,941252540.0
0.7418206754354083,0.558923676942102,0.08128320307915948,0.18987313180861157,0.29020876618859137,0.05873422562194885,0.3377822442440276,0.7273581429042296,593656085.0
0.41211921610565433,0.7229807103928994,0.9353401678962323,0.06310749745416344,0.8527866974081159,0.3814821152480636,0.22273846268500908,0.12940905068032027,1894383692.0
0.3806963696434583,0.15964882889346987,0.6453812075893507,0.753427284064793,0.8292772285470063,0.008910929509903907,0.09992125529237415,0.6046264288154078,657896188.0
0.3962660215065705,0.8604627147894165,0.5957172033890599,0.7258359434848355,0.8833688652106062,0.9222689458480312,0.6867833957166382,0.27356985405501544,976081212.0
0.9342568623240995,0.32369669132945245,0.5490288701575302,0.1919773185137107,0.9047534664615084,0.3900610588722817,0.813661678021137,0.6344728307828348,1629174341.0
0.22509151851655737,0.0706319478137658,0.2735933735361008,0.023433609650377,0.3913247064075185,0.5957390974378791,0.0910205540724649,0.7626917915229167,935606821.0
0.218988213789726,0.06317282351962239,0.22513914758919873,0.4992576150168072,0.2073185870483241,0.13920334258613032,0.5969465995963203,0.6610538220303876,104047447.0
0.2823636075608331,0.6973269351690119,0.2301041074023877,0.6018380306720043,0.7870633739477059,0.5390910443240052,0.2720259285984856,0.37627414668539183,1186425224.0
0.6286902648023175,0.8454970733421966,0.2974555276270726,0.0017188962589071988,0.5864566213574125,0.058621799241925565,0.8924249863403889,0.7094160465545368,1648223747.0
0.007076569192167924,0.7960297769603228,0.153125314926693,0.26752808784326965,0.4983024415663682,0.6387982872391739,0.1556449941789294,0.5753910408184111,164161450.0
0.034058303214533514,0.9085956094309433,0.3525147613531483,0.43064933848588827,0.05494131770808829,0.39553466999322207,0.8812231558594433,0.16818165392207263,292999897.0
0.902498767446358,0.33084323334552923,0.44825599073600986,0.9496427578337664,0.815351997201755,0.2454431694618305,0.1374264666567392,0.21584932196827775,306359197.0
0.7470943359673523,0.9319911180719774,0.8633689261775965,0.8902928569303588,0.08236205472824563,0.43018633564260256,0.5816488071279283,0.8732286634850651,413442395.0
0.6122472461817408,0.8074820813607145,0.3742793517559406,0.29019875549718543,0.9172333644316899,0.30873571450309256,0.09467125695755772,0.9489789496136067,30875971.0
0.16430227189651214,0.361341408504038,0.22527880688969404,0.9442018589055693,0.33198806441749873,0.3435615583315371,0.7050464814794096,0.07470237268921676,1531414167.0
0.8156898964376401,0.2799365252274921,0.548669297772667,0.4630836994019202,0.808773121430931,0.03005775608400063,0.8643946842259644,0.113724001299762,1747452095.0
0.7864619580575883,0.11952938371131228,0.6876916311627884,0.18792579352966296,0.8863872540783809,0.07514112704720342,0.2197718577613684,0.5242296417498905,545295166.0
0.38627158965822805,0.533218920582947,0.08565164760768196,0.9047572144514728,0.6873839938051972,0.14578025036754116,0.42028035450273504,0.8901210937229759,709605153.0
0.193632318567078,0.5089593455299545,0.8574886006945114,0.2585752663546136,0.2064010440486481,0.16281154546420906,0.08178337003204762,0.9219868053828829,1719037962.0
0.3808453628946096,0.5908242424547643,0.8452499199975987,0.7560320404295792,0.6550814035723903,0.8321418746367054,0.3547025079354287,0.8183813057056761,376528185.0
0.9973773419010392,0.16396686139728867,0.7423926996522121,0.5786291433209689,0.37424546386291146,0.502886171841877,0.9636168041645501,0.6303630098581501,1564803625.0
0.8321166693508272,0.37598124235064456,0.44175648378611665,0.7200971845668704,0.8098499164104466,0.6322221061820941,0.2990992486572394,0.022326366157643492,1351924831.0
0.7606525014926925,0.6103868756138665,0.4713088970918632,0.4995472637524758,0.9102685907332264,0.20878826302276232,0.054089894662014415,0.9508760005348874,1180494818.0
0.9009438227495056,0.8629537777188058,0.3908014313614052,0.7479042105584804,0.11400333358747437,0.690598765762042,0.1004571199950902,0.3090412705411453,710313681.0
0.5117295785108941,0.2713693183114284,0.5441007914910048,0.2730120654060377,0.8002078063097889,0.3642673147255836,0.936487001878944,0.0885332323794884,1734329379.0
0.9635912417113085,0.7299051709806611,0.42907600112544464,0.2730829163181222,0.8973760891641512,0.5018711864464996,0.2930555762979169,0.2950810983765824,1974868443.0
0.4242457478290943,0.048645266465417,0.272852130252356,0.15082432774213816,0.1798352541742373,0.1347046296028508,0.16239368937364052,0.023723316884316056,718336288.0
0.7917732157792488,0.9144637612517476,0.4509166097059202,0.9476300820480651,0.8608510521210478,0.6499781287855207,0.4572278609376272,0.40034545533642296,1674962234.0
0.12818488994029265,0.36340352307516416,0.3303550609349011,0.19652396514915604,0.3124520207548991,0.02187391258470828,0.20282505054006503,0.914684479364796,170403548.0
0.7457674135636355,0.172497416369913,0.9429503908759629,0.2110090195496833,0.17180367806180374,0.9798108633673392,0.23789307616151864,0.9664544636075154,537290456.0
0.2736665794859412,0.018418972477771023,0.1024729810007352,0.23314016573341456,0.8492795528964654,0.6022675135052984,0.8979657349859295,0.18353097944863983,439567999.0
0.8716482498210478,0.9939253364437752,0.20377292434397729,0.9882190795131,0.8132887757320438,0.10162612661751312,0.506530711040525,0.11309772657107874,237114418.0
0.2184391293818412,0.8652396148141307,0.9296615775692787,0.5583242369361788,0.025449922281568504,0.6610866702862481,0.08329336576417656,0.7402566717601806,1638443549.0
0.05245890008645593,0.4703041413779496,0.6545269615606499,0.29890820406767654,0.16254859607674854,0.3538125737235556,0.644491809001272,0.012218850447553664,1242063510.0
0.6195767529097667,0.1463504194550299,0.978862810802823,0.5683992807460353,0.7469037347413168,0.97614242549166,0.8830758357205497,0.3403051148464909,236039301.0
0.3080477983825375,0.16816711935687223,0.9356254561584151,0.5535942993901233,0.053934239170698166,0.4619776833401384,0.0720617171007779,0.26757441468098275,2025325355.0
0.9051307021256739,0.382978932163915,0.8032230721863622,0.701937764453358,0.9638335047584456,0.9812224566412016,0.5778619686701212,0.9858356411325581,1360024503.0
0.3136609881602799,0.8282780425680859,0.4965959259452893,0.03437359770522708,0.1153887773045248,0.3230923776637574,0.4283463670560935,0.7043363244724903,1881827987.0
0.5195624380645502,0.3450041001092885,0.09647207431853855,0.8732814922533318,0.34063065406405035,0.35962890273746173,0.9540400141494029,0.120854986179604,2035815673.0
0.7072446666851353,0.055503922779016605,0.6617088340219888,0.2556196979385035,0.737610695276673,0.5588578509307479,0.10296102884589677,0.6934157879649814,134124778.0
0.9093619924570258,0.4395965308461759,0.26167860489964134,0.9912224059077421,0.48588229200318306,0.4075038083692993,0.4686606570297892,0.9696391154703469,460807359.0
0.7930463677078087,0.2869241613062116,0.904990096737933,0.09536576462400513,0.5809951422937849,0.6425579856870045,0.10847212904894998,0.2554955250447287,373012028.0
0.6408412827847502,0.02142660711219013,0.49343452213336686,0.5948398423986607,0.9635236425068952,0.8830493750688558,0.1382608169056303,0.2145440389390585,2004919173.0
0.617755489317148,0.45718729571749944,0.5818056520958772,0.2522140489660952,0.7988393165343397,0.43498533500361825,0.8386398441222329,0.6716288120087386,206328100.0
0.24569765759626336,0.7670245150200308,0.7063260385557878,0.07533273823588403,0.9977423705645715,0.013394608602666612,0.05843225415560205,0.8478529224357626,874622266.0
0.4636474111303196,0.13241887477045444,0.046510410535032014,0.6802823541492722,0.32211865451992283,0.41549079562640034,0.9441834835112934,0.36809344065670246,1163073662.0
0.11805972614550296,0.18214946349867067,0.72736965562575,0.31249252535635885,0.5328937479573249,0.18054517982042428,0.3695324816393489,0.7319987325189774,562125296.0
0.9950946367940624,0.2546211537862839,0.4268860282008275,0.1698134785972154,0.9499831593924953,0.7552709494046552,0.0006505830837993942,0.28869712020957217,778853935.0
0.5001899165551086,0.8888608928663978,0.5628912975300656,0.7950487452235696,0.34057357057823945,0.12631090815055268,0.33726623920475785,0.12546177457102467,1868071357.0
0.21173148799608313,0.751766093939163,0.6415754652439589,0.1831456467844239,0.2730038537556586,0.8934680145003921,0.9039525584935864,0.4924720246481224,1887835368.0
0.7684405833830845,0.805648263809814,0.31906672994881646,0.8734410544490978,0.9244447499210819,0.8228451988436197,0.9482280462221112,0.13641583021082004,1426765496.0
0.735311939404315,0.07208709378248901,0.12679242818939995,0.4004214548823701,0.06747584326647837,0.31396426626140383,0.5373980297039369,0.8166586815474687,1971475625.0
0.9018877852197651,0.7375900086347481,0.07220843811584932,0.042682612200299445,0.9038061040277072,0.11888666441467056,0.2732014143519188,0.36384298897711054,617512255.0
0.164493740571372,0.8149774590542208,0.2657479862118637,0.199354200903902,0.7151762059328389,0.9513338722039016,0.766334768995097,0.46382827950040534,456428700.0
0.6040481569575183,0.9127249086458237,0.9522848658339295,0.04664244627710146,0.8114539868069172,0.4503593888945038,0.14948370167506386,0.5072908551197575,1025365856.0
0.6532256515161556,0.2541302554784459,0.9282091593987936,0.9573453329557382,0.3322628180288758,0.8727282994223969,0.860299689754768,0.30565016265168565,919265375.0
0.6766945482810395,0.2442327605748665,0.5189713756065065,0.10581861534542603,0.6637200734230914,0.835821148375072,0.1614125169148034,0.15741092307148496,762015411.0
0.8015785044125202,0.45433633143871954,0.6607038490650867,0.5673546692433108,0.6910127915930252,0.5435867890804952,0.9235929222703084,0.5131870740496346,1795023470.0
0.6539477848582281,0.7810060016140759,0.09092115934369405,0.41805771706900313,0.6938949400209009,0.3017247995146388,0.770127558623005,0.36412860611497494,214730927.0
0.6710768096536699,0.7155651721835309,0.3279666658252246,0.5013613061578299,0.3315427987203037,0.544429552026992,0.7664001231521437,0.8285367944412039,572161939.0
0.1817398405831185,0.40772696059095254,0.026365544633376703,0.10618274447526176,0.2714284284145097,0.038976026967476714,0.2917918284212895,0.7549589832484832,1634208885.0
0.8459062402548587,0.3019781888017491,0.4443735719232057,0.6518345293646822,0.3308290448587437,0.6605755321894058,0.46132891811421217,0.46754316424855,1843138267.0
0.21312682792955967,0.9601878789465929,0.31405732517163654,0.9524703879869091,0.5388875652502236,0.8898991324509712,0.3176507068250275,0.22769177146245853,1157798247.0
0.9999905494844817,0.45958823584885367,0.9386457088113654,0.25312348447261235,0.5705993877093147,0.393761212620697,0.13909654128263105,0.7601781390371536,1141446788.0
0.5383951571784446,0.648986650880837,0.5370191291116895,0.6950778556257756,0.1535523057267489,0.934337298902898,0.6713120665093083,0.7244205204703063,1752833788.0
0.39413704470741734,0.5454981508717406,0.029616388559389195,0.08521864318233628,0.8557112023326033,0.9932652096308253,0.7857996613973246,0.7548233564828174,94961874.0
0.40496511512636374,0.7903494020979731,0.49382895848821495,0.9771789540366483,0.16455836610262997,0.01669183952937392,0.7838497716491395,0.4843786656941047,1608944741.0
0.9540571908330653,0.9393872102399309,0.7953817597731024,0.6103885416272907,0.5691597408558401,0.6675817312561079,0.5676909549971141,0.9942629604812856,1967529796.0
0.5310740797467279,0.534395072349791,0.6482629685271943,0.8119151431464029,0.9822099474344461,0.39803933416535214,0.6064786574977227,0.2401790256596981,1027648369.0
0.6013822273983673,0.36120901354169455,0.9777420058675504,0.5058931567913566,0.6188199085857643,0.9669751415639658,0.06290885667502832,0.25347575321769245,1956198751.0
0.37738869345283327,0.4148440824467656,0.11134602707867924,0.04007836059177172,0.5699958344604602,0.24081153926418683,0.4328773817201105,0.008148477329632977,1022685366.0
0.1342156638123443,0.9525285026263735,0.5268609003561822,0.03267224213316111,0.8654283948035386,0.3271538925289233,0.9740833094017881,0.23558669914678756,763533277.0
0.37694062873800704,0.6548918167198997,0.7690421883033209,0.31392962841597205,0.18572181318085407,0.843450151640459,0.0013378165093036465,0.37286424202188767,1889156800.0
0.4702845806446359,0.9910337533411864,0.566783290093399,0.34444177200478154,0.09165207682017185,0.5021453504808184,0.34164061323510664,0.04635397705627842,1461802538.0
0.6640335869135959,0.42145969220252166,0.15888578821443777,0.6760796383654384,0.8784239598533184,0.8088451035355517,0.9146153607304803,0.6752259501067287,173644068.0
0.9161553920076428,0.8491082171011598,0.3073285976041663,0.18570490575519505,0.07808803434903953,0.7466861171282239,0.35770058792051507,0.20076799058400685,123841906.0
0.8659000189675363,0.8027767859542841,0.38404883818633306,0.8863687273323761,0.6536562325377412,0.04482606703850878,0.5596517097891894,0.7212595971802046,38288240.0
0.01592037812871205,0.20767725115202795,0.810558477682158,0.35033091608345657,0.7068115827653603,0.1250721528455437,0.2988012179997511,0.08294877274014612,39934265.0
0.11044328011519931,0.5146490624645478,0.48994995224144544,0.4902976875576769,0.014234307912093012,0.5219958465531478,0.5863881059791006,0.34550468392660794,898726147.0
0.15176034612747447,0.7719917420583168,0.05419619845622481,0.6076795056011217,0.552220412869073,0.7516327398571975,0.13761387746334697,0.07507442511340989,1109704575.0
0.9896991235106136,0.8776933230692635,0.5539274199473457,0.20326712376251832,0.2731886291856528,0.2596979591264445,0.7853502670347603,0.8646612694882254,1320810268.0
0.3510754132457009,0.7193682449262968,0.3364495183030882,0.7324556589069309,0.7802723734884829,0.23933557963238805,0.2745405754862277,0.022627679703034365,108676652.0
0.21058810022152816,0.10573846008880848,0.9459773776381728,0.27492019795861333,0.6919870467752083,0.7174551798379348,0.5396576045807606,0.799443738866961,1631970536.0
0.8490262063286613,0.7501787545364098,0.6986261908980557,0.04237468202511907,0.5463563790747269,0.16063987690049308,0.3406106230414217,0.7389626409764742,1801253766.0
0.4923960919073824,0.09215198980519888,0.9738681270633043,0.9441521961417927,0.08763819088456459,0.48539971610145694,0.5653533680996862,0.7989002627682189,187685842.0
0.3268619036194914,0.5542400404937016,0.951469398353237,0.25446600577924894,0.777922762236903,0.6419774611888678,0.35487271107211693,0.30132119513191824,265909341.0
0.9001971559840964,0.092002265666008,0.030334376069495735,0.07929941818336905,0.23247949584055996,0.714615633794546,0.5211322915480268,0.08601513583625907,2046075779.0
0.3657029757110202,0.9220637629885813,0.7900065243349309,0.16051052412001476,0.3166572836166521,0.5163254455842001,0.28879901445341605,0.5278299423860792,578065739.0
0.5056316701537933,0.014136178461340632,0.845674621554721,0.8845878831866921,0.05885945732546105,0.9295348284205016,0.05835578221534543,0.17330612550662103,1242816893.0
0.1280917304305247,0.9367077204901344,0.7674493420141772,0.23743128907166863,0.31102675783007083,0.5770836350265838,0.4020109559225249,0.8351695735769934,403048437.0
0.28437344902348227,0.03381740674096001,0.34418750861297587,0.7018912986991447,0.3402919400585869,0.040994889003585055,0.6443159451817455,0.29971686804492714,383153060.0
0.06915822214166711,0.15687402683848972,0.8992534378920144,0.7518664409421623,0.7204624636179026,0.8198413193385026,0.3879850710184995,0.538551280109845,289072972.0
0.915920494184082,0.476008400010416,0.4807197623890028,0.8504042498931642,0.7293983387402131,0.7532140609473165,0.07067496737362,0.5457956852861671,462034360.0
0.14572477797653138,0.3031006276149297,0.7112259702439587,0.5636366429482675,0.6178685588756392,0.775213625738811,0.01899952226531676,0.30031545401634663,1474648033.0
0.20106207180667887,0.5200353105391768,0.9695086820080291,0.20346200940122527,0.8040433403824362,0.06788142737603975,0.6991430498058593,0.3120055048871211,1312491938.0
0.4750929844547704,0.14336492814514268,0.39813108597599384,0.8705840648008486,0.8703620243995549,0.4603080939524272,0.2525276329441387,0.0786156615264979,2058407635.0
0.2807097811113428,0.19431388645393896,0.6267386312874679,0.010259767046753463,0.662484757851461,0.32495999730160063,0.27826720147218886,0.8817635244387572,1440782208.0
0.03216395903668878,0.5052981061773535,0.706598640024439,0.38061612268974954,0.14314603315082483,0.5219368134727257,0.26470358009065525,0.9020566522289558,6657564.0
0.26347247261779205,0.9566179910069421,0.29420929699109866,0.5808390947151416,0.11814743631407688,0.9090290778791928,0.3418292123111696,0.3090622974427877,120219405.0
0.1305885756762963,0.03117720198901097,0.030454606300257425,0.568337726724129,0.032037138388758206,0.8341740665377653,0.4606392685143785,0.2644159599798104,1864799241.0
0.8417993176779701,0.6753606407601008,0.15589744187405008,0.42415819460050047,0.9617414226704061,0.7718791243745001,0.236793644779822,0.9411055060760325,75115059.0
0.6266510363727352,0.2783553102348143,0.7030757236315819,0.09831671215690617,0.3713193796630361,0.014434797935506283,0.21075991638329417,0.7851756335419207,1267217268.0
0.32734233104545685,0.773810158446267,0.5321381756893449,0.37499993838595697,0.7266284655505555,0.7550610619929676,0.31607386436788354,0.12827123862259748,1116639254.0
0.7495987042807245,0.9690144244310702,0.044781896920078605,0.16835592268698651,0.3213385690019619,0.8279356365429129,0.06076201169551909,0.9058821360527267,1346725504.0
0.47334561964836946,0.14504896658021227,0.32028985520615105,0.298242511552656,0.0830216374790531,0.42135553296902895,0.5294106554206877,0.37639619502319954,255430840.0
0.7438742734549417,0.4911491205130489,0.4695880292735037,0.002806614439436639,0.9460719301726974,0.12138484286971452,0.30403173365811265,0.808013063025037,917602327.0
0.41192819277372367,0.3956103034358158,0.6579870835393111,0.9230588686534691,0.1209450470899589,0.14844624559585307,0.2938398119698852,0.9151386675718458,889652560.0
0.20973341431770487,0.9901013913305696,0.49619790693701565,0.8317258114281187,0.4919243993616276,0.3444774918503035,0.08624960943534908,0.04337278824863611,1895385244.0
0.6953392761401532,0.5852643806308203,0.5766926171500156,0.31859211504675333,0.45587865945602113,0.5729970170282433,0.14399658807517943,0.2420954932230037,708392177.0
0.24884757046104744,0.6943691403734729,0.4336304121176764,0.4384637164939839,0.3885671503715514,0.14905524546447743,0.18122371837283435,0.9934813448737971,271435330.0
0.17786467282741703,0.47141360190591813,0.7745590768180945,0.6320231463493393,0.37459993527782987,0.17069654346681828,0.7111906801726111,0.3825463756474096,687955629.0
0.056170776878715856,0.08368897936027862,0.7346116223141509,0.8831516363039015,0.3127223873662147,0.05543530642327776,0.7851274405462932,0.8666528153111872,1769407744.0
0.7970362041073679,0.04393300633728714,0.7306445655097294,0.35242362125771987,0.31461515470507284,0.9376407636159091,0.1079120310941778,0.5970088332045167,979316524.0
0.6294673247586964,0.9038541828727347,0.5939662198176622,0.9252647560572451,0.0579879952376382,0.5489241442276269,0.27449577278348314,0.68175668601624,348478551.0
0.8705761708676993,0.7479481999675677,0.5617721564654511,0.9518455873736356,0.4127988844719877,0.44729386577208735,0.3333415599052657,0.21984205934446832,434802608.0
0.4387626298903365,0.7645341836150139,0.1771349717651295,0.6083580201404966,0.933701172811256,0.3261636375517287,0.8318903349996866,0.4352412824391839,1272571279.0
0.7348285901118649,0.18117073560968713,0.9057330239901709,0.47853215391918913,0.31112720940146854,0.9515776985086872,0.34445901974248805,0.437959077293692,1051340761.0
0.9547196434675012,0.09443667289672608,0.10739200479352227,0.13997431451939824,0.49952640804705306,0.37277737903489544,0.9595528925516221,0.04166983393186785,114653815.0
0.6353879716820129,0.4769044835987001,0.9093747442670381,0.6323610066853792,0.0922931308559498,0.303252399803468,0.3653343488478763,0.5479351530852851,1670503403.0
0.8142040142541012,0.43101232868897726,0.9628930397657565,0.7311933470954912,0.543272750676919,0.625816633854671,0.10748279073931855,0.42741534667448033,1434936116.0
0.2588762629229224,0.13673962314218246,0.05853357552022698,0.2694887825321719,0.6531660529759085,0.05570107219832832,0.08969480976705203,0.5570376222415259,1162927436.0
0.7874288975494397,0.7857004723141379,0.9153905676447583,0.2661603772663871,0.28485604490984184,0.4549869809659981,0.9860237877347613,0.23581417671100913,301484022.0
0.2428049013088882,0.6185933388256156,0.7074183209916683,0.20185986762419492,0.29095082375990694,0.16698228903153922,0.29542539934907264,0.863523611280569,1974100537.0
0.2447113534912432,0.8324020873035961,0.9200419130122,0.5684554781026255,0.7451073159170046,0.06520785903977444,0.3843636450206167,0.8729706037816096,505708177.0
0.4768723633496917,0.7160949701156212,0.35975375946960875,0.3575428235351269,0.04039781030263456,0.8430227476426693,0.8758659650363778,0.5667554585260736,1723843971.0
0.17743572003350372,0.5671298749681949,0.32237251404558853,0.577934758903166,0.014638472086064168,0.08607355970913888,0.7132285844839715,0.7565665375350759,681531265.0
0.5812830343316268,0.8606643740373214,0.8685825902154043,0.7577195283797763,0.17728351911425777,0.48321623575959055,0.7957992593985299,0.2471154538706326,62855785.0
0.7579389257329185,0.910769157851107,0.93464481618476,0.10203142827986666,0.12651358247686795,0.5204351412588339,0.34805409450225755,0.4129664959033413,988599975.0
0.2570591566809965,0.7425515105219107,0.3803479672675316,0.36200515239536335,0.21570145229022153,0.94853338340537,0.6971407434103225,0.49977535049780714,340120737.0
0.563900941449568,0.513987552961676,0.6918314153728591,0.630443013985653,0.9516913822769827,0.27241560369712126,0.6797910087361527,0.9054592061634232,1333999810.0
0.1233637423681636,0.874117842336778,0.5673642832043221,0.9136273497995356,0.007123175094130407,0.03506458362401599,0.8263622792475218,0.5816096808309854,971583024.0
0.6624368627717048,0.24412132128067163,0.9443463203158995,0.6431210271835348,0.1812518241978497,0.2800015950330764,0.6981496763113437,0.029835562494210262,2114298463.0
0.9537944203482883,0.0221899530006735,0.5245522296839895,0.714653228478282,0.8580427841652521,0.9890453067297312,0.148965864421436,0.1902467209546006,584570769.0
0.4173141270770836,0.6546778344691754,0.2914221199911916,0.7072803924083081,0.44348029079131635,0.8150888299850387,0.354579358257457,0.9256006298773448,1263899862.0
0.7718886944504166,0.4392018284591738,0.7966619154630838,0.251347847350745,0.024557833768067968,0.12460293352805817,0.480826367230664,0.13433159179102927,2041241530.0
0.5422232941387334,0.02336437298998839,0.3071667958508154,0.5379852375065445,0.3064088650566508,0.9678703412524479,0.5791962684348648,0.7919223967380428,2281487.0
0.817243017558638,0.6928662856068017,0.6428371158490516,0.10462561854343444,0.5071461595415055,0.4100915995177793,0.6431505543149704,0.6762605770180184,660590802.0
0.9495761687487703,0.07941571919413194,0.12571264416418793,0.35189572401093083,0.5172504186199144,0.64938345378082,0.43372141293647354,0.6554526861195201,1806300916.0
0.7896270105496915,0.9602605611013789,0.07524991929661251,0.4471867129621526,0.4412016943978979,0.8027213980853947,0.1876378746154201,0.7694079571204696,2047116878.0
0.5645968601795536,0.351321697759998,0.9225288798539094,0.9721733865435822,0.09718571315762368,0.27513190934561504,0.6977595810738846,0.47284867287117543,18333503.0
0.4801863022144359,0.5384831518002672,0.029255549441672524,0.18654000237631607,0.7600303352171026,0.27375530680685844,0.585411315185052,0.10986715936179392,1847882138.0
0.4103963672279776,0.7184447154159194,0.6920687214411313,0.06200150279687888,0.4603640626290493,0.8046192154150053,0.4343807517656249,0.9571950939616723,1213308568.0
0.46905667160075654,0.07346885225907894,0.4891411033608088,0.515103190540031,0.3870943107542853,0.184798319919562,0.7310157029770945,0.10055750223684168,1972435466.0
0.490123298768081,0.15077209394276625,0.3909521452900983,0.486501536258565,0.06896654969617222,0.9109085258302125,0.2845990838968451,0.49559561763934,26220811.0
0.8173728700295805,0.25735909123145384,0.7793965701113508,0.7901326398914175,0.31019723909230235,0.4628902197914625,0.9090444216263917,0.9719991105809372,1436131756.0
0.18742176419696727,0.9466336508879503,0.8303930390891113,0.39362697988174944,0.496980753278504,0.20042526414017248,0.29579550848599634,0.06281483280609668,740913922.0
0.5268231443840766,0.006195113336011859,0.30051416553146887,0.12128383906788585,0.22188674681421447,0.5023210220488236,0.47924229815500874,0.5714414256623317,650076195.0
0.27765217752532806,0.0851564041599787,0.06635437917138864,0.13981239028077727,0.5243463025518216,0.333170490782827,0.8240934804192461,0.5544291700974489,1649517197.0
0.34455361987072847,0.27954766187755364,0.8082733622563935,0.585477030724379,0.05383501405445423,0.7233001222824679,0.883554411892707,0.9119728895731881,496322089.0
0.31089437841585443,0.7767079296482385,0.05461729534387295,0.6280407580421761,0.9583386540706716,0.45442278972919503,0.9835811255267568,0.982909208630935,1617994856.0
0.9217392054703459,0.6198270647779404,0.8601883412373001,0.2932492016103686,0.1432915919790816,0.6395942146426151,0.7062339765889958,0.18886932738386247,698205147.0
0.3472269657803946,0.0018551223154099628,0.18618104293715296,0.2910659647348143,0.7319368111631338,0.8896124735331301,0.6504383557087057,0.10129833592461,725251036.0
0.3183749860937113,0.7241668072346659,0.28711712837900727,0.7999606503242873,0.5441189588846557,0.6420383659143105,0.9654341266056915,0.4831517730304447,194545931.0
0.8042770500747564,0.729604096886106,0.7265078339874464,0.07701295130929754,0.03490787390479222,0.3956847037330762,0.4251229633533158,0.8438394535175253,992078249.0
0.3395586530042113,0.8395717660031439,0.8112160435049495,0.1982049267345876,0.49799448941393576,0.29527050067986305,0.2304511452070931,0.8511442517656926,2034502625.0
0.3647555693116093,0.4256985510500244,0.3274834811839952,0.8462429855295469,0.7734948474751399,0.4579293063614972,0.5109598137101381,0.03589195305655679,456481390.0
0.7092701423274458,0.0012474275551126457,0.2165712599604619,0.9065078738385037,0.0034191140853638835,0.587683222679566,0.26352238895799374,0.55321372669018,122258083.0
0.09437017808927206,0.38227624877843464,0.05354154197046268,0.5967265615589408,0.7172380000232118,0.2309274096434487,0.08999442134674085,0.39397564797778334,819115309.0
0.10723726164834135,0.029273362537519665,0.26999307446179843,0.623311495351871,0.05869235251157633,0.4746517558465353,0.03385991073905381,0.4352613099514375,1824781167.0
0.4647299788812656,0.18810904018406335,0.5396313360129009,0.24066794716513384,0.2472832276172312,0.1373573561474788,0.46248372007650496,0.43903880641003207,1473950768.0
0.0496269358802176,0.12912696552040193,0.1024797894655116,0.34391992558997125,0.9621863064273728,0.8002022447667411,0.022250513972141728,0.6627178023658271,2065675152.0
0.21203697679042696,0.4176735070193914,0.5859330443930383,0.5933483412936346,0.34841791942886,0.5131879592453745,0.5153373889033768,0.015931209347025965,572494772.0
0.2789705237379404,0.9300744223377528,0.86053483128031,0.3618486912238057,0.583441072788296,0.1859023238818632,0.26113062540810683,0.9748810898133009,414602507.0
0.8265441063045985,0.9996916335311156,0.5713356637021672,0.9638567162662303,0.43207628719085034,0.3826489025489943,0.36373909722969966,0.7664254261892162,1401028068.0
0.350863997773738,0.1250951847501862,0.322424673535576,0.39563399710266656,0.9640759900059191,0.1540588323502199,0.6918566811269138,0.7212745209995779,1263754799.0
0.954947692124888,0.33856635580362004,0.7812033059659222,0.7208059772493017,0.8362403031270723,0.7929366731317498,0.09516873864900688,0.4521664498077485,1051523283.0
0.9953192861897514,0.6837950917853687,0.35421080148080275,0.9550231301217795,0.02646845564389177,0.4405989888527235,0.327285098457721,0.030310993056539726,2081893844.0
0.8082230954008626,0.494014218355696,0.4910508117232946,0.26537771219519457,0.25394503251945777,0.02399431792291373,0.7044361009989142,0.9176695806286912,366096576.0
0.07722093535418972,0.41209507920928373,0.08063169223435063,0.8934642512976446,0.4866161260050852,0.2976481304656934,0.802427806088496,0.8076400859471342,1687678038.0
0.5733462356163641,0.5104227522990121,0.7291474378014675,0.6993310189748073,0.17235355322619705,0.4577702605784094,0.09567694326321564,0.6422650014659368,1657172507.0
0.6440040169857465,0.18612678031909,0.9493351749684432,0.2171740950219224,0.27105572926610155,0.034473081222647584,0.7541971240983925,0.4493302955482701,233720804.0
0.5863435126956792,0.8770850800841987,0.32487359744869404,0.32569554152380725,0.3919545053258439,0.5223358789463816,0.9687345535736516,0.21427822122703064,543610188.0
0.17181209062594716,0.4123200336356248,0.7290875329449154,0.18612806701393647,0.42907191897390423,0.004710217020229446,0.6758849803097855,0.45902479083222486,1394024908.0
0.9105563534204718,0.029619723111740548,0.31791254344083164,0.6520487614607694,0.31142053037874795,0.4667802174463879,0.5898722356955494,0.9207792459189215,770786235.0
0.030180518414310464,0.30002865164379544,0.8266338104634766,0.17325893406796067,0.08332739349557283,0.26844541797784227,0.5054824820374433,0.17001311173084244,735255352.0
0.7503259647486026,0.5565087035860937,0.4278949144036105,0.20284645446935845,0.3335405491140928,0.9170313671993671,0.8103005843169232,0.6617388984263628,1728180583.0
0.6375989156047076,0.7934646893557763,0.07464287853220286,0.6426538126960979,0.50460555330591,0.1047314354017904,0.12484117392597625,0.3563219608163073,404261336.0
0.5524749301182841,0.9554387640799139,0.734309657849548,0.4010764656648512,0.8225711182842945,0.7896209270943954,0.13744024149336995,0.35170504318671447,1342397614.0
0.6101408080804445,0.7992135703811046,0.29250211794225356,0.7566483452717886,0.42004290082888907,0.47673851051902016,0.5849436773888511,0.34398800136222796,1789975718.0
0.800516741933816,0.18367966162151153,0.5179948577066512,0.2842503156743133,0.7876902670237672,0.4978537889992771,0.03435145642869286,0.8864984799212012,2060446166.0
0.6612608048519187,0.44976922824714305,0.4554681832270363,0.1237231225969214,0.5087142088734775,0.06780038774509989,0.1189131548902792,0.10866095100305195,72332285.0
0.7779190765970746,0.7445538579854237,0.8494794407672822,0.6655390973124873,0.7248291637187667,0.4044089851314089,0.0015507260632876552,0.5835192244951667,773572316.0
0.31479996747216094,0.7859231106899659,0.6932128384993682,0.49056525087411224,0.8895431170961707,0.9367029976251128,0.06852162509509196,0.391886124867483,1017885953.0
0.16615880263737304,0.45635046005112634,0.6804109914473511,0.3165997865997131,0.820410278362664,0.5592577629417854,0.5165293688974737,0.9612007577465187,1330386787.0
0.1496033765231073,0.7796315680962894,0.2728730385747177,0.6259106839901705,0.21145227454522353,0.46822732359614233,0.702096805236625,0.4897807911363404,1900124416.0
0.6028087969586212,0.6441153808545718,0.3622200594171148,0.11120782878442403,0.4263912687952046,0.586540549990507,0.7601251333553475,0.8001495745625955,424997.0
0.9262209350642122,0.2745485487762456,0.281487087401201,0.5779157403489432,0.3628659015135376,0.5673829100118528,0.43572698126000575,0.9990209278117135,1319720035.0
0.3828367514810736,0.2656865454031244,0.7051650266914187,0.2788333774724861,0.6197405159592027,0.7076892854421752,0.06577475427472312,0.7505141673339989,1238666808.0
0.250442345622621,0.45900656541957513,0.59120061991989,0.5807651598117746,0.8004682172807999,0.518917994052599,0.722976526484655,0.20884579962902797,487054387.0
0.00648634817426319,0.9128557788260254,0.9764675775018952,0.23482328252007637,0.08984344911316099,0.0407118668611095,0.44456399307672007,0.6557678627809235,1163320851.0
0.7816253712445321,0.46383132614023626,0.215680398088552,0.050722263969246166,0.6817328359517457,0.42488459685386176,0.45927626061282056,0.028354082375297903,411394930.0
0.12732633078969155,0.5276227287702917,0.9991091548244051,0.6361800448050445,0.3138868291754291,0.7729725486343608,0.44202218363702506,0.02296183043517941,1820631386.0
0.6320307490228433,0.5626321392886606,0.7066372725561377,0.3255605737304643,0.44561515382048855,0.47150555230864544,0.1941449319275004,0.24865174175648463,524979620.0
0.2019479233854554,0.09282428272355037,0.3875287138495941,0.04908455942959422,0.13430177961400258,0.5842759416186151,0.2011947158929316,0.7804775850658748,1431858566.0
0.9728774524052448,0.20583291209561727,0.746281766278917,0.35307878067499965,0.6829504428288034,0.8462017907134707,0.04143908643310312,0.3308386177986663,1253079812.0
0.4659005881497968,0.1417653832343665,0.07794872920811545,0.9804013600402,0.45470422778857456,0.0013198898382484892,0.3160359627218402,0.4540999783711244,1366992487.0
0.31204090422037145,0.559514816019327,0.29380988269361685,0.5346304186024772,0.11898362549813568,0.9001316779866512,0.5029074979800828,0.6155487514439113,2039992206.0
0.35997810845986644,0.9340617604935885,0.49606215819279936,0.3301410099698122,0.7077663452418625,0.7177636171841797,0.5868266571183183,0.24606928765151004,1953156643.0
0.16724745582484468,0.6117392217461652,0.3499908992322799,0.016292491299135792,0.31823149872688167,0.8955450118566198,0.03374017167971365,0.135300604533375,1941933967.0
0.47389689565197674,0.5505802850330919,0.7168920346607696,0.8206071223328699,0.31576160332613024,0.9162005109355763,0.8019785870836588,0.16152386373927763,583302937.0
0.5819902539374364,0.5689527133900768,0.9325194597913602,0.651003702706179,0.1471791594072006,0.15560780085940373,0.9707879766367687,0.7447871263317388,1197640472.0
0.9977352597343971,0.02602180207292737,0.11951693700155964,0.3024415835607397,0.0662180769458155,0.7526931075277831,0.8646347769534921,0.9622631196666833,1098387080.0
0.1412286849989528,0.04572728453048869,0.3970941262443514,0.017839355077590713,0.5917717611311919,0.24147798768291984,0.2119945024164155,0.5373587858335305,1974402385.0
0.47826050246193136,0.3655814330196542,0.4088952331148978,0.32611399502024446,0.9532952613625539,0.6658963976776859,0.4474786952915492,0.13493095987387835,1814981986.0
0.0931640978145396,0.5731813814722414,0.551949200176593,0.9240948888746479,0.7342467325252413,0.5417381885947072,0.36920492675817407,0.5778581556636588,1816767823.0
0.9630016523172616,0.8463259355801104,0.07523101543420406,0.9380672087083219,0.9180814662360077,0.028058560117600995,0.6828392691134116,0.22228286685442833,525086625.0
0.7671952716655037,0.1883368137208522,0.9781362119079171,0.30281495704415784,0.054221147519124095,0.9866748256087422,0.46191804283742566,0.28376434422067676,902480225.0
0.5558336625057497,0.5185915221590193,0.36755248055488754,0.8345891727053997,0.5930384222189339,0.3113901952316337,0.26195450016287947,0.554889526750945,94469839.0
0.9380248507693256,0.8202377939719425,0.5840396796014208,0.197684423778864,0.9969987569867192,0.7797642931352675,0.2786537537822875,0.9998218710723005,365016058.0
0.01333063561035186,0.06482922858756301,0.0998280244286189,0.02470273908329279,0.9453975954264493,0.1399146567096008,0.6459136761674705,0.6899431729209226,1586871516.0
0.3593308234246584,0.9305958669159,0.7186415881041148,0.617373076728046,0.41379501302484817,0.8347099424975944,0.6134085729968373,0.49739067745981735,758923193.0
0.9634609334650056,0.06547623947057213,0.34745360641956835,0.10925349803228834,0.9412863414023224,0.030136001101603305,0.5276995704485089,0.18102713123807712,1928290836.0
0.5525506902494681,0.8358209395177421,0.7591410461051261,0.2879241135554217,0.1677016310262014,0.5893769246933309,0.0965228639073028,0.7956589147931722,1671372634.0
0.5925448102253441,0.058734805614466416,0.7330620155587326,0.8021752213355153,0.7523955062080943,0.5713818516923859,0.37149510785732015,0.7639380445293596,755603580.0
0.05675597285738876,0.7023302473914905,0.7643807488387736,0.3785129588754661,0.5987452469138527,0.8252497628616899,0.8257228929308182,0.5590194099552959,117482018.0
0.531542694041718,0.4086526069016664,0.266824561182476,0.5876365414503346,0.46994239250958914,0.19022464078037735,0.6851198320004388,0.9687673966276664,1396526658.0
0.14499602283532642,0.5217556337879452,0.7044306911823269,0.7183133718585177,0.8445703118336956,0.1904499261579685,0.16744639350877477,0.6733579141105237,372678293.0
0.21704337017235095,0.9897843777190154,0.02100298834641168,0.13528907806862378,0.9750010436217952,0.3987419495387211,0.46655711436362474,0.08956042554544284,891282342.0
0.4292951947525157,0.671159113989339,0.5400566101533579,0.9081553581407624,0.3348979391566076,0.3008632864866003,0.3291918838177241,0.2299467339032948,734227694.0
0.5556282224583885,0.3621478597620942,0.556901499874566,0.26432324346787006,0.4326939429721725,0.7865446839254993,0.5885752045788492,0.720027996302511,86562599.0
0.050178630371344075,0.6030713738233235,0.6790404084706371,0.31376357500683405,0.07942772888312144,0.23496986136981987,0.5606359766787993,0.5979887895141798,1187460024.0
0.452593334150226,0.5865179268514139,0.16843371116277184,0.49626372471301183,0.39499671220939325,0.8156917737123948,0.8452324886584768,0.00263280501178198,1621950933.0
0.3261404492650286,0.8423263187013886,0.33692634184285464,0.1259043584909214,0.8538736406135207,0.7519777406954099,0.37434680571762047,0.9917394903639672,1955164231.0
0.47551552637657696,0.6359367679466468,0.13402824055931895,0.0963875655758245,0.6847771853006837,0.18775515651107133,0.9226565512719833,0.6092560774994553,1763341065.0
0.8698267157536897,0.24852343116679287,0.3727675800152548,0.5418959071575292,0.7608389799378121,0.3910097693607312,0.26291283261237897,0.2249292039276367,838965738.0
0.5699179403803812,0.337234589146431,0.598647061205322,0.9746714171134162,0.6010445408865375,0.8026082879234968,0.6152180012229319,0.7621548158321363,407158115.0
0.5572704281840302,0.031298511026668474,0.5568918242174411,0.3461411748533175,0.7983731331537971,0.04557017500138338,0.06060255486552202,0.9879761174340227,92287862.0
0.7575635777304083,0.8915793143767374,0.849666370056503,0.11638474669665055,0.2733030129831394,0.8741380205875748,0.150933844557549,0.3587915994184864,1487094213.0
0.9908326941034323,0.667597171822318,0.7706317767481256,0.7041650533115256,0.6385632352473152,0.844301591804086,0.42742443909908334,0.48522011418362265,822415490.0
0.2330860961623631,0.09133223768492463,0.4913427744675387,0.5777666322362947,0.8657350281851761,0.09033111870948286,0.3492075761678314,0.5736061617325672,945118881.0
0.1450980217244315,0.06902254357293369,0.1268546984123642,0.45035647192181566,0.5726943515083363,0.49033090704558646,0.43489345779958,0.07954270544822793,1730542240.0
0.2291581833622256,0.691726385643223,0.9822137132297823,0.26443769925447513,0.07840487865245493,0.6678173887883875,0.5125498626650747,0.7878793822052741,1510839504.0
0.03347866979802272,0.16774067395226933,0.9500016416269452,0.12488373440365597,0.13421805419792154,0.41237066196581246,0.24458306624853757,0.32096938096578126,221806238.0
0.7231136039192366,0.6114334462792983,0.5065047460982567,0.05900598125834755,0.5674309680546414,0.656985182430974,0.25447981846394885,0.9586044870185341,1869848398.0
0.7642987380396777,0.8607080914125248,0.33564244571956414,0.40649598351254174,0.2787833737243939,0.299473171454239,0.548949962964231,0.823569026412406,1900318004.0
0.02039674967962224,0.2219619380797606,0.9248760998710582,0.20812630054861103,0.9535129268897992,0.4345560513126404,0.5174804923417555,0.2034265391504588,1483554911.0
0.5060682859330085,0.890633966255132,0.3788731863952864,0.5588516033595302,0.14601544835349933,0.2116350118260032,0.17673689742203402,0.4826639672324241,1535867087.0
0.8508841667603316,0.9743645267466208,0.03723097877135584,0.40987055565918495,0.47745702059405054,0.8776126514963158,0.059437007633777565,0.9420023873226909,1560626692.0
0.2367513383907456,0.8132477954694126,0.4590906910269007,0.4194738800295488,0.4375377659957752,0.03136484848133392,0.6722947025036984,0.692876177832592,291193836.0
0.8463468402716734,0.42539673983870974,0.49781835100305794,0.7297980788595888,0.38145495083167374,0.14465315356490083,0.5976436887605228,0.663155574399611,1990837322.0
0.5876176081991581,0.9958395932683128,0.12011447753100468,0.9783688894131604,0.10834745342086682,0.8417475061348798,0.8992332016371488,0.70749032664424,1040757735.0
0.5155345994300328,0.620903396773799,0.24028638431008076,0.648444036258759,0.38624414098900417,0.6918293471103868,0.8666649498702041,0.7359419914874483,1908433519.0
0.1568180732575497,0.5481325245134598,0.7870775881386217,0.1978148392409994,0.5493735882164807,0.8048559950070869,0.39820441825007485,0.26329382474193463,2058091995.0
0.27894551729333183,0.013221768073923612,0.8508160755621886,0.6585814721378712,0.9789109765768904,0.14903207429328555,0.12834487647216464,0.06367408754573078,923993413.0
0.7666074168445148,0.7542991345847961,0.8051640007022564,0.2252961101060761,0.022692195712838314,0.15784168110376595,0.1731121595568169,0.9399489980696896,2097341461.0
0.150790366922692,0.35424257684913685,0.5862809519137969,0.2490999240980116,0.8448761090758204,0.4588285440663581,0.6278287067102346,0.3460259867703023,2011639051.0
0.8376406052824142,0.778101812214899,0.7427268683210586,0.5940822512797217,0.965026311713084,0.2653988796563244,0.7090597969555049,0.44715487119987296,1693151305.0
0.760125750565358,0.13514944469468837,0.6517249232255921,0.35750763266092045,0.6453337030889447,0.560402984052834,0.022279922382957503,0.287992042617094,1934580921.0
0.01637427104069633,0.7345693773893115,0.7595276961054409,0.6147209759537717,0.7776088855392237,0.870109632851631,0.558070688939917,0.34874782553306166,1896677388.0
0.3505058932996252,0.9299041721416436,0.724856627637495,0.9813854253365587,0.6160574656791181,0.921920322335048,0.9818331396230631,0.5044914736866553,1997414963.0
0.3335452028178528,0.23028732489502593,0.04007847487022864,0.9246711341119096,0.858750349508914,0.9880084064408547,0.8247720581432167,0.8093095828269045,2009847921.0
0.2958405836871564,0.8510354675680177,0.8393877004391315,0.7792982548084014,0.813769968701555,0.5339688333981804,0.22442305512590296,0.26795664425477017,1104941054.0
0.8077269880580186,0.14719010649820563,0.4238807618139593,0.0867451952368622,0.9207754172341068,0.5203715673055289,0.7471665323274211,0.1159816404193248,1527015041.0
0.15514685968847464,0.8478562557252028,0.013509414665078157,0.6901447286665787,0.21905433108721337,0.07555278128052578,0.4557686626898235,0.6537281233690088,1351771265.0
0.22388658398282324,0.7453773985229558,0.010941292461526309,0.8521379653484835,0.08974460212385016,0.9144864918756963,0.9004198001724971,0.8235438395012004,1021128357.0
0.8374233665541987,0.9993880177880806,0.5303635603653073,0.14175542902532287,0.9898672769956435,0.4173134850602492,0.1720456167810176,0.16406469423406855,831974057.0
0.13948268814244824,0.6850120946687706,0.5048839218275906,0.6915639370081016,0.9989716807986193,0.03356594333896712,0.8872187646597924,0.8265966008634495,1653053245.0
0.8312507811899637,0.6996502767271345,0.667266528358344,0.24973072718321965,0.8029387273789088,0.12878717234831183,0.0730723502215306,0.4329521061419763,1182860533.0
0.2021772671077676,0.053189038229613184,0.6091247140431931,0.9178544798196228,0.653489424497286,0.3215944335775708,0.7604210868879439,0.6714810734524185,1476915193.0
0.9306324591948291,0.4124595426909341,0.02005779452845857,0.17034947525777022,0.32096524454811853,0.4188164688516138,0.8072316202329056,0.5528801260993578,1952860619.0
0.2637662910952964,0.9763700935580232,0.9574365280330028,0.9800335819479487,0.964345101309734,0.8363902832930293,0.6778507355948269,0.1895372750834544,1268022476.0
0.7508811544839121,0.7029190890281739,0.0998902269530283,0.878917279763654,0.07760130750357273,0.3728584344617992,0.6235800253422084,0.7019978446187933,115125046.0
0.46454121421682343,0.6501109019497011,0.5095403847878544,0.13412242477897773,0.37304761192649144,0.2906685145939434,0.4603082705907029,0.738003453842628,1856931687.0
0.583539280165029,0.6115094920059676,0.34314040589969363,0.25650826275379346,0.8960170804980093,0.45728540466320494,0.3830208918957515,0.7550240838241425,132327678.0
0.019095878876418722,0.7305514238964813,0.049808726756948696,0.2115121011935632,0.9565979342443645,0.7500157053092988,0.34271534191156366,0.9117591830949363,835505612.0
0.23028813656448696,0.4282811311803391,0.6960761739100482,0.3733128278251201,0.7551023109647346,0.17596829029394978,0.342124926731034,0.30124922085127254,2099250225.0
0.725294881013131,0.7128951506079978,0.22598126002532992,0.761925258196115,0.6076383765037318,0.3615581374843687,0.13381609470887768,0.15859479769318827,572846994.0
0.6116647202837393,0.5319551363424597,0.27287538778752507,0.3464354602795543,0.05277672689253753,0.45748778262472056,0.7636643610349357,0.7627162340730776,659135635.0
0.38749321045271423,0.8246961705940447,0.9961945283533794,0.007769568577774888,0.6077319988572563,0.8161761857571386,0.012405952799994124,0.9332216272923712,1128379968.0
0.5344132281263999,0.7980997784036907,0.5176536717484479,0.9893369726595683,0.23966691882095256,0.38530691348539253,0.7250262783204197,0.2611402546380216,722157931.0
0.8019756243410565,0.6356594394465321,0.12826130107511513,0.20034150814139065,0.441786728841364,0.009599596006413249,0.2787059295151081,0.678597783679039,1125673427.0
0.853214326800536,0.12958372371320667,0.6586225211446379,0.9854925342662446,0.9043040552367833,0.09908486267425431,0.05107825219424034,0.3120767850716228,378909462.0
0.14876403881678368,0.42863349920586413,0.32881019309478765,0.21273322377185588,0.4259070861927184,0.4306370081572792,0.9249735097642112,0.6222076950314155,1211024070.0
0.447002147439028,0.20270611863933985,0.14931760544945671,0.300772124838783,0.7486903127745173,0.17393945800820032,0.8307461663901357,0.2636001407277707,745583856.0
0.23148457479439863,0.10659431282237208,0.6895976478772783,0.7053031378389283,0.6638444375680257,0.7472112255752974,0.8244008843282908,0.5163359474178615,669409857.0
0.080167000013881,0.3979222111080637,0.4520172952886069,0.4373382725129308,0.4184339509755341,0.02332078649419722,0.16591406887256155,0.3587733001739585,1117121720.0
0.7933115606719973,0.08868718436870947,0.6290564353221373,0.7384224057823585,0.5104517734152977,0.6822115333565836,0.15038888895008917,0.12910843428079777,334123022.0
0.8650003139358542,0.09971694531491726,0.3107039512350688,0.20856823220418408,0.7070378744735168,0.2070361074460776,0.9713511300201357,0.7027318482120333,1505708421.0
0.7304928139194946,0.6230736146316525,0.986393219545873,0.37681217467251266,0.8624081198748118,0.5369546191175778,0.43376315596202,0.26200215127060245,1668085648.0
0.24291131765578608,0.020119801224895647,0.048880971761735885,0.09185434895626954,0.5316694114602712,0.5820575724954191,0.15123829189814364,0.9741071870321346,753160707.0
0.17803517621960896,0.9126704949038461,0.08190606748026653,0.7103373984863177,0.7078073628983349,0.6633687332510886,0.4912489581468391,0.08727399578393247,1135705806.0
0.424354739792921,0.33789699618407854,0.90254725828346,0.48911195095411,0.6786656238900881,0.23424427213926324,0.6787983066538161,0.9318919446702743,529875749.0
0.44183331748775057,0.8364692571135774,0.7197057990709153,0.9209583319889808,0.30063581037842807,0.935435461661689,0.06910299935737607,0.6682615948828388,265141419.0
0.965936763532095,0.4595427275774767,0.060915731511896776,0.5814208819823937,0.6057405559290236,0.8706208887450461,0.8554775219570248,0.9122048298243982,600524913.0
0.7340370784596529,0.3592523691493943,0.2728640552578548,0.4336722855198764,0.8295760465612986,0.7678803183641721,0.37854159852694,0.3887656020869291,574986853.0
0.9906454994478511,0.4202401523742912,0.9990978651000403,0.17069822251437883,0.40033187464920406,0.8499361227412577,0.9574993408551232,0.34332280010541605,1914351014.0
0.15037113566617333,0.14142863831910468,0.9733287429205507,0.9908768832289047,0.2700907935068212,0.69809658512099,0.11534794223225242,0.5060077708227327,995294415.0
0.9264010824163639,0.9334015119802064,0.7189565136792283,0.5893441358868398,0.07759021824750156,0.923340067777487,0.44282593445462937,0.4934668501374707,1773743950.0
0.9047317721273542,0.10426251832885268,0.23753308951979513,0.02049207954829646,0.9071698563622441,0.1012609574495189,0.4566525454665743,0.6000720339876103,1144318269.0
0.6197469840679336,0.06773735795185154,0.348981407515382,0.11472465570591904,0.4495850289275796,0.2435176268292553,0.26214880697169995,0.7519055005048134,1869324057.0
0.8554005658252938,0.3842702066949684,0.8885259804040758,0.9472635894642627,0.7501972127801366,0.19123716961518453,0.7487332650505847,0.454991276183924,162159660.0
0.6163427360837381,0.5405130427153395,0.3657365617756223,0.10393326510014288,0.32950382552317903,0.9060771955782002,0.15901959368611773,0.5608483744120828,1292814311.0
0.8989517644825951,0.9024850553178371,0.8890242427255569,0.4164649376699776,0.00907035107739984,0.5971916988811001,0.5618586412494483,0.013231900255179618,1230988270.0
0.11093018194207382,0.017354244087982584,0.6562921155737578,0.1100114811648808,0.8755189106480421,0.8984583526476377,0.21975615449793728,0.22527391416343445,256614351.0
0.7112544042765446,0.29715436378036564,0.9220013851168114,0.5412490039955076,0.6242035425319918,0.05732111057258982,0.9971242547048238,0.12009137426291748,1404311455.0
0.30844850261974166,0.2803993983901283,0.40457391059007697,0.06967276253975285,0.22603539910847992,0.6176611518754515,0.06822871873749692,0.7676346829018658,1775709352.0
0.9726070161800487,0.23248164064193577,0.44374655768461146,0.46034124735644,0.04413922202300236,0.32171773096398715,0.8012230676251042,0.8713856631128638,13580724.0
0.7782830386384867,0.49001065930069193,0.21514514965351597,0.8118301584432006,0.49264237353198087,0.07145163338119465,0.7260034037586449,0.3878817013581336,1811817895.0
0.7358039668548588,0.9446590796784033,0.3442520530783906,0.45006819964574496,0.8259124498971279,0.45208472066151734,0.9503345305966083,0.7333532119820065,471183453.0
0.4040878428724983,0.04095176387593968,0.6956079796523056,0.561000755197128,0.2464775926172542,0.5758622987348628,0.5508652756558159,0.6762625070760078,1492329991.0
0.5995518648738832,0.6374204678801396,0.5884881800044099,0.1394680035265996,0.5447489675727103,0.33123337835565086,0.7011907126465279,0.6639448349465071,204290029.0
0.9564239352078338,0.11063173440918785,0.945727980032449,0.5600734322852151,0.35174498939989784,0.7072641935826143,0.20914072125593908,0.23998987332381827,1373396267.0
0.8882289369297786,0.7619353834002227,0.3657452530142796,0.7795937352103941,0.768237980892522,0.16781420075853815,0.25757833737005664,0.331700398854943,98713189.0
0.1236920016069245,0.598916452549435,0.9869012029095837,0.9630725395215358,0.9578423399021314,0.32938862966411186,0.6344062405728889,0.8780917314063971,923871387.0
0.3726504748557311,0.4053196818657121,0.6436929976357331,0.9275510117285805,0.39586194138912983,0.12719077217574803,0.15039301425797036,0.13772172391083504,682340141.0
0.36164045703872416,0.4155353993931706,0.3083497334931723,0.13047503106690883,0.10505867416141812,0.24011590778664196,0.22943659760678656,0.4441725754418856,647837745.0
0.11339879810951659,0.6597772977126898,0.7001799402225488,0.9421302355782231,0.946621455548504,0.06496205104100361,0.9946244597950568,0.5994244821708726,1156217293.0
0.8544383854935822,0.561296124389952,0.12778736385754674,0.39340006941218714,0.13299930499852708,0.9592805119400403,0.9207463421417088,0.6370416548515555,1990706766.0
0.39082499018772543,0.9039088910838848,0.32605061276869773,0.015826958584648665,0.06085865117714805,0.19934247719443365,0.31437903940112666,0.9023711714664795,1406335531.0
0.767073701284677,0.9705014189108588,0.3614438645394717,0.9858649270726288,0.8996706353515654,0.8080257425156053,0.9348574288762048,0.3123198689695307,538350739.0
0.7461785134240377,0.4256097298691024,0.641207050015246,0.5568940854401612,0.5091942040902587,0.7683336017571111,0.49332549408133497,0.4951631540314847,649030476.0
0.6815647241121573,0.02669020269833844,0.30250214177416923,0.7598103972586882,0.778128590373463,0.09648313953185231,0.8504484174610221,0.27746908193734166,2143515677.0
0.9569986592880947,0.187756265518636,0.9691051866617747,0.708787006102487,0.552105709380179,0.3393288721979173,0.011646235470093911,0.14333900836987978,1556635447.0
0.6251302802042386,0.5121555028689219,0.7441554913409079,0.17395435806727466,0.02860260373716605,0.3402544272606405,0.8378101118867232,0.4362527835171095,137623279.0
0.37127192171500056,0.9286659591649375,0.8573385145286837,0.23189478191488644,0.14661965121855655,0.6195286086704191,0.07248803468150156,0.923674897893132,884296372.0
0.9572423313746874,0.602572264144836,0.9209473279439253,0.806028410798735,0.20098943603877953,0.3876301781276117,0.2173038200207937,0.29535024603895127,564815316.0
0.11531426992833636,0.4768638404932792,0.3265112202730267,0.8514825579833608,0.37991417424488105,0.8940683204522872,0.3109570575317241,0.0355182325599851,681399449.0
0.44590490449159886,0.6113744329752548,0.37833774230528106,0.8015705745036588,0.8395560924080174,0.8169932812253352,0.6226514763679363,0.47907001045405245,541737396.0
0.26365101340271435,0.9637331368973117,0.6096987813753335,0.39795702434396446,0.047118032384317776,0.25936188970924606,0.9236039770769356,0.384918742051414,472885139.0
0.5057481827085374,0.7613554377587197,0.025452421711400827,0.93945719117952,0.7060009963192356,0.8982234579501607,0.001384556238959056,0.950763405820084,1669400289.0
0.5948208117327057,0.05299755010927576,0.4165170992162613,0.5063712687872776,0.49355314969100234,0.008949962550471424,0.18189480568583272,0.48587061125522135,521592281.0
0.8032984898869148,0.29569020271997287,0.5770716110268,0.1049701093621148,0.5461694085875248,0.15049306809769825,0.36099259627163416,0.8046840835737653,1184658531.0
0.2390872911742563,0.9201327943214259,0.7498163377478747,0.8478319041363643,0.4613347506508216,0.6335422781952047,0.2879279198328112,0.06142674913646351,1052821853.0
0.4204136229344799,0.45637296990547327,0.9992328431522558,0.9086558900319597,0.8430690735966058,0.6457346657032401,0.9692953814637859,0.09701622579659107,327059359.0
0.7657161352254618,0.7114946531973324,0.7041516349136571,0.01701474158363447,0.7655844466481133,0.49168683580465494,0.9734031904901069,0.46120923642390665,495887501.0
0.5699033001025233,0.9986985326853594,0.8383950383217997,0.1203919930330234,0.3775709513848194,0.9766077368159111,0.45269188585117776,0.8761928615284118,1442584887.0
0.8387258267431548,0.0844904412367441,0.21537013539462532,0.326199157995387,0.4657315519413056,0.9102466415397773,0.7727161504598563,0.5725021886576144,271911984.0
0.7564810941581318,0.16412666949200938,0.12321342929162447,0.8476844150110443,0.20391011306704,0.11666369764844874,0.1859936990010773,0.06651565406964721,714005833.0
0.8201665655083399,0.3167438391354612,0.6197974285590686,0.38381974871323166,0.19214738749452864,0.8660803590608168,0.8754684487910339,0.4684008320169077,1151849885.0
0.6465570093866999,0.17030831112844136,0.6472068820608687,0.40317670218070206,0.7888818834548129,0.8607414760077293,0.5378159068169459,0.1633062895412314,489359644.0
0.7762798203414758,0.0027412108234551318,0.8973690650703665,0.4107588399288356,0.8166156272549399,0.027389038759471847,0.6341444519262107,0.17687987010002923,1435602327.0
0.26830386711874,0.7805682057211096,0.5257633932743924,0.10288448185772169,0.9345670760137066,0.3185984504493903,0.6066173956562521,0.7240046891897884,1146493719.0
0.8922070461251187,0.804672011187234,0.8651909594718433,0.7538773315012974,0.4238957502444817,0.4560057329325546,0.9065022688696704,0.9278183021261066,662805485.0
0.2496065677889152,0.28496686173891217,0.6013085927412247,0.354649653996018,0.5985551798339965,0.29418222084651485,0.17009157265186803,0.5994197019345333,2014148083.0
0.7006439809530424,0.7536161682833207,0.3823895808753985,0.4818273905972612,0.7221721811938863,0.4983127038233669,0.6776553214733947,0.11088743711198767,1215701787.0
0.709814518227605,0.6279045522919418,0.4475224169243901,0.718444483152085,0.23596018143675776,0.23689753300050984,0.8652234999074359,0.4126740368666826,1397259391.0
0.8830878030986675,0.5065267279314176,0.3000862052620227,0.9113073231132912,0.873410059414297,0.026831381557689493,0.9579324688567608,0.5263133280240879,1378713838.0
0.11427163506661132,0.925455642763292,0.1926335819156848,0.6332331225361553,0.5968205201354548,0.2208919795055686,0.36887204618630887,0.43786916819832816,110876555.0
0.5367560098763126,0.5009269417050534,0.3073033312128677,0.8538704636395081,0.4674589595147214,0.5214349073780289,0.7457649516945031,0.16527274471588216,1444268260.0
0.6261366124805265,0.5898351016151431,0.48721263831196926,0.18854584155192144,0.3436362561739331,0.6432817120383124,0.12113269547596572,0.646078870527406,1374513949.0
0.25341676632028476,0.956675024164156,0.7065414037905611,0.6672224131563279,0.9007370265250207,0.7079691632227294,0.5525313498000176,0.4296157306310064,1918159268.0
0.4079206100302237,0.9688165392507434,0.15365884578850764,0.3537439122924271,0.15502239957874453,0.14798956875749947,0.8357604291274544,0.8391404607749087,1378089708.0
0.7715358722915054,0.003290156598475757,0.0688611700255245,0.12045743729110392,0.5530587086984659,0.9329467611776872,0.8703011581603463,0.6428942189375392,1377388341.0
0.8787895825300309,0.8196588008259951,0.5723645611476845,0.016333012223962107,0.3573929895867633,0.552951098472965,0.4546804396198668,0.9434553394208685,1043540255.0
0.14074934848028275,0.9092975164373681,0.08258813900474049,0.36432864426743294,0.5006486440982152,0.663944012452842,0.9971841851159783,0.6668913145386901,775194756.0
0.2245948568640087,0.6191153093002519,0.7972929576150181,0.46488853946542713,0.7997774577535378,0.5027794182290083,0.03550771749912374,0.8968103107242954,984337057.0
0.03409242060985118,0.005075190218813419,0.6381187434591332,0.791650726092397,0.9628799963798138,0.8928168082191255,0.899220596376603,0.6981888426191585,1462059115.0
0.7913850924918819,0.4660154233810661,0.6177899005831121,0.9058499554938669,0.9520529742878813,0.3787770231458433,0.5924892005158606,0.8701667091962128,2077809663.0
0.22941796734409192,0.9783276691775153,0.7374320426269232,0.6520022934332129,0.04615220673349296,0.6846073447396626,0.6439654117194399,0.1338459047609042,1841548728.0
0.546069245687906,0.9288766022794342,0.5855056277324974,0.09565528775331443,0.46113202990007834,0.1641443320852558,0.170892655940842,0.11095654804414833,288901348.0
0.02573021737480896,0.18182638218942393,0.44967672986656326,0.26402851076035566,0.8108793000008102,0.2175723293198216,0.24193177372423288,0.7229097167413806,488959580.0
0.5615689091876632,0.32742359941779586,0.00653413923922197,0.11571727155903176,0.14850022638704452,0.7409607602127238,0.12293272146125069,0.12844276030710544,1956817671.0
0.04585069268173048,0.8365663988728791,0.29447811927349377,0.11153327230093912,0.5741935322467301,0.747332301866672,0.7626077050457729,0.5109889285432405,679826293.0
0.5261287608112805,0.15558784355317823,0.8469727987108148,0.9063789201875885,0.6985991052981964,0.6035466239756417,0.500161196138854,0.6586741954069313,1489899732.0
0.8077984922250707,0.4651181473705406,0.9826384147861629,0.3885063491714351,0.052790367419189854,0.6938247649137371,0.49821527735758353,0.01690436024781361,567615953.0
0.9294149595114916,0.5431771016837961,0.6617922034342868,0.07222077779815683,0.8489348407972284,0.9634560278963055,0.4954258670511628,0.9823176640729789,1529550233.0
0.05953332646833986,0.2054605645629524,0.8881793607679433,0.18786994627700335,0.9378135072965224,0.4028492676974358,0.7298889237685101,0.7701450420465299,411375142.0
0.609825425147415,0.05978465486642204,0.69098382800905,0.03318008022749319,0.5481806404378924,0.2805458853487631,0.4998742568874341,0.11233448609125107,100460844.0
0.40428723754038415,0.04655246025035076,0.011304588588971987,0.14906438364103103,0.9280922476597218,0.4207664894145303,0.7187749074283921,0.8168078343780811,149357334.0
0.42910223379007706,0.7745139348333013,0.6989263620594672,0.42158671053764407,0.8011264642821214,0.44642071934403993,0.6670054063947337,0.5421203440030479,572776823.0
0.6398007833893473,0.14620779149807106,0.1685995393347743,0.02258002785647828,0.8492927865400615,0.5960058939220082,0.7095071316204121,0.6624431656388121,514372384.0
0.8967025497358518,0.10669196587200148,0.4607486145914645,0.6405595016369482,0.411484230611252,0.2742782455425849,0.23285681991893792,0.8516101069199439,777265748.0
0.7114183175628265,0.39541346606732175,0.8876778013248563,0.6818312473825522,0.5181849810255845,0.3808489325614165,0.1074679422346989,0.1746680599712055,737866542.0
0.46270764676696285,0.06478908839742337,0.19403770093296235,0.7308984430522659,0.886147107255506,0.4914810424909925,0.18959537091698847,0.5129390814370182,1164864732.0
0.7270371541642554,0.954065244510198,0.9024148467754836,0.81538619806341,0.652614255340242,0.622358050571663,0.5789197035317091,0.20835671149439672,376739100.0
0.6604172446125477,0.9010844425033356,0.8832697850727658,0.8437879109330243,0.17358782048718455,0.029852278608626714,0.7260576191118283,0.7686474891143182,1702253629.0
0.34922069887970886,0.19241334184165348,0.5775937887121021,0.594132698511783,0.20096624569950583,0.49303366513942054,0.7041861478734048,0.8665879411626268,2010049176.0
0.06127490934584623,0.3261675992502917,0.40374742854267687,0.26396330779966914,0.29960821879058697,0.1737233387436543,0.6742026864641602,0.5953217518625156,827767665.0
0.43478065469979704,0.10586232992256916,0.21678836325713793,0.9263065607117059,0.09866973772658783,0.12718934625355816,0.47779421701188074,0.7021267131025745,1263587710.0
0.19378817125251235,0.1266122306745482,0.5941617148248037,0.305788392898641,0.7721440658942295,0.9326155863993165,0.8464046476010689,0.9331820308536953,1244266473.0
0.4467145465669825,0.5845290594908458,0.59146078247861,0.17613146102488042,0.9345978052855772,0.6504968903281776,0.8803891733041753,0.752130789422349,466731127.0
0.9459932795998484,0.7184735182052086,0.38314687392622054,0.5070656859407942,0.4497270180791522,0.37626457967394794,0.48054286515620026,0.8284265914303389,1886236620.0
0.2301842550929455,0.12280179136313785,0.7313272242254728,0.5600351981332726,0.3782679690335757,0.6018057147504419,0.474268315618222,0.3795734022963574,832411414.0
0.3381005911388383,0.8149482122322833,0.8898717198930035,0.023298071432663825,0.43253529658210266,0.7506017930702288,0.10448958347802872,0.37840242385051936,1297963648.0
0.9381727925952784,0.37114836149006936,0.8079134768660509,0.543240124439863,0.166340487335489,0.2842669682181688,0.6985287465815935,0.9931668527106616,1535106960.0
0.5500325052620552,0.4266587833815612,0.8953640433781227,0.593961333075821,0.09198572597320985,0.29919850976574025,0.5592613467243486,0.9260609807678376,1955322161.0
0.2018211225233224,0.5050453950671063,0.788415298193839,0.7613596200958923,0.9717119849967064,0.09701110663070467,0.3462699417959799,0.19227038639588576,1948993145.0
0.8383271907140529,0.4467865764607737,0.5723825195506071,0.888345939404785,0.4893800141368108,0.1935485379857954,0.7054827721349016,0.18162053091237995,415710971.0
0.04729348326156024,0.7003651731439448,0.34751798624756813,0.9704061033281896,0.5057584724242725,0.5957024062454577,0.8190831375331962,0.45888129081976337,1564550778.0
0.5081317049302183,0.34995176728786415,0.9664150582467299,0.5944230606954127,0.9376516178807485,0.11579376212797,0.2636688191913866,0.5272539593826754,1450808278.0
0.2847845820454983,0.13824121024962055,0.12708055855367406,0.28699893920626673,0.1871170987115972,0.397362488584632,0.6647774038335815,0.9667108087939875,186003216.0
0.4601192865357022,0.8976881969624809,0.15581081551180864,0.8066371585446723,0.240363536138125,0.9698855362901635,0.8302467299158157,0.09061838690851133,1541462223.0
0.7730229405984205,0.14501468739816803,0.5180435062678409,0.7809141165966109,0.5458776559366774,0.1037751421380808,0.4424477885504092,0.9713375623041444,72921731.0
0.5830857758120663,0.5839762693730031,0.9624748972040205,0.3706363393686695,0.2526367214641362,0.09105688299134361,0.1726424696936526,0.2725157452515096,224523727.0
0.8677341122513295,0.6618595411789394,0.40309183745423566,0.051478745865692566,0.7471496019324029,0.6581156269376465,0.8028513273915027,0.7122171449743062,1947119245.0
0.6873478075918329,0.06487813341514626,0.9511036375311742,0.5119796960106275,0.9532240826224896,0.9162387668067544,0.0190346074550648,0.6898348584293423,1833528078.0
0.45130395151434816,0.5466569493289929,0.2030522090529525,0.23696181413523876,0.908622200306908,0.3261802335805892,0.3043464835477787,0.15001952922215944,266874841.0
0.6572725621055632,0.7408645510517216,0.29242803534049466,0.6061154144217118,0.11700901402887808,0.8574933147924989,0.8472778623907808,0.6951813297572498,1362175607.0
0.17334071084227975,0.508935436880678,0.5725524967280465,0.7434706838175708,0.7898150345946204,0.5409098195022851,0.33325263320550025,0.8390315584002531,1507013065.0
0.310385771980615,0.6702918567934515,0.24351336365603915,0.8769582640951896,0.9537253590373779,0.7113691609642883,0.46895017926603433,0.1246219041925134,47446492.0
0.6766820903890601,0.7861589573963504,0.8820666081816456,0.44627821888538727,0.5809358326424797,0.23095985862265808,0.6765949253091517,0.0002868860205472723,527561128.0
0.08137822558728813,0.00889936298273919,0.6192087513505722,0.05586880722452248,0.9185145868671114,0.9276918217119741,0.46883911812367857,0.5868709488074388,869199078.0
0.7038853581435245,0.4993267582185024,0.7355750840253236,0.6172445206213646,0.2877905008157913,0.2302723918646836,0.18042975628541624,0.830700507434846,513753229.0
0.8394030061842643,0.22748934866947787,0.6787651351373909,0.1603579297907074,0.21084829332794827,0.09147450215612084,0.7192786409358671,0.813094982852337,1486258303.0
0.269520398894485,0.6494506610750784,0.3155034212197845,0.4455265967435637,0.6414008510599132,0.09932182441427016,0.7628743044074744,0.49841685984436895,1891572245.0
0.919682944016407,0.7792318139725358,0.6474806935634799,0.4738559978032054,0.060138490577914094,0.04354083116123275,0.6668853329151229,0.5625044027853556,240751094.0
0.5664001850590987,0.1145233284163406,0.6810935328239704,0.4883296553967469,0.3528809079926666,0.23712744736506233,0.7680736166278151,0.2044994324990702,1449655403.0
0.9222575409927555,0.37669680301177255,0.24983545856523148,0.8164211010633566,0.7083726979116469,0.18063164585255076,0.22067958479920888,0.9794223938904224,1504187134.0
0.7275006885107653,0.3921768183480138,0.05525722711689352,0.6152089113139022,0.5786253913083673,0.11199421459606362,0.70849018173484,0.9526166785007155,219477981.0
0.6881363989200326,0.7308095558298243,0.6895702220152177,0.30202132063798914,0.5809451982581058,0.8806350504914682,0.25453190616593174,0.8187273911758085,57175397.0
0.4843449073333472,0.3119161041260511,0.7561743999985124,0.4448903623269681,0.6726182326542521,0.5979181681548739,0.9430244457281518,0.24008383198418592,292505.0
0.4833591540336296,0.991004181065408,0.4017916957844976,0.6141387827296304,0.590275906226576,0.335765278599524,0.6159382467297975,0.32576167979270726,474396759.0
0.7073420467013832,0.8309808349582909,0.77766506266575,0.5613028017155508,0.2913857886660308,0.12166493714097192,0.578384094541824,0.6421036719975617,897421108.0
0.24553094670004227,0.7621658399103267,0.24575831024589323,0.5674430737234835,0.8891379159160971,0.7307692323334045,0.8527922856430662,0.03038127936264112,2040868401.0
0.34147061607755413,0.8308085398622816,0.03399425966294789,0.2403755682216281,0.224703825380286,0.6430736069330684,0.5119297746698109,0.256333111056563,1597293951.0
0.7994469683537834,0.490281774363578,0.27140873434569524,0.21213801420368283,0.5462235962327965,0.5736066778686073,0.962435667341804,0.2891251574206457,826821982.0
0.1024121451265232,0.4306866745673576,0.021308300512054346,0.46667947047203584,0.21542421511910487,0.6147678696943931,0.4701148357692255,0.9208805671863962,854837278.0
0.26151839991183323,0.7482017717026426,0.6854048475492458,0.44616748902969017,0.3893054855756144,0.40157385076321134,0.991048185729737,0.18946958022971583,2023329624.0
0.7360519930236715,0.877026889788296,0.13087786859223238,0.3928497015343123,0.7815292701373928,0.7915379286981052,0.09369584876437066,0.2142772593639776,1694596625.0
0.719356018501831,0.8712782974285255,0.19705765756847904,0.011689463366367003,0.9799310831780911,0.16724217078514825,0.645810432889249,0.4620373676157137,1253805453.0
0.8121200546416592,0.6274504369299702,0.3158738695016048,0.95244787666821,0.48462065673307514,0.44882793908648494,0.07157814807299279,0.04612887592749004,1880653947.0
0.8342250179022963,0.5821982496782839,0.4902368899387258,0.991015719083788,0.12172171031418356,0.19034839330259132,0.6278459896094699,0.8555662138693152,1491110615.0
0.7459527886960156,0.12461628220911403,0.5136713577464506,0.1437868494368354,0.7516197085922284,0.6274583866363764,0.9652531799625312,0.3695461809689974,1001472255.0
0.21466302199598583,0.6092117168319313,0.04389234347621096,0.49466120685108805,0.930911151797131,0.3628043990005148,0.47550777981891906,0.44041242752338894,2025836542.0
0.29201606023268767,0.3042789616585727,0.6053658896815729,0.20674538882769944,0.6829902668317712,0.5044860950145885,0.34114186836303384,0.7721409864060795,65955087.0
0.6468323959282084,0.2440867662670337,0.3443150160971614,0.7571645749643052,0.012740705285290477,0.7909414338543398,0.5965910203214505,0.37799799251592425,579149618.0
0.5789772006807457,0.2767796705171533,0.8018821300247699,0.7726127279589302,0.0860942450264962,0.10296573020612176,0.5248992609817039,0.10653605092957408,1744785631.0
0.006591379964338451,0.7444514620307715,0.3619658423265463,0.06417236900096557,0.15316843871397956,0.48430788884908826,0.7213675128463503,0.30008113349566806,986771410.0
0.21002584533151689,0.4526781036135723,0.21538030660033655,0.46286804659557373,0.33066285803230955,0.9368466983881784,0.36958026118628273,0.23765671787284792,694483334.0
0.10395724040708708,0.5440221935089098,0.607995141721946,0.6428129422702921,0.7712429509111818,0.805831456056914,0.14486016794519696,0.7767303938218603,1508505326.0
0.6067397814170914,0.3048695744660109,0.7995299459319781,0.9811217632840296,0.3860138660847829,0.1389207682684378,0.8184900372695426,0.02443189247065969,1913686628.0
0.48763936423270887,0.7927290290127904,0.7687848862777179,0.6742642586302316,0.7578702947417669,0.9983355352979638,0.23369801477091545,0.5777556095946126,1782905023.0
0.07125334507564807,0.6399451408657947,0.8340839711070132,0.43559480974587217,0.4107784154562813,0.646373255683768,0.11780259315343312,0.14116108234452118,267162851.0
0.09674276068265064,0.5249275950741872,0.38173358519196143,0.8159267972861607,0.2625246915230258,0.3414936155578838,0.8636073905241622,0.031226042749449956,816797180.0
0.5828161918663164,0.4623432208421104,0.10866710691206004,0.2745772408245091,0.6699849846041462,0.46656450347260053,0.7099781700805912,0.1186094229249026,137443446.0
0.43977156980856974,0.16143950572968535,0.8839428641302836,0.7513570301646864,0.2900599815746643,0.7617386068457618,0.9409470145932339,0.2125137251711514,345065339.0
0.6903294406476214,0.07756774738000338,0.3033862189709362,0.1353751955098309,0.32904778958590886,0.9182712003068941,0.7644116475864826,0.6475881320752397,1150905669.0
0.17183751292827665,0.6962154327439685,0.10659384278939298,0.5140131045574678,0.8177300722035987,0.7712797361517961,0.3980093711268332,0.9418839331884019,656959011.0
0.9695600650478036,0.1818522706438943,0.4412795684889704,0.3863219475965149,0.7566821856191882,0.22699108046296732,0.7985814380322067,0.5763448024124825,1858936029.0
0.019265913072239904,0.07477902999123942,0.5641118028679529,0.5552070795488637,0.5612464685957704,0.5568667778895415,0.8574496526584875,0.45251498605091783,1278284188.0
0.09322272252473418,0.9328346558590355,0.4094747148416663,0.958847284731246,0.6535588133989548,0.5248845339347026,0.9936005738229363,0.2612309862238811,287651388.0
