3.3499999999999996,3.3499999999999996,3.3499999999999996,676.2868296363049,281.75647201181545,245.14779861546864,1
3.3499999999999996,3.3499999999999996,3.3499999999999996,720.684757236811,300.25365826055844,261.2416418449846,1
3.3499999999999996,3.3499999999999996,3.3499999999999996,586.9054846508003,244.51817115605257,212.74787745735603,1
3.3499999999999996,3.3499999999999996,3.3499999999999996,548.1762824085528,228.38270479856615,198.70889539271025,1
3.3499999999999996,3.0882847172445955,3.1107817425697,173.03538441539246,72.09047597793412,62.723746364877684,1
3.3499999999999996,3.114456245520136,3.1347035683127302,377.43390240866864,157.24754660313067,136.81634218441036,1
3.3499999999999996,3.1077697927883303,3.156233211481457,298.38485896981877,124.31391752859007,108.16178596288215,1
3.3499999999999996,3.1319928135094974,3.175609890333311,336.17007047372044,140.0560958781004,121.85858000718261,1
3.3499999999999996,3.1537935321585477,3.19304890129998,332.4079342227719,138.48870436484987,120.49483997914234,1
3.3499999999999996,2.90170819700094,2.959058482318917,165.78194445095724,69.06852794528079,60.094440629873176,1
3.3499999999999996,2.9465373773008463,2.9981526340870253,403.2047263932178,167.98425790450102,146.15803049100728,1
3.3499999999999996,2.986883639570762,3.0333373706783227,451.0570233062214,187.92061296130518,163.50405104448353,1
3.3499999999999996,3.0231952756136855,3.06500363361049,571.1832684400041,237.96793835890767,207.04871768589356,1
3.3499999999999996,3.055875748052317,3.093503270249441,325.5557637338997,135.63393432059755,118.01099076387922,1
3.3499999999999996,3.059602892388288,3.119152943224497,300.70591511806447,125.28092230084438,109.00314761635586,1
3.3499999999999996,3.0886426031494594,3.1422376489020474,359.2448915462296,149.6695910591177,130.22299188315176,1
3.3499999999999996,3.1147783428345135,3.1630138840118427,403.2025224627514,167.98333969695128,146.1572315863436,1
3.3499999999999996,3.1383005085510622,3.1817124956106584,425.51896528676826,177.28087725409972,154.2467382741758,1
3.3499999999999996,3.159470457695956,3.198541246049593,345.21669043006847,143.8251234723581,125.13789711055152,1
3.3499999999999996,3.1785234119263603,3.2136871214446336,426.5964998093124,177.72980263936296,154.63733469651916,1
3.3499999999999996,3.195671070733724,3.22731840930017,379.1442996284472,157.9601369793809,137.43634555400465,1
3.3499999999999996,3.2111039636603516,3.2395865683701532,634.4260248758661,264.3163088325036,229.97363924168306,1
3.3499999999999996,3.2249935672943164,3.250627911533138,486.2470283580468,202.58156928779812,176.26010645422957,1
3.3499999999999996,3.237494210564885,3.260565120379824,430.7996125837197,179.4809150001074,156.16092468648336,1
3.3499999999999996,3.2487447895083963,3.269508608341842,505.38193292382596,210.5536056582774,183.1963345832625,1
3.3499999999999996,3.2588703105575565,3.277557747507658,334.2474492665119,139.25508816270613,121.16164738057496,1
3.3499999999999996,3.267983279501801,3.2848019727568922,496.95876970932557,207.04432432010077,180.14301485422973,1
3.3499999999999996,3.276184951551621,3.291321775481203,358.1319468217244,149.20591297848816,129.81955958603032,1
3.3499999999999996,3.23232956419457,3.297189597933083,287.8035741863003,119.9055136690032,104.3261668771195,1
3.3499999999999996,3.244096607775113,3.302470638139775,327.99438449466834,136.6499191838522,118.89496851557064,1
3.3499999999999996,3.254686946997602,3.307223574325797,331.69608623849683,138.19213230715374,120.2368015867819,1
3.3499999999999996,3.264218252297842,3.3115012168932174,432.34771686385506,180.12589044715546,156.72209834782245,1
3.3499999999999996,3.272796427068058,3.3153510952038956,442.153100692922,184.2110363251039,160.27646042458827,1
3.3499999999999996,3.280516784361252,3.318815985683506,397.08044763088003,165.43274410580537,143.93803537813187,1
3.3499999999999996,3.287465105925127,3.3219343871151557,351.1532133015992,146.29841389736825,127.28983242795049,1
3.3499999999999996,3.2937185953326145,3.3247409484036403,371.1828566045466,154.64321877214087,134.5503951767641,1
3.3499999999999996,3.299346735799353,3.3272668535632763,485.5485417286822,202.29056387439533,176.00691143098305,1
3.3499999999999996,3.3044120622194177,3.3295401682069485,472.5493009406143,196.87478455891195,171.29480537890896,1
3.3499999999999996,3.308970855997476,3.331586151386254,521.9361790844375,217.45048105290462,189.19709761186522,1
3.3499999999999996,3.3130737703977284,3.3334275362476284,367.5025278453749,153.10991012026977,133.21630961727251,1
3.3499999999999996,3.278501157385046,3.335084782622866,294.3182853930062,122.61969050246958,106.68769018491237,1
3.3499999999999996,3.2856510416465414,3.3365763043605794,415.56031365713125,173.13187652511877,150.63681801963415,1
3.3499999999999996,3.2920859374818874,3.3379186739245217,393.57769602967824,163.97341813605502,142.66831991643468,1
3.3499999999999996,3.2978773437336986,3.3391268065320694,675.8835465891984,281.58845512372085,245.00161219443447,1
3.3499999999999996,3.303089609360329,3.3402141258788625,545.3078003926222,227.18762996135166,197.6690968623269,1
3.3499999999999996,3.3077806484242958,3.3411927132909764,666.7582036797297,277.7866297570304,241.69375873960584,1
3.3499999999999996,3.312002583581866,3.3420734419618787,540.1681962736257,225.0463540106066,195.8060373137555,1
3.3499999999999996,3.3158023252236797,3.342866097765691,423.01970535618096,176.23962873376186,153.3407793772965,1
3.3499999999999996,3.319222092701312,3.343579487989122,647.99870535518,269.970996163398,234.89361194410031,1
3.3499999999999996,3.3222998834311808,3.34422153919021,700.1580545484055,291.7017671426567,253.8008996090268,1
3.3499999999999996,3.325069895088063,3.344799385271189,637.8560653563175,265.7453416958959,231.21699758624345,1
3.3499999999999996,3.3275629055792564,3.34531944674407,469.7225811817549,195.6971088276685,170.27014528526217,1
3.3499999999999996,3.329806615021331,3.3457875020696632,567.3015930044039,236.35074410300618,205.64164579527448,1
3.3499999999999996,3.275824630132098,3.3449590971734087,285.42905784310494,118.9162361638462,103.46542639127588,1
3.3499999999999996,3.2832421671188885,3.3454631874560676,516.2545837501153,215.08339923695627,187.13757119822503,1
3.3499999999999996,3.2899179504069997,3.345916868710461,806.3119929357489,335.92791181896575,292.2807326763279,1
3.3499999999999996,3.2959261553663,3.346325181839415,493.08013370512083,205.42839636043539,178.73704472972972,1
3.3499999999999996,3.30133353982967,3.3466926636554732,606.0720068293964,252.50338014301695,219.69556668224342,1
3.3499999999999996,3.306200185846703,3.347023397289926,674.6894779881294,281.0909789913552,244.56877323303502,1
3.3499999999999996,3.3105801672620325,3.3473210575609333,536.2915432448912,223.43125220361506,194.40078599975118,1
3.3499999999999996,3.3499999999999996,3.3499999999999996,669.5732888218114,286.0630743623565,245.45558487144763,2
3.3499999999999996,3.3499999999999996,3.3499999999999996,713.5304754734141,304.8429871274007,261.5696341308765,2
3.3499999999999996,3.3499999999999996,3.3499999999999996,581.0792379270955,248.25559206827387,213.0149851900785,2
3.3499999999999996,3.3499999999999996,3.3499999999999996,542.7345028496247,231.87349770311098,198.95837700049165,2
3.3499999999999996,3.095010727242959,3.114905737094983,171.31765154715217,73.19236730657472,62.80249684586774,2
3.3499999999999996,3.120509654518663,3.138415163385485,373.6870929225859,159.65105005766517,136.98811688504205,2
3.3499999999999996,3.1299545315454633,3.1595736470469364,295.4227741836962,126.21403576051888,108.29758449474551,2
3.3499999999999996,3.151959078390917,3.178616282342243,332.83288957674785,142.19683077376916,122.01157504246808,2
3.3499999999999996,3.1717631705518254,3.1957546541080184,329.1081002829832,140.60548193337382,120.64612282105003,2
3.3499999999999996,2.9244643991775927,2.9655302925421596,164.1362169258831,70.1242292843616,60.16988998324727,2
3.3499999999999996,2.9670179592598336,3.003977263287944,399.2020883576771,170.55187026413856,146.3415338030507,2
3.3499999999999996,3.00531616333385,3.0385795369591495,446.5793525858575,190.79294930096634,163.70933251138877,2
3.3499999999999996,3.039784547000465,3.0697215832632345,565.513097120403,241.60524001651387,207.30867004925034,2
3.3499999999999996,3.0708060923004186,3.0977494249369113,322.32395171059517,137.70707718822155,118.15915510072715,2
3.3499999999999996,3.089841841816918,3.12297448244322,297.72078906527645,127.19582104516192,109.14000248874001,2
3.3499999999999996,3.115857657635226,3.145677034198898,355.67864548597305,151.95726668217372,130.38648854655426,2
3.3499999999999996,3.1392718918717035,3.1661093307790082,399.1999063057635,170.5509380219341,146.34073389535186,2
3.3499999999999996,3.160344702684533,3.1844983977011077,421.29481243385817,179.99058694501483,154.44039706425474,2
3.3499999999999996,3.17931023241608,3.201048557930997,341.78970318222724,146.02346734850846,125.29500937119701,2
3.3499999999999996,3.196379209174472,3.2159437021378974,422.3616502051436,180.44637408257648,154.83148388549665,2
3.3499999999999996,3.211741288257025,3.229349331924108,375.3805109243156,160.374532263187,137.6088986769469,2
3.3499999999999996,3.225567159431322,3.2414143987316972,628.1280388363161,268.35634109432385,230.2623741428154,2
3.3499999999999996,3.2380104434881902,3.2522729588585277,481.4200243003699,205.677995986506,176.48140331494136,2
3.3499999999999996,3.2492093991393713,3.262045662972675,426.5230384213867,182.2242519140659,156.356986762549,2
3.3499999999999996,3.2592884592254343,3.2708410966754076,500.36497549554616,213.77188365050327,183.4263399687847,2
3.3499999999999996,3.268359613302891,3.278756987007867,330.9293543481208,141.38357978429758,121.31376740786514,2
3.3499999999999996,3.2765236519726018,3.2858812883070803,492.02542953861985,210.2089635115857,180.3691867570406,2
3.3499999999999996,3.2838712867753417,3.2922931594763725,354.57674903197204,151.4865013566704,129.98254973492615,2
3.3499999999999996,3.255684501146944,3.2980638435287353,284.9465304628614,121.73825015708675,104.45714973923413,2
3.3499999999999996,3.2651160510322494,3.3032574591758617,324.7383641335831,138.7385912166768,119.044242698006,2
3.3499999999999996,3.2736044459290246,3.3079317132582755,328.4033188572846,140.30437681948314,120.38776045812517,2
3.3499999999999996,3.281244001336122,3.312138541932448,428.0557745754336,182.87908570706935,156.9188649847332,2
3.3499999999999996,3.2881196012025096,3.3159246877392032,437.76381975815485,187.0266723826139,160.47768960940763,2
3.3499999999999996,3.2943076410822587,3.319332218965283,393.1386056860341,167.9613569874737,144.11875145737966,2
3.3499999999999996,3.2998768769740328,3.322398997068755,347.6672938273007,148.5345616198043,127.44964647143144,2
3.3499999999999996,3.3048891892766297,3.325159097361879,367.4981016333534,157.00691549471838,134.71932495139737,2
3.3499999999999996,3.309400270348967,3.327643187625691,480.72847159059256,205.38254260217133,176.22789040204347,2
3.3499999999999996,3.3134602433140703,3.3298788688631222,467.8582750626872,199.88398397104874,171.50986823941182,2
3.3499999999999996,3.3171142189826632,3.33189098197681,516.7548866397384,220.77417667608603,189.43463703357304,2
3.3499999999999996,3.320402797084397,3.333701883779129,363.85430772337986,155.45017046675585,133.38356443009977,2
3.3499999999999996,3.301719511954331,3.335331695401216,291.39656973206354,124.49391274684237,106.82163797031583,2
3.3499999999999996,3.306547560758898,3.3367985258610946,411.43502094941846,175.77816940731165,150.82594450778825,2
3.3499999999999996,3.310892804683008,3.3381186732749852,389.67062611469777,166.47972545502714,142.8474418513731,2
3.3499999999999996,3.3148035242147076,3.3393068059474866,669.1740091902351,285.892489363155,245.3092149114568,2
3.3499999999999996,3.318323171793237,3.340376125352738,539.8944964305057,230.66015633925286,197.91727298950252,2
3.3499999999999996,3.3214908546139132,3.3413385128174644,660.1392541192163,282.0325537073073,241.99720840350693,2
3.3499999999999996,3.324341769152522,3.342204661535718,534.8059134766584,228.48615133005242,196.0518743453881,2
3.3499999999999996,3.3269075922372697,3.342984195382146,418.8203628098076,178.93342310854186,153.5333007241738,2
3.3499999999999996,3.3292168330135428,3.3436857758439316,641.5659824845004,274.09745941144166,235.18852393507873,2
3.3499999999999996,3.3312951497121883,3.3443171982595383,693.2075426208926,296.1603817294437,254.11954994607225,2
3.3499999999999996,3.3331656347409697,3.3448854784335844,631.524029094655,269.8072164951547,231.50729353998113,2
3.3499999999999996,3.3348490712668726,3.345396930590226,465.05961632415324,198.68830765569746,170.48392167166392,2
3.3499999999999996,3.3363641641401856,3.3458572375312032,561.6699553148005,239.96332720655755,205.89983156153534,2
3.3499999999999996,3.2980957116455816,3.346271513778083,282.5955860889639,120.7338517044015,103.59532858249318,2
3.3499999999999996,3.3032861404810236,3.3466443624002746,511.1296928505845,218.37091439535658,187.37252485768025,2
3.3499999999999996,3.3079575264329213,3.3469799261602473,798.3076843545796,341.06251591278476,292.6476949452666,2
3.3499999999999996,3.3121617737896294,3.3472819335442225,488.185296991791,208.5683363529997,178.96145141872637,2
3.3499999999999996,3.3159455964106663,3.3475537401898,600.0554928651081,256.36285369008016,219.9713973293315,2
3.3499999999999996,3.3193510367695995,3.34779836617082,667.9917941813659,285.38740938813163,244.8758325151004,2
3.3499999999999996,3.3224159330926395,3.348018529553738,530.9677442201807,226.84636295175102,194.64485872004548,2
3.3499999999999996,3.3499999999999996,3.3499999999999996,675.6157705500864,282.16964739626314,245.1368178040205,3
3.3499999999999996,3.3499999999999996,3.3499999999999996,719.969643422007,300.6939584240217,261.2299401481808,3
3.3499999999999996,3.3499999999999996,3.3499999999999996,586.3231159856613,244.87673927926372,212.73834792316663,3
3.3499999999999996,3.3499999999999996,3.3499999999999996,547.6323435662755,228.71761143330153,198.6999947012674,3
3.3499999999999996,3.088939824045403,3.1111485203943703,172.8636866063257,72.196191420474,62.72093680413088,3
3.3499999999999996,3.1150458416408626,3.135033668354933,377.05938609612343,157.47813869940907,136.81021382239757,3
3.3499999999999996,3.109930564663107,3.1565303015194397,298.0887806462036,124.496214851879,108.15694111343106,3
3.3499999999999996,3.133937508196796,3.175877271367496,335.836499020869,140.26147796159077,121.85312164248198,3
3.3499999999999996,3.155543757377117,3.1932895442307463,332.07809582460106,138.69178798262467,120.48944269992641,3
3.3499999999999996,2.9039246288543117,2.9596340690372815,165.6174440122682,69.16981192070563,60.091748842611096,3
3.3499999999999996,2.9485321659688806,2.9986706621335535,402.80463846691896,168.23059460741783,146.15148369032818,3
3.3499999999999996,2.9886789493719927,3.0338035959201983,450.60945298453544,188.19618487967693,163.49672727014953,3
3.3499999999999996,3.0248110544347937,3.0654232363281784,570.6165004572699,238.31690104187865,207.03944343198498,3
3.3499999999999996,3.057329948991314,3.0938809126953606,325.2327245384714,135.83283162562458,118.0057047427699,3
3.3499999999999996,3.0625481365114426,3.1194928214258244,300.4075336802237,125.46463766633717,108.99826508011455,3
3.3499999999999996,3.0912933228602983,3.142543539283242,358.8884236422497,149.88907063445603,130.21715885455365,3
3.3499999999999996,3.1171639905742685,3.163289185354918,402.80243672334643,168.2296750533834,146.15068482144954,3
3.3499999999999996,3.1404475915168417,3.1819602668194262,425.0967356121677,177.54084677349235,154.23982915910707,3
3.3499999999999996,3.1614028323651575,3.198764240137484,344.8741422882512,144.03603256083306,125.13229185665591,3
3.3499999999999996,3.1802625491286416,3.2138878161237354,426.1732009296048,177.99043047519936,154.63040808561448,3
3.3499999999999996,3.1972362942157773,3.227499034511362,378.7680861401697,158.1917740376457,137.4301894204184,3
3.3499999999999996,3.2125126647941995,3.239749131060226,633.796503007526,264.70390948542877,229.96333812054374,3
3.3499999999999996,3.2262613983147794,3.2507742179542034,485.7645400524533,202.87864043287195,176.2522113027914,3
3.3499999999999996,3.2386352584833014,3.260696796158783,430.3721430815867,179.744110714927,156.1539298299958,3
3.3499999999999996,3.2497717326349713,3.269627116542905,504.8804576277869,210.8623672151764,183.18812874001443,3
3.3499999999999996,3.2597945593714743,3.2776644048886143,333.91578557287426,139.45929562660965,121.1562202333105,3
3.3499999999999996,3.268815103434327,3.284897964399753,496.4656524648736,207.34793977101788,180.1349457771628,3
3.3499999999999996,3.2769335930908943,3.2914081679597778,357.7765832593302,149.4247126036275,129.81374462822058,3
3.3499999999999996,3.2346043122299797,3.2972673511638,287.51799535341405,120.08134638849263,104.32149383508505,3
3.3499999999999996,3.2461438810069816,3.30254061604742,327.6689255291845,136.85030635682605,118.88964289878442,3
3.3499999999999996,3.2565294929062834,3.3072865544426784,331.36695418567666,138.39478102356463,120.23141586578087,3
3.3499999999999996,3.265876543615655,3.3115578989984105,431.91871122439386,180.39003197158283,156.71507835489797,3
3.3499999999999996,3.27428888925409,3.3154021090985695,441.7143654659189,184.4811684189993,160.2692812224847,3
3.3499999999999996,3.2818600003286806,3.3188618981887124,396.68643664225004,165.67533919921388,143.9315880168436,3
3.3499999999999996,3.2886740002958126,3.321975708369841,350.80477452663797,146.5129498864603,127.2841307832404,3
3.3499999999999996,3.2948066002662313,3.324778137532857,370.81454301679423,154.86999181097184,134.54436831244774,3
3.3499999999999996,3.3003259402396083,3.3273003237795713,485.06674651036866,202.58720828118456,175.99902762081263,3
3.3499999999999996,3.3052933462156475,3.3295702914016143,472.080404478069,197.1634871190249,171.28713263630007,3
3.3499999999999996,3.309764011594083,3.331613262261453,521.4182775076921,217.76935637621435,189.18862297873724,3
3.3499999999999996,3.313787610434675,3.3334519360353077,367.13786613718884,153.33443467342377,133.21034251013964,3
3.3499999999999996,3.280762602429819,3.335106742431777,294.02624220807616,122.79950336498331,106.68291136406891,3
3.3499999999999996,3.2876863421868374,3.3365960681885993,415.1479656531025,173.3857618365462,150.6300706023407,3
3.3499999999999996,3.293917707968154,3.3379364613697393,393.18716071614017,164.21387323401188,142.6619294290247,3
3.3499999999999996,3.2995259371713384,3.3391428152327656,675.2128876686215,282.0013841236158,244.9906379310587,3
3.3499999999999996,3.3045733434542046,3.3402285337094892,544.7667078587989,227.52078410571193,197.6602427461813,3
3.3499999999999996,3.3091160091087843,3.34120568033854,666.0965995625378,278.1939836563917,241.68293264364286,3
3.3499999999999996,3.313204408197906,3.342085112304686,539.6322036144301,225.37636812944103,195.79726664892266,3
3.3499999999999996,3.316883967378115,3.3428766010742175,422.59995562206086,176.4980713378911,153.3339108424977,3
3.3499999999999996,3.320195570640304,3.3435889409667956,647.3557157241084,270.366889004237,234.88309044450827,3
3.3499999999999996,3.3231760135762736,3.3442300468701163,699.4633087634751,292.12952657945937,253.78953120254005,3
3.3499999999999996,3.325858412218646,3.344807042183105,637.2231399619443,266.13503792163436,231.20664077183005,3
3.3499999999999996,3.3282725709967815,3.3453263379647944,469.25648958823155,195.9840844119304,170.26251843986037,3
3.3499999999999996,3.3304453138971035,3.345793704168315,566.7386766914889,236.6973352881598,205.63243456779813,3
3.3499999999999996,3.2779938117069647,3.345857316984402,285.1458351713883,119.09061817978804,103.4607919040603,3
3.3499999999999996,3.285194430536268,3.3462715852859617,515.7423198495841,215.3988034068535,187.1291888166748,3
3.3499999999999996,3.2916749874826414,3.3466444267573654,805.5119137896305,336.4205256819995,292.26764065741696,3
3.3499999999999996,3.2975074887343774,3.346979984081629,492.5908651145516,205.72964217046655,178.729038629744,3
3.3499999999999996,3.3027567398609396,3.347281985673466,605.4706198006053,252.87365799473775,219.68572594287164,3
3.3499999999999996,3.3074810658748457,3.3475537871061194,674.0200039059217,281.5031784786652,244.55781835764907,3
3.3499999999999996,3.3117329592873612,3.3477984083955077,535.7593972719314,223.75889789305643,194.3920782798022,3
3.3499999999999996,3.3499999999999996,3.3499999999999996,676.2197267049619,281.7976026106905,245.14626414233516,4
3.3499999999999996,3.3499999999999996,3.3499999999999996,720.6132490280665,300.29748906483593,261.2400066343768,4
3.3499999999999996,3.3499999999999996,3.3499999999999996,586.8472503680736,244.55386573564346,212.74654578762863,4
3.3499999999999996,3.3499999999999996,3.3499999999999996,548.1218909376112,228.41604393485648,198.70765159830103,4
3.3499999999999996,3.0883500430995716,3.1108179487389305,173.01821539625516,72.10099969165393,62.72335375313828,4
3.3499999999999996,3.1145150387896146,3.1347361538650373,377.3964524390256,157.27050148227588,136.81548579898703,4
3.3499999999999996,3.1079852603578226,3.1562625384785337,298.35525245106396,124.3320647812155,108.16110893720389,4
3.3499999999999996,3.1321867343220404,3.1756362846306803,336.1367148083873,140.07654116213746,121.85781724807093,4
3.3499999999999996,3.1539680608898366,3.193072656167612,332.37495184634446,138.50892084224714,120.49408575619715,4
3.3499999999999996,2.9019292148649574,2.9591153008851716,165.76549513692524,69.0786105172889,60.09406447595648,4
3.3499999999999996,2.9467362933784615,2.9982037707966547,403.1647193756526,168.00878012072502,146.15711563241058,4
3.3499999999999996,2.9870626640406153,3.0333833937169894,451.0122682597821,187.948045471717,163.50302761055934,4
3.3499999999999996,3.0233563976365536,3.0650450543452905,571.1265941563025,238.00267674041802,207.04742168937062,4
3.3499999999999996,3.0560207578728984,3.0935405489107617,325.52346124758054,135.65373406080067,118.01025208828922,4
3.3499999999999996,3.0598965858596747,3.1191864940196856,300.6760782981053,125.29921071610259,109.00246532427568,4
3.3499999999999996,3.0889069272737073,3.142267844617717,359.209246337368,149.69143971398506,130.22217676801088,4
3.3499999999999996,3.115016234546337,3.1630410601559453,403.1625156638659,168.00786177913602,146.15631673274757,4
3.3499999999999996,3.1385146110917033,3.1817369541403506,425.476744192609,177.30675658385735,154.2457727852865,4
3.3499999999999996,3.159663149982533,3.1985632587263155,345.1824371356655,143.84611895622209,125.13711382494921,4
3.3499999999999996,3.17869683498428,3.213706932853684,426.55417179938604,177.75574750291239,154.63636676273856,4
3.3499999999999996,3.195827151485852,3.2273362395683156,379.1066799487608,157.9831958819358,137.43548528774485,4
3.3499999999999996,3.2112444363372665,3.239602615611484,634.3630754820233,264.3548935294126,229.97219974937346,4
3.3499999999999996,3.22511999270354,3.2506423540503357,486.1987816681368,202.61114199364008,176.25900317531216,4
3.3499999999999996,3.237607993433186,3.2605781186453022,430.75686753005465,179.50711548972842,156.15994721597465,4
3.3499999999999996,3.2488471940898673,3.269520306780772,505.3317876191108,210.58434211602122,183.19518788786024,4
3.3499999999999996,3.2589624746808807,3.2775682761026945,334.214284368636,139.2754165162365,121.1608889838291,4
3.3499999999999996,3.2680662272127927,3.284811448492425,496.90946017268703,207.07454849558164,180.14188727071465,4
3.3499999999999996,3.2762596044915133,3.2913303036431825,358.0964120421217,149.2276939459765,129.81874699612533,4
3.3499999999999996,3.2325563972240627,3.297197273278864,287.77501757003546,119.92301738613314,104.3255138600372,4
3.3499999999999996,3.2443007575016565,3.302477545950978,327.9618400420794,136.66986723676513,118.89422430682832,4
3.3499999999999996,3.2548706817514907,3.30722979135588,331.6631744934706,138.212305491184,120.23604897899698,4
3.3499999999999996,3.2643836135763418,3.311506812220292,432.3048182032725,180.1521850898094,156.72111736471476,4
3.3499999999999996,3.2729452522187077,3.315356130998263,442.1092291167524,184.23792731429518,160.27545719337897,4
3.3499999999999996,3.280650726996837,3.3188205178984367,397.04104828012026,165.45689385395497,143.93713441532734,4
3.3499999999999996,3.2875856542971533,3.321938466108593,351.1183709700167,146.3197704303171,127.28903567256812,4
3.3499999999999996,3.293827088867438,3.3247446194977335,371.1460268798633,154.6657934734588,134.54955297476326,4
3.3499999999999996,3.2994443799806943,3.32727015754796,485.50036434442524,202.32009409948483,176.00580973690947,4
3.3499999999999996,3.304499941982625,3.329543141793164,472.5024133747064,196.903524192591,171.2937331796959,4
3.3499999999999996,3.3090499477843625,3.3315888276138477,521.88439122453,217.4822243113558,189.19591335540912,4
3.3499999999999996,3.313144953005926,3.333429944852463,367.46606329244605,153.1322609903384,133.21547576581966,4
3.3499999999999996,3.278726663868644,3.335086950367217,294.2890823702173,122.63759043310198,106.68702238615921,4
3.3499999999999996,3.2858539974817793,3.3365782553304952,415.51908068618724,173.15715018685577,150.63587512660607,4
3.3499999999999996,3.2922685977336013,3.3379204297974456,393.5386442310072,163.99735485289202,142.66742690126117,4
3.3499999999999996,3.2980417379602414,3.339128386817701,675.8164836726443,281.62956119561636,245.00007863633732,4
3.3499999999999996,3.3032375641642173,3.340215548135931,545.2536935398979,227.2207946415118,197.66785957641136,4
3.3499999999999996,3.3079138077477954,3.341193993322338,666.6920462033406,277.8271808413047,241.6922458866192,4
3.3499999999999996,3.312122426973016,3.342074593990104,540.1145993857375,225.07920610890628,195.80481168943692,4
3.3499999999999996,3.3159101842757144,3.3428671345910934,422.977732245067,176.26535606284,153.33981955914786,4
3.3499999999999996,3.319319165848143,3.343580421131984,647.9344092448164,270.01040632733077,234.89214165581387,4
3.3499999999999996,3.3223872492633286,3.344222379018786,700.0885830522817,291.7443495482704,253.79931097284936,4
3.3499999999999996,3.3251485243369956,3.3448001411169073,637.7927756249718,265.7841350019527,231.21555031128193,4
3.3499999999999996,3.327633671903296,3.3453201270052166,469.67597409030486,195.72567654512576,170.26907949978562,4
3.3499999999999996,3.3298703047129665,3.345788114304695,567.2453038705956,236.38524640770964,205.64035860614868,4
3.3499999999999996,3.276040936298973,3.3450477641982257,285.4007368325035,118.93359546698647,103.46477876189499,4
3.3499999999999996,3.283436842669076,3.345542987778403,516.2033596328166,215.11479695057594,187.13639983312652,4
3.3499999999999996,3.2900931584021684,3.345988689000563,806.2319885708375,335.97695032407364,292.2789031802678,4
3.3499999999999996,3.2960838425619516,3.346389820100507,493.0312090167953,205.45838464396235,178.73592594671533,4
3.3499999999999996,3.3014754583057564,3.3467508380904563,606.0118707946831,252.54024039743842,219.69419152429168,4
3.3499999999999996,3.3063279124751808,3.3470757542814105,674.6225335501554,281.13201244205726,244.56724238424124,4
3.3499999999999996,3.3106951212276625,3.3473681788532694,536.2383310085601,223.46386853056194,194.399569171434,4
3.3499999999999996,3.3499999999999996,3.3499999999999996,676.2801193729711,281.7605831902128,245.14764078578037,5
3.3499999999999996,3.3499999999999996,3.3499999999999996,720.6776064476935,300.258039335977,261.2414736538479,5
3.3499999999999996,3.3499999999999996,3.3499999999999996,586.8996612483895,244.52173898118838,212.74774048720425,5
3.3499999999999996,3.3499999999999996,3.3499999999999996,548.170843285614,228.38603718712,198.70876746105762,5
3.3499999999999996,3.088291247971959,3.1107853584557508,173.0336675211035,72.09152786790627,62.723705982425166,5
3.3499999999999996,3.114462123174763,3.1347068226101755,377.4301574283359,157.24984104099045,136.8162541000761,5
3.3499999999999996,3.107791333416501,3.156236140349158,298.3818983310916,124.31573142371936,108.1617163267644,5
3.3499999999999996,3.132012200074851,3.175612526314242,336.16673492200044,140.05813947124898,121.85850155287137,5
3.3499999999999996,3.153810980067366,3.193051273682818,332.4046359997767,138.49072508780117,120.49476240282655,5
3.3499999999999996,2.9017302925006905,2.9590641567513547,165.7802995268592,69.06953574126148,60.0944019402056,5
3.3499999999999996,2.9465572632506216,2.9981577410762195,403.20072570922844,167.986709004372,146.15793639235935,5
3.3499999999999996,2.9869015369255596,3.0333419669685977,451.0525478214533,187.9233549574656,163.50394577821737,5
3.3499999999999996,3.023211383233004,3.065007770271738,571.177601036803,237.97141060797603,207.04858438494304,5
3.3499999999999996,3.0558902449097034,3.093506993244564,325.55253349961333,135.63591338889276,118.01091478670138,5
3.3499999999999996,3.059632253381584,3.1191562939201076,300.7029314493191,125.28275030577957,109.00307743855744,5
3.3499999999999996,3.0886690280434257,3.1422406645280967,359.2413270411735,149.67177492515313,130.22290804371153,5
3.3499999999999996,3.114802125239083,3.163016598075287,403.1985218006299,167.9857907834244,146.15713748821005,5
3.3499999999999996,3.138321912715175,3.181714938267758,425.5147431961028,177.28346400324384,154.24663896790113,5
3.3499999999999996,3.1594897214436575,3.198543444440982,345.2132651158401,143.8272220603209,125.13781654496863,5
3.3499999999999996,3.178540749299292,3.213689099996884,426.59226702711766,177.73239593888846,154.63723513877295,5
3.3499999999999996,3.195686674369363,3.227320189997196,379.14053767718553,157.96244181482325,137.43625707050325,5
3.3499999999999996,3.2111180069324265,3.2395881709974765,634.4197299644377,264.3201655371648,229.97349118133735,5
3.3499999999999996,3.225006206239184,3.250629353897729,486.2422037104822,202.58452520559982,176.25999297543098,5
3.3499999999999996,3.2375055856152657,3.260566418507956,430.79533809733636,179.48353385054665,156.16082414782787,5
3.3499999999999996,3.2487550270537393,3.2695097766571606,505.37691841562406,210.5566778980343,183.1962166388203,5
3.3499999999999996,3.2588795243483655,3.2775587989914445,334.2441327914529,139.257120068153,121.16156937495897,5
3.3499999999999996,3.267991571913529,3.2848029190923,496.9538387775601,207.0473453550653,180.14289887555873,5
3.3499999999999996,3.276192414722176,3.29132262718307,358.12839335954516,149.20809007888207,129.81947600632557,5
3.3499999999999996,3.2323522410454615,3.297190364464763,287.80071853735586,119.90726324002104,104.32609971042866,5
3.3499999999999996,3.2441170169409155,3.3024713280182865,327.9911300638625,136.65191307663392,118.89489196927516,5
3.3499999999999996,3.254705315246824,3.307224195216458,331.69279507861035,138.19414870274872,120.23672417659498,5
3.3499999999999996,3.264234783722142,3.311501775694812,432.3434270168481,180.128518708591,156.72199744787522,5
3.3499999999999996,3.272811305349928,3.315351598125331,442.14871355478846,184.21372419391375,160.27635723629152,5
3.3499999999999996,3.280530174814935,3.318816438312798,397.07650771330134,165.43515797590717,143.93794270874884,5
3.3499999999999996,3.287477157333442,3.321934794481518,351.14972908391445,146.3005485737236,127.28975047692059,5
3.3499999999999996,3.2937294416000977,3.3247413150333665,371.17917364843436,154.64547520960886,134.5503085512792,5
3.3499999999999996,3.299356497440088,3.32726718353003,485.54372401165216,202.29351554606504,176.00679811519512,5
3.3499999999999996,3.3044208476960795,3.329540465177027,472.5446122048463,196.8776572076057,171.29469509684282,5
3.3499999999999996,3.3089787629264715,3.3315864186593243,521.9310003214458,217.45365392667682,189.1969758040452,5
3.3499999999999996,3.3130808866338244,3.3334277767933918,367.498881406276,153.11214418485187,133.2162238506911,5
3.3499999999999996,3.27852370161908,3.3350849991140525,294.3153651036964,122.62147967671314,106.68762149783876,5
3.3499999999999996,3.285671331457172,3.336576499202647,415.55619037834845,173.13440273516662,150.6367210374782,5
3.3499999999999996,3.292104198311455,3.3379188492823824,393.57379086715406,163.9758107127706,142.6682280645127,5
3.3499999999999996,3.2978937784803093,3.3391269643541444,675.8768403273258,281.59256385054215,245.0014544588631,5
3.3499999999999996,3.3031044006322783,3.34021426791873,545.3023897313788,227.19094491227287,197.66896960011152,5
3.3499999999999996,3.3077939605690503,3.341192841126857,666.7515879614714,277.79068301047715,241.69360313367824,5
3.3499999999999996,3.3120145645121455,3.3420735570141713,540.1628366086393,225.0496377176406,195.80591125100474,5
3.3499999999999996,3.3158131080609308,3.3428662013127544,423.01550806370983,176.24220028979119,153.34068065429125,5
3.3499999999999996,3.3192317972548375,3.343579581181479,647.9922757726977,269.9749353770012,234.8934607162053,5
3.3499999999999996,3.322308617529354,3.3442216230633313,700.1511074296454,291.70602343531607,253.80073620834733,5
3.3499999999999996,3.3250777557764186,3.344799460756998,637.8497364112899,265.7492192519292,231.21684872540575,5
3.3499999999999996,3.327569980198777,3.3453195146812984,469.71792049330816,195.69996429260416,170.270035662887,5
3.3499999999999996,3.329812982178899,3.3457875632131686,567.2959641160211,236.35419275519297,205.64151340021715,5
3.3499999999999996,3.275846254596154,3.3449679522902294,285.4262257546222,118.9179713000712,103.4653597787422,5
3.3499999999999996,3.2832616291365384,3.3454711570612066,516.2494613611342,215.08653757205207,187.13745071635773,5
3.3499999999999996,3.2899354662228846,3.345924041355086,806.3039925347878,335.9328134262447,292.28054450177694,5
3.3499999999999996,3.295941919600596,3.3463316372195777,493.07524125801575,205.43139381699527,178.73692965624255,5
3.3499999999999996,3.3013477276405365,3.34669847349762,606.0659932526315,252.50706448231287,219.69542523906912,5
3.3499999999999996,3.3062129548764827,3.3470286261478583,674.6827835740621,281.09508045937923,244.56861577613162,5
3.3499999999999996,3.3105916593888343,3.3473257635330724,536.2862220448897,223.43451234429895,194.4006608417215,5
3.3499999999999996,3.3499999999999996,3.3499999999999996,676.2861586102699,281.7568831108281,245.14778278865774,6
3.3499999999999996,3.3499999999999996,3.3499999999999996,720.6840421582174,300.25409634803714,261.24162497915063,6
3.3499999999999996,3.3499999999999996,3.3499999999999996,586.9049023108182,244.51852792222735,212.74786372229315,6
3.3499999999999996,3.3499999999999996,3.3499999999999996,548.1757384965008,228.38303802216092,198.708882564008,6
3.3499999999999996,3.0882853702987405,3.110782104110982,173.03521272603993,72.0905811621142,62.723742315414945,6
3.3499999999999996,3.1144568332688665,3.134703893699884,377.4335279108019,157.24777603640925,136.81633335150877,6
3.3499999999999996,3.107771946789826,3.1562335043298955,298.38456290607775,124.31409890979627,108.16177897992677,6
3.3499999999999996,3.1319947521108435,3.175610153896906,336.1697369186968,140.0563002280566,121.85857213995834,6
3.3499999999999996,3.1537952768997592,3.1930491385072157,332.4076044006191,138.4889064278911,120.49483219996152,6
3.3499999999999996,2.9017104064880144,2.9590590496878963,165.7817799586206,69.06862872026367,60.09443675015916,6
3.3499999999999996,2.946539365839213,2.9981531447191068,403.20432632499677,167.98450300326328,146.15802105500364,6
3.3499999999999996,2.9868854292552918,3.0333378302471963,451.0565757579437,187.92088714836424,163.50404048861594,6
3.3499999999999996,3.0231968863297625,3.0650040472224767,571.182701699936,237.96828556791334,207.04870431877004,6
3.3499999999999996,3.0558771976967862,3.093503642500229,325.55544071061473,135.63413221836393,118.01098314505643,6
3.3499999999999996,3.0596058284040333,3.1191532782502063,300.7056167513226,125.28110509296653,109.003140579082,6
3.3499999999999996,3.08864524556363,3.142237950425186,359.24453509588255,149.6698094357202,130.2229834759187,6
3.3499999999999996,3.114780721007267,3.163014155382667,403.2021223967172,167.98358479437383,146.1572221503916,6
3.3499999999999996,3.1383026489065404,3.1817127398444005,425.51854307788955,177.2811359171681,154.24672831596297,6
3.3499999999999996,3.1594723840158863,3.1985414658599605,345.216347898798,143.82533332154387,125.13788903161362,6
3.3499999999999996,3.1785251456142976,3.2136873192739643,426.59607653128114,177.7300619574395,154.63732471308933,6
3.3499999999999996,3.195672631052868,3.2273185873465677,379.14392343348834,157.96036745237018,137.43633668107546,6
3.3499999999999996,3.211105367947581,3.239586728611911,634.4253953850033,264.31669448530795,229.97362439452007,6
3.3499999999999996,3.224994831152823,3.25062805575072,486.2465458935049,202.5818648660417,176.26009507482746,6
3.3499999999999996,3.237495348037541,3.260565250175648,430.7991851352715,179.48117687315838,156.16091460469013,6
3.3499999999999996,3.248745813233787,3.269508725158083,505.3814314732288,210.55391286818383,183.1963227560556,6
3.3499999999999996,3.2588712319104083,3.277557852642275,334.2471176191535,139.25529134394577,121.16163955834486,6
3.3499999999999996,3.2679841087193675,3.2848020673780476,496.9582766163683,207.04462640976237,180.14300322414593,6
3.3499999999999996,3.276185697847431,3.291321860640243,358.1315914756645,149.20613067855757,129.81955120484298,6
3.3499999999999996,3.2323318318151038,3.297189674576219,287.8032886215329,119.9056886180928,104.32616014179278,6
3.3499999999999996,3.244098648633593,3.302470707118597,327.9940590517325,136.6501185639993,118.89496083967798,6
3.3499999999999996,3.254688783770234,3.3072236364067376,331.6957571226546,138.19233393747913,120.2367938242601,6
3.3499999999999996,3.2642199053932104,3.3115012727660638,432.3472878793452,180.12615326126283,156.72208822979962,6
3.3499999999999996,3.2727979148538893,3.3153511454894575,442.1526619793038,184.21130509967577,160.2764500770948,6
3.3499999999999996,3.2805181233685006,3.318816030940512,397.0800536392974,165.43298548176125,143.93802608545178,6
3.3499999999999996,3.2874663110316504,3.3219344278464606,351.15286487998566,146.298627355228,127.28982421008308,6
3.3499999999999996,3.2937196799284854,3.3247409850618146,371.1824883090992,154.6434444055543,134.5503864901527,6
3.3499999999999996,3.2993477119356367,3.327266886555633,485.54805995719346,202.29085902804516,176.00690006792732,6
3.3499999999999996,3.3044129407420733,3.32954019790007,472.548832067246,196.87507181062608,171.29479432006806,6
3.3499999999999996,3.308971646667866,3.331586178110063,521.9356612083687,217.45079832575163,189.19708539724738,6
3.3499999999999996,3.3130744820010793,3.3334275602990564,367.50216320162724,153.11013351649706,133.21630101679008,6
3.3499999999999996,3.278503411744271,3.335084804269151,294.3179933642051,122.61986941170042,106.68768329712506,6
3.3499999999999996,3.2856530705698437,3.336576323842236,415.55990132943634,173.13212913455476,150.63680829447878,6
3.3499999999999996,3.292087763512859,3.3379186914580123,393.5773055135995,163.9736573827698,142.66831070572775,6
3.3499999999999996,3.2978789871615732,3.339126822312211,675.8828759633095,281.58886597758703,245.00159637706136,6
3.3499999999999996,3.303091088445416,3.34021414008099,545.3072593267385,227.18796144126298,197.66908410075433,6
3.3499999999999996,3.3077819796008745,3.341192726072891,666.7575421081981,277.7870350638132,241.69374313578868,6
3.3499999999999996,3.312003781640787,3.342073453465602,540.1676603073654,225.04668236627225,195.80602467246257,6
3.3499999999999996,3.3158034034767083,3.342866108119042,423.01928562712055,176.23988587758836,153.3407694775726,6
3.3499999999999996,3.3192230631290376,3.3435794973071378,647.9980623972178,269.97139006671864,234.8935967793026,6
3.3499999999999996,3.322300756816134,3.344221547576424,700.1573598368385,291.702192752431,253.80088322356926,6
3.3499999999999996,3.3250706811345205,3.3447993928187816,637.8554324620962,265.745729433742,231.21698265880892,6
3.3499999999999996,3.3275636130210686,3.3453194535369035,469.7221151131175,195.69739436108546,170.2701342925736,6
3.3499999999999996,3.329807251718962,3.3457875081832134,567.3010301158159,236.35108895243178,205.64163251899194,6
3.3499999999999996,3.2758267925169444,3.344959982569198,285.42877463438265,118.91640966952266,103.4654197115188,6
3.3499999999999996,3.28324411326525,3.345463984312278,516.2540715114451,215.0837130560939,187.13755911657069,6
3.3499999999999996,3.2899197019387247,3.3459175858810504,806.3111928960086,335.92840195724665,292.28071380660145,6
3.3499999999999996,3.295927731744852,3.3463258272929455,493.0796444606279,205.42869609236456,178.73703319041576,6
3.3499999999999996,3.301334958570367,3.346693244563651,606.0714054719874,252.5037485600741,219.69555249863578,6
3.3499999999999996,3.30620146271333,3.3470239201072856,674.6888085470205,281.091389119375,244.56875744360613,6
3.3499999999999996,3.310581316441997,3.347321528096557,536.2910111251276,223.43157820275366,194.40077344918163,6
3.3499999999999996,3.3499999999999996,3.3499999999999996,676.2867625337045,281.7565131215289,245.14779703234936,7
3.3499999999999996,3.3499999999999996,3.3499999999999996,720.6846857289551,300.25370206910605,261.2416401579342,7
3.3499999999999996,3.3499999999999996,3.3499999999999996,586.9054264168047,244.51820683250705,212.74787608346944,7
3.3499999999999996,3.3499999999999996,3.3499999999999996,548.1762280173501,228.38273812077338,198.70889410948485,7
3.3499999999999996,3.0882847825498243,3.1107817787233554,173.035367246458,72.09048649630404,62.72374595981929,7
3.3499999999999996,3.114456304294842,3.13470360085102,377.4338649588837,157.24756954635367,136.81634130087565,7
3.3499999999999996,3.1077700081878676,3.156233240765918,298.38482936344604,124.31393566662781,108.16178526439323,7
3.3499999999999996,3.131993007369081,3.1756099166893264,336.1700371182197,140.05611631300263,121.85857922024236,7
3.3499999999999996,3.153793706632173,3.1930489250203937,332.4079012405582,138.4887245710617,120.49483920100887,7
3.3499999999999996,2.90170841794902,2.959058539055073,165.78192800172434,69.06853802273305,60.09444024179434,7
3.3499999999999996,2.946537576154118,2.998152685149566,403.20468638639755,167.98428241426527,146.15802954714567,7
3.3499999999999996,2.9868838185387063,3.0333374166346094,451.0569785513958,187.92064037988584,163.50404998860446,7
3.3499999999999996,3.0231954366848357,3.0650036749711487,571.1832117659999,237.96797307964957,207.04871634881113,7
3.3499999999999996,3.0558758930163523,3.093503307474034,325.5557314315727,135.63395411028375,118.010990001786,7
3.3499999999999996,3.0596031859890287,3.1191529767266304,300.70588528139166,125.28094057997306,109.00314691243366,7
3.3499999999999996,3.088642867390126,3.1422376790539674,359.24485590119656,149.6696128966781,130.22299104219567,7
3.3499999999999996,3.1147785806511137,3.1630139111485707,403.2024824561498,167.98336420658157,146.15723064248718,7
3.3499999999999996,3.1383007225860022,3.1817125200337135,425.5189230658824,177.28090312028834,154.24673727807877,7
3.3499999999999996,3.159470650327402,3.198541268030342,345.21665617694305,143.82514445718078,125.13789630243404,7
3.3499999999999996,3.178523585294662,3.213687141227308,426.5964574815112,177.7298285710521,154.63733369789975,7
3.3499999999999996,3.195671226765196,3.227318427104577,379.1442620089531,157.9601600265745,137.4363446664661,7
3.3499999999999996,3.2111041040886765,3.2395865843941194,634.4259619267827,264.3163473976078,229.97363775655566,7
3.3499999999999996,3.2249936936798087,3.2506279259547073,486.2469801115949,202.58159884548743,176.26010531597427,7
3.3499999999999996,3.237494324311828,3.2605651333592367,430.7995698388769,179.48094118729279,156.1609236780249,7
3.3499999999999996,3.248744891880645,3.269508620023313,505.3818827787686,210.55363637912768,183.1963334002144,7
3.3499999999999996,3.2588704026925805,3.277557758020982,334.2474161017776,139.25510848073722,121.16164659813536,7
3.3499999999999996,3.2679833624233225,3.284801982218884,496.9587204000322,207.04435452892884,180.14301369089935,7
3.3499999999999996,3.27618502618099,3.2913217839969957,358.1319112871201,149.2059347483956,129.81955874767954,7
3.3499999999999996,3.2323297909559794,3.2971896055972962,287.8035456298249,119.90553116383218,104.32616620340036,7
3.3499999999999996,3.2440968118603815,3.3024706450375665,327.9943519503763,136.6499391217758,118.89496774776882,7
3.3499999999999996,3.2546871306743435,3.30722358053381,331.6960533269142,138.19215247009413,120.23680081031479,7
3.3499999999999996,3.264218417606909,3.311501222480429,432.3476739654061,180.12591672844604,156.72209733574,7
3.3499999999999996,3.2727965758462183,3.315351100232386,442.15305682156225,184.21106320243825,160.2764593895524,7
3.3499999999999996,3.2805169182615965,3.3188159902091474,397.0804082317236,165.43276824329067,143.9380344486066,7
3.3499999999999996,3.2874652264354367,3.3219343911882326,351.15317845943946,146.2984352430567,127.28983160593617,7
3.3499999999999996,3.293718703791893,3.3247409520694093,371.18281977500357,154.6432413353791,134.55039430786243,7
3.3499999999999996,3.2993468334127036,3.3272668568624684,485.5484935515356,202.29059338962546,176.0069102943629,7
3.3499999999999996,3.304412150071433,3.3295401711762214,472.54925405327964,196.87481328395214,171.29480427271864,7
3.3499999999999996,3.30897093506429,3.3315861540585994,521.9361272968331,217.45051278004433,189.1970963900653,7
3.3499999999999996,3.313073841557861,3.3334275386527397,367.5024913810019,153.10993245979037,133.21630875698617,7
3.3499999999999996,3.2785013828203278,3.335084784787466,294.3182561901275,122.61970839331092,106.68768949594296,7
3.3499999999999996,3.285651244538295,3.3365763063087193,415.5602724243637,173.13190178594692,150.63681704684933,7
3.3499999999999996,3.2920861200844658,3.337918675677847,393.5776569780722,163.97344206061717,142.66831899510896,7
3.3499999999999996,3.297877508076019,3.3391268081100627,675.8834795266127,281.58849620891965,245.0016106122592,7
3.3499999999999996,3.3030897572684172,3.3402141272990566,545.3077462860364,227.1876631091913,197.66909558581634,7
3.3499999999999996,3.3077807815415756,3.341192714569151,666.7581375225797,277.7866702875234,241.6937571787921,7
3.3499999999999996,3.312002703387418,3.342073443112236,540.1681426770022,225.0463868460231,195.80603604927617,7
3.3499999999999996,3.3158024330486766,3.342866098801012,423.0196633832769,176.239654448027,153.34077838705005,7
3.3499999999999996,3.319222189743809,3.343579488920911,647.9986410593868,269.97103555355005,234.8936104272007,7
3.3499999999999996,3.322299970769428,3.34422154002882,700.1579850772521,291.70180970343966,253.8008979700274,7
3.3499999999999996,3.3250699736924854,3.344799386025938,637.8560020668983,265.7453804695033,231.21699609308666,7
3.3499999999999996,3.327562976323237,3.345319447423344,469.72253457489336,195.69713738087964,170.27014418568896,7
3.3499999999999996,3.3298066786909133,3.3457875026810098,567.3015367155477,236.35077858779115,205.64164446727864,7
3.3499999999999996,3.275824846369969,3.3449591857118284,285.42902952223403,118.91625351433457,103.46542572311522,7
3.3499999999999996,3.283242361732972,3.3454632671406457,516.2545325262507,215.08343061872668,187.13756998972505,7
3.3499999999999996,3.2899181255596748,3.345916940426581,806.3119129317787,335.9279608325698,292.2807307888328,7
3.3499999999999996,3.2959263130037075,3.346325246383923,493.0800847806738,205.42842633349136,178.73704357547876,7
3.3499999999999996,3.301333681703337,3.3466927217455305,606.0719466936583,252.50341698455435,219.69556526348993,7
3.3499999999999996,3.306200313533003,3.3470234495709774,674.6894110440217,281.0910200039697,244.56877165365495,7
3.3499999999999996,3.310580282179703,3.3473211046138798,536.2914900329173,223.43128480337995,194.40078474434674,7
3.3499999999999996,3.3499999999999996,3.3499999999999996,676.2868229260446,281.7564761227853,245.14779845715228,8
3.3499999999999996,3.3499999999999996,3.3499999999999996,720.6847500860252,300.25366264141155,261.24164167627487,8
3.3499999999999996,3.3499999999999996,3.3499999999999996,586.9054788274005,244.51817472369675,212.74787731996355,8
3.3499999999999996,3.3499999999999996,3.3499999999999996,548.1762769694324,228.38270813078572,198.70889526438413,8
3.3499999999999996,3.088284723775117,3.1107817461850615,173.03538269849895,72.09047702977072,62.723746324370715,8
3.3499999999999996,3.1144562513976055,3.1347035715665554,377.43389866369,157.24754889745216,136.81634209605446,8
3.3499999999999996,3.1077698143282797,3.1562332144099,298.3848560091814,124.31391934239318,108.16178589303132,8
3.3499999999999996,3.1319928328954516,3.17560989296891,336.1700671381703,140.05609792158987,121.85857992848638,8
3.3499999999999996,3.1537935496059064,3.193048903672019,332.4079309245505,138.48870638547035,120.49483990132678,8
3.3499999999999996,2.901708219095743,2.959058487992526,165.7819428060339,69.06852895302566,60.094440591064206,8
3.3499999999999996,2.9465373971861686,2.9981526391932736,403.20472239253564,167.98426035547652,146.1580303966185,8
3.3499999999999996,2.9868836574675517,3.033337375273946,451.05701883073874,187.92061570316224,163.50405093889265,8
3.3499999999999996,3.0231952917207967,3.0650036377465515,571.1832627726035,237.9679418309806,207.04871755218156,8
3.3499999999999996,3.055875762548717,3.0935032739718964,325.5557605036669,135.63393629956542,118.01099068766779,8
3.3499999999999996,3.059602921748356,3.1191529465747068,300.70591213439707,125.2809241287566,109.00314754596172,8
3.3499999999999996,3.08864262957352,3.142237651917236,359.2448879817262,149.6695932428729,130.22299179905383,8
3.3499999999999996,3.114778366616168,3.1630138867255124,403.2025184620911,167.98334214791342,146.1572314919554,8
3.3499999999999996,3.138300529954551,3.181712498052961,425.51896106467956,177.2808798407176,154.24673817456338,8
3.3499999999999996,3.159470476959096,3.198541248247665,345.21668700475584,143.82512557083962,125.13789702973749,8
3.3499999999999996,3.1785234292631865,3.2136871234228988,426.5964955765321,177.72980523253096,154.63733459665445,8
3.3499999999999996,3.195671086336868,3.227318411080609,379.1442958664977,157.9601392840994,137.43634546524834,8
3.3499999999999996,3.211103977703181,3.2395865699725483,634.4260185809576,264.31631268901265,229.97363909316613,8
3.3499999999999996,3.224993579932863,3.2506279129752937,486.24702353340143,202.58157224356597,176.26010634040088,8
3.3499999999999996,3.237494221939577,3.2605651216777645,430.7996083092353,179.48091761882503,156.16092458563472,8
3.3499999999999996,3.2487447997456194,3.269508609509988,505.3819279093201,210.55360873036136,183.19633446495442,8
3.3499999999999996,3.2588703197710576,3.2775577485589893,334.24744595003835,139.2550901945085,121.16164730232882,8
3.3499999999999996,3.267983287793952,3.2848019737030905,496.9587647783961,207.04432734098248,180.14301473789345,8
3.3499999999999996,3.276184959014557,3.2913217763327816,358.13194326826385,149.2059151554781,129.8195595021929,8
3.3499999999999996,3.2323295868707067,3.2971895986995032,287.8035713306527,119.90551541848545,104.32616680974571,8
3.3499999999999996,3.244096628183636,3.302470638829553,327.994381240239,136.6499211776438,118.89496843878833,8
3.3499999999999996,3.2546869653652726,3.3072235749465975,331.6960829473385,138.19213432344702,120.236801509133,8
3.3499999999999996,3.2642182688287456,3.3115012174519376,432.34771257401,180.12589307528353,156.72209824661132,8
3.3499999999999996,3.272796441945871,3.315351095706744,442.1530963057859,184.21103901283638,160.27646032108177,8
3.3499999999999996,3.280516797751284,3.3188159861360695,397.0804436909642,165.43274651955295,143.9380352851768,8
3.3499999999999996,3.2874651179761556,3.3219343875224627,351.1532098173831,146.2984160319363,127.28983234574675,8
3.3499999999999996,3.29371860617854,3.3247409487702164,371.18285292159214,154.64322102846384,134.55039508987156,8
3.3499999999999996,3.299346745560686,3.3272668538931947,485.5485369109674,202.29056682591732,176.00691131731787,8
3.3499999999999996,3.3044120710046174,3.329540168503875,472.54929625188066,196.87478743141494,171.29480526828684,8
3.3499999999999996,3.3089708639041557,3.3315861516534877,521.9361739056769,217.45048422561737,189.19709748968188,8
3.3499999999999996,3.31307377751374,3.333427536488139,367.5025241989375,153.10991235422102,133.21630953124154,8
3.3499999999999996,3.2785011799285693,3.335084782839325,294.31828247271824,122.61969229155305,106.68769011601351,8
3.3499999999999996,3.285651061935712,3.3365763045553924,415.56030953385437,173.13187905120066,150.63681792235295,8
3.3499999999999996,3.292085955742141,3.3379186740998534,393.5776921245175,163.9734205285104,142.66831982429952,8
3.3499999999999996,3.297877360167927,3.339126806689868,675.8835398829397,281.58845923223925,245.00161203621252,8
3.3499999999999996,3.3030896241511347,3.3402141260208813,545.3077949819635,227.18763327613448,197.6690967346723,8
3.3499999999999996,3.3077806617360213,3.3411927134187933,666.7581970640144,277.7866338100782,241.69375858352012,8
3.3499999999999996,3.312002595562419,3.342073442076914,540.1681909139631,225.04635729414704,195.80603718730404,8
3.3499999999999996,3.3158023360061772,3.3428660978692224,423.0197011588904,176.23963130518746,153.34077927826908,8
3.3499999999999996,3.3192221024055595,3.3435794880823,647.9986989256006,269.9710001024118,234.89361179240615,8
3.3499999999999996,3.3222998921650038,3.34422153927407,700.1580476012899,291.7017713987335,253.80089944512227,8
3.3499999999999996,3.3250699029485036,3.344799385346663,637.8560590273753,265.74534557325524,231.21699743692358,8
3.3499999999999996,3.3275629126536534,3.3453194468119967,469.7225765210686,195.69711168298855,170.2701451753018,8
3.3499999999999996,3.329806621388288,3.345787502130797,567.3015873755181,236.35074755148344,205.6416456624712,8
3.3499999999999996,3.275824651755881,3.344959106027239,285.4290550110178,118.91623789889441,103.46542632445797,8
3.3499999999999996,3.283242186580293,3.345463195424515,516.2545786277287,215.0834023751322,187.13757107737163,8
3.3499999999999996,3.2899179679222637,3.345916875882063,806.3119849353517,335.92791672032433,292.2807324875732,8
3.3499999999999996,3.2959261711300374,3.3463251882938567,493.080128812676,205.42839935773992,178.73704461430137,8
3.3499999999999996,3.3013335540170337,3.346692669464471,606.0720008158224,252.5033838271694,219.6955665403641,8
3.3499999999999996,3.3062001986153304,3.347023402518024,674.6894712937185,281.0909830926152,244.56877307509265,8
3.3499999999999996,3.3105801787537974,3.3473210622662215,536.2915379236936,223.43125546359036,194.40078587420723,8
3.3499999999999996,3.3499999999999996,3.3499999999999996,676.2868296363049,290.92244615401574,252.46721207261422,9
3.3499999999999996,3.3499999999999996,3.3499999999999996,720.684757236811,310.02137450170267,269.04157151878235,9
3.3499999999999996,3.3499999999999996,3.3499999999999996,586.9054846508003,252.47272573331352,219.09992175893709,9
3.3499999999999996,3.3499999999999996,3.3499999999999996,548.1762824085528,235.81234768045766,204.64177576612659,9
3.3499999999999996,3.0958945871713124,3.1181039518918627,173.03538441539246,74.43569074441139,64.5964983774128,9
3.3499999999999996,3.121305128454181,3.1412935567026765,377.43390240866864,162.3630526846672,140.90128760018706,9
3.3499999999999996,3.132869811423606,3.1621642010324087,298.38485896981877,128.35804168107765,111.39118812841993,9
3.3499999999999996,3.1545828302812455,3.1809477809291677,336.17007047372044,144.61233745831993,125.49692934342232,9
3.3499999999999996,3.174124547253121,3.197853002836251,332.4079342227719,142.99395627310707,124.09247193113606,9
3.3499999999999996,2.9274547746350095,2.9705492708874695,165.78194445095724,71.31543406483121,61.88868907889096,9
3.3499999999999996,2.9697092971715087,3.0084943437987226,403.2047263932178,173.449045823143,150.52189205243135,9
3.3499999999999996,3.007738367454358,3.0426449094188506,451.0570233062214,194.03396136778832,168.38581526293362,9
3.3499999999999996,3.0419645307089223,3.0733804184769657,571.1832684400041,245.70940372471117,213.2306013457668,9
3.3499999999999996,3.07276807763803,3.101042376629269,325.5557637338997,140.04631614065156,121.53446206880864,9
3.3499999999999996,3.093815519477518,3.125938138966342,300.70591511806447,129.35650461532052,112.25767043907905,9
3.3499999999999996,3.1194339675297664,3.148344325069708,359.2448915462296,154.5385745175137,134.1110786805959,9
3.3499999999999996,3.14249057077679,3.1685098925627373,403.2025224627514,173.44809774488044,150.52106929475502,9
3.3499999999999996,3.163241513699111,3.1866589033064634,425.51896528676826,183.04809858965612,158.8521055596301,9
3.3499999999999996,3.1819173623292,3.202993012975817,345.21669043006847,148.50397735398641,128.87415749421734,9
3.3499999999999996,3.1987256260962798,3.2176937116782356,426.5964998093124,183.5116282125567,159.2543640761312,9
3.3499999999999996,3.213853063486652,3.230924340510412,379.1442996284472,163.0988247288169,141.53980250050896,9
3.3499999999999996,3.227467757137987,3.242831906459371,634.4260248758661,272.9149274722875,236.8399956167392,9
3.3499999999999996,3.2397209814241883,3.2535487158134337,486.2470283580468,209.17186129606986,181.52273007322705,9
3.3499999999999996,3.2507488832817697,3.2631938442320902,430.7996125837197,185.31970696879887,160.82344411388982,9
3.3499999999999996,3.2606739949535926,3.271874459808881,505.38193292382596,217.4032403489399,188.666054173736,9
3.3499999999999996,3.2696065954582334,3.279687013827993,334.2474492665119,143.78527172212995,124.77918829807818,9
3.3499999999999996,3.27764593591241,3.2867183124451937,496.95876970932557,213.77979665710455,185.52157103373284,9
3.3499999999999996,3.284881342321169,3.2930464812006743,358.1319468217244,154.05981227123223,133.6956010467377,9
3.3499999999999996,3.2587535558920973,3.298741833080607,287.8035741863003,123.80622562053286,107.44104840608063,9
3.3499999999999996,3.2678782003028877,3.3038676497725463,327.99438449466834,141.0953525640672,122.4448328727244,9
3.3499999999999996,3.276090380272599,3.3084808847952916,331.69608623849683,142.68773626733454,123.8267292489873,9
3.3499999999999996,3.2834813422453393,3.3126327963157625,432.34771686385506,185.98566446544376,161.4013728188058,9
3.3499999999999996,3.2901332080208054,3.3163695166841864,442.153100692922,190.20370646186305,165.06185800074806,9
3.3499999999999996,3.2961198872187247,3.3197325650157676,397.08044763088003,170.8145273312975,148.2356142227796,9
3.3499999999999996,3.3015078984968524,3.322759308514191,351.1532133015992,151.05772774472493,131.0903434571862,9
3.3499999999999996,3.306357108647167,3.325483377662772,371.1828566045466,159.67400203831056,138.56768588336283,9
3.3499999999999996,3.3107213977824506,3.3279350398964946,485.5485417286822,208.87138902614583,181.26197536936786,9
3.3499999999999996,3.3146492580042057,3.3301415359068454,472.5493009406143,203.2794260268906,176.40917928196063,9
3.3499999999999996,3.3181843322037854,3.332127382316161,521.9361790844375,224.52448177526009,194.845982856335,9
3.3499999999999996,3.321365898983407,3.333914644084545,367.5025278453749,158.0908124827118,137.19376833740324,9
3.3499999999999996,3.3047706185109806,3.3355231796760902,294.3182853930062,126.60869882744288,109.87308005853758,9
3.3499999999999996,3.3092935566598825,3.3369708617084815,415.56031365713125,178.76412444506462,155.13440339132237,9
3.3499999999999996,3.3133642009938944,3.3382737755376333,393.57769602967824,169.30772722898067,146.92798868198082,9
3.3499999999999996,3.317027780894505,3.33944639798387,675.8835465891984,290.74896341649185,252.31666094235803,9
3.3499999999999996,3.3203250028050544,3.340501758185483,545.3078003926222,234.57839520903048,203.57093181987983,9
3.3499999999999996,3.323292502524549,3.341451582366935,666.7582036797297,286.8234587860904,248.91004442610983,9
3.3499999999999996,3.325963252272094,3.3423064241302414,540.1681962736257,232.3674602373028,201.65224663155846,9
3.3499999999999996,3.328366927044885,3.3430757817172174,423.01970535618096,181.97297664328883,157.91909731627945,9
3.3499999999999996,3.3305302343403964,3.343768203545496,647.99870535518,278.75357053448107,241.90686465928377,9
3.3499999999999996,3.3324772109063567,3.3443913831909464,700.1580545484055,301.1912771289672,261.3786699603235,9
3.3499999999999996,3.334229489815721,3.344952244871852,637.8560653563175,274.3904489866083,238.12047709212365,9
3.3499999999999996,3.335806540834149,3.3454570203846665,469.7225811817549,202.0634386812824,175.3539257629566,9
3.3499999999999996,3.337225886750734,3.3459113183461997,567.3015930044039,244.03959963654333,211.78151830518212,9
3.3499999999999996,3.3010223377605663,3.34632018651158,285.42905784310494,122.78476538691187,106.55460866643672,9
3.3499999999999996,3.30592010398451,3.346688167860422,516.2545837501153,222.08039512402794,192.72496486319667,9
3.3499999999999996,3.310328093586059,3.3470193510743798,806.3119929357489,346.85616674560623,301.00740099681803,9
3.3499999999999996,3.314295284227453,3.3473174159669417,493.08013370512083,212.11130005974945,184.0736226548584,9
3.3499999999999996,3.317865755804708,3.3475856743702477,606.0720068293964,260.71770592827164,226.25504915090534,9
3.3499999999999996,3.3210791802242374,3.347827106933223,674.6894779881294,290.23530361553804,251.87089864517202,9
3.3499999999999996,3.323971262201814,3.3480443962399007,536.2915432448912,230.6998166686467,200.2050385248092,9
3.3499999999999996,3.3499999999999996,3.3499999999999996,676.2868296363049,282.6948069572312,245.89516585996444,10
3.3499999999999996,3.3499999999999996,3.3499999999999996,720.684757236811,301.2535944750599,262.03807341449465,10
3.3499999999999996,3.3499999999999996,3.3499999999999996,586.9054846508003,245.33249120750202,213.39646902475184,10
3.3499999999999996,3.3499999999999996,3.3499999999999996,548.1762824085528,229.14328882813933,199.31468716585772,10
3.3499999999999996,3.089069383733625,3.1115343617620668,173.03538441539246,72.33055923976212,62.91496845110456,10
3.3499999999999996,3.1151624453602627,3.13538092558586,377.43390240866864,157.77122887032067,137.2334458795602,10
3.3499999999999996,3.110357897931622,3.156842833027274,298.38485896981877,124.7279207711268,108.49153224814913,10
3.3499999999999996,3.13432210813846,3.176158549724547,336.17007047372044,140.52252537355278,122.23008287880742,10
3.3499999999999996,3.155889897324614,3.193542694752092,332.4079342227719,138.94991396874303,120.86218529914834,10
3.3499999999999996,2.904362969930202,2.960239572292123,165.78194445095724,69.29854719891755,60.27764691096859,10
3.3499999999999996,2.9489266729371817,2.999215615062911,403.2047263932178,168.54369669341696,146.60361362545078,10
3.3499999999999996,2.9890340056434637,3.0342940535566196,451.0570233062214,188.54644589016914,164.00251594110165,10
3.3499999999999996,3.0251306050791174,3.0658646482009577,571.1832684400041,238.76044413830053,207.67993457010485,10
3.3499999999999996,3.0576175445712055,3.094278183380862,325.5557637338997,136.08563666996506,118.37076372323492,10
3.3499999999999996,3.063130613917973,3.119850365042776,300.70591511806447,125.69814596406462,109.33545890993268,10
3.3499999999999996,3.0918175525261757,3.1428653285384986,359.2448915462296,150.1680364242022,130.61999483061194,10
3.3499999999999996,3.117635797273558,3.1635787956846486,403.2025224627514,168.54277542795612,146.60281228521492,10
3.3499999999999996,3.1408722175462023,3.182220916116184,425.51896528676826,177.87127661952937,154.716980962087,10
3.3499999999999996,3.161784995791582,3.1989988245045655,345.21669043006847,144.3041049786895,125.51939743759388,10
3.3499999999999996,3.1806064962124236,3.214098942054109,426.5964998093124,178.32169706318075,155.10876817208384,10
3.3499999999999996,3.1975458465911815,3.227689047848698,379.1442996284472,158.4861923897574,137.85533941587244,10
3.3499999999999996,3.2127912619320633,3.2399201430638285,634.4260248758661,265.19656271788887,230.6747459456283,10
3.3499999999999996,3.226512135738857,3.2509281287574456,486.2470283580468,203.25622767062993,176.79745996431296,10
3.3499999999999996,3.2388609221649713,3.260835315881701,430.7996125837197,180.078641161914,156.6370030385633,10
3.3499999999999996,3.2499748299484743,3.269751784293531,505.38193292382596,211.25481335250268,183.7548341519003,10
3.3499999999999996,3.259977346953627,3.2777766058641777,334.2474492665119,139.71885005827863,121.53102555591575,10
3.3499999999999996,3.2689796122582644,3.28499894527776,496.95876970932557,207.73384503766349,180.69220595195588,10
3.3499999999999996,3.277081651032438,3.291499050749984,358.1319468217244,149.70281415421164,130.21533261388302,10
3.3499999999999996,3.2350541864274223,3.297349145674986,287.8035741863003,120.30483558278314,104.64421974281163,10
3.3499999999999996,3.24654876778468,3.3026142311074875,327.99438449466834,137.10500507253786,119.25743640435346,10
3.3499999999999996,3.256893891006212,3.3073528079967387,331.69608623849683,138.65235423568453,120.6033602407711,10
3.3499999999999996,3.266204501905591,3.3116175271970647,432.34771686385506,180.7257645738218,157.1998875160521,10
3.3499999999999996,3.2745840517150318,3.3154557744773583,442.153100692922,184.8245152329028,160.76508556118577,10
3.3499999999999996,3.2821256465435287,3.3189101970296226,397.08044763088003,165.98368557594125,144.3768505479448,10
3.3499999999999996,3.288913081889176,3.3220191773266605,351.1532133015992,146.78563221479894,127.67789322984754,10
3.3499999999999996,3.2950217737002583,3.3248172595939947,371.1828566045466,155.15822783372286,134.96059081652518,10
3.3499999999999996,3.3005195963302323,3.3273355336345953,485.5485417286822,202.96425312048737,176.5434930407357,10
3.3499999999999996,3.305467636697209,3.3296019802711356,472.5493009406143,197.5304376088802,171.81702147636324,10
3.3499999999999996,3.309920873027488,3.3316417822440223,521.9361790844375,218.1746574447102,189.77389134326887,10
3.3499999999999996,3.3139287857247393,3.33347760401962,367.5025278453749,153.61981279661106,133.62243811119689,10
3.3499999999999996,3.2812098457107184,3.3351298436176577,294.3182853930062,123.02805145252331,107.01294248367029,10
3.3499999999999996,3.2880888611396464,3.336616859255892,415.56031365713125,173.70845845329575,151.0960553623261,10
3.3499999999999996,3.294279975025682,3.337955173330303,393.57769602967824,164.51949960583536,143.10326418162893,10
3.3499999999999996,3.299851977523114,3.339159655997273,675.8835465891984,282.5262305216792,245.74853376924332,10
3.3499999999999996,3.3048667797708027,3.340243690397546,545.3078003926222,227.9442340273977,198.2717186646777,10
3.3499999999999996,3.3093801017937223,3.341219321357791,666.7582036797297,278.7117439175291,242.43059586195096,10
3.3499999999999996,3.31344209161435,3.3420973892220123,540.1681962736257,225.79582697496747,196.40297931931016,10
3.3499999999999996,3.317097882452915,3.342887650299811,423.01970535618096,176.82656042419364,153.80826012319469,10
3.3499999999999996,3.320388094207624,3.34359888526983,647.99870535518,270.87008188142966,235.6097178708099,10
3.3499999999999996,3.3233492847868615,3.344238996742847,700.1580545484055,292.6732229526869,254.57464703838426,10
3.3499999999999996,3.326014356308175,3.3448150970685626,637.8560653563175,266.6303546963577,231.9218948414608,10
3.3499999999999996,3.3284129206773576,3.3453335873617065,469.7225811817549,196.34883985843658,170.78923756355493,10
3.3499999999999996,3.330571628609622,3.345800228625536,567.3015930044039,237.13786413252436,206.26857302464228,10
3.3499999999999996,3.2784228081518054,3.3462202057629824,285.42905784310494,119.31226348195223,103.78085516958578,10
3.3499999999999996,3.285580527336625,3.3465981851866844,516.2545837501153,215.79969252470866,187.70808617620136,10
3.3499999999999996,3.2920224746029625,3.346938366668016,806.3119929357489,337.04665417313265,293.1717912419493,10
3.3499999999999996,3.297820227142666,3.3472445300012144,493.08013370512083,206.11253554527593,179.2819495315,10
3.3499999999999996,3.3030382044283995,3.347520077001093,606.0720068293964,253.34429337468833,220.36533924894232,10
3.3499999999999996,3.3077343839855597,3.3477680693009835,674.6894779881294,282.02709764213694,245.31437523792027,10
3.3499999999999996,3.311960945587004,3.347991262370885,536.2915432448912,224.17534638659393,194.993443900744,10
3.3499999999999996,3.3499999999999996,3.3499999999999996,676.2868296363049,281.85052886981157,245.22269151718652,11
3.3499999999999996,3.3499999999999996,3.3499999999999996,720.684757236811,300.3538899091738,261.3214514321716,11
3.3499999999999996,3.3499999999999996,3.3499999999999996,586.9054846508003,244.59979700385534,212.81287215021922,11
3.3499999999999996,3.3499999999999996,3.3499999999999996,548.1762824085528,228.45894425273246,198.76960116227934,11
3.3499999999999996,3.088363429539449,3.1108572134377765,173.03538441539246,72.11454145410049,62.74290853316315,11
3.3499999999999996,3.1145270865855044,3.134771492093999,377.43390240866864,157.3000394884066,136.85813971604836,11
3.3499999999999996,3.1080294135291147,3.1562943428845993,298.38485896981877,124.35541640314806,108.1948294984615,11
3.3499999999999996,3.132226472176203,3.1756649085961395,336.17007047372044,140.1028498576183,121.89580792726797,11
3.3499999999999996,3.154003824958583,3.1930984177365254,332.4079342227719,138.53493511265663,120.5316512752626,11
3.3499999999999996,2.9019745053911907,2.95917691922095,165.78194445095724,69.09158462496792,60.11279954258339,11
3.3499999999999996,2.9467770548520718,2.998259227298855,403.2047263932178,168.04033495351595,146.20268191792061,11
3.3499999999999996,2.9870993493668645,3.033433304568969,451.0570233062214,187.983345228932,163.55400169831154,11
3.3499999999999996,3.023389414430178,3.0650899741120723,571.1832684400041,238.0473775867842,207.11197127965224,11
3.3499999999999996,3.0560504729871605,3.0935809767008653,325.5557637338997,135.67921207982252,118.04704324153893,11
3.3499999999999996,3.0599567689219334,3.119222879030779,300.70591511806447,125.32274398406719,109.03644818877581,11
3.3499999999999996,3.08896109202974,3.142300591127701,359.2448915462296,149.71955424673163,130.26277513956927,11
3.3499999999999996,3.115064982826766,3.163070532014931,403.2025224627514,168.03941643944722,146.2018827691908,11
3.3499999999999996,3.1385584845440895,3.181763478813438,425.51896528676826,177.34005773069438,154.29386080954066,11
3.3499999999999996,3.1597026360896807,3.1985871309320943,345.21669043006847,143.87313564087412,125.17612686534602,11
3.3499999999999996,3.1787323724807126,3.213728417838885,426.5964998093124,177.78913297768372,154.68457655948814,11
3.3499999999999996,3.1958591352326415,3.2273555760549963,379.1442996284472,158.0128677438841,137.4783324973024,11
3.3499999999999996,3.2112732217093773,3.2396200184494965,634.4260248758661,264.4045437587446,230.04389642228466,11
3.3499999999999996,3.2251458995384397,3.250658016604547,486.2470283580468,202.64919572334753,176.3139540959543,11
3.3499999999999996,3.2376313095845957,3.2605922149440922,430.7996125837197,179.5408299004276,156.20863200774335,11
3.3499999999999996,3.248868178626136,3.269532993449683,505.38193292382596,210.62389334482654,183.25230124973274,11
3.3499999999999996,3.2589813607635225,3.2775796941047144,334.2474492665119,139.30157474723438,121.19866238703428,11
3.3499999999999996,3.2680832246871705,3.284821724694243,496.95876970932557,207.11344052698823,180.19804872841843,11
3.3499999999999996,3.2762749022184536,3.2913395522248186,358.1319468217244,149.25572137958358,129.8592195934709,11
3.3499999999999996,3.232602879382048,3.297205597002337,287.8035741863003,119.9455409159075,104.35803862716851,11
3.3499999999999996,3.2443425914438433,3.302485037302103,327.99438449466834,136.69553610243466,118.9312910493322,11
3.3499999999999996,3.254908332299459,3.307236533571893,331.69608623849683,138.23826405231566,120.27353405191099,11
3.3499999999999996,3.264417499069513,3.311512880214704,432.34771686385506,180.18602065526824,156.76997710820646,11
3.3499999999999996,3.272975749162562,3.3153615921932333,442.153100692922,184.27253024984398,160.32542504620042,11
3.3499999999999996,3.280678174246306,3.31882543297391,397.08044763088003,165.4879694002206,143.98200859428115,11
3.3499999999999996,3.2876103568216752,3.321942889676519,351.1532133015992,146.347251707704,127.32871960117231,11
3.3499999999999996,3.2938493211395077,3.324748600708867,371.1828566045466,154.6948422722658,134.59150045928752,11
3.3499999999999996,3.299464389025557,3.3272737406379806,485.5485417286822,202.35809316557516,176.06068172137083,11
3.3499999999999996,3.3045179501230013,3.3295463665741827,472.5493009406143,196.94050593710094,171.347136116107,11
3.3499999999999996,3.3090661551107012,3.3315917299167643,521.9361790844375,217.52307107673448,189.2548975175417,11
3.3499999999999996,3.313159539599631,3.333432556925088,367.5025278453749,153.16102176633467,133.25700733530115,11
3.3499999999999996,3.278772874193572,3.3350893012325793,294.3182853930062,122.66062380467471,106.72028338273284,11
3.3499999999999996,3.285895586774215,3.3365803711093216,415.56031365713125,173.189671968853,150.68283772069105,11
3.3499999999999996,3.2923060280967937,3.3379223339983897,393.57769602967824,164.02815627354883,142.71190523321945,11
3.3499999999999996,3.2980754252871143,3.3391301005985508,675.8835465891984,281.6824558937751,245.0764604360521,11
3.3499999999999996,3.3032678827584028,3.3402170905386956,545.3078003926222,227.26347047176537,197.72948497238778,11
3.3499999999999996,3.3079410944825627,3.3411953814848263,666.7582036797297,277.879361389428,241.76759642862996,11
3.3499999999999996,3.3121469850343064,3.3420758433363438,540.1681962736257,225.12147971334755,195.86585625723012,11
3.3499999999999996,3.3159322865308756,3.3428682590027092,423.01970535618096,176.2984616174033,153.38762514129724,11
3.3499999999999996,3.319339057877788,3.3435814331024383,647.99870535518,270.0611187556773,234.9653721813647,11
3.3499999999999996,3.3224051520900093,3.3442232897921946,700.1580545484055,291.7991439712826,253.87843604189572,11
3.3499999999999996,3.3251646368810084,3.344800960812975,637.8560653563175,265.83405366651556,231.2876346140834,11
3.3499999999999996,3.3276481731929075,3.345320864731678,469.7225811817549,195.76243707033075,170.3221629877598,11
3.3499999999999996,3.329883355873617,3.3457887782585103,567.3015930044039,236.42964347385873,205.70446952714,11
3.3499999999999996,3.276085261313917,3.3451439214029537,285.42905784310494,118.95593316692984,103.49703518423132,11
3.3499999999999996,3.2834767351825254,3.3456295292626583,516.2545837501153,215.15519907386832,187.19474191648814,11
3.3499999999999996,3.2901290616642727,3.3460665763363924,806.3119929357489,336.04005236244024,292.37002473732133,11
3.3499999999999996,3.2961161554978453,3.3464599187027533,493.08013370512083,205.49697313301803,178.79164907861588,11
3.3499999999999996,3.301504539948061,3.346813926832478,606.0720068293964,252.58767163914504,219.76268390122848,11
3.3499999999999996,3.306354085953255,3.34713253414923,674.6894779881294,281.1848136923159,244.64348924190983,11
3.3499999999999996,3.3107186773579294,3.347419280734307,536.2915432448912,223.50583874784007,194.46017563752062,11
3.3499999999999996,3.3499999999999996,3.3499999999999996,676.2868296363049,281.76587993744783,245.1552894692803,12
3.3499999999999996,3.3499999999999996,3.3499999999999996,720.684757236811,300.2636838122968,261.24962446999535,12
3.3499999999999996,3.3499999999999996,3.3499999999999996,586.9054846508003,244.52633568463858,212.75437828362394,12
3.3499999999999996,3.3499999999999996,3.3499999999999996,548.1762824085528,228.39033055951904,198.71496723710317,12
3.3499999999999996,3.0882925909397803,3.110789291751033,173.03538441539246,72.09288309863649,62.72566298178058,12
3.3499999999999996,3.114463331845802,3.13471036257593,377.43390240866864,157.25279714170304,136.82052281023746,12
3.3499999999999996,3.107795762995149,3.156239326318337,298.38485896981877,124.31806840428365,108.16509100633438,12
3.3499999999999996,3.132016186695634,3.1756153936865035,336.17007047372044,140.06077238943297,121.8623035764485,12
3.3499999999999996,3.1538145680260707,3.1930538543178533,332.4079342227719,138.4933285405513,120.49852187731328,12
3.3499999999999996,2.9017348361821993,2.9590703292960727,165.78194445095724,69.07083416231217,60.0962769044479,12
3.3499999999999996,2.9465613525639793,2.9981632963664655,403.2047263932178,167.98986694479916,146.16249656594653,12
3.3499999999999996,2.9869052173075814,3.033346966729819,451.0570233062214,187.92688768194927,163.50904715275328,12
3.3499999999999996,3.023214695576823,3.065012270056837,571.1832684400041,237.97588417342968,207.05504436589976,12
3.3499999999999996,3.055893226019141,3.0935110430511537,325.5557637338997,135.63846317474668,118.01459676436126,12
3.3499999999999996,3.0596382911269995,3.1191599387460385,300.70591511806447,125.28510546509168,109.0064783688587,12
3.3499999999999996,3.0886744620142994,3.1422439448714345,359.2448915462296,149.67458856768263,130.22697103940206,12
3.3499999999999996,3.1148070158128696,3.1630195503842913,403.2025224627514,167.9889487065902,146.16169763687117,12
3.3499999999999996,3.1383263142315827,3.1817175953458623,425.51896528676826,177.2867967110596,154.25145151155286,12
3.3499999999999996,3.1594936828084244,3.198545835811276,345.21669043006847,143.8299258325525,125.14172088420497,12
3.3499999999999996,3.178544314527582,3.213691252230148,426.5964998093124,177.73573708606426,154.64205986914797,12
3.3499999999999996,3.1956898830748237,3.2273221270071333,379.1442996284472,157.96541131154083,137.44054512495234,12
3.3499999999999996,3.2111208947673413,3.23958991430642,634.4260248758661,264.3251344263194,229.9806664265968,12
3.3499999999999996,3.2250088052906074,3.250630922875778,486.2470283580468,202.58833354178228,176.2654923426517,12
3.3499999999999996,3.237507924761547,3.2605678305882004,430.7996125837197,179.4869079169292,156.16569641465927,12
3.3499999999999996,3.2487571322853923,3.2695110475293805,505.38193292382596,210.5606361007355,183.2019324184009,12
3.3499999999999996,3.258881419056853,3.2775599427764424,334.2474492665119,139.25973792817214,121.16534965403294,12
3.3499999999999996,3.2679932771511675,3.2848039484987983,496.95876970932557,207.05123758669558,180.14851939066477,12
3.3499999999999996,3.276193949436051,3.2913235536489185,358.1319468217244,149.21089500471527,129.8235264148097,12
3.3499999999999996,3.2323569042750435,3.2971911982840267,287.8035741863003,119.90951734688663,104.3293547175538,12
3.3499999999999996,3.244121213847539,3.302472078455624,327.99438449466834,136.65448196201368,118.89860152730117,12
3.3499999999999996,3.254709092462785,3.3072248706100615,331.69608623849683,138.196746580233,120.24047560020784,12
3.3499999999999996,3.2642381832165066,3.3115023835490556,432.34771686385506,180.1319048998837,156.72688722349008,12
3.3499999999999996,3.272814364894856,3.31535214519415,442.153100692922,184.21718718196985,160.2813579090497,12
3.3499999999999996,3.2805329284053704,3.318816930674735,397.08044763088003,165.43826795036014,143.94243361783484,12
3.3499999999999996,3.2874796355648335,3.3219352376072617,351.1532133015992,146.30329884140616,127.29372195717248,12
3.3499999999999996,3.29373167200835,3.3247417138465356,371.1828566045466,154.648382351495,134.5545065632267,12
3.3499999999999996,3.299358504807515,3.327267542461882,485.5485417286822,202.29731841162916,176.01228958265654,12
3.3499999999999996,3.3044226543267636,3.3295407882156938,472.5493009406143,196.88135826179376,171.30003954520794,12
3.3499999999999996,3.308980388894087,3.3315867093941245,521.9361790844375,217.4577417839177,189.2028788091992,12
3.3499999999999996,3.3130823500046787,3.333428038454712,367.5025278453749,153.11502250202878,133.2203802387764,12
3.3499999999999996,3.278528337577554,3.335085234609241,294.3182853930062,122.62378480745956,106.69095018518647,12
3.3499999999999996,3.2856755038197987,3.3365767111483167,415.56031365713125,173.13765744581002,150.64142095055504,12
3.3499999999999996,3.292107953437819,3.337919040033485,393.57769602967824,163.9788932533168,142.6726793581024,12
3.3499999999999996,3.2978971580940373,3.3391271360301364,675.8835465891984,281.5978574392234,245.00909858130368,12
3.3499999999999996,3.3031074422846336,3.3402144224271226,545.3078003926222,227.19521581842903,197.6751369341368,12
3.3499999999999996,3.3077966980561704,3.3411929801844105,666.7582036797297,277.7959051285446,241.701144050117,12
3.3499999999999996,3.3120170282505534,3.3420736821659696,540.1681962736257,225.05386836989442,195.81202045702346,12
3.3499999999999996,3.3158153254254983,3.3428663139493726,423.01970535618096,176.24551342314905,153.34546493175858,12
3.3499999999999996,3.3192337928829483,3.3435796825544353,647.99870535518,269.9800105687697,234.90078946606175,12
3.3499999999999996,3.3223104135946535,3.3442217142989916,700.1580545484055,291.7115071444126,253.80865487114608,12
3.3499999999999996,3.325079372235188,3.3447995428690924,637.8560653563175,265.7542150055097,231.22406276381162,12
3.3499999999999996,3.327571435011669,3.3453195885821834,469.7225811817549,195.70364320763562,170.27534814155547,12
3.3499999999999996,3.3298142915105022,3.345787629723965,567.3015930044039,236.35863591896984,205.64792948011657,12
3.3499999999999996,3.275850701414673,3.344977584725746,285.42905784310494,118.9202068094833,103.46858793051072,12
3.3499999999999996,3.283265631273206,3.3454798262531718,516.2545837501153,215.09058093046036,187.14328946368127,12
3.3499999999999996,3.2899390681458853,3.3459318436278545,806.3119929357489,335.93912854378357,292.2896637466976,12
3.3499999999999996,3.295945161331297,3.346338659265069,493.08013370512083,205.43525567075375,178.74250630466676,12
3.3499999999999996,3.301350645198167,3.3467047933385623,606.0720068293964,252.51181129991411,219.70227980543837,12
3.3499999999999996,3.3062155806783506,3.347034314004706,674.6894779881294,281.1003646959938,244.57624639386907,12
3.3499999999999996,3.3105940226105157,3.3473308826042354,536.2915432448912,223.4387126342121,194.40672620348542,12
3.3499999999999996,3.3499999999999996,3.3499999999999996,676.2868296363049,281.7574128267832,245.14854771648797,13
3.3499999999999996,3.3499999999999996,3.3499999999999996,720.684757236811,300.25466083960754,261.2424401241505,13
3.3499999999999996,3.3499999999999996,3.3499999999999996,586.9054846508003,244.5189876283546,212.7485275535542,13
3.3499999999999996,3.3499999999999996,3.3499999999999996,548.1762824085528,228.38346739282187,198.7095025898254,13
3.3499999999999996,3.0882855046387805,3.110782497508784,173.03538441539246,72.09071669573679,62.723938030569165,13
3.3499999999999996,3.1144569541749023,3.1347042477579055,377.43390240866864,157.24807166949182,136.8167602557207,13
3.3499999999999996,3.10777238989037,3.1562338229821147,298.38485896981877,124.31433262604452,108.16211647412709,13
3.3499999999999996,3.131995150901333,3.1756104406839034,336.17007047372044,140.05656354037052,121.85895237188264,13
3.3499999999999996,3.1537956358112,3.193049396615513,332.4079342227719,138.48916679343228,120.49520817664586,13
3.3499999999999996,2.9017108610025195,2.9590596670495106,165.78194445095724,69.06875857247609,60.094624261164114,13
3.3499999999999996,2.9465397749022677,2.9981537003445595,403.2047263932178,167.98481882188847,146.15847710782475,13
3.3499999999999996,2.986885797412041,3.033338330310104,451.0570233062214,187.92124044831255,163.50455066574054,13
3.3499999999999996,3.0231972176708366,3.0650044972790935,571.1832684400041,237.96873295928242,207.04935036710202,13
3.3499999999999996,3.055877495903753,3.093504047551184,325.5557637338997,135.63438721679773,118.01135137145542,13
3.3499999999999996,3.059606432373054,3.1191536427960656,300.70591511806447,125.28134062723109,109.0034806985596,13
3.3499999999999996,3.0886457891357484,3.142238278516459,359.2448915462296,149.67009082187548,130.22338980708383,13
3.3499999999999996,3.1147812102221737,3.163014450664813,403.2025224627514,167.9839006112727,146.15767820071986,13
3.3499999999999996,3.1383030891999564,3.181713005598332,425.51896528676826,177.28146921389256,154.24720960775306,13
3.3499999999999996,3.1594727802799607,3.1985417050384988,345.21669043006847,143.8256037198141,125.13827949589954,13
3.3499999999999996,3.1785255022519645,3.2136875345346487,426.5964998093124,177.7303960981657,154.6378072236465,13
3.3499999999999996,3.195672952026768,3.227318781081184,379.1442996284472,157.96066442515746,137.4367655198666,13
3.3499999999999996,3.2111056568240914,3.2395869029730657,634.4260248758661,264.3171914129029,229.9743419748446,13
3.3499999999999996,3.2249950911416825,3.250628212675759,486.2470283580468,202.5822457293053,176.26064505431557,13
3.3499999999999996,3.237495582027514,3.2605653914081834,430.7996125837197,179.48151430606143,156.1614018692626,13
3.3499999999999996,3.2487460238247627,3.269508852267365,505.38193292382596,210.5543087192659,183.19689437846264,13
3.3499999999999996,3.2588714214422865,3.2775579670406287,334.2474492665119,139.25555315032588,121.16201761564976,13
3.3499999999999996,3.267984279298058,3.2848021703365657,496.95876970932557,207.0450156632238,180.14356531936468,13
3.3499999999999996,3.2761858513682522,3.291321953302909,358.1319468217244,149.20641119297534,129.81995627718953,13
3.3499999999999996,3.2323322982882674,3.297189757972618,287.8035741863003,119.9059140463261,104.32648566781802,13
3.3499999999999996,3.2440990684594406,3.302470782175356,327.99438449466834,136.65037547253434,118.89533182432811,13
3.3499999999999996,3.2546891616134968,3.3072237039578205,331.69608623849683,138.1925937454503,120.23716899579449,13
3.3499999999999996,3.264220245452147,3.3115013335620387,432.34771686385506,180.12649190675134,156.72257724538662,13
3.3499999999999996,3.272798220906932,3.3153512002058347,442.153100692922,184.21165142543845,160.27695018325852,13
3.3499999999999996,3.280518398816239,3.3188160801852513,397.08044763088003,165.4332965034156,143.9384752112841,13
3.3499999999999996,3.2874665589346153,3.3219344721667263,351.1532133015992,146.2989024034053,127.29022138899259,13
3.3499999999999996,3.2937199030411537,3.3247410249500535,371.1828566045466,154.6437351423731,134.5508063239934,13
3.3499999999999996,3.2993479127370384,3.327266922455048,485.5485417286822,202.29123934420429,176.00744925737806,13
3.3499999999999996,3.3044131214633348,3.3295402302095436,472.5493009406143,196.8754419448551,171.29532880646593,13
3.3499999999999996,3.3089718093170015,3.331586207188589,521.9361790844375,217.45120714329693,189.1976757436677,13
3.3499999999999996,3.3130746283853014,3.33342758646973,367.5025278453749,153.11042137062054,133.21671668792092,13
3.3499999999999996,3.278503875489446,3.335084827822757,294.3182853930062,122.62009994271898,106.68801619174549,13
3.3499999999999996,3.2856534879405013,3.3365763450404815,415.56031365713125,173.13245463095484,150.6372783223355,13
3.3499999999999996,3.2920881391464514,3.3379187105364334,393.57769602967824,163.97396566081994,142.66875586970235,13
3.3499999999999996,3.2978793252318064,3.33912683948279,675.8835465891984,281.5893953776622,245.00236084875027,13
3.3499999999999996,3.303091392708626,3.340214155534511,545.3078003926222,227.18838856512477,197.66970088211738,13
3.3499999999999996,3.307782253437763,3.34119273998106,666.7582036797297,277.78755731627064,241.69449728607478,13
3.3499999999999996,3.312004028093987,3.342073465982954,540.1681962736257,225.04710546443044,195.80663564057292,13
3.3499999999999996,3.3158036252845884,3.3428661193846585,423.01970535618096,176.24021721671468,153.34124794252446,13
3.3499999999999996,3.3192232627561298,3.3435795074461927,647.99870535518,269.9718976254025,234.89432971128056,13
3.3499999999999996,3.322300936480517,3.3442215567015734,700.1580545484055,291.70274116602764,253.8016751514289,13
3.3499999999999996,3.3250708428324653,3.344799401031416,637.8560653563175,265.7462290479886,231.21770411874974,13
3.3499999999999996,3.327563758549219,3.3453194609282746,469.7225811817549,195.69776228122646,170.27066558175315,13
3.3499999999999996,3.3298073826942973,3.3457875148354472,567.3015930044039,236.35153330339648,205.64227417687675,13
3.3499999999999996,3.2758272373420314,3.344960945979948,285.42905784310494,118.91663323786582,103.46574255179951,13
3.3499999999999996,3.283244513607828,3.345464851381953,516.2545837501153,215.0841174234095,187.13814303670833,13
3.3499999999999996,3.2899200622470453,3.3459183662437577,806.3119929357489,335.9290335181596,292.28162580200967,13
3.3499999999999996,3.295928056022341,3.346326529619382,493.08013370512083,205.4290823078024,178.73759089862514,13
3.3499999999999996,3.301335250420107,3.3466938766574437,606.0720068293964,252.5042232787851,219.69623800857747,13
3.3499999999999996,3.306201725378096,3.3470244889916994,674.6894779881294,281.09191758417063,244.5695205647197,13
3.3499999999999996,3.3105815528402864,3.3473220400925294,536.2915432448912,223.43199826444143,194.40138003252557,13
3.3499999999999996,3.3499999999999996,3.3499999999999996,676.2868296363049,281.7565660935362,245.14787352572694,14
3.3499999999999996,3.3499999999999996,3.3499999999999996,720.684757236811,300.2537585187021,261.24172167306773,14
3.3499999999999996,3.3499999999999996,3.3499999999999996,586.9054846508003,244.5182528034772,212.7479424671115,14
3.3499999999999996,3.3499999999999996,3.3499999999999996,548.1762824085528,228.38278105817335,198.70895611254852,14
3.3499999999999996,3.088284795984261,3.1107818180638183,173.03538441539246,72.09050004977169,62.72376553148685,14
3.3499999999999996,3.114456316385835,3.1347036362574365,377.43390240866864,157.24759910989175,136.81638399162867,14
3.3499999999999996,3.107770052499348,3.156233272631693,298.38485896981877,124.31395903843436,108.16181901407562,14
3.3499999999999996,3.1319930472494133,3.1756099453685236,336.17007047372044,140.05614264443875,121.85861724373032,14
3.3499999999999996,3.153793742524472,3.1930489508316713,332.4079342227719,138.48875060781822,120.49487679896956,14
3.3499999999999996,2.9017084634019326,2.959058600792306,165.78194445095724,69.06855100805525,60.09445899304059,14
3.3499999999999996,2.9465376170617392,2.9981527407130755,403.2047263932178,167.98431399637332,146.1580751527823,14
3.3499999999999996,2.986883855355565,3.033337466641768,451.0570233062214,187.92067571015534,163.5041010067135,14
3.3499999999999996,3.0231954698200085,3.0650037199775912,571.1832684400041,237.96801781913433,207.04878095414648,14
3.3499999999999996,3.0558759228380077,3.093503347979832,325.5557637338997,135.6339796103254,118.0110268247121,14
3.3499999999999996,3.059603246387873,3.119153013181849,300.70591511806447,125.28096413358264,109.00318092464583,14
3.3499999999999996,3.0886429217490856,3.1422377118636637,359.2448915462296,149.66964103551243,130.22303167562805,14
3.3499999999999996,3.114778629574177,3.1630139406772972,403.2025224627514,167.98339578851696,146.15727624787448,14
3.3499999999999996,3.1383007666167595,3.1817125466095675,425.51896528676826,177.28093645021994,154.24678540763193,14
3.3499999999999996,3.1594706899550835,3.1985412919486107,345.21669043006847,143.82517149721807,125.13793534916614,14
3.3499999999999996,3.178523620959575,3.2136871627537498,426.5964998093124,177.72986198538453,154.63738194933055,14
3.3499999999999996,3.1956712588636176,3.2273184464783746,379.1442996284472,157.96018972408416,137.43638755067855,14
3.3499999999999996,3.211104132977256,3.239586601830537,634.4260248758661,264.31639709075364,229.97370951514586,14
3.3499999999999996,3.2249937196795306,3.2506279416474833,486.2470283580468,202.58163693210994,176.26016031435057,14
3.3499999999999996,3.2374943477115776,3.260565147482735,430.7996125837197,179.48097493084552,156.16097240486096,14
3.3499999999999996,3.24874491294042,3.269508632734462,505.38193292382596,210.55367596454366,183.1963905628994,14
3.3499999999999996,3.258870421646378,3.2775577694610156,334.2474492665119,139.25513466157886,121.16168440415969,14
3.3499999999999996,3.2679833794817403,3.284801992514914,496.95876970932557,207.0443934545777,180.14306990085814,14
3.3499999999999996,3.2761850415335663,3.291321793263423,358.1319468217244,149.20596280005554,129.81959925522904,14
3.3499999999999996,3.2323298376047966,3.2971896139370807,287.8035741863003,119.90555370683082,104.32619875625592,14
3.3499999999999996,3.244096853844317,3.3024706525433727,327.99438449466834,136.64996481282904,118.89500484652223,14
3.3499999999999996,3.2546871684598853,3.3072235872890356,331.69608623849683,138.19217845109327,120.23683832775981,14
3.3499999999999996,3.2642184516138966,3.311501228560132,432.34771686385506,180.12595059325818,156.72214623767883,14
3.3499999999999996,3.272796606452507,3.315351105704119,442.153100692922,184.21109783528377,160.2765094005575,14
3.3499999999999996,3.280516945807256,3.3188159951337073,397.08044763088003,165.43279934569787,143.93807936153894,14
3.3499999999999996,3.2874652512265303,3.3219343956203367,351.1532133015992,146.29846274808827,127.2898713241359,14
3.3499999999999996,3.293718726103877,3.324740956058303,371.1828566045466,154.64327040928703,134.55043629157285,14
3.3499999999999996,3.2993468534934896,3.3272668604524727,485.5485417286822,202.2906314215371,176.00696521373484,14
3.3499999999999996,3.3044121681441405,3.3295401744072253,472.5493009406143,196.87485029766287,171.2948577217739,14
3.3499999999999996,3.3089709513297265,3.3315861569665026,521.9361790844375,217.45055366211673,189.19715542516616,14
3.3499999999999996,3.313073856196754,3.3334275412698524,367.5025278453749,153.10996124542658,133.21635032442234,14
3.3499999999999996,3.278501429196337,3.335084787142867,294.3182853930062,122.61973144659203,106.68772278566374,14
3.3499999999999996,3.2856512862767033,3.3365763084285804,415.56031365713125,173.13193433583996,150.63686405000038,14
3.3499999999999996,3.2920861576490332,3.3379186775857224,393.57769602967824,163.9734728886619,142.66836351185245,14
3.3499999999999996,3.2978775418841297,3.33912680982715,675.8835465891984,281.58854914933886,245.00168706002233,14
3.3499999999999996,3.3030897876957166,3.340214128844435,545.3078003926222,227.18770582190962,197.66915726443204,14
3.3499999999999996,3.307780808926145,3.3411927159599917,666.7582036797297,277.7867225131753,241.69383259440687,14
3.3499999999999996,3.3120027280335305,3.3420734443639923,540.1681962736257,225.04642915616787,195.8060971465621,14
3.3499999999999996,3.3158024552301772,3.342866099927593,423.01970535618096,176.23968758219732,153.3408262339171,14
3.3499999999999996,3.3192222097071595,3.343579489934834,647.99870535518,269.97108630981313,234.8936837209682,14
3.3499999999999996,3.3222999887364435,3.344221540941351,700.1580545484055,291.7018645452258,253.8009771634289,14
3.3499999999999996,3.3250699898627993,3.3447993868472157,637.8560653563175,265.7454304313165,231.21706823964152,14
3.3499999999999996,3.3275629908765194,3.345319448162494,469.7225811817549,195.69717417317992,170.27019731501983,14
3.3499999999999996,3.3298066917888676,3.3457875033462448,567.3015930044039,236.3508230232331,205.64170863356586,14
3.3499999999999996,3.275824890853908,3.3449592820545755,285.42905784310494,118.9162758713427,103.46545800739422,14
3.3499999999999996,3.283242401768517,3.345463353849118,516.2545837501153,215.0834710557726,187.13762838219273,14
3.3499999999999996,3.2899181615916655,3.345917018464206,806.3119929357489,335.9280239891522,292.2808219890826,14
3.3499999999999996,3.295926345432499,3.3463253166177855,493.08013370512083,205.42846495533541,178.73709934673326,14
3.3499999999999996,3.3013337108892493,3.346692784956007,606.0720068293964,252.5034644567946,219.69563381501695,14
3.3499999999999996,3.3062003398003244,3.347023506460406,674.6894779881294,281.0910728508602,244.5688479663595,14
3.3499999999999996,3.310580305820292,3.3473211558143654,536.2915432448912,223.43132680987534,194.40084540315257,14
3.3499999999999996,3.3499999999999996,3.3499999999999996,676.2868296363049,281.75648141998977,245.14780610649603,15
3.3499999999999996,3.3499999999999996,3.3499999999999996,720.684757236811,300.2536682863751,261.24164982779456,15
3.3499999999999996,3.3499999999999996,3.3499999999999996,586.9054846508003,244.51817932079692,212.74788395833292,15
3.3499999999999996,3.3499999999999996,3.3499999999999996,548.1762824085528,228.3827124245287,198.70890146469534,15
3.3499999999999996,3.0882847251185646,3.110781750119114,173.03538441539246,72.09047838511843,62.723748281539,15
3.3499999999999996,3.114456252606708,3.1347035751072028,377.43390240866864,157.24755185380798,136.81634636513309,15
3.3499999999999996,3.10776981875944,3.1562332175964825,298.38485896981877,124.31392167957547,108.16178926800217,15
3.3499999999999996,3.131992836883496,3.175609895836834,336.17007047372044,140.05610055473528,121.85858373083815,15
3.3499999999999996,3.1537935531951464,3.193048906253151,332.4079342227719,138.4887089891478,120.49484366112581,15
3.3499999999999996,2.901708223641047,2.9590584941662597,165.78194445095724,69.0685302515588,60.094442466190294,15
3.3499999999999996,2.9465374012769425,2.998152644749634,403.2047263932178,167.98426351368957,146.1580349571857,15
3.3499999999999996,2.9868836611492484,3.0333373802746704,451.0570233062214,187.92061923619164,163.50405604070758,15
3.3499999999999996,3.0231952950343235,3.0650036422472033,571.1832684400041,237.96794630493213,207.04872401272019,15
3.3499999999999996,3.055875765530891,3.093503278022483,325.5557637338997,135.63393884957134,118.01099436996327,15
3.3499999999999996,3.0596029277882573,3.1191529502202346,300.70591511806447,125.28092648411915,109.00315094718559,15
3.3499999999999996,3.0886426350094314,3.1422376551982114,359.2448915462296,149.6695960567583,130.2229958624002,15
3.3499999999999996,3.1147783715084882,3.1630138896783904,403.2025224627514,167.9833453061091,146.1572360524977,15
3.3499999999999996,3.1383005343576396,3.1817125007105513,425.51896528676826,177.2808831737131,154.24674298752242,15
3.3499999999999996,3.1594704809218754,3.1985412506394963,345.21669043006847,143.82512827484518,125.13790093441379,15
3.3499999999999996,3.178523432829688,3.2136871255755466,426.5964998093124,177.72980857396655,154.6373394218013,15
3.3499999999999996,3.1956710895467193,3.227318413017992,379.1442996284472,157.96014225385247,137.4363497536729,15
3.3499999999999996,3.2111039805920476,3.239586571716193,634.4260248758661,264.3163176583307,229.97364626903078,15
3.3499999999999996,3.224993582532843,3.250627914544574,486.2470283580468,202.58157605223093,176.2601118402428,15
3.3499999999999996,3.237494224279559,3.2605651230901165,430.7996125837197,179.48092099318262,156.16092945832213,15
3.3499999999999996,3.2487448018516027,3.269508610781105,505.38193292382596,210.5536126889057,183.19634018122738,15
3.3499999999999996,3.2588703216664423,3.2775577497029946,334.2474492665119,139.2550928125945,121.16165108293417,15
3.3499999999999996,3.267983289499798,3.2848019747326953,496.95876970932557,207.04433123355005,180.1430203588937,15
3.3499999999999996,3.276184960549818,3.2913217772594257,358.1319468217244,149.20591796064605,129.819563552951,15
3.3499999999999996,3.2323295915356014,3.2971895995334832,287.8035741863003,119.90551767278686,104.3261700650338,15
3.3499999999999996,3.2440966323820413,3.302470639580135,327.99438449466834,136.64992374675091,118.89497214866653,15
3.3499999999999996,3.254686969143837,3.3072235756221215,331.69608623849683,138.19213692154872,120.23680526088042,15
3.3499999999999996,3.2642182722294533,3.3115012180599095,432.34771686385506,180.12589646176713,156.72210313680907,15
3.3499999999999996,3.272796445006508,3.3153510962539188,442.153100692922,184.21104247612325,160.27646532218623,15
3.3499999999999996,3.280516800505857,3.3188159866285267,397.08044763088003,165.4327496297959,143.93803977647352,15
3.3499999999999996,3.2874651204552716,3.321934387965674,351.1532133015992,146.2984187824414,127.28983631756981,15
3.3499999999999996,3.2937186084097445,3.3247409491691067,371.1828566045466,154.64322393585667,134.55039928824584,15
3.3499999999999996,3.29934674756877,3.327266854252196,485.5485417286822,202.29057062911107,176.0069168092594,15
3.3499999999999996,3.304412072811893,3.3295401688269766,472.5493009406143,196.8747911327886,171.29481061319652,15
3.3499999999999996,3.308970865530704,3.331586151944279,521.9361790844375,217.45048831382755,189.19710339319656,15
3.3499999999999996,3.3130737789776337,3.333427536749851,367.5025278453749,153.10991523278662,133.21631368798836,15
3.3499999999999996,3.278501184566184,3.335084783074866,294.3182853930062,122.61969459688275,106.68769344498823,15
3.3499999999999996,3.2856510661095655,3.3365763047673793,415.56031365713125,173.1318823061922,150.63682262267173,15
3.3499999999999996,3.292085959498609,3.3379186742906413,393.57769602967824,163.97342361131703,142.66832427597734,15
3.3499999999999996,3.297877363548748,3.3391268068615774,675.8835465891984,281.5884645262848,245.0016196809948,15
3.3499999999999996,3.3030896271938732,3.3402141261754195,545.3078003926222,227.18763754740928,197.66910290253864,15
3.3499999999999996,3.307780664474486,3.3411927135578776,666.7582036797297,277.7866390326471,241.69376612508748,15
3.3499999999999996,3.3120025980270373,3.3420734422020897,540.1681962736257,225.0463615251644,195.8060432970374,15
3.3499999999999996,3.3158023382243336,3.3428660979818807,423.01970535618096,176.2396346186068,153.34078406295953,15
3.3499999999999996,3.3192221044019004,3.3435794881836927,647.99870535518,269.9710051780416,234.89361912178865,15
3.3499999999999996,3.3222998939617105,3.3442215393653236,700.1580545484055,291.7017768829159,253.80090736446857,15
3.3499999999999996,3.3250699045655394,3.344799385428791,637.8560653563175,265.74535056944006,231.21700465158472,15
3.3499999999999996,3.3275629141089853,3.345319446885912,469.7225811817549,195.69711536222115,170.270150488239,15
3.3499999999999996,3.329806622698087,3.345787502197321,567.3015930044039,236.35075199503066,205.64165207910492,15
3.3499999999999996,3.2758246562042874,3.3449591156615304,285.42905784310494,118.9162401345968,103.46542955288838,15
3.3499999999999996,3.283242190583859,3.3454632040953776,516.2545837501153,215.08340641883964,187.13757691662295,15
3.3499999999999996,3.289917971525473,3.34591688368584,806.3119929357489,335.9279230359869,292.2807416076053,15
3.3499999999999996,3.2959261743729256,3.346325195317256,493.08013370512083,205.42840321992696,178.73705019143122,15
3.3499999999999996,3.3013335569356332,3.34669267578553,606.0720068293964,252.50338857439667,219.6955733955222,15
3.3499999999999996,3.30620020124207,3.347023408206977,674.6894779881294,281.0909883773079,244.568780706369,15
3.3499999999999996,3.3105801811178632,3.3473210673862797,536.2915432448912,223.43125966424284,194.40079194009252,15
3.3499999999999996,3.3499999999999996,3.3499999999999996,676.2868296363049,280.3461893627098,244.6255579080988,16
3.3499999999999996,3.3499999999999996,3.3499999999999996,720.684757236811,298.75079118690485,260.6851162689765,16
3.3499999999999996,3.3499999999999996,3.3499999999999996,586.9054846508003,243.29427829669729,212.2946586128783,16
3.3499999999999996,3.3499999999999996,3.3499999999999996,548.1762824085528,227.23957518868195,198.2855839264167,16
3.3499999999999996,3.08710293086782,3.1102551508150236,173.03538441539246,71.72963973267768,62.59012536621697,16
3.3499999999999996,3.113392637781038,3.1342296357335213,377.43390240866864,156.46047156274074,136.52488101802152,16
3.3499999999999996,3.1038718470460718,3.1558066721601694,298.38485896981877,123.69168599764741,107.93136787252743,16
3.3499999999999996,3.1284846623414646,3.1752260049441525,336.17007047372044,139.35506963189556,121.59898350506657,16
3.3499999999999996,3.1506361961073184,3.192703404449737,332.4079342227719,137.7955234222142,120.23814866549188,16
3.3499999999999996,2.8977098428911385,2.958232098607567,165.78194445095724,68.72281753137268,59.96642086644562,16
3.3499999999999996,2.942938858602025,2.9974088887468104,403.2047263932178,167.14344213706173,145.8466686363935,16
3.3499999999999996,2.9836449727418226,3.0326679998721295,451.0570233062214,186.9800092620315,163.15573679586473,16
3.3499999999999996,3.0202804754676404,3.0644011998849168,571.1832684400041,236.77683154203595,206.60763981615548,16
3.3499999999999996,3.0532524279208766,3.0929610798964253,325.5557637338997,134.95504242918344,117.75959081804241,16
3.3499999999999996,3.054289790193754,3.118664971906783,300.70591511806447,124.65385059696028,108.77093716519866,16
3.3499999999999996,3.0838608111743784,3.1417984747161047,359.2448915462296,148.92044614733524,129.9455765941671,16
3.3499999999999996,3.1104747300569406,3.1626186272444943,403.2025224627514,167.142528525439,145.84587143364416,16
3.3499999999999996,3.1344272570512466,3.1813567645200447,425.51896528676826,176.3935288875316,153.9181449677675,16
3.3499999999999996,3.155984531346122,3.19822108806804,345.21669043006847,143.10523201896842,124.87131464774792,16
3.3499999999999996,3.1753860782115098,3.2133989792612363,426.5964998093124,176.84020725544312,154.30790929880487,16
3.3499999999999996,3.1928474703903587,3.2270590813351125,379.1442996284472,157.1694951927283,137.14356358848912,16
3.3499999999999996,3.208562723351323,3.2393531732016014,634.4260248758661,262.9933198641916,229.48372419161,16
3.3499999999999996,3.2227064510161907,3.2504178558814414,486.2470283580468,201.56758274063847,175.8846178583882,16
3.3499999999999996,3.235435805914572,3.2603760702932973,430.7996125837197,178.58255473010934,155.82825357039593,16
3.3499999999999996,3.2468922253231147,3.2693384632639675,505.38193292382596,209.49971647998717,182.8060696740908,16
3.3499999999999996,3.257203002790803,3.2774046169375706,334.2474492665119,138.55807122026198,120.90353556071979,16
3.3499999999999996,3.266482702511723,3.2846641552438136,496.95876970932557,206.00800023462529,179.7592544613707,16
3.3499999999999996,3.2748344322605507,3.2911977397194323,358.1319468217244,148.45908892608912,129.54300373273878,16
3.3499999999999996,3.2282260100328184,3.297077965747489,287.8035741863003,119.30534763110505,104.10391984290264,16
3.3499999999999996,3.2404034090295366,3.30237016917274,327.99438449466834,135.96594195823377,118.64168542344842,16
3.3499999999999996,3.251363068126583,3.307133152255466,331.69608623849683,137.5004358039852,119.9806599747943,16
3.3499999999999996,3.261226761313925,3.3114198370299195,432.34771686385506,179.2243018655747,156.38823175810026,16
3.3499999999999996,3.2701040851825325,3.3152778533269274,442.153100692922,183.289000261662,159.93502194323293,16
3.3499999999999996,3.2780936766642794,3.3187500679942348,397.08044763088003,164.6046994935894,143.631402800406,16
3.3499999999999996,3.2852843089978516,3.3218750611948114,351.1532133015992,145.56614282214525,127.01866567669433,16
3.3499999999999996,3.2917558780980665,3.32468755507533,371.1828566045466,153.86917923835847,134.2637611790254,16
3.3499999999999996,3.29758029028826,3.327218799567797,485.5485417286822,201.2780339038402,175.6319622189289,16
3.3499999999999996,3.302822261259434,3.3294969196110173,472.5493009406143,195.88936232272576,170.92989441158602,16
3.3499999999999996,3.3075400351334907,3.331547227649916,521.9361790844375,216.36207077335047,188.7940492196416,16
3.3499999999999996,3.3117860316201417,3.3333925048849244,367.5025278453749,152.34354529426608,132.93251763480058,16
3.3499999999999996,3.274421601284504,3.335053254396432,294.3182853930062,122.00593912803056,106.46041237493617,16
3.3499999999999996,3.2819794411560537,3.336547928956789,415.56031365713125,172.2652952546795,150.31591496097806,16
3.3499999999999996,3.2887814970404485,3.33789313606111,393.57769602967824,163.15267792426633,142.36439222573864,16
3.3499999999999996,3.2949033473364038,3.3391038224549994,675.8835465891984,280.17901345370734,244.47968290939997,16
3.3499999999999996,3.3004130126027635,3.3401934402094993,545.3078003926222,226.05048208915488,197.2480004888186,16
3.3499999999999996,3.305371711342487,3.341174096188549,666.7582036797297,276.3962174577046,241.17887620652212,16
3.3499999999999996,3.3098345402082385,3.3420566865696943,540.1681962736257,223.91992391997027,195.38890983387788,16
3.3499999999999996,3.3138510861874146,3.342851017912725,423.01970535618096,175.3574921542067,153.01411604381803,16
3.3499999999999996,3.317465977568673,3.343565916121453,647.99870535518,268.6197036485094,234.39321582897654,16
3.3499999999999996,3.3207193798118055,3.3442093245093076,700.1580545484055,290.24170506146527,253.2602251175915,16
3.3499999999999996,3.323647441830625,3.3447883920583767,637.8560653563175,264.41519995399244,230.72443379796005,16
3.3499999999999996,3.326282697647563,3.345309552852539,469.7225811817549,194.71758124099347,169.90741716116744,16
3.3499999999999996,3.3286544278828067,3.345778597567285,567.3015930044039,235.1677318686051,205.20356542428462,16
3.3499999999999996,3.2719115136283907,3.3436695013621502,285.42905784310494,118.32102178115125,103.24501300077404,16
3.3499999999999996,3.2797203622655515,3.3443025512259354,516.2545837501153,214.00683697065347,186.73891023487965,16
3.3499999999999996,3.2867483260389965,3.344872296103342,806.3119929357489,334.2464835202442,291.65808422732897,16
3.3499999999999996,3.293073493435097,3.345385066493008,493.08013370512083,204.4001605192067,178.35627948851595,16
3.3499999999999996,3.298766144091587,3.3458465598437073,606.0720068293964,251.23951871930745,219.227547108753,16
3.3499999999999996,3.3038895296824284,3.3462619038593364,674.6894779881294,279.68402735095066,244.0477660289927,16
3.3499999999999996,3.3085005767141857,3.3466357134734026,536.2915432448912,222.312906222063,193.98665214022995,16
3.3499999999999996,3.3499999999999996,3.3499999999999996,676.2868296363049,281.61223256915116,245.0930421634387,17
3.3499999999999996,3.3499999999999996,3.3499999999999996,720.684757236811,300.0999495630575,261.1832906563926,17
3.3499999999999996,3.3499999999999996,3.3499999999999996,586.9054846508003,244.39299509717802,212.7003578834,17
3.3499999999999996,3.3499999999999996,3.3499999999999996,548.1762824085528,228.26578896050546,198.66451157951698,17
3.3499999999999996,3.088163983693182,3.1107265562533106,173.03538441539246,72.05357073844763,62.709736327551774,17
3.3499999999999996,3.1143475853238636,3.1346539006279794,377.43390240866864,157.16704694922592,136.7857827524267,17
3.3499999999999996,3.107371571212985,3.1561885105651815,298.38485896981877,124.2502775701121,108.13762684059755,17
3.3499999999999996,3.1316344140916867,3.1755696595086635,336.17007047372044,139.98439703453192,121.83136155558613,17
3.3499999999999996,3.153470972682518,3.1930126935577974,332.4079342227719,138.41780791519517,120.4679261338521,17
3.3499999999999996,2.901299717515161,2.958971878089837,165.78194445095724,69.03316973006277,60.08101787684744,17
3.3499999999999996,2.946169745763645,2.9980746902808533,403.2047263932178,167.8982618116216,146.12538449038814,17
3.3499999999999996,2.9865527711872804,3.033267221252768,451.0570233062214,187.8244108606573,163.46753061975082,17
3.3499999999999996,3.0228974940685522,3.0649404991274913,571.1832684400041,237.8461155572671,207.0024710818373,17
3.3499999999999996,3.055607744661697,3.0934464492147424,325.5557637338997,135.56449931187151,117.98463171357866,17
3.3499999999999996,3.0590600957292837,3.119101804293268,300.70591511806447,125.21678730412145,108.9788005667096,17
3.3499999999999996,3.0881540861563552,3.1421916238639414,359.2448915462296,149.59297078401266,130.19390514833907,17
3.3499999999999996,3.1143386775407196,3.162972461477547,403.2025224627514,167.8973440741293,146.1245857641687,17
3.3499999999999996,3.1379048097866478,3.1816752153297925,425.51896528676826,177.19012194776164,154.21228557187632,17
3.3499999999999996,3.159114328807983,3.198507693796813,345.21669043006847,143.75149515247375,125.10994618747995,17
3.3499999999999996,3.1782028959271846,3.213656924417132,426.5964998093124,177.63881751488833,154.60279475022077,17
3.3499999999999996,3.195382606334466,3.227291231975419,379.1442996284472,157.8792725294594,137.40564763746207,17
3.3499999999999996,3.2108443457010196,3.239562108777877,634.4260248758661,264.1809975234116,229.92227210472967,17
3.3499999999999996,3.2247599111309175,3.2506058979000896,486.2470283580468,202.47786181148192,176.22073682448638,17
3.3499999999999996,3.2372839200178256,3.2605453081100806,430.7996125837197,179.38903342960205,156.1260444296349,17
3.3499999999999996,3.248555528016043,3.2694907772990724,505.38193292382596,210.44581706157098,183.15541567082144,17
3.3499999999999996,3.2586999752144385,3.277541699569165,334.2474492665119,139.1837993785965,121.13458459653143,17
3.3499999999999996,3.267829977692995,3.2847875296122484,496.95876970932557,206.93833222794586,180.1027779342692,17
3.3499999999999996,3.2760469799236955,3.2913087766510234,358.1319468217244,149.1295300738594,129.79056296225002,17
3.3499999999999996,3.231910337270734,3.2971778989859213,287.8035741863003,119.84413050239661,104.30286448246478,17
3.3499999999999996,3.243719303543661,3.3024601090873293,327.99438449466834,136.57996406252894,118.86841201913504,17
3.3499999999999996,3.2543473731892947,3.3072140981785965,331.69608623849683,138.12138768147665,120.20994537719929,17
3.3499999999999996,3.263912635870365,3.3114926883607367,432.34771686385506,180.03367869470839,156.68709274667617,17
3.3499999999999996,3.272521372283329,3.315343419524663,442.153100692922,184.1167332660742,160.24066091765266,17
3.3499999999999996,3.280269235054996,3.3188090775721966,397.08044763088003,165.34805420804412,143.90588523779215,17
3.3499999999999996,3.2872423115494964,3.321928169814977,351.1532133015992,146.22351942721625,127.26140084650206,17
3.3499999999999996,3.2935180803945467,3.3247353528334793,371.1828566045466,154.56405235041422,134.52034186891993,17
3.3499999999999996,3.2991662723550923,3.3272618175501316,485.5485417286822,202.1870053723274,175.96759835512785,17
3.3499999999999996,3.304249645119583,3.3295356357951187,472.5493009406143,196.77399855390328,171.2565448036695,17
3.3499999999999996,3.308824680607625,3.331582072215607,521.9361790844375,217.33916174240147,189.15483836312592,17
3.3499999999999996,3.3129422125468624,3.3334238649940464,367.5025278453749,153.03152864443553,133.1865542920836,17
3.3499999999999996,3.278084382148938,3.335081478494642,294.3182853930062,122.55691786874284,106.66386031810231,17
3.3499999999999996,3.285275943934044,3.336573330645178,415.56031365713125,173.04324521454373,150.60317163265282,17
3.3499999999999996,3.2917483495406397,3.33791599758066,393.57769602967824,163.88947531027068,142.6364533809821,17
3.3499999999999996,3.297573514586576,3.339124397822594,675.8835465891984,281.4443016938538,244.94688839474645,17
3.3499999999999996,3.3028161631279183,3.3402119580403347,545.3078003926222,227.0713259173244,197.62494529955023,17
3.3499999999999996,3.3075345468151265,3.3411907622363013,666.7582036797297,277.6444225936256,241.6397737853003,17
3.3499999999999996,3.311781092133614,3.3420716860126713,540.1681962736257,224.93114614885164,195.76230188578143,17
3.3499999999999996,3.3156029829202525,3.3428645174114044,423.01970535618096,176.14940647323166,153.30652903086212,17
3.3499999999999996,3.319042684628227,3.343578065670264,647.99870535518,269.83279005319196,234.84114587723292,17
3.3499999999999996,3.322138416165404,3.3442202591032375,700.1580545484055,291.55243641028204,253.74421039189704,17
3.3499999999999996,3.324924574548864,3.344798233192914,637.8560653563175,265.60929882276105,231.1653527315543,17
3.3499999999999996,3.3274321170939776,3.3453184098736224,469.7225811817549,195.59692570957804,170.23211357910327,17
3.3499999999999996,3.3296889053845797,3.3457865688862602,567.3015930044039,236.22974919077126,205.59571347617168,17
3.3499999999999996,3.275424858682814,3.3448239487556393,285.42905784310494,118.85535943755303,103.44231625245781,17
3.3499999999999996,3.2828823728145324,3.3453415538800755,516.2545837501153,214.9732917054034,187.09577196731948,17
3.3499999999999996,3.289594135533079,3.345807398492068,806.3119929357489,335.75594041958607,292.21544856605453,17
3.3499999999999996,3.2956347219797713,3.3462266586428613,493.08013370512083,205.32323150943176,178.69712184863104,17
3.3499999999999996,3.3010712497817942,3.3466039927785753,606.0720068293964,252.3741162203017,219.64649526562792,17
3.3499999999999996,3.305964124803615,3.346943593500718,674.6894779881294,280.94708023418326,244.51414611268075,17
3.3499999999999996,3.3103677123232536,3.347249234150646,536.2915432448912,223.31687116007944,194.35736445008476,17
3.3499999999999996,3.3499999999999996,3.3499999999999996,676.2868296363049,281.74201530389075,245.14229673430938,18
3.3499999999999996,3.3499999999999996,3.3499999999999996,720.684757236811,300.2382524762305,261.23577876779035,18
3.3499999999999996,3.3499999999999996,3.3499999999999996,586.9054846508003,244.50562511671077,212.74310273147526,18
3.3499999999999996,3.3499999999999996,3.3499999999999996,548.1762824085528,228.3709866575959,198.70443574537134,18
3.3499999999999996,3.0882726178587854,3.110776197774685,173.03538441539246,72.08677707104503,62.72233864838864,18
3.3499999999999996,3.114445356072907,3.1346985779972165,377.43390240866864,157.23947835242856,136.8132715989938,18
3.3499999999999996,3.107729884772525,3.156228720197495,298.38485896981877,124.3075390770718,108.15935847507396,18
3.3499999999999996,3.1319568962952724,3.1756058481777454,336.17007047372044,140.0489097075158,121.855845120599,18
3.3499999999999996,3.153761206665745,3.193045263359971,332.4079342227719,138.48159861591867,120.49213569913813,18
3.3499999999999996,2.901667260982442,2.9590497808376606,165.78194445095724,69.0649840922216,60.093091923205,18
3.3499999999999996,2.9465005348841977,2.9981448027538944,403.2047263932178,167.97563876139805,146.15475024897052,18
3.3499999999999996,2.986850481395778,3.033330322478505,451.0570233062214,187.91097089915408,163.50038150364742,18
3.3499999999999996,3.0231654332562004,3.0649972902306546,571.1832684400041,237.95572840697386,207.04407086693243,18
3.3499999999999996,3.0558488899305805,3.093497561207589,325.5557637338997,135.62697504772214,118.00834222919795,18
3.3499999999999996,3.059548495693112,3.11914780508683,300.70591511806447,125.27449423305484,109.0007012457682,18
3.3499999999999996,3.0885936461238006,3.142233024578147,359.2448915462296,149.66191162748754,130.220069273079,18
3.3499999999999996,3.1147342815114207,3.1630097221203326,403.2025224627514,167.97472060096078,146.1539513622368,18
3.3499999999999996,3.1382608533602787,3.1817087499082994,425.51896528676826,177.2717811086064,154.24327649630962,18
3.3499999999999996,3.159434768024251,3.1985378749174695,345.21669043006847,143.8177439158658,125.13508862586468,18
3.3499999999999996,3.178491291221826,3.2136840874257224,426.5964998093124,177.72068345985335,154.6338641524511,18
3.3499999999999996,3.1956421620996434,3.22731567868315,379.1442996284472,157.95203216621456,137.43326105377878,18
3.3499999999999996,3.211077945889679,3.239584110814835,634.4260248758661,264.3027469659412,229.96847791598475,18
3.3499999999999996,3.224970151300711,3.2506256997333516,486.2470283580468,202.57117498325135,176.2561506277269,18
3.3499999999999996,3.2374731361706397,3.2605631297600164,430.7996125837197,179.47170597236905,156.15741994830424,18
3.3499999999999996,3.248725822553576,3.269506816784015,505.38193292382596,210.5428023146745,183.19222308616816,18
3.3499999999999996,3.2588532402982184,3.2775561351056135,334.2474492665119,139.24794309121157,121.15892813533306,18
3.3499999999999996,3.2679679162683968,3.284800521595052,496.95876970932557,207.03370103502488,180.13897188315272,18
3.3499999999999996,3.2761711246415572,3.291320469435547,358.1319468217244,149.19825733782386,129.81664603023654,18
3.3499999999999996,3.232287551115073,3.2971884224919923,287.8035741863003,119.89936140929713,104.323825472566,18
3.3499999999999996,3.2440587960035656,3.3024695802427932,327.99438449466834,136.64290778157465,118.8923001416717,18
3.3499999999999996,3.254652916403209,3.307222622218514,331.69608623849683,138.1850417751067,120.23410309796394,18
3.3499999999999996,3.2641876247628883,3.3115003599966624,432.34771686385506,180.11664832622284,156.71858101515613,18
3.3499999999999996,3.2727688622865996,3.3153503239969964,442.153100692922,184.20158459847752,160.2728633209517,18
3.3499999999999996,3.28049197605794,3.318815291597297,397.08044763088003,165.42425587891339,143.9348049597091,18
3.3499999999999996,3.287442778452146,3.3219337624375673,351.1532133015992,146.2909074382461,127.28697564712374,18
3.3499999999999996,3.2936985006069315,3.3247403861938105,371.1828566045466,154.6352841474972,134.54737544626528,18
3.3499999999999996,3.2993286505462383,3.3272663475744295,485.5485417286822,202.28018450111253,176.00296128696638,18
3.3499999999999996,3.3043957854916144,3.329539712816987,472.5493009406143,196.86468306510145,171.29096098924805,18
3.3499999999999996,3.308956206942453,3.3315857415352883,521.9361790844375,217.4393238359285,189.1928514389336,18
3.3499999999999996,3.313060586248208,3.3334271673817595,367.5025278453749,153.10205416851403,133.21331982781436,18
3.3499999999999996,3.278459390002916,3.3350844506435835,294.3182853930062,122.61339898043727,106.6852957804108,18
3.3499999999999996,3.2856134510026243,3.336576005579225,415.56031365713125,173.12299326166251,150.63343725963702,18
3.3499999999999996,3.292052105902362,3.3379184050213024,393.57769602967824,163.96500478605648,142.66511799438678,18
3.3499999999999996,3.2978468953121256,3.339126564519172,675.8835465891984,281.57400703661347,244.99611359415442,18
3.3499999999999996,3.303062205780913,3.340213908067255,545.3078003926222,227.17597313875237,197.6646605513099,18
3.3499999999999996,3.3077559852028218,3.3411925172605295,666.7582036797297,277.77237673865926,241.6883343778737,18
3.3499999999999996,3.3119803866825395,3.3420732655344767,540.1681962736257,225.03480705522975,195.80164281560516,18
3.3499999999999996,3.3157823480142854,3.342865938981029,423.01970535618096,176.2305860139295,153.33733793197348,18
3.3499999999999996,3.319204113212857,3.3435793450829263,647.99870535518,269.9571441591767,234.88834019887037,18
3.3499999999999996,3.322283701891571,3.3442214105746335,700.1580545484055,291.6868001492862,253.79520352529423,18
3.3499999999999996,3.3250553317024143,3.34479926951717,637.8560653563175,265.73170650675615,231.2118083557061,18
3.3499999999999996,3.3275497985321727,3.345319342565453,469.7225811817549,195.6870677594941,170.26632389216942,18
3.3499999999999996,3.3297948186789554,3.3457874083089076,567.3015930044039,236.33861712806618,205.6370305553949,18
3.3499999999999996,3.2757845667947394,3.344945518258884,285.42905784310494,118.91013466320825,103.46310430442335,18
3.3499999999999996,3.2832061101152656,3.3454509664329954,516.2545837501153,215.07236347312804,187.13337124748926,18
3.3499999999999996,3.289885499103739,3.345905869789696,806.3119929357489,335.91067561611925,292.2741729851317,18
3.3499999999999996,3.295896949193365,3.3463152828107265,493.08013370512083,205.41785598738053,178.73303331300716,18
3.3499999999999996,3.3013072542740285,3.346683754529654,606.0720068293964,252.49042438874218,219.69063602854823,18
3.3499999999999996,3.306176528846626,3.3470153790766886,674.6894779881294,281.07655642936567,244.56328434701115,18
3.3499999999999996,3.3105588759619633,3.3473138411690195,536.2915432448912,223.4197881178701,194.39642303982302,18
3.3499999999999996,3.3499999999999996,3.3499999999999996,676.2868296363049,281.75502601272285,245.14724816405376,19
3.3499999999999996,3.3499999999999996,3.3499999999999996,720.684757236811,300.2521173322727,261.24105525668074,19
3.3499999999999996,3.3499999999999996,3.3499999999999996,586.9054846508003,244.51691626720796,212.7473997562679,19
3.3499999999999996,3.3499999999999996,3.3499999999999996,548.1762824085528,228.38153271835964,198.70844921455475,19
3.3499999999999996,3.088283507045219,3.1107811878276475,173.03538441539246,72.090106003246,62.72360552586087,19
3.3499999999999996,3.114455156340697,3.1347030690448827,377.43390240866864,157.24673959483698,136.8160349789223,19
3.3499999999999996,3.107765801126553,3.1562327621403945,298.38485896981877,124.31327953858876,108.16154309793107,19
3.3499999999999996,3.1319892210138978,3.1756094859263553,336.17007047372044,140.05537709784983,121.85830638764305,19
3.3499999999999996,3.153790298912508,3.19304853733372,332.4079342227719,138.48799362859094,120.49456942172543,19
3.3499999999999996,2.901704102516735,2.9590576117587686,165.78194445095724,69.06817347949683,60.09430569466243,19
3.3499999999999996,2.946533692265062,2.9981518505828917,403.2047263932178,167.98339579445695,146.15770230982378,19
3.3499999999999996,2.9868803230385557,3.0333366655246023,451.0570233062214,187.91964853612666,163.50368391478975,19
3.3499999999999996,3.0231922907347,3.065002998972142,571.1832684400041,237.9667170864361,207.04825278161852,19
3.3499999999999996,3.0558730616612304,3.093502699074928,325.5557637338997,135.6332382352705,118.01072578366237,19
3.3499999999999996,3.059597451546278,3.1191524291674355,300.70591511806447,125.28027934808921,109.00290286222322,19
3.3499999999999996,3.08863770639165,3.142237186250692,359.2448915462296,149.668822941561,130.22269948227955,19
3.3499999999999996,3.114773935752485,3.163013467625623,403.2025224627514,167.9824775916195,146.15690340695403,19
3.3499999999999996,3.1382965421772364,3.1817121208630605,425.51896528676826,177.27996743298422,154.24639193072179,19
3.3499999999999996,3.1594668879595127,3.1985409087767547,345.21669043006847,143.82438534912507,125.13761612767952,19
3.3499999999999996,3.1785201991635614,3.213686817899079,426.5964998093124,177.7288905143228,154.6369874760254,19
3.3499999999999996,3.1956681792472055,3.2273181361091714,379.1442996284472,157.95932631401053,137.43603695636975,19
3.3499999999999996,3.211101361322485,3.2395863224982544,634.4260248758661,264.3149523378683,229.97312286211192,19
3.3499999999999996,3.2249912251902364,3.250627690248429,486.2470283580468,202.5805296212972,176.2597106822686,19
3.3499999999999996,3.237492102671213,3.260564921223586,430.7996125837197,179.47999388820404,156.16057404494214,19
3.3499999999999996,3.2487428924040915,3.2695084291012275,505.38193292382596,210.55252507858194,183.19592323679257,19
3.3499999999999996,3.258868603163682,3.277557586191105,334.2474492665119,139.25437349329786,121.16137532591809,19
3.3499999999999996,3.267981742847314,3.2848018275719943,496.95876970932557,207.04326175034691,180.1426103636409,19
3.3499999999999996,3.276183568562583,3.291321644814795,358.1319468217244,149.2051472405683,129.81926809101932,19
3.3499999999999996,3.2323253619810504,3.2971894803333153,287.8035741863003,119.90489830331973,104.3259326246135,19
3.3499999999999996,3.2440928257829453,3.3024705322999837,327.99438449466834,136.64921788440114,118.89470155048258,19
3.3499999999999996,3.254683543204651,3.3072234790699855,331.69608623849683,138.19142309292874,120.23653160876073,19
3.3499999999999996,3.264215188884186,3.311501131162987,432.34771686385506,180.12496602518107,156.72174644622973,19
3.3499999999999996,3.2727936699957674,3.3153510180466883,442.153100692922,184.21009093780017,160.276100542081,19
3.3499999999999996,3.2805143029961905,3.3188159162420194,397.08044763088003,165.43189509035537,143.93771218169414,19
3.3499999999999996,3.2874628726965716,3.3219343246178177,351.1532133015992,146.2976630809904,127.28954661315322,19
3.3499999999999996,3.2937165854269144,3.324740892156036,371.1828566045466,154.6424251294876,134.5500930592015,19
3.3499999999999996,3.2993449268842228,3.327266802940432,485.5485417286822,202.2895257013599,176.00651622754262,19
3.3499999999999996,3.3044104341958005,3.329540122646389,472.5493009406143,196.87377418013418,171.29442075596515,19
3.3499999999999996,3.3089693907762205,3.33158611038175,521.9361790844375,217.4493650778356,189.19667279136652,19
3.3499999999999996,3.3130724516985985,3.3334274993435753,367.5025278453749,153.10912434669186,133.21601049524688,19
3.3499999999999996,3.2784969797465586,3.335084749409218,294.3182853930062,122.61906120739097,106.6874506298752,19
3.3499999999999996,3.2856472817719027,3.336576274468296,415.56031365713125,173.13098799704136,150.6364797818442,19
3.3499999999999996,3.2920825535947125,3.3379186470214663,393.57769602967824,163.97257660999483,142.66799957099815,19
3.3499999999999996,3.297874298235241,3.33912678231932,675.8835465891984,281.5870099869057,245.00106207126453,19
3.3499999999999996,3.303086868411717,3.340214104087388,545.3078003926222,227.18646401437476,197.66865301892037,19
3.3499999999999996,3.3077781815705456,3.341192693678649,666.7582036797297,277.7852041315187,241.69321604384348,19
3.3499999999999996,3.312000363413491,3.3420734243107844,540.1681962736257,225.0451990528469,195.8055976536366,19
3.3499999999999996,3.315800327072142,3.342866081879706,423.01970535618096,176.23872425642577,153.3404350680698,19
3.3499999999999996,3.319220294364928,3.3435794736917352,647.99870535518,269.96961064840804,234.89308451729184,19
3.3499999999999996,3.322298264928435,3.3442215263225616,700.1580545484055,291.70027010343136,253.80032972806083,19
3.3499999999999996,3.3250684384355917,3.3447993736903054,637.8560653563175,265.74397786733783,231.21647841485301,19
3.3499999999999996,3.3275615945920327,3.345319436321275,469.7225811817549,195.6961044928265,170.2697629630757,19
3.3499999999999996,3.3298054351328297,3.3457874926891478,567.3015930044039,236.34953113011838,205.64118405041884,19
3.3499999999999996,3.2758206229348183,3.3449577386389815,285.42905784310494,118.91562587522226,103.46519407146447,19
3.3499999999999996,3.2832385606413363,3.345461964775083,516.2545837501153,215.08229540996015,187.13715100215788,19
3.3499999999999996,3.289914704577203,3.345915768297575,806.3119929357489,335.92618780726076,292.28007639328655,19
3.3499999999999996,3.2959232341194826,3.3463241914678177,493.08013370512083,205.42734208376652,178.73664339608644,19
3.3499999999999996,3.3013309107075344,3.346691772321036,606.0720068293964,252.50208427337478,219.6950733809117,19
3.3499999999999996,3.306197819636781,3.3470225950889323,674.6894779881294,281.0895364076315,244.5682240817556,19
3.3499999999999996,3.310578037673103,3.347320335580039,536.2915432448912,223.4301055347005,194.4003494949638,19
3.3499999999999996,3.3499999999999996,3.3499999999999996,676.2868296363049,281.7563274086225,245.14774356769323,20
3.3499999999999996,3.3499999999999996,3.3499999999999996,720.684757236811,300.2535041642306,261.2415831833473,20
3.3499999999999996,3.3499999999999996,3.3499999999999996,586.9054846508003,244.51804566431844,212.74782968496137,20
3.3499999999999996,3.3499999999999996,3.3499999999999996,548.1762824085528,228.3825875878839,198.70885077275972,20
3.3499999999999996,3.0882845962220493,3.1107816870928686,173.03538441539246,72.09043897962513,62.72373228030209,20
3.3499999999999996,3.1144561365998444,3.134703518383582,377.43390240866864,157.24746590046863,136.81631146239158,20
3.3499999999999996,3.1077693936135486,3.1562331665452237,298.38485896981877,124.31385372814115,108.16176167522491,20
3.3499999999999996,3.131992454252194,3.1756098498907015,336.17007047372044,140.05602399844307,121.85855264391937,20
3.3499999999999996,3.1537932088269747,3.1930488649016313,332.4079342227719,138.48863328960996,120.494812922106,20
3.3499999999999996,2.9017077875436943,2.9590583952587814,165.78194445095724,69.06849249789744,60.09442713570642,20
3.3499999999999996,2.946537008789325,2.9981525557329034,403.2047263932178,167.9841716915389,146.15799767131855,20
3.3499999999999996,2.9868833079103925,3.033337300159613,451.0570233062214,187.92051651659716,163.50401432975738,20
3.3499999999999996,3.023194977119353,3.0650035701436518,571.1832684400041,237.96781622888716,207.04867119324146,20
3.3499999999999996,3.0558754794074177,3.0935032131292868,325.5557637338997,135.6338647104841,118.01096426458957,20
3.3499999999999996,3.0596023482923593,3.1191528918163582,300.70591511806447,125.28085800410878,109.00312313977146,20
3.3499999999999996,3.0886421134631235,3.1422376026347223,359.2448915462296,149.66951424561768,130.2229626416654,20
3.3499999999999996,3.114777902116811,3.16301384237125,403.2025224627514,167.9832534844603,146.15719876683434,20
3.3499999999999996,3.13830011190513,3.181712458134125,425.51896528676826,177.28078626992206,154.24670363817316,20
3.3499999999999996,3.1594701007146173,3.1985412123207126,345.21669043006847,143.8250496583586,125.1378690109198,20
3.3499999999999996,3.1785230906431554,3.2136870910886413,426.5964998093124,177.7297114247876,154.63729997280834,20
3.3499999999999996,3.19567078157884,3.227318381979777,379.1442996284472,157.960055911003,137.4363146927645,20
3.3499999999999996,3.211103703420956,3.239586543781799,634.4260248758661,264.3161731799596,229.97358760125502,20
3.3499999999999996,3.2249933330788605,3.2506278894036194,486.2470283580468,202.58146531878708,176.26006687513967,20
3.3499999999999996,3.2374939997709746,3.2605651004632574,430.7996125837197,179.48082288682537,156.1608896206514,20
3.3499999999999996,3.248744599793877,3.269508590416932,505.38193292382596,210.55349759785395,183.19629344664725,20
3.3499999999999996,3.2588701398144893,3.277557731375239,334.2474492665119,139.2550166941424,121.16162017380745,20
3.3499999999999996,3.2679831258330405,3.284801958237715,496.95876970932557,207.04421806071238,180.14297440323537,20
3.3499999999999996,3.2761848132497366,3.2913217624139435,358.1319468217244,149.20583640295726,129.81953043513442,20
3.3499999999999996,3.2323291439641615,3.297189586172549,287.8035741863003,119.90545213103744,104.32614345074799,20
3.3499999999999996,3.2440962295677456,3.3024706275552944,327.99438449466834,136.64984905231447,118.89494181778441,20
3.3499999999999996,3.254686606610971,3.307223564799765,331.69608623849683,138.1920613841207,120.2367745876879,20
3.3499999999999996,3.264217945949874,3.311501208319789,432.34771686385506,180.1257980028587,156.7220631559793,20
3.3499999999999996,3.2727961513548864,3.31535108748781,442.153100692922,184.21094178422666,160.27642443461548,20
3.3499999999999996,3.2805165362193978,3.3188159787390292,397.08044763088003,165.43265920233233,143.93800305694162,20
3.3499999999999996,3.287464882597458,3.3219343808651263,351.1532133015992,146.29833881402544,127.2898038451031,20
3.3499999999999996,3.2937183943377124,3.3247409427786137,371.1828566045466,154.64313940607323,134.55036496356217,20
3.3499999999999996,3.2993465549039414,3.327266848500752,485.5485417286822,202.29046005473424,176.00687190874797,20
3.3499999999999996,3.304411899413547,3.329540163650677,472.5493009406143,196.87468351873974,171.29476691477413,20
3.3499999999999996,3.3089707094721925,3.3315861472856096,521.9361790844375,217.45036945286344,189.19705512778256,20
3.3499999999999996,3.3130736385249735,3.3334275325570486,367.5025278453749,153.10983154112756,133.2162797036387,20
3.3499999999999996,3.2785007396121935,3.3350847793013436,294.3182853930062,122.61962757153267,106.68766622826239,20
3.3499999999999996,3.2856506656509743,3.3365763013712093,415.56031365713125,173.13178767029322,150.63678419423667,20
3.3499999999999996,3.292085599085877,3.3379186712340885,393.57769602967824,163.97333398153802,142.66828788035812,20
3.3499999999999996,3.2978770391772896,3.3391268041106796,675.8835465891984,281.58831060675755,245.0015571794851,20
3.3499999999999996,3.3030893352595605,3.340214123699612,545.3078003926222,227.18751336400626,197.66905247586243,20
3.3499999999999996,3.3077804017336043,3.3411927113296507,666.7582036797297,277.7864871912418,241.69370446743275,20
3.3499999999999996,3.312002361560244,3.342073440196686,540.1681962736257,225.04623851220785,195.80599334563982,20
3.3499999999999996,3.3158021254042196,3.3428660961770174,423.01970535618096,176.2395382839743,153.34074494472628,20
3.3499999999999996,3.3192219128637976,3.3435794865593156,647.99870535518,269.9708576087527,234.8935591988957,20
3.3499999999999996,3.322299721577418,3.344221537903384,700.1580545484055,291.70161743533464,253.80084261820326,20
3.3499999999999996,3.325069749419676,3.344799384113046,637.8560653563175,265.74520530994306,231.21694566662006,20
3.3499999999999996,3.3275627744777085,3.3453194457017412,469.7225811817549,195.6970083919036,170.27010705121407,20
3.3499999999999996,3.3298064970299377,3.345787501131567,567.3015930044039,236.3506228029629,205.64159961857942,20
3.3499999999999996,3.2758242294037334,3.3449589613135338,285.42905784310494,118.9161751335979,103.46540315818307,20
3.3499999999999996,3.28324180646336,3.3454630651821806,516.2545837501153,215.08328885175004,187.13752917660764,20
3.3499999999999996,3.289917625817024,3.3459167586639627,806.3119929357489,335.92773941388015,292.28066704488333,20
3.3499999999999996,3.2959258632353214,3.3463250827975664,493.08013370512083,205.42829093037435,178.73700459444495,20
3.3499999999999996,3.301333276911789,3.3466925745178098,606.0720068293964,252.50325055311,219.69551734974976,20
3.3499999999999996,3.3061999492206104,3.3470233170660286,674.6894779881294,281.09083472970696,244.56871831527937,20
3.3499999999999996,3.3105799542985492,3.347320985359426,536.2915432448912,223.4311375341196,194.40074234718372,20
3.3499999999999996,3.3499999999999996,3.3499999999999996,676.2868296363049,281.75645755146326,245.14779311066476,21
3.3499999999999996,3.3499999999999996,3.3499999999999996,720.684757236811,300.25364285089057,261.24163597879283,21
3.3499999999999996,3.3499999999999996,3.3499999999999996,586.9054846508003,244.51815860685062,212.74787268009374,21
3.3499999999999996,3.3499999999999996,3.3499999999999996,548.1762824085528,228.38269307747132,198.70889093069385,21
3.3499999999999996,3.088284705142315,3.110781737021991,173.03538441539246,72.09047227809481,62.72374495641338,21
3.3499999999999996,3.1144562346280837,3.1347035633197917,377.43390240866864,157.24753853284608,136.81633911219382,21
3.3499999999999996,3.1077697528707664,3.1562332069878125,298.38485896981877,124.3139111485307,108.1617835341048,21
3.3499999999999996,3.1319927775836898,3.175609886289031,336.17007047372044,140.05608869011832,121.85857727084317,21
3.3499999999999996,3.153793499825321,3.193048897660128,332.4079342227719,138.48869725730975,120.49483727342572,21
3.3499999999999996,2.9017081560551277,2.9590584736128624,165.78194445095724,69.06852440053443,60.09443928045004,21
3.3499999999999996,2.946537340449615,2.998152626251576,403.2047263932178,167.98424928318525,146.1580272090227,21
3.3499999999999996,2.9868836064046533,3.0333373636264187,451.0570233062214,187.92060331681245,163.50404737299337,21
3.3499999999999996,3.023195245764188,3.065003627263777,571.1832684400041,237.9679261458778,207.0487130366061,21
3.3499999999999996,3.0558757211877694,3.093503264537399,325.5557637338997,135.63392735957038,118.01098811393759,21
3.3499999999999996,3.059602837978578,3.1191529380836593,300.70591511806447,125.28091587115618,109.00314516868578,21
3.3499999999999996,3.08864255418072,3.1422376442752933,359.2448915462296,149.6695833777502,130.22298895898916,21
3.3499999999999996,3.1147782987626482,3.163013879847764,403.2025224627514,167.9833310756826,146.15722830437704,21
3.3499999999999996,3.1383004688863836,3.1817124918629873,425.51896528676826,177.28086815566127,154.24673481055896,21
3.3499999999999996,3.1594704219977454,3.1985412426766886,345.21669043006847,143.82511609094138,125.1378943005749,21
3.3499999999999996,3.178523379797971,3.2136871184090197,426.5964998093124,177.7297935178847,154.6373312241315,21
3.3499999999999996,3.195671041818174,3.2273184065681177,379.1442996284472,157.96012887252468,137.4363424678659,21
3.3499999999999996,3.2111039376363566,3.239586565911306,634.4260248758661,264.3162952672183,229.97363407761554,21
3.3499999999999996,3.224993543872721,3.2506279093201753,486.2470283580468,202.5815588908734,176.26010249630167,21
3.3499999999999996,3.237494189485449,3.2605651183881577,430.7996125837197,179.4809057887583,156.16092117988342,21
3.3499999999999996,3.248744770536904,3.269508606549342,505.38193292382596,210.55359485221055,183.19633046958134,21
3.3499999999999996,3.2588702934832137,3.277557745894408,334.2474492665119,139.25508101583353,121.16164465988517,21
3.3499999999999996,3.2679832641348923,3.284801971304967,496.95876970932557,207.04431369413777,180.14301080911093,21
3.3499999999999996,3.276184937721403,3.2913217741744702,358.1319468217244,149.20590532091768,129.8195566709268,21
3.3499999999999996,3.232329522171439,3.2971895967570233,287.8035741863003,119.90550751519262,104.32616453447115,21
3.3499999999999996,3.244096569954295,3.302470637081321,327.99438449466834,136.64991217068248,118.89496584577924,21
3.3499999999999996,3.254686912958866,3.307223573373189,331.69608623849683,138.1921252148343,120.23679888685956,21
3.3499999999999996,3.264218221662979,3.31150121603587,432.34771686385506,180.12588120270473,156.7220948286213,21
3.3499999999999996,3.272796399496681,3.315351094432283,442.153100692922,184.21102687099466,160.27645682557375,21
3.3499999999999996,3.280516759547013,3.3188159849890546,397.08044763088003,165.43273561543873,143.93803214599743,21
3.3499999999999996,3.2874650835923114,3.3219343864901494,351.1532133015992,146.29840638901692,127.28982956965207,21
3.3499999999999996,3.2937185752330804,3.3247409478411343,371.1828566045466,154.6432108355161,134.55039215542945,21
3.3499999999999996,3.2993467177097724,3.327266853057021,485.5485417286822,202.29055349240565,176.00690747874066,21
3.3499999999999996,3.304412045938795,3.329540167751319,472.5493009406143,196.87477445487184,171.29480153247704,21
3.3499999999999996,3.3089708413449155,3.331586150976187,521.9361790844375,217.45046989287516,189.19709336343666,21
3.3499999999999996,3.313073757210424,3.333427535878568,367.5025278453749,153.10990226233764,133.21630662589487,21
3.3499999999999996,3.27850111560767,3.3350847822907115,294.3182853930062,122.6196842093616,106.68768778923592,21
3.3499999999999996,3.285651004046903,3.3365763040616403,415.56031365713125,173.13186763961602,150.63681463707817,21
3.3499999999999996,3.2920859036422128,3.3379186736554765,393.57769602967824,163.97340972058427,142.66831671281167,21
3.3499999999999996,3.2978773132779917,3.339126806289929,675.8835465891984,281.58844067199163,245.0016066929132,21
3.3499999999999996,3.3030895819501924,3.340214125660936,545.3078003926222,227.18761830159062,197.6690924236592,21
3.3499999999999996,3.307780623755173,3.3411927130948422,666.7582036797297,277.78661550041915,241.69375331236256,21
3.3499999999999996,3.3120025613796558,3.342073441785358,540.1681962736257,225.04634246074048,195.80603291692293,21
3.3499999999999996,3.3158023052416903,3.3428660976068225,423.01970535618096,176.23961968876253,153.34077593402301,21
3.3499999999999996,3.3192220747175214,3.3435794878461405,647.99870535518,269.9709823079019,234.89360666955463,21
3.3499999999999996,3.322299867245769,3.3442215390615266,700.1580545484055,291.70175217189046,253.80089390991716,21
3.3499999999999996,3.325069880521192,3.344799385155374,637.8560653563175,265.74532805726966,231.21699239425627,21
3.3499999999999996,3.3275628924690728,3.3453194466398366,469.7225811817549,195.69709878406917,170.27014146183907,21
3.3499999999999996,3.3298066032221656,3.345787501975853,567.3015930044039,236.35073197297433,205.64164117758287,21
3.3499999999999996,3.275824590059175,3.344959083587357,285.42905784310494,118.91623006080751,103.4654240679555,21
3.3499999999999996,3.2832421310532576,3.345463175228621,516.2545837501153,215.0833881984106,187.13756699604315,21
3.3499999999999996,3.289917917947932,3.3459168577057588,806.3119929357489,335.92789457841803,292.28072611315196,21
3.3499999999999996,3.2959261261531387,3.3463251719351828,493.08013370512083,205.4283858174053,178.737040716182,21
3.3499999999999996,3.301333513537825,3.3466926547416644,606.0720068293964,252.50336718399686,219.6955617489704,21
3.3499999999999996,3.3062001621840422,3.347023389267498,674.6894779881294,281.0909645651576,244.56876774123316,21
3.3499999999999996,3.310580145965638,3.347321050340748,536.2915432448912,223.4312407366395,194.40078163447353,21
3.3499999999999996,3.3499999999999996,3.3499999999999996,676.2868296363049,281.75647056577986,245.147798064988,22
3.3499999999999996,3.3499999999999996,3.3499999999999996,720.684757236811,300.2536567195912,261.2416412583651,22
3.3499999999999996,3.3499999999999996,3.3499999999999996,586.9054846508003,244.5181699011321,212.74787697962952,22
3.3499999999999996,3.3499999999999996,3.3499999999999996,548.1762824085528,228.38270362645645,198.7088949465084,22
3.3499999999999996,3.088284716034367,3.1107817420149293,173.03538441539246,72.09047560795008,62.72374622403118,22
3.3499999999999996,3.1144562444309303,3.1347035678134363,377.43390240866864,157.24754579610195,136.8163418771886,22
3.3499999999999996,3.107769788796573,3.1562332110320925,298.38485896981877,124.31391689058397,108.16178572000429,22
3.3499999999999996,3.131992809916916,3.175609889928883,336.17007047372044,140.056095159302,121.85857973354851,22
3.3499999999999996,3.1537935289252244,3.193048900935995,332.4079342227719,138.48870365409573,120.49483970857054,22
3.3499999999999996,2.901708192906358,2.959058481448311,165.78194445095724,69.06852759080608,60.0944404949308,22
3.3499999999999996,2.9465373736157225,2.99815263330348,403.2047263932178,167.98425704236922,146.1580301628087,22
3.3499999999999996,2.9868836362541504,3.033337369973132,451.0570233062214,187.92061199685563,163.5040506773344,22
3.3499999999999996,3.0231952726287354,3.065003632975819,571.1832684400041,237.96793713760437,207.04871722096462,22
3.3499999999999996,3.055875745365862,3.0935032696782367,325.5557637338997,135.6339336244947,118.01099049888491,22
3.3499999999999996,3.0596028869473164,3.119152942710413,300.70591511806447,125.28092165787541,109.00314737158877,22
3.3499999999999996,3.088642598252585,3.1422376484393717,359.2448915462296,149.66959029098072,130.22299159073535,22
3.3499999999999996,3.1147783384273264,3.1630138835954345,403.2025224627514,167.9833388348242,146.15723125814685,22
3.3499999999999996,3.1383005045845938,3.181712495235891,425.51896528676826,177.28087634425563,154.24673792781397,22
3.3499999999999996,3.1594704541261343,3.198541245712302,345.21669043006847,143.82512273421625,125.13789682955374,22
3.3499999999999996,3.178523408713521,3.213687121141072,426.5964998093124,177.7298017272149,154.63733434928022,22
3.3499999999999996,3.195671067842169,3.2273184090269647,379.1442996284472,157.9601361686951,137.43634524539064,22
3.3499999999999996,3.2111039610579524,3.239586568124268,634.4260248758661,264.3163074759747,229.97363872527606,22
3.3499999999999996,3.224993564952157,3.2506279113118413,486.2470283580468,202.5815682481054,176.26010605843658,22
3.3499999999999996,3.2374942084569414,3.260565120180657,430.7996125837197,179.48091407897235,156.16092433582324,22
3.3499999999999996,3.248744787611247,3.2695086081625915,505.38193292382596,210.5536045776705,183.19633417189422,22
3.3499999999999996,3.2588703088501223,3.277557747346332,334.2474492665119,139.2550874480187,121.16164710850583,22
3.3499999999999996,3.26798327796511,3.284801972611699,496.95876970932557,207.0443232575042,180.14301444971767,22
3.3499999999999996,3.276184950168599,3.291321775350529,358.1319468217244,149.20591221273096,129.81955929451982,22
3.3499999999999996,3.2323295599922566,3.297189597815476,287.8035741863003,119.90551305362196,104.32616664285455,22
3.3499999999999996,3.244096603993031,3.3024706380339284,327.99438449466834,136.64991848253504,118.89496824859135,22
3.3499999999999996,3.254686943593728,3.3072235742305356,331.69608623849683,138.19213159792162,120.2368013167895,22
3.3499999999999996,3.2642182492343554,3.311501216807482,432.34771686385506,180.12588952271005,156.72209799590212,22
3.3499999999999996,3.2727964243109198,3.3153510951267338,442.153100692922,184.21103537969273,160.2764600646866,22
3.3499999999999996,3.280516781879828,3.3188159856140604,397.08044763088003,165.43274325676845,143.9380350549183,22
3.3499999999999996,3.2874651036918454,3.3219343870526545,351.1532133015992,146.2984131465329,127.28983214212052,22
3.3499999999999996,3.293718593322661,3.3247409483473893,371.1828566045466,154.6432179784782,134.5503948746305,22
3.3499999999999996,3.299346733990395,3.3272668535126506,485.5485417286822,202.29056283619616,176.00691103575866,22
3.3499999999999996,3.3044120605913556,3.3295401681613854,472.5493009406143,196.87478354850774,171.29480499426558,22
3.3499999999999996,3.30897085453222,3.3315861513452467,521.9361790844375,217.45047993690136,189.1970971870222,22
3.3499999999999996,3.313073769078998,3.333427536210722,367.5025278453749,153.10990933447638,133.21630931813462,22
3.3499999999999996,3.278501153207308,3.3350847825896497,294.3182853930062,122.61968987315863,106.6876899453446,22
3.3499999999999996,3.285651037886577,3.3365763043306846,415.56031365713125,173.13187563656822,150.63681768137843,22
3.3499999999999996,3.2920859340979196,3.337918673897616,393.57769602967824,163.97341729450778,142.6683195960722,22
3.3499999999999996,3.2978773406881277,3.3391268065078545,675.8835465891984,281.5884536785476,245.00161164428206,22
3.3499999999999996,3.3030896066193147,3.3402141258570692,545.3078003926222,227.18762879537528,197.66909641845993,22
3.3499999999999996,3.3077806459573833,3.3411927132713624,666.7582036797297,277.7866283313689,241.69375819688122,22
3.3499999999999996,3.312002581361645,3.342073441944226,540.1681962736257,225.0463528556197,195.80603687407205,22
3.3499999999999996,3.3158023232254807,3.3428660977498037,423.01970535618096,176.23962782926174,153.34077903296898,22
3.3499999999999996,3.3192220909029326,3.3435794879748233,647.99870535518,269.97099477784803,234.8936114166455,22
3.3499999999999996,3.3222998818126395,3.344221539177341,700.1580545484055,291.7017656455797,253.80089903911556,22
3.3499999999999996,3.3250698936313756,3.344799385259607,637.8560653563175,265.745340332033,231.21699706704447,22
3.3499999999999996,3.327562904268238,3.3453194467336465,469.7225811817549,195.69710782330827,170.27014490291964,22
3.3499999999999996,3.329806613841414,3.345787502060282,567.3015930044039,236.3507428900027,205.64164533350512,22
3.3499999999999996,3.275824626124805,3.3449590958148026,285.42905784310494,118.91623555354215,103.46542615894374,22
3.3499999999999996,3.2832421635123246,3.345463186233322,516.2545837501153,215.0833981331015,187.1375707780066,22
3.3499999999999996,3.289917947161092,3.34591686760999,806.3119929357489,335.9279100949105,292.28073202000996,22
3.3499999999999996,3.295926152444983,3.346325180848991,493.08013370512083,205.42839530613213,178.7370443283747,22
3.3499999999999996,3.3013335372004846,3.346692662764092,606.0720068293964,252.50337884711465,219.6955661889159,22
3.3499999999999996,3.306200183480436,3.3470233964876828,674.6894779881294,281.09097754873505,244.56877268385458,22
3.3499999999999996,3.3105801651323925,3.3473210568389145,536.2915432448912,223.4312510569172,194.40078556322317,22
3.3499999999999996,3.3499999999999996,3.3499999999999996,676.2868296363049,281.75647201181545,245.14779861546864,23
3.3499999999999996,3.3499999999999996,3.3499999999999996,720.684757236811,300.25365826055844,261.2416418449846,23
3.3499999999999996,3.3499999999999996,3.3499999999999996,586.9054846508003,244.51817115605257,212.74787745735603,23
3.3499999999999996,3.3499999999999996,3.3499999999999996,548.1762824085528,228.38270479856615,198.70889539271025,23
3.3499999999999996,3.0882847172445955,3.1107817425697,173.03538441539246,72.09047597793412,62.723746364877684,23
3.3499999999999996,3.114456245520136,3.1347035683127302,377.43390240866864,157.24754660313067,136.81634218441036,23
3.3499999999999996,3.1077697927883303,3.156233211481457,298.38485896981877,124.31391752859007,108.16178596288215,23
3.3499999999999996,3.1319928135094974,3.175609890333311,336.17007047372044,140.0560958781004,121.85858000718261,23
3.3499999999999996,3.1537935321585477,3.19304890129998,332.4079342227719,138.48870436484987,120.49483997914234,23
3.3499999999999996,2.90170819700094,2.959058482318917,165.78194445095724,69.06852794528079,60.094440629873176,23
3.3499999999999996,2.9465373773008463,2.9981526340870253,403.2047263932178,167.98425790450102,146.15803049100728,23
3.3499999999999996,2.986883639570762,3.0333373706783227,451.0570233062214,187.92061296130518,163.50405104448353,23
3.3499999999999996,3.0231952756136855,3.06500363361049,571.1832684400041,237.96793835890767,207.04871768589356,23
3.3499999999999996,3.055875748052317,3.093503270249441,325.5557637338997,135.63393432059755,118.01099076387922,23
3.3499999999999996,3.059602892388288,3.119152943224497,300.70591511806447,125.28092230084438,109.00314761635586,23
3.3499999999999996,3.0886426031494594,3.1422376489020474,359.2448915462296,149.6695910591177,130.22299188315176,23
3.3499999999999996,3.1147783428345135,3.1630138840118427,403.2025224627514,167.98333969695128,146.1572315863436,23
3.3499999999999996,3.1383005085510622,3.1817124956106584,425.51896528676826,177.28087725409972,154.2467382741758,23
3.3499999999999996,3.159470457695956,3.198541246049593,345.21669043006847,143.8251234723581,125.13789711055152,23
3.3499999999999996,3.1785234119263603,3.2136871214446336,426.5964998093124,177.72980263936296,154.63733469651916,23
3.3499999999999996,3.195671070733724,3.22731840930017,379.1442996284472,157.9601369793809,137.43634555400465,23
3.3499999999999996,3.2111039636603516,3.2395865683701532,634.4260248758661,264.3163088325036,229.97363924168306,23
3.3499999999999996,3.2249935672943164,3.250627911533138,486.2470283580468,202.58156928779812,176.26010645422957,23
3.3499999999999996,3.237494210564885,3.260565120379824,430.7996125837197,179.4809150001074,156.16092468648336,23
3.3499999999999996,3.2487447895083963,3.269508608341842,505.38193292382596,210.5536056582774,183.1963345832625,23
3.3499999999999996,3.2588703105575565,3.277557747507658,334.2474492665119,139.25508816270613,121.16164738057496,23
3.3499999999999996,3.267983279501801,3.2848019727568922,496.95876970932557,207.04432432010077,180.14301485422973,23
3.3499999999999996,3.276184951551621,3.291321775481203,358.1319468217244,149.20591297848816,129.81955958603032,23
3.3499999999999996,3.23232956419457,3.297189597933083,287.8035741863003,119.9055136690032,104.3261668771195,23
3.3499999999999996,3.244096607775113,3.302470638139775,327.99438449466834,136.6499191838522,118.89496851557064,23
3.3499999999999996,3.254686946997602,3.307223574325797,331.69608623849683,138.19213230715374,120.2368015867819,23
3.3499999999999996,3.264218252297842,3.3115012168932174,432.34771686385506,180.12589044715546,156.72209834782245,23
3.3499999999999996,3.272796427068058,3.3153510952038956,442.153100692922,184.2110363251039,160.27646042458827,23
3.3499999999999996,3.280516784361252,3.318815985683506,397.08044763088003,165.43274410580537,143.93803537813187,23
3.3499999999999996,3.287465105925127,3.3219343871151557,351.1532133015992,146.29841389736825,127.28983242795049,23
3.3499999999999996,3.2937185953326145,3.3247409484036403,371.1828566045466,154.64321877214087,134.5503951767641,23
3.3499999999999996,3.299346735799353,3.3272668535632763,485.5485417286822,202.29056387439533,176.00691143098305,23
3.3499999999999996,3.3044120622194177,3.3295401682069485,472.5493009406143,196.87478455891195,171.29480537890896,23
3.3499999999999996,3.308970855997476,3.331586151386254,521.9361790844375,217.45048105290462,189.19709761186522,23
3.3499999999999996,3.3130737703977284,3.3334275362476284,367.5025278453749,153.10991012026977,133.21630961727251,23
3.3499999999999996,3.278501157385046,3.335084782622866,294.3182853930062,122.61969050246958,106.68769018491237,23
3.3499999999999996,3.2856510416465414,3.3365763043605794,415.56031365713125,173.13187652511877,150.63681801963415,23
3.3499999999999996,3.2920859374818874,3.3379186739245217,393.57769602967824,163.97341813605502,142.66831991643468,23
3.3499999999999996,3.2978773437336986,3.3391268065320694,675.8835465891984,281.58845512372085,245.00161219443447,23
3.3499999999999996,3.303089609360329,3.3402141258788625,545.3078003926222,227.18762996135166,197.6690968623269,23
3.3499999999999996,3.3077806484242958,3.3411927132909764,666.7582036797297,277.7866297570304,241.69375873960584,23
3.3499999999999996,3.312002583581866,3.3420734419618787,540.1681962736257,225.0463540106066,195.8060373137555,23
3.3499999999999996,3.3158023252236797,3.342866097765691,423.01970535618096,176.23962873376186,153.3407793772965,23
3.3499999999999996,3.319222092701312,3.343579487989122,647.99870535518,269.970996163398,234.89361194410031,23
3.3499999999999996,3.3222998834311808,3.34422153919021,700.1580545484055,291.7017671426567,253.8008996090268,23
3.3499999999999996,3.325069895088063,3.344799385271189,637.8560653563175,265.7453416958959,231.21699758624345,23
3.3499999999999996,3.3275629055792564,3.34531944674407,469.7225811817549,195.6971088276685,170.27014528526217,23
3.3499999999999996,3.329806615021331,3.3457875020696632,567.3015930044039,236.35074410300618,205.64164579527448,23
3.3499999999999996,3.275824630132098,3.3449590971734087,285.42905784310494,118.9162361638462,103.46542639127588,23
3.3499999999999996,3.2832421671188885,3.3454631874560676,516.2545837501153,215.08339923695627,187.13757119822503,23
3.3499999999999996,3.2899179504069997,3.345916868710461,806.3119929357489,335.92791181896575,292.2807326763279,23
3.3499999999999996,3.2959261553663,3.346325181839415,493.08013370512083,205.42839636043539,178.73704472972972,23
3.3499999999999996,3.30133353982967,3.3466926636554732,606.0720068293964,252.50338014301695,219.69556668224342,23
3.3499999999999996,3.306200185846703,3.347023397289926,674.6894779881294,281.0909789913552,244.56877323303502,23
3.3499999999999996,3.3105801672620325,3.3473210575609333,536.2915432448912,223.43125220361506,194.40078599975118,23
