3.3499999999999996,3.3499999999999996,3.3499999999999996,391.26058146497684,341.7161058008129,120.17358293784427,1
3.3499999999999996,3.3499999999999996,3.3499999999999996,496.7463673053302,433.84445622072525,152.57297463221082,1
3.3499999999999996,3.3499999999999996,3.3499999999999996,427.5318311573205,373.39440610642663,131.31410217144946,1
3.3499999999999996,3.3499999999999996,3.3499999999999996,548.6189409080027,479.14851875368447,168.5053565826225,1
3.3499999999999996,3.349975115453841,3.3499999999999996,375.90592815827443,328.3057788155538,115.45748377005728,1
3.3499999999999996,3.349977603908457,3.3499999999999996,378.24422888890564,330.3479856151008,116.17568026134185,1
3.3499999999999996,3.1422822487006346,3.1900618206582028,250.69588149595975,218.95080778222936,76.99989146447527,1
3.3499999999999996,3.1206409003294113,3.2060556385923826,349.89859306664283,305.5916959491083,107.46947069466836,1
3.3499999999999996,3.1313744547175713,3.2204500747331446,368.33899644692127,321.69703119374486,113.13334139876473,1
3.3499999999999996,3.153237009245814,3.23340506725983,377.05778951274965,329.3117824742918,115.81127178902057,1
3.3499999999999996,3.172913308321233,3.245064560533847,482.2648124555309,421.1966691354902,148.12504295891216,1
3.3499999999999996,3.19062197748911,3.2555581044804622,556.7899290495075,486.28483245491424,171.0150316371109,1
3.3499999999999996,3.206559779740199,3.265002294032416,379.29939441408726,331.2695378269037,116.49976867648145,1
3.3499999999999996,3.0953287633099857,3.2073152346717744,301.1490797139909,263.01522734555147,92.49631990056292,1
3.3499999999999996,3.1207958869789874,3.221583711204597,471.84075718732714,412.0925892929316,144.92335045610054,1
3.3499999999999996,3.1437162982810887,3.234425340084137,399.7028644412123,349.0893608624549,122.76658474147777,1
3.3499999999999996,3.16434466845298,3.2459828060757236,497.1433055273168,434.1911310197886,152.69489207189386,1
3.3499999999999996,3.182910201607682,3.2563845254681514,419.1073219376547,366.036674149253,128.72655948153817,1
3.3499999999999996,3.1996191814469137,3.265746072921336,472.6398882715565,412.790528147658,145.16879926995563,1
3.3499999999999996,3.2146572633022226,3.2741714656292027,554.1003266541584,483.9358085556756,170.18893472922127,1
3.3499999999999996,3.2281915369720005,3.2817543190662826,530.3270994768245,463.17293338195014,162.88711588205157,1
3.3499999999999996,3.2403723832748006,3.2885788871596544,461.38083849286835,402.9571873317107,141.71064269483026,1
3.3499999999999996,3.2513351449473205,3.294720998443689,628.8195226815113,549.1934754523348,193.13853386139434,1
3.3499999999999996,3.2612016304525886,3.30024889859932,524.0699439967971,457.7081078786516,160.96526423469524,1
3.3499999999999996,3.27008146740733,3.3052240087393883,653.2994672754446,570.5735779547059,200.65741716151592,1
3.3499999999999996,3.278073320666597,3.3097016078654495,641.3820216626743,560.1652125358313,196.99703784757858,1
3.3499999999999996,3.2852659885999373,3.3137314470789048,546.7504421743702,477.51662394700617,167.9314572475689,1
3.3499999999999996,3.2917393897399436,3.3173583023710145,605.5957233404034,528.9104552640276,186.00546881865296,1
3.3499999999999996,3.297565450765949,3.320622472133913,622.006137983676,543.2428548261792,191.04583940184253,1
3.3499999999999996,3.3028089056893544,3.323560224920522,641.6532601087613,560.4021046479711,197.08034727725504,1
3.3499999999999996,3.307528015120419,3.3262042024284697,566.5028975601186,494.76786890797206,173.99831766738808,1
3.3499999999999996,3.311775213608377,3.3285837821856226,461.546125359607,403.10154428234057,141.761409666842,1
3.3499999999999996,3.3155976922475396,3.3307254039670604,737.0891249517487,643.7531336879298,226.39295979756403,1
3.3499999999999996,3.3190379230227856,3.3326528635703543,678.500232861132,592.5832254558586,208.39769675183248,1
3.3499999999999996,3.322134130720507,3.334387577213319,429.1089942629451,374.7718564814397,131.79851933550577,1
3.3499999999999996,3.3249207176484563,3.335948819491987,429.77653661817544,375.3548694014541,132.00355137908767,1
3.3499999999999996,3.327428645883611,3.337353937542788,417.32826819600695,364.48289810994436,128.1801326946324,1
3.3499999999999996,3.32968578129525,3.338618543788509,655.9339444372774,572.874457008742,201.4665826504593,1
3.3499999999999996,3.331717203165725,3.339756689409658,559.8970333241845,488.99849087939504,171.9693620014204,1
3.3499999999999996,3.3335454828491526,3.3407810204686923,461.25441206092927,402.8467700036203,141.67181149633004,1
3.3499999999999996,3.3351909345642374,3.341702918421823,458.9771128463005,400.8578402309034,140.97235129254773,1
3.3499999999999996,3.3366718411078136,3.342532626579641,434.62555972050086,379.5898712645618,133.49290274122322,1
3.3499999999999996,3.3379147957958457,3.3432793639216767,375.8653482935529,328.2703374907605,115.44501988289423,1
3.3499999999999996,3.339123316216261,3.3439514275295092,484.5536873020108,423.19570874299677,148.8280585557502,1
3.3499999999999996,3.340210984594635,3.344556284776558,496.17649483636876,433.34674546190706,152.397941368813,1
3.3499999999999996,3.3411898861351714,3.3451006562989023,449.9671410503366,392.9887815489274,138.2049869216321,1
3.3499999999999996,3.3420708975216544,3.345590590669012,383.90520530706004,335.2921249132609,117.91441871679537,1
3.3499999999999996,3.342863807769489,3.3460315316021108,412.56608699280594,360.3237415453279,126.7174543546751,1
3.3499999999999996,3.3435774269925402,3.3464283784418996,550.2365075220588,480.5612564288139,169.002183466956,1
3.3499999999999996,3.3442196842932863,3.34678554059771,441.38488818786954,385.49328068303544,135.56899412036506,1
3.3499999999999996,3.3447977158639577,3.347106986537939,515.6515421768473,450.35570995446363,158.379597399754,1
3.3499999999999996,3.345317944277562,3.3473962878841452,604.650588641718,528.0850009146968,185.71517577999663,1
3.3499999999999996,3.345786149849806,3.3476566590957306,565.8991899048517,494.24060743883166,173.81289210852196,1
3.3499999999999996,3.3462075348648255,3.347890993186158,556.7779275472907,486.2743506767962,171.01134544026317,1
3.3499999999999996,3.3465867813783428,3.348101893867542,584.0558750206071,510.0981510451325,179.38962027384025,1
3.3499999999999996,3.3469281032405087,3.3482917044807876,538.806852725869,470.5789139373276,165.49162647841928,1
3.3499999999999996,3.3472352929164577,3.3484625340327088,518.2385114475641,452.6150969382116,159.1741710954943,1
3.3499999999999996,3.347511763624812,3.3486162806294377,432.3747174424769,377.6240482441638,132.80156864320256,1
3.3499999999999996,3.347760587262331,3.348754652566494,449.3878554369587,392.482849611678,138.02706246156177,1
3.3499999999999996,3.347984528536098,3.3488791873098447,400.69474827298546,349.9556446039228,123.07123652489025,1
3.3499999999999996,3.017465228519254,3.3499999999999996,314.556603218795,310.43100962002904,117.11756897033737,2
3.3499999999999996,3.0507187056673284,3.3499999999999996,399.3626175572902,394.1247435412273,148.6930442004014,2
3.3499999999999996,3.0806468351005956,3.3499999999999996,343.7171208845535,339.2090700625486,127.97478482269292,2
3.3499999999999996,3.107582151590536,3.3499999999999996,441.06592559711174,435.28108833521037,164.2202657105083,2
3.3499999999999996,3.0753721469697495,3.3499999999999996,302.21212535272895,298.24843679217616,112.52140019470951,2
3.3499999999999996,3.049946106678259,3.3499999999999996,304.0920181146764,300.10367366241553,113.22133295069453,2
3.3499999999999996,2.841083291009165,3.178505548524406,201.54865749329144,198.90522911605976,75.04178438254148,2
3.3499999999999996,2.7951218855968016,3.1956549936719654,281.30335157703774,277.61389379836766,104.73652227543593,2
3.3499999999999996,2.7825512564753008,3.211089494304769,296.12863918348677,292.2447390976988,110.25636075914971,2
3.3499999999999996,2.784600859968796,3.2249805448742923,303.1381721159528,299.1623379111521,112.86619138507656,2
3.3499999999999996,2.8411407739719166,3.237482490386863,387.72007312865526,382.6348978837407,144.3582234204274,2
3.3499999999999996,2.892026696574725,3.248734241348177,447.6350470381452,441.76405191120676,166.66611973351095,2
3.3499999999999996,2.8865393932221513,3.258860817213359,304.9403256088583,300.94085510827426,113.53717979810213,2
3.3499999999999996,2.7633689141046394,3.1872300484456058,242.11084904748728,238.93542383370684,90.14413867529892,2
3.3499999999999996,2.8220320226941755,3.203507043601045,379.33958306074726,374.3643228385182,141.23794995139218,2
3.3499999999999996,2.8541364332676555,3.2181563392409407,321.34383398575176,317.1292218907312,119.6446307434255,2
3.3499999999999996,2.90372278994089,3.2313407053168466,399.6817387381879,394.4396792614236,148.8118612798435,2
3.3499999999999996,2.9483505109468013,3.243206634785162,336.9441794499697,332.5249597112782,125.45304333807631,2
3.3499999999999996,2.9885154598521213,3.2538859713066457,379.98204992628365,374.99836337581746,141.47715700241466,2
3.3499999999999996,3.024663913866909,3.263497374175981,445.47272291563223,439.6300879326775,165.86103046829385,2
3.3499999999999996,3.057197522480218,3.272147636758383,426.3600753791713,420.76811393326835,158.74489685942393,2
3.3499999999999996,3.086477770232196,3.2799328730825446,370.93026034759725,366.06529330503867,138.10694134189836,2
3.3499999999999996,3.1128299932089765,3.2869395857742902,505.5437283044215,498.9132269954465,188.22702134162947,2
3.3499999999999996,3.136546993888079,3.2932456271968613,421.32959271148275,415.80360898431206,156.8719178955161,2
3.3499999999999996,3.157892294499271,3.298921064477175,525.2245461103452,518.3359193793386,195.55469945485808,2
3.3499999999999996,3.177103065049344,3.3040289580294577,515.6434347268226,508.88046986839635,191.9874035793629,2
3.3499999999999996,3.1943927585444096,3.308626062226512,439.56373334311724,433.7985982101292,163.66096063436737,2
3.3499999999999996,3.2099534826899685,3.312763456003861,486.8727970104452,480.48717587197433,181.2753501282876,2
3.3499999999999996,3.223958134420972,3.3164871104034748,500.0660613773078,493.5074028698489,186.1875440978898,2
3.3499999999999996,3.2365623209788748,3.3198383993631273,515.8614987187126,509.09567382365105,192.0685944504137,2
3.3499999999999996,3.2479060888809874,3.3228545594268146,455.44385407520787,449.4704418824808,169.5735408061601,2
3.3499999999999996,3.2581154799928886,3.325569103484133,371.0631438472928,366.19643396001214,138.1564173099161,2
3.3499999999999996,3.2673039319935997,3.3280121931357196,592.5878107787107,584.8156754814751,220.6357872944822,2
3.3499999999999996,3.27557353879424,3.3302109738221475,545.4848728508157,538.3305200995825,203.09814375107638,2
3.3499999999999996,3.283016184914816,3.3321898764399327,344.98509188068533,340.4604108783837,128.4468832592613,2
3.3499999999999996,3.2897145664233345,3.3339708887959394,345.52176709335237,340.99004728213896,128.6467013383957,2
3.3499999999999996,3.295743109781001,3.3355737999163453,335.51389710509073,331.11343635484866,124.92051218324025,2
3.3499999999999996,3.301168798802901,3.3370164199247108,527.3425519267778,520.4261463122604,196.34328786707812,2
3.3499999999999996,3.306051918922611,3.3383147779322395,450.1330246336124,444.22926707132126,167.59618147861445,2
3.3499999999999996,3.31044672703035,3.3394833001390154,370.82861895852875,365.9649850021613,138.0690976206964,2
3.3499999999999996,3.314402054327315,3.340534970125114,368.9977687798977,364.1581474931101,137.38742468846092,2
3.3499999999999996,3.3179618488945835,3.3414814731126024,349.4201721672442,344.8373224962418,130.09817849844836,2
3.3499999999999996,3.2646519436742873,3.3423333258013423,302.179500894732,298.21624022300335,112.50925326417149,2
3.3499999999999996,3.2731867493068587,3.343099993221208,389.5602296151735,384.4509196430149,145.04336133208048,2
3.3499999999999996,3.2808680743761727,3.343789993899087,398.9044647133896,393.67259963950335,148.52246203253264,2
3.3499999999999996,3.2877812669385555,3.3444109945091784,361.7541407286797,357.0095238551334,134.69043438781887,2
3.3499999999999996,3.2496948368406304,3.3449698950582607,308.64319857433065,304.5951627317793,114.91585529079387,2
3.3499999999999996,3.2579195283385336,3.345472905552435,331.6853091661205,327.3350625831593,123.49502975046657,2
3.3499999999999996,3.2671275755046802,3.345925614997191,442.3663792684028,436.56448579694535,164.70445828819268,2
3.3499999999999996,3.2754148179542124,3.3463330534974722,354.85438022054365,350.2002577365415,132.12147487807889,2
3.3499999999999996,3.2828733361587914,3.346699748147725,414.5615613624026,409.12434431990584,154.3520045628815,2
3.3499999999999996,3.2895860025429124,3.347029773332953,486.11294954692215,479.7372942517986,180.99243924100855,2
3.3499999999999996,3.295627402288621,3.3473267959996575,454.9584992033552,448.99145272329156,169.39283061887545,2
3.3499999999999996,3.3010646620597592,3.3475941163996916,447.62539834888366,441.75452977014106,166.66252727664153,2
3.3499999999999996,3.3059581958537834,3.3478347047597223,469.5556895830779,463.3971924242673,174.82774259839346,2
3.3499999999999996,3.310362376268405,3.34805123428375,433.17743062657627,427.4960555842606,161.28317475667058,2
3.3499999999999996,3.3143261386415643,3.348246110855375,416.6413728869399,411.17687790138154,155.12637225116958,2
3.3499999999999996,3.317893524777408,3.3484214997698376,347.6105922225805,343.0514762496145,129.42442502512176,2
3.3499999999999996,3.321104172299667,3.3485793497928538,361.2884201233599,356.54991144760197,134.517034546403,2
3.3499999999999996,3.3047684264596016,3.348721414813568,322.1412657324971,317.9161948543001,119.94153523261093,2
3.3499999999999996,3.3499999999999996,3.3499999999999996,383.71471317602874,338.6064632211489,119.85082803156985,3
3.3499999999999996,3.3499999999999996,3.3499999999999996,487.1660956442684,429.8964386379618,152.16320340858917,3
3.3499999999999996,3.3499999999999996,3.3499999999999996,419.286433997283,369.99648858212447,130.96142673561113,3
3.3499999999999996,3.3499999999999996,3.3499999999999996,538.0382525764219,474.7882307526036,168.05279513574703,3
3.3499999999999996,3.344485389668416,3.3499999999999996,368.6561903689566,325.31817123246356,115.14739507633692,3
3.3499999999999996,3.343243384495176,3.3499999999999996,370.9493945318036,327.34179379464933,115.863662679129,3
3.3499999999999996,3.1323209345151026,3.188848321616442,245.8609500155965,216.95833876138568,76.79308983515536,3
3.3499999999999996,3.1063793006643743,3.204963489454798,343.1504338529463,302.81078824946064,107.18083572104558,3
3.3499999999999996,3.1131048238213737,3.2194671405093183,361.235194825851,318.76956371717625,112.82949474539033,3
3.3499999999999996,3.1331142315749663,3.2325204264583864,369.7858368761414,326.31502018131397,115.50023291293806,3
3.3499999999999996,3.1548028084174695,3.244268383812548,472.9638326799604,417.3637473781534,147.72721771988412,3
3.3499999999999996,3.1743225275757228,3.2548415454312933,546.0516546915617,481.85960345582225,170.55572985748344,3
3.3499999999999996,3.1917722197258245,3.264357390888164,371.98421008958945,328.2549598111615,116.1868806772976,3
3.3499999999999996,3.077744927850392,3.2052061328821275,295.34110569741307,260.6217687517956,92.24789890544558,3
3.3499999999999996,3.104970435065353,3.2196855195939147,462.7408161869792,408.3425153553098,144.53412412823417,3
3.3499999999999996,3.1294733915588178,3.232716967634523,391.99417792212665,345.9126211003603,122.4368657085322,3
3.3499999999999996,3.151526052402936,3.2444452708710707,487.55537849874844,430.2399586699591,152.2847934098215,3
3.3499999999999996,3.1713734471626425,3.2550007437839636,411.0244002223263,362.7057125459489,128.38083351061505,3
3.3499999999999996,3.1892361024463782,3.2645006694055674,463.5245351949789,409.0341029133199,144.77891373058063,3
3.3499999999999996,3.2053124922017404,3.273050602465011,543.4139240829102,479.5319558529117,169.73185163046827,3
3.3499999999999996,3.219781242981566,3.2807455422185097,520.0991883805204,458.9580244240682,162.44964356463706,3
3.3499999999999996,3.2328031186834094,3.2876709879966586,452.48262793131386,399.29024624746836,141.3300448622374,3
3.3499999999999996,3.2445228068150684,3.2939038891969927,616.6920825036445,544.1957730123577,192.61981412390708,3
3.3499999999999996,3.2550705261335615,3.2995135002772935,513.9627086683892,453.54292924891934,160.53295350964694,3
3.3499999999999996,3.2645634735202056,3.304562150249564,640.6999058403458,565.381314954163,200.11850366417315,3
3.3499999999999996,3.273107126168185,3.3091059352246077,629.0123005927817,555.0676664530507,196.46795517456107,3
3.3499999999999996,3.2807964135513665,3.313195341702147,536.2057897891892,473.17118631291186,167.4804371446524,3
3.3499999999999996,3.2877167721962297,3.3168758075319325,593.9161783487596,524.0973298520311,185.50590663379114,3
3.3499999999999996,3.293945094976607,3.3201882267787393,610.0101010341623,538.299303486956,190.53274009596467,3
3.3499999999999996,3.299550585478946,3.3231694041008653,629.27830792261,555.3024028289342,196.551040856834,3
3.3499999999999996,3.3045955269310516,3.325852463690779,555.577298476535,490.2654436312932,173.53100355943064,3
3.3499999999999996,3.3091359742379467,3.328267217321701,452.6447270684794,399.4332895388568,141.38067548740074,3
3.3499999999999996,3.313222376814152,3.330440495589531,722.8735925991757,637.8949311586202,225.78492734372225,3
3.3499999999999996,3.316900139132737,3.332396446030578,665.4146483843604,587.1906729873301,207.83799488193202,3
3.3499999999999996,3.320210125219463,3.33415680142752,420.83317986787546,371.3614040538514,131.44454288148555,3
3.3499999999999996,3.323189112697517,3.335741121284768,421.48784797272515,371.9391115119055,131.64902426246428,3
3.3499999999999996,3.3258702014277652,3.3371670091562913,409.27965738714175,361.16607598689615,127.83587428356796,3
3.3499999999999996,3.3282831812849887,3.3384503082406622,643.2835743630895,567.6612558336277,200.9254959456182,3
3.3499999999999996,3.33045486315649,3.339605277416596,549.0988352204605,484.54856738203335,171.50749713929383,3
3.3499999999999996,3.332409376840841,3.3406447496749365,452.3586397649421,399.1808337254702,141.2913179542104,3
3.3499999999999996,3.3341684391567568,3.341580274707443,450.1252606402538,397.2100033651141,140.59373631813816,3
3.3499999999999996,3.335751595241081,3.3424222472366987,426.2433526083468,376.1355745356231,133.1343756152172,3
3.3499999999999996,3.331597145052294,3.343180022513029,368.61639312923967,325.2830524264242,115.13496466392463,3
3.3499999999999996,3.3334374305470647,3.343862020261726,475.20856418836945,419.3445955730329,148.4283452001535,3
3.3499999999999996,3.3350936874923582,3.3444758182355536,486.6072137600886,429.4032570849424,151.98864023889368,3
3.3499999999999996,3.3365843187431223,3.345028236411998,441.2890555452566,389.41255371626227,137.83380436628107,3
3.3499999999999996,3.33792588686881,3.3455254127707983,376.5011931169182,332.24094104876957,117.59773133649959,3
3.3499999999999996,3.3391332981819293,3.3459728714937187,404.60931981406804,357.04476806367904,126.37712431621121,3
3.3499999999999996,3.3402199683637366,3.346375584344347,539.6246227316561,476.18811240732936,168.54828767262606,3
3.3499999999999996,3.3411979715273628,3.346738025909912,432.87232037813254,381.985262478927,135.20489115429413,3
3.3499999999999996,3.3420781743746266,3.347064223318921,505.7066645055766,446.2574387056232,157.95423110156364,3
3.3499999999999996,3.342870356937164,3.3473578009870293,592.9892715582495,523.2793872001256,185.21639324653734,3
3.3499999999999996,3.3435833212434476,3.3476220208883265,554.9852339528983,489.7429802816655,173.34607600526246,3
3.3499999999999996,3.3442249891191027,3.3478598187994937,546.0398846508293,481.84921706268295,170.5520535607992,3
3.3499999999999996,3.3448024902071927,3.348073836919544,572.79174846385,505.45621903382016,178.90782653296426,3
3.3499999999999996,3.3453222411864734,3.34826645322759,528.4154007461453,466.2966099925304,165.04715912471744,3
3.3499999999999996,3.345790017067826,3.348439807904831,508.24374137642184,448.49626509579866,158.746670779557,3
3.3499999999999996,3.3462110153610434,3.348595827114348,424.03592017065375,374.18764065438046,132.44489826030562,3
3.3499999999999996,3.346589913824939,3.348736244402913,440.7209420589657,388.91122579816147,137.6563577649134,3
3.3499999999999996,3.346930922442445,3.3488626199626217,392.9669322399466,346.7710215938255,122.74069927669807,3
3.3499999999999996,3.3499999999999996,3.3499999999999996,390.5074336353463,341.4090923896292,120.14153539912094,4
3.3499999999999996,3.3499999999999996,3.3499999999999996,495.7901670997995,433.4546704770441,152.53228691871232,4
3.3499999999999996,3.3499999999999996,3.3499999999999996,426.70886384093893,373.05893145835023,131.27908371172327,4
3.3499999999999996,3.3499999999999996,3.3499999999999996,547.5628898151684,478.71802976382145,168.46042006822262,4
3.3499999999999996,3.3494342320103705,3.3499999999999996,375.182336906435,328.0108138567637,115.42669390683136,4
3.3499999999999996,3.3494908088093336,3.3499999999999996,377.5161365802163,330.05118584412236,116.14469887158158,4
3.3499999999999996,3.1414598288685855,3.189941400739872,250.21331037075456,218.75409234143655,76.97935735919958,4
3.3499999999999996,3.119378885084338,3.205947260665885,349.2250640211862,305.3171383634105,107.44081105134687,4
3.3499999999999996,3.129703229181851,3.2203525345992965,367.6299709818371,321.4080038367141,113.10317133101154,4
3.3499999999999996,3.151732906263666,3.233317281139367,376.331981012559,329.01591367570694,115.78038757864319,4
3.3499999999999996,3.171559615637299,3.24498555302543,481.336488177506,420.8182467434071,148.08554140679004,4
3.3499999999999996,3.189403654073569,3.2554869977228873,555.7181494057374,485.8479318737463,170.96942584992638,4
3.3499999999999996,3.205463288666212,3.2649382979505988,378.569270989403,330.9719100911811,116.4687008597729,4
3.3499999999999996,3.093920717476357,3.2071059408392126,300.5693898946572,262.77892241063677,92.47165325319072,4
3.3499999999999996,3.1195286457287215,3.2213953467552914,470.93249844867194,411.7223464234427,144.884702721947,4
3.3499999999999996,3.1425757811558492,3.234255812079762,398.9334658380515,348.7757229809887,122.73384570863671,4
3.3499999999999996,3.1633182030402645,3.245830230871786,496.1863412449162,433.80103380757896,152.65417184581003,4
3.3499999999999996,3.181986382736238,3.2562472077846074,418.30057118162983,365.70781002479066,128.6922310601093,4
3.3499999999999996,3.198787744462614,3.2656224870061465,471.73009126436574,412.41965821791365,145.13008608023216,4
3.3499999999999996,3.2139089700163526,3.2740602383055317,553.0337242970934,483.5010184452406,170.14354924313787,4
3.3499999999999996,3.2275180730147173,3.2816542144749787,529.3062588327971,462.7567975901874,162.84367762360785,4
3.3499999999999996,3.2397662657132456,3.288488793027481,460.49271432803954,402.59515212604276,141.67285171616217,4
3.3499999999999996,3.250789639141921,3.294639913724733,627.6090913700727,548.7000548630323,193.08702824350743,4
3.3499999999999996,3.260710675227729,3.3001759223522598,523.0611479166555,457.29688193658814,160.92233849001354,4
3.3499999999999996,3.269639607704956,3.3051583301170337,652.0419138719429,570.0609485014099,200.60390642987753,4
3.3499999999999996,3.27767564693446,3.3096424971053304,640.1474084650692,559.66193443507,196.94450325516263,4
3.3499999999999996,3.284908082241014,3.3136782473947974,545.6979878041104,477.08760112623133,167.8866737789609,4
3.3499999999999996,3.2914172740169128,3.317310422655318,604.4299961338455,528.4352578696856,185.95586542563598,4
3.3499999999999996,3.2972755466152215,3.3205793803897863,620.808821936439,542.7547805471795,190.99489185757795,4
3.3499999999999996,3.3025479919536993,3.3235214423508075,640.4181247971057,559.8986137124788,197.02779046812475,4
3.3499999999999996,3.3072931927583293,3.326169298115727,565.4124211666641,494.3233467780551,173.95191630623268,4
3.3499999999999996,3.3115638734824966,3.3285523683041545,460.6576830297218,402.739379379772,141.7236051497867,4
3.3499999999999996,3.315407486134247,3.3306971314737392,735.6702826226208,643.1747563677548,226.33258598687758,4
3.3499999999999996,3.3188667375208225,3.3326274183263656,677.1941698381976,592.0508215264887,208.34212186512912,4
3.3499999999999996,3.3219800637687404,3.334364676493729,428.2829910236358,374.4351442688141,131.76337169283065,4
3.3499999999999996,3.3247820573918663,3.335928208844356,428.9492484089514,375.0176333833003,131.9683490590684,4
3.3499999999999996,3.3273038516526796,3.3373353879599206,416.52494198752856,364.1554299690893,128.14594999269684,4
3.3499999999999996,3.3295734664874117,3.3386018491639287,654.6713198590891,572.3597603402486,201.41285613294093,4
3.3499999999999996,3.3316161198386705,3.3397416642475357,558.8192727333123,488.55915222312467,171.92350171621263,4
3.3499999999999996,3.3334545078548032,3.340767497822782,460.3665312576792,402.48483400194056,141.6340308730521,4
3.3499999999999996,3.335109057069323,3.341690748040504,458.0936156764706,400.4976911748893,140.93475719926596,4
3.3499999999999996,3.336598151362391,3.3425216732364538,433.78893749860504,379.2488303266331,133.45730324534978,4
3.3499999999999996,3.3373076207770564,3.3432695059128084,375.14183515496717,327.9754043740809,115.41423334350127,4
3.3499999999999996,3.338576858699351,3.3439425553215276,483.6209571083262,422.81549032210916,148.78836952549014,4
3.3499999999999996,3.3397191728294158,3.3445482997893747,495.2213915934085,432.957406884383,152.3573003326719,4
3.3499999999999996,3.340747255546474,3.345093469810437,449.1009874132433,392.6357024158925,138.1681308209663,4
3.3499999999999996,3.341672529991827,3.3455841228293934,383.16621603531104,334.99088310093435,117.88297364536216,4
3.3499999999999996,3.342505276992644,3.346025710546454,411.7719276327335,360.0000101813553,126.68366171551034,4
3.3499999999999996,3.3432547492933797,3.346423139491809,549.177342732516,480.12949817067414,168.95711446021946,4
3.3499999999999996,3.343929274364042,3.346780825542628,440.53525475603817,385.14693585151673,135.5328409785302,4
3.3499999999999996,3.344536346927638,3.347102742988365,514.6589509007673,449.9510897436745,158.3373611931221,4
3.3499999999999996,3.3450827122348743,3.3473924686895287,603.4866807499102,527.6105451463748,185.66564980147604,4
3.3499999999999996,3.345574441011387,3.347653221820576,564.8098756042117,493.7965590247845,173.76654019611087,4
3.3499999999999996,3.3460169969102482,3.3478878996385184,555.7061710055293,485.837459512938,170.96574063610282,4
3.3499999999999996,3.3464152972192234,3.3480991096746666,582.9316104371222,509.6398554871172,179.34178117591418,4
3.3499999999999996,3.346773767497301,3.3482891987072,537.7696891807934,470.15612427319866,165.44749365672664,4
3.3499999999999996,3.347096390747571,3.34846027883648,517.2409404459919,452.208446790603,159.13172299427907,4
3.3499999999999996,3.347386751672814,3.348614250952832,431.54242792634506,377.28477349173534,132.76615351027925,4
3.3499999999999996,3.3476480765055325,3.3487528258575487,448.52281688204624,392.13022503108374,137.99025380926923,4
3.3499999999999996,3.347883268854979,3.348877543271794,399.9234403664332,349.64122841343897,123.03841624840487,4
3.3499999999999996,3.3499999999999996,3.3499999999999996,391.1852812638315,341.68544697383925,120.17038078085945,5
3.3499999999999996,3.3499999999999996,3.3499999999999996,496.6507657979249,433.8055316225254,152.5689091578822,5
3.3499999999999996,3.3499999999999996,3.3499999999999996,427.44955035928655,373.36090509697647,131.31060316310507,5
3.3499999999999996,3.3499999999999996,3.3499999999999996,548.5133562450964,479.1055294673098,168.50086657249412,5
3.3499999999999996,3.3499211129326025,3.3499999999999996,375.8335830426585,328.276323165392,115.45440727870978,5
3.3499999999999996,3.3499290016393424,3.3499999999999996,378.1714337547504,330.3183467377985,116.17258463286083,5
3.3499999999999996,3.142200137212507,3.190049789146364,250.64763372657737,218.93116347861715,76.99783971787461,5
3.3499999999999996,3.120514899051506,3.2060448102317274,349.83125320240265,305.5642782103139,107.46660705269461,5
3.3499999999999996,3.131207597340855,3.2204403292085546,368.2681076279703,321.6681684815406,113.13032683674105,5
3.3499999999999996,3.1530868376067693,3.233396296287699,376.9852227152271,329.2822365653111,115.80818587060311,5
3.3499999999999996,3.1727781538460924,3.2450566666589293,482.17199800116583,421.15887929889277,148.12109600460374,5
3.3499999999999996,3.1905003384614834,3.2555509999930363,556.6827718360306,486.24120289726375,171.01047475393682,5
3.3499999999999996,3.206450304615335,3.2649958999937327,379.2263962076573,331.23981626778067,116.49666441230895,5
3.3499999999999996,3.0951881821442035,3.2072943235030977,301.0911219555265,262.9916295747419,92.49385523462226,5
3.3499999999999996,3.120669363929783,3.221564891152788,471.7499488984069,412.0556162759221,144.91948881440206,5
3.3499999999999996,3.1436024275368046,3.2344084020375092,399.6259394773478,349.05804050578666,122.7633134911146,5
3.3499999999999996,3.164242184783124,3.2459675618337585,497.047627627018,434.1521753178669,152.69082334894128,5
3.3499999999999996,3.1828179663048117,3.256370805650383,419.026662481685,366.00383327676195,128.7231294211081,5
3.3499999999999996,3.1995361696743307,3.2657337250853447,472.5489261855654,412.753492511456,145.1649310880042,5
3.3499999999999996,3.2145825527068976,3.27416035257681,553.9936870691137,483.8923897528479,170.1843998583057,5
3.3499999999999996,3.228124297436208,3.281744317319129,530.2250351770837,463.1313774278047,162.88277557611158,5
3.3499999999999996,3.2403118676925873,3.2885698855872163,461.292043271502,402.9210339445147,141.70686665925547,5
3.3499999999999996,3.251280680923329,3.2947128970284947,628.6985029857251,549.1442017205643,193.13338747322715,5
3.3499999999999996,3.261152612830996,3.300241607325645,523.9690839202481,457.66704222957725,160.9609751386012,5
3.3499999999999996,3.2700373515478964,3.3052174465930806,653.1737362827906,570.5223859965124,200.65207042445266,5
3.3499999999999996,3.278033616393107,3.3096957019337725,641.2585842464609,560.1149544179485,196.9917886453387,5
3.3499999999999996,3.285230254753796,3.3137261317403954,546.6452171140845,477.4737810745102,167.92698252961802,5
3.3499999999999996,3.2917072292784164,3.317353518566356,605.4791731895818,528.8630013282688,186.000512498831,5
3.3499999999999996,3.297536506350575,3.3206181667097203,621.8864295603832,543.1941149851004,191.04074877581556,5
3.3499999999999996,3.302782855715517,3.323556350038748,641.5297704912516,560.3518252760879,197.07509585514404,5
3.3499999999999996,3.3075045701439656,3.3262007150348736,566.3938710336641,494.723478250852,173.9936812912841,5
3.3499999999999996,3.311754113129569,3.328580643531386,461.45729832789505,403.0653779434144,141.7576322785255,5
3.3499999999999996,3.315578701816612,3.3307225791782473,736.9472681892731,643.6953760475831,226.38692730872745,5
3.3499999999999996,3.3190208316349508,3.332650321260423,678.3696518457373,592.530058788358,208.3921437665261,5
3.3499999999999996,3.3221187484714556,3.3343852891343806,429.0264099313973,374.7382318869082,131.79500741933452,5
3.3499999999999996,3.32490687362431,3.3359467602209425,429.69382381451476,375.3211924989045,132.00003399961258,5
3.3499999999999996,3.327416186261879,3.3373520841988484,417.2479511284886,364.450196642503,128.1767171943437,5
3.3499999999999996,3.329674567635691,3.3386168757789636,655.8077064253387,572.8230586152894,201.46121435229367,5
3.3499999999999996,3.331707110872122,3.3397551882010674,559.7892781317955,488.95461785185057,171.96477968906655,5
3.3499999999999996,3.3335363997849097,3.340779669380961,461.16564117100904,402.81062652308555,141.6680364954551,5
3.3499999999999996,3.3351827598064188,3.341701702442865,458.88878023485,400.82187519748527,140.96859492955747,5
3.3499999999999996,3.336664483825777,3.3425315321985782,434.5419136962903,379.55581439692673,133.48934567634686,5
3.3499999999999996,3.337854174635698,3.3432783789787206,375.79301098775005,328.2408850204003,115.44194372366076,5
3.3499999999999996,3.3390687571721283,3.3439505410808485,484.46043234138347,423.15773955222693,148.82409286881983,5
3.3499999999999996,3.3401618814549154,3.3445554869727636,496.0810030039821,433.3078655184009,152.39388055843773,5
3.3499999999999996,3.341145693309424,3.3450999382754874,449.8805424563688,392.9535225287889,138.20130429810214,5
3.3499999999999996,3.3420311239784817,3.3455899444479384,383.8313206875767,335.26204244694213,117.91127675772027,5
3.3499999999999996,3.3428280115806337,3.3460309500031444,412.48668643264733,360.2914132381191,126.71407782905573,5
3.3499999999999996,3.3435452104225702,3.34642785500283,550.1306115497664,480.5181403913754,168.99768021833012,5
3.3499999999999996,3.344190689380313,3.346785069502547,441.2999412945776,385.458694160506,135.56538173575584,5
3.3499999999999996,3.3447716204422817,3.3471065625522924,515.5523022669606,450.3153039637782,158.37537720159003,5
3.3499999999999996,3.3452944583980537,3.3473959062970633,604.5342203871473,528.037621038842,185.71022719535125,5
3.3499999999999996,3.3457650125582483,3.347656315667357,565.7902795651792,494.1962640877002,173.80826067328547,5
3.3499999999999996,3.3461885113024237,3.347890684100621,556.6707726435674,486.2307220595726,171.0067886553118,5
3.3499999999999996,3.3465696601721815,3.348101615690559,583.9434703293282,510.0523849524989,179.38484024056243,5
3.3499999999999996,3.3469126941549634,3.348291454121503,538.7031564520537,470.5366935173505,165.48721677243648,5
3.3499999999999996,3.347221424739467,3.348462308709353,518.1387736615413,452.57448823494275,159.16992972504238,5
3.3499999999999996,3.3474992822655203,3.3486160778384177,432.2915046049565,377.5901677505036,132.7980299996819,5
3.3499999999999996,3.3477493540389682,3.348754470054576,449.3013683296198,392.4476359838388,138.02338457902425,5
3.3499999999999996,3.3479744186350713,3.3488790230491188,400.6176324157482,349.9242465241301,123.06795715674599,5
3.3499999999999996,3.3499999999999996,3.3499999999999996,391.2530515908721,341.7130403461699,120.1732627484222,6
3.3499999999999996,3.3499999999999996,3.3499999999999996,496.7368073399644,433.8405643043654,152.5725681181386,6
3.3499999999999996,3.3499999999999996,3.3499999999999996,427.5236032370625,373.3910564732182,131.31375229932735,6
3.3499999999999996,3.3499999999999996,3.3499999999999996,548.6083826464445,479.1442204252577,168.504907618454,6
3.3499999999999996,3.349969716064698,3.3499999999999996,375.8986937869926,328.30283366179356,115.45717614616771,6
3.3499999999999996,3.349972744458228,3.3499999999999996,378.2369495166425,330.34502214118464,116.17537072389604,6
3.3499999999999996,3.1422740388639943,3.1900606176129602,250.69105681257568,218.94884362613928,76.99968630665151,6
3.3499999999999996,3.1206283022151684,3.206054555851664,349.89185921079326,305.5889545580316,107.46918435396961,6
3.3499999999999996,3.1313577716463428,3.2204491002664977,368.33190770248217,321.69414532550184,113.13303996729938,6
3.3499999999999996,3.1532219944817084,3.233404190239848,377.05053297370705,329.3088282959098,115.81096322250139,6
3.3499999999999996,3.1728997950335374,3.245063771215863,482.2555311900649,421.1928906794472,148.12464829586943,6
3.3499999999999996,3.1906098155301836,3.255557394094277,556.7792135359415,486.2804701082993,171.01457598618657,6
3.3499999999999996,3.2065488339771653,3.2650016546848493,379.29209473499037,331.2665660859598,116.4994582755373,6
3.3499999999999996,3.0953147074399467,3.2073131437390368,301.14328405052663,263.0128678979395,92.49607345419354,6
3.3499999999999996,3.120783236695952,3.221581829365133,471.8316765345156,412.0888925074431,144.92296432361871,6
3.3499999999999996,3.143704913026357,3.2344236464286196,399.6951720939861,349.0862292640787,122.76625764328487,6
3.3499999999999996,3.164334421723721,3.245981281785758,497.1337379228098,434.18723599349084,152.69448523298587,6
3.3499999999999996,3.182900979551349,3.256383153607182,419.09925614845935,366.03339052052377,128.72621650364175,6
3.3499999999999996,3.199610881596214,3.265744838246464,472.63079223933613,412.7868251011245,145.16841248350218,6
3.3499999999999996,3.2146497934365925,3.2741703544218175,554.0896629024319,483.9314672816005,170.1884812793422,6
3.3499999999999996,3.2281848140929332,3.2817533189796357,530.3168932447568,463.1687783667343,162.88668188707348,6
3.3499999999999996,3.24036633268364,3.288577987081672,461.37195914290885,402.95357249776,141.71026512225836,6
3.3499999999999996,3.251329699415276,3.2947201883735047,628.8074209465942,549.188548767111,193.1380192648081,6
3.3499999999999996,3.2611967294737485,3.3002481695361543,524.0598581847134,457.7040018870973,160.96483536028148,6
3.3499999999999996,3.2700770565263735,3.305223352582539,653.2868944199761,570.5684594736219,200.65688253168406,6
3.3499999999999996,3.278069350873736,3.309701017324285,641.3696781604026,560.1601874257401,196.99651297042874,6
3.3499999999999996,3.2852624157863626,3.3137309155918566,546.7399198723767,477.5123402579229,167.93100981249265,6
3.3499999999999996,3.2917361742077262,3.317357824032671,605.5840685513161,528.9057105329973,186.00497322734157,6
3.3499999999999996,3.2975625567869535,3.3206220416294037,621.9941673734656,543.2379815225704,191.0453303810128,6
3.3499999999999996,3.3028063011082582,3.323559837466463,641.6409113864611,560.3970774127768,197.07982217813634,6
3.3499999999999996,3.3075256709974323,3.326203853719817,566.4919951188795,494.76343046203647,173.99785406782308,6
3.3499999999999996,3.311773103897689,3.3285834683478353,461.53724282867455,403.09792815339756,141.76103195900703,6
3.3499999999999996,3.3155957935079203,3.330725121513052,737.0749395505665,643.7473587302994,226.3923565981821,6
3.3499999999999996,3.319036214157128,3.332652609361747,678.4871750127937,592.5779095314145,208.3971414988688,6
3.3499999999999996,3.3221325927414154,3.334387348425572,429.10073598992426,374.7684944914487,131.79816817270685,6
3.3499999999999996,3.3249193334672738,3.3359486135830148,429.7682654981925,375.3515021813916,132.00319967000323,6
3.3499999999999996,3.3274274001205466,3.3373537522247134,417.32023664499275,364.47962841977363,128.1797911726306,6
3.3499999999999996,3.329684660108492,3.338618377002242,655.9213208808636,572.8693178870142,201.46604586469417,6
3.3499999999999996,3.331716194097643,3.339756539302018,559.8862580138867,488.99410418918995,171.96890380778683,6
3.3499999999999996,3.333544574687879,3.3407808853718164,461.24553514406716,402.8431561601972,141.67143402721968,6
3.3499999999999996,3.335190117219091,3.341702796834635,458.96827975643555,400.85424422970056,140.97197568707284,6
3.3499999999999996,3.336671105497182,3.3425325171511715,434.6171952802724,379.5864660532958,133.49254706392432,6
3.3499999999999996,3.33790873464858,3.3432792654360544,375.8581147032373,328.267392654936,115.44471229221338,6
3.3499999999999996,3.339117861183722,3.343951338892449,484.5443619867728,423.19191235404065,148.82766201959902,6
3.3499999999999996,3.3402060750653497,3.344556205003204,496.1669458382922,433.34285801039294,152.3975353210979,6
3.3499999999999996,3.3411854675588146,3.345100584502884,449.95848135885757,392.98525613919526,138.20461868949815,6
3.3499999999999996,3.342066920802933,3.3455905260525953,383.89781698837663,335.2891170866364,117.91410454667029,6
3.3499999999999996,3.34286022872264,3.346031473447336,412.5581470907506,360.3205091659706,126.71711672982043,6
3.3499999999999996,3.343574205850376,3.346428326102602,550.2259181301656,480.55694542705055,169.0017331790464,6
3.3499999999999996,3.3442167852653384,3.3467854934923422,441.3763936632554,385.4898225136749,135.5686329115468,6
3.3499999999999996,3.3447951067388044,3.347106944143108,515.6416183782884,450.3516699195381,158.3791754145679,6
3.3499999999999996,3.345315596064924,3.347396249728797,604.638952041903,528.0802635886228,185.71468096213943,6
3.3499999999999996,3.3457840364584315,3.3476566247559174,565.8882990820655,494.23617372283445,173.81242900300316,6
3.3499999999999996,3.3462056328125884,3.3478909622803257,556.7672122646956,486.2699884242107,171.01088979916034,6
3.3499999999999996,3.3465850695313297,3.348101866052293,584.0446347694359,510.09357507484924,179.38914230973674,6
3.3499999999999996,3.3469265625781968,3.348291679447064,538.7964832995583,470.5746924848057,165.49118554400636,6
3.3499999999999996,3.347233906320377,3.348462511502358,518.2285378623569,452.61103663485807,159.17374699325316,6
3.3499999999999996,3.3475105156883393,3.348616260352122,432.3663963200775,377.62066066783274,132.8012148078881,6
3.3499999999999996,3.3477594641195054,3.3487546343169097,449.37920689392644,392.47932874054203,138.02669470348815,6
3.3499999999999996,3.3479835177075548,3.3488791708852186,400.6870368367921,349.95250523431935,123.07090861498585,6
3.3499999999999996,3.3499999999999996,3.3499999999999996,391.2598284790267,341.7157992596319,120.17355091916512,7
3.3499999999999996,3.3499999999999996,3.3499999999999996,496.7454113106476,433.84406703452754,152.5729339811376,7
3.3499999999999996,3.3499999999999996,3.3499999999999996,427.5310083668904,373.3940711477863,131.31406718452473,7
3.3499999999999996,3.3499999999999996,3.3499999999999996,548.6178850838945,479.1480889268479,168.5053116865746,7
3.3499999999999996,3.3499745755235613,3.3499999999999996,375.9052047225493,328.3054843042931,115.45745300792106,7
3.3499999999999996,3.3499771179712052,3.3499999999999996,378.24350095309103,330.3476892718501,116.1756493078516,7
3.3499999999999996,3.1422814277301,3.1900617003547387,250.69539902855703,218.95061136936488,76.99987094886144,7
3.3499999999999996,3.120639640538134,3.206055530319265,349.8979196823638,305.5914218138311,107.46944206083374,7
3.3499999999999996,3.1313727864371272,3.2204499772873385,368.33828757385214,321.6967426109529,113.13331125586588,7
3.3499999999999996,3.1532355077934144,3.2334049795586046,377.0570638602527,329.31148706058156,115.81124093262214,7
3.3499999999999996,3.172911957014073,3.245064481602744,482.26388433078426,421.19629129516557,148.1250034929322,7
3.3499999999999996,3.190620761312666,3.25555803344247,556.788857500229,486.2843962263483,171.01498607239282,7
3.3499999999999996,3.2065586851813994,3.265002230098223,379.29866444759324,331.26924065696176,116.49973763664201,7
3.3499999999999996,3.095327357745459,3.2073150255803435,301.14850014876845,263.0149914040871,92.49629525612848,7
3.3499999999999996,3.1207946219709135,3.2215835230223093,471.8398491238071,412.0922196195483,144.92331184316964,7
3.3499999999999996,3.143715159773822,3.2344251707200784,399.70209520798153,349.0890477069932,122.76655203192725,7
3.3499999999999996,3.16434364379644,3.2459826536480705,497.1423487687216,434.19074152260146,152.69485138833733,7
3.3499999999999996,3.182909279416796,3.2563843882832635,419.10651536029945,366.03634579096826,128.72652518403035,7
3.3499999999999996,3.199618351475116,3.2657459494549372,472.63897867009854,412.790157848179,145.1687605916281,7
3.3499999999999996,3.2146565163276044,3.2741713545094435,554.0992602810537,483.9353744343342,170.18888938460591,7
3.3499999999999996,3.228190864694844,3.281754219058499,530.3260788555971,463.1725178862344,162.88707248291038,7
3.3499999999999996,3.2403717782253594,3.2885787971526494,461.3799505595945,402.95682585336687,141.71060493788326,7
3.3499999999999996,3.2513346004028234,3.2947209174373846,628.8183125103666,549.1929827906965,193.13848240215853,7
3.3499999999999996,3.261201140362541,3.300248825693646,524.0689354175447,457.70769728523356,160.96522134760627,7
3.3499999999999996,3.2700810263262867,3.3052239431242816,653.2982099923361,570.5730661137496,200.657363698972,7
3.3499999999999996,3.278072923693658,3.3097015488118533,641.3807873148411,560.1647100318438,196.99698536029484,7
3.3499999999999996,3.2852656313242923,3.313731393930668,546.7493899462115,477.51619558408345,167.9314125044289,7
3.3499999999999996,3.291739068191863,3.3173582545376012,605.594557863755,528.9099807975546,186.00541925992903,7
3.3499999999999996,3.2975651613726766,3.320622429083841,622.0049409249765,543.2423675026279,191.0457885001778,7
3.3499999999999996,3.302808645235409,3.323560186175457,641.6520252389262,560.4016019314762,197.0802947677746,7
3.3499999999999996,3.307527780711868,3.3262041675579113,566.5018073181091,494.7674250695804,173.99827130781253,7
3.3499999999999996,3.3117750026406814,3.32858375080212,461.5452371082364,403.1011826744991,141.7613718963689,7
3.3499999999999996,3.315597502376613,3.330725375721908,737.0877064143815,643.752556200236,226.39289947812148,7
3.3499999999999996,3.319037752138952,3.332652838149717,678.4989270788305,592.5826938708423,208.39764122699233,7
3.3499999999999996,3.322133976925057,3.3343875543347457,429.10816843724456,374.77152028713823,131.7984842195144,7
3.3499999999999996,3.3249205792325514,3.335948798901271,429.77570950778124,375.35453268415296,132.00351620846823,7
3.3499999999999996,3.3274285213092964,3.337353919011144,417.32746504246313,364.482571145496,128.18009854271284,7
3.3499999999999996,3.329685669178367,3.3386185271100297,655.9326820840843,572.8739431037501,201.46652897232383,7
3.3499999999999996,3.33171710226053,3.339756674399027,559.8959557952445,488.9980522165041,171.96931618243354,7
3.3499999999999996,3.3335453920344773,3.340781006959124,461.2535243709646,402.84640862432764,141.67177374972914,7
3.3499999999999996,3.3351908528310297,3.3417029062632118,458.97622953902703,400.85748063580786,140.9723137323088,7
3.3499999999999996,3.336671767547927,3.3425326156368906,434.6247232781002,379.5895307481934,133.49286717378558,7
3.3499999999999996,3.337914189690812,3.3432793540732018,375.86462493592427,328.2700430112929,115.44498912407889,7
3.3499999999999996,3.339122770721731,3.3439514186658816,484.55275477229554,423.19532910940603,148.8280189024609,7
3.3499999999999996,3.340210493649558,3.3445562767992936,496.175539938413,433.34635672218764,152.39790076437507,7
3.3499999999999996,3.3411894442846024,3.3451006491193644,449.9662750828681,392.98842901288026,138.20495009872127,7
3.3499999999999996,3.3420704998561424,3.345590584207428,383.9044664766245,335.2918241348013,117.91438730004106,7
3.3499999999999996,3.3428634498705283,3.3460315257866853,412.56529300414024,360.3234183119088,126.71742059246702,7
3.3499999999999996,3.3435771048834755,3.346428373208017,550.2354485849231,480.56082533466144,169.002138438535,7
3.3499999999999996,3.344219394395128,3.346785535887215,441.3840387370555,385.49293487093155,135.56895799978003,7
3.3499999999999996,3.344797454955615,3.347106982298494,515.650549798916,450.3553059566163,158.3795552015821,7
3.3499999999999996,3.345317709460054,3.3473962840686444,604.6494249839932,528.0845271887088,185.71512629861746,7
3.3499999999999996,3.3457859385140485,3.34765665566178,565.8981008246852,494.24016407342714,173.8128457983506,7
3.3499999999999996,3.3462073446626435,3.347890990095602,556.7768560211093,486.27391445763294,171.0112998765273,7
3.3499999999999996,3.346586610196379,3.3481018910860416,584.0547509976699,510.0976934544981,179.38957247782264,7
3.3499999999999996,3.346927949176741,3.3482917019774376,538.805815785249,470.57849179797404,165.49158238534022,7
3.3499999999999996,3.3472351542590673,3.348462531779694,518.2375140909776,452.61469091354985,159.17412868561863,7
3.3499999999999996,3.3475116388331605,3.3486162786017246,432.3738853318507,377.62370949126415,132.80153325996187,7
3.3499999999999996,3.3477604749498444,3.348754650741552,449.38699058433275,392.48249752948414,138.02702568605656,7
3.3499999999999996,3.34798442745486,3.348879185667397,400.69397713086164,349.95533067134903,123.07120373416926,7
3.3499999999999996,3.3499999999999996,3.3499999999999996,391.2605061663964,341.7160751467377,120.17357973597899,8
3.3499999999999996,3.3499999999999996,3.3499999999999996,496.7462717058805,433.84441730216,152.5729705671068,8
3.3499999999999996,3.3499999999999996,3.3499999999999996,427.53174887829346,373.3943726106094,131.31409867275988,8
3.3499999999999996,3.3499999999999996,3.3499999999999996,548.6188353256124,479.148475771061,168.5053520930214,8
3.3499999999999996,3.3499750614608996,3.3499999999999996,375.90585581471595,328.305749364469,115.45748069384618,8
3.3499999999999996,3.3499775553148097,3.3499999999999996,378.24415609533827,330.34795598081723,116.1756771659954,8
3.3499999999999996,3.142282166603713,3.190061808627867,250.69583324922885,218.95078814097042,76.99988941291558,8
3.3499999999999996,3.1206407743504854,3.2060556277650805,349.89852572822804,305.5916685356189,107.46946783128726,8
3.3499999999999996,3.131374287889794,3.2204500649885723,368.33892555962814,321.697002335506,113.13333838447733,8
3.3499999999999996,3.1532368591008146,3.233405058489715,377.05771694751405,329.3117529329622,115.81126870338326,8
3.3499999999999996,3.172913173190733,3.2450645526407436,482.2647196430742,421.1966313515106,148.12503901231744,8
3.3499999999999996,3.19062185587166,3.255558097376669,556.7898218946004,486.2847888321187,171.01502708064285,8
3.3499999999999996,3.206559670284494,3.2650022876390024,379.299321417452,331.2695081099511,116.49976557250005,8
3.3499999999999996,3.095328622753758,3.2073152137626497,301.1490217574799,263.01520375143804,92.49631743612152,8
3.3499999999999996,3.1207957604783823,3.221583692386385,471.84066638099273,412.09255232564504,144.9233465948106,8
3.3499999999999996,3.143716184430544,3.2344253231477467,399.70278751790414,349.0893295469526,122.76658147052544,8
3.3499999999999996,3.1643445659874896,3.245982790832972,497.14320985147583,434.1910920701243,152.69488800354156,8
3.3499999999999996,3.182910109388741,3.256384511749675,419.10724127993484,366.0366413134704,128.72655605179023,8
3.3499999999999996,3.1996190984498667,3.2657460605747075,472.63979731142837,412.790491117762,145.16879540212605,8
3.3499999999999996,3.21465718860488,3.2741714545172367,554.1002200168685,483.93576514360217,170.1889301947635,8
3.3499999999999996,3.228191469744392,3.281754309065513,530.3269974147215,463.17289183243673,162.88711154214104,8
3.3499999999999996,3.240372322769953,3.2885788781589618,461.3807496995582,402.957151183927,141.71063891913866,8
3.3499999999999996,3.2513350904929577,3.2947209903430656,628.8194016644204,549.1934261862399,193.13852871547502,8
3.3499999999999996,3.261201581443662,3.300248891308759,524.0698431388914,457.7080668193672,160.96525994598986,8
3.3499999999999996,3.270081423299296,3.305224002177883,653.2993415471582,570.5735267706818,200.65741181526593,8
3.3499999999999996,3.2780732809693665,3.3097016019600947,641.381898227915,560.1651622855029,196.99703259885453,8
3.3499999999999996,3.2852659528724297,3.313731441764085,546.7503369515747,477.51658111077376,167.9314527732586,8
3.3499999999999996,3.291739357585187,3.3173582975876768,605.5956067927611,528.9104078174466,186.00546386278467,8
3.3499999999999996,3.2975654218266683,3.320622467828909,622.0060182778293,543.2428060938921,191.0458343116803,8
3.3499999999999996,3.3028088796440014,3.3235602210460184,641.6531366218018,560.4020543763919,197.0803420263113,8
3.3499999999999996,3.3075279916796014,3.326204198941417,566.5027885359387,494.76782452419485,173.99831303143435,8
3.3499999999999996,3.311775192511641,3.328583779047275,461.54603653448714,403.1015081216071,141.76140588979783,8
3.3499999999999996,3.315597673260477,3.330725401142548,737.0889830980394,643.7530759392412,226.39295376562478,8
3.3499999999999996,3.3190379059344295,3.332652861028293,678.5001022829272,592.5831722974314,208.39769119935306,8
3.3499999999999996,3.3221341153409867,3.3343875749254637,429.10891168039103,374.77182286205664,131.79851582390953,8
3.3499999999999996,3.324920703806888,3.3359488174329175,429.7764539071521,375.354835729771,132.0035478620286,8
3.3499999999999996,3.3274286334261993,3.3373539356896256,417.3281878806681,364.4828654135452,128.18012927944324,8
3.3499999999999996,3.3296857700835796,3.338618542120663,655.9338182019826,572.8744056183147,201.46657728265012,8
3.3499999999999996,3.331717193075222,3.3397566879085967,559.8969255713114,488.9984470131674,171.96935741952547,8
3.3499999999999996,3.3335454737676997,3.340781019117737,461.25432329195,402.8467338657415,141.67180772167308,8
3.3499999999999996,3.3351909263909296,3.3417029172059634,458.9770245155903,400.8578042714442,140.97234753652697,8
3.3499999999999996,3.336671833751837,3.342532625485367,434.625476076277,379.5898372129726,133.4928991844824,8
3.3499999999999996,3.3379147351854392,3.3432793629368303,375.8652759578041,328.27030804285494,115.44501680701524,8
3.3499999999999996,3.3391232616668955,3.343951426643147,484.5535940490574,423.19567077969083,148.8280545904246,8
3.3499999999999996,3.340210935500206,3.3445562839788323,496.1763993465917,433.3467065879894,152.39793730837258,8
3.3499999999999996,3.3411898419501855,3.345100655580949,449.9670544536065,392.988746295372,138.20498323934405,8
3.3499999999999996,3.342070857755167,3.345590590022854,383.9051314240308,335.292094835457,117.91441557512256,8
3.3499999999999996,3.3428637719796503,3.346031531020569,412.56600759395474,360.3237092220312,126.71745097845705,8
3.3499999999999996,3.3435773947816854,3.346428377918512,550.2364016283657,480.56121331945906,169.00217896411763,8
3.3499999999999996,3.344219655303517,3.346785540126661,441.3848032428046,385.49324610187347,135.56899050830955,8
3.3499999999999996,3.3447976897731655,3.3471069861139946,515.6514429390735,450.3556695547354,158.37959317994023,8
3.3499999999999996,3.345317920795849,3.3473962875025953,604.650472275968,528.0849535421643,185.71517083186276,8
3.3499999999999996,3.3457861287162642,3.347656658752336,565.8990809968561,494.2405631023532,173.81288747750867,8
3.3499999999999996,3.346207515844638,3.3478909928771023,556.7778203946933,486.27430705494083,171.0113408838933,8
3.3499999999999996,3.346586764260174,3.348101893589392,584.0557626183352,510.0981052861331,179.3896154942425,8
3.3499999999999996,3.3469280878341565,3.3482917042304527,538.8067490318272,470.57887172345124,165.49162206911498,8
3.3499999999999996,3.3472352790507407,3.3484625338074077,518.2384117119248,452.61505633580225,159.17416685451022,8
3.3499999999999996,3.3475117511456665,3.348616280426667,432.3746342314304,377.6240143689213,132.8015651048814,8
3.3499999999999996,3.3477605760310998,3.348754652384,449.3877689517129,392.4828144035078,138.0270587840143,8
3.3499999999999996,3.3479845184279897,3.3488791871456,400.694671158788,349.95561321070926,123.07123324582084,8
3.3499999999999996,3.3499999999999996,3.3499999999999996,391.26058146497684,293.09607797151637,114.16299635773197,9
3.3499999999999996,3.3499999999999996,3.3499999999999996,496.7463673053302,372.1162286746314,144.94190421396013,9
3.3499999999999996,3.3499999999999996,3.3499999999999996,427.5318311573205,320.26712849785997,124.74631280380255,9
3.3499999999999996,3.3499999999999996,3.3499999999999996,548.6189409080027,410.97434164963613,160.07741418303215,9
3.3499999999999996,3.3499999999999996,3.3499999999999996,375.90592815827443,281.5937982224134,109.68277700375594,9
3.3499999999999996,3.3499999999999996,3.3499999999999996,378.24422888890564,283.34543589237705,110.36505227103387,9
3.3499999999999996,3.1984138683353387,3.1671886310029236,250.69588149595975,187.79806377365702,73.14867472455454,9
3.3499999999999996,3.2135724815018047,3.1768490459318977,349.89859306664283,262.11151895649016,102.09429137041334,9
3.3499999999999996,3.2272152333516244,3.194164141338708,368.33899644692127,275.92535598227835,107.47487864055284,9
3.3499999999999996,3.239493710016462,3.2097477272048374,377.05778951274965,282.4566657366914,110.01887000633548,9
3.3499999999999996,3.250544339014816,3.2237729544843536,482.2648124555309,361.26799317512575,140.71643972330855,9
3.3499999999999996,3.2604899051133343,3.236395659035918,556.7899290495075,417.09528684799926,162.46156565043768,9
3.3499999999999996,3.2694409146020007,3.2477560931323266,379.29939441408726,284.1358678747749,110.67293112138233,9
3.3499999999999996,3.2218313719713207,3.1629794634102835,301.1490797139909,225.59291257609922,87.87003577461117,9
3.3499999999999996,3.2346482347741885,3.181681517069255,471.84075718732714,353.4592594043246,137.67488266391624,9
3.3499999999999996,3.24618341129677,3.19851336536233,399.7028644412123,299.42025205569195,116.62630691423684,9
3.3499999999999996,3.2565650701670927,3.213662028826097,497.1433055273168,372.41357791340636,145.05772384654674,9
3.3499999999999996,3.2659085631503837,3.227295825943487,419.1073219376547,313.9562688608538,122.288188318685,9
3.3499999999999996,3.2743177068353453,3.2395662433491386,472.6398882715565,354.05789417017746,137.90805514123724,9
3.3499999999999996,3.2818859361518107,3.2506096190142246,554.1003266541584,415.08048660814893,161.6767867000147,9
3.3499999999999996,3.2886973425366297,3.2605486571128024,530.3270994768245,397.27179343411876,154.74017469198793,9
3.3499999999999996,3.294827608282967,3.2694937914015223,461.38083849286835,345.623660086428,134.62286128382593,9
3.3499999999999996,3.3003448474546704,3.27754441226137,628.8195226815113,471.05316656175785,183.47854161226346,9
3.3499999999999996,3.3053103627092035,3.284789971035233,524.0699439967971,392.5845138630787,152.91444613123826,9
3.3499999999999996,3.3097793264382833,3.2913109739317097,653.2994672754446,489.3912667674493,190.6213614052787,9
3.3499999999999996,3.313801393794455,3.297179876538539,641.3820216626743,480.4638236923935,187.1440591557395,9
3.3499999999999996,3.3174212544150095,3.302461888884685,546.7504421743702,409.57463598935243,159.53221892384343,9
3.3499999999999996,3.3206791289735085,3.307215699996217,605.5957233404034,453.65605367859985,176.7022430399297,9
3.3499999999999996,3.3236112160761575,3.311494129996595,622.006137983676,465.94921173663977,181.4905150915994,9
3.3499999999999996,3.326250094468542,3.3153447169969357,641.6532601087613,480.66701033707284,187.22320179161858,9
3.3499999999999996,3.3286250850216876,3.318810245297242,566.5028975601186,424.37134048279614,165.29564002753906,9
3.3499999999999996,3.330762576519519,3.321929220767518,461.546125359607,345.7474776511821,134.6710891014477,9
3.3499999999999996,3.332686318867567,3.324736298690766,737.0891249517487,552.1586939065388,215.06971842683,9
3.3499999999999996,3.33441768698081,3.3272626688216893,678.500232861132,508.26933909302977,197.97450415990704,9
3.3499999999999996,3.3359759182827293,3.3295364019395204,429.1089942629451,321.4485925718772,125.20650142083318,9
3.3499999999999996,3.3373783264544565,3.3315827617455684,429.77653661817544,321.94865328707965,125.40127860790237,9
3.3499999999999996,3.338640493809011,3.333424485571012,417.32826819600695,312.62356707877,121.76909154418378,9
3.3499999999999996,3.33977644442811,3.3350820370139105,655.9339444372774,491.36477230370247,191.39005577644366,9
3.3499999999999996,3.340798799985299,3.3365738333125194,559.8970333241845,419.42284070825923,163.36816434909755,9
3.3499999999999996,3.341718919986769,3.3379164499812677,461.25441206092927,345.52895314913695,134.58597226159188,9
3.3499999999999996,3.3425470279880924,3.339124804983141,458.9771128463005,343.82301214767915,133.92149617005282,9
3.3499999999999996,3.3432923251892834,3.3402123244848267,434.62555972050086,325.581090901836,126.81613876247398,9
3.3499999999999996,3.343963092670355,3.341191092036344,375.8653482935529,281.5633995577947,109.67093650878186,9
3.3499999999999996,3.3445667834033195,3.3420719828327097,484.5536873020108,362.9826055645442,141.3842933818182,9
3.3499999999999996,3.3451101050629877,3.342864784549439,496.17649483636876,371.6893331643013,144.77562539191564,9
3.3499999999999996,3.345599094556689,3.343578306094495,449.9671410503366,337.07357834030904,131.29254394216792,9
3.3499999999999996,3.34603918510102,3.3442204754850455,383.90520530706004,287.5861134976646,112.01682620590654,9
3.3499999999999996,3.3464352665909183,3.344798427936541,412.56608699280594,309.0561833468802,120.3795703373188,9
3.3499999999999996,3.3467917399318265,3.345318585142887,550.2365075220588,412.18607227852374,160.5493918373551,9
3.3499999999999996,3.347112565938644,3.345786726628598,441.38488818786954,330.64455182112704,128.78839262027796,9
3.3499999999999996,3.3474013093447796,3.3462080539657384,515.6515421768473,386.2782293225381,150.45810367856805,9
3.3499999999999996,3.3476611784103016,3.346587248569165,604.650588641718,452.9480465691122,176.42646926082932,9
3.3499999999999996,3.3478950605692717,3.3469285237122484,565.8991899048517,423.9190987943092,165.1194886897495,9
3.3499999999999996,3.3481055545123444,3.3472356713410236,556.7779275472907,417.0862964375257,162.45806382194087,9
3.3499999999999996,3.34829499906111,3.3475121042069214,584.0558750206071,437.52040045487036,170.4172919312039,9
3.3499999999999996,3.348465499154999,3.347760893786229,538.806852725869,403.6240367655459,157.21441841891902,9
3.3499999999999996,3.348618949239499,3.347984804407606,518.2385114475641,388.21614636043864,151.21293607779566,9
3.3499999999999996,3.3487570543155494,3.3481863239668455,432.3747174424769,323.8949689793281,126.15938234242846,9
3.3499999999999996,3.3488813488839946,3.348367691570161,449.3878554369587,336.6396313767007,131.1235185291746,9
3.3499999999999996,3.348993213995595,3.3485309224131448,400.69474827298546,300.163279272509,116.91572127294897,9
3.3499999999999996,3.3499999999999996,3.3499999999999996,391.26058146497684,336.997900814736,119.83934305229984,10
3.3499999999999996,3.3499999999999996,3.3499999999999996,496.7463673053302,427.85419985945316,152.1486220221649,10
3.3499999999999996,3.3499999999999996,3.3499999999999996,427.5318311573205,368.238806710443,130.94887705784976,10
3.3499999999999996,3.3499999999999996,3.3499999999999996,548.6189409080027,472.5327318713045,168.03669109291226,10
3.3499999999999996,3.3499999999999996,3.3499999999999996,375.90592815827443,323.7727353438823,115.13636081426992,10
3.3499999999999996,3.3499999999999996,3.3499999999999996,378.24422888890564,325.78674461296276,115.85255977908345,10
3.3499999999999996,3.1485899611637103,3.1888051101210286,250.69588149595975,215.92767022609132,76.78573096196841,10
3.3499999999999996,3.1348555610815585,3.2049245991089257,349.89859306664283,301.37227450816744,107.17056487272006,10
3.3499999999999996,3.152927458382404,3.219432139198033,368.33899644692127,317.25523722846657,112.81868260141542,10
3.3499999999999996,3.1726347125441636,3.2324889252782296,377.05778951274965,324.76484872528744,115.48916483937974,10
3.3499999999999996,3.190371241289747,3.244240032750407,482.2648124555309,415.38104560853697,147.7130614219178,10
3.3499999999999996,3.2063341171607727,3.254816029475366,556.7899290495075,479.5705117594778,170.53938596521365,10
3.3499999999999996,3.2207007054446954,3.2643344265278293,379.29939441408726,326.695572600865,116.1757468041493,10
3.3499999999999996,3.11520019240527,3.2051310298625335,301.1490797139909,259.38367549297567,92.23905903988911,10
3.3499999999999996,3.1386801731647433,3.21961792687628,471.84075718732714,406.4026692788583,144.52027381575255,10
3.3499999999999996,3.159812155848269,3.232656134188652,399.7028644412123,344.2693505233235,122.42513291629673,10
3.3499999999999996,3.1788309402634423,3.244390520769787,497.1433055273168,428.1960879869558,152.27020037175765,10
3.3499999999999996,3.195947846237098,3.2549514686928083,419.1073219376547,360.9826657728825,128.3685311240922,10
3.3499999999999996,3.211353061613388,3.2644563218235274,472.6398882715565,407.09097142484177,144.7650399605764,10
3.3499999999999996,3.225217755452049,3.2730106896411746,554.1003266541584,477.2539217317649,169.71558668821092,10
3.3499999999999996,3.237695979906844,3.280709620677057,530.3270994768245,456.7777275177805,162.43407645659613,10
3.3499999999999996,3.2489263819161596,3.2876386586093513,461.38083849286835,397.39340330699105,141.3165015879678,10
3.3499999999999996,3.259033743724544,3.2938747927484164,628.8195226815113,541.6105510592115,192.60135589038015,10
3.3499999999999996,3.2681303693520896,3.2994873134735747,524.0699439967971,451.3883569506117,160.51757007280722,10
3.3499999999999996,3.276317332416881,3.3045385821262174,653.2994672754446,562.695450308013,200.09932685159814,10
3.3499999999999996,3.2836855991751928,3.3090847239135956,641.3820216626743,552.430797171886,196.44912818413096,10
3.3499999999999996,3.2903170392576735,3.3131762515222363,546.7504421743702,470.9233692604546,167.4643879493291,10
3.3499999999999996,3.2962853353319064,3.3168586263700126,605.5957233404034,521.6075862893076,185.48813010669377,10
3.3499999999999996,3.301656801798716,3.3201727637330114,622.006137983676,535.7420929282732,190.5144818610722,10
3.3499999999999996,3.306491121618844,3.3231554873597102,641.6532601087613,552.6644184240174,196.53220590452864,10
3.3499999999999996,3.3108420094569597,3.3258399386237394,566.5028975601186,487.93641968329615,173.51437455476446,10
3.3499999999999996,3.314757808511264,3.3282559447613655,461.546125359607,397.5357670659841,141.3671273613359,10
3.3499999999999996,3.3182820276601377,3.330430350285229,737.0891249517487,634.864587922576,225.76329098749002,10
3.3499999999999996,3.321453824894124,3.3323873152567063,678.500232861132,584.4012021869844,207.81807833148397,10
3.3499999999999996,3.324308442404712,3.334148583731036,429.1089942629451,369.59723810122574,131.43194690801636,10
3.3499999999999996,3.3268775981642404,3.3357337253579322,429.77653661817544,370.17220113883934,131.63640869409983,10
3.3499999999999996,3.3291898383478165,3.337160352822139,417.32826819600695,359.4503433136992,127.82362411900738,10
3.3499999999999996,3.331270854513035,3.338444317539925,655.9339444372774,564.9645602448174,200.90624180116504,10
3.3499999999999996,3.3331437690617314,3.3395998857859324,559.8970333241845,482.24670166406287,171.49106204175095,10
3.3499999999999996,3.3348293921555583,3.340639897207339,461.25441206092927,397.28451055318635,141.27777839103518,10
3.3499999999999996,3.3363464529400026,3.341575907486605,458.9771128463005,395.323042694647,140.58026360231614,10
3.3499999999999996,3.3377118076460026,3.3424183167379447,434.62555972050086,374.3487287112497,133.12161770966765,10
3.3499999999999996,3.3389406268814024,3.3431764850641503,375.8653482935529,323.7377833710174,115.12393159303029,10
3.3499999999999996,3.340046564193262,3.3438588365577355,484.5536873020108,417.3524837115099,148.41412171504538,10
3.3499999999999996,3.3410419077739357,3.344472952901962,496.17649483636876,427.36336118346634,151.97407558038375,10
3.3499999999999996,3.3419377169965423,3.3450256576117656,449.9671410503366,387.5626351159663,137.82059612724055,10
3.3499999999999996,3.342743945296888,3.345523091850589,383.90520530706004,330.6626182886004,117.58646226536524,10
3.3499999999999996,3.343469550767199,3.34597078266553,412.56608699280594,355.34861381473144,126.36501393969723,10
3.3499999999999996,3.344122595690479,3.346373704398977,550.2365075220588,473.92596333695286,168.53213614808752,10
3.3499999999999996,3.344710336121431,3.3467363339590794,441.38488818786954,380.17062749770963,135.1919348368651,10
3.3499999999999996,3.345239302509288,3.3470627005631717,515.6515421768473,444.1374763970031,157.93909477668706,10
3.3499999999999996,3.3457153722583595,3.3473564305068546,604.650588641718,520.7935293039308,185.19864446272135,10
3.3499999999999996,3.3461438350325237,3.347620787456169,565.8991899048517,487.41643831494827,173.3294647217014,10
3.3499999999999996,3.346529451529271,3.3478587087105525,556.7779275472907,479.5601747072797,170.53571002081898,10
3.3499999999999996,3.346876506376344,3.348072837839497,584.0558750206071,503.05503075084755,178.89068228195902,10
3.3499999999999996,3.3471888557387097,3.3482655540555473,538.806852725869,464.08145086669333,165.03134310381668,10
3.3499999999999996,3.347469970164839,3.3484389986499927,518.2385114475641,446.3656671604055,158.73145851733884,10
3.3499999999999996,3.347722973148355,3.3485950987849935,432.3747174424769,372.4100485612612,132.432206425498,10
3.3499999999999996,3.3479506758335194,3.3487355889064943,449.3878554369587,387.0636887745037,137.64316653009865,10
3.3499999999999996,3.3481556082501673,3.348862030015845,400.69474827298546,345.123673153802,122.7289373689171,10
3.3499999999999996,3.3499999999999996,3.3499999999999996,391.26058146497684,341.2458452462294,120.1424437764389,11
3.3499999999999996,3.3499999999999996,3.3499999999999996,496.7463673053302,433.24741109723834,152.5334401990432,11
3.3499999999999996,3.3499999999999996,3.3499999999999996,427.5318311573205,372.8805507232205,131.28007629885454,11
3.3499999999999996,3.3499999999999996,3.3499999999999996,548.6189409080027,478.48912739245816,168.46169377946717,11
3.3499999999999996,3.3499999999999996,3.3499999999999996,375.90592815827443,327.85397319387573,115.42756663573635,11
3.3499999999999996,3.3499999999999996,3.3499999999999996,378.24422888890564,329.89336956310984,116.14557702924547,11
3.3499999999999996,3.1429377735188075,3.1899448142254068,250.69588149595975,218.64949354346126,76.97993939189918,11
3.3499999999999996,3.122093623895219,3.2059503328028662,349.89859306664283,305.1711488400502,107.44162339984452,11
3.3499999999999996,3.1335670996770446,3.2203552995225797,368.33899644692127,321.25432035357977,113.1040264920105,11
3.3499999999999996,3.15521038970934,3.233319769570322,377.05778951274965,328.8585924173166,115.78126298178826,11
3.3499999999999996,3.174689350738406,3.2449877926132897,482.2648124555309,420.6170295579169,148.08666106575305,11
3.3499999999999996,3.1922204156645657,3.2554890133519607,556.7899290495075,485.61562028986316,170.97071853149563,11
3.3499999999999996,3.2079983740981093,3.2649401120167645,379.29939441408726,330.81365355943547,116.46958146718119,11
3.3499999999999996,3.097319872537138,3.2071118735908692,301.1490797139909,262.65327283250457,92.47235242148496,11
3.3499999999999996,3.122587885283424,3.2214006862317826,471.84075718732714,411.5254785062554,144.88579817971055,11
3.3499999999999996,3.1453290967550815,3.234260617608604,399.7028644412123,348.60895343169113,122.73477368613604,11
3.3499999999999996,3.1657961870795734,3.2458345558477437,497.1433055273168,433.5936088117262,152.65532604769982,11
3.3499999999999996,3.184216568371616,3.2562511002629693,419.1073219376547,365.53294427974646,128.69320408832397,11
3.3499999999999996,3.2007949115344547,3.265625990236672,472.6398882715565,412.22245687621876,145.131183393313,11
3.3499999999999996,3.2157154203810094,3.274063391213005,554.1003266541584,483.26982905441423,170.14483568034225,11
3.3499999999999996,3.2291438783429087,3.2816570520917048,530.3270994768245,462.53552719353,162.84490886726257,11
3.3499999999999996,3.241229490508618,3.2884913468825343,461.38083849286835,402.40264844059254,141.67392288946326,11
3.3499999999999996,3.252106541457756,3.294642212194281,628.8195226815113,548.4376900973115,193.08848815390618,11
3.3499999999999996,3.2618958873119803,3.300177990974853,524.0699439967971,457.0782222367561,160.9235552066283,11
3.3499999999999996,3.2707062985807824,3.3051601918773676,653.2994672754446,569.7883698751193,200.60542317458945,11
3.3499999999999996,3.2786356687227043,3.309644172689631,641.3820216626743,559.3943281700267,196.94599233151797,11
3.3499999999999996,3.285772101850434,3.313679755420668,546.7504421743702,476.8594783557151,167.88794315217095,11
3.3499999999999996,3.2921948916653907,3.317311779878601,605.5957233404034,528.1825828582639,185.95727141807433,11
3.3499999999999996,3.2979754024988517,3.320580601890741,622.006137983676,542.4952585559204,190.99633594955694,11
3.3499999999999996,3.3031778622489667,3.3235225417016667,641.6532601087613,559.6308942775851,197.02928017420578,11
3.3499999999999996,3.30786007602407,3.3261702875315002,566.5028975601186,494.08698261530674,173.9532315380937,11
3.3499999999999996,3.312074068421663,3.32855325877835,461.546125359607,402.5468067310524,141.72467670682906,11
3.3499999999999996,3.3158666615794967,3.3306979329005153,737.0891249517487,642.8672178632909,226.33429726338778,11
3.3499999999999996,3.3192799954215473,3.332628139610464,678.500232861132,591.7677282887389,208.34369711766152,11
3.3499999999999996,3.3223519958793926,3.3343653256494172,429.1089942629451,374.25610548791184,131.76436794161165,11
3.3499999999999996,3.325116796291453,3.3359287930844754,429.77653661817544,374.8383160811572,131.96934685766135,11
3.3499999999999996,3.327605116662308,3.337335913776028,417.32826819600695,363.98130650541725,128.14691889053867,11
3.3499999999999996,3.3298446049960773,3.338602322398425,655.9339444372774,572.0860825210124,201.41437899403522,11
3.3499999999999996,3.3318601444964697,3.3397420901585826,559.8970333241845,488.32554425028457,171.92480161144766,11
3.3499999999999996,3.333674130046823,3.340767881142724,461.25441206092927,402.29238306587234,141.63510175283292,11
3.3499999999999996,3.3353067170421404,3.3416910930284516,458.9771128463005,400.30619040505053,140.93582279191327,11
3.3499999999999996,3.3367760453379263,3.3425219837256064,434.62555972050086,379.06748984810264,133.4583123017663,11
3.3499999999999996,3.3380984408041336,3.343269785353046,375.8653482935529,327.81858064248456,115.41510597819327,11
3.3499999999999996,3.3392885967237205,3.3439428068177413,484.5536873020108,422.6133181406445,148.78949449846144,11
3.3499999999999996,3.3403597370513483,3.3445485261359673,496.17649483636876,432.7503852746391,152.35845228994793,11
3.3499999999999996,3.3413237633462134,3.3450936735223706,449.9671410503366,392.4479609109209,138.16917549544698,11
3.3499999999999996,3.3421913870115922,3.345584306170134,383.90520530706004,334.83070486915835,117.88386494593595,11
3.3499999999999996,3.342972248310433,3.3460258755531203,412.56608699280594,359.8278736606942,126.68461955714669,11
3.3499999999999996,3.3436750234793897,3.3464232879978084,550.2365075220588,479.89992089582836,168.9583919269172,11
3.3499999999999996,3.3443075211314506,3.3467809591980275,441.38488818786954,384.9627751526117,135.53386572786584,11
3.3499999999999996,3.3448767690183057,3.347102863278225,515.6515421768473,449.7359424857144,158.33855836499956,11
3.3499999999999996,3.3453890921164753,3.3473925769504023,604.650588641718,527.3582644771052,185.66705359962498,11
3.3499999999999996,3.3458501829048277,3.347653319255362,565.8991899048517,493.56044674928154,173.76785402636295,11
3.3499999999999996,3.346265164614345,3.347887987329826,556.7779275472907,485.60515293648746,170.96703328980854,11
3.3499999999999996,3.3466386481529105,3.3480991885968434,584.0558750206071,509.3961676286929,179.34313715996788,11
3.3499999999999996,3.3469747833376196,3.348289269737159,538.806852725869,469.9313158367791,165.44874458755638,11
3.3499999999999996,3.347277305003858,3.348460342763443,518.2385114475641,451.9922201615955,159.1329261722413,11
3.3499999999999996,3.3475495745034722,3.348614308487099,432.3747174424769,377.10437214070595,132.76715734098653,11
3.3499999999999996,3.347794617053125,3.3487528776383892,449.3878554369587,391.9427252236561,137.99129713884088,11
3.3499999999999996,3.3480151553478126,3.3488775898745504,400.69474827298546,349.4740450166707,123.03934652872954,11
3.3499999999999996,3.3499999999999996,3.3499999999999996,391.26058146497684,341.66909546465416,120.17049127649939,12
3.3499999999999996,3.3499999999999996,3.3499999999999996,496.7463673053302,433.78477166567706,152.5690494436926,12
3.3499999999999996,3.3499999999999996,3.3499999999999996,427.5318311573205,373.34303774464075,131.3107239020845,12
3.3499999999999996,3.3499999999999996,3.3499999999999996,548.6189409080027,479.0826016588968,168.5010215076034,12
3.3499999999999996,3.3499999999999996,3.3499999999999996,375.90592815827443,328.2606133557965,115.45451343805232,12
3.3499999999999996,3.3499999999999996,3.3499999999999996,378.24422888890564,330.3025392062559,116.17269145256131,12
3.3499999999999996,3.1423660079831586,3.1900502043159378,250.69588149595975,218.9206864303196,76.99791051673132,12
3.3499999999999996,3.1208026483810136,3.2060451838843442,349.89859306664283,305.5496552957414,107.46670586732297,12
3.3499999999999996,3.131608639243498,3.22044066549591,368.33899644692127,321.6527749081296,113.13043085911144,12
3.3499999999999996,3.1534477753191483,3.233396598946319,377.05778951274965,329.266478617282,115.80829235524202,12
3.3499999999999996,3.1731029977872334,3.2450569390516875,482.2648124555309,421.1387245532219,148.1212322006879,12
3.3499999999999996,3.19079269800851,3.2555512451465187,556.7899290495075,486.217933608022,171.0106319966094,12
3.3499999999999996,3.2067134282076593,3.2649961206318667,379.29939441408726,331.2239646389034,116.49677152999801,12
3.3499999999999996,3.0955367566616516,3.207295045081658,301.1490797139909,262.9790439932234,92.49394028193305,12
3.3499999999999996,3.1209830809954866,3.221565540573492,471.84075718732714,412.03589717095576,144.9196220666357,12
3.3499999999999996,3.143884772895938,3.234408986516143,399.7028644412123,349.04133617785567,122.76342637093406,12
3.3499999999999996,3.164496295606344,3.245968087864529,497.1433055273168,434.1313987722302,152.6909637468507,12
3.3499999999999996,3.1830466660457097,3.256371279078076,419.1073219376547,365.9863180003736,128.72324778092747,12
3.3499999999999996,3.1997419994411387,3.2657341511702684,472.6398882715565,412.73374000931176,145.16506456591992,12
3.3499999999999996,3.2147677994970247,3.2741607360532416,554.1003266541584,483.86923286710476,170.18455634140957,12
3.3499999999999996,3.2282910195473224,3.2817446624479176,530.3270994768245,463.10921406954935,162.88292534543416,12
3.3499999999999996,3.24046191759259,3.2885701962031257,461.38083849286835,402.9017519790526,141.70699695751043,12
3.3499999999999996,3.2514157258333314,3.294713176582813,628.8195226815113,549.1179221803089,193.13356505772924,12
3.3499999999999996,3.2612741532499983,3.3002418589245317,524.0699439967971,457.64514036951556,160.9611231408447,12
3.3499999999999996,3.2701467379249984,3.3052176730320784,653.2994672754446,570.4950833937309,200.65225492231957,12
3.3499999999999996,3.2781320641324987,3.3096959057288706,641.3820216626743,560.0881498674387,196.9919697776078,12
3.3499999999999996,3.2853188577192487,3.3137263151559835,546.7504421743702,477.4509313541431,167.92713693704582,12
3.3499999999999996,3.291786971947324,3.317353683640385,605.5957233404034,528.8376923538875,186.0006835247154,12
3.3499999999999996,3.2976082747525917,3.3206183152763464,622.006137983676,543.1681201888949,191.04092443615426,12
3.3499999999999996,3.3028474472773324,3.3235564837487117,641.6532601087613,560.3250093900177,197.0752770640134,12
3.3499999999999996,3.3075627025495993,3.3262008353738404,566.5028975601186,494.699803038547,173.99384127698968,12
3.3499999999999996,3.3118064322946394,3.3285807518364563,461.546125359607,403.04608907030604,141.7577626234591,12
3.3499999999999996,3.3156257890651757,3.330722676652811,737.0891249517487,643.664571718786,226.38713546957578,12
3.3499999999999996,3.3190632101586584,3.3326504089875297,678.500232861132,592.5017029985972,208.39233538132444,12
3.3499999999999996,3.3221568891427924,3.334385368088777,429.1089942629451,374.7202986219858,131.79512860371943,12
3.3499999999999996,3.3249412002285132,3.3359468312798994,429.77653661817544,375.3032313361425,132.00015537251775,12
3.3499999999999996,3.327447080205662,3.3373521481519095,417.32826819600695,364.4327557160876,128.17683505174162,12
3.3499999999999996,3.329702372185096,3.3386169333367186,655.9339444372774,572.7956459127954,201.4613995941616,12
3.3499999999999996,3.331732134966586,3.3397552400030466,559.8970333241845,488.931218710928,171.96493780921443,12
3.3499999999999996,3.3335589214699275,3.340779716002742,461.25441206092927,402.79134984121987,141.6681667580061,12
3.3499999999999996,3.3352030293229347,3.3417017444024677,458.9771128463005,400.8026936881996,140.96872454897786,12
3.3499999999999996,3.336682726390641,3.342531569962221,434.62555972050086,379.5376505844485,133.48946841866137,12
3.3499999999999996,3.33801410455884,3.343278412965999,375.8653482935529,328.2251769067131,115.44204987154312,12
3.3499999999999996,3.3392126941029563,3.343950571669399,484.5536873020108,423.1374891502085,148.8242297113036,12
3.3499999999999996,3.3402914246926607,3.344555514502459,496.17649483636876,433.28712937758553,152.39402068331086,12
3.3499999999999996,3.341262282223395,3.3450999630522134,449.9671410503366,392.9347175630233,138.20143137302244,12
3.3499999999999996,3.342136054001055,3.345589966746992,383.90520530706004,335.24599833264045,117.91138517613332,12
3.3499999999999996,3.34292244860095,3.346030970072293,412.56608699280594,360.2741713321349,126.71419434156927,12
3.3499999999999996,3.343630203740855,3.3464278730650636,550.2365075220588,480.4951449818377,168.9978356102553,12
3.3499999999999996,3.3442671833667696,3.3467850857585573,441.38488818786954,385.44024786308876,135.5655063869678,12
3.3499999999999996,3.3448404650300927,3.3471065771827018,515.6515421768473,450.2937539244242,158.37552282639828,12
3.3499999999999996,3.3453564185270834,3.347395919464432,604.650588641718,528.0123515634021,185.7103979543208,12
3.3499999999999996,3.3458207766743753,3.3476563275179885,565.8991899048517,494.1726141054635,173.80842048849837,12
3.3499999999999996,3.3462386990069377,3.3478906947661895,556.7779275472907,486.207453271896,171.00694589459508,12
3.3499999999999996,3.346614829106244,3.3481016252895706,584.0558750206071,510.0279761685391,179.38500518339268,12
3.3499999999999996,3.3469533461956193,3.3482914627606135,538.806852725869,470.5141757743969,165.48736893652045,12
3.3499999999999996,3.3472580115760575,3.3484623164845524,518.2385114475641,452.55283008131966,159.1700760804348,12
3.3499999999999996,3.3475322104184517,3.348616084836097,432.3747174424769,377.5720980049207,132.79815210633754,12
3.3499999999999996,3.347778989376607,3.3487544763524872,449.3878554369587,392.42885522749896,138.02351149034888,12
3.3499999999999996,3.348001090438946,3.3488790287172385,400.69474827298546,349.9075007435246,123.06807031668272,12
3.3499999999999996,3.3499999999999996,3.3499999999999996,391.26058146497684,341.7114049245096,120.17327399364632,13
3.3499999999999996,3.3499999999999996,3.3499999999999996,496.7463673053302,433.83848796494533,152.57258239513075,13
3.3499999999999996,3.3499999999999996,3.3499999999999996,427.5318311573205,373.3892694421441,131.31376458702383,13
3.3499999999999996,3.3499999999999996,3.3499999999999996,548.6189409080027,479.1419272647868,168.50492338631634,13
3.3499999999999996,3.3499840680660853,3.3499999999999996,375.90592815827443,328.30126242071714,115.45718695008365,13
3.3499999999999996,3.3499856612594767,3.3499999999999996,378.24422888890564,330.34344112629555,116.17538159501704,13
3.3499999999999996,3.1422958612560703,3.190060659864581,250.69588149595975,218.9477957478347,76.99969351190427,13
3.3499999999999996,3.120661788994561,3.206054593878123,349.89859306664283,305.587492024454,107.46919441040846,13
3.3499999999999996,3.1314021165629735,3.220449134490311,368.33899644692127,321.69260571327993,113.13305055373407,13
3.3499999999999996,3.1532619049066763,3.2334042210412797,377.05778951274965,329.307252240193,115.81097405952296,13
3.3499999999999996,3.172935714416009,3.2450637989371516,482.2648124555309,421.1908748711657,148.12466215664705,13
3.3499999999999996,3.190642142974408,3.2555574190434364,556.7899290495075,486.27814279409137,171.01459198889128,13
3.3499999999999996,3.206577928676967,3.2650016771390926,379.29939441408726,331.2649806606071,116.49946917698486,13
3.3499999999999996,3.0953520690489995,3.207313217173762,301.1490797139909,263.01160913140046,92.49608210952213,13
3.3499999999999996,3.1208168621440997,3.221581895456386,471.84075718732714,412.0869202704452,144.92297788479848,13
3.3499999999999996,3.14373517592969,3.2344237059107472,399.7028644412123,349.08455855470197,122.76626913114873,13
3.3499999999999996,3.164361658336721,3.2459813353196725,497.1433055273168,434.18515799491723,152.69449952138646,13
3.3499999999999996,3.182925492503049,3.2563832017877052,419.1073219376547,366.03163870287386,128.72622854920928,13
3.3499999999999996,3.199632943252744,3.265744881608935,472.6398882715565,412.7848495238558,145.1684260676498,13
3.3499999999999996,3.2146696489274698,3.2741703934480415,554.1003266541584,483.92915120960345,170.18849720474506,13
3.3499999999999996,3.2282026840347227,3.2817533541032375,530.3270994768245,463.1665616639366,162.88669712920978,13
3.3499999999999996,3.2403824156312506,3.2885780186929137,461.38083849286835,402.9516439819505,141.7102783828095,13
3.3499999999999996,3.2513441740681257,3.2947202168236225,628.8195226815113,549.1859203779592,193.13803733771604,13
3.3499999999999996,3.261209756661313,3.3002481951412603,524.0699439967971,457.70181133844875,160.96485042258084,13
3.3499999999999996,3.2700887809951817,3.3052233756271345,653.2994672754446,570.5657287612779,200.6569013081704,13
3.3499999999999996,3.2780799028956635,3.309701038064421,641.3820216626743,560.15750652687,196.99653140439563,13
3.3499999999999996,3.285271912606097,3.313730934257979,546.7504421743702,477.51005490754966,167.9310255266524,13
3.3499999999999996,3.2917447213454873,3.317357840832181,605.5957233404034,528.9031792165032,186.00499063277408,13
3.3499999999999996,3.2975702492109384,3.320622056748963,622.006137983676,543.2353816125384,191.0453482580972,13
3.3499999999999996,3.3028132242898445,3.3235598510740667,641.6532601087613,560.3943953801628,197.07984061989887,13
3.3499999999999996,3.30753190186086,3.32620386596666,566.5028975601186,494.76106254880114,173.99787034968833,13
3.3499999999999996,3.311778711674774,3.328583479369994,461.546125359607,403.0959989467092,141.76104522430867,13
3.3499999999999996,3.3156008405072965,3.3307251314329944,737.0891249517487,643.744277787374,226.39237778286773,13
3.3499999999999996,3.319040756456567,3.332652618289695,678.500232861132,592.5750734829344,208.39716099965054,13
3.3499999999999996,3.3221366808109103,3.3343873564607254,429.1089942629451,374.7667008680245,131.79818050573263,13
3.3499999999999996,3.3249230127298195,3.3359486208146527,429.77653661817544,375.3497057677215,132.00321202221483,13
3.3499999999999996,3.3274307114568376,3.3373537587331876,417.32826819600695,364.4778840383522,128.17980316706638,13
3.3499999999999996,3.3296876403111537,3.338618382859869,655.9339444372774,572.8665761628761,201.46606471689802,13
3.3499999999999996,3.3317188762800383,3.339756544573882,559.8970333241845,488.991763887664,171.96891989979284,13
3.3499999999999996,3.3335469886520346,3.340780890116494,461.25441206092927,402.841228172835,141.67144728413714,13
3.3499999999999996,3.335192289786831,3.3417028011048444,458.9771128463005,400.8523257611721,140.97198887853847,13
3.3499999999999996,3.336673060808148,3.34253252099436,434.62555972050086,379.58464937129867,133.4925595555017,13
3.3499999999999996,3.337924845655151,3.343279268894924,375.8653482935529,328.26582158347844,115.44472309496301,13
3.3499999999999996,3.3391323610896357,3.3439513420054316,484.5536873020108,423.1898869785406,148.8276759461612,13
3.3499999999999996,3.3402191249806723,3.3445562078048887,496.17649483636876,433.34078405297066,152.39754958171127,13
3.3499999999999996,3.341197212482605,3.3451005870243997,449.9671410503366,392.9833753312535,138.2046316220081,13
3.3499999999999996,3.3420774912343445,3.3455905283219596,383.90520530706004,335.28751240955415,117.91411558049352,13
3.3499999999999996,3.34286974211091,3.3460314754897635,412.56608699280594,360.3187846898874,126.71712858738633,13
3.3499999999999996,3.343582767899819,3.3464283279407874,550.2365075220588,480.55464550534776,169.00174899339916,13
3.3499999999999996,3.344224491109837,3.3467854951467086,441.38488818786954,385.4879775785067,135.56864559739415,13
3.3499999999999996,3.3448020419988533,3.3471069456320377,515.6515421768473,450.3495145587857,158.37919023491386,13
3.3499999999999996,3.345321837798968,3.347396251068834,604.650588641718,528.0777362226768,185.71469834040778,13
3.3499999999999996,3.3457896540190712,3.3476566259619505,565.8991899048517,494.2338083330237,173.81244526751723,13
3.3499999999999996,3.3462106886171643,3.3478909633657556,556.7779275472907,486.2676611601677,171.0109058015201,13
3.3499999999999996,3.346589619755448,3.3481018670291802,584.0558750206071,510.09113379230223,179.38915909609224,13
3.3499999999999996,3.3469306577799034,3.348291680326262,538.806852725869,470.5724403376705,165.49120102985933,13
3.3499999999999996,3.347237592001913,3.348462512293636,518.2385114475641,452.60887046088857,159.1737618879512,13
3.3499999999999996,3.347513832801722,3.3486162610642722,432.3747174424769,377.6188533940827,132.80122723477402,13
3.3499999999999996,3.3477624495215497,3.348754634957845,449.3878554369587,392.4774503539437,138.0267076193489,13
3.3499999999999996,3.347986204569395,3.3488791714620607,400.69474827298546,349.9508303789887,123.07092013135747,13
3.3499999999999996,3.3499999999999996,3.3499999999999996,391.26058146497684,341.71563571475576,120.17355204564322,14
3.3499999999999996,3.3499999999999996,3.3499999999999996,496.7463673053302,433.8438593971446,152.5729354113197,14
3.3499999999999996,3.3499999999999996,3.3499999999999996,427.5318311573205,373.3938924417174,131.3140684154313,14
3.3499999999999996,3.3499999999999996,3.3499999999999996,548.6189409080027,479.1478596070006,168.50531326610297,14
3.3499999999999996,3.3499760107243475,3.3499999999999996,375.90592815827443,328.3053271775816,115.45745409019156,14
3.3499999999999996,3.349978409651913,3.3499999999999996,378.24422888890564,330.3475311677412,116.17565039685431,14
3.3499999999999996,3.142283609970292,3.190061704587244,250.69588149595975,218.9505065797979,76.99987167063979,14
3.3499999999999996,3.120642989217584,3.2060555341285197,349.89859306664283,305.59127555804974,107.46944306822654,14
3.3499999999999996,3.131377220930791,3.2204499807156677,368.33899644692127,321.6965886471794,113.13331231635043,14
3.3499999999999996,3.153239498837712,3.233404982644101,377.05778951274965,329.311329452398,115.811242018209,14
3.3499999999999996,3.172915548953941,3.2450644843796908,482.2648124555309,421.1960897109969,148.1250048814205,14
3.3499999999999996,3.190623994058547,3.2555580359417218,556.7899290495075,486.28416349107073,171.01498767544635,14
3.3499999999999996,3.206561594652692,3.2650022323475496,379.29939441408726,331.26908211179915,116.4997387286827,14
3.3499999999999996,3.09533109390805,3.2073150329365787,301.1490797139909,263.01486552534726,92.49629612316659,14
3.3499999999999996,3.120797984517245,3.221583529642921,471.84075718732714,412.0920223925802,144.923313201646,14
3.3499999999999996,3.1437181860655206,3.234425176678629,399.7028644412123,349.08888063328675,122.76655318271152,14
3.3499999999999996,3.1643463674589687,3.245982659010766,497.1433055273168,434.1905337193004,152.69485281966232,14
3.3499999999999996,3.1829117307130717,3.2563843931096894,419.1073219376547,366.03617060630023,128.72652639068195,14
3.3499999999999996,3.1996205576417647,3.2657459537987203,472.6398882715565,412.7899602871782,145.16876195240528,14
3.3499999999999996,3.2146585018775884,3.2741713584188483,554.1003266541584,483.93514282329636,170.18889097991578,14
3.3499999999999996,3.2281926516898296,3.2817542225769634,530.3270994768245,463.17229621228114,162.88707400977475,14
3.3499999999999996,3.240373386520847,3.288578800319267,461.38083849286835,402.95663299858984,141.71060626624455,14
3.3499999999999996,3.251336047868762,3.2947209202873404,628.8195226815113,549.1927199474256,193.13848421259237,14
3.3499999999999996,3.261202443081886,3.3002488282586064,524.0699439967971,457.70747822673854,160.96522285645568,14
3.3499999999999996,3.2700821987736974,3.3052239454327457,653.2994672754446,570.57279303799,200.65736557988606,14
3.3499999999999996,3.2780739788963276,3.309701550889471,641.3820216626743,560.164441937514,196.9969872068974,14
3.3499999999999996,3.2852665810066948,3.3137313958005237,546.7504421743702,477.5159670452589,167.93141407857775,14
3.3499999999999996,3.291739922906025,3.3173582562204715,605.5957233404034,528.9097276617102,186.00542100349924,14
3.3499999999999996,3.2975659306154226,3.320622430598424,622.006137983676,543.2421075073161,191.04579029099528,14
3.3499999999999996,3.3028093375538803,3.3235601875385816,641.6532601087613,560.4013337237702,197.08029661515815,14
3.3499999999999996,3.3075284037984924,3.3262041687847237,566.5028975601186,494.7671882743328,173.9982729388306,14
3.3499999999999996,3.311775563418643,3.3285837519062516,461.546125359607,403.10098975063323,141.76137322520603,14
3.3499999999999996,3.3155980070767788,3.3307253767156264,737.0891249517487,643.752248100838,226.39290160027426,14
3.3499999999999996,3.319038206369101,3.332652839044064,678.500232861132,592.5824102612944,208.39764318046196,14
3.3499999999999996,3.3221343857321908,3.334387555139658,429.1089942629451,374.7713409218236,131.79848545496182,14
3.3499999999999996,3.324920947158972,3.335948799625692,429.77653661817544,375.3543530398089,132.00351744583753,14
3.3499999999999996,3.3274288524430746,3.337353919663123,417.32826819600695,364.48239670446316,128.18009974424237,14
3.3499999999999996,3.3296859671987673,3.3386185276968106,655.9339444372774,572.8736689267928,201.4665308608228,14
3.3499999999999996,3.3317173704788905,3.3397566749271297,559.8970333241845,488.9978181824732,171.9693177944327,14
3.3499999999999996,3.3335456334310014,3.340781007434417,461.25441206092927,402.84621582239635,141.67177507772644,14
3.3499999999999996,3.3351910700879013,3.3417029066909754,458.9771128463005,400.8572887857757,140.97231505374955,14
3.3499999999999996,3.336671963079111,3.342532616021878,434.62555972050086,379.58934907698307,133.49286842511572,14
3.3499999999999996,3.337915800792195,3.34327935441969,375.8653482935529,328.2698859015436,115.44499020623255,14
3.3499999999999996,3.3391242207129754,3.343951418977721,484.5536873020108,423.1951265684995,148.82802029753913,14
3.3499999999999996,3.3402117986416777,3.344556277079949,496.17649483636876,433.3461493230085,152.3979021929165,14
3.3499999999999996,3.34119061877751,3.3451006493719544,449.9671410503366,392.9882409289693,138.20495139422138,14
3.3499999999999996,3.342071556899759,3.345590584434759,383.90520530706004,335.2916636644339,117.91438840534224,14
3.3499999999999996,3.3428644012097832,3.346031525991283,412.56608699280594,360.3232458614427,126.71742178028579,14
3.3499999999999996,3.343577961088805,3.3464283733921545,550.2365075220588,480.5605953386797,169.00214002272062,14
3.3499999999999996,3.3442201649799244,3.346785536052939,441.38488818786954,385.49275037435734,135.56895927057096,14
3.3499999999999996,3.344798148481932,3.347106982447645,515.6515421768473,450.3550904169692,158.3795566861941,14
3.3499999999999996,3.3453183336337386,3.3473962842028806,604.650588641718,528.084274447926,185.71512803946655,14
3.3499999999999996,3.3457865002703646,3.3476566557825924,565.8991899048517,494.23992753052624,173.81284742763057,14
3.3499999999999996,3.3462078502433283,3.3478909902043332,556.7779275472907,486.27368172737204,171.0113014795462,14
3.3499999999999996,3.3465870652189955,3.3481018911839,584.0558750206071,510.0974493221979,179.3895741593775,14
3.3499999999999996,3.346928358697096,3.34829170206551,538.806852725869,470.5782665795284,165.4915839366187,14
3.3499999999999996,3.3472355228273867,3.3484625318589587,518.2385114475641,452.61447429256305,159.1741301776788,14
3.3499999999999996,3.347511970544648,3.3486162786730627,432.3747174424769,377.6235287608942,132.80153450481163,14
3.3499999999999996,3.3477607734901835,3.3487546508057564,449.3878554369587,392.4823096877115,138.02702697988892,14
3.3499999999999996,3.347984696141165,3.3488791857251807,400.69474827298546,349.9551631830405,123.0712048878092,14
3.3499999999999996,3.3499999999999996,3.3499999999999996,391.26058146497684,341.71605879222284,120.17357984864637,15
3.3499999999999996,3.3499999999999996,3.3499999999999996,496.7463673053302,433.84439653838706,152.57297071014992,15
3.3499999999999996,3.3499999999999996,3.3499999999999996,427.5318311573205,373.3943547399728,131.31409879587193,15
3.3499999999999996,3.3499999999999996,3.3499999999999996,548.6189409080027,479.14845283903804,168.5053522510017,15
3.3499999999999996,3.3499752049809848,3.3499999999999996,375.90592815827443,328.3057336517717,115.45748080209201,15
3.3499999999999996,3.3499776844828864,3.3499999999999996,378.24422888890564,330.34794017038,116.1756772749146,15
3.3499999999999996,3.1422823848277424,3.1900618090511905,250.69588149595975,218.95077766199626,76.99988948510594,15
3.3499999999999996,3.120641109218446,3.2060556281460717,349.89859306664283,305.5916539100165,107.46946793204405,15
3.3499999999999996,3.1313747313391804,3.2204500653314647,368.33899644692127,321.69698693910306,113.13333849054422,15
3.3499999999999996,3.1532372582052623,3.233405058798318,377.05778951274965,329.31173717211755,115.81126881196079,15
3.3499999999999996,3.172913532384736,3.2450645529184863,482.2648124555309,421.19661119306016,148.12503915119044,15
3.3499999999999996,3.1906221791462626,3.2555580976266376,556.7899290495075,486.2847655585522,171.01502724097608,15
3.3499999999999996,3.2065599612316364,3.265002287863974,379.29939441408726,331.2694922554084,116.49976568172312,15
3.3499999999999996,3.0953289963700343,3.2073152144984007,301.1490797139909,263.0151911635431,92.4963175228404,15
3.3499999999999996,3.120796096733031,3.2215836930485606,471.84075718732714,412.09253260291536,144.92334673068186,15
3.3499999999999996,3.1437164870597276,3.2344253237437046,399.7028644412123,349.0893128395541,122.76658158562388,15
3.3499999999999996,3.1643448383537547,3.245982791369334,497.1433055273168,434.1910712897597,152.69488814669893,15
3.3499999999999996,3.1829103545183792,3.2563845122324007,419.1073219376547,366.03662379497445,128.72655617247636,15
3.3499999999999996,3.1996193190665414,3.2657460610091604,472.6398882715565,412.79047136162893,145.1687955382274,15
3.3499999999999996,3.214657387159887,3.2741714549082443,554.1003266541584,483.93574198245983,170.1889303543222,15
3.3499999999999996,3.2281916484438984,3.28175430941742,530.3270994768245,463.17286966500444,162.88711169485404,15
3.3499999999999996,3.2403724835995087,3.288578878475678,461.38083849286835,402.9571318984171,141.71063905199787,15
3.3499999999999996,3.2513352352395577,3.2947209906281105,628.8195226815113,549.193399901869,193.13852889654981,15
3.3499999999999996,3.261201711715602,3.3002488915652997,524.0699439967971,457.7080449134813,160.96526009690106,15
3.3499999999999996,3.2700815405440418,3.3052240024087696,653.2994672754446,570.5734994630604,200.65741200339,15
3.3499999999999996,3.2780733864896376,3.3097016021678924,641.3820216626743,560.1651354760252,196.99703278354687,15
3.3499999999999996,3.285266047840674,3.313731441951103,546.7504421743702,477.51655825685333,167.9314529307008,15
3.3499999999999996,3.2917394430566067,3.317358297755993,605.5957233404034,528.9103825038202,186.00546403717195,15
3.3499999999999996,3.297565498750946,3.3206224679803937,622.006137983676,543.2427800943178,191.04583449079314,15
3.3499999999999996,3.3028089488758514,3.3235602211823543,641.6532601087613,560.4020275555768,197.0803422110818,15
3.3499999999999996,3.3075280539882663,3.3262041990641187,566.5028975601186,494.7678008446308,173.99831319456447,15
3.3499999999999996,3.3117752485894396,3.328583779157707,461.546125359607,403.1014888291883,141.76140602270462,15
3.3499999999999996,3.315597723730496,3.3307254012419363,737.0891249517487,643.7530451292502,226.3929539778769,15
3.3499999999999996,3.3190379513574464,3.332652861117743,678.500232861132,592.5831439364293,208.39769139473398,15
3.3499999999999996,3.322134156221702,3.3343875750059686,429.1089942629451,374.7718049254953,131.79851594747575,15
3.3499999999999996,3.3249207405995316,3.335948817505372,429.77653661817544,375.3548177653068,132.00354798578704,15
3.3499999999999996,3.3274286665395785,3.3373539357548347,417.32826819600695,364.48284796941294,128.18012939961707,15
3.3499999999999996,3.329685799885621,3.3386185421793515,655.9339444372774,572.8743782005732,201.4665774715329,15
3.3499999999999996,3.3317172198970586,3.3397566879614162,559.8970333241845,488.9984236097253,171.96935758075344,15
3.3499999999999996,3.3335454979073527,3.3407810191652745,461.25441206092927,402.84671458551634,141.67180785449588,15
3.3499999999999996,3.3351909481166175,3.341702917248747,458.9771128463005,400.85778508640897,140.97234766869394,15
3.3499999999999996,3.336671853304956,3.342532625523872,434.62555972050086,379.58981904582134,133.49289930963712,15
3.3499999999999996,3.337914896295585,3.3432793629714848,375.8653482935529,328.27029233185385,115.44501691524944,15
3.3499999999999996,3.3391234066660265,3.3439514266743364,484.5536873020108,423.19565052556646,148.82805472995668,15
3.3499999999999996,3.3402110659994237,3.3445562840069027,496.17649483636876,433.34668584803705,152.39793745125152,15
3.3499999999999996,3.3411899593994816,3.3451006556062124,449.9671410503366,392.9887274869496,138.2049833689166,15
3.3499999999999996,3.3420709634595336,3.345590590045591,383.90520530706004,335.2920787883936,117.91441568567187,15
3.3499999999999996,3.3428638671135804,3.346031531041032,412.56608699280594,360.3236919769559,126.7174510972596,15
3.3499999999999996,3.3435774804022222,3.346428377936929,550.2365075220588,480.5611903198225,169.00217912256372,15
3.3499999999999996,3.344219732362,3.346785540143236,441.38488818786954,385.4932276521853,135.56899063541073,15
3.3499999999999996,3.3447977591258002,3.3471069861289124,515.6515421768473,450.35564800073485,158.37959332842726,15
3.3499999999999996,3.3453179832132203,3.347396287516021,604.650588641718,528.0849282680439,185.71517100597796,15
3.3499999999999996,3.345786184891898,3.3476566587644188,565.8991899048517,494.24053944802375,173.81288764046496,15
3.3499999999999996,3.3462075664027084,3.3478909928879768,556.7779275472907,486.274283781876,171.0113410442231,15
3.3499999999999996,3.346586809762438,3.3481018935991793,584.0558750206071,510.09808087286245,179.38961566242713,15
3.3499999999999996,3.3469281287861943,3.3482917042392613,538.806852725869,470.5788492015693,165.49162222426975,15
3.3499999999999996,3.3472353159075747,3.348462533815335,518.2385114475641,452.6150346736675,159.17416700374216,15
3.3499999999999996,3.347511784316817,3.3486162804338018,432.3747174424769,377.6239962958541,132.80156522938805,15
3.3499999999999996,3.3477606058851355,3.3487546523904217,449.3878554369587,392.48279561929934,138.02705891342,15
3.3499999999999996,3.347984545296622,3.3488791871513794,400.69474827298546,349.9555964618506,123.0712333612049,15
3.3499999999999996,3.3499999999999996,3.3499999999999996,391.26058146497684,353.94144623150135,112.96739209619523,16
3.3499999999999996,3.3499999999999996,3.3499999999999996,496.7463673053302,449.3658088325244,143.42395913646365,16
3.3499999999999996,3.3499999999999996,3.3499999999999996,427.5318311573205,386.75307914546295,123.43987176811122,16
3.3499999999999996,3.3499999999999996,3.3499999999999996,548.6189409080027,496.2906834312792,158.40095819747538,16
3.3499999999999996,3.3499999999999996,3.3499999999999996,375.90592815827443,340.0513472662316,108.5340931062875,16
3.3499999999999996,3.3499999999999996,3.3499999999999996,378.24422888890564,342.16661668393,109.20922305290001,16
3.3499999999999996,3.1574675985070413,3.1625675292670987,250.69588149595975,226.7840591779721,72.38260454405233,16
3.3499999999999996,3.154900162792696,3.1664151725735947,349.89859306664283,316.52463838977565,101.02508003455677,16
3.3499999999999996,3.1744101465134262,3.1847736553162354,368.33899644692127,333.2061630582459,106.34931758302648,16
3.3499999999999996,3.1919691318620838,3.201296289784612,377.05778951274965,341.0933420210689,108.86666627985954,16
3.3499999999999996,3.2077722186758755,3.216166660806151,482.2648124555309,436.2655306291154,139.24274701753652,16
3.3499999999999996,3.221994996808288,3.2295499947255357,556.7899290495075,503.68230808489517,160.76014096446556,16
3.3499999999999996,3.2347954971274593,3.2415949952529823,379.29939441408726,343.12113863090974,109.51387755492847,16
3.3499999999999996,3.1390689881603753,3.1516131050806973,301.1490797139909,272.42494095919244,86.94979197771299,16
3.3499999999999996,3.160162089344338,3.1714517945726275,471.84075718732714,426.8357404278876,136.23304352451805,16
3.3499999999999996,3.179145880409904,3.1893066151153646,399.7028644412123,361.57848913246585,115.4049049363401,16
3.3499999999999996,3.196231292368914,3.205375953603828,497.1433055273168,449.72488637575276,143.5385658151974,16
3.3499999999999996,3.2116081631320226,3.2198383582434453,419.1073219376547,379.13211470832346,121.00749068675458,16
3.3499999999999996,3.2254473468188203,3.232854522419101,472.6398882715565,427.5586489575985,136.46377403713544,16
3.3499999999999996,3.237902612136938,3.244569070177191,554.1003266541584,501.2492447846435,159.9835808335149,16
3.3499999999999996,3.2491123509232445,3.2551121631594717,530.3270994768245,479.7435506070439,153.11961445622683,16
3.3499999999999996,3.25920111583092,3.2646009468435246,461.38083849286835,417.3735075182531,133.21298530135917,16
3.3499999999999996,3.268281004247828,3.2731408521591723,628.8195226815113,568.841590029736,181.5570107025037,16
3.3499999999999996,3.276452903823045,3.280826766943255,524.0699439967971,474.08321382687546,151.3130063540958,16
3.3499999999999996,3.283807613440741,3.2877440902489297,653.2994672754446,590.9865936506013,188.62502529544204,16
3.3499999999999996,3.2904268520966666,3.293969681224037,641.3820216626743,580.2058553513951,185.18414007699735,16
3.3499999999999996,3.296384166887,3.2995727131016332,546.7504421743702,494.6004054544194,157.86147264980485,16
3.3499999999999996,3.3017457501983,3.30461544179147,605.5957233404034,547.832918277001,174.8516788331211,16
3.3499999999999996,3.30657117517847,3.3091538976123234,622.006137983676,562.6780781710816,179.589804351737,16
3.3499999999999996,3.310914057660623,3.313238507851091,641.6532601087613,580.4512225885496,185.2624538692428,16
3.3499999999999996,3.3148226518945605,3.316914657065982,566.5028975601186,512.4688362574361,163.5645346962538,16
3.3499999999999996,3.3183403867051045,3.320223191359384,461.546125359607,417.523029027518,133.26070803952328,16
3.3499999999999996,3.321506348034594,3.3232008722234454,737.0891249517487,666.7842436621402,212.81733998475687,16
3.3499999999999996,3.3243557132311343,3.3258807850011007,678.500232861132,613.7836650656211,195.90116018330443,16
3.3499999999999996,3.3269201419080208,3.328292706500991,429.1089942629451,388.1798096084644,123.8952409297212,16
3.3499999999999996,3.3292281277172187,3.3304634358508918,429.77653661817544,388.7836805778996,124.08797825762112,16
3.3499999999999996,3.3313053149454968,3.3324170922658025,417.32826819600695,377.52275029986527,120.49383030001073,16
3.3499999999999996,3.3331747834509473,3.3341753830392222,655.9339444372774,593.3697896608707,189.38566929743914,16
3.3499999999999996,3.3348573051058525,3.3357578447353,559.8970333241845,506.4930511872378,161.6572450518923,16
3.3499999999999996,3.336371574595267,3.33718206026177,461.25441206092927,417.259139865895,133.1764826098416,16
3.3499999999999996,3.3377344171357404,3.3384638542355933,458.9771128463005,415.19905353031373,132.51896543206692,16
3.3499999999999996,3.3389609754221663,3.339617468812034,434.62555972050086,393.1701951693283,125.48802088914013,16
3.3499999999999996,3.3400648778799495,3.3406557219308306,375.8653482935529,340.01463798170903,108.52237661424522,16
3.3499999999999996,3.3410583900919546,3.3415901497377476,484.5536873020108,438.3360884920432,139.90360638975665,16
3.3499999999999996,3.341952551082759,3.342431134763973,496.17649483636876,448.8502918206228,143.25942171640222,16
3.3499999999999996,3.3427572959744833,3.3431880212875758,449.9671410503366,407.04846898630444,129.9175456497845,16
3.3499999999999996,3.343481566377035,3.3438692191588184,383.90520530706004,347.28763902924726,110.84369831816313,16
3.3499999999999996,3.3441334097393316,3.3444822972429367,412.56608699280594,373.2147944716385,119.11886124690334,16
3.3499999999999996,3.3447200687653984,3.345034067518643,550.2365075220588,497.753963643692,158.867992932351,16
3.3499999999999996,3.3452480618888587,3.3455306607667787,441.38488818786954,399.284806777624,127.43961976071871,16
3.3499999999999996,3.3457232556999728,3.3459775946901007,515.6515421768473,466.4677742547253,148.8823886423478,16
3.3499999999999996,3.3461509301299754,3.3463798352210907,604.650588641718,546.9779322191574,174.57879317290366,16
3.3499999999999996,3.3465358371169778,3.3467418516989818,565.8991899048517,511.922711319917,163.39022815316005,16
3.3499999999999996,3.3468822534052802,3.3470676665290835,556.7779275472907,503.6714513074614,160.75667580985782,16
3.3499999999999996,3.3471940280647523,3.347360899876175,584.0558750206071,528.3475792802375,168.63254865209407,16
3.3499999999999996,3.347474625258277,3.3476248098885577,538.806852725869,487.4144897990661,155.56794596607904,16
3.3499999999999996,3.3477271627324496,3.347862328899702,518.2385114475641,468.8079937616471,149.62931584582847,16
3.3499999999999996,3.347954446459205,3.3480760960097316,432.3747174424769,391.13404226033884,124.83814253641633,16
3.3499999999999996,3.3481590018132845,3.3482684864087586,449.3878554369587,406.5244366725653,129.75029040322445,16
3.3499999999999996,3.348343101631956,3.3484416377678827,400.69474827298546,362.4757653073286,115.69128832134213,16
3.3499999999999996,3.3499999999999996,3.3499999999999996,391.26058146497684,343.0262299285687,119.51916546322457,17
3.3499999999999996,3.3499999999999996,3.3499999999999996,496.7463673053302,435.507796286175,151.74212297319292,17
3.3499999999999996,3.3499999999999996,3.3499999999999996,427.5318311573205,374.8259834078907,130.59901786569617,17
3.3499999999999996,3.3499999999999996,3.3499999999999996,548.6189409080027,480.9855525502818,167.58774351643206,17
3.3499999999999996,3.3499999999999996,3.3499999999999996,375.90592815827443,329.56448835486566,114.8287482933608,17
3.3499999999999996,3.3499999999999996,3.3499999999999996,378.24422888890564,331.61452488311585,115.54303377256922,17
3.3499999999999996,3.1439404169884786,3.187599627967563,250.69588149595975,219.79025529786492,76.58058072008119,17
3.3499999999999996,3.1243574682302127,3.2038396651708068,349.89859306664283,306.7633207198124,106.88423475602535,17
3.3499999999999996,3.137001440227278,3.218455698653726,368.33899644692127,322.9304030929319,112.51726227585333,17
3.3499999999999996,3.15830129620455,3.2316101287883536,377.05778951274965,330.5743489862296,115.18060972366577,17
3.3499999999999996,3.177471166584095,3.2434491159095185,482.2648124555309,422.8115181560584,147.31841296443793,17
3.3499999999999996,3.1947240499256857,3.254104204318567,556.7899290495075,488.1492265561752,170.08375188002938,17
3.3499999999999996,3.210251644933117,3.26369378388671,379.29939441408726,332.53961028450846,115.86535733126527,17
3.3499999999999996,3.1004467302729655,3.203035861692008,301.1490797139909,264.023615857135,91.9926217782206,17
3.3499999999999996,3.125402057245669,3.217732275522807,471.84075718732714,413.672533682257,144.13415560395103,17
3.3499999999999996,3.147861851521102,3.2309590479705266,399.7028644412123,350.4277537173572,122.09804681167536,17
3.3499999999999996,3.1680756663689915,3.242863143173474,497.1433055273168,435.85580022077227,151.86337649905204,17
3.3499999999999996,3.1862680997320925,3.2535768288561266,419.1073219376547,367.4400422384527,128.02556590280832,17
3.3499999999999996,3.2026412897588834,3.263219145970514,472.6398882715565,414.3731484030539,144.3782678013137,17
3.3499999999999996,3.2173771607829953,3.2718972313734627,554.1003266541584,485.7911966053201,169.2621535669144,17
3.3499999999999996,3.2306394447046958,3.2797075082361165,530.3270994768245,464.9487175052214,162.00009751730204,17
3.3499999999999996,3.242575500234226,3.286736757412505,461.38083849286835,404.50210700220384,140.93894296971638,17
3.3499999999999996,3.2533179502108034,3.2930630816712547,628.8195226815113,551.2990584517374,192.08677832168726,17
3.3499999999999996,3.262986155189723,3.298756773504129,524.0699439967971,459.4629401075746,160.08871150865687,17
3.3499999999999996,3.2716875396707508,3.303881096153716,653.2994672754446,572.7611313022038,199.56471677768468,17
3.3499999999999996,3.279518785703676,3.3084929865383446,641.3820216626743,562.3128606800499,195.92427043177761,17
3.3499999999999996,3.286566907133308,3.3126436878845102,546.7504421743702,479.34740113256316,167.01696940860683,17
3.3499999999999996,3.2929102164199775,3.3163793190960593,605.5957233404034,530.938274079415,184.992557110489,17
3.3499999999999996,3.29861919477798,3.3197413871864536,622.006137983676,545.3256234146567,190.00547984276525,17
3.3499999999999996,3.303757275300182,3.3227672484678084,641.6532601087613,562.5506610258566,196.00712619147737,17
3.3499999999999996,3.3083815477701637,3.3254905236210277,566.5028975601186,496.6647865881488,173.05079212265287,17
3.3499999999999996,3.312543392993147,3.327941471258925,461.546125359607,404.64701741086736,140.98943348501606,17
3.3499999999999996,3.3162890536938323,3.330147324133032,737.0891249517487,646.2212541494646,225.16011389748775,17
3.3499999999999996,3.319660148324449,3.332132591719729,678.500232861132,594.8551627985652,207.26284588784986,17
3.3499999999999996,3.322694133492004,3.333919332547756,429.1089942629451,376.20871486547617,131.08079708679185,17
3.3499999999999996,3.3254247201428035,3.3355273992929804,429.77653661817544,376.7939630307142,131.28471260751658,17
3.3499999999999996,3.3278822481285233,3.3369746593636824,417.32826819600695,365.8803090919323,127.4821147385744,17
3.3499999999999996,3.330094023315671,3.3382771934273143,655.9339444372774,575.0708318226925,200.36947587361828,17
3.3499999999999996,3.332084620984104,3.339449474084583,559.8970333241845,490.87328902458626,171.0328853412285,17
3.3499999999999996,3.333876158885694,3.3405045266761246,461.25441206092927,404.39126633906056,140.90032323045898,17
3.3499999999999996,3.335488542997125,3.3414540740085124,458.9771128463005,402.39471109935687,140.2046720083927,17
3.3499999999999996,3.3369396886974125,3.342308666607661,434.62555972050086,381.04520169983647,132.76595355525484,17
3.3499999999999996,3.3382457198276714,3.343077799946895,375.8653482935529,329.5289111496325,114.81635227956366,17
3.3499999999999996,3.339421147844904,3.3437700199522054,484.5536873020108,424.8182219912023,148.0176002183053,17
3.3499999999999996,3.3404790330604137,3.344393017956985,496.17649483636876,435.00817732676944,151.56804287124214,17
3.3499999999999996,3.341431129754372,3.3449537161612866,449.9671410503366,394.49548280153016,137.4523776017629,17
3.3499999999999996,3.342288016778935,3.345458344545158,383.90520530706004,336.5776197882126,117.27230375083148,17
3.3499999999999996,3.3430592151010416,3.3459125100906424,412.56608699280594,361.7052065087528,126.02740156235787,17
3.3499999999999996,3.3437532935909373,3.346321259081578,550.2365075220588,482.4037065979,168.08186487941035,17
3.3499999999999996,3.3443779642318434,3.3466891331734203,441.38488818786954,386.9712445235956,134.83073936753084,17
3.3499999999999996,3.344940167808659,3.3470202198560783,515.6515421768473,452.0823534215641,157.51712518557994,17
3.3499999999999996,3.3454461510277933,3.3473181978704707,604.650588641718,530.1096549753621,184.70384489211457,17
3.3499999999999996,3.345901535925014,3.347586378083424,565.8991899048517,496.1355036223314,172.8663763175362,17
3.3499999999999996,3.346311382332513,3.3478277402750813,556.7779275472907,488.13870459139287,170.0800857567417,17
3.3499999999999996,3.3466802440992613,3.3480449662475733,584.0558750206071,512.053844335157,178.41273584214852,17
3.3499999999999996,3.347012219689335,3.348240469622816,538.806852725869,472.3830922558113,164.59042498618504,17
3.3499999999999996,3.3473109977204016,3.3484164226605344,518.2385114475641,454.35040279304013,158.3073719494051,17
3.3499999999999996,3.3475798979483615,3.348574780394481,432.3747174424769,379.0718418026972,132.0783841874144,17
3.3499999999999996,3.3478219081535254,3.348717302355033,449.3878554369587,393.9876111440665,137.27542204744523,17
3.3499999999999996,3.348039717338173,3.34884557211953,400.69474827298546,351.29735875159366,122.40103958280025,17
3.3499999999999996,3.3499999999999996,3.3499999999999996,391.26058146497684,341.8480674443702,120.10872470815904,18
3.3499999999999996,3.3499999999999996,3.3499999999999996,496.7463673053302,434.0119953753606,152.49063030336129,18
3.3499999999999996,3.3499999999999996,3.3499999999999996,427.5318311573205,373.5386010644297,131.24323135282742,18
3.3499999999999996,3.3499999999999996,3.3499999999999996,548.6189409080027,479.3335531286216,168.41441347471766,18
3.3499999999999996,3.3499999999999996,3.3499999999999996,375.90592815827443,328.432561748598,115.39517084055835,18
3.3499999999999996,3.3499999999999996,3.3499999999999996,378.24422888890564,330.4755571939279,116.11297971792773,18
3.3499999999999996,3.142467535207615,3.1898180966059435,250.69588149595975,219.03536074289664,76.95833427258457,18
3.3499999999999996,3.121031884234919,3.2058362869453494,349.89859306664283,305.7097073093291,107.41146893218388,18
3.3499999999999996,3.1319563990149915,3.2202526582508146,368.33899644692127,321.82126200476955,113.072282819482,18
3.3499999999999996,3.153760759113492,3.233227392425733,377.05778951274965,329.43895389911034,115.74876791851753,18
3.3499999999999996,3.173384683202143,3.24490465318316,482.2648124555309,421.35932405217824,148.04509919903163,18
3.3499999999999996,3.1910462148819287,3.255414187864844,556.7899290495075,486.472622683816,170.92273404615625,18
3.3499999999999996,3.206941593393736,3.2648727690783597,379.29939441408726,331.39746528460915,116.43689322107448,18
3.3499999999999996,3.095853380862367,3.206891634143789,301.1490797139909,263.11679680947765,92.44639921571282,18
3.3499999999999996,3.1212680427761303,3.2212024707294105,471.84075718732714,412.2517284568685,144.84513466423635,18
3.3499999999999996,3.1441412384985172,3.2340822236564692,399.7028644412123,349.22416986040906,122.700327056917,18
3.3499999999999996,3.1647271146486657,3.2456740012908223,497.1433055273168,434.3588040509825,152.61248194364725,18
3.3499999999999996,3.183254403183799,3.25610660116174,419.1073219376547,366.17802774746804,128.65708517148317,18
3.3499999999999996,3.1999289628654193,3.265495941045566,472.6398882715565,412.94993683696055,145.0904510082495,18
3.3499999999999996,3.2149360665788773,3.2739463469410093,554.1003266541584,484.12269165421617,170.0970829865278,18
3.3499999999999996,3.2284424599209895,3.2815517122469084,530.3270994768245,463.3517984120228,162.7992049642244,18
3.3499999999999996,3.2405982139288905,3.288396541022218,461.38083849286835,403.1127986471298,141.63416081596762,18
3.3499999999999996,3.2515383925360015,3.294556886919996,628.8195226815113,549.4055593208485,193.03429611559343,18
3.3499999999999996,3.2613845532824013,3.3001011982279964,524.0699439967971,457.8848625389087,160.87839054894954,18
3.3499999999999996,3.270246097954161,3.305091078405197,653.2994672754446,570.7939182484151,200.54912144017553,18
3.3499999999999996,3.278221488158745,3.309581970564677,641.3820216626743,560.381533396496,196.8907176496143,18
3.3499999999999996,3.28539933934287,3.3136237735082097,546.7504421743702,477.70102812770557,167.8408238757473,18
3.3499999999999996,3.2918594054085832,3.317261396157389,605.5957233404034,529.114706371267,185.90508082052202,18
3.3499999999999996,3.297673464867725,3.32053525654165,622.006137983676,543.4526407237611,190.94273109276648,18
3.3499999999999996,3.3029061183809523,3.3234817308874853,641.6532601087613,560.6185169900497,196.97398211681244,18
3.3499999999999996,3.307615506542857,3.326133557798737,566.5028975601186,494.9589350592365,173.90440998338443,18
3.3499999999999996,3.3118539558885716,3.328520202018863,461.546125359607,403.2572113445628,141.6849003888135,18
3.3499999999999996,3.3156685602997142,3.3306681818169768,737.0891249517487,644.0017339737358,226.2707744867269,18
3.3499999999999996,3.319101704269743,3.332601363635279,678.500232861132,592.8120652882465,208.28522356636714,18
3.3499999999999996,3.3221915338427688,3.3343412272717514,429.1089942629451,374.9165833740291,131.72738707473547,18
3.3499999999999996,3.324972380458492,3.3359071045445763,429.77653661817544,375.4998214380793,131.9323084615902,18
3.3499999999999996,3.3274751424126428,3.3373163940901187,417.32826819600695,364.6236516813056,128.11095329360137,18
3.3499999999999996,3.3297276281713786,3.338584754681107,655.9339444372774,573.0956858405574,201.35785021882157,18
3.3499999999999996,3.331754865354241,3.3397262792129965,559.8970333241845,489.1873290507839,171.87654935402452,18
3.3499999999999996,3.3335793788188166,3.340753651291697,461.25441206092927,403.00233867881303,141.59535057484192,18
3.3499999999999996,3.335221440936935,3.3416782861625274,458.9771128463005,401.0126408344798,140.89626787291522,18
3.3499999999999996,3.336699296843242,3.3425104575462745,434.62555972050086,379.73645874592273,133.42085601401678,18
3.3499999999999996,3.3380293671589176,3.343259411791647,375.8653482935529,328.39710673731054,115.38271368021198,18
3.3499999999999996,3.3392264304430257,3.3439334706124826,484.5536873020108,423.35913563544966,148.7477353751523,18
3.3499999999999996,3.340303787398723,3.3445401235512344,496.17649483636876,433.51409241392554,152.31569150621246,18
3.3499999999999996,3.341273408658851,3.345086111196111,449.9671410503366,393.140543331976,138.13039706114634,18
3.3499999999999996,3.342146067792966,3.3455775000765002,383.90520530706004,335.4216057867822,117.85077976832287,18
3.3499999999999996,3.3429314610136696,3.34601975006885,412.56608699280594,360.4628889613844,126.64906436780156,18
3.3499999999999996,3.343638314912303,3.346417775061965,550.2365075220588,480.74683636535144,168.91097221932034,18
3.3499999999999996,3.3442744834210725,3.3467759975557687,441.38488818786954,385.6421479036192,135.49582691719195,18
3.3499999999999996,3.344847035078965,3.347098397800192,515.6515421768473,450.5296253147939,158.2941192101678,18
3.3499999999999996,3.3453623315710685,3.3473885580201728,604.650588641718,528.2889332534884,185.61494445433993,18
3.3499999999999996,3.3458260984139616,3.3476497022181557,565.8991899048517,494.4314699757834,173.7190844995364,18
3.3499999999999996,3.3462434885725654,3.34788473199634,556.7779275472907,486.4621368579148,170.91904983876577,18
3.3499999999999996,3.3466191397153087,3.3480962587967062,584.0558750206071,510.29513734236815,179.29280287928123,18
3.3499999999999996,3.3469572257437776,3.3482866329170355,538.806852725869,470.7606389595096,165.4023098943687,18
3.3499999999999996,3.3472615031694,3.348457969625332,518.2385114475641,452.78988481351786,159.08826407086798,18
3.3499999999999996,3.34753535285246,3.348612172662799,432.3747174424769,377.7698765771196,132.7298950321555,18
3.3499999999999996,3.347781817567214,3.348750955396519,449.3878554369587,392.63441601731006,137.9525686277169,18
3.3499999999999996,3.3480036358104925,3.348875859856867,400.69474827298546,350.09078813754667,123.0048144183753,18
3.3499999999999996,3.3499999999999996,3.3499999999999996,391.26058146497684,341.7293115367719,120.16710287873241,19
3.3499999999999996,3.3499999999999996,3.3499999999999996,496.7463673053302,433.86122228834364,152.5647475171468,19
3.3499999999999996,3.3499999999999996,3.3499999999999996,427.5318311573205,373.40883606115204,131.307021387774,19
3.3499999999999996,3.3499999999999996,3.3499999999999996,548.6189409080027,479.1670356123178,168.49627035381397,19
3.3499999999999996,3.3499983753180036,3.3499999999999996,375.90592815827443,328.318466304833,115.45125801476694,19
3.3499999999999996,3.3499985377862034,3.3499999999999996,378.24422888890564,330.36075202616126,116.16941577910669,19
3.3499999999999996,3.1423176156060357,3.190037472870147,250.69588149595975,218.95926921119482,76.9957394384135,19
3.3499999999999996,3.1206951713623408,3.2060337255831324,349.89859306664283,305.60350564487464,107.4636756729523,19
3.3499999999999996,3.1314463232123737,3.220430353024819,368.33899644692127,321.70946328570835,113.12724096702377,19
3.3499999999999996,3.153301690891136,3.2333873177223373,377.05778951274965,329.32450884092697,115.80502695659848,19
3.3499999999999996,3.1729715218020225,3.2450485859501037,482.2648124555309,421.21294642504427,148.11705568741,19
3.3499999999999996,3.1906743696218203,3.2555437273550933,556.7899290495075,486.30362509883497,171.00581008036832,19
3.3499999999999996,3.2066069326596383,3.264989354619584,379.29939441408726,331.282339851665,116.49348671859119,19
3.3499999999999996,3.09538931416474,3.207272917404438,301.1490797139909,263.0253916591046,92.49133226845667,19
3.3499999999999996,3.120850382748266,3.2215456256639943,471.84075718732714,412.1085147522018,144.9155358278379,19
3.3499999999999996,3.1437653444734392,3.2343910630975947,399.7028644412123,349.10285154038144,122.75996486124595,19
3.3499999999999996,3.1643888100260953,3.2459519567878354,497.1433055273168,434.20791048477327,152.68665838273762,19
3.3499999999999996,3.182949929023486,3.256356761109052,419.1073219376547,366.0508197619065,128.71961822461375,19
3.3499999999999996,3.1996549361211373,3.265721084998147,472.6398882715565,412.80648057901436,145.16097140648128,19
3.3499999999999996,3.2146894425090236,3.2741489764983323,554.1003266541584,483.95451042076303,170.17975771768295,19
3.3499999999999996,3.2282204982581213,3.281734078848499,530.3270994768245,463.1908328586145,162.87833260278447,19
3.3499999999999996,3.2403984484323094,3.288560670963649,461.38083849286835,402.9727597502429,141.70300130377748,19
3.3499999999999996,3.2513586035890785,3.294704603867284,628.8195226815113,549.2146992223127,193.12811935027136,19
3.3499999999999996,3.261222743230171,3.3002341434805555,524.0699439967971,457.7257961652624,160.956584586459,19
3.3499999999999996,3.270100468907154,3.3052107291325,653.2994672754446,570.5956279660684,200.64659721346536,19
3.3499999999999996,3.2780904220164384,3.30968965621925,641.3820216626743,560.1868603123469,196.98641527630375,19
3.3499999999999996,3.2852813798147946,3.313720690597325,546.7504421743702,477.5350777405055,167.9224019648429,19
3.3499999999999996,3.291753241833315,3.3173486215375925,605.5957233404034,528.9308951897428,185.99543894017552,19
3.3499999999999996,3.2975779176499835,3.3206137593838334,622.006137983676,543.2638486323846,191.03553773402064,19
3.3499999999999996,3.302820125884985,3.32355238344545,641.6532601087613,560.4237615792636,197.0697202137282,19
3.3499999999999996,3.3075381132964865,3.326197145100905,566.5028975601186,494.7869893817422,173.9889352444272,19
3.3499999999999996,3.311784301966838,3.3285774305908147,461.546125359607,403.11712227959646,141.75376553830762,19
3.3499999999999996,3.3156058717701544,3.330719687531733,737.0891249517487,643.7780117482903,226.38075212491148,19
3.3499999999999996,3.319045284593139,3.33264771877856,678.500232861132,592.606126037588,208.38645942861461,19
3.3499999999999996,3.322140756133825,3.334382946900704,429.1089942629451,374.7863396682066,131.79141243084948,19
3.3499999999999996,3.3249266805204427,3.3359446522106335,429.77653661817544,375.36937511895496,131.99643341859257,19
3.3499999999999996,3.3274340124683985,3.3373501869895703,417.32826819600695,364.4969836763905,128.1732209024022,19
3.3499999999999996,3.3296906112215585,3.3386151682906133,655.9339444372774,572.8965959383636,201.45571907018882,19
3.3499999999999996,3.331721550099403,3.3397536514615522,559.8970333241845,489.0173883935751,171.96008898480602,19
3.3499999999999996,3.3335493950894626,3.340778286315397,461.25441206092927,402.86233815503687,141.66417219915232,19
3.3499999999999996,3.3351944555805164,3.3417004576838574,458.9771128463005,400.8733315194477,140.96474971200752,19
3.3499999999999996,3.3366750100224647,3.3425304119154715,434.62555972050086,379.6045406451604,133.48570447119062,19
3.3499999999999996,3.3379409064276837,3.3432773707239245,375.8653482935529,328.28302361039755,115.43879479968776,19
3.3499999999999996,3.3391468157849156,3.343949633651532,484.5536873020108,423.21206328612135,148.82003337589487,19
3.3499999999999996,3.340232134206424,3.344554670286379,496.17649483636876,433.3634922953226,152.3897236919788,19
3.3499999999999996,3.341208920785782,3.345099203257741,449.9671410503366,393.0039687350034,138.19753456427614,19
3.3499999999999996,3.3420880287072037,3.345589282931967,383.90520530706004,335.30508239227805,117.90806047744907,19
3.3499999999999996,3.3428792258364832,3.3460303546387706,412.56608699280594,360.33766637974406,126.71062143370656,19
3.3499999999999996,3.343591303252835,3.3464273191748934,550.2365075220588,480.57982788317855,168.99307044800358,19
3.3499999999999996,3.3442321729275513,3.346784587257404,441.38488818786954,385.5081782029131,135.56168390231088,19
3.3499999999999996,3.344808955634796,3.3471061285316637,515.6515421768473,450.3731141051382,158.37105717711793,19
3.3499999999999996,3.3453280600713167,3.3473955156784974,604.650588641718,528.1054089404457,185.7051615548433,19
3.3499999999999996,3.345795254064185,3.347655964110648,565.8991899048517,494.2597075364017,173.8035196841694,19
3.3499999999999996,3.3462157286577665,3.3478903676995833,556.7779275472907,486.29314291564486,171.00212408228947,19
3.3499999999999996,3.34659415579199,3.348101330929625,584.0558750206071,510.117863962907,179.3799471384056,19
3.3499999999999996,3.346934740212791,3.3482911978366623,538.806852725869,470.59709962064727,165.48270275744932,19
3.3499999999999996,3.347241266191512,3.348462078052996,518.2385114475641,452.63258840367024,159.16558802746417,19
3.3499999999999996,3.3475171395723606,3.3486158702476967,432.3747174424769,377.63864165485825,132.79440765162764,19
3.3499999999999996,3.347765425615125,3.348754283222927,449.3878554369587,392.4980172458411,138.0196196983361,19
3.3499999999999996,3.3479888830536124,3.3488788549006343,400.69474827298546,349.9691687596811,123.06460021707491,19
3.3499999999999996,3.3499999999999996,3.3499999999999996,391.26058146497684,341.7174264702047,120.17293498950102,20
3.3499999999999996,3.3499999999999996,3.3499999999999996,496.7463673053302,433.8461329491102,152.5721519937929,20
3.3499999999999996,3.3499999999999996,3.3499999999999996,427.5318311573205,373.3958492065758,131.31339415598657,20
3.3499999999999996,3.3499999999999996,3.3499999999999996,548.6189409080027,479.1503705738712,168.50444804046242,20
3.3499999999999996,3.349977441629213,3.3499999999999996,375.90592815827443,328.30704765651825,115.45686124983693,20
3.3499999999999996,3.349979697466292,3.3499999999999996,378.24422888890564,330.3492623488159,116.1750538687711,20
3.3499999999999996,3.1422857856784847,3.1900593861252373,250.69588149595975,218.9516539865061,76.99947629875508,20
3.3499999999999996,3.1206463278735854,3.206053447512714,349.89859306664283,305.59287700435374,107.4688912439789,20
3.3499999999999996,3.1313816421508887,3.2204481027614427,368.33899644692127,321.69827449312504,113.132731409786,20
3.3499999999999996,3.1532434779357996,3.2334032924852982,377.05778951274965,329.3130552032739,115.81064736125653,20
3.3499999999999996,3.1729191301422195,3.2450629632367685,482.2648124555309,421.19829698252295,148.1242443027197,20
3.3499999999999996,3.1906272171279975,3.2555566669130918,556.7899290495075,486.2867118556303,171.0141095633596,20
3.3499999999999996,3.206564495415198,3.2650010002217824,379.29939441408726,331.2708181222472,116.4991405365004,20
3.3499999999999996,3.0953348188873573,3.207311003372319,301.1490797139909,263.01624385063985,92.49582118166168,20
3.3499999999999996,3.1208013369986216,3.2215799030350873,471.84075718732714,412.09418195438377,144.9225690626983,20
3.3499999999999996,3.1437212032987594,3.2344219127315785,399.7028644412123,349.0907100281105,122.76592281226468,20
3.3499999999999996,3.1643490829688834,3.2459797214584207,497.1433055273168,434.1928090880072,152.69406877612516,20
3.3499999999999996,3.182914174671995,3.256381749312579,419.1073219376547,366.0380888131322,128.72586541751085,20
3.3499999999999996,3.1996227572047955,3.265743574381321,472.6398882715565,412.79212350651443,145.1680165531498,20
3.3499999999999996,3.214660481484316,3.274169216943189,554.1003266541584,483.9376788778498,170.18801710959468,20
3.3499999999999996,3.2281944333358843,3.28175229524887,530.3270994768245,463.17472345946135,162.88623763215426,20
3.3499999999999996,3.240374990002296,3.288577065723983,461.38083849286835,402.9587446865281,141.70987862360997,20
3.3499999999999996,3.251337491002066,3.2947193591515846,628.8195226815113,549.1955979832923,193.13749250280304,20
3.3499999999999996,3.2612037419018596,3.300247423236426,524.0699439967971,457.7098768356256,160.96439634698038,20
3.3499999999999996,3.2700833677116736,3.3052226809127836,653.2994672754446,570.5757831157955,200.65633526283366,20
3.3499999999999996,3.2780750309405065,3.3097004128215053,641.3820216626743,560.1673774705183,196.99597568482048,20
3.3499999999999996,3.285267527846456,3.313730371539355,546.7504421743702,477.5184694602221,167.93055179974212,20
3.3499999999999996,3.2917407750618106,3.3173573343854192,605.5957233404034,528.9124994048728,186.00446591990922,20
3.3499999999999996,3.2975666975556295,3.320621600946877,622.006137983676,543.2449543590911,191.04480932657893,20
3.3499999999999996,3.3028100278000667,3.3235594408521894,641.6532601087613,560.4042704982022,197.0792846653117,20
3.3499999999999996,3.30752902502006,3.3262034967669702,566.5028975601186,494.76978109405115,173.9973795084441,20
3.3499999999999996,3.311776122518054,3.3285831470902734,461.546125359607,403.10310219507073,141.76064532189793,20
3.3499999999999996,3.3155985102662484,3.330724832381246,737.0891249517487,643.755621674434,226.39173913874998,20
3.3499999999999996,3.3190386592396237,3.3326523491431215,678.500232861132,592.585515680155,208.39657311934144,20
3.3499999999999996,3.3221347933156613,3.3343871142288095,429.1089942629451,374.77330490517915,131.79780870817683,20
3.3499999999999996,3.3249213139840954,3.3359484028059287,429.77653661817544,375.3563200784304,132.00283964627306,20
3.3499999999999996,3.327429182585686,3.337353562525336,417.32826819600695,364.48430676876717,128.17944157681276,20
3.3499999999999996,3.3296862643271177,3.3386182062728023,655.9339444372774,572.8766710623023,201.4654963889427,20
3.3499999999999996,3.331717637894406,3.339756385645522,559.8970333241845,489.00038076789787,171.9684347821391,20
3.3499999999999996,3.3335458741049653,3.34078074708097,461.25441206092927,402.8483269316951,141.67104763447867,20
3.3499999999999996,3.3351912866944686,3.341702672372873,458.9771128463005,400.8593894721334,140.97159120202508,20
3.3499999999999996,3.3366721580250216,3.342532405135586,434.62555972050086,379.5913383090351,133.4921829781683,20
3.3499999999999996,3.3379174070711435,3.3432791646220275,375.8653482935529,328.2716061947508,115.44439742987635,20
3.3499999999999996,3.339125666364029,3.343951248159825,484.5536873020108,423.1973443159471,148.82725610905925,20
3.3499999999999996,3.340213099727626,3.3445561233438426,496.17649483636876,433.34842026673203,152.39711967413425,20
3.3499999999999996,3.3411917897548635,3.3451005110094583,449.9671410503366,392.9903003777046,138.20424175210218,20
3.3499999999999996,3.3420726107793772,3.3455904599085127,383.90520530706004,335.2934207551577,117.91378294934643,20
3.3499999999999996,3.3428653497014396,3.3460314139176615,412.56608699280594,360.32513412978193,126.7167711232809,20
3.3499999999999996,3.3435788147312957,3.346428272525895,550.2365075220588,480.5631137089699,169.00127224601948,20
3.3499999999999996,3.3442209332581663,3.3467854452733055,441.38488818786954,385.4947705430916,135.56826316350256,20
3.3499999999999996,3.34479883993235,3.347106900745975,515.6515421768473,450.35745049578276,158.37874345336047,20
3.3499999999999996,3.3453189559391148,3.3473962106713775,604.650588641718,528.0870418653138,185.71417444644624,20
3.3499999999999996,3.345787060345203,3.34765658960424,565.8991899048517,494.24251758714297,173.81195494934994,20
3.3499999999999996,3.346208354310683,3.347890930643816,556.7779275472907,486.276230037002,171.010423386387,20
3.3499999999999996,3.346587518879615,3.3481018375794345,584.0558750206071,510.10012247990966,179.38865304623155,20
3.3499999999999996,3.3469287669916534,3.348291653821491,538.806852725869,470.5807326375806,165.49073418559934,20
3.3499999999999996,3.347235890292488,3.348462488439342,518.2385114475641,452.61684621164255,159.17331286494198,20
3.3499999999999996,3.3475123012632393,3.3486162395954078,432.3747174424769,377.62550769109555,132.80085260766228,20
3.3499999999999996,3.3477610711369152,3.348754615635867,449.3878554369587,392.484366485122,138.02631825135964,20
3.3499999999999996,3.3479849640232238,3.3488791540722804,400.69474827298546,349.9569971176044,123.07057295306471,20
3.3499999999999996,3.3499999999999996,3.3499999999999996,391.26058146497684,341.71623786871015,120.17351814358555,21
3.3499999999999996,3.3499999999999996,3.3499999999999996,496.7463673053302,433.84462389478017,152.57289236909978,21
3.3499999999999996,3.3499999999999996,3.3499999999999996,427.5318311573205,373.3945504174884,131.31403137053218,21
3.3499999999999996,3.3499999999999996,3.3499999999999996,548.6189409080027,479.1487039370465,168.50526572921365,21
3.3499999999999996,3.349975348073268,3.3499999999999996,375.90592815827443,328.3059057005707,115.45742151858825,21
3.3499999999999996,3.3499778132659412,3.3499999999999996,378.24422888890564,330.3481132893985,116.17561762264127,21
3.3499999999999996,3.142282602401293,3.190061577207364,250.69588149595975,218.9508924032709,76.99984994827209,21
3.3499999999999996,3.120641443088238,3.2060554194866278,349.89859306664283,305.5918140554896,107.46941275011419,21
3.3499999999999996,3.1313751734667417,3.220449877537965,368.33899644692127,321.69715552458484,113.13328040040876,21
3.3499999999999996,3.1532376561200675,3.2334048897841683,377.05778951274965,329.31190974811324,115.81120934679888,21
3.3499999999999996,3.172913890508061,3.2450644008057514,482.2648124555309,421.19683192137427,148.12496309400245,21
3.3499999999999996,3.1906225014572547,3.2555579607251763,556.7899290495075,486.28502039634924,171.0149394305549,21
3.3499999999999996,3.2065602513115294,3.2650021646526586,379.29939441408726,331.2696658573668,116.49970586304136,21
3.3499999999999996,3.095329368872642,3.2073148115461008,301.1490797139909,263.0153289967977,92.49627002911588,21
3.3499999999999996,3.120796431985378,3.221583330391491,471.84075718732714,412.0927485602322,144.92327231745446,21
3.3499999999999996,3.1437167887868402,3.234424997352342,399.7028644412123,349.08949577999925,122.76651854914452,21
3.3499999999999996,3.1643451099081563,3.2459824976171077,497.1433055273168,434.19129882782784,152.69480974304835,21
3.3499999999999996,3.1829105989173407,3.256384247855397,419.1073219376547,366.03681561666707,128.72649007575203,21
3.3499999999999996,3.1996195390256066,3.265745823069857,472.6398882715565,412.79068768470097,145.16872099897037,21
3.3499999999999996,3.214657585123046,3.2741712407628714,554.1003266541584,483.9359955892499,170.1888429680738,21
3.3499999999999996,3.2281918266107414,3.2817541166865842,530.3270994768245,463.1731123909998,162.88702805784206,21
3.3499999999999996,3.240372643949667,3.288578705017926,461.38083849286835,402.95734306832225,141.71056628838699,21
3.3499999999999996,3.2513353795547006,3.2947208345161334,628.8195226815113,549.1936877069703,193.13842972646032,21
3.3499999999999996,3.2612018415992305,3.30024875106452,524.0699439967971,457.7082847756323,160.96517744669478,21
3.3499999999999996,3.2700816574393077,3.305223875958068,653.2994672754446,570.5737984724146,200.65730897260877,21
3.3499999999999996,3.278073491695377,3.3097014883622613,641.3820216626743,560.1654290308704,196.99693163224634,21
3.3499999999999996,3.285266142525839,3.313731339526035,546.7504421743702,477.5168084996664,167.93136670359058,21
3.3499999999999996,3.291739528273255,3.3173582055734316,605.5957233404034,528.9106596795951,186.00536852966954,21
3.3499999999999996,3.2975655754459297,3.3206223850160885,622.006137983676,543.2430647809933,191.0457363952313,21
3.3499999999999996,3.3028090179013367,3.3235601465144797,641.6532601087613,560.4023212345654,197.08024101700477,21
3.3499999999999996,3.307528116111203,3.3262041318630318,566.5028975601186,494.76806012796715,173.99822385232713,21
3.3499999999999996,3.311775304500083,3.3285837186767284,461.546125359607,403.1017000747438,141.76133323302665,21
3.3499999999999996,3.3155977740500746,3.3307253468090554,737.0891249517487,643.753382488385,226.392837732767,21
3.3499999999999996,3.319037996645067,3.33265281212815,678.500232861132,592.5834544799496,208.3975843895816,21
3.3499999999999996,3.3221341969805604,3.3343875309153352,429.1089942629451,374.7720013248644,131.79844827340418,21
3.3499999999999996,3.3249207772825042,3.335948777823802,429.77653661817544,375.3550144702042,132.0034802064385,21
3.3499999999999996,3.327428699554254,3.3373539000414216,417.32826819600695,364.4830389768485,128.1800635834644,21
3.3499999999999996,3.3296858295988288,3.3386185100372794,655.9339444372774,572.8746784157041,201.46647402527265,21
3.3499999999999996,3.331717246638946,3.3397566590335517,559.8970333241845,488.99867986961635,171.969269280316,21
3.3499999999999996,3.3335455219750516,3.3407809931301964,461.25441206092927,402.8469256975572,141.67173511082348,21
3.3499999999999996,3.3351909697775466,3.341702893817177,458.9771128463005,400.8579951561503,140.97227528417068,21
3.3499999999999996,3.336671872799792,3.3425326044354593,434.62555972050086,379.5900179700734,133.49283076555713,21
3.3499999999999996,3.337915056925497,3.3432793439919135,375.8653482935529,328.27046436207985,115.44495763814542,21
3.3499999999999996,3.339123551232947,3.343951409592722,484.5536873020108,423.1958723014783,148.82797831179397,21
3.3499999999999996,3.3402111961096526,3.34455626863345,496.17649483636876,433.34691294360454,152.39785920007512,21
3.3499999999999996,3.3411900764986875,3.345100641770105,449.9671410503366,392.9889334329069,138.20491240534108,21
3.3499999999999996,3.342071068848819,3.3455905775930947,383.90520530706004,335.2922544983906,117.9143551406153,21
3.3499999999999996,3.342863961963937,3.3460315198337853,412.56608699280594,360.3238808047836,126.71738603214266,21
3.3499999999999996,3.3435775657675433,3.346428367850407,550.2365075220588,480.5614421581769,169.00209234567188,21
3.3499999999999996,3.344219809190789,3.3467855310653665,441.38488818786954,385.4934296701218,135.56892102532817,21
3.3499999999999996,3.34479782827171,3.34710697795883,515.6515421768473,450.35588400985813,158.37951200587327,21
3.3499999999999996,3.345318045444539,3.347396280162947,604.650588641718,528.085205011239,185.71507564753114,21
3.3499999999999996,3.345786240900085,3.3476566521466524,565.8991899048517,494.24079845504843,173.8127983934373,21
3.3499999999999996,3.3462076168100765,3.3478909869319873,556.7779275472907,486.2745386141801,171.01125323569465,21
3.3499999999999996,3.3465868551290687,3.3481018882387885,584.0558750206071,510.0983481900403,179.38952355193868,21
3.3499999999999996,3.3469281696161617,3.3482916994149097,538.806852725869,470.5790958086721,165.49153724992996,21
3.3499999999999996,3.3472353526545455,3.348462529473419,518.2385114475641,452.6152718668238,159.17408527320146,21
3.3499999999999996,3.347511817389091,3.348616276526077,432.3747174424769,377.62419418991567,132.80149704028466,21
3.3499999999999996,3.347760635650182,3.348754648873469,449.3878554369587,392.48300130012285,138.02698804120266,21
3.3499999999999996,3.3479845720851635,3.3488791839861225,400.69474827298546,349.95577985627204,123.0711701682972,21
3.3499999999999996,3.3499999999999996,3.3499999999999996,391.26058146497684,341.71611900761206,120.1735764584242,22
3.3499999999999996,3.3499999999999996,3.3499999999999996,496.7463673053302,433.8444729881429,152.57296640590704,22
3.3499999999999996,3.3499999999999996,3.3499999999999996,427.5318311573205,373.3944205375433,131.31409509136404,22
3.3499999999999996,3.3499999999999996,3.3499999999999996,548.6189409080027,479.1485372720341,168.5053474972898,22
3.3499999999999996,3.3499751387158025,3.3499999999999996,375.90592815827443,328.3057915040647,115.45747754491592,22
3.3499999999999996,3.349977624844222,3.3499999999999996,378.24422888890564,330.34799838253986,116.1756739974774,22
3.3499999999999996,3.1422822840707294,3.1900617963131435,250.69588149595975,218.95081624433968,76.99988731285863,22
3.3499999999999996,3.1206409546053386,3.2060556166818293,349.89859306664283,305.5917077597549,107.46946490021809,22
3.3499999999999996,3.131374526592547,3.2204500550136466,368.33899644692127,321.6970436268378,113.13333529893458,22
3.3499999999999996,3.1532370739332922,3.233405049512282,377.05778951274965,329.31179520168325,115.81126554480399,22
3.3499999999999996,3.172913366539963,3.2450645445610538,482.2648124555309,421.1966854140904,148.1250349724283,22
3.3499999999999996,3.190622029885967,3.2555580901049486,556.7899290495075,486.2848512490714,171.0150224164635,22
3.3499999999999996,3.20655982689737,3.265002281094454,379.29939441408726,331.2695506299593,116.49976239514301,22
3.3499999999999996,3.0953288238663004,3.2073151923592502,301.1490797139909,263.01523751068345,92.49631491342267,22
3.3499999999999996,3.1207959414796704,3.2215836731233254,471.84075718732714,412.0926052196733,144.9233426422429,22
3.3499999999999996,3.1437163473317034,3.234425305810993,399.7028644412123,349.0893743542192,122.76657812225037,22
3.3499999999999996,3.164344712598533,3.2459827752298938,497.1433055273168,434.1911478006047,152.69488383901663,22
3.3499999999999996,3.18291024133868,3.2563844977069043,419.1073219376547,366.0366882960046,128.72655254096574,22
3.3499999999999996,3.1996192172048117,3.2657460479362137,472.6398882715565,412.7905441013739,145.1687914428641,22
3.3499999999999996,3.2146572954843307,3.2741714431425923,554.1003266541584,483.93582725904656,170.1889255531147,22
3.3499999999999996,3.2281915659358975,3.281754298828333,530.3270994768245,463.17295128286804,162.88710709963843,22
3.3499999999999996,3.240372409342308,3.2885788689455,461.38083849286835,402.95720290538327,141.71063505419272,22
3.3499999999999996,3.251335168408077,3.2947209820509498,628.8195226815113,549.1934966778138,193.13852344791022,22
3.3499999999999996,3.2612016515672693,3.300248883845855,524.0699439967971,457.70812556836256,160.96525555590293,22
3.3499999999999996,3.2700814864105423,3.3052239954612697,653.2994672754446,570.5736000064928,200.65740634263483,22
3.3499999999999996,3.278073337769488,3.3097015959151426,641.3820216626743,560.165234185351,196.99702722605485,22
3.3499999999999996,3.285266003992539,3.3137314363236285,546.7504421743702,477.51664240228547,167.93144819317916,22
3.3499999999999996,3.291739403593285,3.317358292691266,605.5957233404034,528.9104757055993,186.0054587897635,22
3.3499999999999996,3.2975654632339566,3.3206224634221395,622.006137983676,543.2428758216757,191.04582910119066,22
3.3499999999999996,3.302808916910561,3.3235602170799257,641.6532601087613,560.4021263066461,197.08033665123955,22
3.3499999999999996,3.3075280252195047,3.326204195371933,566.5028975601186,494.76788802998533,173.99830828589035,22
3.3499999999999996,3.311775222697554,3.3285837758347396,461.546125359607,403.10155986159225,141.7614020234673,22
3.3499999999999996,3.3155977004277988,3.330725398251266,737.0891249517487,643.7531585679931,226.39294759109524,22
3.3499999999999996,3.319037930385019,3.3326528584261395,678.500232861132,592.5832483582844,208.39768551561738,22
3.3499999999999996,3.322134137346517,3.3343875725835255,429.1089942629451,374.77187096579263,131.79851222930196,22
3.3499999999999996,3.324920723611865,3.335948815325173,429.77653661817544,375.3548839083397,132.00354426182906,22
3.3499999999999996,3.3274286512506785,3.3373539337926554,417.32826819600695,364.482912196645,128.18012578352176,22
3.3499999999999996,3.329685786125611,3.33861854041339,655.9339444372774,572.8744791494541,201.4665717879503,22
3.3499999999999996,3.3317172075130497,3.339756686372051,559.8970333241845,488.9985097784308,171.96935272931822,22
3.3499999999999996,3.3335454867617447,3.3407810177348463,461.25441206092927,402.8467855730253,141.67180385778622,22
3.3499999999999996,3.3351909380855704,3.3417029159613616,458.9771128463005,400.85785572343934,140.9723436917168,22
3.3499999999999996,3.3366718442770136,3.3425326243652256,434.62555972050086,379.58988593512356,133.49289554366302,22
3.3499999999999996,3.3379148219088317,3.343279361928703,375.8653482935529,328.2703501779016,115.4450136584249,22
3.3499999999999996,3.3391233397179487,3.3439514257358325,484.5536873020108,423.1957250988569,148.82805053136178,22
3.3499999999999996,3.340211005746154,3.344556283162249,496.17649483636876,433.34676221008897,152.39793315194652,22
3.3499999999999996,3.3411899051715386,3.345100654846024,449.9671410503366,392.9887967373364,138.20497947000965,22
3.3499999999999996,3.3420709146543848,3.3455905893614215,383.90520530706004,335.2921378717833,117.91441235918305,22
3.3499999999999996,3.3428638231889463,3.3460315304252792,412.56608699280594,360.3237554712836,126.71744752242795,22
3.3499999999999996,3.343577440870052,3.3464283773827512,550.2365075220588,480.5612750017638,169.00217435483574,22
3.3499999999999996,3.3442196967830466,3.3467855396444763,441.38488818786954,385.4932955817549,135.56898681086787,22
3.3499999999999996,3.344797727104742,3.347106985680029,515.6515421768473,450.3557273600158,158.37958886037353,22
3.3499999999999996,3.3453179543942677,3.347396287112026,604.650588641718,528.0850213243658,185.715165766759,22
3.3499999999999996,3.3457861589548408,3.3476566584008234,565.8991899048517,494.2406265404671,173.81288273702185,22
3.3499999999999996,3.3462075430593567,3.347890992560741,556.7779275472907,486.27436947054815,171.01133621981452,22
3.3499999999999996,3.346586788753421,3.348101893304667,584.0558750206071,510.0981707596376,179.38961060165872,22
3.3499999999999996,3.346928109878079,3.3482917039742004,538.806852725869,470.5789321244752,165.49161755557827,22
3.3499999999999996,3.347235298890271,3.3484625335767806,518.2385114475641,452.61511443108566,159.17416251327265,22
3.3499999999999996,3.347511769001244,3.3486162802191024,432.3747174424769,377.6240628387495,132.80156148291718,22
3.3499999999999996,3.3477605921011198,3.3487546521971923,449.3878554369587,392.4828647805335,138.0270550195325,22
3.3499999999999996,3.3479845328910076,3.348879186977473,400.69474827298546,349.9556581291675,123.07122988923685,22
3.3499999999999996,3.3499999999999996,3.3499999999999996,391.26058146497684,341.7161058008129,120.17358293784427,23
3.3499999999999996,3.3499999999999996,3.3499999999999996,496.7463673053302,433.84445622072525,152.57297463221082,23
3.3499999999999996,3.3499999999999996,3.3499999999999996,427.5318311573205,373.39440610642663,131.31410217144946,23
3.3499999999999996,3.3499999999999996,3.3499999999999996,548.6189409080027,479.14851875368447,168.5053565826225,23
3.3499999999999996,3.349975115453841,3.3499999999999996,375.90592815827443,328.3057788155538,115.45748377005728,23
3.3499999999999996,3.349977603908457,3.3499999999999996,378.24422888890564,330.3479856151008,116.17568026134185,23
3.3499999999999996,3.1422822487006346,3.1900618206582028,250.69588149595975,218.95080778222936,76.99989146447527,23
3.3499999999999996,3.1206409003294113,3.2060556385923826,349.89859306664283,305.5916959491083,107.46947069466836,23
3.3499999999999996,3.1313744547175713,3.2204500747331446,368.33899644692127,321.69703119374486,113.13334139876473,23
3.3499999999999996,3.153237009245814,3.23340506725983,377.05778951274965,329.3117824742918,115.81127178902057,23
3.3499999999999996,3.172913308321233,3.245064560533847,482.2648124555309,421.1966691354902,148.12504295891216,23
3.3499999999999996,3.19062197748911,3.2555581044804622,556.7899290495075,486.28483245491424,171.0150316371109,23
3.3499999999999996,3.206559779740199,3.265002294032416,379.29939441408726,331.2695378269037,116.49976867648145,23
3.3499999999999996,3.0953287633099857,3.2073152346717744,301.1490797139909,263.01522734555147,92.49631990056292,23
3.3499999999999996,3.1207958869789874,3.221583711204597,471.84075718732714,412.0925892929316,144.92335045610054,23
3.3499999999999996,3.1437162982810887,3.234425340084137,399.7028644412123,349.0893608624549,122.76658474147777,23
3.3499999999999996,3.16434466845298,3.2459828060757236,497.1433055273168,434.1911310197886,152.69489207189386,23
3.3499999999999996,3.182910201607682,3.2563845254681514,419.1073219376547,366.036674149253,128.72655948153817,23
3.3499999999999996,3.1996191814469137,3.265746072921336,472.6398882715565,412.790528147658,145.16879926995563,23
3.3499999999999996,3.2146572633022226,3.2741714656292027,554.1003266541584,483.9358085556756,170.18893472922127,23
3.3499999999999996,3.2281915369720005,3.2817543190662826,530.3270994768245,463.17293338195014,162.88711588205157,23
3.3499999999999996,3.2403723832748006,3.2885788871596544,461.38083849286835,402.9571873317107,141.71064269483026,23
3.3499999999999996,3.2513351449473205,3.294720998443689,628.8195226815113,549.1934754523348,193.13853386139434,23
3.3499999999999996,3.2612016304525886,3.30024889859932,524.0699439967971,457.7081078786516,160.96526423469524,23
3.3499999999999996,3.27008146740733,3.3052240087393883,653.2994672754446,570.5735779547059,200.65741716151592,23
3.3499999999999996,3.278073320666597,3.3097016078654495,641.3820216626743,560.1652125358313,196.99703784757858,23
3.3499999999999996,3.2852659885999373,3.3137314470789048,546.7504421743702,477.51662394700617,167.9314572475689,23
3.3499999999999996,3.2917393897399436,3.3173583023710145,605.5957233404034,528.9104552640276,186.00546881865296,23
3.3499999999999996,3.297565450765949,3.320622472133913,622.006137983676,543.2428548261792,191.04583940184253,23
3.3499999999999996,3.3028089056893544,3.323560224920522,641.6532601087613,560.4021046479711,197.08034727725504,23
3.3499999999999996,3.307528015120419,3.3262042024284697,566.5028975601186,494.76786890797206,173.99831766738808,23
3.3499999999999996,3.311775213608377,3.3285837821856226,461.546125359607,403.10154428234057,141.761409666842,23
3.3499999999999996,3.3155976922475396,3.3307254039670604,737.0891249517487,643.7531336879298,226.39295979756403,23
3.3499999999999996,3.3190379230227856,3.3326528635703543,678.500232861132,592.5832254558586,208.39769675183248,23
3.3499999999999996,3.322134130720507,3.334387577213319,429.1089942629451,374.7718564814397,131.79851933550577,23
3.3499999999999996,3.3249207176484563,3.335948819491987,429.77653661817544,375.3548694014541,132.00355137908767,23
3.3499999999999996,3.327428645883611,3.337353937542788,417.32826819600695,364.48289810994436,128.1801326946324,23
3.3499999999999996,3.32968578129525,3.338618543788509,655.9339444372774,572.874457008742,201.4665826504593,23
3.3499999999999996,3.331717203165725,3.339756689409658,559.8970333241845,488.99849087939504,171.9693620014204,23
3.3499999999999996,3.3335454828491526,3.3407810204686923,461.25441206092927,402.8467700036203,141.67181149633004,23
3.3499999999999996,3.3351909345642374,3.341702918421823,458.9771128463005,400.8578402309034,140.97235129254773,23
3.3499999999999996,3.3366718411078136,3.342532626579641,434.62555972050086,379.5898712645618,133.49290274122322,23
3.3499999999999996,3.3379147957958457,3.3432793639216767,375.8653482935529,328.2703374907605,115.44501988289423,23
3.3499999999999996,3.339123316216261,3.3439514275295092,484.5536873020108,423.19570874299677,148.8280585557502,23
3.3499999999999996,3.340210984594635,3.344556284776558,496.17649483636876,433.34674546190706,152.397941368813,23
3.3499999999999996,3.3411898861351714,3.3451006562989023,449.9671410503366,392.9887815489274,138.2049869216321,23
3.3499999999999996,3.3420708975216544,3.345590590669012,383.90520530706004,335.2921249132609,117.91441871679537,23
3.3499999999999996,3.342863807769489,3.3460315316021108,412.56608699280594,360.3237415453279,126.7174543546751,23
3.3499999999999996,3.3435774269925402,3.3464283784418996,550.2365075220588,480.5612564288139,169.002183466956,23
3.3499999999999996,3.3442196842932863,3.34678554059771,441.38488818786954,385.49328068303544,135.56899412036506,23
3.3499999999999996,3.3447977158639577,3.347106986537939,515.6515421768473,450.35570995446363,158.379597399754,23
3.3499999999999996,3.345317944277562,3.3473962878841452,604.650588641718,528.0850009146968,185.71517577999663,23
3.3499999999999996,3.345786149849806,3.3476566590957306,565.8991899048517,494.24060743883166,173.81289210852196,23
3.3499999999999996,3.3462075348648255,3.347890993186158,556.7779275472907,486.2743506767962,171.01134544026317,23
3.3499999999999996,3.3465867813783428,3.348101893867542,584.0558750206071,510.0981510451325,179.38962027384025,23
3.3499999999999996,3.3469281032405087,3.3482917044807876,538.806852725869,470.5789139373276,165.49162647841928,23
3.3499999999999996,3.3472352929164577,3.3484625340327088,518.2385114475641,452.6150969382116,159.1741710954943,23
3.3499999999999996,3.347511763624812,3.3486162806294377,432.3747174424769,377.6240482441638,132.80156864320256,23
3.3499999999999996,3.347760587262331,3.348754652566494,449.3878554369587,392.482849611678,138.02706246156177,23
3.3499999999999996,3.347984528536098,3.3488791873098447,400.69474827298546,349.9556446039228,123.07123652489025,23
