3.3499999999999996,1.9255267130284295,3.3499999999999996,228.71716426275802,216.29900166116235,157.1092082978135,1
3.3499999999999996,1.8909978500941562,3.3499999999999996,211.88097712922573,200.3769326703983,145.54418194822003,1
3.3499999999999996,1.7605838963707565,3.3499999999999996,153.227851903757,144.908369690135,105.25448135635949,1
3.3499999999999996,1.6629861654470564,3.3499999999999996,166.77474353081038,157.71973495862585,114.56004189565303,1
3.3499999999999996,1.6326519994918276,3.3499999999999996,201.46181028053726,190.52347285343714,138.38710189261175,1
3.3499999999999996,1.5797070716480004,3.3499999999999996,189.6796242325973,179.38099875111,130.29374375757124,1
3.3499999999999996,1.5172497475554567,3.3499999999999996,178.91755269397314,169.20325220063185,122.90111739073154,1
3.3499999999999996,1.5000473264332093,3.3499999999999996,200.7899136259071,189.88805672240724,137.92556612721714,1
3.3499999999999996,1.5219188350929265,3.3499999999999996,218.55808323127334,206.69150634270628,150.13078504289658,1
3.3499999999999996,1.4788609091529377,3.3499999999999996,188.92290899808515,178.66536925170462,129.77394485317194,1
3.3499999999999996,1.5194461244828832,3.3499999999999996,226.6935606537705,214.3852692930963,155.71916500158156,1
3.3499999999999996,1.4547110362938582,3.3499999999999996,172.95129080193973,163.56092756332004,118.80280371420346,1
3.3499999999999996,1.5737694423714876,3.3499999999999996,262.41810545626385,248.17015553233597,180.25888404195706,1
3.3499999999999996,1.5517571674560486,3.3499999999999996,201.1821872524735,190.25903191387485,138.1950246923608,1
3.3499999999999996,1.5808500696513301,3.3499999999999996,224.6192003823562,212.4235360876381,154.29425620203062,1
3.3499999999999996,1.6114708253628796,3.3499999999999996,226.80956432588914,214.4949745640109,155.79884964241273,1
3.3499999999999996,1.6678975696538114,3.3499999999999996,241.12369112525988,228.03191809133736,165.631435387224,1
3.3499999999999996,1.5673345378808186,3.3499999999999996,158.3261179657696,149.72982619503216,108.75655583894715,1
3.3499999999999996,1.5522984256415364,3.3499999999999996,204.14433057265177,193.0603461265492,140.22976481953032,1
3.3499999999999996,1.6310723307389143,3.3499999999999996,248.47219704307523,234.98143803160107,170.67923296132045,1
3.3499999999999996,1.5021944741331115,3.260956287726376,130.07171151751734,123.00948831840176,89.34818549508503,1
3.3499999999999996,1.4541353468731786,3.2698606589537382,183.7662323670786,173.78867357050606,126.23174728546101,1
3.3499999999999996,1.3585426465839825,3.2605270748083184,147.34107791486485,139.34121717271634,101.21076909801546,1
3.3499999999999996,1.3865718284255169,3.2694743673274864,214.69278053880123,203.03606965436302,147.4756513636942,1
3.3499999999999996,1.3074581559627196,3.2775269305947377,153.8035086000052,145.45277119624583,105.64990846866395,1
3.3499999999999996,1.206097659870363,3.1707571536253942,124.30910143135522,117.5597582440666,85.38976326086295,1
3.3499999999999996,1.1172638032353985,3.0869889593585413,127.136689057963,120.23382244347265,87.33207508884051,1
3.304410745155214,1.0184943312294492,2.918768967702826,104.29445226298589,98.6318013166922,71.641404254503,1
3.3089696706396925,1.0393261898491875,2.961892070932543,195.3145629885015,184.70998939006196,134.1644666637442,1
3.3130727035757235,0.9749951989406006,2.9393556128022604,136.6153654222828,129.1978555595717,93.84311829851697,1
3.3167654332181513,0.9227500347791731,2.9482152464891227,143.67403156793887,135.87327253269765,98.6918206394946,1
3.3200888898963363,0.9521937008319444,2.9883937218402106,194.87277709518688,184.29219019261228,133.86099738910738,1
3.3230800009067027,0.9370460288375753,3.0245543496561895,167.9036733631465,158.7873697225794,115.33552052120275,1
3.3257720008160323,1.0624233700553871,3.0570989146905707,241.79361942486346,228.66547273886843,166.09161906039205,1
3.3281948007344293,1.0907774211435066,3.0863890232215136,200.82429182209944,189.92056835982314,137.9491810194527,1
3.3303753206609863,1.1591825314167714,3.112750120899362,221.29001055794566,209.27510410317527,152.00738639375783,1
3.3323377885948875,1.1521016808930769,3.136475108809426,188.7021679331553,178.45661328831264,129.62231454566208,1
3.3341040097353987,1.2153118956154343,3.1578275979284833,221.74849594389244,209.70869609692076,152.32232679726624,1
3.3356936087618587,1.1915135577311662,3.177044838135635,180.52935900536036,170.7275457408565,124.00829102296733,1
3.337124247885673,1.1320174189944159,3.1943403543220716,153.87856326746518,145.52375078229454,105.70146463158555,1
3.338411823097106,1.152123479121902,3.2099063188898644,200.22473342414898,189.35356289115936,137.5373354741744,1
3.3395706407873953,1.206381000310841,3.223915687000878,217.39073719125375,205.58754117304693,149.32891775519985,1
3.3406135767086558,1.257051040875122,3.2365241183007902,218.2822121971601,206.4306136831708,149.94128514287138,1
3.34155221903779,1.3576152648172166,3.247871706470711,244.99913188055507,231.69694239797096,168.2935330519625,1
3.3423969971340113,1.3577101004737422,3.2580845358236403,201.4114041989335,190.47580356213717,138.3524772084535,1
3.34315729742061,1.3417568316549338,3.2672760822412763,194.00183414607483,183.46853495447573,133.2627337754052,1
3.343841567678549,1.2801630610867967,3.2755484740171488,162.68753536169527,153.85444111672896,111.75247805728576,1
3.344457410910694,1.2054998733850282,3.2749974824508943,149.67286151946863,141.54639695181783,102.81250579854678,1
3.3450116698196246,1.1773360175520493,3.282497734205805,176.65876920871668,167.06710901083434,121.34952555358754,1
3.345510502837662,1.126080435385081,3.2892479607852243,158.4974502034766,149.8918559757347,108.87424649110616,1
3.345959452553896,1.073761712046163,3.295323164706702,154.3049582460016,145.92699471227266,105.99436165886357,1
3.346363507298506,1.0293220096564824,3.3007908482360317,156.09137332069875,147.61641666035845,107.22147663723274,1
3.3467271565686554,1.0162038932084108,3.3057117634124284,174.8117584935414,165.32038145307695,120.08078653212344,1
3.3470544409117897,1.0804261774766315,3.3101405870711855,215.63706903630182,203.9290881558291,148.1242971211093,1
3.3473489968206107,1.0530253957739122,3.314126528364067,168.30410770557918,159.16606254512388,115.61058480296596,1
3.3476140971385497,1.0551499942879246,3.3177138755276605,187.65420154073664,177.46554606699033,128.90245090636623,1
3.347852687424695,1.0337080091323878,3.3209424879748943,170.7240552875991,161.4546194522999,117.2728826456262,1
3.3480674186822257,0.9997382245226696,3.323848239177405,160.49715284729743,151.7829850777934,110.24787186030144,1
3.3482606768140033,0.9384747812683859,3.2605213608121884,135.51867202353938,128.1607069570992,93.0897833567455,1
3.348434609132603,0.9186882004029282,3.2694692247309693,163.71102821726663,154.8223635880529,112.45553046157558,1
3.3499999999999996,1.9039043127271391,3.3499999999999996,225.52529734883962,217.7051405737738,152.49980036389525,2
3.3499999999999996,1.8694565536019585,3.3499999999999996,208.9240679581653,201.67956375077173,141.2740789143095,2
3.3499999999999996,1.7401232462833858,3.3474013697844116,151.08947758297137,145.8504050015304,102.16643294276942,2
3.3499999999999996,1.6434516486258106,3.3476612328059705,164.44731529572755,158.74505571789362,111.1989787743695,2
3.3499999999999996,1.6130416126946177,3.3478951095253735,198.65030599870815,191.76204754350792,134.32697955906522,2
3.3499999999999996,1.5606923425010872,3.348105598572836,187.03254648141913,180.5471372935438,126.47107147296764,2
3.3499999999999996,1.4989765049485448,3.3482950387155523,176.4206652452154,170.3032261960386,119.29533647103896,2
3.3499999999999996,1.4815754732573536,3.348465534843997,197.98778601114364,191.1225006335993,133.87898473529876,2
3.3499999999999996,1.5031804934499498,3.3486189813595972,215.5079915738152,208.0351878564567,145.72611621921857,2
3.3499999999999996,1.460804422341218,3.3487570832236377,186.28639160134335,179.82685555590157,125.96652288533804,2
3.3499999999999996,1.5010426329180089,3.348881374901274,223.5299341800798,215.77896721647343,151.15053937869112,2
3.3499999999999996,1.4370074121953458,3.348993237411147,170.5376656391339,164.62422135137874,115.31726272048938,2
3.3499999999999996,1.5551741445676779,3.3490939136700324,258.7559243903219,249.783485737112,174.97029058989642,2
3.3499999999999996,1.5329934865827373,3.349184522303029,198.37458525534842,191.49588749894588,134.14053768840668,2
3.3499999999999996,1.5618199749970074,3.349266070072726,221.48452268450058,213.80448097297443,149.76743580492496,2
3.3499999999999996,1.5921905360319926,3.349339463065453,223.6443189606556,215.88938567075547,151.2278861615467,2
3.3499999999999996,1.6479935659340952,3.349405516758908,237.75868468009247,229.51433156011498,160.7719948703261,2
3.3499999999999996,1.5483297387094708,3.3494649650830173,156.11659469202218,150.70320532935295,105.56576048849635,2
3.3499999999999996,1.5331513189138444,3.3495184685747157,201.2953903257786,194.3154127846748,136.1155808227185,2
3.3499999999999996,1.6112495996144887,3.349566621717244,245.004638378089,236.50902965809973,165.67169572597464,2
3.3499999999999996,1.483846126055874,3.2525318203078086,128.25649317232774,123.80916111770524,86.72680995914848,2
3.3499999999999996,1.4364462344381015,3.262278638277028,181.20167907315061,174.91845694722932,122.5282494207972,2
3.3499999999999996,1.3415697848729555,3.245152088941654,145.28485658502518,140.24706096345253,98.24135866604361,2
3.3499999999999996,1.3692013531365403,3.2556368800474886,211.69663118959156,204.35598752736337,143.148881183763,2
3.3499999999999996,1.2907492303815846,3.264728817588286,151.65710069079844,146.39834560923646,102.55025866716993,2
3.3499999999999996,1.1905631148420017,3.1515783016935304,122.57430330530885,118.32400287466888,82.88452339291113,2
3.3499999999999996,1.1027805855198394,3.061784729872659,125.36243047681407,121.01545090708726,84.76984997064767,2
3.304647196937278,1.0052918818514107,2.8898257776368284,102.8389689696506,99.2729971279869,69.53952581755115,2
3.3091824772435503,1.0254458641637278,2.9358431998731453,192.5888467379571,185.9107711857925,130.22823171106393,2
3.3132642295191954,0.9619823970379822,2.9076775835129967,134.70882698547663,130.03775833643638,91.08986647632673,2
3.316937806567276,0.910504726758896,2.9112609346882343,141.66898577599238,136.7565715503759,95.79631332966078,2
3.320244025910548,0.9391770634428721,2.9551348412194107,192.15322619642293,185.49025591612485,129.93366588452776,2
3.3232196233194933,0.9242073393227959,2.99462135709747,165.56049032543842,159.81963107230078,111.95170572694012,2
3.325897660987544,1.0483132637987975,3.0301592213877226,238.41926378204795,230.15200488520037,161.21867727073524,2
3.32830789488879,1.076052217255395,3.0621432992489503,198.02168444173842,191.15522362602908,133.90190679308614,2
3.3304771053999107,1.143803004932379,3.090928969324055,218.20179343459455,210.63558133635854,147.54766019152655,2
3.3324293948599197,1.1370688242931015,3.1168360723916497,186.0687310927153,179.61674249016002,125.81934124095895,2
3.3341864553739278,1.1996532795533095,3.1401524651524846,218.6538804186608,211.07199206976506,147.85336059688095,2
3.335767809836535,1.1762556036574177,3.161137218637236,178.00997796171416,171.83742902130243,120.37002687087897,2
3.337191028852881,1.1172095001225752,3.179972723242834,151.73110793136078,146.46978662671654,102.60030223010463,2
3.338471925967593,1.1367732706011746,3.1969754509185506,197.43049319288033,190.58453210959328,133.50214433411782,2
3.3396247333708335,1.1904577911128709,3.2122779058266957,214.35693645456772,206.92404591588613,144.94777481824676,2
3.34066226003375,1.2406078132069318,3.226050115244026,215.23597046338008,207.77259915894697,145.54217603368826,2
3.341596034030375,1.3402441919923171,3.2384451037196236,241.58004164520273,233.20318183567886,163.3559895757941,2
3.3424364306273375,1.3400470671589606,3.2496005933476613,198.60060336017415,191.71406835875067,134.2933707242999,2
3.343192787564604,1.3238687065342025,3.2596405340128953,191.2944377088798,184.66124617486048,129.35295465414828,2
3.3438735088081435,1.262957625145714,3.2686764806116058,160.4171462411334,154.85463397416632,108.47378570963008,2
3.3444861579273293,1.1889540236427778,3.2601941224071105,147.58409893737118,142.46657640325,99.7961022085324,2
3.3450375421345964,1.1612921119166137,3.2691747101663995,174.1934042576059,168.15319614574238,117.78926659789582,2
3.345533787921137,1.1105491342317266,3.2772572391497596,156.28553589929388,150.86628845000567,105.6799982289407,2
3.345980409129023,1.0587062913768022,3.2845315152347836,152.15155234633266,146.87565200652506,102.88460598716009,2
3.346382368216121,1.0146886636148384,3.2910783637113052,153.91303707008817,148.57605672347606,104.07571878858235,2
3.3467441313945088,1.0018872823074412,3.2969705273401746,172.37216953703262,166.3951132808877,116.55775095611118,2
3.347069718255058,1.065441725947041,3.302273474606157,212.62774165027062,205.25481145583072,143.77849640227512,2
3.3473627464295523,1.038414334352745,3.3070461271455414,165.95533639847764,160.20078574029816,112.21869993123025,2
3.3476264717865973,1.040812068772842,3.3113415144309872,185.03538961603326,178.6192324365814,125.12059759333172,2
3.3478638246079377,1.0196707617327907,3.3152073629878887,168.34151235410752,162.50422033482454,113.83222781987251,2
3.348077442147144,0.9860060500423758,3.3186866266890998,158.25733165327955,152.76971159965012,107.01332297067054,2
3.34826969793243,0.925597408878139,3.2476749806400225,133.62743851317126,128.99386733110077,90.35863353669201,2
3.3484427281391866,0.9059889679766244,3.2579074825760204,161.42635572189613,155.8288488159629,109.15621134502832,2
3.3499999999999996,1.9229638289625601,3.3499999999999996,228.39800741669782,216.4203377863567,156.63772311745765,3
3.3499999999999996,1.8884445791913542,3.3499999999999996,211.58531386049512,200.48933707542025,145.10740344478864,3
3.3499999999999996,1.7581587135346437,3.3499999999999996,153.01403446640018,144.9896581840781,104.93861235884349,3
3.3499999999999996,1.6606707563713747,3.3499999999999996,166.54202246975944,157.80821017746453,114.21624688452698,3
3.3499999999999996,1.63032759761471,3.3499999999999996,201.18068614113142,190.6303498143896,137.9718018067563,3
3.3499999999999996,1.5773817158322048,3.3499999999999996,189.4149412087976,179.4816251763583,129.9027318624675,3
3.3499999999999996,1.5150194351577948,3.3499999999999996,178.6678872960714,169.29816926836975,122.5322907883527,3
3.3499999999999996,1.4977999130041035,3.3499999999999996,200.50972706553193,189.9945772372799,137.51165111150462,3
3.3499999999999996,1.5196456311144444,3.3499999999999996,218.2531025851994,206.80745300125588,149.6802421305502,3
3.3499999999999996,1.4766737413116793,3.3499999999999996,188.65928191098521,178.76559423399738,129.38449287605673,3
3.3499999999999996,1.5172225213099217,3.3499999999999996,226.37722758767276,214.50553188180447,155.25185134510593,3
3.3499999999999996,1.4525746131478317,3.3499999999999996,172.70995085409493,163.65267948557266,118.44627616280877,3
3.3499999999999996,1.5715311327436665,3.3499999999999996,262.05192159264135,248.30937025283822,179.71792661893852,3
3.3499999999999996,1.5495023220668016,3.3499999999999996,200.90145330505,190.36576053276988,137.78030103072888,3
3.3499999999999996,1.5785667267532018,3.3499999999999996,224.30576192315846,212.54269821308023,153.8312187009098,3
3.3499999999999996,1.60916059936384,3.3499999999999996,226.49306938577448,214.61529869351403,155.33129685210366,3
3.3499999999999996,1.6655159103659307,3.3499999999999996,240.78722194500403,228.15983596959543,165.13437497916624,3
3.3499999999999996,1.5650617060417196,3.3499999999999996,158.10518629839,149.81381935633667,108.43017710596153,3
3.3499999999999996,1.5500107471861038,3.3499999999999996,203.8594631867839,193.1686461840981,139.80893489699727,3
3.3499999999999996,1.6287063899944243,3.3499999999999996,248.12547359974496,235.11325434588994,170.16702409840497,3
3.3499999999999996,1.500004927700911,3.260130372689162,129.89020665607242,123.07849231083848,89.08005133662904,3
3.3499999999999996,1.4520254123503997,3.269117335420246,183.50980101736465,173.8861628982042,125.85292545330779,3
3.3499999999999996,1.3565189345891393,3.258979049235881,147.13547500843674,139.41938269008702,100.9070352924725,3
3.3499999999999996,1.3845021810077838,3.2680811443122932,214.3931936191683,203.14996574161887,147.03307651506086,3
3.3499999999999996,1.305467995477171,3.276273029881064,153.58888787892377,145.53436508026837,105.33285279326073,3
3.3499999999999996,1.2042476643026316,3.1688212305932395,124.1356378398609,117.62570512978762,85.13350833877539,3
3.3499999999999996,1.1155392905308057,3.0844300850009425,126.9592797899307,120.30126938506996,87.06999128344023,3
3.3044358193252172,1.016922409834336,2.915822534894535,104.1489175430486,98.68713028492967,71.42640819684448,3
3.3089922373926957,1.0376746250420414,2.9592402814050813,195.04201685006905,184.81360519145338,133.76183871820453,3
3.3130930136534262,0.9734470951661874,2.936122567019366,136.42472940555845,129.27033100817124,93.56149483395043,3
3.3167837122880837,0.921293472161204,2.944437478582421,143.47354573678672,135.94949265521316,98.39564620543051,3
3.3201053410592754,0.9506462269273858,2.9849937307241787,194.60084743428376,184.39557162336237,133.45928015572295,3
3.323094806953348,0.9355201092716441,3.0214943576517608,167.66937696914724,158.87644384693493,114.98939829651877,3
3.3257853262580133,1.060747166683145,3.054344921886585,241.45621541226183,228.7937460189797,165.59317763982395,3
3.328206793632212,1.0890286852810644,3.0839104296979265,200.54405728965054,190.02710711257987,137.53519513538146,3
3.330386114268991,1.1573565763145626,3.110519386728134,220.98121772177197,209.39250006911374,151.5512117954273,3
3.332347502842092,1.1503171196041766,3.1344674480553207,188.438848872881,178.55672116585907,129.23331761153034,3
3.334112752557883,1.2134534366120473,3.156020703249789,221.4390633273585,209.82633529270325,151.8652070618902,3
3.3357014773020945,1.189702834543553,3.17541863292481,180.27744445829458,170.82331788360813,123.63614178937334,3
3.337131329571885,1.1302602592157818,3.192876769632329,153.66383781348787,145.60538448336604,105.38425423599095,3
3.338418196614697,1.1503022412482948,3.2085890926690963,199.94533552837285,189.45978357380937,137.12458553975432,3
3.3395763769532274,1.2044920242891615,3.2227301834021866,217.08738548492988,205.70286854600104,148.88078124886152,3
3.3406187392579048,1.255100588727951,3.235457165061968,217.9776165074555,206.54641399012294,149.49131092026332,3
3.341556865332114,1.3555549810859755,3.246911448555771,244.65725482698747,231.8269162258391,167.7884836812514,3
3.342401178798903,1.3556153414994714,3.257220303700194,201.13035039725713,190.58265378229547,137.9372810313736,3
3.3431610609190128,1.3396355102661797,3.266498273330175,193.73111981767914,183.57145434363372,132.86281193282477,3
3.3438449548271114,1.278122764012437,3.2748484459971574,162.4605176787561,153.9407480417988,111.41710855321327,3
3.3444604593444005,1.2035378516723783,3.2734814944538604,149.46400479208947,141.62579949741192,102.50396517661598,3
3.3450144134099604,1.1754335765037274,3.2811333450084743,176.4122557658307,167.160827777445,120.98535528271913,3
3.3455129720689643,1.1242388299988408,3.2880200105076267,158.27627945541062,149.975940030042,108.54751456813914,3
3.345961674862068,1.0719765817484277,3.294218009456864,154.08963779130818,146.00885461899284,105.67627227845819,3
3.3463655073758614,1.0275869699471094,3.299796208511178,155.87356006402072,147.69922427331593,106.89970468129174,3
3.3467289566382754,1.0145064520453244,3.30481658766006,174.56782240909894,165.41312036702075,119.72042375066222,3
3.347056060974448,1.078649628340068,3.309334928894054,215.33616443620707,204.04348519502588,147.6797756847155,3
3.3473504548770032,1.0512931497673599,3.3134014360046486,168.0692525368933,159.25534910282113,115.2636371095911,3
3.347615409389303,1.0534501638161409,3.317061292404184,187.39234483528676,177.56509799071586,128.5156142850608,3
3.3478538684503727,1.0320438546515618,3.3203551631637653,170.48582327205347,161.54518980985415,116.92094639170395,3
3.3480684816053357,0.9981102632571554,3.3233196468473887,160.27319167118938,151.8681299889503,109.91701768369983,3
3.3482616334448023,0.9369481688135858,3.2592025967740863,135.3295663563512,128.23260060184523,92.81042065247902,3
3.348435470100322,0.9171827296057633,3.268282337096678,163.4825823304023,154.90921348355377,112.11805109524087,3
3.3499999999999996,1.9252663996798474,3.3499999999999996,228.68524888959962,216.31094327104438,157.06195575424377,4
3.3499999999999996,1.8907385131591001,3.3499999999999996,211.85141109087417,200.38799524184302,145.50040772980634,4
3.3499999999999996,1.760337569401308,3.3499999999999996,153.206470368674,144.91636990838003,105.22282476525267,4
3.3499999999999996,1.6627509882504534,3.3499999999999996,166.751471651805,157.7284424770661,114.52558654176468,4
3.3499999999999996,1.632415908892123,3.3499999999999996,201.43369814093026,190.5339914271185,138.34548025481908,4
3.3499999999999996,1.579470884156292,3.3499999999999996,189.65315618850693,179.39090216208677,130.25455629764784,4
3.3499999999999996,1.5170232136687494,3.3499999999999996,178.8925863978177,169.2125937103616,122.86415335490452,4
3.3499999999999996,1.4998190555866375,3.3499999999999996,200.76189524328825,189.89854021552193,137.8840833020319,4
3.3499999999999996,1.5216879446880376,3.3499999999999996,218.52758546427978,206.70291753423155,150.08563134669848,4
3.3499999999999996,1.478638757479261,3.3499999999999996,188.8965465466343,178.6752331536304,129.73491372921788,4
3.3499999999999996,1.5192202720553063,3.3499999999999996,226.66192765585276,214.39710524809695,155.67233053077874,4
3.3499999999999996,1.4544940387829135,3.3499999999999996,172.92715704266564,163.56995756703665,118.76707229706034,4
3.3499999999999996,1.573542096202324,3.3499999999999996,262.3814874272403,248.18385671060756,180.20466894620102,4
3.3499999999999996,1.5515281417417643,3.3499999999999996,201.154114131684,190.26953588808743,138.1534608241691,4
3.3499999999999996,1.5806181494315696,3.3499999999999996,224.5878568423038,212.43526373768833,154.2478502902274,4
3.3499999999999996,1.6112361746138253,3.3499999999999996,226.77791514072769,214.5068165757088,155.75199120546554,4
3.3499999999999996,1.667655663391772,3.3499999999999996,241.09004453557608,228.04450746154046,165.58161967812617,4
3.3499999999999996,1.5671036852743025,3.3499999999999996,158.30402501462672,149.73809260013988,108.72384595549121,4
3.3499999999999996,1.5520660650571665,3.3499999999999996,204.11584411205138,193.07100475797802,140.18758897800137,4
3.3499999999999996,1.6308320210167726,3.3499999999999996,248.43752503709052,234.99441107651077,170.62789906447674,4
3.3499999999999996,1.5019720808648254,3.2608734823132743,130.05356120849348,123.01627952552711,89.32131291979984,4
3.3499999999999996,1.4539210398242441,3.2697861340819467,183.74058948234446,173.79826823588022,126.19378152137173,4
3.3499999999999996,1.3583370971980533,3.2603718713173517,147.32051782485863,139.34891003511137,101.1803287035386,4
3.3499999999999996,1.3863616133569256,3.269334684185617,214.66282213918834,203.04727903358884,147.43129623189105,4
3.3499999999999996,1.3072560144194827,3.277401215767055,153.78204673733362,145.4608014702487,105.61813294794726,4
3.3499999999999996,1.2059097549442237,3.1705630599242416,124.29175524147936,117.56624857809493,85.36408123017482,4
3.3499999999999996,1.1170886436631082,3.0867324091824226,127.1189483042837,120.24046040939578,87.30580888377283,4
3.3044132668611406,1.0183346704287435,2.9184735613052264,104.2798989330115,98.63724666079567,71.61985721335495,4
3.3089719401750264,1.0391584396293951,2.9616262051747038,195.28730864062106,184.72018700825555,134.12411503588467,4
3.3130747461575236,0.9748379573069114,2.939031470875347,136.59630200664157,129.204988419071,93.81489381642476,4
3.3167672715417713,0.922602091024106,2.947836491268523,143.65398318046675,135.88077393400562,98.66213785001798,4
3.320090544387594,0.9520365231744347,2.9880528421416708,194.84558439445775,184.30236474461057,133.8207370333972,4
3.3230814899488346,0.93689104046445,3.0242475579275037,167.88024395238355,158.7961361838615,115.30083193249678,4
3.325773340953951,1.0622531172848668,3.056822802134753,241.7598793528573,228.67809708686804,166.04166494534527,4
3.328196006858556,1.090599801213599,3.086140521921278,200.79626864232003,189.9310536478666,137.90769109179567,4
3.3303764061727006,1.1589970682921027,3.11252646972915,221.25913157566225,209.28665793205113,151.96166828642149,4
3.3323387655554306,1.1519204221576336,3.1362738227562352,188.67583628408644,178.46646566507064,129.58332902640421,4
3.3341048889998874,1.215123131054126,3.1576464404806117,221.7175529841973,209.72027386389342,152.2765139676962,4
3.3356944000998987,1.191329641719278,3.1768817964325504,180.50416779648333,170.7369714050144,123.97099399093426,4
3.3371249600899087,1.13183894344335,3.1941936167892955,153.8570909316062,145.53178497499567,105.6696736047132,4
3.3384124640809176,1.1519384951283766,3.209774255110366,200.1967939072204,189.36401687550722,137.49596941417465,4
3.339571217672826,1.2061891361215291,3.2237968295993293,217.3604023166456,205.5988914159719,149.2840052305369,4
3.3406140959055435,1.2568529325266231,3.2364171466393965,218.25175292542784,206.44201047112347,149.89618844111928,4
3.3415526863149894,1.3574060008226974,3.247775431975457,244.96494450881733,231.70973410979448,168.24291668396472,4
3.3423974176834905,1.3574973348124577,3.2579978887779113,201.38329909303081,190.48631950405385,138.3108659844642,4
3.3431576759151413,1.341541368036628,3.2671980999001202,193.97476297741048,183.47866403345074,133.22265335489917,4
3.3438419083236273,1.2799558271464844,3.275478289910108,162.6648338149354,153.86293523690668,111.71886711305378,4
3.3444577174912644,1.2053005899102829,3.2748454910150984,149.6519760505425,141.5542115595581,102.78158366188535,4
3.345011945742138,1.1771427857136025,3.2823609419135886,176.63411810498698,167.07633258664657,121.31302817825537,4
3.3455107511679243,1.1258933826536492,3.28912484772223,158.47533334449838,149.90013132631336,108.84150121072643,4
3.345959676051132,1.0735803955162226,3.2952123629500067,154.28342641065166,145.93505116759016,105.96248253957646,4
3.346363708446019,1.0291457808513294,3.300691126655006,156.06959220758293,147.62456638664662,107.18922844789168,4
3.346727337601417,1.016031483305414,3.3056220139895056,174.78736512314097,165.32950859414416,120.04467074579257,4
3.347054603841275,1.080245732539296,3.310059812590555,215.6069788699286,203.94034683754117,148.07974690104723,4
3.347349143457148,1.052849450726478,3.3140538313314996,168.28062241789283,159.174849913585,115.57581348526466,4
3.347614229111433,1.0549773417017119,3.3176484481983497,187.6280161257232,177.47534372810927,128.86368189502892,4
3.3478528062002897,1.033538980173476,3.320883603378515,170.70023231852204,161.46353316925808,117.23761137122544,4
3.3480675255802606,0.9995728717257814,3.3237952430406636,160.47475694823802,151.791364835354,110.21471344505008,4
3.3482607730222345,0.9383197225182099,3.260389142852667,135.4997616413584,128.16778255686125,93.06178544948331,4
3.348434695720011,0.9185352890209328,3.2693502285674003,163.68818385150797,154.83091114607575,112.42170806561062,4
3.3499999999999996,1.925500641427422,3.3499999999999996,228.71397272856981,216.30019390293685,157.1044820047126,5
3.3499999999999996,1.890971876285536,3.3499999999999996,211.87802052828798,200.378037149605,145.53980356409812,5
3.3499999999999996,1.7605592255711224,3.3499999999999996,153.22571375234403,144.90916842619242,105.25131500134782,5
3.3499999999999996,1.6629626113493914,3.3499999999999996,166.77241634519044,157.72060431102796,114.55659560283853,5
3.3499999999999996,1.6326283539125643,3.3499999999999996,201.4589990693315,190.524523020297,138.38293881387173,5
3.3499999999999996,1.579683416364549,3.3499999999999996,189.67697743078207,179.3819875005661,130.2898241501282,5
3.3499999999999996,1.5172270591257577,3.3499999999999996,178.91505606680423,169.2041848502701,122.89742017457526,5
3.3499999999999996,1.5000244640388447,3.3499999999999996,200.78711179039098,189.88910338684835,137.92141693278936,5
3.3499999999999996,1.5218957103375277,3.3499999999999996,218.5550334575627,206.6926456278921,150.1262686806714,5
3.3499999999999996,1.4788386596223966,3.3499999999999996,188.9202727555235,178.66635405660537,129.77004088276254,5
3.3499999999999996,1.5194235043045068,3.3499999999999996,226.6903973570787,214.3864509863631,155.7144805249478,5
3.3499999999999996,1.4546893029768535,3.3499999999999996,172.9488774283774,163.56182911242112,118.79922978701201,5
3.3499999999999996,1.5737466725878957,3.3499999999999996,262.41444365694997,248.17152344815776,180.25346134058105,5
3.3499999999999996,1.551734229458147,3.3499999999999996,201.17937994314568,190.26008062313423,138.1908673918508,5
3.3499999999999996,1.5808268417551492,3.3499999999999996,224.61606603142258,212.42470696781623,154.28961459071778,5
3.3499999999999996,1.6114473239914018,3.3499999999999996,226.80639941047454,214.49615686197407,155.79416276863768,5
3.3499999999999996,1.6678733416087277,3.3499999999999996,241.1203264695888,228.0331750050382,165.6264527212247,5
3.3499999999999996,1.567311416911104,3.3499999999999996,158.3239086728204,149.73065150699526,108.75328413154625,5
3.3499999999999996,1.5522751536407773,3.3499999999999996,204.14148192938333,193.0614102766741,140.22554630823367,5
3.3499999999999996,1.6310482625947784,3.3499999999999996,248.46872984587455,234.98273325110966,170.67409844317248,5
3.3499999999999996,1.5021722004057387,3.2609480050569304,130.06989648839365,123.01016634765529,89.34549764682166,5
3.3499999999999996,1.454113883018545,3.269853204551237,183.76366808111814,173.78963149502243,126.22794987445774,5
3.3499999999999996,1.3585220598503145,3.2605115504704236,147.33902190787907,139.34198522258595,101.2077243894022,5
3.3499999999999996,1.3865507744018792,3.269460395423381,214.6897847017758,203.03718879075345,147.47121487546323,5
3.3499999999999996,1.3074379105404577,3.277514355881043,153.80136241584125,145.4535729330486,105.64673021807688,5
3.3499999999999996,1.206078840311979,3.1707377392669853,124.30736681406752,117.56040623436564,85.38719449323082,5
3.3499999999999996,1.117246260183894,3.0869632977474772,127.13491498433362,120.23448517323435,87.32944789092862,5
3.3044109974686946,1.0184783404525055,2.918739419470992,104.29299693141465,98.63234497594591,71.6392490767236,5
3.308969897721825,1.0393093888790361,2.961865477523893,195.31183755638435,184.7110075129558,134.16043061391585,5
3.3130729079496426,0.9749794504545631,2.939323190278979,136.61345908258684,129.19856769915344,93.84029522985416,5
3.316765617154678,0.9227352175192252,2.9481773612328874,143.67202673115636,135.87402146722954,98.68885170803567,5
3.3200890554392104,0.952177958753421,2.9883596251095987,194.8700578277788,184.29320601259374,133.8569704685004,5
3.3230801498952895,0.9370305060261364,3.024523662598639,167.90133042436625,158.78824495979268,115.33205089977932,5
3.3257721349057605,1.06240631844306,3.057071296338775,241.79024542096928,228.66673314472746,166.0866225507553,5
3.3281949214151845,1.0907596316756638,3.0863641667048975,200.82148950686772,189.92161520346878,137.9450311146216,5
3.330375429273666,1.1591639564162406,3.112727750034408,221.2869226627434,209.27625762917194,152.00281357801148,5
3.3323378863462993,1.1520835269818177,3.136454975030967,188.69953477082885,178.45759694254895,129.61841513672482,5
3.3341040977116694,1.2152929899605622,3.1578094775278704,221.74540165095527,209.7098520128799,152.31774450721423,5
3.3356936879405024,1.1914951376812262,3.1770285297750833,180.52683988694133,170.72848679241255,124.00456049987025,5
3.337124319146452,1.1319995438321069,3.194325676797575,153.8764160359835,145.52455291033735,105.69828483004206,5
3.338411887231807,1.1521049521085993,3.2098931091178176,200.22193947519415,189.35460660946643,137.53319795883198,5
3.339570698508626,1.2063617842137078,3.223903798206036,217.3877037067657,205.5886743731681,149.32442551542985,5
3.3406136286577635,1.2570311993962024,3.2365134183854325,218.27916627297182,206.43175153031422,149.93677448134372,5
3.341552265791987,1.3575943060481017,3.2478620765468893,244.9957131467316,231.69821951331423,168.2884703024725,5
3.3423970392127886,1.357688790996301,3.2580758688922002,201.40859369109748,190.47685346624348,138.34831517132275,5
3.34315733529151,1.3417352519644612,3.26726828200298,193.99912703186132,183.46954623446314,133.25872485227407,5
3.343841601762359,1.2801423056371182,3.275541453802682,162.685265209244,153.85528916360155,111.74911622399937,5
3.344457441586123,1.2054799142117112,3.274982279401068,149.67077297462274,141.54717715665544,102.80941290512506,5
3.345011697427511,1.1773166644784498,3.2824840514609614,176.65630410075948,167.06802988603482,121.34587501373927,5
3.34551052768476,1.126061701177988,3.2892356463148653,158.49523851974618,149.89268218080718,108.87097124323472,5
3.3459594749162838,1.0737435523465146,3.2953120816833787,154.3028050645767,145.92779906299913,105.99117304614208,5
3.3463635274246553,1.0293043595162992,3.300780873515041,156.08919521152168,147.61723032319182,107.21825110939268,5
3.3467271746821896,1.0161866255491638,3.3057027861635366,174.80931915889187,165.32129270030157,120.07717415956373,5
3.3470544572139707,1.080408105071064,3.310132507547183,215.63406002261328,203.9302122145444,148.1198411197639,5
3.3473490114925735,1.0530077740533932,3.3141192567924644,168.30175917911205,159.1669398696949,115.60710690682436,5
3.3476141103433164,1.0551327023228168,3.317707331113218,187.6515830018014,177.46652425845647,128.8985731529805,5
3.3478526993089845,1.033691080090525,3.3209365980018966,170.72167299302598,161.45550939141438,117.26935474282423,5
3.3480674293780863,0.9997216636656502,3.323842938201707,160.49491325958624,151.7838217067841,110.24455528986101,5
3.3482606864402777,0.9384592514083557,3.260508135618177,135.51678098717446,128.16141337990982,93.08698295054646,5
3.34843461779625,0.9186728856118782,3.2694573220563594,163.70874378292945,154.82321697012162,112.45214747846758,5
3.3499999999999996,1.9255241054656538,3.3499999999999996,228.7168451093707,216.2991208661484,157.10873565811764,6
3.3499999999999996,1.8909952523121296,3.3499999999999996,211.88068146916112,200.37704310054022,145.54374410018656,6
3.3499999999999996,1.7605814289097534,3.3499999999999996,153.22763808863678,144.90844955088352,105.25416471390042,6
3.3499999999999996,1.6629838096734975,3.3499999999999996,166.77451081227136,157.71982187987214,114.55969725879854,6
3.3499999999999996,1.6326496345686956,3.3499999999999996,201.4615291594444,190.52357785321857,138.38668557558958,6
3.3499999999999996,1.5797047057542997,3.3499999999999996,189.67935955244187,179.38109761013982,130.29335178821378,6
3.3499999999999996,1.5172474783620644,3.3499999999999996,178.91730303128088,169.20334545058293,122.90074766099146,6
3.3499999999999996,1.5000450398406633,3.3499999999999996,200.78963344238312,189.8881613720032,137.92515119865678,6
3.3499999999999996,1.5219165222602247,3.3499999999999996,218.55777825393236,206.69162025288583,150.13033339674956,6
3.3499999999999996,1.4788586838562392,3.3499999999999996,188.92264537385498,178.6654677163423,129.77355444755221,6
3.3499999999999996,1.5194438621156763,3.3499999999999996,226.69324432413254,214.38538744340127,155.71869654362428,6
3.3499999999999996,1.454708862626486,3.3499999999999996,172.9510494646073,163.56101770371794,118.80244631363077,6
3.3499999999999996,1.5737671650414482,3.3499999999999996,262.4177392763686,248.17029230189883,180.25834175990335,6
3.3499999999999996,1.5517548733019801,3.3499999999999996,201.18190652156844,190.2591367679198,138.19460895317434,6
3.3499999999999996,1.5808477465029562,3.3499999999999996,224.61888694729376,212.42365315680826,154.29379203069962,6
3.3499999999999996,1.6114684748627521,3.3499999999999996,226.8092478343789,214.49509277477588,155.798380944736,6
3.3499999999999996,1.6678951464750997,3.3499999999999996,241.12335465972598,228.03204376247496,165.63093710967493,6
3.3499999999999996,1.5673322254267426,3.3499999999999996,158.32589703649649,149.7299087129435,108.75622866101762,6
3.3499999999999996,1.552296098082023,3.3499999999999996,204.14404570835302,193.06045252443215,140.22934295913066,6
3.3499999999999996,1.6310699235527668,3.3499999999999996,248.47185032338936,234.9815675327028,170.6787194982228,6
3.3499999999999996,1.5021922464163553,3.260955459438161,130.07153001462288,123.00955611041289,89.3479167043523,6
3.3499999999999996,1.454133200156205,3.269859913494345,183.76597593850784,173.7887693475381,126.23136753601607,6
3.3499999999999996,1.3585405875926526,3.260525522334661,147.34087231418656,139.34129396534004,101.21046462046353,6
3.3499999999999996,1.386569722697973,3.2694729701011953,214.69248095512825,203.03618154998745,147.47520770512213,6
3.3499999999999996,1.3074561311078021,3.277525673091076,153.80329398160998,145.4528513570206,105.6495906366212,6
3.3499999999999996,1.206095777623856,3.1707552121396962,124.30892796964355,117.55982303266582,85.389506378455,6
3.3499999999999996,1.1172620486592952,3.0869863931315344,127.13651165061755,120.23388870578088,87.33181236327619,6
3.3044107703879906,1.0184927319047767,2.9187660128037614,104.29430672984313,98.63185567386631,71.64118873198916,6
3.3089696933491917,1.0393245094926806,2.9618894115233854,195.3142904453167,184.71009118596268,134.16406304989232,6
3.3130727240142726,0.9749936238487608,2.9393523704666693,136.615174788332,129.1979267620666,93.84283598544712,6
3.3167654516128455,0.9227485528243249,2.9482114578662078,143.67383108428038,135.8733474140953,98.69152373982463,6
3.320088906451561,0.9521921263809547,2.988390312079587,194.87250516847288,184.2922917582588,133.86059468819772,6
3.323080015806405,0.9370444763166806,3.0245512808716284,167.9034390692916,158.78745723221206,115.33517355143609,6
3.3257720142257647,1.0624216646307911,3.0570961527844656,241.7932820245073,228.66559875916562,166.09111939844877,6
3.328194812803188,1.090775641921963,3.086386537506019,200.82401159060393,189.9206730273367,137.94876601985038,6
3.3303753315228692,1.1591806736298267,3.112747883755417,221.2897017684559,209.27521943720672,152.00692910213465,6
3.3323377983705824,1.152099865221563,3.136473095379875,188.7019046169486,178.45671163790243,129.62192459619956,6
3.334104018533524,1.2153100047579486,3.157825785841888,221.74818651462923,209.70881166991,152.32186855819168,6
3.335693616680172,1.191511715441674,3.1770432072576993,180.5291070935433,170.72763983086404,124.00791796245996,6
3.3371242550121547,1.1320156312021026,3.1943388865319293,153.8783485443382,145.523830982187,105.70114664444375,6
3.3384118295109393,1.1521216261344218,3.2099049978787364,200.22445402928105,189.3536672461894,137.5369217135482,6
3.3395706465598454,1.206379078404335,3.223914498090863,217.39043384283488,205.58765447481792,149.3284685213513,6
3.340613581903861,1.2570490564207784,3.236523048281777,218.28190760477133,206.4307274495693,149.94083406680667,6
3.341552223713475,1.3576131686165966,3.2478707434535994,244.99879000720645,231.69707008894767,168.29302676588838,6
3.3423970013421274,1.3577079691968728,3.2580836691082395,201.41112314817764,190.47590853564753,138.3520609955946,6
3.3431573012079148,1.3417546733525876,3.2672753021974157,194.00156343468018,183.4686360661959,133.26233287428263,6
3.343841571087123,1.2801609852212605,3.275547771977674,162.68730834647252,153.85452590776526,111.75214186656962,6
3.344457413978411,1.2054978771594267,3.2749959621068694,149.67265266500462,141.54647495974265,102.81219650240814,6
3.34501167258057,1.1773340819457807,3.2824963658961823,176.65852269794527,167.06720108353113,121.3491604915808,6
3.3455105053225127,1.1260785616750215,3.289246729306564,158.49722903512537,149.89193858294257,108.87391895912181,6
3.3459594547902616,1.0737598957957213,3.2953220563759076,154.30474292788034,145.9270751343977,105.9940427905846,6
3.3463635093112356,1.0293202443698575,3.3007898507383167,156.09115550980255,147.61649801354432,107.22115407736078,6
3.346727158380112,1.0162021661757867,3.305710865664485,174.8115145601005,165.3204725631311,120.08042528692948,6
3.347054442542101,1.0804243699569458,3.3101397790980363,215.63676813496267,203.9292005436067,148.12385151118292,6
3.3473489982878912,1.053023633329692,3.314125801188233,168.30387285295564,159.16615026345872,115.61023700570927,6
3.3476140984591023,1.0551482648243387,3.31771322106941,187.65393968686897,177.4656438703911,128.9020631225065,6
3.3478526886131923,1.0337063159667317,3.320941898962469,170.72381705816528,161.45470843188602,117.27252984759362,6
3.348067419751873,0.9997365681811844,3.323847709066222,160.4969288885484,151.7830687272253,110.2475401959694,6
3.3482606777766857,0.9384732280425235,3.2605200382588237,135.51848291992155,128.16077758800904,93.08950330997183,6
3.348434609999017,0.9186866686872855,3.269468034432941,163.71079977385543,154.82244891252296,112.45519215583084,6
3.3499999999999996,1.9255264522681264,3.3499999999999996,228.7171323474197,216.299013581469,157.1091610337402,7
3.3499999999999996,1.890997590311943,3.3499999999999996,211.88094756321962,200.37694371323468,145.5441381633206,7
3.3499999999999996,1.7605836496208467,3.3499999999999996,153.22783052224523,144.90837767608122,105.25444969204412,7
3.3499999999999996,1.6629859298660634,3.3499999999999996,166.77472025895676,157.7197436506105,114.56000743189196,7
3.3499999999999996,1.6326517629958632,3.3499999999999996,201.46178216842833,190.52348335324626,138.3870602608182,7
3.3499999999999996,1.5797068350549774,3.3499999999999996,189.67959776458207,179.38100863685375,130.2937045605495,7
3.3499999999999996,1.517249520632614,3.3499999999999996,178.9175277277042,169.20326152547682,122.9010804176764,7
3.3499999999999996,1.5000470977704243,3.3499999999999996,200.78988560755505,189.88806718719837,137.92552463427006,7
3.3499999999999996,1.5219186038060855,3.3499999999999996,218.55805273353963,206.69151773354088,150.1307398781827,7
3.3499999999999996,1.4788606866198322,3.3499999999999996,188.92288263566243,178.66537909800988,129.7739058125243,7
3.3499999999999996,1.5194458982426693,3.3499999999999996,226.6935290208071,214.38528110793646,155.71911815568308,7
3.3499999999999996,1.4547108189237647,3.3499999999999996,172.9512666682068,163.56093657721465,118.80276797406773,7
3.3499999999999996,1.5737692146349676,3.3499999999999996,262.4180688382748,248.17016920907201,180.25882981363273,7
3.3499999999999996,1.5517569380370997,3.3499999999999996,201.18215917938335,190.25904239911054,138.19498311835093,7
3.3499999999999996,1.5808498373329058,3.3499999999999996,224.61916903885034,212.42354779436653,154.2942097847957,7
3.3499999999999996,1.6114705903092377,3.3499999999999996,226.8095326767385,214.4949863848971,155.79880277254222,7
3.3499999999999996,1.6678973273321989,3.3499999999999996,241.12365747870692,228.03193065824877,165.63138555935979,7
3.3499999999999996,1.5673343066318406,3.3499999999999996,158.3260958728426,149.72983444669046,108.75652312108242,7
3.3499999999999996,1.5522981928819912,3.3499999999999996,204.14430208622224,193.06035676616608,140.22972263339778,7
3.3499999999999996,1.6310720900165827,3.3499999999999996,248.47216237110706,234.98145098150272,170.679181614898,7
3.3499999999999996,1.502194251357996,3.2609562048973424,130.0716933672281,123.00949509749373,89.3481586159528,7
3.3499999999999996,1.4541351321981666,3.269860584407608,183.76620672422183,173.78868314805504,126.23170931043319,7
3.3499999999999996,1.3585424406816702,3.260526919560555,147.34105735479727,139.34122485185506,101.21073865019345,7
3.3499999999999996,1.386571617849511,3.2694742276044995,214.6927505804343,203.0360808437453,147.47560699773967,7
3.3499999999999996,1.3074579534741015,3.2775268048440496,153.80348713816593,145.45277921219423,105.64987668538996,7
3.3499999999999996,1.2060974716428063,3.1707569594763267,124.30908408518425,117.55976472282215,85.3897375725658,7
3.3499999999999996,1.1172636277750794,3.0869887027351828,127.13667131722866,120.23382906959678,87.33204881622643,7
3.3044107476785056,1.0184941712945128,2.918768672212162,104.2944377096718,98.63180675232209,71.64138270220435,7
3.308969672910655,1.0393260218109424,2.961891804990946,195.31453573418338,184.7099995694881,134.1644263022704,7
3.3130727056195894,0.9749950414289846,2.9393552885678704,136.61534635888793,129.19786267970653,93.84309006714803,7
3.3167654350576306,0.9227498865814001,2.94821486762586,143.67401151957327,135.87328002071686,98.69179094946244,7
3.3200888915518676,0.9521935433844146,2.988393380863274,194.8727499025158,184.29220034901343,133.86095711892804,7
3.3230800023966807,0.9370458735830889,3.0245540427769466,167.9036499337613,158.78737847340182,115.33548582414996,7
3.3257720021570125,1.0624231995102944,3.057098638499252,241.79358568482826,228.66548534069523,166.09156909408807,7
3.3281948019413115,1.0907772432186054,3.086388774649327,200.82426379895023,189.92057882640597,137.94913951940143,7
3.3303753217471805,1.1591823456352088,3.1127498971843943,221.28997967899707,209.27511563639274,152.00734066449516,7
3.3323377895724624,1.1521014993231224,3.136474907465955,188.70214160153495,178.45662312311322,129.62227555063023,7
3.334104010615216,1.2153117065267665,3.1578274167193596,221.7484650009665,209.70870765403356,152.32228097325822,7
3.3356936095536946,1.1915133734993726,3.1770446750474237,180.52933381417895,170.72755514970575,124.00825371683472,7
3.3371242485983252,1.1320172402124242,3.194340207542681,153.87854179515273,145.52375880215465,105.70143283280159,7
3.3384118237384928,1.152123293820293,3.2099061867884133,200.22470548466254,189.3535733264943,137.53729409802096,7
3.3395706413646433,1.2063808081172231,3.223915568109572,217.39070685641224,205.58755250304162,149.32887283171638,7
3.340613577228179,1.257050842426624,3.236524011298615,218.2821817379216,206.4306250596275,149.94124003516595,7
3.341552219505361,1.3576150551939183,3.2478716101687537,244.99909769322062,231.69695516686303,168.29348242324403,7
3.342396997554825,1.3577098873427649,3.2580844491518786,201.41137609385825,190.47581405931916,138.35243558707631,7
3.3431572977993422,1.341756615821367,3.267276004236691,194.0018070749357,183.46854506548488,133.26269368520497,7
3.3438415680194082,1.2801628534970382,3.275548403813022,162.68751266017327,153.85444959569608,111.75244443814036,7
3.3444574112174674,1.205499673759386,3.2749973304161024,149.67284063402246,141.54640475248465,102.8124748688651,7
3.3450116700957206,1.177335823988434,3.2824975973744923,176.65874455763984,167.06711821795577,121.34948904730678,7
3.3455105030861487,1.126080248011182,3.2892478376370433,158.49742808664175,149.89186423632248,108.87421373783586,7
3.345959452777534,1.0737615304183148,3.295323053873339,154.30493671418975,145.92700275435567,105.99432977196571,7
3.3463635074997806,1.0293218331250944,3.300790748486005,156.0913515396094,147.61642479554604,107.22144438117476,7
3.3467271567498025,1.0162037205024819,3.3057116736374046,174.8117341001976,165.32039056393566,120.08075040752477,7
3.3470544410748224,1.0804259967218721,3.310140506273664,215.63703894616827,203.92909939442595,148.1242525600189,7
3.34734899696734,1.053025219526769,3.3141264556462975,168.30408422031712,159.16607131681616,115.61055002316394,7
3.347614097270606,1.055149821338896,3.317713810081668,187.6541753553502,177.46555584717294,128.9024121278952,7
3.3478526875435453,1.0337078398132082,3.3209424290735012,170.724031464656,161.45462835011526,117.27284736574553,7
3.348067418789191,0.9997380588859638,3.3238481861661513,160.4971304514228,151.78299344260182,110.24783869379546,7
3.3482606769102716,0.9384746259434016,3.260521228556513,135.51865311317783,128.16071402007648,93.08975535200668,7
3.3484346092192445,0.918688047228999,3.269469105700862,163.71100537292577,154.82237212036256,112.45549663092685,7
3.3499999999999996,1.925526686952357,3.3499999999999996,228.7171610712241,216.29900285319107,157.10920357140512,8
3.3499999999999996,1.890997824115893,3.3499999999999996,211.880974172625,200.3769337746802,145.5441775697291,8
3.3499999999999996,1.7605838716957258,3.3499999999999996,153.22784976560575,144.90837048872834,105.25447818992723,8
3.3499999999999996,1.6629861418889194,3.3499999999999996,166.77474120362496,157.71973582782294,114.56003844927612,8
3.3499999999999996,1.6326519758421936,3.3499999999999996,201.4618074693263,190.52347390341643,138.38709772943145,8
3.3499999999999996,1.5797070479886604,3.3499999999999996,189.67962158579567,179.38099973968278,130.29373983786817,8
3.3499999999999996,1.5172497248631363,3.3499999999999996,178.91755019734615,169.20325313311488,122.90111369342516,8
3.3499999999999996,1.5000473035668942,3.3499999999999996,200.7899108240718,189.88805776888466,137.92556197792152,8
3.3499999999999996,1.5219188119642053,3.3499999999999996,218.55808018149986,206.69150748178797,150.13078052642413,8
3.3499999999999996,1.4788608868995914,3.3499999999999996,188.9229063618428,178.66537023633356,129.77394094910628,8
3.3499999999999996,1.5194461018588257,3.3499999999999996,226.69355749047406,214.38527047457845,155.7191603169906,8
3.3499999999999996,1.4547110145568143,3.3499999999999996,172.95128838856638,163.56092846470804,118.80280014018908,8
3.3499999999999996,1.5737694195977996,3.3499999999999996,262.4181017944648,248.17015690000738,180.2588786191234,8
3.3499999999999996,1.5517571445141174,3.3499999999999996,201.1821844451644,190.25903296239676,138.19502053495884,8
3.3499999999999996,1.580850046419451,3.3499999999999996,224.61919724800552,212.42353725830904,154.29425156030607,8
3.3499999999999996,1.6114708018574784,3.3499999999999996,226.80956116097397,214.49497574609774,155.79884495542464,8
3.3499999999999996,1.6678975454216118,3.3499999999999996,241.12368776060447,228.0319193480265,165.63143040443646,8
3.3499999999999996,1.5673345147558844,3.3499999999999996,158.32611575647684,149.7298270201967,108.75655256715993,8
3.3499999999999996,1.5522984023655453,3.3499999999999996,204.14432772400872,193.06034719050925,140.2297606009161,8
3.3499999999999996,1.6310723066666433,3.3499999999999996,248.4721935758783,234.98143932658914,170.67922782667702,8
3.3499999999999996,1.5021944518555648,3.2609562794434708,130.07170970248836,123.00948899630987,89.34818280717123,8
3.3499999999999996,1.4541353254056435,3.2698606514991235,183.76622980279282,173.78867452825946,126.23174348795736,8
3.3499999999999996,1.3585426259937188,3.2605270592835383,147.34107585885803,139.341217940629,101.21076605323255,8
3.3499999999999996,1.3865718073678832,3.2694743533551844,214.69277754296442,203.03607077329946,147.47564692709776,8
3.3499999999999996,1.307458135713826,3.277526918019666,153.8035064538212,145.4527719978394,105.64990529033584,8
3.3499999999999996,1.2060976410475779,3.1707571342104828,124.30909969673806,117.55975889194112,85.38976069203265,8
3.3499999999999996,1.1172637856893393,3.0869889336961993,127.1366872838895,120.23382310608402,87.33207246157849,8
3.304410745407543,1.0184943152359305,2.9187689381537525,104.29445080765443,98.63180186025431,71.64140209927265,8
3.3089696708667886,1.0393261730453367,2.961892044338377,195.3145602630696,184.70999040800297,134.16446262759592,8
3.3130727037801098,0.9749951831894144,2.939355580378814,136.61536351594324,129.19785627158407,93.8431154753794,8
3.316765433402099,0.9227500199593726,2.9482152086027873,143.67402956310224,135.8732732814984,98.69181767049069,8
3.320088890061889,0.9521936850871667,2.9883936877425086,194.87277437591968,184.29219120825078,133.86099336208855,8
3.3230800010557,0.9370460133121022,3.0245543189682578,167.90367102020792,158.78737059766027,115.3355170514967,8
3.32577200095013,1.0624233530008511,3.057098887071432,241.7936160508598,228.6654739990492,166.0916140637605,8
3.3281948008551168,1.0907774033509885,3.086388998364289,200.82428901978443,189.92056940647979,137.94917686944663,8
3.330375320769605,1.159182512838586,3.11275009852786,221.2900074700507,209.27510525649518,152.00738182083052,8
3.332337788692645,1.152101662736053,3.1364750886750743,188.70216529999317,178.45661427179118,129.62231064615798,8
3.3341040098233803,1.2153118767065378,3.157827579807567,221.74849284959973,209.70869725263026,152.3223222148644,8
3.3356936088410425,1.191513539307958,3.17704482182681,180.52935648624214,170.72754668173994,124.00828729235322,8
3.3371242479569383,1.1320174011161885,3.1943403396441292,153.87856112023385,145.5237515842793,105.70146145170644,8
3.3384118231612443,1.152123460591712,3.2099063056797164,200.22473063020024,189.35356393469118,137.53733133655808,8
3.33957064084512,1.2063809810914492,3.2239156751117446,217.3907341577695,205.5875423060446,149.32891326285045,8
3.340613576760608,1.2570510210302412,3.23652410760057,218.28220915123615,206.43061482081467,149.94128063209982,8
3.341552219084547,1.3576152438548539,3.247871696840513,244.9991284618215,231.69694367485815,168.29352798908954,8
3.3423969971760923,1.357710079160611,3.2580845271564614,201.41140138842587,190.47580461185376,138.35247304631488,8
3.343157297458483,1.3417568100715431,3.267276074440815,194.00183143896083,183.468535965575,133.26272976638424,8
3.3438415677126345,1.2801630403277882,3.275548466996734,162.68753309154297,153.85444196462436,111.75247469537041,8
3.344457410941371,1.2054998534224324,3.2749974672474114,149.67285943092392,141.54639773188325,102.81250270557793,8
3.345011669847234,1.177335998195657,3.28249772052267,176.6587667436089,167.06710993154502,121.34952190295864,8
3.3455105028625107,1.1260804166476615,3.289247948470403,158.49744799179305,149.89185680179216,108.87424321577838,8
3.3459594525762597,1.0737616938833496,3.2953231536233627,154.30495609282033,145.92699551647968,105.99435847017305,8
3.346363507318634,1.0293219920033156,3.3007908382610265,156.09137114258976,147.6164174738759,107.22147341162623,8
3.3467271565867707,1.0162038759377905,3.305711754434924,174.81175605420694,165.3203823641614,120.08078291966278,8
3.3470544409280936,1.080426159401127,3.3101405789914318,215.63706602728837,203.92908927968702,148.12429266499925,8
3.3473489968352843,1.05302537814917,3.314126521092289,168.3041053570529,159.1660634222917,115.61058132498493,8
3.347614097151756,1.0551499769929946,3.31771386898306,187.6541989221979,177.4655470450071,128.90244702851825,8
3.3478526874365806,1.0337079922004433,3.320942482084754,170.7240529053047,161.45462034208003,117.27287911763734,8
3.3480674186929225,0.999738207958973,3.3238482338762787,160.4971506077099,151.78298591427287,110.2478685436501,8
3.3482606768236303,0.9384747657358631,3.2605213475866184,135.51867013250316,128.16070766339584,93.08978055627098,8
3.3484346091412673,0.9186881850855112,3.2694692128279566,163.71102593283246,154.8223644412825,112.45552707850992,8
3.3499999999999996,2.0855458026164673,3.3499999999999996,228.71716426275802,223.8842491749341,158.80138585319207,9
3.3499999999999996,2.0504167215051052,3.3499999999999996,211.88097712922573,207.40381961246723,147.11179597082938,9
3.3499999999999996,1.9120053183099806,3.3499999999999996,153.227851903757,149.99006605708675,106.38814674035548,9
3.3499999999999996,1.8075536303779227,3.3499999999999996,166.77474353081038,163.25070467314058,115.79393476380102,9
3.3499999999999996,1.7777809490086636,3.3499999999999996,201.46181028053726,197.2048152899621,139.87762908903593,9
3.3499999999999996,1.7248955823446819,3.3499999999999996,189.6796242325973,185.67159308739934,131.69709974912374,9
3.3499999999999996,1.6565040213338127,3.3499999999999996,178.91755269397314,175.13692983307655,124.22484955533716,9
3.3499999999999996,1.6403693392946939,3.3499999999999996,200.7899136259071,196.5471161682984,139.41112225624389,9
3.3499999999999996,1.6638511354762546,3.3499999999999996,218.55808323127334,213.9398349182573,151.74780003249145,9
3.3499999999999996,1.6206557840709297,3.3499999999999996,188.92290899808515,184.93086764746977,131.17170224201445,9
3.3499999999999996,1.6629924741500692,3.3499999999999996,226.6935606537705,221.90340538436763,157.39637080519344,9
3.3499999999999996,1.5923430184578256,3.3499999999999996,172.95129080193973,169.29673822181488,120.08239413502804,9
3.3499999999999996,1.7173389343653849,3.3499999999999996,262.41810545626385,256.8730715919897,182.20040001697987,9
3.3499999999999996,1.695977515280545,3.3499999999999996,201.1821872524735,196.93110084491,139.68348308116586,9
3.3499999999999996,1.7265062892615701,3.3499999999999996,224.6192003823562,219.87287744659398,155.95611472768738,9
3.3499999999999996,1.7584964608292863,3.3499999999999996,226.80956432588914,222.01695783731776,157.4769137060985,9
3.3499999999999996,1.819105114969035,3.3499999999999996,241.12369112525988,236.0286195392364,167.41540337015792,9
3.3499999999999996,1.711496850337516,3.3499999999999996,158.3261179657696,154.98060305096288,109.92794104790373,9
3.3499999999999996,1.697162393265409,3.3499999999999996,204.14433057265177,199.8306525043769,141.74013880202665,9
3.3499999999999996,1.7806199777147087,3.3499999999999996,248.47219704307523,243.22184762629664,172.51756930274541,9
3.3499999999999996,1.6405460559414609,3.2669435496342567,130.07171151751734,127.3232272088806,90.31052879594351,9
3.3499999999999996,1.5879842798993533,3.275249194670831,183.7662323670786,179.88315433092782,127.59135269527104,9
3.3499999999999996,1.4867970229779255,3.271749094174308,147.34107791486485,144.22768272737943,102.30088083421369,9
3.3499999999999996,1.517504316552499,3.2795741847568776,214.69278053880123,210.15620812344534,149.06406868121658,9
3.3499999999999996,1.4332567420554034,3.28661676628119,153.8035086000052,150.55355882177489,106.78783288299607,9
3.3499999999999996,1.32299088222747,3.1847911373946074,124.30910143135522,121.68238413273028,86.30947154794958,9
3.3499999999999996,1.2261837540582456,3.105538871005612,127.136689057963,124.45022333185634,88.27270345130948,9
3.304410745155214,1.1185529253421602,2.9401283861930425,104.29445226298589,102.09065512540401,72.41303296824121,9
3.3089696706396925,1.144166253343553,2.9811155475737383,195.3145629885015,191.18746259627025,135.6095130851313,9
3.3130727035757235,1.073203341924773,2.9627927594701045,136.6153654222828,133.72861023315582,94.85387521233494,9
3.3167654332181513,1.017784598253877,2.9756012182482863,143.67403156793887,140.6381230162944,99.7548015149951,9
3.3200888898963363,1.0524954034078748,3.0130410964234575,194.87277709518688,190.7550118733888,135.3027752312632,9
3.3230800009067027,1.0356337511767073,3.0467369867811116,167.9036733631465,164.35577961886432,116.5777658439207,9
3.3257720008160323,1.1700630092876088,3.0770632881030004,241.79361942486346,236.68439189826003,167.88054354773155,9
3.3281948007344293,1.2026475463842092,3.1043569592927005,200.82429182209944,196.5807679349567,139.43499149761053,9
3.3303753206609863,1.2756055931413235,3.1289212633634307,221.29001055794566,216.6140351703637,153.6446137103113,9
3.3323377885948875,1.270737382199887,3.1510291370270878,188.7021679331553,184.7147909584149,131.018438768595,9
3.3341040097353987,1.3378402729710164,3.170926223324379,221.74849594389244,217.0628325167336,153.96294624524134,9
3.3356936087618587,1.3104122927150894,3.1888336009919414,180.52935900536036,176.71467782153002,125.3439482325189,9
3.337124247885673,1.246987569064711,3.2049502408927473,153.87856326746518,150.6270275442712,106.83994434234289,9
3.338411823097106,1.2705686645150804,3.2194552168034725,200.22473342414898,195.99387852421066,139.01871008383313,9
3.3395706407873953,1.3285823257989295,3.232509695123125,217.39073719125375,212.79715551971043,150.93729606562528,9
3.3406135767086558,1.382664847279212,3.2442587256108126,218.2822121971601,213.66979318553194,151.5562590841977,9
3.34155221903779,1.4897033186173434,3.2548328530497312,244.99913188055507,239.8221701742224,170.1061737140303,9
3.3423969971340113,1.4916057010621215,3.264349567744758,201.4114041989335,197.15547431561905,139.84263147248228,9
3.34315729742061,1.4770004236339402,3.2729146109702825,194.00183414607483,189.9024724111028,134.69806789430461,9
3.343841567678549,1.4100682883070172,3.280623149873254,162.68753536169527,159.24986138219828,112.95613147248216,9
3.344457410910694,1.330266316548597,3.2859872535271806,149.67286151946863,146.51019450666757,103.91986937455529,9
3.3450116698196246,1.2981560692691954,3.2923885281744627,176.65876920871668,172.92587564186417,122.65654597411164,9
3.345510502837662,1.2428983718754811,3.2981496753570165,158.4974502034766,155.14831494754105,110.04689931182287,9
3.345959452553896,1.1868701661417986,3.303334707821315,154.3049582460016,151.04441257057343,107.13599607825299,9
3.346363507298506,1.1391379452075785,3.3080012370391834,156.09137332069875,152.79307974648282,108.37632795489797,9
3.3467271565686554,1.1235237779615939,3.312201113335265,174.8117584935414,171.11789324352517,121.37414173391839,9
3.3470544409117897,1.1925516805389618,3.3159810020017386,215.63706903630182,211.08054330374947,149.71970081329414,9
3.3473489968206107,1.1622644493076502,3.3193829018015646,168.30410770557918,164.74775257108405,116.85579276300433,9
3.3476140971385497,1.1663649058360146,3.322444611621408,187.65420154073664,183.6889686521465,130.29082168755917,9
3.347852687424695,1.142187174767866,3.3252001504592674,170.7240552875991,167.11656537614658,118.53599473191017,9
3.3480674186822257,1.1055001742414277,3.3276801354133405,160.49715284729743,157.10576281302187,111.43531960007118,9
3.3482606768140033,1.0374971291990451,3.2700814067431163,135.51867202353938,132.65509054807129,94.09242631916648,9
3.348434609132603,1.0160200172965248,3.278073266068805,163.71102821726663,160.25172729044402,113.66675624959272,9
3.3499999999999996,1.9419935588543107,3.3499999999999996,228.71716426275802,217.0735316969167,157.28303105174066,10
3.3499999999999996,1.9074029301631548,3.3499999999999996,211.88097712922573,201.09444847783908,145.70520936856295,10
3.3499999999999996,1.7761659948330595,3.3499999999999996,153.227851903757,145.42726198226416,105.37093298902164,10
3.3499999999999996,1.6778629539763732,3.3499999999999996,166.77474353081038,158.28450257668467,114.68678903026125,10
3.3499999999999996,1.6475865678781263,3.3499999999999996,201.46181028053726,191.20570509264266,138.54021085051176,10
3.3499999999999996,1.5946477692078134,3.3499999999999996,189.6796242325973,180.02333168057018,130.4378983720894,10
3.3499999999999996,1.5315797794460682,3.3499999999999996,178.91755269397314,169.8091403460705,123.03709293867708,10
3.3499999999999996,1.5144872345573963,3.3499999999999996,200.7899136259071,190.5680136442285,138.07816445038958,10
3.3499999999999996,1.5365244506738038,3.3499999999999996,218.55808323127334,207.43163356737335,150.2968869969968,10
3.3499999999999996,1.4930150003962246,3.3499999999999996,188.92290899808515,179.3051396333144,129.91752437169137,10
3.3499999999999996,1.533824190376338,3.3499999999999996,226.6935606537705,215.15294657785273,155.89144983703503,10
3.3499999999999996,1.4685198456153967,3.3499999999999996,172.95129080193973,164.14661150129814,118.93424496287123,10
3.3499999999999996,1.5882246821453747,3.3499999999999996,262.41810545626385,249.05881076403566,180.4583191736307,10
3.3499999999999996,1.5663112690645773,3.3499999999999996,201.1821872524735,190.94031723493106,138.34792113956027,10
3.3499999999999996,1.5955806270423252,3.3499999999999996,224.6192003823562,213.18418873854003,154.46496454445537,10
3.3499999999999996,1.626368130188514,3.3499999999999996,226.80956432588914,215.26304468473424,155.97122263949507,10
3.3499999999999996,1.683248460339367,3.3499999999999996,241.12369112525988,228.8484617106606,165.8146869772985,10
3.3499999999999996,1.5819813551641064,3.3499999999999996,158.3261179657696,150.26598330507744,108.87688210275036,10
3.3499999999999996,1.5670362749892335,3.3499999999999996,204.14433057265177,193.75166247863476,140.38491246598323,10
3.3499999999999996,1.6463091015874136,3.3499999999999996,248.47219704307523,235.8228667030348,170.8680693422872,10
3.3499999999999996,1.5162943587841973,3.2615727884602745,130.07171151751734,123.44996443088345,89.44703869299379,10
3.3499999999999996,1.46772053728841,3.270415509614247,183.7662323670786,174.41098133207925,126.371407781392,10
3.3499999999999996,1.3715709865161934,3.261682591851234,147.34107791486485,139.84017443599538,101.32274684141008,10
3.3499999999999996,1.3998927350003123,3.270514332666111,214.69278053880123,203.76310738029366,147.6388157264644,10
3.3499999999999996,1.3202660325096895,3.2784628993995,153.8035086000052,145.97361289782555,105.76679759464929,10
3.3499999999999996,1.218002874527061,3.1722022150618843,124.30910143135522,117.98071979754933,85.48423693282659,10
3.3499999999999996,1.1283608985144495,3.088899020137597,127.136689057963,120.66435936727179,87.42869769907821,10
3.304410745155214,1.0286093196762907,2.920968319823624,104.29445226298589,98.98498506702684,71.72066699357252,10
3.3089696706396925,1.0499513770440294,2.9638714878412613,195.3145629885015,185.3714045310832,134.31290377527526,10
3.3130727035757235,0.9849542682690451,2.941768905947529,136.6153654222828,129.66049116545722,93.94694460784977,10
3.3167654332181513,0.9321197097133448,2.9510351451252306,143.67403156793887,136.3598116744625,98.801011464396,10
3.3200888898963363,0.9621463839120825,2.9909316306127076,194.87277709518688,184.95210926557561,134.00909874778458,10
3.3230800009067027,0.9468592253747609,3.026838467551437,167.9036733631465,159.35596035963297,115.46312563117579,10
3.3257720008160323,1.073201261024531,3.059154620796293,241.79361942486346,229.48428500991938,166.275379789264,10
3.3281948007344293,1.1020205345145824,3.0882391587166635,200.82429182209944,190.6006417003033,138.10180546970994,10
3.3303753206609863,1.1709210609113065,3.114415242844997,221.29001055794566,210.024482753186,152.17556458526235,10
3.3323377885948875,1.1635735957344089,3.1379737185604974,188.7021679331553,179.0956361502273,129.76572630318316,10
3.3341040097353987,1.227258023501928,3.159176346704448,221.74849594389244,210.45962736631418,152.4908534330717,10
3.3356936087618587,1.203152447135097,3.178258712034003,180.52935900536036,171.33889212290805,124.14549152756503,10
3.337124247885673,1.1433116799101795,3.1954328408306027,153.87856326746518,146.0448466497322,105.81841079836636,10
3.338411823097106,1.1638290204025172,3.2108895567475426,200.22473342414898,190.0316058812332,137.6895042660545,10
3.3395706407873953,1.218521381177191,3.2248006010727885,217.39073719125375,206.32371528569885,149.49413253800213,10
3.3406135767086558,1.269586065696732,3.2373205409655097,218.2822121971601,207.1698066954774,150.10717743774887,10
3.34155221903779,1.3708556581443831,3.2485884868689587,244.99913188055507,232.5266098476655,168.47972993819323,10
3.3423969971340113,1.3711717198278346,3.258729638182063,201.4114041989335,191.15786510569635,138.50554785823638,10
3.34315729742061,1.355388864303448,3.267856674363857,194.00183414607483,184.12550465774183,133.41017322616474,10
3.343841567678549,1.2932742743929493,3.276071006927471,162.68753536169527,154.405367773181,111.87611895462436,10
3.344457410910694,1.218107952522601,3.276129085183187,149.67286151946863,142.0532505898375,102.92625567412495,10
3.3450116698196246,1.1895610987873242,3.283516176664868,176.65876920871668,167.66534798984839,121.48378444870905,10
3.345510502837662,1.137914473682366,3.2901645589983812,158.4974502034766,150.42859328694075,108.9947029656939,10
3.345959452553896,1.0852327412593594,3.296148103098543,154.3049582460016,146.44953452782428,106.11163188155713,10
3.346363507298506,1.040471065953834,3.301533292788689,156.09137332069875,148.14500600934204,107.3401045174897,10
3.3467271565686554,1.0271112529705886,3.30637996350982,174.8117584935414,165.91236569699115,120.21364171760176,10
3.3470544409117897,1.0918417065937094,3.310741967158838,215.63706903630182,204.65932362953748,148.28817913367925,10
3.3473489968206107,1.0641561736158192,3.3146677704429544,168.30410770557918,159.7360092169401,115.73849423902831,10
3.3476140971385497,1.0660724099391872,3.318200993398659,187.65420154073664,178.1010200852929,129.04506621992593,10
3.347852687424695,1.044401122599031,3.321380894058793,170.7240552875991,162.03276105820981,117.40263121761187,10
3.3480674186822257,1.0101987205293115,3.324242804652914,160.49715284729743,152.32649420153572,110.36984808886876,10
3.3482606768140033,0.9482840342478576,3.261505746567013,135.51867202353938,128.61962870976308,93.19277619008012,10
3.348434609132603,0.928361557637277,3.270355171910312,163.71102821726663,155.37675621069334,112.57994920323276,10
3.3499999999999996,1.9271781984647622,3.3499999999999996,228.71716426275802,216.37661802361677,157.1266384008842,11
3.3499999999999996,1.8926431409472009,3.3499999999999996,211.88097712922573,200.4488355849481,145.56032899727072,11
3.3499999999999996,1.7621466491256006,3.3499999999999996,153.227851903757,144.960368360763,105.26615856152507,11
3.3499999999999996,1.664478181577853,3.3499999999999996,166.77474353081038,157.7763308375746,114.57275148384116,11
3.3499999999999996,1.634149810453846,3.3499999999999996,201.46181028053726,190.59183996938074,138.40245491663737,11
3.3499999999999996,1.58120549731431,3.3499999999999996,189.6796242325973,179.44536752077403,130.3081988834532,11
3.3499999999999996,1.518686928617316,3.3499999999999996,178.91755269397314,169.263968805195,122.91475235946972,11
3.3499999999999996,1.5014955271524735,3.3499999999999996,200.7899136259071,189.95619582671713,137.94086794726786,11
3.3499999999999996,1.5233836548693138,3.3499999999999996,218.55808323127334,206.76567516803297,150.14744094159107,11
3.3499999999999996,1.48027028848646,3.3499999999999996,188.92290899808515,178.7294812261075,129.78834231121522,11
3.3499999999999996,1.520878982217351,3.3499999999999996,226.6935606537705,214.46219893511278,155.73644088964352,11
3.3499999999999996,1.4560877164794703,3.3499999999999996,172.95129080193973,163.619619485796,118.81598400539235,11
3.3499999999999996,1.5752117767328322,3.3499999999999996,262.41810545626385,248.25920848493502,180.27888243009932,11
3.3499999999999996,1.5532101572229722,3.3499999999999996,201.1821872524735,190.3273041382857,138.21035640684366,11
3.3499999999999996,1.5823214228009428,3.3499999999999996,224.6192003823562,212.4997617846786,154.3113740070145,11
3.3499999999999996,1.6129595015940275,3.3499999999999996,226.80956432588914,214.57194357247863,155.81613437089544,11
3.3499999999999996,1.6694322764634633,3.3499999999999996,241.12369112525988,228.1137446733826,165.64981096827253,11
3.3499999999999996,1.568799117855968,3.3499999999999996,158.3261179657696,149.78355498883582,108.7686215733393,11
3.3499999999999996,1.5537725725615896,3.3499999999999996,204.14433057265177,193.12962356974327,140.24532227336047,11
3.3499999999999996,1.6325969087464727,3.3499999999999996,248.47219704307523,235.06575836745202,170.6981685581246,11
3.3499999999999996,1.503605386196245,3.2610181228105066,130.07171151751734,123.05362883203021,89.3580980145308,11
3.3499999999999996,1.455494958172958,3.269916310529456,183.7662323670786,173.8510355998022,126.24575176291854,11
3.3499999999999996,1.3598466973334171,3.2606429732811577,147.34107791486485,139.39121813589165,101.2219976832547,11
3.3499999999999996,1.3879054792973,3.269578675953042,214.69278053880123,203.1089267690634,147.4920126949716,11
3.3499999999999996,1.3087405866046729,3.277620808357738,153.8035086000052,145.50496521897574,105.66162954353904,11
3.3499999999999996,1.2072897702658634,3.170902093429333,124.30910143135522,117.60194318591023,85.3992366226789,11
3.3499999999999996,1.1183750542881992,3.0871805386421878,127.136689057963,120.27696694192329,87.34176393576853,11
3.304410745155214,1.0195072546486776,2.9189895629364484,104.29445226298589,98.66719418296401,71.64935233771098,11
3.3089696706396925,1.0403904343315975,2.9620906066428034,195.3145629885015,184.77627040557908,134.17935121766504,11
3.3130727035757235,0.9759927746294191,2.9395976663416388,136.6153654222828,129.24421669627793,93.85352949746668,11
3.3167654332181513,0.9236886226703358,2.948498082599148,143.67403156793887,135.9220290645714,98.70276976605835,11
3.3200888898963363,0.9531908706417354,2.988648274339233,194.87277709518688,184.35832128578255,133.87584827535983,11
3.3230800009067027,0.9380293093432004,3.02478344690531,167.9036733631465,158.84434870975417,115.34831614300099,11
3.3257720008160323,1.0635034912729058,3.057305102214779,241.79361942486346,228.74752666457596,166.1100456954109,11
3.3281948007344293,1.091904281248992,3.0865745919933008,200.82429182209944,189.98871913055316,137.96448545940083,11
3.3303753206609863,1.1603591504838806,3.112917132793971,221.29001055794566,209.35020002228725,152.02425048747364,11
3.3323377885948875,1.1532516263853865,3.1366254195145737,188.7021679331553,178.52065035308405,129.63669518144576,11
3.3341040097353987,1.2165094597265018,3.1579628775631163,221.74849594389244,209.78394760543947,152.33922583128728,11
3.3356936087618587,1.1926803615727422,3.177166589806805,180.52935900536036,170.78880932029702,124.02204882442001,11
3.337124247885673,1.1331497073496974,3.1944499308261243,153.87856326746518,145.5759702752173,105.71319142623504,11
3.338411823097106,1.153297058475105,3.210004937743512,200.22473342414898,189.4215101986204,137.55259422290948,11
3.3395706407873953,1.2075982291472633,3.224004443969161,217.39073719125375,205.66131385340714,149.3454846926576,11
3.3406135767086558,1.2583078840379525,3.2366039995722446,218.2822121971601,206.50468889022332,149.95792001795544,11
3.34155221903779,1.3589428818648106,3.24794359961502,244.99913188055507,231.78008413104706,168.31220397303076,11
3.3423969971340113,1.3590599328694806,3.2581492396535183,201.4114041989335,190.54415357251415,138.36782639112687,11
3.34315729742061,1.3431237804865095,3.2673343156881667,194.00183414607483,183.5343704886142,133.27751828874054,11
3.343841567678549,1.2814777990216748,3.27560088411935,162.68753536169527,153.90964998027073,111.76487616705948,11
3.344457410910694,1.2067641718085726,3.27511098231603,149.67286151946863,141.5971892179196,102.8239120846101,11
3.3450116698196246,1.1785619230569537,3.2825998840844273,176.65876920871668,167.1270590854422,121.36298838470289,11
3.345510502837662,1.1272671392689386,3.2893398956759845,158.4974502034766,149.9456429120267,108.88632528240453,11
3.345959452553896,1.074912024199539,3.2954059061083862,154.3049582460016,145.97935890455497,106.00612094826897,11
3.346363507298506,1.0304400441589574,3.3008653154975476,156.09137332069875,147.66938708191256,107.23337206595667,11
3.3467271565686554,1.017297699751281,3.305778783947793,174.8117584935414,165.37970473496642,120.09410860604099,11
3.3470544409117897,1.08157096005382,3.310200905553014,215.63706903630182,204.00226571975554,148.14073041482945,11
3.3473489968206107,1.0541416300546826,3.3141808149977128,168.30410770557918,159.223177421781,115.62341094110904,11
3.3476140971385497,1.0562453404667733,3.3177627334979416,187.65420154073664,177.52922749890132,128.9167516786106,11
3.347852687424695,1.0347803662184882,3.3209864601481476,170.7240552875991,161.51255555078907,117.28589320340356,11
3.3480674186822257,1.0007872592241263,3.323887814133333,160.49715284729743,151.83745062360597,110.26010304516113,11
3.3482606768140033,0.9394585082615804,3.260620094800033,135.51867202353938,128.20669592518132,93.1001109787628,11
3.348434609132603,0.9196583040176212,3.2695580853200297,163.71102821726663,154.87791977923274,112.46800656980659,11
3.3499999999999996,1.9256919097374663,3.3499999999999996,228.71716426275802,216.30676493436727,157.11095178824922,12
3.3499999999999996,1.8911624271641996,3.3499999999999996,211.88097712922573,200.38412447831385,145.5457970979108,12
3.3499999999999996,1.7607402172237647,3.3499999999999996,153.227851903757,144.91357065387007,105.2556493985357,12
3.3499999999999996,1.6631354105746334,3.3499999999999996,166.77474353081038,157.72539574014996,114.56131320456944,12
3.3499999999999996,1.6328018242715328,3.3499999999999996,201.46181028053726,190.53031100692075,138.38863761792788,12
3.3499999999999996,1.5798569579160622,3.3499999999999996,189.6796242325973,179.38743698563897,130.29518966833953,12
3.3499999999999996,1.517393507576881,3.3499999999999996,178.91755269397314,169.2093251416252,122.90248126319344,12
3.3499999999999996,1.500192188741761,3.3499999999999996,200.7899136259071,189.89487206991862,137.9270967307253,12
3.3499999999999996,1.5220653597918834,3.3499999999999996,218.55808323127334,206.69892478948847,150.13245109156847,12
3.3499999999999996,1.4790018881906932,3.3499999999999996,188.92290899808515,178.6717818012915,129.77538499556783,12
3.3499999999999996,1.5195894520454785,3.3499999999999996,226.6935606537705,214.3929638797742,155.72089306626842,12
3.3499999999999996,1.4548487444631557,3.3499999999999996,172.95129080193973,163.5667979934033,118.8041221063859,12
3.3499999999999996,1.5739137178731555,3.3499999999999996,262.41810545626385,248.17906270575745,180.2608844316458,12
3.3499999999999996,1.5519025088090384,3.3499999999999996,201.1821872524735,190.26586057620392,138.19655828613563,12
3.3499999999999996,1.5809972478781549,3.3499999999999996,224.6192003823562,212.43116026497194,154.29596845405516,12
3.3499999999999996,1.6116197364030838,3.3499999999999996,226.80956432588914,214.5026730881643,155.8005785913852,12
3.3499999999999996,1.6680510850943433,3.3499999999999996,241.12369112525988,228.04010247529655,165.6332734515016,12
3.3499999999999996,1.5674810385926583,3.3499999999999996,158.3261179657696,149.7352002075738,108.75776274474842,12
3.3499999999999996,1.5524458833268857,3.3499999999999996,204.14433057265177,193.06727533195703,140.2313209934581,12
3.3499999999999996,1.6312248330038315,3.3499999999999996,248.47219704307523,234.98987184353498,170.68112704259974,12
3.3499999999999996,1.5023356064885305,3.2609624730924804,130.07171151751734,123.01390330070531,89.34917702007932,12
3.3499999999999996,1.4542713476560807,3.2698662257832325,183.7662323670786,173.7949110886753,126.23314811897335,12
3.3499999999999996,1.3586730896914323,3.2605386681375026,147.34107791486485,139.34621832357374,101.21189226584134,12
3.3499999999999996,1.386705232408486,3.2694848013237525,214.69278053880123,203.04335690241814,147.47728794751026,12
3.3499999999999996,1.3075864364288732,3.2775363211913775,153.8035086000052,145.45799169931118,105.65108089901955,12
3.3499999999999996,1.2062169056776906,3.1707716519601683,124.30910143135522,117.56397762794786,85.39071085799723,12
3.3499999999999996,1.1173749607502017,3.0870081230424615,127.136689057963,120.23813780325207,87.33304424042176,12
3.304410745155214,1.0185956531131797,2.9187910338534606,104.29445226298589,98.63534134976877,71.64219928176126,12
3.3089696706396925,1.0394326453360094,2.9619119304681147,195.3145629885015,184.71661888950615,134.16595552914538,12
3.3130727035757235,0.9750949856036749,2.939379825428136,136.6153654222828,129.20249265101685,93.84415970519824,12
3.3167654332181513,0.9228439209421087,2.9482435385972807,143.67403156793887,135.87814921417936,98.692915853755,12
3.3200888898963363,0.9522934468952786,2.9884191847375527,194.87277709518688,184.29880469665991,133.86248288681432,12
3.3230800009067027,0.9371443855654128,3.0245772662637975,167.9036733631465,158.79306882300602,115.33680043585004,12
3.3257720008160323,1.0625314136787636,3.057119539637418,241.79361942486346,228.67367986198863,166.09346223147296,12
3.3281948007344293,1.0908901400188147,3.086407585673676,200.82429182209944,189.9273848742226,137.95071188502277,12
3.3303753206609863,1.159300227639457,3.1127668271063085,221.29001055794566,209.28261527888884,152.0090732676668,12
3.3323377885948875,1.1522167089803503,3.136490144395678,188.7021679331553,178.4630183453565,129.62375300536863,12
3.3341040097353987,1.215431686953376,3.15784112995611,221.74849594389244,209.71622283485647,152.32401716616815,12
3.3356936087618587,1.1916302721450385,3.1770570169604992,180.52935900536036,170.73367339087343,124.0096671820842,12
3.337124247885673,1.1321306808530178,3.1943513152644494,153.87856326746518,145.52897383291634,105.70263763407611,12
3.338411823097106,1.1522408712845438,3.2099161837380046,200.22473342414898,189.36035905494077,137.53886176936453,12
3.3395706407873953,1.2065027586948374,3.223924565364204,217.39073719125375,205.59491999697767,149.33057490529754,12
3.3406135767086558,1.257176761847107,3.2365321088277836,218.2822121971601,206.43802276615116,149.94294908860311,12
3.34155221903779,1.3577480652417908,3.2478788979450055,244.99913188055507,231.7052583247703,168.29540065837747,12
3.3423969971340113,1.3578451230810389,3.258091008150505,201.4114041989335,190.48264000470328,138.3540125495286,12
3.34315729742061,1.3418935664050133,3.2672819073354544,194.00183414607483,183.47511989638673,133.26421263399206,12
3.343841567678549,1.2802945732244813,3.275553716601909,162.68753536169527,153.8599631674597,111.75371820978074,12
3.344457410910694,1.205626340100516,3.275008835847248,149.67286151946863,141.55147724965676,102.81364674135007,12
3.3450116698196246,1.1774586438559476,3.2825079522625233,176.65876920871668,167.0731052826657,121.35087220754546,12
3.345510502837662,1.1261991403835634,3.289257157036271,158.4974502034766,149.89723580375147,108.87545470295768,12
3.345959452553896,1.0738767768102362,3.295331441332644,154.3049582460016,145.9322322358822,105.99553791172485,12
3.346363507298506,1.029433845714091,3.3007982971993797,156.09137332069875,147.62171481968076,107.22266650777597,12
3.3467271565686554,1.016313305763453,3.3057184674794415,174.8117584935414,165.32631503241714,120.08211910648433,12
3.3470544409117897,1.0805406891218163,3.3101466207314973,215.63706903630182,203.93640745556522,148.12594090315196,12
3.3473489968206107,1.053137051756847,3.3141319586583475,168.30410770557918,159.1717752373647,115.61186777008834,12
3.3476140971385497,1.0552595608514679,3.317718762792513,187.65420154073664,177.47191555324778,128.90388137751896,12
3.347852687424695,1.0338152761161816,3.3209468865132616,170.7240552875991,161.46041428404382,117.27418405979203,12
3.3480674186822257,0.999843158587804,3.3238521978619353,160.49715284729743,151.78843278107428,110.24909531570695,12
3.3482606768140033,0.9385731826580016,3.260531237177206,135.51867202353938,128.16530682383276,93.09081640343132,12
3.348434609132603,0.9187852390573694,3.2694781134594857,163.71102821726663,154.82792037887276,112.45677841606484,12
3.3499999999999996,1.9255432331811455,3.3499999999999996,228.71716426275802,216.29977800485585,157.10938265166018,13
3.3499999999999996,1.8910143082811655,3.3499999999999996,211.88097712922573,200.3776518663576,145.5443434676387,13
3.3499999999999996,1.7605995289119822,3.3499999999999996,153.227851903757,144.90888979747749,105.25459816379495,13
3.3499999999999996,1.6630010903951018,3.3499999999999996,166.77474353081038,157.720301048717,114.56016903004699,13
3.3499999999999996,1.6326669824067763,3.3499999999999996,201.46181028053726,190.52415668320734,138.38725546937414,13
3.3499999999999996,1.5797220607119637,3.3499999999999996,189.6796242325973,179.38164258814123,130.29388835263143,13
3.3499999999999996,1.5172641239768887,3.3499999999999996,178.91755269397314,169.20385950753922,122.90125378173502,13
3.3499999999999996,1.5000618130865688,3.3499999999999996,200.7899136259071,189.88873827153213,137.92571919178462,13
3.3499999999999996,1.521933487990175,3.3499999999999996,218.55808323127334,206.69224820303015,150.13095165235353,13
3.3499999999999996,1.4788750074678916,3.3499999999999996,188.92290899808515,178.66601052018757,129.77408887137895,13
3.3499999999999996,1.5194604576571709,3.3499999999999996,226.6935606537705,214.38603876799218,155.71933781281086,13
3.3499999999999996,1.4547248075124266,3.3499999999999996,172.95129080193973,163.56151461870923,118.8029355570537,13
3.3499999999999996,1.5737838703424472,3.3499999999999996,262.41810545626385,248.1710462684636,180.25908408643684,13
3.3499999999999996,1.551771702015249,3.3499999999999996,201.1821872524735,190.25971479450962,138.19517805596317,13
3.3499999999999996,1.5808647879032718,3.3499999999999996,224.6192003823562,212.42429852145108,154.29442743195014,13
3.3499999999999996,1.6114857169012131,3.3499999999999996,226.80956432588914,214.49574443266266,155.79902254207306,13
3.3499999999999996,1.6679129216456066,3.3499999999999996,241.12369112525988,228.03273654699433,165.63161919871544,13
3.3499999999999996,1.5673491883792854,3.3499999999999996,158.3261179657696,149.73036360762023,108.75667653285218,13
3.3499999999999996,1.552313171840145,3.3499999999999996,204.14433057265177,193.06103906170384,140.2299204412102,13
3.3499999999999996,1.6310875814101926,3.3499999999999996,248.47219704307523,234.98228143058157,170.67942237466633,13
3.3499999999999996,1.5022085877802784,3.260956906281571,130.07171151751734,123.00992982594344,89.34828465031602,13
3.3499999999999996,1.4541489473481273,3.269861215653414,183.7662323670786,173.78929733547812,126.23188737267138,13
3.3499999999999996,1.3585556912751766,3.2605282341760704,147.34107791486485,139.34171729834966,101.21088141789224,13
3.3499999999999996,1.3865851692128988,3.2694754107584636,214.69278053880123,203.03679839453756,147.47581502658446,13
3.3499999999999996,1.3074709843834766,3.277527869682617,153.8035086000052,145.45329325756256,105.65002571492943,13
3.3499999999999996,1.2061095847988872,3.170758603502434,124.30910143135522,117.56018019135351,85.3898580231869,13
3.3499999999999996,1.11727491931108,3.086990875784513,127.136689057963,120.2342539885518,87.33217200666856,13
3.304410745155214,1.0185044637133367,2.9187711743841898,104.29445226298589,98.63215532746587,71.64148375941906,13
3.3089696706396925,1.0393368357083566,2.961894056945771,195.3145629885015,184.71065235398814,134.16461555438593,13
3.3130727035757235,0.9750051778979446,2.939358034137597,136.6153654222828,129.198319278496,93.84322244205403,13
3.3167654332181513,0.9227594236692939,2.9482180757849448,143.67403156793887,135.87376021113087,98.69193016393785,13
3.3200888898963363,0.952203675729196,2.98839626820645,194.87277709518688,184.29285165696717,133.86114594297044,13
3.3230800009067027,0.937055864797225,3.0245566413858054,167.9036733631465,158.78793964464168,115.3356485161935,13
3.3257720008160323,1.0624341747328436,3.057100977247225,241.79361942486346,228.66629346848953,166.0918033825779,13
3.3281948007344293,1.0907886933597921,3.0863908795225026,200.82429182209944,189.9212500256393,137.94933411022708,13
3.3303753206609863,1.1591943013823116,3.1127517915702523,221.29001055794566,209.2758552365879,152.00755508579584,13
3.3323377885948875,1.152113184037294,3.1364766124132273,188.7021679331553,178.45725380752546,129.62245839559552,13
3.3341040097353987,1.2153238750986108,3.1578289511719047,221.74849594389244,209.7094487865884,152.3224958388132,13
3.3356936087618587,1.1915252295129617,3.177046056054714,180.52935900536036,170.7281585187816,124.00842864267015,13
3.337124247885673,1.1320287455106146,3.1943414504492424,153.87856326746518,145.5242730983723,105.70158193506609,13
3.338411823097106,1.1521352186805514,3.209907305404318,200.22473342414898,189.3542425218708,137.5374881078982,13
3.3395706407873953,1.2063931765043605,3.2239165748638863,217.39073719125375,205.58827907100215,149.32908347477485,13
3.3406135767086558,1.2570636133389974,3.2365249173774977,218.2822121971601,206.4313546070948,149.94145154202855,13
3.34155221903779,1.3576285452469985,3.247872425639748,244.99913188055507,231.69777400818944,168.29371981774906,13
3.3423969971340113,1.3577236031282773,3.258085183075773,201.4114041989335,190.476487220812,138.35263074679074,13
3.34315729742061,1.3417705055287408,3.267276664768196,194.00183414607483,183.46919346255467,133.26288166533797,13
3.343841567678549,1.280176212684132,3.2755489982913764,162.68753536169527,153.8549933334482,111.75260207595171,13
3.344457410910694,1.2055125204254282,3.2749986178246413,149.67286151946863,141.54690499231617,102.81261989597029,13
3.3450116698196246,1.1773482805400897,3.2824987560421772,176.65876920871668,167.06770865066375,121.34966022269322,13
3.345510502837662,1.126092306231143,3.2892488804379596,158.4974502034766,149.89239396988265,108.8743673156198,13
3.345959452553896,1.073773218858167,3.2953239923941635,154.3049582460016,145.9275184756797,105.99447928739015,13
3.346363507298506,1.0293331935884231,3.3007915931547473,156.09137332069875,147.61694648746467,107.22159562756505,13
3.3467271565686554,1.0162148347830264,3.3057124338392727,174.8117584935414,165.3209748235251,120.08091979323068,13
3.3470544409117897,1.0804376289751334,3.3101411904553455,215.63706903630182,203.92982010123927,148.12446150384204,13
3.3473489968206107,1.0530365616978605,3.314127071409811,168.30410770557918,159.16663382639624,115.61071310321262,13
3.3476140971385497,1.0551609512638398,3.31771436426883,187.65420154073664,177.46618302904957,128.90259395742228,13
3.347852687424695,1.033718736143621,3.320942927841947,170.7240552875991,161.45519894769578,117.27301279062806,13
3.3480674186822257,0.9997487182352328,3.323848635057752,160.49715284729743,151.78352985961078,110.2479942092125,13
3.3482606768140033,0.9384846216943441,3.2605223484783643,135.51867202353938,128.1611669534738,93.08988666426002,13
3.348434609132603,0.9186979045513944,3.2694701136305278,163.71102821726663,154.82291927885439,112.45565526046248,13
3.3499999999999996,1.9255283650485215,3.3499999999999996,228.71716426275802,216.29907929569546,157.10922573324618,14
3.3499999999999996,1.8909994959176593,3.3499999999999996,211.88097712922573,200.37700459014593,145.54419810020636,14
3.3499999999999996,1.7605854596294404,3.3499999999999996,153.227851903757,144.90842170097898,105.2544930371352,14
3.3499999999999996,1.6629876579462155,3.3499999999999996,166.77474353081038,157.71979156775438,114.56005460912746,14
3.3499999999999996,1.632653497787694,3.3499999999999996,201.46181028053726,190.52354123655851,138.3871172503303,14
3.3499999999999996,1.5797085705587701,3.3499999999999996,189.6796242325973,179.3810631349489,130.29375821711707,14
3.3499999999999996,1.5172511852017947,3.3499999999999996,178.91755269397314,169.20331293145074,122.9011310298694,14
3.3499999999999996,1.500048775102772,3.3499999999999996,200.7899136259071,189.88812487746347,137.92558143371608,14
3.3499999999999996,1.5219203003869266,3.3499999999999996,218.55808323127334,206.6915805288952,150.13080170388812,14
3.3499999999999996,1.4788623189885466,3.3499999999999996,188.92290899808515,178.6654333786882,129.7739592550323,14
3.3499999999999996,1.519447557804494,3.3499999999999996,226.6935606537705,214.38534624074816,155.71918228275206,14
3.3499999999999996,1.4547124134197331,3.3499999999999996,172.95129080193973,163.56098626898282,118.80281689852477,14
3.3499999999999996,1.5737708851727932,3.3499999999999996,262.41810545626385,248.1702446061366,180.25890404646015,14
3.3499999999999996,1.5517586209162093,3.3499999999999996,201.1821872524735,190.25910020208246,138.19504002876326,14
3.3499999999999996,1.5808515414808186,3.3499999999999996,224.6192003823562,212.42361233118024,154.29427332506972,14
3.3499999999999996,1.6114723145210577,3.3499999999999996,226.80956432588914,214.49505155103856,155.79886693242634,14
3.3499999999999996,1.6678991048574698,3.3499999999999996,241.12369112525988,228.03199993707568,165.6314537684238,14
3.3499999999999996,1.5673360029349397,3.3499999999999996,158.3261179657696,149.7298799364044,108.75656790837087,14
3.3499999999999996,1.5522999002656994,3.3499999999999996,204.14433057265177,193.06041542021086,140.2297803817412,14
3.3499999999999996,1.6310738558104914,3.3499999999999996,248.47219704307523,234.98152237167704,170.67925190270722,14
3.3499999999999996,1.5021958855019455,3.2609563495820812,130.07171151751734,123.00953246924908,89.34819541063543,14
3.3499999999999996,1.4541367069246411,3.269860714623873,183.7662323670786,173.78873594713488,126.23176129422066,14
3.3499999999999996,1.3585439510569075,3.2605271907454414,147.34107791486485,139.3412671853852,101.21078033003404,14
3.3499999999999996,1.3865731625081472,3.269474471670897,214.69278053880123,203.0361425285343,147.47566773002828,14
3.3499999999999996,1.307459438808538,3.2775270245038075,153.8035086000052,145.45282340248767,105.64992019332279,14
3.3499999999999996,1.2060988523666947,3.170757298613533,124.30910143135522,117.5598004388843,85.38977273712143,14
3.3499999999999996,1.11726491484621,3.0869891510017133,127.136689057963,120.2338655980716,87.33208478064999,14
3.304410745155214,1.018495344480794,2.9187691883716247,104.29445226298589,98.63183671784422,71.64141220501651,14
3.3089696706396925,1.0393272544382102,2.961892269534462,195.3145629885015,184.71005568659444,134.16448155284934,14
3.3130727035757235,0.9749961968392461,2.9393558549365206,136.6153654222828,129.19790193156194,93.84312871289936,14
3.3167654332181513,0.9227509736709241,2.9482155294195542,143.67403156793887,135.87332130064388,98.6918315919691,14
3.3200888898963363,0.9521946983245795,2.9883939764775986,194.87277709518688,184.2922563391873,133.8610122445346,14
3.3230800009067027,0.9370470124364096,3.024554578829839,167.9036733631465,158.78742671490588,115.33553332073706,14
3.3257720008160323,1.0624244505262848,3.057099120946855,241.79361942486346,228.66555481200368,166.09163749266136,14
3.3281948007344293,1.0907785483684238,3.08638920885217,200.82429182209944,189.92063652654863,137.9491963285723,14
3.3303753206609863,1.1591837084167593,3.112750287966953,221.29001055794566,209.27517921667496,152.00740326300806,14
3.3323377885948875,1.1521028312108545,3.1364752591702576,188.7021679331553,178.45667734036908,129.62232893069503,14
3.3341040097353987,1.215313093567247,3.157827733253232,221.74849594389244,209.7087713660464,152.32234370146745,14
3.3356936087618587,1.191514724912751,3.1770449599279087,180.52935900536036,170.7276070187783,124.00830478497546,14
3.337124247885673,1.1320185516493402,3.194340463935118,153.87856326746518,145.52380301401251,105.70147636196589,14
3.338411823097106,1.152124653081192,3.209906417541606,200.22473342414898,189.35363085437388,137.5373507375888,14
3.3395706407873953,1.2063822179337453,3.2239157757874453,217.39073719125375,205.58761496299815,149.32893432720297,14
3.3406135767086558,1.2570522981251775,3.2365241982087007,218.2822121971601,206.43068777571952,149.9413017828329,14
3.34155221903779,1.357616592864069,3.2478717783878306,244.99913188055507,231.69702555916822,168.2935517285926,14
3.3423969971340113,1.3577114507431347,3.2580846005490476,201.4114041989335,190.47587192814888,138.35249256232956,14
3.34315729742061,1.3417581990463034,3.267276140494143,194.00183414607483,183.46860080542254,133.26274856443916,14
3.343841567678549,1.280164376250367,3.2755485264447284,162.68753536169527,153.85449633851738,111.7524904591865,14
3.344457410910694,1.2055011380927578,3.274997595988609,149.67286151946863,141.54644775597484,102.81251720832056,14
3.3450116698196246,1.177337243854431,3.2824978363897483,176.65876920871668,167.06716897494377,121.34953902053518,14
3.345510502837662,1.1260816224731505,3.2892480527507737,158.4974502034766,149.89190977526295,108.87425857359078,14
3.345959452553896,1.0737628627307207,3.295323247475696,154.3049582460016,145.92704708872387,105.99437342174863,14
3.346363507298506,1.0293231280529396,3.3007909227281265,156.09137332069875,147.6164696431809,107.22148853629874,14
3.3467271565686554,1.0162049873690648,3.305711830455314,174.8117584935414,165.320440790247,120.08079985827088,14
3.3470544409117897,1.0804273226298229,3.3101406474097828,215.63706903630182,203.92916135052454,148.1243135594279,14
3.3473489968206107,1.053026512369565,3.3141265826688047,168.30410770557918,159.16611967337167,115.61059763302593,14
3.3476140971385497,1.055151089988713,3.3177139244019243,187.65420154073664,177.46560976333066,128.90246521151124,14
3.347852687424695,1.033709081836641,3.320942531961732,170.7240552875991,161.45467740196176,117.27289566016223,14
3.3480674186822257,0.9997392738969877,3.323848278765559,160.49715284729743,151.78303955609007,110.24788409522625,14
3.3482606768140033,0.9384757653138529,3.2605214595791026,135.51867202353938,128.1607529568337,93.0897936875254,14
3.348434609132603,0.9186891708206062,3.2694693136211925,163.71102821726663,154.82241915725032,112.45554294149863,14
3.3499999999999996,1.9255268782304882,3.3499999999999996,228.71716426275802,216.29900942461737,157.10921004135724,15
3.3499999999999996,1.8909980146765557,3.3499999999999996,211.88097712922573,200.37693986237457,145.5441835634191,15
3.3499999999999996,1.7605840526966716,3.3499999999999996,153.227851903757,144.90837489122052,105.25448252443738,15
3.3499999999999996,1.6629863146970167,3.3499999999999996,166.77474353081038,157.71974061953992,114.56004316700081,15
3.3499999999999996,1.632652149321459,3.3499999999999996,201.46181028053726,190.52347969175077,138.38710342838402,15
3.3499999999999996,1.579707221539122,3.3499999999999996,189.6796242325973,179.38100518949526,130.29374520352619,15
3.3499999999999996,1.5172498913201333,3.3499999999999996,178.91755269397314,169.20325827371508,122.90111875464571,15
3.3499999999999996,1.5000474713002085,3.3499999999999996,200.7899136259071,189.8880635379143,137.92556765786748,15
3.3499999999999996,1.52191898162237,3.3499999999999996,218.55808323127334,206.69151376132683,150.13078670899617,15
3.3499999999999996,1.4788610501365402,3.3499999999999996,188.92290899808515,178.66537566440437,129.77394629335834,15
3.3499999999999996,1.5194462678150868,3.3499999999999996,226.6935606537705,214.38527698786314,155.71916672969908,15
3.3499999999999996,1.4547111740064866,3.3499999999999996,172.95129080193973,163.56093343388753,118.80280503263592,15
3.3499999999999996,1.573769586651661,3.3499999999999996,262.41810545626385,248.1701644397179,180.25888604240794,15
3.3499999999999996,1.551757312802108,3.3499999999999996,201.1821872524735,190.25903874269713,138.19502622600143,15
3.3499999999999996,1.5808502168343233,3.3499999999999996,224.6192003823562,212.42354371199394,154.29425791433502,15
3.3499999999999996,1.6114709742787423,3.3499999999999996,226.80956432588914,214.49498226271544,155.79885137141454,15
3.3499999999999996,1.6678977231742236,3.3499999999999996,241.12369112525988,228.03192627591298,165.63143722534448,15
3.3499999999999996,1.5673346843862748,3.3499999999999996,158.3261179657696,149.72983156917053,108.75655704588986,15
3.3499999999999996,1.5522985731039969,3.3499999999999996,204.14433057265177,193.0603530559168,140.22976637575184,15
3.3499999999999996,1.6310724832461176,3.3499999999999996,248.47219704307523,234.98144646561045,170.6792348554596,15
3.3499999999999996,1.5021946152700372,3.2609562939119483,130.07171151751734,123.00949273348745,89.34818648664034,15
3.3499999999999996,1.4541354828783657,3.2698606645207535,183.7662323670786,173.7886798081703,126.23174868633735,15
3.3499999999999996,1.3585427770313143,3.260527086402034,147.34107791486485,139.3412221739843,101.2107702212176,15
3.3499999999999996,1.3865719618338201,3.269474377761831,214.69278053880123,203.03607694178172,147.47565300032807,15
3.3499999999999996,1.3074582842473401,3.277526939985648,153.8035086000052,145.45277641687113,105.64990964113018,15
3.3499999999999996,1.206097779120032,3.170757168124213,124.30910143135522,117.55976246354923,85.38976420848905,15
3.3499999999999996,1.117263914396513,3.0869889785228644,127.136689057963,120.23382675893346,87.33207605802174,15
3.304410745155214,1.018494432554614,2.9187689897697124,104.29445226298589,98.63180485680816,71.64140504955459,15
3.3089696706396925,1.0393262963081213,2.961892090792741,195.3145629885015,184.7099960197166,134.16446815265513,15
3.3130727035757235,0.9749952987304948,2.9393556370156935,136.6153654222828,129.19786019677173,93.84311933995548,15
3.3167654332181513,0.9227501286683761,2.948215274782174,143.67403156793887,135.87327740949334,98.69182173474235,15
3.3200888898963363,0.9521938005812376,2.988393747303957,194.87277709518688,184.2921968072712,133.8609988746505,15
3.3230800009067027,0.9370461271974879,3.024554372573561,167.9036733631465,158.78737542181327,115.33552180115652,15
3.3257720008160323,1.0624234781025088,3.057098935316205,241.79361942486346,228.6654809461837,166.09162090361946,15
3.3281948007344293,1.0907775338660317,3.0863890417845843,200.82429182209944,189.92057517649715,137.94918255036507,15
3.3303753206609863,1.1591826491168054,3.1127501376061257,221.29001055794566,209.2751116145269,152.0073880806833,15
3.3323377885948875,1.152101795924889,3.1364751238455133,188.7021679331553,178.45661969351963,129.62231598416574,15
3.3341040097353987,1.2153120154106514,3.157827611460962,221.74849594389244,209.708703623835,152.32232848768683,15
3.3356936087618587,1.1915136744493595,3.177044850314866,180.52935900536036,170.72755186864998,124.0082923991685,15
3.337124247885673,1.1320175322599422,3.1943403652833795,153.87856326746518,145.52375600546745,105.70146580462391,15
3.338411823097106,1.1521235965178662,3.2099063287550416,200.22473342414898,189.3535696874823,137.5373370005163,15
3.3395706407873953,1.206381122073168,3.2239156958795374,217.39073719125375,205.5875485520436,149.3289194124006,15
3.3406135767086558,1.2570511666001651,3.2365241262915836,218.2822121971601,206.43062109242726,149.941286806868,15
3.34155221903779,1.3576153976219412,3.247871713662425,244.99913188055507,231.6969507140925,168.29353491962604,15
3.3423969971340113,1.3577102355007213,3.258084542296183,201.4114041989335,190.4758103987398,138.35247874384154,15
3.34315729742061,1.3417569683941108,3.2672760880665646,194.00183414607483,183.4685415395718,133.26273525430898,15
3.343841567678549,1.2801631926031924,3.2755484792599083,162.68753536169527,153.854446638909,111.75247929747616,15
3.344457410910694,1.2054999998558382,3.274997493804669,149.67286151946863,141.5464020322346,102.81250693952447,15
3.3450116698196246,1.1773361401823235,3.282497744424202,176.65876920871668,167.06711500724657,121.34952690028265,15
3.345510502837662,1.1260805540939227,3.289247969981782,158.4974502034766,149.89186135568872,108.87424769935494,15
3.345959452553896,1.0737618271146525,3.2953231729836037,154.3049582460016,145.92699994991887,105.99436283515237,15
3.346363507298506,1.029322121496161,3.300790855685243,156.09137332069875,147.6164219586418,107.22147782713965,15
3.3467271565686554,1.0162040026245083,3.305711770116719,174.8117584935414,165.3203873867952,120.08078786473858,15
3.3470544409117897,1.080426291991984,3.310140593105047,215.63706903630182,203.92909547530016,148.1242987649416,15
3.3473489968206107,1.05302550743351,3.3141265337945423,168.30410770557918,159.1660682579499,115.6105860859723,15
3.3476140971385497,1.0551501038580355,3.317713880415088,187.65420154073664,177.46555243662579,128.9024523368811,15
3.347852687424695,1.0337081164028445,3.3209424923735793,170.7240552875991,161.45462524726733,117.27288394708019,15
3.3480674186822257,0.9997383294601322,3.3238482431362213,160.49715284729743,151.7829905256242,110.24787308379426,15
3.3482606768140033,0.9384748796729615,3.2605213706888825,135.51867202353938,128.16071155707365,93.08978438982378,15
3.348434609132603,0.9186882974447245,3.2694692336199944,163.71102821726663,154.82236914497386,112.45553170956822,15
3.3499999999999996,1.9257779054266562,3.3499999999999996,228.71716426275802,216.31080628084484,156.63977505416813,16
3.3499999999999996,1.8912481002907757,3.3499999999999996,211.88097712922573,200.3878683356818,145.10930433559687,16
3.3499999999999996,1.7608215924495039,3.3499999999999996,153.227851903757,144.91627813252197,104.93998704296658,16
3.3499999999999996,1.663213102422607,3.3499999999999996,166.77474353081038,157.728342587294,114.2177431046281,16
3.3499999999999996,1.6328798178663413,3.3499999999999996,201.46181028053726,190.53387076151964,137.97360922197856,16
3.3499999999999996,1.5799349835195813,3.3499999999999996,189.6796242325973,179.39078855343112,129.90443357377302,16
3.3499999999999996,1.5174683440684327,3.3499999999999996,178.91755269397314,169.21248654765117,122.53389594770185,16
3.3499999999999996,1.5002675990458405,3.3499999999999996,200.7899136259071,189.8984199523557,137.51345249880404,16
3.3499999999999996,1.5221416354788722,3.3499999999999996,218.55808323127334,206.702786628816,149.68220292503545,16
3.3499999999999996,1.4790752769983986,3.3499999999999996,188.92290899808515,178.6751199982094,129.3861877984893,16
3.3499999999999996,1.519664063413932,3.3499999999999996,226.6935606537705,214.39696946993527,155.25388512705072,16
3.3499999999999996,1.454920430569948,3.3499999999999996,172.95129080193973,163.56985397782017,118.44782779582184,16
3.3499999999999996,1.5739888227058811,3.3499999999999996,262.41810545626385,248.18369953522125,179.72028090374187,16
3.3499999999999996,1.5519781684870724,3.3499999999999996,201.1821872524735,190.26941538996883,137.7821059373123,16
3.3499999999999996,1.5810738637691326,3.3499999999999996,224.6192003823562,212.43512920196522,153.83323387272534,16
3.3499999999999996,1.6116972543367334,3.3499999999999996,226.80956432588914,214.5066807280667,155.33333167477576,16
3.3499999999999996,1.6681309999194427,3.3499999999999996,241.12369112525988,228.04436304044884,165.13653822106886,16
3.3499999999999996,1.5675573017927837,3.3499999999999996,158.3261179657696,149.73799777067413,108.43159752919358,16
3.3499999999999996,1.5525226446942986,3.3499999999999996,204.14433057265177,193.07088248568303,139.8107663784582,16
3.3499999999999996,1.631304220404772,3.3499999999999996,248.47219704307523,234.9942622540297,170.16925326745005,16
3.3499999999999996,1.5024090751081043,3.259289632904666,130.07171151751734,123.01620161904475,89.0812182753707,16
3.3499999999999996,1.4543421449566083,3.268360669614199,183.7662323670786,173.7981581690519,125.85457411260083,16
3.3499999999999996,1.3587409938584734,3.257403237405944,147.34107791486485,139.34882178513797,100.90835716338549,16
3.3499999999999996,1.3867746779048453,3.2666629136653493,214.69278053880123,203.04715044329728,147.03500263197162,16
3.3499999999999996,1.3076532147997053,3.2749966222988145,153.8035086000052,145.4607093496009,105.33423264188957,16
3.3499999999999996,1.2062789809178318,3.1668505587450246,124.30910143135522,117.56617412312926,85.13462357824376,16
3.3499999999999996,1.1174328255051942,3.0818252801735384,127.136689057963,120.24038426084587,87.07113189061928,16
3.304410745155214,1.0186483977790517,2.912823215142915,104.29445226298589,98.63718419360885,71.42734387482908,16
3.3089696706396925,1.0394880623779748,2.9565408936286235,195.3145629885015,184.72007002455194,133.7635909833797,16
3.3130727035757235,0.9751469310868083,2.932831489738649,136.6153654222828,129.2049065932656,93.5627204791023,16
3.3167654332181513,0.922892794829089,2.9405919016978173,143.67403156793887,135.88068788041053,98.39693517742641,16
3.3200888898963363,0.9523453712435925,2.9815327115280357,194.87277709518688,184.30224802551473,133.46102845741459,16
3.3230800009067027,0.9371955866737526,3.018379440375232,167.9036733631465,158.7960356179167,114.99090464481718,16
3.3257720008160323,1.0625876574496527,3.051541496337709,241.79361942486346,228.67795226452265,165.59534689199032,16
3.3281948007344293,1.0909488175640467,3.0813873467039383,200.82429182209944,189.93093336410953,137.536996831105,16
3.3303753206609863,1.1593614962194654,3.1082486120335444,221.29001055794566,209.2865253903471,151.55319709940653,16
3.3323377885948875,1.1522765886214088,3.13242375083019,188.7021679331553,178.4663526418626,129.23501055358386,16
3.3341040097353987,1.2154940461778738,3.154181375747171,221.74849594389244,209.7201410475795,151.8671964791724,16
3.3356936087618587,1.1916910296293597,3.173763238172454,180.52935900536036,170.7368632769122,123.63776140904753,16
3.337124247885673,1.1321896410565602,3.1913869143552085,153.87856326746518,145.53169280939386,105.38563475797297,16
3.338411823097106,1.1523019815814175,3.2072482229196875,200.22473342414898,189.36389695085583,137.12638185653796,16
3.3395706407873953,1.2065661418954314,3.221523400627719,217.39073719125375,205.59876120973854,148.88273157049832,16
3.3406135767086558,1.257242207833861,3.234371060564947,218.2822121971601,206.44187973094097,149.4932692397707,16
3.34155221903779,1.3578171965465398,3.2459339545084527,244.99913188055507,231.70958736750663,167.7906816916822,16
3.3423969971340113,1.3579154111772027,3.2563405590576076,201.4114041989335,190.48619886864574,137.93908799437753,16
3.34315729742061,1.3419647457834516,3.2657065031518466,194.00183414607483,183.47854783600633,132.86455242084924,16
3.343841567678549,1.2803630338916634,3.274135852836662,162.68753536169527,153.86283779516893,111.41856810491426,16
3.344457410910694,1.205692174295527,3.271938295257217,149.67286151946863,141.55412191296236,102.50530796713241,16
3.3450116698196246,1.1775224788656036,3.279744465731495,176.65876920871668,167.076226776835,120.9869401773856,16
3.345510502837662,1.1262609340973382,3.2867700191583458,158.4974502034766,149.90003639422815,108.54893652847883,16
3.345959452553896,1.0739366755439679,3.2930930172425112,154.3049582460016,145.934958746599,105.67765662584398,16
3.346363507298506,1.0294920636949845,3.29878371551826,156.09137332069875,147.6244728956817,106.90110505550562,16
3.3467271565686554,1.0163702621527888,3.303905343966434,174.8117584935414,165.32940389060016,119.72199207486662,16
3.3470544409117897,1.0806002999209985,3.3085148095697905,215.63706903630182,203.9402176816678,147.6817102733133,16
3.3473489968206107,1.0531951759970977,3.3126633286128113,168.30410770557918,159.17474910779995,115.26514705038737,16
3.3476140971385497,1.055316597412299,3.3163969957515302,187.65420154073664,177.47523133258093,128.5172978252807,16
3.347852687424695,1.033871115595385,3.3197572961763773,170.7240552875991,161.4634309140449,116.92247804306703,16
3.3480674186822257,0.9998977836302968,3.3227815665587395,160.49715284729743,151.7912687055464,109.91845758437768,16
3.3482606768140033,0.9386244070157181,3.2578601616043206,135.51867202353938,128.16770138792063,92.81163645864285,16
3.348434609132603,0.9188357540223189,3.2670741454438885,163.71102821726663,154.8308130913167,112.11951982921103,16
3.3499999999999996,1.9255512977389995,3.3499999999999996,228.71716426275802,216.3001569890638,157.06173375620483,17
3.3499999999999996,1.8910223425895398,3.3499999999999996,211.88097712922573,200.3780029530133,145.50020207335038,17
3.3499999999999996,1.7606071601691076,3.3499999999999996,153.227851903757,144.90914369593884,105.22267603884315,17
3.3499999999999996,1.6630083762301093,3.3499999999999996,166.77474353081038,157.72057739436988,114.52542466643652,17
3.3499999999999996,1.632674296539189,3.3499999999999996,201.46181028053726,190.5244905053097,138.3452847114415,17
3.3499999999999996,1.5797293778461095,3.3499999999999996,189.6796242325973,179.38195688716814,130.25437219032582,17
3.3499999999999996,1.5172711420404856,3.3499999999999996,178.91755269397314,169.20415597381984,122.86397969349191,17
3.3499999999999996,1.500068884961518,3.3499999999999996,200.7899136259071,189.88907098030202,137.8838884108124,17
3.3499999999999996,1.521940641019547,3.3499999999999996,218.55808323127334,206.69261035364684,150.08541920929272,17
3.3499999999999996,1.4788818897696818,3.3499999999999996,188.92290899808515,178.6663235653377,129.73473035638077,17
3.3499999999999996,1.5194674546090323,3.3499999999999996,226.6935606537705,214.3864143990901,155.67211049689507,17
3.3499999999999996,1.4547315301372594,3.3499999999999996,172.95129080193973,163.56180119889737,118.7669044266361,17
3.3499999999999996,1.5737909135707122,3.3499999999999996,262.41810545626385,248.17148109511155,180.20441423726828,17
3.3499999999999996,1.5517787972761465,3.3499999999999996,201.1821872524735,190.2600481532767,138.15326555219994,17
3.3499999999999996,1.5808719728365082,3.3499999999999996,224.6192003823562,212.42467071533525,154.2476322697646,17
3.3499999999999996,1.6114929864267746,3.3499999999999996,226.80956432588914,214.4961202559787,155.75177105898612,17
3.3499999999999996,1.667920415948363,3.3499999999999996,241.12369112525988,228.03313608881012,165.5813856380324,17
3.3499999999999996,1.5673563402376571,3.3499999999999996,158.3261179657696,149.73062595390556,108.72369228058965,17
3.3499999999999996,1.5523203704159623,3.3499999999999996,204.14433057265177,193.06137732874075,140.18739083090907,17
3.3499999999999996,1.6310950262518342,3.3499999999999996,248.47219704307523,234.98269314886736,170.62765789175734,17
3.3499999999999996,1.5022154775667167,3.2607878495085156,130.07171151751734,123.01014535469368,89.32118666926253,17
3.3499999999999996,1.454155586621927,3.2697090645576643,183.7662323670786,173.78960183601808,126.19360315372126,17
3.3499999999999996,1.3585620592348835,3.2602113684016367,147.34107791486485,139.34196144242995,101.18018569096472,17
3.3499999999999996,1.3865916817163564,3.269190231561473,214.69278053880123,203.03715414034988,147.43108784623533,17
3.3499999999999996,1.3074772467675584,3.2772712084053257,153.8035086000052,145.45354810988673,105.61798366279235,17
3.3499999999999996,1.2061154061298194,3.1703623388917253,124.30910143135522,117.56038617146216,85.36396057295684,17
3.3499999999999996,1.1172803457884863,3.0864670990979794,127.136689057963,120.23446465397153,87.30568548203452,17
3.304410745155214,1.0185094100358036,2.918168068253231,104.29445226298589,98.63232814331252,71.61975598280694,17
3.3089696706396925,1.0393420326425906,2.9613512614279083,195.3145629885015,184.71097599010528,134.12392545916396,17
3.3130727035757235,0.97501004927415,2.9386962611191034,136.6153654222828,129.1985456500769,93.81476121446934,17
3.3167654332181513,0.9227640069954224,2.9474448034471346,143.67403156793887,135.8739982789175,98.66199839676199,17
3.3200888898963363,0.952208545123407,2.987700323102421,194.87277709518688,184.29317456104536,133.82054788548385,17
3.3230800009067027,0.9370606663669827,3.023930290792179,167.9036733631465,158.7882178609306,115.30066896140389,17
3.3257720008160323,1.0624394491965832,3.056537261712961,241.79361942486346,228.66669412037612,166.04143025500395,17
3.3281948007344293,1.0907941960595533,3.085883535541665,200.82429182209944,189.92158279137388,137.90749616720788,17
3.3303753206609863,1.1592000470657626,3.112295181987499,221.29001055794566,209.27622191400656,151.96145349734542,17
3.3323377885948875,1.152118799467954,3.136065663788749,188.7021679331553,178.45756648690787,129.58314586782336,17
3.3341040097353987,1.215329723061207,3.157459097409874,221.74849594389244,209.70981622371707,152.27629873360388,17
3.3356936087618587,1.1915309272665595,3.176713187668887,180.52935900536036,170.72845765582426,123.97081876506611,17
3.337124247885673,1.1320342747176846,3.1940418689019983,153.87856326746518,145.52452807506197,105.66952424670856,17
3.338411823097106,1.1521409495204267,3.2096376820117984,200.22473342414898,189.35457429413745,137.4957750715318,17
3.3395706407873953,1.2063991204940312,3.2236739138106185,217.39073719125375,205.58863928732706,149.28379422618355,17
3.3406135767086558,1.257069750773927,3.236306522429557,218.2822121971601,206.43171630059328,149.8959765714802,17
3.34155221903779,1.3576350282859984,3.247675870186601,244.99913188055507,231.69817997160828,168.24267888228073,17
3.3423969971340113,1.3577301946495905,3.257908283167941,201.4114041989335,190.47682095939152,138.31067049001186,17
3.34315729742061,1.3417771806332839,3.2671174548511472,194.00183414607483,183.4695149234808,133.2224650523427,17
3.343841567678549,1.2801826328316601,3.2754057093660327,162.68753536169527,153.85526290659956,111.71870920486208,17
3.344457410910694,1.2055186942659963,3.27468830983021,149.67286151946863,141.54715300016053,102.78143838602968,17
3.3450116698196246,1.1773542668997954,3.282219478847189,176.65876920871668,167.06800137414152,121.31285670926896,17
3.345510502837662,1.126098101160919,3.28899753096247,158.4974502034766,149.89265660006527,108.84134736952593,17
3.345959452553896,1.0737788360793121,3.295097777866223,154.3049582460016,145.9277741589056,105.96233276770322,17
3.346363507298506,1.0293386531908708,3.300588000079601,156.09137332069875,147.61720513077938,107.18907694208369,17
3.3467271565686554,1.016220176075147,3.305529200071641,174.8117584935414,165.32126448650706,120.04450106955643,17
3.3470544409117897,1.0804432191941709,3.3099762800644768,215.63706903630182,203.9301774117371,148.0795375988437,17
3.3473489968206107,1.0530420125094389,3.313978652058029,168.30410770557918,159.1669127062046,115.57565012550114,17
3.3476140971385497,1.0551663000743332,3.317580786852226,187.65420154073664,177.46649397195222,128.86349975362785,17
3.347852687424695,1.0337239726934404,3.3208227081670034,170.7240552875991,161.45548183735593,117.23744566260625,17
3.3480674186822257,0.999753840896842,3.323740437350303,160.49715284729743,151.78379580329963,110.2145576628931,17
3.3482606768140033,0.9384894254443964,3.260252410309597,135.51867202353938,128.16139150783442,93.06165391200324,17
3.348434609132603,0.9187026417755654,3.269227169278637,163.71102821726663,154.8231905479328,112.42154916399366,17
3.3499999999999996,1.9255291659524976,3.3499999999999996,228.71716426275802,216.29911693314,157.1044555321921,18
3.3499999999999996,1.8910002938175114,3.3499999999999996,211.88097712922573,200.377039457046,145.53977904025652,18
3.3499999999999996,1.7605862175016365,3.3499999999999996,153.227851903757,144.90844691598542,105.25129726622306,18
3.3499999999999996,1.6629883815139956,3.3499999999999996,166.77474353081038,157.7198190120224,114.55657629974935,18
3.3499999999999996,1.632654224165734,3.3499999999999996,201.46181028053726,190.52357438889194,138.38291549598077,18
3.3499999999999996,1.5797092972349167,3.3499999999999996,189.6796242325973,179.38109434841888,130.28980219594845,18
3.3499999999999996,1.5172518821767726,3.3499999999999996,178.91755269397314,169.2033423739261,122.8973994660351,18
3.3499999999999996,1.50004947742184,3.3499999999999996,200.7899136259071,189.88815791923037,137.92139369266607,18
3.3499999999999996,1.5219210107655683,3.3499999999999996,218.55808323127334,206.6916164945725,150.1262433839983,18
3.3499999999999996,1.4788630024808045,3.3499999999999996,188.92290899808515,178.66546446763388,129.77001901616762,18
3.3499999999999996,1.5194482526828315,3.3499999999999996,226.6935606537705,214.38538354519068,155.7144542866462,18
3.3499999999999996,1.4547130810542204,3.3499999999999996,172.95129080193973,163.56101472965665,118.79920976902775,18
3.3499999999999996,1.5737715846469134,3.3499999999999996,262.41810545626385,248.17028778937083,180.25343096739635,18
3.3499999999999996,1.5517593255577724,3.3499999999999996,201.1821872524735,190.2591333084014,138.19084410632436,18
3.3499999999999996,1.5808522550278834,3.3499999999999996,224.6192003823562,212.42364929426827,154.28958859250983,18
3.3499999999999996,1.61147303646912,3.3499999999999996,226.80956432588914,214.49508887457054,155.79413651690945,18
3.3499999999999996,1.6678998491285104,3.3499999999999996,241.12369112525988,228.03203961612465,165.6264248127296,18
3.3499999999999996,1.5673367131972875,3.3499999999999996,158.3261179657696,149.72990599037587,108.75326580633042,18
3.3499999999999996,1.5523006151676306,3.3499999999999996,204.14433057265177,193.06044901397695,140.2255226798585,18
3.3499999999999996,1.6310745951694705,3.3499999999999996,248.47219704307523,234.98156325998795,170.6740696841358,18
3.3499999999999996,1.5021965697375161,3.260939426206136,130.07171151751734,123.0095538737066,89.34548259186916,18
3.3499999999999996,1.4541373662814063,3.2698454835855224,183.7662323670786,173.78876618750357,126.22792860471449,18
3.3499999999999996,1.3585445834690417,3.260495470995159,147.34107791486485,139.3412914316706,101.20770733563313,18
3.3499999999999996,1.3865738092751494,3.2694459238956433,214.69278053880123,203.03617785814163,147.47119002617373,18
3.3499999999999996,1.30746006073579,3.277501331506079,153.8035086000052,145.45284871222353,105.64671241632362,18
3.3499999999999996,1.2060994304922619,3.170717630667319,124.30910143135522,117.55982089505304,85.38718010526283,18
3.3499999999999996,1.11726545375825,3.0869367184986127,127.136689057963,120.23388651954504,87.32943317568584,18
3.304410745155214,1.018495835707889,2.918708814619041,104.29445226298589,98.63185388042437,71.63923700532078,18
3.3089696706396925,1.0393277705539554,2.961837933157137,195.3145629885015,184.71008782734367,134.16040800752867,18
3.3130727035757235,0.9749966806233096,2.939289608353317,136.6153654222828,129.19792441283593,93.84027941751637,18
3.3167654332181513,0.9227514288482795,2.9481381212314988,143.67403156793887,135.87334494348417,98.6888350787033,18
3.3200888898963363,0.952195181911808,2.988324309108349,194.87277709518688,184.29228840723678,133.85694791324707,18
3.3230800009067027,0.9370474892878845,3.024491878197514,167.9036733631465,158.78745434494934,115.33203146602389,18
3.3257720008160323,1.0624249743416079,3.0570426903777626,241.79361942486346,228.66559460129534,166.08659456472037,18
3.3281948007344293,1.0907790948502263,3.0863384213399865,200.82429182209944,189.92066957397273,137.94500787051925,18
3.3303753206609863,1.159184279029656,3.112704579205988,221.29001055794566,209.2752156319153,152.00278796513564,18
3.3323377885948875,1.1521033888881411,3.1364341212853892,188.7021679331553,178.45670839298987,129.61839329567925,18
3.3341040097353987,1.2153136743376471,3.1577907091568505,221.74849594389244,209.7088078567345,152.3177188412717,18
3.3356936087618587,1.1915152907656583,3.1770116382411655,180.52935900536036,170.7276367264907,124.00453960477404,18
3.337124247885673,1.1320191007636256,3.194310474417049,153.87856326746518,145.5238283360993,105.69826701960166,18
3.338411823097106,1.1521252222199496,3.209879426975344,200.22473342414898,189.35366380313542,137.53317478412455,18
3.3395706407873953,1.206382808240746,3.2238914842778095,217.39073719125375,205.58765073657827,149.32440035386944,18
3.3406135767086558,1.2570529076435324,3.2365023358500284,218.2822121971601,206.43072369599986,149.9367492166009,18
3.34155221903779,1.3576172367049097,3.2478521022650257,244.99913188055507,231.69706587595542,168.2884419454204,18
3.3423969971340113,1.3577121053575254,3.2580668920385234,201.4114041989335,190.47590507218766,138.34829185926594,18
3.34315729742061,1.3417588619614766,3.267260202834671,194.00183414607483,183.46863273015055,133.2587023978267,18
3.343841567678549,1.2801650138453562,3.275534182551204,162.68753536169527,153.8545231101989,111.7490973939779,18
3.344457410910694,1.2055017512266137,3.274966532702865,149.67286151946863,141.546472385976,102.80939558146723,18
3.3450116698196246,1.1773378383692663,3.2824698794325786,176.65876920871668,167.06719804571622,121.34585456663856,18
3.345510502837662,1.1260821979767772,3.2892228914893207,158.4974502034766,149.8919358574287,108.8709528981883,18
3.345959452553896,1.0737634205858226,3.295300602340389,154.3049582460016,145.92707248097773,105.99115518634927,18
3.346363507298506,1.0293236702546797,3.30077054210635,156.09137332069875,147.61649532940524,107.21823304283393,18
3.3467271565686554,1.0162055178212195,3.305693487895715,174.8117584935414,165.3204695570773,120.07715392624247,18
3.3470544409117897,1.0804278778033025,3.3101241391061436,215.63706903630182,203.92919683552293,148.11981616117913,18
3.3473489968206107,1.0530270536982695,3.3141117251955294,168.30410770557918,159.1661473693101,115.60708742672126,18
3.3476140971385497,1.055151621187529,3.3177005526759764,187.65420154073664,177.46564064349926,128.89855143323018,18
3.347852687424695,1.033709601886672,3.3209304974083786,170.7240552875991,161.4547054961242,117.26933498262801,18
3.3480674186822257,0.9997397826366007,3.323837447667541,160.49715284729743,151.78306596732463,110.24453671336201,18
3.3482606768140033,0.9384762423818557,3.260494437502262,135.51867202353938,128.16077525763703,93.0869672651438,18
3.348434609132603,0.9186896412818186,3.269444993752036,163.71102821726663,154.8224460973567,112.4521285299835,18
3.3499999999999996,1.9255269582651613,3.3499999999999996,228.71716426275802,216.2990131857423,157.1087329681397,19
3.3499999999999996,1.8909980944110254,3.3499999999999996,211.88097712922573,200.37694334663792,145.54374160822167,19
3.3499999999999996,1.7605841284311607,3.3499999999999996,153.227851903757,144.90837741096624,105.254162911764,19
3.3499999999999996,1.6629863870034511,3.3499999999999996,166.77474353081038,157.7197433620566,114.55969529733497,19
3.3499999999999996,1.6326522219087234,3.3499999999999996,201.46181028053726,190.52348300467673,138.3866832061661,19
3.3499999999999996,1.5797072941561763,3.3499999999999996,189.6796242325973,179.38100830866983,130.2933495573624,19
3.3499999999999996,1.5172499609691374,3.3499999999999996,178.91755269397314,169.2032612159135,122.90074555671448,19
3.3499999999999996,1.5000475414832497,3.3499999999999996,200.7899136259071,189.88806683979132,137.92514883713557,19
3.3499999999999996,1.5219190526108077,3.3499999999999996,218.55808323127334,206.69151735539137,150.13033082625415,19
3.3499999999999996,1.4788611184382103,3.3499999999999996,188.92290899808515,178.66537877113515,129.77355222560067,19
3.3499999999999996,1.5194463372545723,3.3499999999999996,226.6935606537705,214.38528071571108,155.7186938774463,19
3.3499999999999996,1.4547112407234826,3.3499999999999996,172.95129080193973,163.56093627797418,118.8024442795239,19
3.3499999999999996,1.5737696565504047,3.3499999999999996,262.41810545626385,248.1701687550359,180.2583386735635,19
3.3499999999999996,1.5517573832172364,3.3499999999999996,201.1821872524735,190.2590420510249,138.19460658703952,19
3.3499999999999996,1.580850288139382,3.3499999999999996,224.6192003823562,212.4235474057302,154.2937893889185,19
3.3499999999999996,1.6114710464233162,3.3499999999999996,226.80956432588914,214.4949859924709,155.7983782771937,19
3.3499999999999996,1.667897797549542,3.3499999999999996,241.12369112525988,228.0319302410563,165.63093427378195,19
3.3499999999999996,1.5673347553630903,3.3499999999999996,158.3261179657696,149.7298341727544,108.75622679891973,19
3.3499999999999996,1.5522986445444482,3.3499999999999996,204.14433057265177,193.06035641295546,140.22934055815765,19
3.3499999999999996,1.631072557130572,3.3499999999999996,248.47219704307523,234.9814505515958,170.67871657590288,19
3.3499999999999996,1.502194683645986,3.2609546013974042,130.07171151751734,123.00949487244351,89.34791517455878,19
3.3499999999999996,1.454135548768165,3.2698591412576636,183.7662323670786,173.78868283010254,126.23136537471304,19
3.3499999999999996,1.3585428402285251,3.2605239140953466,147.34107791486485,139.34122459692534,101.21046288756234,19
3.3499999999999996,1.386572026465519,3.2694715226858118,214.69278053880123,203.0360804722836,147.47520518008716,19
3.3499999999999996,1.3074583463967926,3.2775243704172308,153.8035086000052,145.45277894608324,105.64958882771437,19
3.3499999999999996,1.2060978368923638,3.170753200914826,124.30910143135522,117.55976450774243,85.38950491643644,19
3.3499999999999996,1.1172639682502206,3.086983734724324,127.136689057963,120.23382884962473,87.33181086800194,19
3.304410745155214,1.018494481643145,2.918762951763191,104.29445226298589,98.63180657187168,71.64118750536599,19
3.3089696706396925,1.0393263478837858,2.961886656586872,195.3145629885015,184.70999923155466,134.1640607527676,19
3.3130727035757235,0.9749953470752405,2.9393490116647043,136.6153654222828,129.1978624433345,93.84283437869271,19
3.3167654332181513,0.9227501741544413,2.9482075331539948,143.67403156793887,135.87327977213187,98.69152205005216,19
3.3200888898963363,0.9521938489063135,2.9883867798385952,194.87277709518688,184.29220001184433,133.86059239626886,19
3.3230800009067027,0.9370461748494572,3.0245481018547355,167.9036733631465,158.78737818289466,115.33517157669505,19
3.3257720008160323,1.0624235304475953,3.057093291669262,241.79361942486346,228.6654849223436,166.09111655467663,19
3.3281948007344293,1.0907775884761892,3.086383962502336,200.82429182209944,189.92057847893958,137.94876365792484,19
3.3303753206609863,1.159182706138393,3.1127455662521024,221.29001055794566,209.27511525351647,152.00692649950864,19
3.3323377885948875,1.1521018516538155,3.1364710096268924,188.7021679331553,178.45662279662054,129.62192237684425,19
3.3341040097353987,1.2153120734472826,3.157823908664203,221.74849594389244,209.70870727036416,152.3218659501734,19
3.3356936087618587,1.1915137309952792,3.177041517797783,180.52935900536036,170.72755483735364,124.00791583922627,19
3.337124247885673,1.1320175871331641,3.1943373660180048,153.87856326746518,145.5237585359138,105.7011448346542,19
3.338411823097106,1.1521236533921424,3.209903629416204,200.22473342414898,189.35357298006528,137.53691935867417,19
3.3395706407873953,1.2063811810627956,3.2239132664745838,217.39073719125375,205.5875521269119,149.3284659645853,19
3.3406135767086558,1.2570512275095918,3.236521939827125,218.2822121971601,206.43062468195538,149.94083149955583,19
3.34155221903779,1.3576154619612284,3.2478697458444126,244.99913188055507,231.6969547429653,168.2930238844157,19
3.3423969971340113,1.3577103009166138,3.2580827712599714,201.4114041989335,190.47581371083692,138.35205862676392,19
3.34315729742061,1.3417570346395045,3.267274494133974,194.00183414607483,183.4685447298227,133.2623305925971,19
3.343841567678549,1.2801632563183294,3.275547044720577,162.68753536169527,153.8544493142139,111.75213995317638,19
3.344457410910694,1.2055000611265638,3.274994387151299,149.67286151946863,141.54640449352053,102.8121947420825,19
3.3450116698196246,1.1773361995924425,3.282494948436169,176.65876920871668,167.0671179123006,121.34915841386972,19
3.345510502837662,1.1260806116042437,3.289245453592552,158.4974502034766,149.89186396209004,108.87391709500882,19
3.345959452553896,1.073761882861349,3.295320908233297,154.3049582460016,145.92700248737702,105.99404097578017,19
3.346363507298506,1.0293221756786104,3.300788817409967,156.09137332069875,147.61642452547656,107.22115224154604,19
3.3467271565686554,1.0162040556328167,3.3057099356689705,174.8117584935414,165.32039026147615,120.08042323094138,19
3.3470544409117897,1.0804263474707052,3.3101389421020735,215.63706903630182,203.92909902133042,148.12384897504202,19
3.3473489968206107,1.053025561528717,3.3141250478918662,168.30410770557918,159.16607102561613,115.61023502625868,19
3.3476140971385497,1.0551501569409583,3.3177125431026795,187.65420154073664,177.46555552249347,128.90206091547645,19
3.347852687424695,1.0337081683716645,3.3209412887924117,170.7240552875991,161.45462805472832,117.27252783968163,19
3.3480674186822257,0.9997383802986971,3.3238471599131705,160.49715284729743,151.7829931649095,110.24753830833761,19
3.3482606768140033,0.938474927346569,3.2605186681986575,135.51867202353938,128.1607137856019,93.08950171611579,19
3.348434609132603,0.9186883444581126,3.2694668013787918,163.71102821726663,154.82237183710953,112.45519023040013,19
3.3499999999999996,1.9255267375515457,3.3499999999999996,228.71716426275802,216.29900281359414,157.10916076431502,20
3.3499999999999996,1.890997874525288,3.3499999999999996,211.88097712922573,200.37693373799792,145.54413791372815,20
3.3499999999999996,1.7605839195762696,3.3499999999999996,153.227851903757,144.9083704622006,105.25444951154412,20
3.3499999999999996,1.6629861876021923,3.3499999999999996,166.77474353081038,157.71973579894978,114.56000723543394,20
3.3499999999999996,1.6326520217330118,3.3499999999999996,201.46181028053726,190.52347386853805,138.3870600234994,20
3.3499999999999996,1.5797070938983122,3.3499999999999996,189.6796242325973,179.38099970684428,130.29370433710992,20
3.3499999999999996,1.5172497688963398,3.3499999999999996,178.91755269397314,169.20325310213957,122.90108020691433,20
3.3499999999999996,1.5000473479377243,3.3499999999999996,200.7899136259071,189.8880577341226,137.92552439774275,20
3.3499999999999996,1.5219188568442201,3.3499999999999996,218.55808323127334,206.6915074439498,150.13073962072482,20
3.3499999999999996,1.4788609300809892,3.3499999999999996,188.92290899808515,178.66537020362608,129.77390558997607,20
3.3499999999999996,1.5194461457595685,3.3499999999999996,226.6935606537705,214.38527043533185,155.71911788864165,20
3.3499999999999996,1.4547110567363561,3.3499999999999996,172.95129080193973,163.56092843476566,118.80276777033389,20
3.3499999999999996,1.573769463788893,3.3499999999999996,262.41810545626385,248.17015685457594,180.25882950450836,20
3.3499999999999996,1.5517571890316775,3.3499999999999996,201.1821872524735,190.2590329275668,138.19498288136148,20
3.3499999999999996,1.5808500914996393,3.3499999999999996,224.6192003823562,212.42353721942155,154.29420952019782,20
3.3499999999999996,1.6114708474684212,3.3499999999999996,226.80956432588914,214.494975706831,155.79880250536414,20
3.3499999999999996,1.6678975924428667,3.3499999999999996,241.12369112525988,228.0319193062816,165.6313852753199,20
3.3499999999999996,1.5673345596285517,3.3499999999999996,158.3261179657696,149.72982699278626,108.75652293457675,20
3.3499999999999996,1.5522984475313304,3.3499999999999996,204.14433057265177,193.06034715516643,140.229722392919,20
3.3499999999999996,1.6310723533775657,3.3499999999999996,248.47219704307523,234.981439283572,170.6791813222017,20
3.3499999999999996,1.502194495083923,3.2609561190917096,130.07171151751734,123.00948897379104,89.3481584627304,20
3.3499999999999996,1.4541353670622188,3.2698605071825386,183.7662323670786,173.78867449644466,126.23170909395948,20
3.3499999999999996,1.358542665947997,3.260526758733705,147.34107791486485,139.34121791512038,101.21073847662798,20
3.3499999999999996,1.3865718482290674,3.2694740828603344,214.69278053880123,203.03607073613043,147.47560674483498,20
3.3499999999999996,1.3074581750056944,3.277526674574301,153.8035086000052,145.45277197121197,105.64987650421187,20
3.3499999999999996,1.2060976775721612,3.1707567583501897,124.30910143135522,117.55975887041993,85.38973742613163,20
3.3499999999999996,1.1172638197365063,3.086988436889637,127.136689057963,120.2338230840733,87.33204866646142,20
3.304410745155214,1.0184943462704772,2.9187683661025496,104.29445226298589,98.63180184219819,71.64138257934712,20
3.3089696706396925,1.0393262056522885,2.9618915294922945,195.3145629885015,184.7099903741889,134.164426072193,20
3.3130727035757235,0.9749952137537282,2.939354952681578,136.6153654222828,129.19785624793235,93.8430899062173,20
3.3167654332181513,0.9227500487163834,2.948214475147516,143.67403156793887,135.87327325662463,98.69179078021672,20
3.3200888898963363,0.9521937156390452,2.9883930276327644,194.87277709518688,184.2921911745132,133.860956889371,20
3.3230800009067027,0.937046043438432,3.024553724869488,167.9036733631465,158.78737056859168,115.33548562636209,20
3.3257720008160323,1.0624233860942438,3.0570983523825395,241.79361942486346,228.66547395718823,166.09156880925906,20
3.3281948007344293,1.0907774378763953,3.0863885171442855,200.82429182209944,189.92056937171182,137.94913928283358,20
3.3303753206609863,1.1591825488885372,3.112749665429857,221.29001055794566,209.27510521818408,152.00734040381903,20
3.3323377885948875,1.1521016979687633,3.1364746988868712,188.7021679331553,178.45661423912182,129.62227532834208,20
3.3341040097353987,1.2153119133982155,3.157827228998184,221.74849594389244,209.70869721423975,152.32228071204202,20
3.3356936087618587,1.1915135750571841,3.177044506098366,180.52935900536036,170.72754665048558,124.00825350417402,20
3.337124247885673,1.132017435807909,3.1943400554885293,153.87856326746518,145.52375155763886,105.70143265153507,20
3.338411823097106,1.1521234965485305,3.2099060499396765,200.22473342414898,189.35356390002707,137.5372938621594,20
3.3395706407873953,1.2063810183856263,3.223915444945709,217.39073719125375,205.5875422684085,149.32887257563354,20
3.3406135767086558,1.2570510595381457,3.236523900451138,218.2822121971601,206.4306147830243,149.94123977803295,20
3.34155221903779,1.3576152845311702,3.2478715104060245,244.99913188055507,231.69694363244233,168.2934821346389,20
3.3423969971340113,1.3577101205175741,3.258084359365422,201.4114041989335,190.4758045769841,138.3524353498169,20
3.34315729742061,1.3417568519529297,3.2672759234288797,194.00183414607483,183.46853593198819,133.26269345667387,20
3.343841567678549,1.2801630806095066,3.2755483310859916,162.68753536169527,153.85444193645878,111.75244424649702,20
3.344457410910694,1.2054998921587552,3.2749971729176868,149.67286151946863,141.54639770597095,102.81247469255284,20
3.3450116698196246,1.177336035755675,3.282497455625918,176.65876920871668,167.06710990096073,121.34948883920553,20
3.345510502837662,1.126080453006597,3.2892477100633264,158.4974502034766,149.8918567743521,108.87421355112836,20
3.345959452553896,1.0737617291272938,3.2953229390569936,154.3049582460016,145.9269954897654,105.99432959019693,20
3.346363507298506,1.0293220262583183,3.3007906451512943,156.09137332069875,147.61641744685238,107.22144419730161,20
3.3467271565686554,1.0162039094504824,3.305711580636165,174.8117584935414,165.32038233389684,120.08075020159932,20
3.3470544409117897,1.0804261944756526,3.3101404225725486,215.63706903630182,203.9290892423545,148.12425230600184,20
3.3473489968206107,1.053025412349016,3.314126380315294,168.30410770557918,159.16606339315382,115.61054982490441,20
3.3476140971385497,1.0551500105528582,3.3177137422837646,187.65420154073664,177.46554701251915,128.9024119068415,20
3.347852687424695,1.0337080250559534,3.320942368055388,170.7240552875991,161.4546203125232,117.2728471646353,20
3.3480674186822257,0.9997382400999181,3.323848131249849,160.49715284729743,151.78298588648656,110.24783850473237,20
3.3482606768140033,0.938474795875872,3.26052109154801,135.51867202353938,128.16070763993395,93.08975519236785,20
3.348434609132603,0.9186882148081191,3.269468982393209,163.71102821726663,154.82236441293986,112.45549643807789,20
3.3499999999999996,1.9255267154807363,3.3499999999999996,228.71716426275802,216.2990017764053,157.10920354445838,21
3.3499999999999996,1.8909978525372644,3.3499999999999996,211.88097712922573,200.37693277715803,145.54417754476592,21
3.3499999999999996,1.7605838986913032,3.3499999999999996,153.227851903757,144.90836976734138,105.25447817187441,21
3.3499999999999996,1.6629861676625652,3.3499999999999996,166.77474353081038,157.71973504265804,114.56003842962724,21
3.3499999999999996,1.6326520017159414,3.3499999999999996,201.46181028053726,190.523472954947,138.38709770569585,21
3.3499999999999996,1.5797070738730266,3.3499999999999996,189.6796242325973,179.38099884668313,130.2937398155207,21
3.3499999999999996,1.5172497496895403,3.3499999999999996,178.91755269397314,169.20325229078247,122.90111367234564,21
3.3499999999999996,1.500047328583656,3.3499999999999996,200.7899136259071,189.88805682357852,137.9255619542651,21
3.3499999999999996,1.521918837268051,3.3499999999999996,218.55808323127334,206.69150645283042,150.1307805006743,21
3.3499999999999996,1.478860911245738,3.3499999999999996,188.92290899808515,178.66536934689654,129.77394092684796,21
3.3499999999999996,1.5194461266105468,3.3499999999999996,226.6935606537705,214.38526940731956,155.71916029028233,21
3.3499999999999996,1.4547110383381034,3.3499999999999996,172.95129080193973,163.56092765046444,118.80280011981246,21
3.3499999999999996,1.5737694445132233,3.3499999999999996,262.41810545626385,248.1701556645597,180.25887858820613,21
3.3499999999999996,1.551757169613607,3.3499999999999996,201.1821872524735,190.2590320152439,138.19502051125622,21
3.3499999999999996,1.5808500718361567,3.3499999999999996,224.6192003823562,212.42353620081616,154.29425153384213,21
3.3499999999999996,1.611470827573429,3.3499999999999996,226.80956432588914,214.49497467829264,155.79884492870264,21
3.3499999999999996,1.6678975719327118,3.3499999999999996,241.12369112525988,228.03191821283147,165.63143037602802,21
3.3499999999999996,1.5673345400555871,3.3499999999999996,158.3261179657696,149.72982627480744,108.75655254850645,21
3.3499999999999996,1.552298427830511,3.3499999999999996,204.14433057265177,193.0603462294107,140.22976057686444,21
3.3499999999999996,1.6310723330027745,3.3499999999999996,248.47219704307523,234.98143815679788,170.6792277974028,21
3.3499999999999996,1.502194476228188,3.2609562708628914,130.07171151751734,123.00948838394055,89.34818279184655,21
3.3499999999999996,1.4541353488920783,3.2698606437766022,183.7662323670786,173.7886736630998,126.2317434663066,21
3.3499999999999996,1.3585426485203798,3.260527043200823,147.34107791486485,139.3412172469566,101.21076603587326,21
3.3499999999999996,1.3865718304058676,3.269474338880741,214.69278053880123,203.03606976253954,147.47564690180332,21
3.3499999999999996,1.307458157867013,3.277526904992667,153.8035086000052,145.4527712737423,105.6499052722152,21
3.3499999999999996,1.2060976616405392,3.1707571140978326,124.30910143135522,117.55975830670178,85.38976067738696,21
3.3499999999999996,1.117263804885506,3.086988907111597,127.136689057963,120.23382250753255,87.33207244659967,21
3.304410745155214,1.0184943327335487,2.918768907542736,104.29445226298589,98.63180136924268,71.64140208698501,21
3.3089696706396925,1.039326191429494,2.9618920167884624,195.3145629885015,184.7099894884744,134.16446260458454,21
3.3130727035757235,0.97499520042191,2.9393555467901233,136.6153654222828,129.19785562840764,93.84311545928381,21
3.3167654332181513,0.9227500361728909,2.9482151693548815,143.67403156793887,135.8732726050902,98.69181765356349,21
3.3200888898963363,0.9521937023126511,2.9883936524193935,194.87277709518688,184.2921902908021,133.8609933391292,21
3.3230800009067027,0.9370460302976575,3.024554287177454,167.9036733631465,158.78736980718045,115.33551703171479,21
3.3257720008160323,1.0624233716592693,3.0570988584597085,241.79361942486346,228.66547286070022,166.09161403527315,21
3.3281948007344293,1.0907774228167917,3.086388972613738,200.82429182209944,189.92056846101175,137.94917684578616,21
3.3303753206609863,1.159182533163944,3.112750075352364,221.29001055794566,209.27510421467588,152.00738179475883,21
3.3323377885948875,1.1521016826006418,3.136475067817128,188.7021679331553,178.45661338339332,129.6223106239257,21
3.3341040097353987,1.2153118973937085,3.157827561035415,221.74849594389244,209.7086962086524,152.32232218873867,21
3.3356936087618587,1.1915135594637642,3.1770448049318736,180.52935900536036,170.72754583181916,124.00828727108379,21
3.337124247885673,1.1320174206757614,3.194340324438686,153.87856326746518,145.52375085982877,105.70146143357692,21
3.338411823097106,1.152123480864561,3.2099062919948174,200.22473342414898,189.35356299204594,137.53733131296826,21
3.3395706407873953,1.206381002118316,3.223915662795336,217.39073719125375,205.5875412825829,149.32891323723814,21
3.3406135767086558,1.2570510427414208,3.236524096515802,218.2822121971601,206.43061379315594,149.94128060638246,21
3.34155221903779,1.357615266788608,3.247871686864222,244.99913188055507,231.69694252141784,168.2935279602245,21
3.3423969971340113,1.357710102478121,3.2580845181777995,201.4114041989335,190.4758036636216,138.3524730225852,21
3.34315729742061,1.341756833684729,3.2672760663600195,194.00183414607483,183.4685350522267,133.26272974352756,21
3.343841567678549,1.2801630630390635,3.2755484597240176,162.68753536169527,153.8544411987018,111.75247467620311,21
3.344457410910694,1.2054998752623967,3.2749974514975406,149.67286151946863,141.54639702723296,102.81250268794392,21
3.3450116698196246,1.1773360193724076,3.2824977063477867,176.65876920871668,167.06710909984682,121.34952188214523,21
3.345510502837662,1.1260804371472284,3.289247935713008,158.4974502034766,149.8918560555963,108.8742431971047,21
3.345959452553896,1.073761713754272,3.295323142141707,154.3049582460016,145.92699479002175,105.99435845199334,21
3.346363507298506,1.0293220113166621,3.3007908279275364,156.09137332069875,147.61641673900766,107.221473393236,21
3.3467271565686554,1.0162038948326142,3.305711745134783,174.8117584935414,165.3203815411588,120.080782899067,21
3.3470544409117897,1.0804261791765297,3.3101405706213045,215.63706903630182,203.92908826448135,148.12429263959356,21
3.3473489968206107,1.053025397431419,3.314126513559174,168.30410770557918,159.16606262992673,115.61058130515586,21
3.3476140971385497,1.0551499959144144,3.3177138622032567,187.65420154073664,177.46554616154307,128.90244700640943,21
3.347852687424695,1.033708010724741,3.320942475982931,170.7240552875991,161.4546195383221,117.27287909752317,21
3.3480674186822257,0.9997382260803911,3.323848228384638,160.49715284729743,151.78298515866248,110.24786852474084,21
3.3482606768140033,0.9384747827291314,3.260521333885742,135.51867202353938,128.16070702538252,93.08978054030462,21
3.348434609132603,0.9186882018434441,3.2694692004971677,163.71102821726663,154.82236367054142,112.45552705922199,21
3.3499999999999996,1.9255267132736607,3.3499999999999996,228.71716426275802,216.29900167268664,157.1092078224779,22
3.3499999999999996,1.8909978503384675,3.3499999999999996,211.88097712922573,200.37693268107432,145.54418150787455,22
3.3499999999999996,1.7605838966028116,3.3499999999999996,153.227851903757,144.90836969785565,105.25448103791096,22
3.3499999999999996,1.6629861656686074,3.3499999999999996,166.77474353081038,157.71973496702907,114.56004154905041,22
3.3499999999999996,1.632651999714239,3.3499999999999996,201.46181028053726,190.52347286358815,138.38710147392013,22
3.3499999999999996,1.5797070718705029,3.3499999999999996,189.6796242325973,179.3809987606673,130.29374336336616,22
3.3499999999999996,1.5172497477688651,3.3499999999999996,178.91755269397314,169.20325220964693,122.90111701889289,22
3.3499999999999996,1.5000473266482537,3.3499999999999996,200.7899136259071,189.88805673252426,137.9255657099219,22
3.3499999999999996,1.5219188353104387,3.3499999999999996,218.55808323127334,206.6915063537187,150.1307845886743,22
3.3499999999999996,1.4788609093622174,3.3499999999999996,188.92290899808515,178.66536926122376,129.77394446053947,22
3.3499999999999996,1.5194461246956492,3.3499999999999996,226.6935606537705,214.3852693045186,155.71916453045156,22
3.3499999999999996,1.4547110364982825,3.3499999999999996,172.95129080193973,163.56092757203444,118.80280335476428,22
3.3499999999999996,1.5737694425856608,3.3499999999999996,262.41810545626385,248.17015554555832,180.25888349658192,22
3.3499999999999996,1.5517571676718043,3.3499999999999996,201.1821872524735,190.25903192401177,138.19502427425027,22
3.3499999999999996,1.5808500698698127,3.3499999999999996,224.6192003823562,212.42353609895582,154.29425573521172,22
3.3499999999999996,1.6114708255839343,3.3499999999999996,226.80956432588914,214.4949745754391,155.79884917104167,22
3.3499999999999996,1.6678975698817013,3.3499999999999996,241.12369112525988,228.03191810348676,165.63143488610436,22
3.3499999999999996,1.5673345380982955,3.3499999999999996,158.3261179657696,149.7298262030097,108.75655550990304,22
3.3499999999999996,1.5522984258604338,3.3499999999999996,204.14433057265177,193.06034613683534,140.22976439526371,22
3.3499999999999996,1.6310723309653001,3.3499999999999996,248.47219704307523,234.98143804412067,170.67923244492863,22
3.3499999999999996,1.502194474342619,3.260956286040027,130.07171151751734,123.00948832495564,89.34818522476117,22
3.3499999999999996,1.4541353470750684,3.2698606574360243,183.7662323670786,173.78867357976543,126.23174690354554,22
3.3499999999999996,1.3585426467776223,3.260527071647568,147.34107791486485,139.34121718014035,101.2107687918012,22
3.3499999999999996,1.386571828623552,3.2694743644828113,214.69278053880123,203.03606966518063,147.47565091750508,22
3.3499999999999996,1.307458156153149,3.27752692803453,153.8035086000052,145.45277120399547,105.64990814901905,22
3.3499999999999996,1.2060976600473807,3.170757149672637,124.30910143135522,117.55975825033009,85.38976300251532,22
3.3499999999999996,1.1172638034004094,3.0869889541338456,127.136689057963,120.23382244987863,87.3320748246164,22
3.304410745155214,1.0184943313798591,2.918768961686816,104.29445226298589,98.63180132194725,71.64140403775119,22
3.3089696706396925,1.039326190007218,2.961892065518134,195.3145629885015,184.70998939990318,134.16446625782817,22
3.3130727035757235,0.9749951990887313,2.9393556062010453,136.6153654222828,129.1978555664553,93.84311801459359,22
3.3167654332181513,0.9227500349185447,2.9482152387756972,143.67403156793887,135.87327253993692,98.69182034090147,22
3.3200888898963363,0.952193700980015,2.9883937148981277,194.87277709518688,184.29219020243127,133.86099698410953,22
3.3230800009067027,0.9370460289835834,3.024554343408315,167.9036733631465,158.7873697310395,115.3355201722539,22
3.3257720008160323,1.062423370215775,3.0570989090674834,241.79361942486346,228.6654727510516,166.0916185578801,22
3.3281948007344293,1.090777421310835,3.086389018160735,200.82429182209944,189.920568369942,137.949180602086,22
3.3303753206609863,1.1591825315914888,3.1127501163446616,221.29001055794566,209.27510411432533,152.00738593385785,22
3.3323377885948875,1.1521016810638334,3.1364751047101955,188.7021679331553,178.4566132978207,129.6223141534884,22
3.3341040097353987,1.2153118957932616,3.157827594239176,221.74849594389244,209.7086961080939,152.32232633641343,22
3.3356936087618587,1.1915135579044258,3.1770448348152582,180.52935900536036,170.72754574995272,124.00829064777894,22
3.337124247885673,1.1320174191625503,3.1943403513337323,153.87856326746518,145.52375079004798,105.70146431178466,22
3.338411823097106,1.1521234792961679,3.209906316200359,200.22473342414898,189.35356290124804,137.53733505805374,22
3.3395706407873953,1.2063810004915887,3.223915684580323,217.39073719125375,205.58754118400051,149.3289173034036,22
3.3406135767086558,1.2570510410617521,3.2365241161222906,218.2822121971601,206.43061369416938,149.94128468922247,22
3.34155221903779,1.3576152650143558,3.247871704510062,244.99913188055507,231.69694241031567,168.29353254278863,22
3.3423969971340113,1.35771010067418,3.258084534059056,201.4114041989335,190.47580357228563,138.35247678986664,22
3.34315729742061,1.3417568318579132,3.2672760806531502,194.00183414607483,183.46853496425075,133.26273337221735,22
3.343841567678549,1.2801630612820234,3.275548472587835,162.68753536169527,153.85444112492627,111.75247771917745,22
3.344457410910694,1.205499873572765,3.2749974793555583,149.67286151946863,141.5463969593593,102.8125054874865,22
3.3450116698196246,1.177336017734085,3.2824977314200026,176.65876920871668,167.06710901973562,121.34952518644327,22
3.345510502837662,1.1260804355612957,3.2892479582780023,158.4974502034766,149.89185598372092,108.87424616170597,22
3.345959452553896,1.0737617122169738,3.295323162450202,154.3049582460016,145.92699472004753,105.99436133817653,22
3.346363507298506,1.0293220098225002,3.3007908462051816,156.09137332069875,147.6164166682234,107.22147631283302,22
3.3467271565686554,1.016203893370831,3.3057117615846634,174.8117584935414,165.32038146188512,120.08078616881778,22
3.3470544409117897,1.080426177646621,3.310140585426197,215.63706903630182,203.92908816669427,148.12429667295768,22
3.3473489968206107,1.0530253959396627,3.314126526883577,168.30410770557918,159.16606255360415,115.61058445318488,22
3.3476140971385497,1.0551499944505733,3.3177138741952192,187.65420154073664,177.46554607644558,128.90245051637052,22
3.347852687424695,1.0337080092916229,3.320942486775697,170.7240552875991,161.4546194609021,117.27288229081589,22
3.3480674186822257,0.9997382246784414,3.3238482380981274,160.49715284729743,151.78298508588026,110.24787152674537,22
3.3482606768140033,0.9384747814144602,3.2605213581195427,135.51867202353938,128.16070696392754,93.08978307510138,22
3.348434609132603,0.9186882005469795,3.2694692223075883,163.71102821726663,154.8223635963018,112.45553012134017,22
3.3499999999999996,1.9255267130284295,3.3499999999999996,228.71716426275802,216.29900166116235,157.1092082978135,23
3.3499999999999996,1.8909978500941562,3.3499999999999996,211.88097712922573,200.3769326703983,145.54418194822003,23
3.3499999999999996,1.7605838963707565,3.3499999999999996,153.227851903757,144.908369690135,105.25448135635949,23
3.3499999999999996,1.6629861654470564,3.3499999999999996,166.77474353081038,157.71973495862585,114.56004189565303,23
3.3499999999999996,1.6326519994918276,3.3499999999999996,201.46181028053726,190.52347285343714,138.38710189261175,23
3.3499999999999996,1.5797070716480004,3.3499999999999996,189.6796242325973,179.38099875111,130.29374375757124,23
3.3499999999999996,1.5172497475554567,3.3499999999999996,178.91755269397314,169.20325220063185,122.90111739073154,23
3.3499999999999996,1.5000473264332093,3.3499999999999996,200.7899136259071,189.88805672240724,137.92556612721714,23
3.3499999999999996,1.5219188350929265,3.3499999999999996,218.55808323127334,206.69150634270628,150.13078504289658,23
3.3499999999999996,1.4788609091529377,3.3499999999999996,188.92290899808515,178.66536925170462,129.77394485317194,23
3.3499999999999996,1.5194461244828832,3.3499999999999996,226.6935606537705,214.3852692930963,155.71916500158156,23
3.3499999999999996,1.4547110362938582,3.3499999999999996,172.95129080193973,163.56092756332004,118.80280371420346,23
3.3499999999999996,1.5737694423714876,3.3499999999999996,262.41810545626385,248.17015553233597,180.25888404195706,23
3.3499999999999996,1.5517571674560486,3.3499999999999996,201.1821872524735,190.25903191387485,138.1950246923608,23
3.3499999999999996,1.5808500696513301,3.3499999999999996,224.6192003823562,212.4235360876381,154.29425620203062,23
3.3499999999999996,1.6114708253628796,3.3499999999999996,226.80956432588914,214.4949745640109,155.79884964241273,23
3.3499999999999996,1.6678975696538114,3.3499999999999996,241.12369112525988,228.03191809133736,165.631435387224,23
3.3499999999999996,1.5673345378808186,3.3499999999999996,158.3261179657696,149.72982619503216,108.75655583894715,23
3.3499999999999996,1.5522984256415364,3.3499999999999996,204.14433057265177,193.0603461265492,140.22976481953032,23
3.3499999999999996,1.6310723307389143,3.3499999999999996,248.47219704307523,234.98143803160107,170.67923296132045,23
3.3499999999999996,1.5021944741331115,3.260956287726376,130.07171151751734,123.00948831840176,89.34818549508503,23
3.3499999999999996,1.4541353468731786,3.2698606589537382,183.7662323670786,173.78867357050606,126.23174728546101,23
3.3499999999999996,1.3585426465839825,3.2605270748083184,147.34107791486485,139.34121717271634,101.21076909801546,23
3.3499999999999996,1.3865718284255169,3.2694743673274864,214.69278053880123,203.03606965436302,147.4756513636942,23
3.3499999999999996,1.3074581559627196,3.2775269305947377,153.8035086000052,145.45277119624583,105.64990846866395,23
3.3499999999999996,1.206097659870363,3.1707571536253942,124.30910143135522,117.5597582440666,85.38976326086295,23
3.3499999999999996,1.1172638032353985,3.0869889593585413,127.136689057963,120.23382244347265,87.33207508884051,23
3.304410745155214,1.0184943312294492,2.918768967702826,104.29445226298589,98.6318013166922,71.641404254503,23
3.3089696706396925,1.0393261898491875,2.961892070932543,195.3145629885015,184.70998939006196,134.1644666637442,23
3.3130727035757235,0.9749951989406006,2.9393556128022604,136.6153654222828,129.1978555595717,93.84311829851697,23
3.3167654332181513,0.9227500347791731,2.9482152464891227,143.67403156793887,135.87327253269765,98.6918206394946,23
3.3200888898963363,0.9521937008319444,2.9883937218402106,194.87277709518688,184.29219019261228,133.86099738910738,23
3.3230800009067027,0.9370460288375753,3.0245543496561895,167.9036733631465,158.7873697225794,115.33552052120275,23
3.3257720008160323,1.0624233700553871,3.0570989146905707,241.79361942486346,228.66547273886843,166.09161906039205,23
3.3281948007344293,1.0907774211435066,3.0863890232215136,200.82429182209944,189.92056835982314,137.9491810194527,23
3.3303753206609863,1.1591825314167714,3.112750120899362,221.29001055794566,209.27510410317527,152.00738639375783,23
3.3323377885948875,1.1521016808930769,3.136475108809426,188.7021679331553,178.45661328831264,129.62231454566208,23
3.3341040097353987,1.2153118956154343,3.1578275979284833,221.74849594389244,209.70869609692076,152.32232679726624,23
3.3356936087618587,1.1915135577311662,3.177044838135635,180.52935900536036,170.7275457408565,124.00829102296733,23
3.337124247885673,1.1320174189944159,3.1943403543220716,153.87856326746518,145.52375078229454,105.70146463158555,23
3.338411823097106,1.152123479121902,3.2099063188898644,200.22473342414898,189.35356289115936,137.5373354741744,23
3.3395706407873953,1.206381000310841,3.223915687000878,217.39073719125375,205.58754117304693,149.32891775519985,23
3.3406135767086558,1.257051040875122,3.2365241183007902,218.2822121971601,206.4306136831708,149.94128514287138,23
3.34155221903779,1.3576152648172166,3.247871706470711,244.99913188055507,231.69694239797096,168.2935330519625,23
3.3423969971340113,1.3577101004737422,3.2580845358236403,201.4114041989335,190.47580356213717,138.3524772084535,23
3.34315729742061,1.3417568316549338,3.2672760822412763,194.00183414607483,183.46853495447573,133.2627337754052,23
3.343841567678549,1.2801630610867967,3.2755484740171488,162.68753536169527,153.85444111672896,111.75247805728576,23
3.344457410910694,1.2054998733850282,3.2749974824508943,149.67286151946863,141.54639695181783,102.81250579854678,23
3.3450116698196246,1.1773360175520493,3.282497734205805,176.65876920871668,167.06710901083434,121.34952555358754,23
3.345510502837662,1.126080435385081,3.2892479607852243,158.4974502034766,149.8918559757347,108.87424649110616,23
3.345959452553896,1.073761712046163,3.295323164706702,154.3049582460016,145.92699471227266,105.99436165886357,23
3.346363507298506,1.0293220096564824,3.3007908482360317,156.09137332069875,147.61641666035845,107.22147663723274,23
3.3467271565686554,1.0162038932084108,3.3057117634124284,174.8117584935414,165.32038145307695,120.08078653212344,23
3.3470544409117897,1.0804261774766315,3.3101405870711855,215.63706903630182,203.9290881558291,148.1242971211093,23
3.3473489968206107,1.0530253957739122,3.314126528364067,168.30410770557918,159.16606254512388,115.61058480296596,23
3.3476140971385497,1.0551499942879246,3.3177138755276605,187.65420154073664,177.46554606699033,128.90245090636623,23
3.347852687424695,1.0337080091323878,3.3209424879748943,170.7240552875991,161.4546194522999,117.2728826456262,23
3.3480674186822257,0.9997382245226696,3.323848239177405,160.49715284729743,151.7829850777934,110.24787186030144,23
3.3482606768140033,0.9384747812683859,3.2605213608121884,135.51867202353938,128.1607069570992,93.0897833567455,23
3.348434609132603,0.9186882004029282,3.2694692247309693,163.71102821726663,154.8223635880529,112.45553046157558,23
