3.3499999999999996,3.3499999999999996,3.3499999999999996,3491.132307460259,4598.8845281396125,1338.8822653509187,1
3.3499999999999996,3.3499999999999996,3.3499999999999996,3423.598914239369,4509.92248091137,1312.9825701978023,1
3.3499999999999996,3.3499999999999996,3.3499999999999996,3372.015254262154,4441.97109010699,1293.1997486250416,1
3.3499999999999996,3.3499999999999996,3.3499999999999996,3382.19663065057,4455.383063708734,1297.104402783861,1
3.3499999999999996,3.3499999999999996,3.3499999999999996,3421.799736121321,4507.552415361927,1312.2925683696517,1
3.3499999999999996,3.3499999999999996,3.3499999999999996,3345.3269773002376,4406.814501013937,1282.9645419441817,1
3.3499999999999996,3.3499999999999996,3.3499999999999996,3336.957542161803,4395.789405893605,1279.7547843953455,1
3.3499999999999996,3.3499999999999996,3.3499999999999996,3328.85271833566,4385.112884463094,1276.6465077879461,1
3.3499999999999996,3.3499999999999996,3.3499999999999996,3419.551637569222,4504.590984875066,1311.4304013083417,1
3.3499999999999996,3.3499999999999996,3.3499999999999996,3419.2620863318034,4504.209557708005,1311.3193556696929,1
3.3499999999999996,3.3499999999999996,3.3499999999999996,3437.5031731386707,4528.238624642333,1318.314985017298,1
3.3499999999999996,3.3499999999999996,3.3499999999999996,3406.87284269321,4487.889150497104,1306.5679635344309,1
3.3499999999999996,3.3499999999999996,3.3499999999999996,3469.265815429494,4570.079698351269,1330.4962588043138,1
3.3499999999999996,3.3499999999999996,3.3499999999999996,3506.931812485673,4619.69728824566,1344.941524988443,1
3.3499999999999996,3.3499999999999996,3.3499999999999996,3448.442581483599,4542.649157201349,1322.510351602276,1
3.3499999999999996,3.3499999999999996,3.3499999999999996,3535.7682429782976,4657.683649792574,1356.0005688694482,1
3.3499999999999996,3.3499999999999996,3.3499999999999996,3494.9289557427414,4603.885870256549,1340.3383158828135,1
3.3499999999999996,3.3499999999999996,3.3499999999999996,3458.0397626800986,4555.291567809511,1326.1909613786213,1
3.3499999999999996,3.3499999999999996,3.3499999999999996,3502.9587424336532,4614.46354492622,1343.417815039015,1
3.3499999999999996,3.3499999999999996,3.3499999999999996,3389.1821674945145,4464.585143287247,1299.783422245348,1
3.3499999999999996,3.3499999999999996,3.3499999999999996,3533.411134477636,4654.578620002764,1355.0965954616518,1
3.3499999999999996,3.3499999999999996,3.3499999999999996,3457.993644315145,4555.230815876794,1326.1732745493907,1
3.3499999999999996,3.3499999999999996,3.3499999999999996,3518.474219859307,4634.902154178313,1349.3681474051846,1
3.3499999999999996,3.3499999999999996,3.3499999999999996,3444.9591070766573,4538.060360460527,1321.174406214216,1
3.3499999999999996,3.3499999999999996,3.3499999999999996,3499.437483618985,4609.824974612587,1342.0673789731588,1
3.3499999999999996,3.3499999999999996,3.3499999999999996,3552.0814629711917,4679.17312897076,1362.2568430566457,1
3.3499999999999996,3.3499999999999996,3.3499999999999996,3506.4534090361813,4619.067085197389,1344.7580527399584,1
3.3499999999999996,3.3499999999999996,3.3499999999999996,3498.616339745634,4608.743278039109,1341.7524625298663,1
3.3499999999999996,3.3499999999999996,3.3499999999999996,3345.6673398436483,4407.262862146372,1283.095074199344,1
3.3499999999999996,3.3499999999999996,3.3499999999999996,3451.6607580592417,4546.8884758977265,1323.7445527623659,1
3.3499999999999996,3.3499999999999996,3.3499999999999996,3350.013145800736,4412.987612175364,1284.761731894375,1
3.3499999999999996,3.3499999999999996,3.3499999999999996,3504.092131491315,4615.956563506611,1343.8524804642707,1
3.3499999999999996,3.3499999999999996,3.3499999999999996,3467.2542514109105,4567.429855885357,1329.7248049741781,1
3.3499999999999996,3.3499999999999996,3.3499999999999996,3407.0583013975383,4488.133456095068,1306.6390887019452,1
3.3499999999999996,3.3499999999999996,3.3499999999999996,3505.778684633761,4618.178267661479,1344.499289548867,1
3.3499999999999996,3.3499999999999996,3.3499999999999996,3446.944083465621,4540.675178920549,1321.935663436879,1
3.3499999999999996,3.3499999999999996,3.3499999999999996,3541.835484989922,4665.676055395797,1358.3274135758488,1
3.3499999999999996,3.3499999999999996,3.3499999999999996,3545.681702323316,4670.7426950498175,1359.802474307681,1
3.3499999999999996,3.3499999999999996,3.3499999999999996,3531.842962234362,4652.512859546868,1354.4951865717492,1
3.3499999999999996,3.3499999999999996,3.3499999999999996,3558.100704022124,4687.102302689304,1364.5652789405403,1
3.3499999999999996,3.3499999999999996,3.3499999999999996,3605.4047620918686,4749.416154361523,1382.7068326975752,1
3.3499999999999996,3.3499999999999996,3.3499999999999996,3600.340391545378,4742.744835918148,1380.7645986850255,1
3.3499999999999996,3.3499999999999996,3.3499999999999996,3533.6665129182356,4654.915031188551,1355.1945355094529,1
3.3499999999999996,3.3499999999999996,3.3499999999999996,3464.9850090875934,4564.440572612135,1328.8545290765903,1
3.3499999999999996,3.3499999999999996,3.3499999999999996,3455.4776093570035,4551.916431538932,1325.208351341737,1
3.3499999999999996,3.3499999999999996,3.3499999999999996,3404.704248274816,4485.032451168568,1305.7362870604911,1
3.3499999999999996,3.3499999999999996,3.3499999999999996,3334.2155292064595,4392.177339708275,1278.7031964880566,1
3.3499999999999996,3.3499999999999996,3.3499999999999996,3491.5296371340864,4599.40793233304,1339.0346450394943,1
3.3499999999999996,3.3499999999999996,3.3499999999999996,3404.708631706572,4485.038225483232,1305.737968148036,1
3.3499999999999996,3.3499999999999996,3.3499999999999996,3477.965322189313,4581.5395983254675,1333.832601942364,1
3.3499999999999996,3.3499999999999996,3.3499999999999996,3456.937816087438,4553.839968531824,1325.7683544361332,1
3.3499999999999996,3.3499999999999996,3.3499999999999996,3507.917547175167,4620.995801052715,1345.3195635667246,1
3.3499999999999996,3.3499999999999996,3.3499999999999996,3408.216874477791,4489.6596497034025,1307.0834124381001,1
3.3499999999999996,3.3499999999999996,3.3499999999999996,3308.159621548643,4357.853773586732,1268.7105094174105,1
3.3499999999999996,3.3499999999999996,3.3499999999999996,3323.3526612798887,4377.8676341918235,1274.5371838775766,1
3.3499999999999996,3.3499999999999996,3.3499999999999996,3318.344018871907,4371.269726679744,1272.6163221333215,1
3.3499999999999996,3.3499999999999996,3.3499999999999996,3372.2830222159087,4442.323822055025,1293.3024401683394,1
3.3499999999999996,3.3499999999999996,3.3499999999999996,3321.533265657206,4375.470936031218,1273.8394284451444,1
3.3499999999999996,3.3499999999999996,3.3499999999999996,3380.5907913809197,4453.267684307017,1296.4885482330192,1
3.3499999999999996,3.3499999999999996,3.3499999999999996,3463.652669773415,4562.685475950482,1328.343564345929,1
3.3499999999999996,3.3499999999999996,3.3499999999999996,4313.531344810634,5113.36446957116,1394.5049443250457,2
3.3499999999999996,3.3499999999999996,3.3499999999999996,4230.089245564716,5014.450185323796,1367.5292692547157,2
3.3499999999999996,3.3499999999999996,3.3499999999999996,4166.354126240739,4938.897032103484,1346.924587864987,2
3.3499999999999996,3.3499999999999996,3.3499999999999996,4178.933909049571,4953.809411151566,1350.9914574257136,2
3.3499999999999996,3.3499999999999996,3.3499999999999996,4227.866238665059,5011.8149791347905,1366.8106019111783,2
3.3499999999999996,3.3499999999999996,3.3499999999999996,4133.378945389469,4899.807454524448,1336.2641685794217,2
3.3499999999999996,3.3499999999999996,3.3499999999999996,4123.037939197623,4887.548975470017,1332.9210644934449,2
3.3499999999999996,3.3499999999999996,3.3499999999999996,4113.023878274315,4875.678065250954,1329.6836572848188,2
3.3499999999999996,3.3499999999999996,3.3499999999999996,4225.088560044865,5008.522251661863,1365.9126168822147,2
3.3499999999999996,3.3499999999999996,3.3499999999999996,4224.730799803047,5008.09815401126,1365.796957950769,2
3.3499999999999996,3.3499999999999996,3.3499999999999996,4247.268902852506,5034.815366923896,1373.0832145293818,2
3.3499999999999996,3.3499999999999996,3.3499999999999996,4209.423046883065,4989.951973160116,1360.8481734336233,2
3.3499999999999996,3.3499999999999996,3.3499999999999996,4286.513807098242,5081.33722637979,1385.7705485570061,2
3.3499999999999996,3.3499999999999996,3.3499999999999996,4333.052707554172,5136.505565501877,1400.815930542539,2
3.3499999999999996,3.3499999999999996,3.3499999999999996,4260.785285685863,5050.83801431241,1377.452873906769,2
3.3499999999999996,3.3499999999999996,3.3499999999999996,4368.682078155964,5178.741483858552,1412.3344126157392,2
3.3499999999999996,3.3499999999999996,3.3499999999999996,4318.222361916091,5118.925314798829,1396.021485187869,2
3.3499999999999996,3.3499999999999996,3.3499999999999996,4272.64325561283,5064.894738898114,1381.2863913594024,2
3.3499999999999996,3.3499999999999996,3.3499999999999996,4328.143709356684,5130.686320211257,1399.2289194115513,2
3.3499999999999996,3.3499999999999996,3.3499999999999996,4187.565014800646,4964.040932833623,1353.7817743801381,2
3.3499999999999996,3.3499999999999996,3.3499999999999996,4365.769710332207,5175.289092543433,1411.3928844326167,2
3.3499999999999996,3.3499999999999996,3.3499999999999996,4272.586273237119,5064.82719061063,1381.2679697465019,2
3.3499999999999996,3.3499999999999996,3.3499999999999996,4347.31413668831,5153.411408809945,1405.4264530705887,2
3.3499999999999996,3.3499999999999996,3.3499999999999996,4256.481216197841,5045.735866156911,1376.0614278497033,2
3.3499999999999996,3.3499999999999996,3.3499999999999996,4323.792954663771,5125.528830283815,1397.8223806743026,2
3.3499999999999996,3.3499999999999996,3.3499999999999996,4388.838170671785,5202.635003825614,1418.8505981780397,2
3.3499999999999996,3.3499999999999996,3.3499999999999996,4332.461607563364,5135.804861264593,1400.6248361018404,2
3.3499999999999996,3.3499999999999996,3.3499999999999996,4322.778375574709,5124.3261236727185,1397.4943813060336,2
3.3499999999999996,3.3499999999999996,3.3499999999999996,4133.799486454745,4900.305974082854,1336.4001236816202,2
3.3499999999999996,3.3499999999999996,3.3499999999999996,4264.761561664434,5055.551588107231,1378.7383488619444,2
3.3499999999999996,3.3499999999999996,3.3499999999999996,4139.169025207059,4906.671155295017,1338.1360211958124,2
3.3499999999999996,3.3499999999999996,3.3499999999999996,4329.54408860202,5132.346363666288,1399.6816426272756,2
3.3499999999999996,3.3499999999999996,3.3499999999999996,4284.028382977331,5078.390944464632,1384.967045360136,2
3.3499999999999996,3.3499999999999996,3.3499999999999996,4209.652193722495,4990.22360937031,1360.9222534332844,2
3.3499999999999996,3.3499999999999996,3.3499999999999996,4331.627939686404,5134.816611183461,1400.355322822948,2
3.3499999999999996,3.3499999999999996,3.3499999999999996,4258.933789494535,5048.643205909855,1376.8543108300653,2
3.3499999999999996,3.3499999999999996,3.3499999999999996,4376.178568202407,5187.628004619805,1414.7579240265059,2
3.3499999999999996,3.3499999999999996,3.3499999999999996,4380.930831240705,5193.261452258785,1416.2942648512023,2
3.3499999999999996,3.3499999999999996,3.3499999999999996,4363.832126898039,5172.992234239385,1410.7664905425527,2
3.3499999999999996,3.3499999999999996,3.3499999999999996,4396.275352267476,5211.451218913725,1421.2549359880595,2
3.3499999999999996,3.3499999999999996,3.3499999999999996,4454.722732443975,5280.73615815349,1440.1501645429712,2
3.3499999999999996,3.3499999999999996,3.3499999999999996,4448.465358282778,5273.318515356674,1438.1272421369988,2
3.3499999999999996,3.3499999999999996,3.3499999999999996,4366.085247759981,5175.663138248223,1411.4948933130393,2
3.3499999999999996,3.3499999999999996,3.3499999999999996,4281.22457979013,5075.067248297604,1384.0606146204661,2
3.3499999999999996,3.3499999999999996,3.3499999999999996,4269.477540968969,5061.142024129925,1380.26295965802,2
3.3499999999999996,3.3499999999999996,3.3499999999999996,4206.7436010259335,4986.775693182349,1359.9819456965013,2
3.3499999999999996,3.3499999999999996,3.3499999999999996,4119.649995748595,4883.532825296907,1331.8257892970685,2
3.3499999999999996,3.3499999999999996,3.3499999999999996,4314.022272639011,5113.946427302327,1394.663654492946,2
3.3499999999999996,3.3499999999999996,3.3499999999999996,4206.749017053919,4986.782113473023,1359.9836966233404,2
3.3499999999999996,3.3499999999999996,3.3499999999999996,4297.2626392214715,5094.079152165127,1389.24549711849,2
3.3499999999999996,3.3499999999999996,3.3499999999999996,4271.281725670928,5063.28074834776,1380.8462275854417,2
3.3499999999999996,3.3499999999999996,3.3499999999999996,4334.2706497879035,5137.949343707277,1401.2096743990394,2
3.3499999999999996,3.3499999999999996,3.3499999999999996,4211.083689540126,4991.920539163349,1361.3850362058886,2
3.3499999999999996,3.3499999999999996,3.3499999999999996,4087.456150170383,4845.369461463573,1321.4179648843256,2
3.3499999999999996,3.3499999999999996,3.3499999999999996,4106.228183806472,4867.622284532044,1327.4867033790754,2
3.3499999999999996,3.3499999999999996,3.3499999999999996,4100.039665549628,4860.2862651909745,1325.486041133373,2
3.3499999999999996,3.3499999999999996,3.3499999999999996,4166.684971754439,4939.289224383876,1347.0315456375822,2
3.3499999999999996,3.3499999999999996,3.3499999999999996,4103.980196805153,4864.95746632586,1326.759960314628,2
3.3499999999999996,3.3499999999999996,3.3499999999999996,4176.949785443152,4951.457383000778,1350.3500177425103,2
3.3499999999999996,3.3499999999999996,3.3499999999999996,4279.578383975279,5073.115807930826,1383.5284223122085,2
3.3499999999999996,3.3499999999999996,3.3499999999999996,3574.6225101869713,4657.228529953244,1345.351769761802,3
3.3499999999999996,3.3499999999999996,3.3499999999999996,3505.474060246866,4567.137860813956,1319.3269267922033,3
3.3499999999999996,3.3499999999999996,3.3499999999999996,3452.6567803865887,4498.324400948249,1299.448514251711,3
3.3499999999999996,3.3499999999999996,3.3499999999999996,3463.081643731053,4511.906526291649,1303.372035773223,3
3.3499999999999996,3.3499999999999996,3.3499999999999996,3503.6318549008042,4564.737727297408,1318.6335908621788,3
3.3499999999999996,3.3499999999999996,3.3499999999999996,3425.3302550119106,4462.721795851693,1289.1638508587248,3
3.3499999999999996,3.3499999999999996,3.3499999999999996,3416.760665374913,4451.556830254997,1285.9385837007487,3
3.3499999999999996,3.3499999999999996,3.3499999999999996,3408.4620152125804,4440.744860547433,1282.8152878420362,3
3.3499999999999996,3.3499999999999996,3.3499999999999996,3501.329993217625,4561.738726459596,1317.767257793334,3
3.3499999999999996,3.3499999999999996,3.3499999999999996,3501.033517381142,4561.352460295777,1317.6556755800602,3
3.3499999999999996,3.3499999999999996,3.3499999999999996,3519.7108385960278,4585.686373310978,1324.6851079408896,3
3.3499999999999996,3.3499999999999996,3.3499999999999996,3488.347985784396,4544.825003340076,1312.8813246282002,3
3.3499999999999996,3.3499999999999996,3.3499999999999996,3552.233082417372,4628.058266105592,1336.9252418730682,3
3.3499999999999996,3.3499999999999996,3.3499999999999996,3590.799859350442,4678.305332286475,1351.4403078564135,3
3.3499999999999996,3.3499999999999996,3.3499999999999996,3530.911862182085,4600.279725884852,1328.9007466164985,3
3.3499999999999996,3.3499999999999996,3.3499999999999996,3620.3259112082033,4716.773609900955,1362.5527892464665,3
3.3499999999999996,3.3499999999999996,3.3499999999999996,3578.50995506691,4662.2933218723565,1346.8148559573856,3
3.3499999999999996,3.3499999999999996,3.3499999999999996,3540.7385593445047,4613.082525131376,1332.5991411688458,3
3.3499999999999996,3.3499999999999996,3.3499999999999996,3586.7317735857887,4673.005190794207,1349.9092353117117,3
3.3499999999999996,3.3499999999999996,3.3499999999999996,3470.234239235596,4521.225348559467,1306.0640003073813,3
3.3499999999999996,3.3499999999999996,3.3499999999999996,3617.912432610611,4713.629187979731,1361.6444478220787,3
3.3499999999999996,3.3499999999999996,3.3499999999999996,3540.691338061844,4613.02100246592,1332.5813688765218,3
3.3499999999999996,3.3499999999999996,3.3499999999999996,3602.6183026478707,4693.703095588072,1355.888319796335,3
3.3499999999999996,3.3499999999999996,3.3499999999999996,3527.345080710611,4595.632713121485,1327.5583459150741,3
3.3499999999999996,3.3499999999999996,3.3499999999999996,3583.126304094928,4668.307773002855,1348.5522739132623,3
3.3499999999999996,3.3499999999999996,3.3499999999999996,3637.0292607992856,4738.5357165401,1368.8392938687791,3
3.3499999999999996,3.3499999999999996,3.3499999999999996,3590.3100149134807,4677.667134132528,1351.2559490665565,3
3.3499999999999996,3.3499999999999996,3.3499999999999996,3582.285522619098,4667.212353426235,1348.2358357877633,3
3.3499999999999996,3.3499999999999996,3.3499999999999996,3425.6787573034735,4463.175845142324,1289.295013848211,3
3.3499999999999996,3.3499999999999996,3.3499999999999996,3534.2070012418294,4604.572826931318,1330.1409114599203,3
3.3499999999999996,3.3499999999999996,3.3499999999999996,3430.128492928192,4468.973222527805,1290.9697248647244,3
3.3499999999999996,3.3499999999999996,3.3499999999999996,3587.892267569262,4674.517150637034,1350.3460010485173,3
3.3499999999999996,3.3499999999999996,3.3499999999999996,3550.1734119757375,4625.374806267317,1336.1500603634452,3
3.3499999999999996,3.3499999999999996,3.3499999999999996,3488.537879721611,4545.072408334462,1312.9527934738676,3
3.3499999999999996,3.3499999999999996,3.3499999999999996,3589.6191545207334,4676.7670405640065,1350.9959355268354,3
3.3499999999999996,3.3499999999999996,3.3499999999999996,3529.377527681187,4598.280704619891,1328.3232815470237,3
3.3499999999999996,3.3499999999999996,3.3499999999999996,3626.538250919064,4724.867411597983,1364.8908773104654,3
3.3499999999999996,3.3499999999999996,3.3499999999999996,3630.4764502905523,4729.998329454979,1366.373065563632,3
3.3499999999999996,3.3499999999999996,3.3499999999999996,3616.306757629838,4711.537220140056,1361.040132913053,3
3.3499999999999996,3.3499999999999996,3.3499999999999996,3643.1924516095924,4746.565484157661,1371.158884158494,3
3.3499999999999996,3.3499999999999996,3.3499999999999996,3691.627783160322,4809.6698839405635,1389.388098246156,3
3.3499999999999996,3.3499999999999996,3.3499999999999996,3686.442298520646,4802.9139294483875,1387.4364793221491,3
3.3499999999999996,3.3499999999999996,3.3499999999999996,3618.1739184100556,4713.969867064552,1361.7428611180414,3
3.3499999999999996,3.3499999999999996,3.3499999999999996,3547.849900869423,4622.347599287238,1335.2755792762723,3
3.3499999999999996,3.3499999999999996,3.3499999999999996,3538.1151322908477,4609.66457000864,1331.6117831416918,3
3.3499999999999996,3.3499999999999996,3.3499999999999996,3486.1275295711234,4541.932062338199,1312.0456294778196,3
3.3499999999999996,3.3499999999999996,3.3499999999999996,3413.953077357567,4447.898939393101,1284.881914500817,3
3.3499999999999996,3.3499999999999996,3.3499999999999996,3575.029341974181,4657.758574342794,1345.5048857519118,3
3.3499999999999996,3.3499999999999996,3.3499999999999996,3486.1320178323654,4541.937909909024,1312.0473186884115,3
3.3499999999999996,3.3499999999999996,3.3499999999999996,3561.1406373171735,4639.663552731876,1340.2777062842185,3
3.3499999999999996,3.3499999999999996,3.3499999999999996,3539.6102597705435,4611.612510059515,1332.1744921816244,3
3.3499999999999996,3.3499999999999996,3.3499999999999996,3591.8091678211085,4679.620318747762,1351.82017312425,3
3.3499999999999996,3.3499999999999996,3.3499999999999996,3489.7241600019424,4546.617964082052,1313.3992641907137,3
3.3499999999999996,3.3499999999999996,3.3499999999999996,3387.274044357886,4413.139925459856,1274.8409425773852,3
3.3499999999999996,3.3499999999999996,3.3499999999999996,3402.830424649009,4433.407693009618,1280.695771638666,3
3.3499999999999996,3.3499999999999996,3.3499999999999996,3397.70200088266,4426.7260807805615,1278.765628254159,3
3.3499999999999996,3.3499999999999996,3.3499999999999996,3452.9309519935923,4498.681607849564,1299.5517020024872,3
3.3499999999999996,3.3499999999999996,3.3499999999999996,3400.9675182980004,4430.980589005819,1279.9946446387971,3
3.3499999999999996,3.3499999999999996,3.3499999999999996,3461.4374009194107,4509.764310012663,1302.7532054015526,3
3.3499999999999996,3.3499999999999996,3.3499999999999996,3546.48569874695,4620.570236495139,1334.7621455543751,3
3.3499999999999996,3.3499999999999996,3.3499999999999996,3499.4917213474,4604.7371401819755,1339.5337052847276,4
3.3499999999999996,3.3499999999999996,3.3499999999999996,3431.796621397742,4515.661878467539,1313.621408504019,4
3.3499999999999996,3.3499999999999996,3.3499999999999996,3380.0894458600765,4447.624011665407,1293.8289614994271,4
3.3499999999999996,3.3499999999999996,3.3499999999999996,3390.2952012555525,4461.053053553544,1297.735515487464,4
3.3499999999999996,3.3499999999999996,3.3499999999999996,3429.9931352004746,4513.288796735782,1312.9310709519916,4
3.3499999999999996,3.3499999999999996,3.3499999999999996,3353.337264601957,4412.422681749784,1283.5887748270209,4
3.3499999999999996,3.3499999999999996,3.3499999999999996,3344.9477890966264,4401.383555921771,1280.3774555544253,4
3.3499999999999996,3.3499999999999996,3.3499999999999996,3336.823558507612,4390.6934473838855,1277.2676665993308,4
3.3499999999999996,3.3499999999999996,3.3499999999999996,3427.7396536423475,4510.323597486383,1312.06848439894,4
3.3499999999999996,3.3499999999999996,3.3499999999999996,3427.4494090829858,4509.94168490917,1311.9573847304746,4
3.3499999999999996,3.3499999999999996,3.3499999999999996,3445.734173637054,4534.001331608143,1318.956417836899,4
3.3499999999999996,3.3499999999999996,3.3499999999999996,3415.030499763976,4493.60050809399,1307.2036807813524,4
3.3499999999999996,3.3499999999999996,3.3499999999999996,3477.572870642988,4575.8956529188345,1331.143618484248,4
3.3499999999999996,3.3499999999999996,3.3499999999999996,3515.329057824071,4625.576386930529,1345.5959130856559,4
3.3499999999999996,3.3499999999999996,3.3499999999999996,3456.6997760743234,4548.430203235227,1323.1538256986955,4
3.3499999999999996,3.3499999999999996,3.3499999999999996,3544.2345363035047,4663.611090512492,1356.660337800361,4
3.3499999999999996,3.3499999999999996,3.3499999999999996,3503.297460592809,4609.744847084747,1340.990464265368,4
3.3499999999999996,3.3499999999999996,3.3499999999999996,3466.3199374396354,4561.088702771936,1326.8362262943315,4
3.3499999999999996,3.3499999999999996,3.3499999999999996,3511.3464743723735,4620.335983067866,1344.0714617674496,4
3.3499999999999996,3.3499999999999996,3.3499999999999996,3397.297464762528,4470.266843841779,1300.4158384394116,4
3.3499999999999996,3.3499999999999996,3.3499999999999996,3541.8717837756913,4660.502109213433,1355.755924559734,4
3.3499999999999996,3.3499999999999996,3.3499999999999996,3466.2737086456095,4561.027873525365,1326.8185308594846,4
3.3499999999999996,3.3499999999999996,3.3499999999999996,3526.899103153529,4640.800602812267,1350.024689297909,4
3.3499999999999996,3.3499999999999996,3.3499999999999996,3453.2079605901126,4543.835566720239,1321.8172302996543,4
3.3499999999999996,3.3499999999999996,3.3499999999999996,3507.8167840067804,4615.691509637442,1342.7203686400999,4
3.3499999999999996,3.3499999999999996,3.3499999999999996,3560.5868178230735,4685.127917536411,1362.9196560093872,4
3.3499999999999996,3.3499999999999996,3.3499999999999996,3514.849508851554,4624.945381876049,1345.4123515678207,4
3.3499999999999996,3.3499999999999996,3.3499999999999996,3506.993673928516,4614.608436480068,1342.4052989726192,4
3.3499999999999996,3.3499999999999996,3.3499999999999996,3353.6784421334924,4412.871613473574,1283.7193705933119,4
3.3499999999999996,3.3499999999999996,3.3499999999999996,3459.925658479361,4552.674916954572,1324.3886273655985,4
3.3499999999999996,3.3499999999999996,3.3499999999999996,3358.0346539954467,4418.603648908572,1285.386839209069,4
3.3499999999999996,3.3499999999999996,3.3499999999999996,3512.482577296882,4621.830901686945,1344.5063386813656,4
3.3499999999999996,3.3499999999999996,3.3499999999999996,3475.5564899933775,4573.242438222146,1330.3717892993518,4
3.3499999999999996,3.3499999999999996,3.3499999999999996,3415.216402543731,4493.845124599061,1307.2748405551756,4
3.3499999999999996,3.3499999999999996,3.3499999999999996,3514.1731688413474,4624.055433217109,1345.1534624741907,4
3.3499999999999996,3.3499999999999996,3.3499999999999996,3455.197689946804,4546.4537128389375,1322.5788579158661,4
3.3499999999999996,3.3499999999999996,3.3499999999999996,3550.3163061481246,4671.613667375505,1358.9883146448146,4
3.3499999999999996,3.3499999999999996,3.3499999999999996,3554.1717331360833,4676.6867549140225,1360.464093074902,4
3.3499999999999996,3.3499999999999996,3.3499999999999996,3540.299856589988,4658.433719838624,1355.1542230512953,4
3.3499999999999996,3.3499999999999996,3.3499999999999996,3566.620471770109,4693.067182044865,1365.2292150744297,4
3.3499999999999996,3.3499999999999996,3.3499999999999996,3614.0377980190924,4755.460335294774,1383.3795956961446,4
3.3499999999999996,3.3499999999999996,3.3499999999999996,3608.961300985907,4748.780526827696,1381.4364166798182,4
3.3499999999999996,3.3499999999999996,3.3499999999999996,3542.1277737124747,4660.838948521333,1355.8539122607604,4
3.3499999999999996,3.3499999999999996,3.3499999999999996,3473.2818140358927,4570.249350740496,1329.5010899646275,4
3.3499999999999996,3.3499999999999996,3.3499999999999996,3463.751649115576,4557.709271250396,1325.853138163567,4
3.3499999999999996,3.3499999999999996,3.3499999999999996,3412.85671270987,4490.740173285416,1306.3715996510205,4
3.3499999999999996,3.3499999999999996,3.3499999999999996,3342.199210471707,4397.766892964784,1279.3253559917243,4
3.3499999999999996,3.3499999999999996,3.3499999999999996,3499.8900024154746,4605.261210467727,1339.6861591144107,4
3.3499999999999996,3.3499999999999996,3.3499999999999996,3412.8611066376243,4490.745954948564,1306.3732815565068,4
3.3499999999999996,3.3499999999999996,3.3499999999999996,3486.2932081165172,4587.370136940136,1334.4815849369165,4
3.3499999999999996,3.3499999999999996,3.3499999999999996,3465.2153522681874,4559.635256166411,1326.4134137302995,4
3.3499999999999996,3.3499999999999996,3.3499999999999996,3516.317152826359,4626.876552245198,1345.974135600518,4
3.3499999999999996,3.3499999999999996,3.3499999999999996,3416.377749793234,4495.3732604651395,1307.719380479291,4
3.3499999999999996,3.3499999999999996,3.3499999999999996,3316.0809127074335,4363.399646138673,1269.3278069286748,4
3.3499999999999996,3.3499999999999996,3.3499999999999996,3331.3103317265814,4383.4389766943295,1275.1573163867508,4
3.3499999999999996,3.3499999999999996,3.3499999999999996,3326.2896962712975,4376.832672582439,1273.2355200375052,4
3.3499999999999996,3.3499999999999996,3.3499999999999996,3380.3578549763406,4447.977192505608,1293.9317030078146,4
3.3499999999999996,3.3499999999999996,3.3499999999999996,3329.4865796144577,4381.039228458334,1274.4592214578865,4
3.3499999999999996,3.3499999999999996,3.3499999999999996,3388.6855168508832,4458.9349820870675,1297.119361289478,4
3.3499999999999996,3.3499999999999996,3.3499999999999996,3471.9462844743143,4568.492020515511,1328.989876621494,4
3.3499999999999996,3.3499999999999996,3.3499999999999996,3491.9683506593847,4599.469907948796,1338.9474480837923,5
3.3499999999999996,3.3499999999999996,3.3499999999999996,3424.4187847961707,4510.496536977608,1313.0464920185293,5
3.3499999999999996,3.3499999999999996,3.3499999999999996,3372.822771758598,4442.536496820992,1293.2627073301858,5
3.3499999999999996,3.3499999999999996,3.3499999999999996,3383.0065863446353,4455.950177597268,1297.1675515849042,5
3.3499999999999996,3.3499999999999996,3.3499999999999996,3422.6191758177315,4508.126169748811,1312.3564565980266,5
3.3499999999999996,3.3499999999999996,3.3499999999999996,3346.1281035887623,4407.375432738995,1283.0270023540238,5
3.3499999999999996,3.3499999999999996,3.3499999999999996,3337.7566641695635,4396.348934263558,1279.8170885399395,5
3.3499999999999996,3.3499999999999996,3.3499999999999996,3329.649899430776,4385.671053846962,1276.7086606078353,5
3.3499999999999996,3.3499999999999996,3.3499999999999996,3420.3705388994695,4505.164362309321,1311.4942475625967,5
3.3499999999999996,3.3499999999999996,3.3499999999999996,3420.080918321413,4504.782886591407,1311.383196517753,5
3.3499999999999996,3.3499999999999996,3.3499999999999996,3438.326373434957,4528.815012121908,1318.379166443653,5
3.3499999999999996,3.3499999999999996,3.3499999999999996,3407.688707753475,4488.460401999176,1306.6315730636272,5
3.3499999999999996,3.3499999999999996,3.3499999999999996,3470.0966221235717,4570.6614116700985,1330.5610332691567,5
3.3499999999999996,3.3499999999999996,3.3499999999999996,3507.771639290679,4620.285317255854,1345.007002712977,5
3.3499999999999996,3.3499999999999996,3.3499999999999996,3449.268401508141,4543.227378959377,1322.574737277702,5
3.3499999999999996,3.3499999999999996,3.3499999999999996,3536.6149754229286,4658.276513985939,1356.0665849973373,5
3.3499999999999996,3.3499999999999996,3.3499999999999996,3495.76590814888,4604.4718866733,1340.4035695026912,5
3.3499999999999996,3.3499999999999996,3.3499999999999996,3458.8678810014003,4555.871398786442,1326.255526242472,5
3.3499999999999996,3.3499999999999996,3.3499999999999996,3503.7976177828264,4615.050907747113,1343.4832185825835,5
3.3499999999999996,3.3499999999999996,3.3499999999999996,3389.993796058599,4465.1534284840745,1299.846701472953,5
3.3499999999999996,3.3499999999999996,3.3499999999999996,3534.257302450813,4655.171088965124,1355.1625675801017,5
3.3499999999999996,3.3499999999999996,3.3499999999999996,3458.8217515921942,4555.810639120771,1326.237838552168,5
3.3499999999999996,3.3499999999999996,3.3499999999999996,3519.3168107965016,4635.4921185755475,1349.4338406373502,5
3.3499999999999996,3.3499999999999996,3.3499999999999996,3445.7840928918854,4538.637998122793,1321.2387268498899,5
3.3499999999999996,3.3499999999999996,3.3499999999999996,3500.2755157103766,4610.411747002173,1342.1327167715046,5
3.3499999999999996,3.3499999999999996,3.3499999999999996,3552.9321020442258,4679.768728502911,1362.3231637677377,5
3.3499999999999996,3.3499999999999996,3.3499999999999996,3507.293121274933,4619.655033990709,1344.8235215322486,5
3.3499999999999996,3.3499999999999996,3.3499999999999996,3499.4541751925876,4609.32991274241,1341.8177849966803,5
3.3499999999999996,3.3499999999999996,3.3499999999999996,3346.468547640911,4407.823850942128,1283.1575409640752,5
3.3499999999999996,3.3499999999999996,3.3499999999999996,3452.4873487605732,4547.467237267384,1323.8089985241845,5
3.3499999999999996,3.3499999999999996,3.3499999999999996,3350.81539431522,4413.549329659361,1284.8242797994028,5
3.3499999999999996,3.3499999999999996,3.3499999999999996,3504.931278260225,4616.544116369879,1343.9179051692824,5
3.3499999999999996,3.3499999999999996,3.3499999999999996,3468.084576383223,4568.01123191277,1329.7895418812243,5
3.3499999999999996,3.3499999999999996,3.3499999999999996,3407.8742108707547,4488.704738694152,1306.7027016938298,5
3.3499999999999996,3.3499999999999996,3.3499999999999996,3506.618235292057,4618.766103319574,1344.5647457434163,5
3.3499999999999996,3.3499999999999996,3.3499999999999996,3447.7695446355087,4541.253149416119,1322.0000211339336,5
3.3499999999999996,3.3499999999999996,3.3499999999999996,3542.6836703947893,4666.269936921266,1358.3935429848677,5
3.3499999999999996,3.3499999999999996,3.3499999999999996,3546.5308088058055,4671.337221494402,1359.8686755292053,5
3.3499999999999996,3.3499999999999996,3.3499999999999996,3532.688754667564,4653.105065564062,1354.561129410944,5
3.3499999999999996,3.3499999999999996,3.3499999999999996,3558.952784560305,4687.698911504938,1364.6317120365395,5
3.3499999999999996,3.3499999999999996,3.3499999999999996,3606.2681708274818,4750.020694941996,1382.7741490049539,5
3.3499999999999996,3.3499999999999996,3.3499999999999996,3601.202587484632,4743.3485273241995,1380.8318204358295,5
3.3499999999999996,3.3499999999999996,3.3499999999999996,3534.5127420484782,4655.5075429718,1355.2605123960589,5
3.3499999999999996,3.3499999999999996,3.3499999999999996,3465.8147906303125,4565.021568141611,1328.9192236147421,5
3.3499999999999996,3.3499999999999996,3.3499999999999996,3456.3051141034894,4552.495832903721,1325.2728683677685,5
3.3499999999999996,3.3499999999999996,3.3499999999999996,3405.519594008268,4485.603339048961,1305.7998560999843,5
3.3499999999999996,3.3499999999999996,3.3499999999999996,3335.013994567298,4392.736408307907,1278.7654494366825,5
3.3499999999999996,3.3499999999999996,3.3499999999999996,3492.3657754842243,4599.993378764954,1339.0998351908875,5
3.3499999999999996,3.3499999999999996,3.3499999999999996,3405.5239784897517,4485.609114098623,1305.8015372693717,5
3.3499999999999996,3.3499999999999996,3.3499999999999996,3478.7982122084622,4582.122770344555,1333.8975388352042,5
3.3499999999999996,3.3499999999999996,3.3499999999999996,3457.765670518725,4554.419614738534,1325.8328987256018,5
3.3499999999999996,3.3499999999999996,3.3499999999999996,3508.7576100401984,4621.583995347158,1345.3850596958546,5
3.3499999999999996,3.3499999999999996,3.3499999999999996,3409.0330614017194,4490.231126567621,1307.1470470616375,5
3.3499999999999996,3.3499999999999996,3.3499999999999996,3308.951847138979,4358.4084732307065,1268.772275877666,5
3.3499999999999996,3.3499999999999996,3.3499999999999996,3324.148525242083,4378.424881347009,1274.5992340062123,5
3.3499999999999996,3.3499999999999996,3.3499999999999996,3319.138683383306,4371.826134004789,1272.6782787458806,5
3.3499999999999996,3.3499999999999996,3.3499999999999996,3373.0906038364124,4442.889273667339,1293.3654038729642,5
3.3499999999999996,3.3499999999999996,3.3499999999999996,3322.3286939173977,4376.027878117054,1273.9014446039494,5
3.3499999999999996,3.3499999999999996,3.3499999999999996,3381.4003625146524,4453.83452893452,1296.5516670515294,5
3.3499999999999996,3.3499999999999996,3.3499999999999996,3464.4821322525395,4563.266248078362,1328.408234008049,5
3.3499999999999996,3.3499999999999996,3.3499999999999996,3491.215912796148,4598.943067242122,1338.888784005303,6
3.3499999999999996,3.3499999999999996,3.3499999999999996,3423.6809022913726,4509.979887617888,1312.9889627535997,6
3.3499999999999996,3.3499999999999996,3.3499999999999996,3372.09600699311,4442.027631861714,1293.2060448636496,6
3.3499999999999996,3.3499999999999996,3.3499999999999996,3382.277627204251,4455.439776184182,1297.1107180331703,6
3.3499999999999996,3.3499999999999996,3.3499999999999996,3421.8816810867615,4507.609791899934,1312.2989575660172,6
3.3499999999999996,3.3499999999999996,3.3499999999999996,3345.407090902635,4406.870595261193,1282.970788350346,6
3.3499999999999996,3.3499999999999996,3.3499999999999996,3337.0374553336883,4395.845359802661,1279.761015174072,6
3.3499999999999996,3.3499999999999996,3.3499999999999996,3328.9324374139223,4385.168702470938,1276.6527234333169,6
3.3499999999999996,3.3499999999999996,3.3499999999999996,3419.633528697392,4504.648323717085,1311.43678630705,6
3.3499999999999996,3.3499999999999996,3.3499999999999996,3419.3439705258256,4504.266891694848,1311.3257401277504,6
3.3499999999999996,3.3499999999999996,3.3499999999999996,3437.585494168669,4528.296264494652,1318.3214035351757,6
3.3499999999999996,3.3499999999999996,3.3499999999999996,3406.954430190692,4487.946276741834,1306.5743248592494,6
3.3499999999999996,3.3499999999999996,3.3499999999999996,3469.348897108515,4570.137870797719,1330.5027366295078,6
3.3499999999999996,3.3499999999999996,3.3499999999999996,3507.0157961867485,4619.756092273346,1344.9480731437184,6
3.3499999999999996,3.3499999999999996,3.3499999999999996,3448.5251644896066,4542.706980485029,1322.5167905462554,6
3.3499999999999996,3.3499999999999996,3.3499999999999996,3535.8529172517274,4657.742937347843,1356.007170868207,6
3.3499999999999996,3.3499999999999996,3.3499999999999996,3495.012652000437,4603.944473021035,1340.3448416263127,6
3.3499999999999996,3.3499999999999996,3.3499999999999996,3458.122575518575,4555.349552018165,1326.1974182424908,6
3.3499999999999996,3.3499999999999996,3.3499999999999996,3503.042630987989,4614.522282333701,1343.42435577576,6
3.3499999999999996,3.3499999999999996,3.3499999999999996,3389.2633313372307,4464.641972895768,1299.789750538076,6
3.3499999999999996,3.3499999999999996,3.3499999999999996,3533.4957523032344,4654.637868034173,1355.103193059209,6
3.3499999999999996,3.3499999999999996,3.3499999999999996,3458.0764560491825,4555.288799312137,1326.1797313271477,6
3.3499999999999996,3.3499999999999996,3.3499999999999996,3518.55847997696,4634.961151748413,1349.3747171124828,6
3.3499999999999996,3.3499999999999996,3.3499999999999996,3445.04160666072,4538.118125333512,1321.1808386538403,6
3.3499999999999996,3.3499999999999996,3.3499999999999996,3499.5212878465177,4609.883652975804,1342.073913134997,6
3.3499999999999996,3.3499999999999996,3.3499999999999996,3552.166527912209,4679.232690065148,1362.263475515505,6
3.3499999999999996,3.3499999999999996,3.3499999999999996,3506.537381280492,4619.125881203235,1344.7646000019563,6
3.3499999999999996,3.3499999999999996,3.3499999999999996,3498.700124308484,4608.801942633437,1341.7589951584614,6
3.3499999999999996,3.3499999999999996,3.3499999999999996,3345.7474615970186,4407.318962100805,1283.1013212410346,6
3.3499999999999996,3.3499999999999996,3.3499999999999996,3451.7434181338645,4546.946353143603,1323.750997715336,6
3.3499999999999996,3.3499999999999996,3.3499999999999996,3350.093371627093,4413.043785000018,1284.7679870505697,6
3.3499999999999996,3.3499999999999996,3.3499999999999996,3504.176047187954,4616.0153199186925,1343.8590233172831,6
3.3499999999999996,3.3499999999999996,3.3499999999999996,3467.337284917169,4567.487994602018,1329.7312790433728,6
3.3499999999999996,3.3499999999999996,3.3499999999999996,3407.1398933363694,4488.190585449559,1306.6454503730524,6
3.3499999999999996,3.3499999999999996,3.3499999999999996,3505.8626407198294,4618.237052353586,1344.5058355510175,6
3.3499999999999996,3.3499999999999996,3.3499999999999996,3447.026630585727,4540.732977077501,1321.9420995828573,6
3.3499999999999996,3.3499999999999996,3.3499999999999996,3541.9203045611407,4665.7354446862255,1358.3340269033822,6
3.3499999999999996,3.3499999999999996,3.3499999999999996,3545.7666140034166,4670.8021488333925,1359.8090948168851,6
3.3499999999999996,3.3499999999999996,3.3499999999999996,3531.9275425055066,4652.572081283259,1354.5017812412093,6
3.3499999999999996,3.3499999999999996,3.3499999999999996,3558.1859131114074,4687.161964713974,1364.5719226385474,6
3.3499999999999996,3.3499999999999996,3.3499999999999996,3605.4911040146617,4749.476609577874,1382.713564721884,6
3.3499999999999996,3.3499999999999996,3.3499999999999996,3600.426612187062,4742.80520621543,1380.7713212531237,6
3.3499999999999996,3.3499999999999996,3.3499999999999996,3533.7511368596147,4654.974283502132,1355.2011335838533,6
3.3499999999999996,3.3499999999999996,3.3499999999999996,3465.0679882502327,4564.498673278274,1328.860998908648,6
3.3499999999999996,3.3499999999999996,3.3499999999999996,3455.5603608372526,4551.974372785547,1325.2148034215447,6
3.3499999999999996,3.3499999999999996,3.3499999999999996,3404.785783838986,4485.089541050431,1305.7426443361028,6
3.3499999999999996,3.3499999999999996,3.3499999999999996,3334.2953767128547,4392.233247639418,1278.709422146887,6
3.3499999999999996,3.3499999999999996,3.3499999999999996,3491.6132519851926,4599.466478097951,1339.041164435774,6
3.3499999999999996,3.3499999999999996,3.3499999999999996,3404.790167375716,4485.095315438597,1305.744325431832,6
3.3499999999999996,3.3499999999999996,3.3499999999999996,3478.048612203373,4581.597916644738,1333.8390960113077,6
3.3499999999999996,3.3499999999999996,3.3499999999999996,3457.0206025365924,4553.8979342631,1325.7748092424445,6
3.3499999999999996,3.3499999999999996,3.3499999999999996,3508.0015544825314,4621.0546216091425,1345.3261135625664,6
3.3499999999999996,3.3499999999999996,3.3499999999999996,3408.298494162031,4489.716798484778,1307.0897762724992,6
3.3499999999999996,3.3499999999999996,3.3499999999999996,3308.2388450704048,4357.909244613938,1268.7166864245594,6
3.3499999999999996,3.3499999999999996,3.3499999999999996,3323.432248643258,4377.923359975031,1274.5433892532214,6
3.3499999999999996,3.3499999999999996,3.3499999999999996,3318.4234862887392,4371.325368478329,1272.6225181568122,6
3.3499999999999996,3.3499999999999996,3.3499999999999996,3372.3637813593486,4442.380368299665,1293.308736906925,6
3.3499999999999996,3.3499999999999996,3.3499999999999996,3321.6128094498454,4375.526631306906,1273.8456304236083,6
3.3499999999999996,3.3499999999999996,3.3499999999999996,3380.6717494781005,4453.324369855845,1296.4948604839003,6
3.3499999999999996,3.3499999999999996,3.3499999999999996,3463.7356170293074,4562.743554276033,1328.3500316902382,6
3.3499999999999996,3.3499999999999996,3.3499999999999996,3491.140668004005,4598.890382061015,1338.8829172201624,7
3.3499999999999996,3.3499999999999996,3.3499999999999996,3423.60711305453,4509.928221592958,1312.983209457113,7
3.3499999999999996,3.3499999999999996,3.3499999999999996,3372.0233295450603,4441.976744293233,1293.2003782525778,7
3.3499999999999996,3.3499999999999996,3.3499999999999996,3382.2047303157783,4455.388734967082,1297.105034312478,7
3.3499999999999996,3.3499999999999996,3.3499999999999996,3421.8079306278205,4507.558153026657,1312.2932072930178,7
3.3499999999999996,3.3499999999999996,3.3499999999999996,3345.3349886702104,4406.820110449348,1282.9651665884442,7
3.3499999999999996,3.3499999999999996,3.3499999999999996,3336.9655334886997,4395.79500129517,1279.7554074768552,7
3.3499999999999996,3.3499999999999996,3.3499999999999996,3328.860690253171,4385.118466274511,1276.6471293561112,7
3.3499999999999996,3.3499999999999996,3.3499999999999996,3419.5598266919874,4504.596718770191,1311.4310398119399,7
3.3499999999999996,3.3499999999999996,3.3499999999999996,3419.270274761154,4504.215291117611,1311.3199941192254,7
3.3499999999999996,3.3499999999999996,3.3499999999999996,3437.5114052516715,4528.244388638544,1318.315626872832,7
3.3499999999999996,3.3499999999999996,3.3499999999999996,3406.88100145287,4487.894863132459,1306.5685996706263,7
3.3499999999999996,3.3499999999999996,3.3499999999999996,3469.2741236074894,4570.0855156069965,1330.4969065906137,7
3.3499999999999996,3.3499999999999996,3.3499999999999996,3506.9402108659838,4619.703168659629,1344.9421798077929,7
3.3499999999999996,3.3499999999999996,3.3499999999999996,3448.4508397942327,4542.654939540733,1322.5109955004325,7
3.3499999999999996,3.3499999999999996,3.3499999999999996,3535.7767104159275,4657.689578559394,1356.0012290731781,7
3.3499999999999996,3.3499999999999996,3.3499999999999996,3494.9373253786794,4603.891730544161,1340.3389684609726,7
3.3499999999999996,3.3499999999999996,3.3499999999999996,3458.048043974007,4555.297366241422,1326.1916070687773,7
3.3499999999999996,3.3499999999999996,3.3499999999999996,3502.967131299278,4614.469418678157,1343.4184691165076,7
3.3499999999999996,3.3499999999999996,3.3499999999999996,3389.1902838886467,4464.590826258925,1299.7840550783146,7
3.3499999999999996,3.3499999999999996,3.3499999999999996,3533.419596270476,4654.584544817189,1355.0972552252586,7
3.3499999999999996,3.3499999999999996,3.3499999999999996,3458.0019254986096,4555.236614231375,1326.173920230935,7
3.3499999999999996,3.3499999999999996,3.3499999999999996,3518.482645881309,4634.908053946561,1349.368804379749,7
3.3499999999999996,3.3499999999999996,3.3499999999999996,3444.9673570450864,4538.066136958829,1321.1750494619332,7
3.3499999999999996,3.3499999999999996,3.3499999999999996,3499.4458640519197,4609.8308424600855,1342.0680323931567,7
3.3499999999999996,3.3499999999999996,3.3499999999999996,3552.0899694756276,4679.179085091545,1362.2575063064025,7
3.3499999999999996,3.3499999999999996,3.3499999999999996,3506.4618062708137,4619.072964809174,1344.7587074699795,7
3.3499999999999996,3.3499999999999996,3.3499999999999996,3498.624718212098,4608.749144509718,1341.7531157965386,7
3.3499999999999996,3.3499999999999996,3.3499999999999996,3345.675352028719,4407.268472152502,1283.0956989071594,7
3.3499999999999996,3.3499999999999996,3.3499999999999996,3451.669024076746,4546.894263633339,1323.7451972614253,7
3.3499999999999996,3.3499999999999996,3.3499999999999996,3350.021168393118,4412.993229468529,1284.7623574136455,7
3.3499999999999996,3.3499999999999996,3.3499999999999996,3504.1005230711735,4615.962439159011,1343.8531347533913,7
3.3499999999999996,3.3499999999999996,3.3499999999999996,3467.262554771624,4567.435669768099,1329.7254523848765,7
3.3499999999999996,3.3499999999999996,3.3499999999999996,3407.066460601334,4488.139169041399,1306.6397248727685,7
3.3499999999999996,3.3499999999999996,3.3499999999999996,3505.787080252567,4618.184146141888,1344.4999441529028,7
3.3499999999999996,3.3499999999999996,3.3499999999999996,3446.95233818766,4540.680958747255,1321.9363070552333,7
3.3499999999999996,3.3499999999999996,3.3499999999999996,3541.8439669573486,4665.681994336154,1358.3280749124622,7
3.3499999999999996,3.3499999999999996,3.3499999999999996,3545.6901935016417,4670.748640439501,1359.8031363624661,7
3.3499999999999996,3.3499999999999996,3.3499999999999996,3531.851420271752,4652.518781731788,1354.4958460425441,7
3.3499999999999996,3.3499999999999996,3.3499999999999996,3558.109224941404,4687.108268903136,1364.5659433142189,7
3.3499999999999996,3.3499999999999996,3.3499999999999996,3605.4133962946376,4749.422199894673,1382.707505903936,7
3.3499999999999996,3.3499999999999996,3.3499999999999996,3600.3490136200217,4742.7508729593765,1380.7652709457593,7
3.3499999999999996,3.3499999999999996,3.3499999999999996,3533.674975322654,4654.920956431196,1355.1951953207447,7
3.3499999999999996,3.3499999999999996,3.3499999999999996,3464.9933070139386,4564.446382689815,1328.8551760635723,7
3.3499999999999996,3.3499999999999996,3.3499999999999996,3455.4858845150816,4551.922225674629,1325.2089965534835,7
3.3499999999999996,3.3499999999999996,3.3499999999999996,3404.7124018411387,4485.038160167628,1305.736922791763,7
3.3499999999999996,3.3499999999999996,3.3499999999999996,3334.2235139667996,4392.18293051204,1278.7038190575731,7
3.3499999999999996,3.3499999999999996,3.3499999999999996,3491.537998629355,4599.4137869206825,1339.0352969829275,7
3.3499999999999996,3.3499999999999996,3.3499999999999996,3404.716785283392,4485.043934489644,1305.7386038801262,7
3.3499999999999996,3.3499999999999996,3.3499999999999996,3477.973651200838,4581.545430168503,1333.833251353049,7
3.3499999999999996,3.3499999999999996,3.3499999999999996,3456.946094742411,4553.845765115992,1325.768999920532,7
3.3499999999999996,3.3499999999999996,3.3499999999999996,3507.925947916109,4621.001683119563,1345.3202185701318,7
3.3499999999999996,3.3499999999999996,3.3499999999999996,3408.225036456131,4489.665364592427,1307.0840488252543,7
3.3499999999999996,3.3499999999999996,3.3499999999999996,3308.167543910444,4357.85932070002,1268.7111271217314,7
3.3499999999999996,3.3499999999999996,3.3499999999999996,3323.3606200258946,4377.8732067807605,1274.5378044187626,7
3.3499999999999996,3.3499999999999996,3.3499999999999996,3318.3519656232447,4371.275290870203,1272.616941739287,7
3.3499999999999996,3.3499999999999996,3.3499999999999996,3372.291098140064,4442.329476690261,1293.3030698458738,7
3.3499999999999996,3.3499999999999996,3.3499999999999996,3321.5412200461333,4375.476505569395,1273.840048646611,7
3.3499999999999996,3.3499999999999996,3.3499999999999996,3380.598887200473,4453.273352872697,1296.4891794617918,7
3.3499999999999996,3.3499999999999996,3.3499999999999996,3463.660964509081,4562.691283794101,1328.3442110841352,7
3.3499999999999996,3.3499999999999996,3.3499999999999996,3491.133143514735,4598.885113531864,1338.8823305378817,8
3.3499999999999996,3.3499999999999996,3.3499999999999996,3423.599734120985,4509.9230549796375,1312.9826341237701,8
3.3499999999999996,3.3499999999999996,3.3499999999999996,3372.016061790543,4441.971655525723,1293.1998115878323,8
3.3499999999999996,3.3499999999999996,3.3499999999999996,3382.1974406171894,4455.383630834676,1297.1044659367594,8
3.3499999999999996,3.3499999999999996,3.3499999999999996,3421.80055557207,4507.552989128509,1312.2926322620256,8
3.3499999999999996,3.3499999999999996,3.3499999999999996,3345.327778437332,4406.815061957585,1282.9646044086446,8
3.3499999999999996,3.3499999999999996,3.3499999999999996,3336.9583412945894,4395.789965433867,1279.7548467035328,8
3.3499999999999996,3.3499999999999996,3.3499999999999996,3328.8535155275076,4385.113442644343,1276.6465699447988,8
3.3499999999999996,3.3499999999999996,3.3499999999999996,3419.552456481598,4504.591558264687,1311.4304651587388,8
3.3499999999999996,3.3499999999999996,3.3499999999999996,3419.2629051748377,4504.210131049074,1311.3194195146834,8
3.3499999999999996,3.3499999999999996,3.3499999999999996,3437.5039963500703,4528.239201042063,1318.3150492028888,8
3.3499999999999996,3.3499999999999996,3.3499999999999996,3406.8736585692745,4487.889721760748,1306.5680271480878,8
3.3499999999999996,3.3499999999999996,3.3499999999999996,3469.2666462473944,4570.080280076953,1330.4963235829812,8
3.3499999999999996,3.3499999999999996,3.3499999999999996,3506.932652323806,4619.697876287169,1344.9415904704163,8
3.3499999999999996,3.3499999999999996,3.3499999999999996,3448.4434073147627,4542.649735435397,1322.5104159921295,8
3.3499999999999996,3.3499999999999996,3.3499999999999996,3535.7690897221632,4657.68424266937,1356.0006348898603,8
3.3499999999999996,3.3499999999999996,3.3499999999999996,3494.9297927064367,4603.886456285421,1340.3383811406677,8
3.3499999999999996,3.3499999999999996,3.3499999999999996,3458.04059080959,4555.292147652813,1326.1910259476745,8
3.3499999999999996,3.3499999999999996,3.3499999999999996,3502.9595813203177,4614.464132301525,1343.417880446803,8
3.3499999999999996,3.3499999999999996,3.3499999999999996,3389.1829791340265,4464.585711584522,1299.7834855286815,8
3.3499999999999996,3.3499999999999996,3.3499999999999996,3533.411980657023,4654.579212484318,1355.0966614380516,8
3.3499999999999996,3.3499999999999996,3.3499999999999996,3457.994472433592,4555.231395712362,1326.173339117583,8
3.3499999999999996,3.3499999999999996,3.3499999999999996,3518.4750624616095,4634.90274415525,1349.3682131026796,8
3.3499999999999996,3.3499999999999996,3.3499999999999996,3444.9599320736006,4538.060938110468,1321.1744705390258,8
3.3499999999999996,3.3499999999999996,3.3499999999999996,3499.43832166238,4609.825561397446,1342.067444315197,8
3.3499999999999996,3.3499999999999996,3.3499999999999996,3552.082313621738,4679.173724582952,1362.2569093816603,8
3.3499999999999996,3.3499999999999996,3.3499999999999996,3506.4542487597464,4619.067673158679,1344.7581182129989,8
3.3499999999999996,3.3499999999999996,3.3499999999999996,3498.617177592382,4608.743864686282,1341.7525278565713,8
3.3499999999999996,3.3499999999999996,3.3499999999999996,3345.6681410622523,4407.26342314709,1283.0951366701618,8
3.3499999999999996,3.3499999999999996,3.3499999999999996,3451.6615846610925,4546.889054671397,1323.7446172123098,8
3.3499999999999996,3.3499999999999996,3.3499999999999996,3350.0139480600715,4412.988173904786,1284.7617944463389,8
3.3499999999999996,3.3499999999999996,3.3499999999999996,3504.092970649402,4615.957151071962,1343.852545893221,8
3.3499999999999996,3.3499999999999996,3.3499999999999996,3467.2550817470824,4567.4304372737415,1329.7248697152856,8
3.3499999999999996,3.3499999999999996,3.3499999999999996,3407.059117318017,4488.13402738981,1306.6391523190641,8
3.3499999999999996,3.3499999999999996,3.3499999999999996,3505.7795241957433,4618.178855509632,1344.4993550093088,8
3.3499999999999996,3.3499999999999996,3.3499999999999996,3446.944908937925,4540.67575690333,1321.9357277987517,8
3.3499999999999996,3.3499999999999996,3.3499999999999996,3541.8363331867677,4665.676649289947,1358.3274797095487,8
3.3499999999999996,3.3499999999999996,3.3499999999999996,3545.6825514412517,4670.743289588898,1359.8025405131982,8
3.3499999999999996,3.3499999999999996,3.3499999999999996,3531.843808038204,4652.513451765473,1354.4952525188667,8
3.3499999999999996,3.3499999999999996,3.3499999999999996,3558.1015561141553,4687.1028993108,1364.5653453779473,8
3.3499999999999996,3.3499999999999996,3.3499999999999996,3605.4056255122505,4749.416758914952,1382.7069000182507,8
3.3499999999999996,3.3499999999999996,3.3499999999999996,3600.3412537529475,4742.745439622387,1380.7646659111383,8
3.3499999999999996,3.3499999999999996,3.3499999999999996,3533.66735915878,4654.915623712928,1355.1946014906207,8
3.3499999999999996,3.3499999999999996,3.3499999999999996,3464.9858388803286,4564.441153620013,1328.8545937753263,8
3.3499999999999996,3.3499999999999996,3.3499999999999996,3455.4784368729115,4551.917010952611,1325.2084158629489,8
3.3499999999999996,3.3499999999999996,3.3499999999999996,3404.705063631547,4485.033022068582,1305.7363506336555,8
3.3499999999999996,3.3499999999999996,3.3499999999999996,3334.2163276825904,4392.177898788757,1278.7032587450446,8
3.3499999999999996,3.3499999999999996,3.3499999999999996,3491.530473283715,4599.408517791916,1339.0347102338758,8
3.3499999999999996,3.3499999999999996,3.3499999999999996,3404.709447064353,4485.038796383981,1305.738031721282,8
3.3499999999999996,3.3499999999999996,3.3499999999999996,3477.966155090567,4581.54018150988,1333.8326668834707,8
3.3499999999999996,3.3499999999999996,3.3499999999999996,3456.938643953036,4553.840548190351,1325.768418984611,8
3.3499999999999996,3.3499999999999996,3.3499999999999996,3507.918387249363,4620.996389259511,1345.3196290671037,8
3.3499999999999996,3.3499999999999996,3.3499999999999996,3408.217690675724,4489.660221192414,1307.083476076853,8
3.3499999999999996,3.3499999999999996,3.3499999999999996,3308.160413784919,4357.854328298166,1268.7105711878787,8
3.3499999999999996,3.3499999999999996,3.3499999999999996,3323.3534571545856,4377.868191450822,1274.5372459317314,8
3.3499999999999996,3.3499999999999996,3.3499999999999996,3318.344813547137,4371.2702830988965,1272.6163840939546,8
3.3499999999999996,3.3499999999999996,3.3499999999999996,3372.2838298084225,4442.324387518655,1293.3025031361299,8
3.3499999999999996,3.3499999999999996,3.3499999999999996,3321.534061096195,4375.471492985141,1273.8394904653278,8
3.3499999999999996,3.3499999999999996,3.3499999999999996,3380.5916009629736,4453.268251163692,1296.4886113559332,8
3.3499999999999996,3.3499999999999996,3.3499999999999996,3463.6534992470824,4562.686056734954,1328.3436290197878,8
3.3499999999999996,3.3499999999999996,3.3499999999999996,3491.132307460259,4105.611643517368,1344.5097184133367,9
3.3499999999999996,3.3499999999999996,3.3499999999999996,3423.598914239369,4026.1915983528147,1318.501164309304,9
3.3499999999999996,3.3499999999999996,3.3499999999999996,3372.015254262154,3965.5286224566757,1298.6351936033277,9
3.3499999999999996,3.3499999999999996,3.3499999999999996,3382.19663065057,3977.5020378892527,1302.5562594053306,9
3.3499999999999996,3.3499999999999996,3.3499999999999996,3421.799736121321,4024.075744245987,1317.8082623360094,9
3.3499999999999996,3.3499999999999996,3.3499999999999996,3345.3269773002376,3934.1429025840384,1288.3569673481027,9
3.3499999999999996,3.3499999999999996,3.3499999999999996,3336.957542161803,3924.300350847861,1285.1337188744735,9
3.3499999999999996,3.3499999999999996,3.3499999999999996,3328.85271833566,3914.768985050533,1282.0123778766003,9
3.3499999999999996,3.3499999999999996,3.3499999999999996,3419.551637569222,4021.4319545587423,1316.942471502248,9
3.3499999999999996,3.3499999999999996,3.3499999999999996,3419.2620863318034,4021.091438981833,1316.8309591279228,9
3.3499999999999996,3.3499999999999996,3.3499999999999996,3437.5031731386707,4042.5431663267555,1323.8559917896314,9
3.3499999999999996,3.3499999999999996,3.3499999999999996,3406.87284269321,4006.5215463345985,1312.0595964269776,9
3.3499999999999996,3.3499999999999996,3.3499999999999996,3469.265815429494,4079.8963980388307,1336.088464661324,9
3.3499999999999996,3.3499999999999996,3.3499999999999996,3506.931812485673,4124.192042677703,1350.5944457115247,9
3.3499999999999996,3.3499999999999996,3.3499999999999996,3448.442581483599,4055.4080360362627,1328.0689919105432,9
3.3499999999999996,3.3499999999999996,3.3499999999999996,3535.7682429782976,4158.104015745868,1361.6999718351935,9
3.3499999999999996,3.3499999999999996,3.3499999999999996,3494.9289557427414,4110.0765454523635,1345.9718888679731,9
3.3499999999999996,3.3499999999999996,3.3499999999999996,3458.0397626800986,4066.694431221313,1331.7650716496278,9
3.3499999999999996,3.3499999999999996,3.3499999999999996,3502.9587424336532,4119.519666717837,1349.064331460208,9
3.3499999999999996,3.3499999999999996,3.3499999999999996,3389.1821674945145,3985.7171093551588,1305.246539047539,9
3.3499999999999996,3.3499999999999996,3.3499999999999996,3533.411134477636,4155.332029108563,1360.792198938784,9
3.3499999999999996,3.3499999999999996,3.3499999999999996,3457.993644315145,4066.640195495061,1331.7473104809244,9
3.3499999999999996,3.3499999999999996,3.3499999999999996,3518.474219859307,4137.766046162516,1355.0396736550701,9
3.3499999999999996,3.3499999999999996,3.3499999999999996,3444.9591070766573,4051.3114301716055,1326.727431413403,9
3.3499999999999996,3.3499999999999996,3.3499999999999996,3499.437483618985,4115.378625956236,1347.708219379536,9
3.3499999999999996,3.3499999999999996,3.3499999999999996,3552.0814629711917,4177.28854960125,1367.982541754469,9
3.3499999999999996,3.3499999999999996,3.3499999999999996,3506.4534090361813,4123.6294347329,1350.4102023112414,9
3.3499999999999996,3.3499999999999996,3.3499999999999996,3498.616339745634,4114.412951341088,1347.391979311643,9
3.3499999999999996,3.3499999999999996,3.3499999999999996,3345.6673398436483,3934.543172839697,1288.4880482430947,9
3.3499999999999996,3.3499999999999996,3.3499999999999996,3451.6607580592417,4059.192648607839,1329.3083805387755,9
3.3499999999999996,3.3499999999999996,3.3499999999999996,3350.013145800736,3939.653890499913,1290.1617110633654,9
3.3499999999999996,3.3499999999999996,3.3499999999999996,3504.092131491315,4120.8525452517815,1349.5008238267426,9
3.3499999999999996,3.3499999999999996,3.3499999999999996,3467.2542514109105,4077.5307756765014,1335.3137683353166,9
3.3499999999999996,3.3499999999999996,3.3499999999999996,3407.0583013975383,4006.7396478984538,1312.1310205405246,9
3.3499999999999996,3.3499999999999996,3.3499999999999996,3505.778684633761,4122.835951095278,1350.1503515131592,9
3.3499999999999996,3.3499999999999996,3.3499999999999996,3446.944083465621,4053.645785176491,1327.4918882745994,9
3.3499999999999996,3.3499999999999996,3.3499999999999996,3541.835484989922,4165.239161954373,1364.036596497388,9
3.3499999999999996,3.3499999999999996,3.3499999999999996,3545.681702323316,4169.762357661891,1365.5178570536914,9
3.3499999999999996,3.3499999999999996,3.3499999999999996,3531.842962234362,4153.487840560546,1360.1882622685166,9
3.3499999999999996,3.3499999999999996,3.3499999999999996,3558.100704022124,4184.367246129318,1370.3006802200773,9
3.3499999999999996,3.3499999999999996,3.3499999999999996,3605.4047620918686,4239.9973610870775,1388.518484701234,9
3.3499999999999996,3.3499999999999996,3.3499999999999996,3600.340391545378,4234.041603226419,1386.568087289239,9
3.3499999999999996,3.3499999999999996,3.3499999999999996,3533.6665129182356,4155.632357084385,1360.890550638181,9
3.3499999999999996,3.3499999999999996,3.3499999999999996,3464.9850090875934,4074.862120671746,1334.4398345830452,9
3.3499999999999996,3.3499999999999996,3.3499999999999996,3455.4776093570035,4063.6813095205694,1330.7783316066887,9
3.3499999999999996,3.3499999999999996,3.3499999999999996,3404.704248274816,4003.9712544206564,1311.2244243355058,9
3.3499999999999996,3.3499999999999996,3.3499999999999996,3334.2155292064595,3921.075712156259,1284.0777110403972,9
3.3499999999999996,3.3499999999999996,3.3499999999999996,3491.5296371340864,4106.078907771918,1344.6627385686413,9
3.3499999999999996,3.3499999999999996,3.3499999999999996,3404.708631706572,4003.9764093866866,1311.226112488826,9
3.3499999999999996,3.3499999999999996,3.3499999999999996,3477.965322189313,4090.12711778831,1339.4388307757754,9
3.3499999999999996,3.3499999999999996,3.3499999999999996,3456.937816087438,4065.3985293869155,1331.3406884488427,9
3.3499999999999996,3.3499999999999996,3.3499999999999996,3507.917547175167,4125.351277980803,1350.9740732229113,9
3.3499999999999996,3.3499999999999996,3.3499999999999996,3408.216874477791,4008.1021431318736,1312.5772118127838,9
3.3499999999999996,3.3499999999999996,3.3499999999999996,3308.159621548643,3890.4336658397256,1274.0430237290193,9
3.3499999999999996,3.3499999999999996,3.3499999999999996,3323.3526612798887,3908.3008548568055,1279.8941882716088,9
3.3499999999999996,3.3499999999999996,3.3499999999999996,3318.344018871907,3902.4106339263394,1277.9652529576426,9
3.3499999999999996,3.3499999999999996,3.3499999999999996,3372.2830222159087,3965.8435206421004,1298.738316769222,9
3.3499999999999996,3.3499999999999996,3.3499999999999996,3321.533265657206,3906.161224732594,1279.193500104876,9
3.3499999999999996,3.3499999999999996,3.3499999999999996,3380.5907913809197,3975.613552486106,1301.9378163576002,9
3.3499999999999996,3.3499999999999996,3.3499999999999996,3463.652669773415,4073.295274353799,1333.9267222176647,9
3.3499999999999996,3.3499999999999996,3.3499999999999996,3491.132307460259,4551.76092944443,1339.2799348700105,10
3.3499999999999996,3.3499999999999996,3.3499999999999996,3423.598914239369,4463.710453660749,1313.3725470917964,10
3.3499999999999996,3.3499999999999996,3.3499999999999996,3372.015254262154,4396.455343454731,1293.583849703556,10
3.3499999999999996,3.3499999999999996,3.3499999999999996,3382.19663065057,4409.729887978216,1297.489663607322,10
3.3499999999999996,3.3499999999999996,3.3499999999999996,3421.799736121321,4461.3646735694765,1312.6823403220299,10
3.3499999999999996,3.3499999999999996,3.3499999999999996,3345.3269773002376,4361.658994977804,1283.3456030020577,10
3.3499999999999996,3.3499999999999996,3.3499999999999996,3336.957542161803,4350.746871199729,1280.13489210372,10
3.3499999999999996,3.3499999999999996,3.3499999999999996,3328.85271833566,4340.179749365635,1277.0256922882868,10
3.3499999999999996,3.3499999999999996,3.3499999999999996,3419.551637569222,4458.433588106712,1311.8199171832669,10
3.3499999999999996,3.3499999999999996,3.3499999999999996,3419.2620863318034,4458.056069326705,1311.7088385622812,10
3.3499999999999996,3.3499999999999996,3.3499999999999996,3437.5031731386707,4481.838916530943,1318.7065457240683,10
3.3499999999999996,3.3499999999999996,3.3499999999999996,3406.87284269321,4441.902893172649,1306.9560351873056,10
3.3499999999999996,3.3499999999999996,3.3499999999999996,3469.265815429494,4523.251255412037,1330.8914375448821,10
3.3499999999999996,3.3499999999999996,3.3499999999999996,3506.931812485673,4572.360426497454,1345.3409942048854,10
3.3499999999999996,3.3499999999999996,3.3499999999999996,3448.442581483599,4496.10178803234,1322.9031584002487,10
3.3499999999999996,3.3499999999999996,3.3499999999999996,3535.7682429782976,4609.957551470483,1356.4033227993984,10
3.3499999999999996,3.3499999999999996,3.3499999999999996,3494.9289557427414,4556.711024082242,1340.7364178722796,10
3.3499999999999996,3.3499999999999996,3.3499999999999996,3458.0397626800986,4508.614655078277,1326.5848613767641,10
3.3499999999999996,3.3499999999999996,3.3499999999999996,3502.9587424336532,4567.180312013082,1343.81683168915,10
3.3499999999999996,3.3499999999999996,3.3499999999999996,3389.1821674945145,4418.837676190515,1300.1694787805816,10
3.3499999999999996,3.3499999999999996,3.3499999999999996,3533.411134477636,4606.884338130261,1355.4990808969926,10
3.3499999999999996,3.3499999999999996,3.3499999999999996,3457.993644315145,4508.554525655143,1326.5671692942612,10
3.3499999999999996,3.3499999999999996,3.3499999999999996,3518.474219859307,4587.409492040678,1349.768931399523,10
3.3499999999999996,3.3499999999999996,3.3499999999999996,3444.9591070766573,4491.560011523225,1321.5668162149698,10
3.3499999999999996,3.3499999999999996,3.3499999999999996,3499.437483618985,4562.589271948283,1342.4659945221106,10
3.3499999999999996,3.3499999999999996,3.3499999999999996,3552.0814629711917,4631.226833427634,1362.6614552004294,10
3.3499999999999996,3.3499999999999996,3.3499999999999996,3506.4534090361813,4571.736680979343,1345.1574674621986,10
3.3499999999999996,3.3499999999999996,3.3499999999999996,3498.616339745634,4561.51865924415,1342.1509845435803,10
3.3499999999999996,3.3499999999999996,3.3499999999999996,3345.6673398436483,4362.102761867885,1283.4761740273943,10
3.3499999999999996,3.3499999999999996,3.3499999999999996,3451.6607580592417,4500.29766750954,1324.1377261378898,10
3.3499999999999996,3.3499999999999996,3.3499999999999996,3350.013145800736,4367.768851841087,1285.1433267465072,10
3.3499999999999996,3.3499999999999996,3.3499999999999996,3504.092131491315,4568.658032012264,1344.2516262170127,10
3.3499999999999996,3.3499999999999996,3.3499999999999996,3467.2542514109105,4520.628565207115,1330.1197545805792,10
3.3499999999999996,3.3499999999999996,3.3499999999999996,3407.0583013975383,4442.1446954333605,1307.0271814801351,10
3.3499999999999996,3.3499999999999996,3.3499999999999996,3505.778684633761,4570.856970930394,1344.898627414287,10
3.3499999999999996,3.3499999999999996,3.3499999999999996,3446.944083465621,4494.148036604326,1322.328299543244,10
3.3499999999999996,3.3499999999999996,3.3499999999999996,3541.835484989922,4617.868060928685,1358.7308586160168,10
3.3499999999999996,3.3499999999999996,3.3499999999999996,3545.681702323316,4622.882784016345,1360.2063574645586,10
3.3499999999999996,3.3499999999999996,3.3499999999999996,3531.842962234362,4604.839744995729,1354.8974933789978,10
3.3499999999999996,3.3499999999999996,3.3499999999999996,3558.100704022124,4639.074758922176,1364.9705767268267,10
3.3499999999999996,3.3499999999999996,3.3499999999999996,3605.4047620918686,4700.7500964239725,1383.117518816462,10
3.3499999999999996,3.3499999999999996,3.3499999999999996,3600.340391545378,4694.147137281896,1381.1747079292418,10
3.3499999999999996,3.3499999999999996,3.3499999999999996,3533.6665129182356,4607.217302196292,1355.5970500345597,10
3.3499999999999996,3.3499999999999996,3.3499999999999996,3464.9850090875934,4517.669912358399,1329.249220197084,10
3.3499999999999996,3.3499999999999996,3.3499999999999996,3455.4776093570035,4505.274102969613,1325.6019594889294,10
3.3499999999999996,3.3499999999999996,3.3499999999999996,3404.704248274816,4439.075465714698,1306.1241116921062,10
3.3499999999999996,3.3499999999999996,3.3499999999999996,3334.2155292064595,4347.17181693682,1279.0829918579466,10
3.3499999999999996,3.3499999999999996,3.3499999999999996,3491.5296371340864,4552.278970448368,1339.4323598177987,10
3.3499999999999996,3.3499999999999996,3.3499999999999996,3404.708631706572,4439.081180861431,1306.1257932789613,10
3.3499999999999996,3.3499999999999996,3.3499999999999996,3477.965322189313,4534.59372870936,1334.2287716303865,10
3.3499999999999996,3.3499999999999996,3.3499999999999996,3456.937816087438,4507.17792996875,1326.162128913232,10
3.3499999999999996,3.3499999999999996,3.3499999999999996,3507.917547175167,4573.64563377443,1345.7191450666912,10
3.3499999999999996,3.3499999999999996,3.3499999999999996,3408.216874477791,4443.655250524422,1307.4716371875706,10
3.3499999999999996,3.3499999999999996,3.3499999999999996,3308.159621548643,4313.199955657135,1269.0873367988788,10
3.3499999999999996,3.3499999999999996,3.3499999999999996,3323.3526612798887,4333.008739328957,1274.9157418748653,10
3.3499999999999996,3.3499999999999996,3.3499999999999996,3318.344018871907,4326.478438895056,1272.9943096038467,10
3.3499999999999996,3.3499999999999996,3.3499999999999996,3372.2830222159087,4396.804461048313,1293.6865717478906,10
3.3499999999999996,3.3499999999999996,3.3499999999999996,3321.533265657206,4330.636599524105,1274.2177791978725,10
3.3499999999999996,3.3499999999999996,3.3499999999999996,3380.5907913809197,4407.636184330566,1296.873626137795,10
3.3499999999999996,3.3499999999999996,3.3499999999999996,3463.652669773415,4515.932799725319,1328.7381037016976,10
3.3499999999999996,3.3499999999999996,3.3499999999999996,3491.132307460259,4594.195433197958,1338.9086313350474,11
3.3499999999999996,3.3499999999999996,3.3499999999999996,3423.598914239369,4505.324093071211,1313.0084261513105,11
3.3499999999999996,3.3499999999999996,3.3499999999999996,3372.015254262154,4437.44198657283,1293.2252150046702,11
3.3499999999999996,3.3499999999999996,3.3499999999999996,3382.19663065057,4450.840285115504,1297.1299460560224,11
3.3499999999999996,3.3499999999999996,3.3499999999999996,3421.799736121321,4502.956444077851,1312.3184107352756,11
3.3499999999999996,3.3499999999999996,3.3499999999999996,3345.3269773002376,4402.321243690541,1282.989806766657,11
3.3499999999999996,3.3499999999999996,3.3499999999999996,3336.957542161803,4391.307389930467,1279.7799860095622,11
3.3499999999999996,3.3499999999999996,3.3499999999999996,3328.85271833566,4380.641754449,1276.6716481923213,11
3.3499999999999996,3.3499999999999996,3.3499999999999996,3419.551637569222,4499.998033112056,1311.456226695712,11
3.3499999999999996,3.3499999999999996,3.3499999999999996,3419.2620863318034,4499.61699485413,1311.345178870293,11
3.3499999999999996,3.3499999999999996,3.3499999999999996,3437.5031731386707,4523.621561374166,1318.340945979565,11
3.3499999999999996,3.3499999999999996,3.3499999999999996,3406.87284269321,4483.313228186915,1306.5936931680817,11
3.3499999999999996,3.3499999999999996,3.3499999999999996,3469.265815429494,4565.4199732667685,1330.5224596467249,11
3.3499999999999996,3.3499999999999996,3.3499999999999996,3506.931812485673,4614.986972286705,1344.9680102947457,11
3.3499999999999996,3.3499999999999996,3.3499999999999996,3448.442581483599,4538.017400727707,1322.5363951819409,11
3.3499999999999996,3.3499999999999996,3.3499999999999996,3535.7682429782976,4652.934602342387,1356.0272719563454,11
3.3499999999999996,3.3499999999999996,3.3499999999999996,3494.9289557427414,4599.191675867871,1340.3647105402656,11
3.3499999999999996,3.3499999999999996,3.3499999999999996,3458.0397626800986,4550.646920935324,1326.2170774388183,11
3.3499999999999996,3.3499999999999996,3.3499999999999996,3502.9587424336532,4609.758565374207,1343.444270339608,11
3.3499999999999996,3.3499999999999996,3.3499999999999996,3389.1821674945145,4460.032982109058,1299.8090182741903,11
3.3499999999999996,3.3499999999999996,3.3499999999999996,3533.411134477636,4649.832738489749,1355.1232807470228,11
3.3499999999999996,3.3499999999999996,3.3499999999999996,3457.993644315145,4550.586230946232,1326.199390261289,11
3.3499999999999996,3.3499999999999996,3.3499999999999996,3518.474219859307,4630.176335099091,1349.3947198828987,11
3.3499999999999996,3.3499999999999996,3.3499999999999996,3444.9591070766573,4533.43328279616,1321.2004234857316,11
3.3499999999999996,3.3499999999999996,3.3499999999999996,3499.437483618985,4605.124724619767,1342.0938076802443,11
3.3499999999999996,3.3499999999999996,3.3499999999999996,3552.0814629711917,4674.402170509871,1362.2836693454328,11
3.3499999999999996,3.3499999999999996,3.3499999999999996,3506.4534090361813,4614.357411803367,1344.7845344332272,11
3.3499999999999996,3.3499999999999996,3.3499999999999996,3498.616339745634,4604.044130961116,1341.7788850354484,11
3.3499999999999996,3.3499999999999996,3.3499999999999996,3345.6673398436483,4402.769147666919,1283.1203415923299,11
3.3499999999999996,3.3499999999999996,3.3499999999999996,3451.6607580592417,4542.252396948116,1323.7706206465787,11
3.3499999999999996,3.3499999999999996,3.3499999999999996,3350.013145800736,4408.48806065081,1284.7870321080745,11
3.3499999999999996,3.3499999999999996,3.3499999999999996,3504.092131491315,4611.25006164939,1343.8789443245273,11
3.3499999999999996,3.3499999999999996,3.3499999999999996,3467.2542514109105,4562.772832621879,1329.750990624709,11
3.3499999999999996,3.3499999999999996,3.3499999999999996,3407.0583013975383,4483.557284687051,1306.66481973623,11
3.3499999999999996,3.3499999999999996,3.3499999999999996,3505.778684633761,4613.469500519785,1344.5257661464332,11
3.3499999999999996,3.3499999999999996,3.3499999999999996,3446.944083465621,4536.045435146185,1321.9616956994776,11
3.3499999999999996,3.3499999999999996,3.3499999999999996,3541.835484989922,4660.918858763247,1358.3541624842135,11
3.3499999999999996,3.3499999999999996,3.3499999999999996,3545.681702323316,4665.980332391849,1359.8292522637294,11
3.3499999999999996,3.3499999999999996,3.3499999999999996,3531.842962234362,4647.76908431568,1354.521860013854,11
3.3499999999999996,3.3499999999999996,3.3499999999999996,3558.100704022124,4682.323259518276,1364.592150688279,11
3.3499999999999996,3.3499999999999996,3.3499999999999996,3605.4047620918686,4744.573575007995,1382.7340616984725,11
3.3499999999999996,3.3499999999999996,3.3499999999999996,3600.340391545378,4737.909058745752,1380.7917894384138,11
3.3499999999999996,3.3499999999999996,3.3499999999999996,3533.6665129182356,4650.168806665404,1355.221222723511,11
3.3499999999999996,3.3499999999999996,3.3499999999999996,3464.9850090875934,4559.786597268863,1328.880697589184,11
3.3499999999999996,3.3499999999999996,3.3499999999999996,3455.4776093570035,4547.275226006729,1325.2344480518523,11
3.3499999999999996,3.3499999999999996,3.3499999999999996,3404.704248274816,4480.459441593909,1305.762000316325,11
3.3499999999999996,3.3499999999999996,3.3499999999999996,3334.2155292064595,4387.699006664587,1278.7283773938432,11
3.3499999999999996,3.3499999999999996,3.3499999999999996,3491.5296371340864,4594.718303720245,1339.0610140243643,11
3.3499999999999996,3.3499999999999996,3.3499999999999996,3404.708631706572,4480.465210020992,1305.7636814369741,11
3.3499999999999996,3.3499999999999996,3.3499999999999996,3477.965322189313,4576.868188546847,1333.8588684858255,11
3.3499999999999996,3.3499999999999996,3.3499999999999996,3456.937816087438,4549.196801731072,1325.7944621741285,11
3.3499999999999996,3.3499999999999996,3.3499999999999996,3507.917547175167,4616.284161109695,1345.3460563175645,11
3.3499999999999996,3.3499999999999996,3.3499999999999996,3408.216874477791,4485.081922164396,1307.1091522222455,11
3.3499999999999996,3.3499999999999996,3.3499999999999996,3308.159621548643,4353.410437390496,1268.7354935418703,11
3.3499999999999996,3.3499999999999996,3.3499999999999996,3323.3526612798887,4373.403891548774,1274.5622827440193,11
3.3499999999999996,3.3499999999999996,3.3499999999999996,3318.344018871907,4366.812711366887,1272.6413831731297,11
3.3499999999999996,3.3499999999999996,3.3499999999999996,3372.2830222159087,4437.794358869826,1293.3279085702245,11
3.3499999999999996,3.3499999999999996,3.3499999999999996,3321.533265657206,4371.009637099279,1273.8645135710149,11
3.3499999999999996,3.3499999999999996,3.3499999999999996,3380.5907913809197,4448.727062587871,1296.5140793774447,11
3.3499999999999996,3.3499999999999996,3.3499999999999996,3463.652669773415,4558.0332901313495,1328.3697227963323,11
3.3499999999999996,3.3499999999999996,3.3499999999999996,3491.132307460259,4598.415852490868,1338.8847567258338,12
3.3499999999999996,3.3499999999999996,3.3499999999999996,3423.598914239369,4509.462871449207,1312.9850133788968,12
3.3499999999999996,3.3499999999999996,3.3499999999999996,3372.015254262154,4441.518405620215,1293.2021549945164,12
3.3499999999999996,3.3499999999999996,3.3499999999999996,3382.19663065057,4454.929012398028,1297.1068164190656,12
3.3499999999999996,3.3499999999999996,3.3499999999999996,3421.799736121321,4507.093047434859,1312.2950102667999,12
3.3499999999999996,3.3499999999999996,3.3499999999999996,3345.3269773002376,4406.365399360586,1282.9669292681153,12
3.3499999999999996,3.3499999999999996,3.3499999999999996,3336.957542161803,4395.341427815672,1279.7571657466033,12
3.3499999999999996,3.3499999999999996,3.3499999999999996,3328.85271833566,4384.665994437183,1276.6488833553633,12
3.3499999999999996,3.3499999999999996,3.3499999999999996,3419.551637569222,4504.131918749521,1311.432841601181,12
3.3499999999999996,3.3499999999999996,3.3499999999999996,3419.2620863318034,4503.750530453979,1311.3217957558998,12
3.3499999999999996,3.3499999999999996,3.3499999999999996,3437.5031731386707,4527.7771485687135,1318.3174381208821,12
3.3499999999999996,3.3499999999999996,3.3499999999999996,3406.87284269321,4487.431786467581,1306.5703947793081,12
3.3499999999999996,3.3499999999999996,3.3499999999999996,3469.265815429494,4569.613958223564,1330.4987345746551,12
3.3499999999999996,3.3499999999999996,3.3499999999999996,3506.931812485673,4619.226491553479,1344.9440276383502,12
3.3499999999999996,3.3499999999999996,3.3499999999999996,3448.442581483599,4542.186212539934,1322.5128125125439,12
3.3499999999999996,3.3499999999999996,3.3499999999999996,3535.7682429782976,4657.208981882812,1356.0030920978827,12
3.3499999999999996,3.3499999999999996,3.3499999999999996,3494.9289557427414,4603.416684917412,1340.3408099671287,12
3.3499999999999996,3.3499999999999996,3.3499999999999996,3458.0397626800986,4554.827334750887,1326.1934291377206,12
3.3499999999999996,3.3499999999999996,3.3499999999999996,3502.9587424336532,4613.993281608606,1343.4203148536228,12
3.3499999999999996,3.3499999999999996,3.3499999999999996,3389.1821674945145,4464.130154185955,1299.7858408656377,12
3.3499999999999996,3.3499999999999996,3.3499999999999996,3533.411134477636,4654.104268528833,1355.099117007984,12
3.3499999999999996,3.3499999999999996,3.3499999999999996,3457.993644315145,4554.766589009442,1326.1757422755786,12
3.3499999999999996,3.3499999999999996,3.3499999999999996,3518.474219859307,4634.429807947246,1349.370658292094,12
3.3499999999999996,3.3499999999999996,3.3499999999999996,3444.9591070766573,4537.597883446706,1321.1768646385744,12
3.3499999999999996,3.3499999999999996,3.3499999999999996,3499.437483618985,4609.3551840150285,1342.0698762748923,12
3.3499999999999996,3.3499999999999996,3.3499999999999996,3552.0814629711917,4678.696271052631,1362.2593779266742,12
3.3499999999999996,3.3499999999999996,3.3499999999999996,3506.4534090361813,4618.596352729656,1344.7605550484625,12
3.3499999999999996,3.3499999999999996,3.3499999999999996,3498.616339745634,4608.273597678031,1341.7549592456066,12
3.3499999999999996,3.3499999999999996,3.3499999999999996,3345.6673398436483,4406.813714800213,1283.0974617661705,12
3.3499999999999996,3.3499999999999996,3.3499999999999996,3451.6607580592417,4546.425099204276,1323.7470159692195,12
3.3499999999999996,3.3499999999999996,3.3499999999999996,3350.013145800736,4412.537881415788,1284.7641225624968,12
3.3499999999999996,3.3499999999999996,3.3499999999999996,3504.092131491315,4615.486148034393,1343.8549810876982,12
3.3499999999999996,3.3499999999999996,3.3499999999999996,3467.2542514109105,4566.964385805014,1329.727279309008,12
3.3499999999999996,3.3499999999999996,3.3499999999999996,3407.0583013975383,4487.676067168185,1306.641520079171,12
3.3499999999999996,3.3499999999999996,3.3499999999999996,3505.778684633761,4617.7076257737845,1344.5017913758686,12
3.3499999999999996,3.3499999999999996,3.3499999999999996,3446.944083465621,4540.212435428687,1321.9381232777746,12
3.3499999999999996,3.3499999999999996,3.3499999999999996,3541.835484989922,4665.200572974199,1358.3299411340452,12
3.3499999999999996,3.3499999999999996,3.3499999999999996,3545.681702323316,4670.266696283307,1359.805004610652,12
3.3499999999999996,3.3499999999999996,3.3499999999999996,3531.842962234362,4652.038718596079,1354.4977069989868,12
3.3499999999999996,3.3499999999999996,3.3499999999999996,3558.100704022124,4686.624636703346,1364.567818106077,12
3.3499999999999996,3.3499999999999996,3.3499999999999996,3605.4047620918686,4748.932137925866,1382.709405620682,12
3.3499999999999996,3.3499999999999996,3.3499999999999996,3600.340391545378,4742.261499361381,1380.767167994048,12
3.3499999999999996,3.3499999999999996,3.3499999999999996,3533.6665129182356,4654.440645430713,1355.1970572380308,12
3.3499999999999996,3.3499999999999996,3.3499999999999996,3464.9850090875934,4563.975407171813,1328.8570017920222,12
3.3499999999999996,3.3499999999999996,3.3499999999999996,3455.4776093570035,4551.452542442885,1325.210817272408,12
3.3499999999999996,3.3499999999999996,3.3499999999999996,3404.704248274816,4484.575378267339,1305.7387167577956,12
3.3499999999999996,3.3499999999999996,3.3499999999999996,3334.2155292064595,4391.72972973862,1278.7055758825331,12
3.3499999999999996,3.3499999999999996,3.3499999999999996,3491.5296371340864,4598.939203343796,1339.0371366979557,12
3.3499999999999996,3.3499999999999996,3.3499999999999996,3404.708631706572,4484.581151993539,1305.7403978484683,12
3.3499999999999996,3.3499999999999996,3.3499999999999996,3477.965322189313,4581.072690311066,1333.8350839209304,12
3.3499999999999996,3.3499999999999996,3.3499999999999996,3456.937816087438,4553.37588340673,1325.770821408851,12
3.3499999999999996,3.3499999999999996,3.3499999999999996,3507.917547175167,4620.524872028154,1345.3220669200807,12
3.3499999999999996,3.3499999999999996,3.3499999999999996,3408.216874477791,4489.202105241024,1307.0858446421178,12
3.3499999999999996,3.3499999999999996,3.3499999999999996,3308.159621548643,4357.409661556528,1268.7128702176242,12
3.3499999999999996,3.3499999999999996,3.3499999999999996,3323.3526612798887,4377.421482534608,1274.5395555199902,12
3.3499999999999996,3.3499999999999996,3.3499999999999996,3318.344018871907,4370.824247420055,1272.6186902014206,12
3.3499999999999996,3.3499999999999996,3.3499999999999996,3372.2830222159087,4441.871101621081,1293.3048467289013,12
3.3499999999999996,3.3499999999999996,3.3499999999999996,3321.533265657206,4375.025028623246,1273.8417987891848,12
3.3499999999999996,3.3499999999999996,3.3499999999999996,3380.5907913809197,4452.813848576156,1296.49096072225,12
3.3499999999999996,3.3499999999999996,3.3499999999999996,3463.652669773415,4562.22048937333,1328.3460361105645,12
3.3499999999999996,3.3499999999999996,3.3499999999999996,3491.132307460259,4598.837662914384,1338.8825130250846,13
3.3499999999999996,3.3499999999999996,3.3499999999999996,3423.598914239369,4509.876522259541,1312.9828130808926,13
3.3499999999999996,3.3499999999999996,3.3499999999999996,3372.015254262154,4441.925823918131,1293.1999878485917,13
3.3499999999999996,3.3499999999999996,3.3499999999999996,3382.19663065057,4455.337660844305,1297.104642729716,13
3.3499999999999996,3.3499999999999996,3.3499999999999996,3421.799736121321,4507.506480862403,1312.2928111251013,13
3.3499999999999996,3.3499999999999996,3.3499999999999996,3345.3269773002376,4406.769593090534,1282.9647792743642,13
3.3499999999999996,3.3499999999999996,3.3499999999999996,3336.957542161803,4395.7446103221355,1279.755021131769,13
3.3499999999999996,3.3499999999999996,3.3499999999999996,3328.85271833566,4385.068197691395,1276.6467439493822,13
3.3499999999999996,3.3499999999999996,3.3499999999999996,3419.551637569222,4504.545080554187,1311.4306439043032,13
3.3499999999999996,3.3499999999999996,3.3499999999999996,3419.2620863318034,4504.1636572740845,1311.319598245112,13
3.3499999999999996,3.3499999999999996,3.3499999999999996,3437.5031731386707,4528.192479338677,1318.3152288868093,13
3.3499999999999996,3.3499999999999996,3.3499999999999996,3406.87284269321,4487.84341637733,1306.5682052309107,13
3.3499999999999996,3.3499999999999996,3.3499999999999996,3469.265815429494,4570.03312666349,1330.4965049271873,13
3.3499999999999996,3.3499999999999996,3.3499999999999996,3506.931812485673,4619.650210926677,1344.9417737834856,13
3.3499999999999996,3.3499999999999996,3.3499999999999996,3448.442581483599,4542.602865046245,1322.5105962478706,13
3.3499999999999996,3.3499999999999996,3.3499999999999996,3535.7682429782976,4657.636185371158,1356.0008197102566,13
3.3499999999999996,3.3499999999999996,3.3499999999999996,3494.9289557427414,4603.838954064826,1340.338563826328,13
3.3499999999999996,3.3499999999999996,3.3499999999999996,3458.0397626800986,4555.245146821118,1326.191206705076,13
3.3499999999999996,3.3499999999999996,3.3499999999999996,3502.9587424336532,4614.41652094203,1343.4180635521925,13
3.3499999999999996,3.3499999999999996,3.3499999999999996,3389.1821674945145,4464.539646648441,1299.7836626867838,13
3.3499999999999996,3.3499999999999996,3.3499999999999996,3533.411134477636,4654.5311872233515,1355.0968461352384,13
3.3499999999999996,3.3499999999999996,3.3499999999999996,3457.993644315145,4555.184395507496,1326.1735198725733,13
3.3499999999999996,3.3499999999999996,3.3499999999999996,3518.474219859307,4634.854921913176,1349.3683970190893,13
3.3499999999999996,3.3499999999999996,3.3499999999999996,3444.9591070766573,4538.014115067847,1321.17465061268,13
3.3499999999999996,3.3499999999999996,3.3499999999999996,3499.437483618985,4609.777997898043,1342.0676272365254,13
3.3499999999999996,3.3499999999999996,3.3499999999999996,3552.0814629711917,4679.125445559441,1362.2570950547756,13
3.3499999999999996,3.3499999999999996,3.3499999999999996,3506.4534090361813,4619.02001430053,1344.7583015010605,13
3.3499999999999996,3.3499999999999996,3.3499999999999996,3498.616339745634,4608.6963123476635,1341.7527107349767,13
3.3499999999999996,3.3499999999999996,3.3499999999999996,3345.6673398436483,4407.217949653917,1283.095311553673,13
3.3499999999999996,3.3499999999999996,3.3499999999999996,3451.6607580592417,4546.842140541576,1323.74479763627,13
3.3499999999999996,3.3499999999999996,3.3499999999999996,3350.013145800736,4412.942641344479,1284.7619695570122,13
3.3499999999999996,3.3499999999999996,3.3499999999999996,3504.092131491315,4615.909524307721,1343.8527290578552,13
3.3499999999999996,3.3499999999999996,3.3499999999999996,3467.2542514109105,4567.383311200967,1329.7250509543435,13
3.3499999999999996,3.3499999999999996,3.3499999999999996,3407.0583013975383,4488.087719485682,1306.6393304115813,13
3.3499999999999996,3.3499999999999996,3.3499999999999996,3505.778684633761,4618.131205822171,1344.499538262102,13
3.3499999999999996,3.3499999999999996,3.3499999999999996,3446.944083465621,4540.628906881396,1321.9359079761641,13
3.3499999999999996,3.3499999999999996,3.3499999999999996,3541.835484989922,4665.628509527264,1358.3276648470899,13
3.3499999999999996,3.3499999999999996,3.3499999999999996,3545.681702323316,4670.695097549371,1359.8027258517875,13
3.3499999999999996,3.3499999999999996,3.3499999999999996,3531.842962234362,4652.4654478187185,1354.4954371340827,13
3.3499999999999996,3.3499999999999996,3.3499999999999996,3558.100704022124,4687.054538475236,1364.5655313656978,13
3.3499999999999996,3.3499999999999996,3.3499999999999996,3605.4047620918686,4749.367755134185,1382.7070884786622,13
3.3499999999999996,3.3499999999999996,3.3499999999999996,3600.340391545378,4742.696504675306,1380.7648541068265,13
3.3499999999999996,3.3499999999999996,3.3499999999999996,3533.6665129182356,4654.8675949809185,1355.1947862011568,13
3.3499999999999996,3.3499999999999996,3.3499999999999996,3464.9850090875934,4564.394058390226,1328.8547748957674,13
3.3499999999999996,3.3499999999999996,3.3499999999999996,3455.4776093570035,4551.870044945078,1325.2085964864225,13
3.3499999999999996,3.3499999999999996,3.3499999999999996,3404.704248274816,4484.98674616017,1305.7365286031225,13
3.3499999999999996,3.3499999999999996,3.3499999999999996,3334.2155292064595,4392.132580945796,1278.7034330299505,13
3.3499999999999996,3.3499999999999996,3.3499999999999996,3491.5296371340864,4599.361061774029,1339.034892741848,13
3.3499999999999996,3.3499999999999996,3.3499999999999996,3404.708631706572,4484.992520415991,1305.7382096909778,13
3.3499999999999996,3.3499999999999996,3.3499999999999996,3477.965322189313,4581.492909854849,1333.8328486824134,13
3.3499999999999996,3.3499999999999996,3.3499999999999996,3456.937816087438,4553.7935623360445,1325.7685996844114,13
3.3499999999999996,3.3499999999999996,3.3499999999999996,3507.917547175167,4620.948710501155,1345.3198124316982,13
3.3499999999999996,3.3499999999999996,3.3499999999999996,3408.216874477791,4489.613897541243,1307.0836542299305,13
3.3499999999999996,3.3499999999999996,3.3499999999999996,3308.159621548643,4357.8093646007355,1268.7107441108,13
3.3499999999999996,3.3499999999999996,3.3499999999999996,3323.3526612798887,4377.823021253308,1274.5374196488171,13
3.3499999999999996,3.3499999999999996,3.3499999999999996,3318.344018871907,4371.225180977624,1272.616557549231,13
3.3499999999999996,3.3499999999999996,3.3499999999999996,3372.2830222159087,4442.278552271628,1293.3026794108862,13
3.3499999999999996,3.3499999999999996,3.3499999999999996,3321.533265657206,4375.426347516407,1273.8396640873113,13
3.3499999999999996,3.3499999999999996,3.3499999999999996,3380.5907913809197,4453.222302999496,1296.4887880649505,13
3.3499999999999996,3.3499999999999996,3.3499999999999996,3463.652669773415,4562.638979613997,1328.343810070585,13
3.3499999999999996,3.3499999999999996,3.3499999999999996,3491.132307460259,4598.879841640487,1338.8822901036915,14
3.3499999999999996,3.3499999999999996,3.3499999999999996,3423.598914239369,4509.917885069131,1312.98259447175,14
3.3499999999999996,3.3499999999999996,3.3499999999999996,3372.015254262154,4441.966563510704,1293.1997725332521,14
3.3499999999999996,3.3499999999999996,3.3499999999999996,3382.19663065057,4455.378523444958,1297.104426764259,14
3.3499999999999996,3.3499999999999996,3.3499999999999996,3421.799736121321,4507.547821934908,1312.2925926308428,14
3.3499999999999996,3.3499999999999996,3.3499999999999996,3345.3269773002376,4406.810010244017,1282.9645656631671,14
3.3499999999999996,3.3499999999999996,3.3499999999999996,3336.957542161803,4395.784926358822,1279.754808054991,14
3.3499999999999996,3.3499999999999996,3.3499999999999996,3328.85271833566,4385.108415808234,1276.6465313901258,14
3.3499999999999996,3.3499999999999996,3.3499999999999996,3419.551637569222,4504.586394465896,1311.430425553594,14
3.3499999999999996,3.3499999999999996,3.3499999999999996,3419.2620863318034,4504.2049676875295,1311.3193799128921,14
3.3499999999999996,3.3499999999999996,3.3499999999999996,3437.5031731386707,4528.2340101350055,1318.3150093898296,14
3.3499999999999996,3.3499999999999996,3.3499999999999996,3406.87284269321,4487.88457710796,1306.567987689788,14
3.3499999999999996,3.3499999999999996,3.3499999999999996,3469.265815429494,4570.075041205741,1330.4962834020484,14
3.3499999999999996,3.3499999999999996,3.3499999999999996,3506.931812485673,4619.692580537265,1344.9415498532364,14
3.3499999999999996,3.3499999999999996,3.3499999999999996,3448.442581483599,4542.64452800895,1322.5103760523702,14
3.3499999999999996,3.3499999999999996,3.3499999999999996,3535.7682429782976,4657.678903374129,1356.0005939386979,14
3.3499999999999996,3.3499999999999996,3.3499999999999996,3494.9289557427414,4603.881178660799,1340.3383406625046,14
3.3499999999999996,3.3499999999999996,3.3499999999999996,3458.0397626800986,4555.286925733848,1326.1909858967613,14
3.3499999999999996,3.3499999999999996,3.3499999999999996,3502.9587424336532,4614.458842551277,1343.417839875639,14
3.3499999999999996,3.3499999999999996,3.3499999999999996,3389.1821674945145,4464.58059364608,1299.7834462752749,14
3.3499999999999996,3.3499999999999996,3.3499999999999996,3533.411134477636,4654.573876748504,1355.0966205141888,14
3.3499999999999996,3.3499999999999996,3.3499999999999996,3457.993644315145,4555.22617386304,1326.1732990672035,14
3.3499999999999996,3.3499999999999996,3.3499999999999996,3518.474219859307,4634.897430975379,1349.3681723518164,14
3.3499999999999996,3.3499999999999996,3.3499999999999996,3444.9591070766573,4538.055735944346,1321.1744306396122,14
3.3499999999999996,3.3499999999999996,3.3499999999999996,3499.437483618985,4609.820276964585,1342.0674037848162,14
3.3499999999999996,3.3499999999999996,3.3499999999999996,3552.0814629711917,4679.168360653434,1362.2568682415588,14
3.3499999999999996,3.3499999999999996,3.3499999999999996,3506.4534090361813,4619.062378131203,1344.75807760136,14
3.3499999999999996,3.3499999999999996,3.3499999999999996,3498.616339745634,4608.738581493412,1341.7524873357015,14
3.3499999999999996,3.3499999999999996,3.3499999999999996,3345.6673398436483,4407.258370919549,1283.0950979207428,14
3.3499999999999996,3.3499999999999996,3.3499999999999996,3451.6607580592417,4546.883842385244,1323.744577235278,14
3.3499999999999996,3.3499999999999996,3.3499999999999996,3350.013145800736,4412.983115114726,1284.7617556465864,14
3.3499999999999996,3.3499999999999996,3.3499999999999996,3504.092131491315,4615.951859610206,1343.8525053089302,14
3.3499999999999996,3.3499999999999996,3.3499999999999996,3467.2542514109105,4567.425201440155,1329.7248295576499,14
3.3499999999999996,3.3499999999999996,3.3499999999999996,3407.0583013975383,4488.128882456964,1306.639112858617,14
3.3499999999999996,3.3499999999999996,3.3499999999999996,3505.778684633761,4618.173561501044,1344.4993144054847,14
3.3499999999999996,3.3499999999999996,3.3499999999999996,3446.944083465621,4540.670551739734,1321.935687876348,14
3.3499999999999996,3.3499999999999996,3.3499999999999996,3541.835484989922,4665.6713008326815,1358.3274386881158,14
3.3499999999999996,3.3499999999999996,3.3499999999999996,3545.681702323316,4670.737935323536,1359.802499447219,14
3.3499999999999996,3.3499999999999996,3.3499999999999996,3531.842962234362,4652.508118397723,1354.4952116131676,14
3.3499999999999996,3.3499999999999996,3.3499999999999996,3558.100704022124,4687.097526291744,1364.5653041681312,14
3.3499999999999996,3.3499999999999996,3.3499999999999996,3605.4047620918686,4749.411314462952,1382.7068582605605,14
3.3499999999999996,3.3499999999999996,3.3499999999999996,3600.340391545378,4742.740002817993,1380.7646242121034,14
3.3499999999999996,3.3499999999999996,3.3499999999999996,3533.6665129182356,4654.9102875914705,1355.1945605638007,14
3.3499999999999996,3.3499999999999996,3.3499999999999996,3464.9850090875934,4564.435921213166,1328.8545536439738,14
3.3499999999999996,3.3499999999999996,3.3499999999999996,3455.4776093570035,4551.911792902704,1325.2083758417104,14
3.3499999999999996,3.3499999999999996,3.3499999999999996,3404.704248274816,4485.027880690545,1305.736311200473,14
3.3499999999999996,3.3499999999999996,3.3499999999999996,3334.2155292064595,4392.172863854373,1278.70322012826,14
3.3499999999999996,3.3499999999999996,3.3499999999999996,3491.5296371340864,4599.403245300539,1339.034669795084,14
3.3499999999999996,3.3499999999999996,3.3499999999999996,3404.708631706572,4485.033654999326,1305.7379922880484,14
3.3499999999999996,3.3499999999999996,3.3499999999999996,3477.965322189313,4581.534929501714,1333.83262660178,14
3.3499999999999996,3.3499999999999996,3.3499999999999996,3456.937816087438,4553.835327935413,1325.76837894646,14
3.3499999999999996,3.3499999999999996,3.3499999999999996,3507.917547175167,4620.991092021069,1345.319588438507,14
3.3499999999999996,3.3499999999999996,3.3499999999999996,3408.216874477791,4489.655074510028,1307.083436602987,14
3.3499999999999996,3.3499999999999996,3.3499999999999996,3308.159621548643,4357.849332710303,1268.7105328728733,14
3.3499999999999996,3.3499999999999996,3.3499999999999996,3323.3526612798887,4377.863172920244,1274.5372074407599,14
3.3499999999999996,3.3499999999999996,3.3499999999999996,3318.344018871907,4371.265272131771,1272.6163456609934,14
3.3499999999999996,3.3499999999999996,3.3499999999999996,3372.2830222159087,4442.319295099285,1293.3024640784488,14
3.3499999999999996,3.3499999999999996,3.3499999999999996,3321.533265657206,4375.466477201997,1273.8394519954284,14
3.3499999999999996,3.3499999999999996,3.3499999999999996,3380.5907913809197,4453.263146198921,1296.488572202032,14
3.3499999999999996,3.3499999999999996,3.3499999999999996,3463.652669773415,4562.680826340046,1328.3435889038653,14
3.3499999999999996,3.3499999999999996,3.3499999999999996,3491.132307460259,4598.884059489934,1338.8822678260499,15
3.3499999999999996,3.3499999999999996,3.3499999999999996,3423.598914239369,4509.922021327376,1312.982572625053,15
3.3499999999999996,3.3499999999999996,3.3499999999999996,3372.015254262154,4441.970637447588,1293.1997510157212,15
3.3499999999999996,3.3499999999999996,3.3499999999999996,3382.19663065057,4455.382609682583,1297.1044051817587,15
3.3499999999999996,3.3499999999999996,3.3499999999999996,3421.799736121321,4507.551956019455,1312.2925707956272,15
3.3499999999999996,3.3499999999999996,3.3499999999999996,3345.3269773002376,4406.814051937169,1282.96454431594,15
3.3499999999999996,3.3499999999999996,3.3499999999999996,3336.957542161803,4395.788957940351,1279.7547867611706,15
3.3499999999999996,3.3499999999999996,3.3499999999999996,3328.85271833566,4385.112437597831,1276.6465101480246,15
3.3499999999999996,3.3499999999999996,3.3499999999999996,3419.551637569222,4504.590525834378,1311.4304037327238,15
3.3499999999999996,3.3499999999999996,3.3499999999999996,3419.2620863318034,4504.209098706187,1311.3193580938696,15
3.3499999999999996,3.3499999999999996,3.3499999999999996,3437.5031731386707,4528.238163191831,1318.314987454407,15
3.3499999999999996,3.3499999999999996,3.3499999999999996,3406.87284269321,4487.888693158418,1306.567965949824,15
3.3499999999999996,3.3499999999999996,3.3499999999999996,3469.265815429494,4570.079232636949,1330.4962612639415,15
3.3499999999999996,3.3499999999999996,3.3499999999999996,3506.931812485673,4619.6968174750555,1344.9415274747755,15
3.3499999999999996,3.3499999999999996,3.3499999999999996,3448.442581483599,4542.64869428234,1322.510354047141,15
3.3499999999999996,3.3499999999999996,3.3499999999999996,3535.7682429782976,4657.683175150966,1356.0005713762255,15
3.3499999999999996,3.3499999999999996,3.3499999999999996,3494.9289557427414,4603.885401097208,1340.338318360636,15
3.3499999999999996,3.3499999999999996,3.3499999999999996,3458.0397626800986,4555.291103602177,1326.1909638302905,15
3.3499999999999996,3.3499999999999996,3.3499999999999996,3502.9587424336532,4614.46307468896,1343.417817522531,15
3.3499999999999996,3.3499999999999996,3.3499999999999996,3389.1821674945145,4464.584688323358,1299.783424648199,15
3.3499999999999996,3.3499999999999996,3.3499999999999996,3533.411134477636,4654.578145677575,1355.0965979667576,15
3.3499999999999996,3.3499999999999996,3.3499999999999996,3457.993644315145,4555.23035167565,1326.1732770010267,15
3.3499999999999996,3.3499999999999996,3.3499999999999996,3518.474219859307,4634.901681858255,1349.3681498997005,15
3.3499999999999996,3.3499999999999996,3.3499999999999996,3444.9591070766573,4538.05989800914,1321.1744086566114,15
3.3499999999999996,3.3499999999999996,3.3499999999999996,3499.437483618985,4609.824504848021,1342.067381454178,15
3.3499999999999996,3.3499999999999996,3.3499999999999996,3552.0814629711917,4679.172652139267,1362.2568455749883,15
3.3499999999999996,3.3499999999999996,3.3499999999999996,3506.4534090361813,4619.066614491006,1344.7580552259512,15
3.3499999999999996,3.3499999999999996,3.3499999999999996,3498.616339745634,4608.742808384774,1341.7524650103026,15
3.3499999999999996,3.3499999999999996,3.3499999999999996,3345.6673398436483,4407.262413023914,1283.0950765713435,15
3.3499999999999996,3.3499999999999996,3.3499999999999996,3451.6607580592417,4546.888012546709,1323.7445552095123,15
3.3499999999999996,3.3499999999999996,3.3499999999999996,3350.013145800736,4412.987162469524,1284.7617342694562,15
3.3499999999999996,3.3499999999999996,3.3499999999999996,3504.092131491315,4615.956093117205,1343.85248294859,15
3.3499999999999996,3.3499999999999996,3.3499999999999996,3467.2542514109105,4567.429390441069,1329.7248074323797,15
3.3499999999999996,3.3499999999999996,3.3499999999999996,3407.0583013975383,4488.132998731486,1306.639091117469,15
3.3499999999999996,3.3499999999999996,3.3499999999999996,3505.778684633761,4618.177797045671,1344.4992920343818,15
3.3499999999999996,3.3499999999999996,3.3499999999999996,3446.944083465621,4540.674716202699,1321.935665880681,15
3.3499999999999996,3.3499999999999996,3.3499999999999996,3541.835484989922,4665.675579939723,1358.3274160869269,15
3.3499999999999996,3.3499999999999996,3.3499999999999996,3545.681702323316,4670.742219077427,1359.802476821486,15
3.3499999999999996,3.3499999999999996,3.3499999999999996,3531.842962234362,4652.51238543219,1354.495189075743,15
3.3499999999999996,3.3499999999999996,3.3499999999999996,3558.100704022124,4687.101825049787,1364.5652814631503,15
3.3499999999999996,3.3499999999999996,3.3499999999999996,3605.4047620918686,4749.415670371907,1382.7068352537224,15
3.3499999999999996,3.3499999999999996,3.3499999999999996,3600.340391545378,4742.744352608373,1380.7646012375822,15
3.3499999999999996,3.3499999999999996,3.3499999999999996,3533.6665129182356,4654.91455682908,1355.1945380147397,15
3.3499999999999996,3.3499999999999996,3.3499999999999996,3464.9850090875934,4564.44010747247,1328.8545315331833,15
3.3499999999999996,3.3499999999999996,3.3499999999999996,3455.4776093570035,4551.91596767554,1325.2083537915894,15
3.3499999999999996,3.3499999999999996,3.3499999999999996,3404.704248274816,4485.031994120994,1305.7362894743467,15
3.3499999999999996,3.3499999999999996,3.3499999999999996,3334.2155292064595,4392.176892123109,1278.703198851937,15
3.3499999999999996,3.3499999999999996,3.3499999999999996,3491.5296371340864,4599.407463630024,1339.0346475149072,15
3.3499999999999996,3.3499999999999996,3.3499999999999996,3404.708631706572,4485.03776843507,1305.7379705618948,15
3.3499999999999996,3.3499999999999996,3.3499999999999996,3477.965322189313,4581.539131443325,1333.83260440816,15
3.3499999999999996,3.3499999999999996,3.3499999999999996,3456.937816087438,4553.839504472414,1325.768356887021,15
3.3499999999999996,3.3499999999999996,3.3499999999999996,3507.917547175167,4620.995330149785,1345.3195660537554,15
3.3499999999999996,3.3499999999999996,3.3499999999999996,3408.216874477791,4489.659192184293,1307.0834148544461,15
3.3499999999999996,3.3499999999999996,3.3499999999999996,3308.159621548643,4357.853329499311,1268.7105117628184,15
3.3499999999999996,3.3499999999999996,3.3499999999999996,3323.3526612798887,4377.867188064888,1274.5371862337552,15
3.3499999999999996,3.3499999999999996,3.3499999999999996,3318.344018871907,4371.269281225169,1272.6163244859497,15
3.3499999999999996,3.3499999999999996,3.3499999999999996,3372.2830222159087,4442.323369359677,1293.3024425592098,15
3.3499999999999996,3.3499999999999996,3.3499999999999996,3321.533265657206,4375.470490148518,1273.839430800034,15
3.3499999999999996,3.3499999999999996,3.3499999999999996,3380.5907913809197,4453.2672304964335,1296.488550629779,15
3.3499999999999996,3.3499999999999996,3.3499999999999996,3463.652669773415,4562.68501098967,1328.3435668015775,15
3.3499999999999996,3.3499999999999996,3.3499999999999996,3491.132307460259,4748.58839199747,1256.7996405052536,16
3.3499999999999996,3.3499999999999996,3.3499999999999996,3423.598914239369,4656.730433353039,1232.487773509912,16
3.3499999999999996,3.3499999999999996,3.3499999999999996,3372.015254262154,4586.567074473425,1213.9177739780203,16
3.3499999999999996,3.3499999999999996,3.3499999999999996,3382.19663065057,4600.415637482416,1217.5830461756577,16
3.3499999999999996,3.3499999999999996,3.3499999999999996,3421.799736121321,4654.283216927513,1231.8400735052066,16
3.3499999999999996,3.3499999999999996,3.3499999999999996,3345.3269773002376,4550.26606064105,1204.3100553533877,16
3.3499999999999996,3.3499999999999996,3.3499999999999996,3336.957542161803,4538.882074287676,1201.2970778587398,16
3.3499999999999996,3.3499999999999996,3.3499999999999996,3328.85271833566,4527.858008468755,1198.3793598308985,16
3.3499999999999996,3.3499999999999996,3.3499999999999996,3419.551637569222,4651.225385327791,1231.030763171691,16
3.3499999999999996,3.3499999999999996,3.3499999999999996,3419.2620863318034,4650.831541862749,1230.9265253889184,16
3.3499999999999996,3.3499999999999996,3.3499999999999996,3437.5031731386707,4675.642808076696,1237.4932748908795,16
3.3499999999999996,3.3499999999999996,3.3499999999999996,3406.87284269321,4633.979869297335,1226.4664260343784,16
3.3499999999999996,3.3499999999999996,3.3499999999999996,3469.265815429494,4718.845901284897,1248.9277534201808,16
3.3499999999999996,3.3499999999999996,3.3499999999999996,3506.931812485673,4770.078653481591,1262.4874261539583,16
3.3499999999999996,3.3499999999999996,3.3499999999999996,3448.442581483599,4690.522435345773,1241.4314368579487,16
3.3499999999999996,3.3499999999999996,3.3499999999999996,3535.7682429782976,4809.301555120496,1272.8684751331505,16
3.3499999999999996,3.3499999999999996,3.3499999999999996,3494.9289557427414,4753.752538862991,1258.1664251975303,16
3.3499999999999996,3.3499999999999996,3.3499999999999996,3458.0397626800986,4703.576384383515,1244.8864001235488,16
3.3499999999999996,3.3499999999999996,3.3499999999999996,3502.9587424336532,4764.674540240367,1261.0571300284257,16
3.3499999999999996,3.3499999999999996,3.3499999999999996,3389.1821674945145,4609.917265105679,1220.0978234516278,16
3.3499999999999996,3.3499999999999996,3.3499999999999996,3533.411134477636,4806.09544974288,1272.0199214676438,16
3.3499999999999996,3.3499999999999996,3.3499999999999996,3457.993644315145,4703.513654841007,1244.8697976177168,16
3.3499999999999996,3.3499999999999996,3.3499999999999996,3518.474219859307,4785.778471432639,1266.6426663912728,16
3.3499999999999996,3.3499999999999996,3.3499999999999996,3444.9591070766573,4685.784263120884,1240.1773940441037,16
3.3499999999999996,3.3499999999999996,3.3499999999999996,3499.437483618985,4759.884974202773,1259.7894849142767,16
3.3499999999999996,3.3499999999999996,3.3499999999999996,3552.0814629711917,4831.490564379419,1278.7411969944044,16
3.3499999999999996,3.3499999999999996,3.3499999999999996,3506.4534090361813,4769.427935930126,1262.3152020070663,16
3.3499999999999996,3.3499999999999996,3.3499999999999996,3498.616339745634,4758.768066013182,1259.493874999228,16
3.3499999999999996,3.3499999999999996,3.3499999999999996,3345.6673398436483,4550.729016920094,1204.4325850900254,16
3.3499999999999996,3.3499999999999996,3.3499999999999996,3451.6607580592417,4694.899753242847,1242.5899730597155,16
3.3499999999999996,3.3499999999999996,3.3499999999999996,3350.013145800736,4556.640120225344,1205.9970652882985,16
3.3499999999999996,3.3499999999999996,3.3499999999999996,3504.092131491315,4766.21615987802,1261.4651474951877,16
3.3499999999999996,3.3499999999999996,3.3499999999999996,3467.2542514109105,4716.109800585422,1248.2035949773722,16
3.3499999999999996,3.3499999999999996,3.3499999999999996,3407.0583013975383,4634.232127582903,1226.533190743476,16
3.3499999999999996,3.3499999999999996,3.3499999999999996,3505.778684633761,4768.51018541741,1262.072302766442,16
3.3499999999999996,3.3499999999999996,3.3499999999999996,3446.944083465621,4688.484199705607,1240.8919810011002,16
3.3499999999999996,3.3499999999999996,3.3499999999999996,3541.835484989922,4817.554131204844,1275.0526683711928,16
3.3499999999999996,3.3499999999999996,3.3499999999999996,3545.681702323316,4822.785701186717,1276.4372978083488,16
3.3499999999999996,3.3499999999999996,3.3499999999999996,3531.842962234362,4803.962444214802,1271.455383049153,16
3.3499999999999996,3.3499999999999996,3.3499999999999996,3558.100704022124,4839.677850241376,1280.908109996458,16
3.3499999999999996,3.3499999999999996,3.3499999999999996,3605.4047620918686,4904.0201556201655,1297.9374626364174,16
3.3499999999999996,3.3499999999999996,3.3499999999999996,3600.340391545378,4897.131671004888,1296.114300830543,16
3.3499999999999996,3.3499999999999996,3.3499999999999996,3533.6665129182356,4806.442811856888,1272.111857121773,16
3.3499999999999996,3.3499999999999996,3.3499999999999996,3464.9850090875934,4713.023209529531,1247.3866729346096,16
3.3499999999999996,3.3499999999999996,3.3499999999999996,3455.4776093570035,4700.091379961719,1243.9640307912537,16
3.3499999999999996,3.3499999999999996,3.3499999999999996,3404.704248274816,4631.030178086799,1225.6857370070347,16
3.3499999999999996,3.3499999999999996,3.3499999999999996,3334.2155292064595,4535.152427358334,1200.3099594704815,16
3.3499999999999996,3.3499999999999996,3.3499999999999996,3491.5296371340864,4749.128834155133,1256.94267827846,16
3.3499999999999996,3.3499999999999996,3.3499999999999996,3404.708631706572,4631.036140368179,1225.6873150324343,16
3.3499999999999996,3.3499999999999996,3.3499999999999996,3477.965322189313,4730.678846351891,1252.0595559430901,16
3.3499999999999996,3.3499999999999996,3.3499999999999996,3456.937816087438,4702.077532338483,1244.4897018722243,16
3.3499999999999996,3.3499999999999996,3.3499999999999996,3507.917547175167,4771.419435752753,1262.8422883861174,16
3.3499999999999996,3.3499999999999996,3.3499999999999996,3408.216874477791,4635.80800216904,1226.9502744007323,16
3.3499999999999996,3.3499999999999996,3.3499999999999996,3308.159621548643,4499.711553237789,1190.9298923480167,16
3.3499999999999996,3.3499999999999996,3.3499999999999996,3323.3526612798887,4520.376909275077,1196.3993518788427,16
3.3499999999999996,3.3499999999999996,3.3499999999999996,3318.344018871907,4513.564225279291,1194.5962520752862,16
3.3499999999999996,3.3499999999999996,3.3499999999999996,3372.2830222159087,4586.931288626591,1214.0141698285292,16
3.3499999999999996,3.3499999999999996,3.3499999999999996,3321.533265657206,4517.902193287987,1195.7443736187408,16
3.3499999999999996,3.3499999999999996,3.3499999999999996,3380.5907913809197,4598.231397802076,1217.0049477138805,16
3.3499999999999996,3.3499999999999996,3.3499999999999996,3463.652669773415,4711.210980589372,1246.9070338308402,16
3.3499999999999996,3.3499999999999996,3.3499999999999996,3491.132307460259,4614.932069732859,1331.4553125067744,17
3.3499999999999996,3.3499999999999996,3.3499999999999996,3423.598914239369,4525.659594585765,1305.6992863076478,17
3.3499999999999996,3.3499999999999996,3.3499999999999996,3372.015254262154,4457.471091333013,1286.026202601127,17
3.3499999999999996,3.3499999999999996,3.3499999999999996,3382.19663065057,4470.929865240983,1289.9091971390362,17
3.3499999999999996,3.3499999999999996,3.3499999999999996,3421.799736121321,4523.281258829655,1305.0131120087526,17
3.3499999999999996,3.3499999999999996,3.3499999999999996,3345.3269773002376,4422.191825355533,1275.8477719336147,17
3.3499999999999996,3.3499999999999996,3.3499999999999996,3336.957542161803,4411.128258803393,1272.6558193244462,17
3.3499999999999996,3.3499999999999996,3.3499999999999996,3328.85271833566,4400.414482268808,1269.564784728825,17
3.3499999999999996,3.3499999999999996,3.3499999999999996,3419.551637569222,4520.309494602378,1304.1557274994823,17
3.3499999999999996,3.3499999999999996,3.3499999999999996,3419.2620863318034,4519.926736467278,1304.0452978453327,17
3.3499999999999996,3.3499999999999996,3.3499999999999996,3437.5031731386707,4544.039651440998,1311.0021215334525,17
3.3499999999999996,3.3499999999999996,3.3499999999999996,3406.87284269321,4503.549380139275,1299.320262295893,17
3.3499999999999996,3.3499999999999996,3.3499999999999996,3469.265815429494,4586.026727156844,1323.1158242215454,17
3.3499999999999996,3.3499999999999996,3.3499999999999996,3506.931812485673,4635.817454761631,1337.4809606485283,17
3.3499999999999996,3.3499999999999996,3.3499999999999996,3448.442581483599,4558.500468719973,1315.1742158781472,17
3.3499999999999996,3.3499999999999996,3.3499999999999996,3535.7682429782976,4673.936367520296,1348.4786585848371,17
3.3499999999999996,3.3499999999999996,3.3499999999999996,3494.9289557427414,4619.95086374387,1332.9032861383173,17
3.3499999999999996,3.3499999999999996,3.3499999999999996,3458.0397626800986,4571.186994288803,1318.8344088367078,17
3.3499999999999996,3.3499999999999996,3.3499999999999996,3502.9587424336532,4630.565448597562,1335.9657029149782,17
3.3499999999999996,3.3499999999999996,3.3499999999999996,3389.1821674945145,4480.164054944001,1292.5733557335716,17
3.3499999999999996,3.3499999999999996,3.3499999999999996,3533.411134477636,4670.820502908607,1347.579699634283,17
3.3499999999999996,3.3499999999999996,3.3499999999999996,3457.993644315145,4571.12603036573,1318.816820118603,17
3.3499999999999996,3.3499999999999996,3.3499999999999996,3518.474219859307,4651.075377194612,1341.883028019021,17
3.3499999999999996,3.3499999999999996,3.3499999999999996,3444.9591070766573,4553.895659638309,1313.845681151694,17
3.3499999999999996,3.3499999999999996,3.3499999999999996,3499.437483618985,4625.910692261082,1334.62275789239,17
3.3499999999999996,3.3499999999999996,3.3499999999999996,3552.0814629711917,4695.500832993272,1354.7002284111124,17
3.3499999999999996,3.3499999999999996,3.3499999999999996,3506.4534090361813,4635.18505265627,1337.2985061443014,17
3.3499999999999996,3.3499999999999996,3.3499999999999996,3498.616339745634,4624.82522116997,1334.3095883312799,17
3.3499999999999996,3.3499999999999996,3.3499999999999996,3345.6673398436483,4422.641751018209,1275.9775801094993,17
3.3499999999999996,3.3499999999999996,3.3499999999999996,3451.6607580592417,4562.7545802737695,1316.4015707650037,17
3.3499999999999996,3.3499999999999996,3.3499999999999996,3350.013145800736,4428.386477231346,1277.634992639045,17
3.3499999999999996,3.3499999999999996,3.3499999999999996,3504.092131491315,4632.063676979944,1336.397957194983,17
3.3499999999999996,3.3499999999999996,3.3499999999999996,3467.2542514109105,4583.367638218895,1322.3486497454396,17
3.3499999999999996,3.3499999999999996,3.3499999999999996,3407.0583013975383,4503.794538227493,1299.3909929229162,17
3.3499999999999996,3.3499999999999996,3.3499999999999996,3505.778684633761,4634.293133642972,1337.0411783460506,17
3.3499999999999996,3.3499999999999996,3.3499999999999996,3446.944083465621,4556.519602356123,1314.6027155822246,17
3.3499999999999996,3.3499999999999996,3.3499999999999996,3541.835484989922,4681.956662160647,1350.7925959831362,17
3.3499999999999996,3.3499999999999996,3.3499999999999996,3545.681702323316,4687.04098156072,1352.2594743625832,17
3.3499999999999996,3.3499999999999996,3.3499999999999996,3531.842962234362,4668.747534101069,1346.9816268371646,17
3.3499999999999996,3.3499999999999996,3.3499999999999996,3558.100704022124,4703.457675104937,1356.9958591030222,17
3.3499999999999996,3.3499999999999996,3.3499999999999996,3605.4047620918686,4765.988967358764,1375.0367793183634,17
3.3499999999999996,3.3499999999999996,3.3499999999999996,3600.340391545378,4759.294369735503,1373.105319128723,17
3.3499999999999996,3.3499999999999996,3.3499999999999996,3533.6665129182356,4671.158087981772,1347.6770963959896,17
3.3499999999999996,3.3499999999999996,3.3499999999999996,3464.9850090875934,4580.36792401457,1321.483201380653,17
3.3499999999999996,3.3499999999999996,3.3499999999999996,3455.4776093570035,4567.800080675402,1317.857249464603,17
3.3499999999999996,3.3499999999999996,3.3499999999999996,3404.704248274816,4500.682712523641,1298.4931992387665,17
3.3499999999999996,3.3499999999999996,3.3499999999999996,3334.2155292064595,4407.503588522008,1271.6100647110927,17
3.3499999999999996,3.3499999999999996,3.3499999999999996,3491.5296371340864,4615.457300314951,1331.606846925537,17
3.3499999999999996,3.3499999999999996,3.3499999999999996,3404.708631706572,4500.688506987443,1298.494871001101,17
3.3499999999999996,3.3499999999999996,3.3499999999999996,3477.965322189313,4597.526615789238,1326.4336602333165,17
3.3499999999999996,3.3499999999999996,3.3499999999999996,3456.937816087438,4569.730329739386,1318.4141461495099,17
3.3499999999999996,3.3499999999999996,3.3499999999999996,3507.917547175167,4637.120498654031,1337.8569021979918,17
3.3499999999999996,3.3499999999999996,3.3499999999999996,3408.216874477791,4505.32605740016,1299.8328519379222,17
3.3499999999999996,3.3499999999999996,3.3499999999999996,3308.159621548643,4373.060252301522,1261.6728083661949,17
3.3499999999999996,3.3499999999999996,3.3499999999999996,3323.3526612798887,4393.14395011573,1267.4671615106079,17
3.3499999999999996,3.3499999999999996,3.3499999999999996,3318.344018871907,4386.523019586965,1265.5569550345303,17
3.3499999999999996,3.3499999999999996,3.3499999999999996,3372.2830222159087,4457.825054118779,1286.1283245011714,17
3.3499999999999996,3.3499999999999996,3.3499999999999996,3321.533265657206,4390.738888815501,1266.773276617676,17
3.3499999999999996,3.3499999999999996,3.3499999999999996,3380.5907913809197,4468.807104345184,1289.2967588129266,17
3.3499999999999996,3.3499999999999996,3.3499999999999996,3463.652669773415,4578.60670304462,1320.9750710373448,17
3.3499999999999996,3.3499999999999996,3.3499999999999996,3491.132307460259,4600.500869532867,1338.146522621167,18
3.3499999999999996,3.3499999999999996,3.3499999999999996,3423.598914239369,4511.507555366201,1312.26105987138,18
3.3499999999999996,3.3499999999999996,3.3499999999999996,3372.015254262154,4443.532282108367,1292.4891093569067,18
3.3499999999999996,3.3499999999999996,3.3499999999999996,3382.19663065057,4456.948969533204,1296.3916178297432,18
3.3499999999999996,3.3499999999999996,3.3499999999999996,3421.799736121321,4509.136656824533,1311.5714372131101,18
3.3499999999999996,3.3499999999999996,3.3499999999999996,3345.3269773002376,4408.363336747211,1282.259527127948,18
3.3499999999999996,3.3499999999999996,3.3499999999999996,3336.957542161803,4397.334366705146,1279.0515334054335,18
3.3499999999999996,3.3499999999999996,3.3499999999999996,3328.85271833566,4386.654092863933,1275.9449648585369,18
3.3499999999999996,3.3499999999999996,3.3499999999999996,3419.551637569222,4506.174185502085,1310.7097439299384,18
3.3499999999999996,3.3499999999999996,3.3499999999999996,3419.2620863318034,4505.792624277185,1310.5987593131015,18
3.3499999999999996,3.3499999999999996,3.3499999999999996,3437.5031731386707,4529.830136558484,1317.5905444216978,18
3.3499999999999996,3.3499999999999996,3.3499999999999996,3406.87284269321,4489.4664810340855,1305.8499781633682,18
3.3499999999999996,3.3499999999999996,3.3499999999999996,3469.265815429494,4571.685915889831,1329.7651243538016,18
3.3499999999999996,3.3499999999999996,3.3499999999999996,3506.931812485673,4621.320944570495,1344.2024525736686,18
3.3499999999999996,3.3499999999999996,3.3499999999999996,3448.442581483599,4544.245733897913,1321.7836055683683,18
3.3499999999999996,3.3499999999999996,3.3499999999999996,3535.7682429782976,4659.320656948067,1355.255419287664,18
3.3499999999999996,3.3499999999999996,3.3499999999999996,3494.9289557427414,4605.503969440467,1339.6017730240137,18
3.3499999999999996,3.3499999999999996,3.3499999999999996,3458.0397626800986,4556.892587855643,1325.4621927756245,18
3.3499999999999996,3.3499999999999996,3.3499999999999996,3502.9587424336532,4616.085361779783,1342.6795799334998,18
3.3499999999999996,3.3499999999999996,3.3499999999999996,3389.1821674945145,4466.154283309495,1299.069165116161,18
3.3499999999999996,3.3499999999999996,3.3499999999999996,3533.411134477636,4656.214535852711,1354.351942631434,18
3.3499999999999996,3.3499999999999996,3.3499999999999996,3457.993644315145,4556.831814570821,1325.4445156656618,18
3.3499999999999996,3.3499999999999996,3.3499999999999996,3518.474219859307,4636.5311544629785,1348.6266424723729,18
3.3499999999999996,3.3499999999999996,3.3499999999999996,3444.9591070766573,4539.655324361192,1320.4483943091655,18
3.3499999999999996,3.3499999999999996,3.3499999999999996,3499.437483618985,4611.445161176639,1341.3298859594188,18
3.3499999999999996,3.3499999999999996,3.3499999999999996,3552.0814629711917,4680.817688900082,1361.5082555263816,18
3.3499999999999996,3.3499999999999996,3.3499999999999996,3506.4534090361813,4620.69052002867,1344.0190811468742,18
3.3499999999999996,3.3499999999999996,3.3499999999999996,3498.616339745634,4610.363084425984,1341.0151425690444,18
3.3499999999999996,3.3499999999999996,3.3499999999999996,3345.6673398436483,4408.81185546235,1282.389987653011,18
3.3499999999999996,3.3499999999999996,3.3499999999999996,3451.6607580592417,4548.486542561313,1323.017128510101,18
3.3499999999999996,3.3499999999999996,3.3499999999999996,3350.013145800736,4414.538617533692,1284.0557294861226,18
3.3499999999999996,3.3499999999999996,3.3499999999999996,3504.092131491315,4617.578905102145,1343.1140065013628,18
3.3499999999999996,3.3499999999999996,3.3499999999999996,3467.2542514109105,4569.035142100239,1328.9940944530595,18
3.3499999999999996,3.3499999999999996,3.3499999999999996,3407.0583013975383,4489.710872496622,1305.9210642461721,18
3.3499999999999996,3.3499999999999996,3.3499999999999996,3505.778684633761,4619.80139010558,1343.7604601513597,18
3.3499999999999996,3.3499999999999996,3.3499999999999996,3446.944083465621,4542.271061835223,1321.2092332056748,18
3.3499999999999996,3.3499999999999996,3.3499999999999996,3541.835484989922,4667.315871592467,1357.5809853461049,18
3.3499999999999996,3.3499999999999996,3.3499999999999996,3545.681702323316,4672.384291986869,1359.055235502402,18
3.3499999999999996,3.3499999999999996,3.3499999999999996,3531.842962234362,4654.148049356815,1353.7508642278099,18
3.3499999999999996,3.3499999999999996,3.3499999999999996,3558.100704022124,4688.749649436086,1363.815422878335,18
3.3499999999999996,3.3499999999999996,3.3499999999999996,3605.4047620918686,4751.085402170881,1381.9470074867538,18
3.3499999999999996,3.3499999999999996,3.3499999999999996,3600.340391545378,4744.411739000632,1380.005840770852,18
3.3499999999999996,3.3499999999999996,3.3499999999999996,3533.6665129182356,4656.551065274851,1354.4498288592092,18
3.3499999999999996,3.3499999999999996,3.3499999999999996,3464.9850090875934,4566.044808202183,1328.1242967895791,18
3.3499999999999996,3.3499999999999996,3.3499999999999996,3455.4776093570035,4553.516265346872,1324.4801227027156,18
3.3499999999999996,3.3499999999999996,3.3499999999999996,3404.704248274816,4486.608777679171,1305.0187587123758,18
3.3499999999999996,3.3499999999999996,3.3499999999999996,3334.2155292064595,4393.72103100934,1278.000523366847,18
3.3499999999999996,3.3499999999999996,3.3499999999999996,3491.5296371340864,4601.024457683917,1338.2988185740394,18
3.3499999999999996,3.3499999999999996,3.3499999999999996,3404.708631706572,4486.614554023297,1305.020438876129,18
3.3499999999999996,3.3499999999999996,3.3499999999999996,3477.965322189313,4583.149843603924,1333.099634104204,18
3.3499999999999996,3.3499999999999996,3.3499999999999996,3456.937816087438,4555.440478393368,1325.03981806415,18
3.3499999999999996,3.3499999999999996,3.3499999999999996,3507.917547175167,4622.619913757784,1344.5802834121487,18
3.3499999999999996,3.3499999999999996,3.3499999999999996,3408.216874477791,4491.23760250675,1306.3651438174993,18
3.3499999999999996,3.3499999999999996,3.3499999999999996,3308.159621548643,4359.385401397107,1268.0133274786997,18
3.3499999999999996,3.3499999999999996,3.3499999999999996,3323.3526612798887,4379.406296149529,1273.8368000640744,18
3.3499999999999996,3.3499999999999996,3.3499999999999996,3318.344018871907,4372.80606971186,1271.9169938719767,18
3.3499999999999996,3.3499999999999996,3.3499999999999996,3372.2830222159087,4443.885138028906,1292.5917444691368,18
3.3499999999999996,3.3499999999999996,3.3499999999999996,3321.533265657206,4377.008755636301,1273.139428062285,18
3.3499999999999996,3.3499999999999996,3.3499999999999996,3380.5907913809197,4454.832846652222,1295.776101703362,18
3.3499999999999996,3.3499999999999996,3.3499999999999996,3463.652669773415,4564.289094687604,1327.613612844313,18
3.3499999999999996,3.3499999999999996,3.3499999999999996,3491.132307460259,4599.046279024874,1338.808759818601,19
3.3499999999999996,3.3499999999999996,3.3499999999999996,3423.598914239369,4510.081102844424,1312.9104865760792,19
3.3499999999999996,3.3499999999999996,3.3499999999999996,3372.015254262154,4442.127322069706,1293.1287510934615,19
3.3499999999999996,3.3499999999999996,3.3499999999999996,3382.19663065057,4455.53976739423,1297.0331908841542,19
3.3499999999999996,3.3499999999999996,3.3499999999999996,3421.799736121321,4507.710953935593,1312.2205226294907,19
3.3499999999999996,3.3499999999999996,3.3499999999999996,3345.3269773002376,4406.969496457366,1282.8941063322973,19
3.3499999999999996,3.3499999999999996,3.3499999999999996,3336.957542161803,4395.944013564981,1279.6845250012987,19
3.3499999999999996,3.3499999999999996,3.3499999999999996,3328.85271833566,4385.267116622369,1276.5764190403645,19
3.3499999999999996,3.3499999999999996,3.3499999999999996,3419.551637569222,4504.749419289994,1311.35840290173,19
3.3499999999999996,3.3499999999999996,3.3499999999999996,3419.2620863318034,4504.367978707467,1311.247363359561,19
3.3499999999999996,3.3499999999999996,3.3499999999999996,3437.5031731386707,4528.397890786487,1318.2426086424334,19
3.3499999999999996,3.3499999999999996,3.3499999999999996,3406.87284269321,4488.046997479041,1306.4962320789068,19
3.3499999999999996,3.3499999999999996,3.3499999999999996,3469.265815429494,4570.240436119831,1330.4232136693663,19
3.3499999999999996,3.3499999999999996,3.3499999999999996,3506.931812485673,4619.859771152424,1344.867686798716,19
3.3499999999999996,3.3499999999999996,3.3499999999999996,3448.442581483599,4542.808930189365,1322.4377448989785,19
3.3499999999999996,3.3499999999999996,3.3499999999999996,3535.7682429782976,4657.847468746716,1355.926123530812,19
3.3499999999999996,3.3499999999999996,3.3499999999999996,3494.9289557427414,4604.047797047839,1340.2647304123464,19
3.3499999999999996,3.3499999999999996,3.3499999999999996,3458.0397626800986,4555.4517854534215,1326.118152607384,19
3.3499999999999996,3.3499999999999996,3.3499999999999996,3502.9587424336532,4614.625843752996,1343.3440605019841,19
3.3499999999999996,3.3499999999999996,3.3499999999999996,3389.1821674945145,4464.742170626123,1299.7120632656802,19
3.3499999999999996,3.3499999999999996,3.3499999999999996,3533.411134477636,4654.742329747528,1355.0221997517606,19
3.3499999999999996,3.3499999999999996,3.3499999999999996,3457.993644315145,4555.3910313839515,1326.1004667491718,19
3.3499999999999996,3.3499999999999996,3.3499999999999996,3518.474219859307,4635.065171867047,1349.2940661909247,19
3.3499999999999996,3.3499999999999996,3.3499999999999996,3444.9591070766573,4538.219972052463,1321.1018728552144,19
3.3499999999999996,3.3499999999999996,3.3499999999999996,3499.437483618985,4609.987110292658,1341.9936985759712,19
3.3499999999999996,3.3499999999999996,3.3499999999999996,3552.0814629711917,4679.337703747811,1362.18205424437,19
3.3499999999999996,3.3499999999999996,3.3499999999999996,3506.4534090361813,4619.229545938801,1344.68422462298,19
3.3499999999999996,3.3499999999999996,3.3499999999999996,3498.616339745634,4608.905375674004,1341.6787994218018,19
3.3499999999999996,3.3499999999999996,3.3499999999999996,3345.6673398436483,4407.417873359454,1283.0246314211518,19
3.3499999999999996,3.3499999999999996,3.3499999999999996,3451.6607580592417,4547.048397990063,1323.6718783005986,19
3.3499999999999996,3.3499999999999996,3.3499999999999996,3350.013145800736,4413.142824738006,1284.6911976155602,19
3.3499999999999996,3.3499999999999996,3.3499999999999996,3504.092131491315,4616.118914845485,1343.7787020638168,19
3.3499999999999996,3.3499999999999996,3.3499999999999996,3467.2542514109105,4567.590500454281,1329.6518021925622,19
3.3499999999999996,3.3499999999999996,3.3499999999999996,3407.0583013975383,4488.291311669664,1306.5673533416011,19
3.3499999999999996,3.3499999999999996,3.3499999999999996,3505.778684633761,4618.340697141609,1344.425475638162,19
3.3499999999999996,3.3499999999999996,3.3499999999999996,3446.944083465621,4540.834882480266,1321.8630882843458,19
3.3499999999999996,3.3499999999999996,3.3499999999999996,3541.835484989922,4665.840155456951,1358.2528404918805,19
3.3499999999999996,3.3499999999999996,3.3499999999999996,3545.681702323316,4670.9069733136275,1359.7278202418922,19
3.3499999999999996,3.3499999999999996,3.3499999999999996,3531.842962234362,4652.676496635191,1354.420823879608,19
3.3499999999999996,3.3499999999999996,3.3499999999999996,3558.100704022124,4687.26715634939,1364.4903633935896,19
3.3499999999999996,3.3499999999999996,3.3499999999999996,3605.4047620918686,4749.583199709746,1382.6309211671837,19
3.3499999999999996,3.3499999999999996,3.3499999999999996,3600.340391545378,4742.911646624329,1380.6887937845804,19
3.3499999999999996,3.3499999999999996,3.3499999999999996,3533.6665129182356,4655.078752765489,1355.1201344225872,19
3.3499999999999996,3.3499999999999996,3.3499999999999996,3464.9850090875934,4564.601112042689,1328.781574073704,19
3.3499999999999996,3.3499999999999996,3.3499999999999996,3455.4776093570035,4552.076530473341,1325.135596516448,19
3.3499999999999996,3.3499999999999996,3.3499999999999996,3404.704248274816,4485.190197675347,1305.664601264562,19
3.3499999999999996,3.3499999999999996,3.3499999999999996,3334.2155292064595,4392.331820336908,1278.6329948268894,19
3.3499999999999996,3.3499999999999996,3.3499999999999996,3491.5296371340864,4599.569701627351,1338.961131141429,19
3.3499999999999996,3.3499999999999996,3.3499999999999996,3404.708631706572,4485.195972193104,1305.6662822598137,19
3.3499999999999996,3.3499999999999996,3.3499999999999996,3477.965322189313,4581.700739158934,1333.7593736399463,19
3.3499999999999996,3.3499999999999996,3.3499999999999996,3456.937816087438,4554.000135120425,1325.6955688663,19
3.3499999999999996,3.3499999999999996,3.3499999999999996,3507.917547175167,4621.158329630466,1345.2457046224263,19
3.3499999999999996,3.3499999999999996,3.3499999999999996,3408.216874477791,4489.817558956922,1307.0116526840861,19
3.3499999999999996,3.3499999999999996,3.3499999999999996,3308.159621548643,4358.00704699497,1268.640856361451,19
3.3499999999999996,3.3499999999999996,3.3499999999999996,3323.3526612798887,4378.021611522859,1274.4672109332896,19
3.3499999999999996,3.3499999999999996,3.3499999999999996,3318.344018871907,4371.4234719507285,1272.5464546456299,19
3.3499999999999996,3.3499999999999996,3.3499999999999996,3372.2830222159087,4442.480066423944,1293.2314369989253,19
3.3499999999999996,3.3499999999999996,3.3499999999999996,3321.533265657206,4375.624829066148,1273.7694938080976,19
3.3499999999999996,3.3499999999999996,3.3499999999999996,3380.5907913809197,4453.4243135908855,1296.4173701441398,19
3.3499999999999996,3.3499999999999996,3.3499999999999996,3463.652669773415,4562.84595365119,1328.2706373953483,19
3.3499999999999996,3.3499999999999996,3.3499999999999996,3491.132307460259,4598.900704396477,1338.8749154843158,20
3.3499999999999996,3.3499999999999996,3.3499999999999996,3423.598914239369,4509.938344250414,1312.975362508976,20
3.3499999999999996,3.3499999999999996,3.3499999999999996,3372.015254262154,4441.986714431739,1293.1926495350845,20
3.3499999999999996,3.3499999999999996,3.3499999999999996,3382.19663065057,4455.398735209166,1297.0972822590932,20
3.3499999999999996,3.3499999999999996,3.3499999999999996,3421.799736121321,4507.568270364431,1312.285364468628,20
3.3499999999999996,3.3499999999999996,3.3499999999999996,3345.3269773002376,4406.830001677824,1282.9574990409453,20
3.3499999999999996,3.3499999999999996,3.3499999999999996,3336.957542161803,4395.804867777484,1279.7477591122467,20
3.3499999999999996,3.3499999999999996,3.3499999999999996,3328.85271833566,4385.128308793053,1276.6394995678997,20
3.3499999999999996,3.3499999999999996,3.3499999999999996,3419.551637569222,4504.606829460941,1311.4232021402306,20
3.3499999999999996,3.3499999999999996,3.3499999999999996,3419.2620863318034,4504.225400952238,1311.312157111173,20
3.3499999999999996,3.3499999999999996,3.3499999999999996,3437.5031731386707,4528.254552407139,1318.3077480558923,20
3.3499999999999996,3.3499999999999996,3.3499999999999996,3406.87284269321,4487.904936335439,1306.5607910589354,20
3.3499999999999996,3.3499999999999996,3.3499999999999996,3469.265815429494,4570.095773289147,1330.4889549731467,20
3.3499999999999996,3.3499999999999996,3.3499999999999996,3506.931812485673,4619.713537709962,1344.9341418592066,20
3.3499999999999996,3.3499999999999996,3.3499999999999996,3448.442581483599,4542.6651356542025,1322.5030916101787,20
3.3499999999999996,3.3499999999999996,3.3499999999999996,3535.7682429782976,4657.700032871265,1355.9931250309924,20
3.3499999999999996,3.3499999999999996,3.3499999999999996,3494.9289557427414,4603.902064105287,1340.330958023142,20
3.3499999999999996,3.3499999999999996,3.3499999999999996,3458.0397626800986,4555.307590731167,1326.1836811816177,20
3.3499999999999996,3.3499999999999996,3.3499999999999996,3502.9587424336532,4614.479775981194,1343.4104402742664,20
3.3499999999999996,3.3499999999999996,3.3499999999999996,3389.1821674945145,4464.600847155354,1299.7762870139586,20
3.3499999999999996,3.3499999999999996,3.3499999999999996,3533.411134477636,4654.594992159728,1355.089156585607,20
3.3499999999999996,3.3499999999999996,3.3499999999999996,3457.993644315145,4555.246838584759,1326.1659944494797,20
3.3499999999999996,3.3499999999999996,3.3499999999999996,3518.474219859307,4634.918457124674,1349.3607399757645,20
3.3499999999999996,3.3499999999999996,3.3499999999999996,3444.9591070766573,4538.076322772607,1321.1671535558637,20
3.3499999999999996,3.3499999999999996,3.3499999999999996,3499.437483618985,4609.841189351711,1342.0600116217022,20
3.3499999999999996,3.3499999999999996,3.3499999999999996,3552.0814629711917,4679.189587637202,1362.249364874034,20
3.3499999999999996,3.3499999999999996,3.3499999999999996,3506.4534090361813,4619.083332444995,1344.7506706179022,20
3.3499999999999996,3.3499999999999996,3.3499999999999996,3498.616339745634,4608.759488973442,1341.7450969071604,20
3.3499999999999996,3.3499999999999996,3.3499999999999996,3345.6673398436483,4407.278364387337,1283.0880305795436,20
3.3499999999999996,3.3499999999999996,3.3499999999999996,3451.6607580592417,4546.904469262089,1323.737285995055,20
3.3499999999999996,3.3499999999999996,3.3499999999999996,3350.013145800736,4413.0031345527395,1284.7546791253671,20
3.3499999999999996,3.3499999999999996,3.3499999999999996,3504.092131491315,4615.972799813174,1343.8451033134024,20
3.3499999999999996,3.3499999999999996,3.3499999999999996,3467.2542514109105,4567.445921502596,1329.7175053779488,20
3.3499999999999996,3.3499999999999996,3.3499999999999996,3407.0583013975383,4488.149242792731,1306.6319158360034,20
3.3499999999999996,3.3499999999999996,3.3499999999999996,3505.778684633761,4618.194511782733,1344.4919088473057,20
3.3499999999999996,3.3499999999999996,3.3499999999999996,3446.944083465621,4540.691150430072,1321.9284065995635,20
3.3499999999999996,3.3499999999999996,3.3499999999999996,3541.835484989922,4665.69246658722,1358.3199569640524,20
3.3499999999999996,3.3499999999999996,3.3499999999999996,3545.681702323316,4670.759124062793,1359.7950095984595,20
3.3499999999999996,3.3499999999999996,3.3499999999999996,3531.842962234362,4652.529224437662,1354.4877509971707,20
3.3499999999999996,3.3499999999999996,3.3499999999999996,3558.100704022124,4687.118789246063,1364.5577880856454,20
3.3499999999999996,3.3499999999999996,3.3499999999999996,3605.4047620918686,4749.432860102926,1382.6992422536396,20
3.3499999999999996,3.3499999999999996,3.3499999999999996,3600.340391545378,4742.7615181936535,1380.7570189030882,20
3.3499999999999996,3.3499999999999996,3.3499999999999996,3533.6665129182356,4654.931404528818,1355.1870960957606,20
3.3499999999999996,3.3499999999999996,3.3499999999999996,3464.9850090875934,4564.456627714778,1328.8472342577877,20
3.3499999999999996,3.3499999999999996,3.3499999999999996,3455.4776093570035,4551.932442588778,1325.2010765388236,20
3.3499999999999996,3.3499999999999996,3.3499999999999996,3404.704248274816,4485.048226958659,1305.7291191505287,20
3.3499999999999996,3.3499999999999996,3.3499999999999996,3334.2155292064595,4392.192788886964,1278.6961769777063,20
3.3499999999999996,3.3499999999999996,3.3499999999999996,3491.5296371340864,4599.424110430943,1339.0272943363946,20
3.3499999999999996,3.3499999999999996,3.3499999999999996,3404.708631706572,4485.054001293635,1305.7308002288448,20
3.3499999999999996,3.3499999999999996,3.3499999999999996,3477.965322189313,4581.555713572746,1333.825279796161,20
3.3499999999999996,3.3499999999999996,3.3499999999999996,3456.937816087438,4553.855986347578,1325.761076559053,20
3.3499999999999996,3.3499999999999996,3.3499999999999996,3507.917547175167,4621.012055084447,1345.3121783622244,20
3.3499999999999996,3.3499999999999996,3.3499999999999996,3408.216874477791,4489.675441769344,1307.0762371330197,20
3.3499999999999996,3.3499999999999996,3.3499999999999996,3308.159621548643,4357.8691020346605,1268.7035447624564,20
3.3499999999999996,3.3499999999999996,3.3499999999999996,3323.3526612798887,4377.8830330371175,1274.5301872367772,20
3.3499999999999996,3.3499999999999996,3.3499999999999996,3318.344018871907,4371.285102317357,1272.6093360371974,20
3.3499999999999996,3.3499999999999996,3.3499999999999996,3372.2830222159087,4442.33944762048,1293.2953405146523,20
3.3499999999999996,3.3499999999999996,3.3499999999999996,3321.533265657206,4375.486326446292,1273.832435634712,20
3.3499999999999996,3.3499999999999996,3.3499999999999996,3380.5907913809197,4453.283348366748,1296.4814310890188,20
3.3499999999999996,3.3499999999999996,3.3499999999999996,3463.652669773415,4562.701524879696,1328.336272332095,20
3.3499999999999996,3.3499999999999996,3.3499999999999996,3491.132307460259,4598.886145776983,1338.8815303711242,21
3.3499999999999996,3.3499999999999996,3.3499999999999996,3423.598914239369,4509.924067256733,1312.9818494356516,21
3.3499999999999996,3.3499999999999996,3.3499999999999996,3372.015254262154,4441.97265255075,1293.1990387226776,21
3.3499999999999996,3.3499999999999996,3.3499999999999996,3382.19663065057,4455.384630870098,1297.103690738035,21
3.3499999999999996,3.3499999999999996,3.3499999999999996,3421.799736121321,4507.554000873629,1312.291847986278,21
3.3499999999999996,3.3499999999999996,3.3499999999999996,3345.3269773002376,4406.816051091523,1282.9638376604364,21
3.3499999999999996,3.3499999999999996,3.3499999999999996,3336.957542161803,4395.790952093162,1279.7540818735984,21
3.3499999999999996,3.3499999999999996,3.3499999999999996,3328.85271833566,4385.114426907231,1276.645806972488,21
3.3499999999999996,3.3499999999999996,3.3499999999999996,3419.551637569222,4504.592569345098,1311.4296813982558,21
3.3499999999999996,3.3499999999999996,3.3499999999999996,3419.2620863318034,4504.2111420438705,1311.318635820565,21
3.3499999999999996,3.3499999999999996,3.3499999999999996,3437.5031731386707,4528.240217430317,1318.3142613279174,21
3.3499999999999996,3.3499999999999996,3.3499999999999996,3406.87284269321,4487.890729092339,1306.5672462935813,21
3.3499999999999996,3.3499999999999996,3.3499999999999996,3469.265815429494,4570.081305856668,1330.4955284280195,21
3.3499999999999996,3.3499999999999996,3.3499999999999996,3506.931812485673,4619.698913203826,1344.9407866824158,21
3.3499999999999996,3.3499999999999996,3.3499999999999996,3448.442581483599,4542.6507550581755,1322.5096256098477,21
3.3499999999999996,3.3499999999999996,3.3499999999999996,3535.7682429782976,4657.685288112277,1355.9998244925562,21
3.3499999999999996,3.3499999999999996,3.3499999999999996,3494.9289557427414,4603.88748965312,1340.3375801037191,21
3.3499999999999996,3.3499999999999996,3.3499999999999996,3458.0397626800986,4555.293170113251,1326.1902333657215,21
3.3499999999999996,3.3499999999999996,3.3499999999999996,3502.9587424336532,4614.465168043441,1343.417077569429,21
3.3499999999999996,3.3499999999999996,3.3499999999999996,3389.1821674945145,4464.5867136854,1299.7827087288738,21
3.3499999999999996,3.3499999999999996,3.3499999999999996,3533.411134477636,4654.580257230285,1355.0958515809962,21
3.3499999999999996,3.3499999999999996,3.3499999999999996,3457.993644315145,4555.232418159164,1326.1725465461998,21
3.3499999999999996,3.3499999999999996,3.3499999999999996,3518.474219859307,4634.903784484724,1349.3674066691617,21
3.3499999999999996,3.3499999999999996,3.3499999999999996,3444.9591070766573,4538.061956703264,1321.1736809551558,21
3.3499999999999996,3.3499999999999996,3.3499999999999996,3499.437483618985,4609.82659609821,1342.066642244895,21
3.3499999999999996,3.3499999999999996,3.3499999999999996,3552.0814629711917,4679.174774849292,1362.25609524537,21
3.3499999999999996,3.3499999999999996,3.3499999999999996,3506.4534090361813,4619.068709933884,1344.757314534648,21
3.3499999999999996,3.3499999999999996,3.3499999999999996,3498.616339745634,4608.744899144252,1341.7517259744752,21
3.3499999999999996,3.3499999999999996,3.3499999999999996,3345.6673398436483,4407.264412381666,1283.0943698439432,21
3.3499999999999996,3.3499999999999996,3.3499999999999996,3451.6607580592417,4546.890075245715,1323.7438260924228,21
3.3499999999999996,3.3499999999999996,3.3499999999999996,3350.013145800736,4412.989164424313,1284.7610266240622,21
3.3499999999999996,3.3499999999999996,3.3499999999999996,3504.092131491315,4615.9581871489945,1343.8517427560753,21
3.3499999999999996,3.3499999999999996,3.3499999999999996,3467.2542514109105,4567.431462458685,1329.7240750213732,21
3.3499999999999996,3.3499999999999996,3.3499999999999996,3407.0583013975383,4488.135034776237,1306.6383714220508,21
3.3499999999999996,3.3499999999999996,3.3499999999999996,3505.778684633761,4618.179892085338,1344.4985514856053,21
3.3499999999999996,3.3499999999999996,3.3499999999999996,3446.944083465621,4540.676776083037,1321.9349377599258,21
3.3499999999999996,3.3499999999999996,3.3499999999999996,3541.835484989922,4665.677696526794,1358.326667921634,21
3.3499999999999996,3.3499999999999996,3.3499999999999996,3545.681702323316,4670.744337962981,1359.8017278437321,21
3.3499999999999996,3.3499999999999996,3.3499999999999996,3531.842962234362,4652.514496047767,1354.4944430212367,21
3.3499999999999996,3.3499999999999996,3.3499999999999996,3558.100704022124,4687.1039513568885,1364.5645298620482,21
3.3499999999999996,3.3499999999999996,3.3499999999999996,3605.4047620918686,4749.417824947729,1382.706073660272,21
3.3499999999999996,3.3499999999999996,3.3499999999999996,3600.340391545378,4742.746504157749,1380.763840713912,21
3.3499999999999996,3.3499999999999996,3.3499999999999996,3533.6665129182356,4654.9166685344035,1355.1937915750327,21
3.3499999999999996,3.3499999999999996,3.3499999999999996,3464.9850090875934,4564.442178133994,1328.8537996015243,21
3.3499999999999996,3.3499999999999996,3.3499999999999996,3455.4776093570035,4551.91803265548,1325.2076238682407,21
3.3499999999999996,3.3499999999999996,3.3499999999999996,3404.704248274816,4485.034028758971,1305.7355702761906,21
3.3499999999999996,3.3499999999999996,3.3499999999999996,3334.2155292064595,4392.178884637303,1278.7024945435787,21
3.3499999999999996,3.3499999999999996,3.3499999999999996,3491.5296371340864,4599.409550154515,1339.0339099760506,21
3.3499999999999996,3.3499999999999996,3.3499999999999996,3404.708631706572,4485.039803075667,1305.7372513628127,21
3.3499999999999996,3.3499999999999996,3.3499999999999996,3477.965322189313,4581.541209861834,1333.8318697345837,21
3.3499999999999996,3.3499999999999996,3.3499999999999996,3456.937816087438,4553.8415703249675,1325.7676266552235,21
3.3499999999999996,3.3499999999999996,3.3499999999999996,3507.917547175167,4620.9974264676275,1345.318825053173,21
3.3499999999999996,3.3499999999999996,3.3499999999999996,3408.216874477791,4489.661228921403,1307.0826949142945,21
3.3499999999999996,3.3499999999999996,3.3499999999999996,3308.159621548643,4357.855306442597,1268.7098129584213,21
3.3499999999999996,3.3499999999999996,3.3499999999999996,3323.3526612798887,4377.869174087474,1274.5364842200318,21
3.3499999999999996,3.3499999999999996,3.3499999999999996,3318.344018871907,4371.271264254612,1272.6156235302349,21
3.3499999999999996,3.3499999999999996,3.3499999999999996,3372.2830222159087,4442.325384622856,1293.301730209603,21
3.3499999999999996,3.3499999999999996,3.3499999999999996,3321.533265657206,4375.472475083841,1273.8387291706333,21
3.3499999999999996,3.3499999999999996,3.3499999999999996,3380.5907913809197,4453.269250724304,1296.4878365252673,21
3.3499999999999996,3.3499999999999996,3.3499999999999996,3463.652669773415,4562.687080854997,1328.3428351513571,21
3.3499999999999996,3.3499999999999996,3.3499999999999996,3491.132307460259,4598.884689903465,1338.882191853008,22
3.3499999999999996,3.3499999999999996,3.3499999999999996,3423.598914239369,4509.92263954602,1312.982498121654,22
3.3499999999999996,3.3499999999999996,3.3499999999999996,3372.015254262154,4441.971246351479,1293.199677634872,22
3.3499999999999996,3.3499999999999996,3.3499999999999996,3382.19663065057,4455.383220424982,1297.1043315793447,22
3.3499999999999996,3.3499999999999996,3.3499999999999996,3421.799736121321,4507.552573913211,1312.2924963313817,22
3.3499999999999996,3.3499999999999996,3.3499999999999996,3345.3269773002376,4406.8146560218065,1282.9644715158734,22
3.3499999999999996,3.3499999999999996,3.3499999999999996,3336.957542161803,4395.789560513672,1279.7547141432365,22
3.3499999999999996,3.3499999999999996,3.3499999999999996,3328.85271833566,4385.113038707619,1276.6464377064658,22
3.3499999999999996,3.3499999999999996,3.3499999999999996,3419.551637569222,4504.591143322183,1311.4303293174007,22
3.3499999999999996,3.3499999999999996,3.3499999999999996,3419.2620863318034,4504.209716141706,1311.319283684847,22
3.3499999999999996,3.3499999999999996,3.3499999999999996,3437.5031731386707,4528.238783921244,1318.3149126484275,22
3.3499999999999996,3.3499999999999996,3.3499999999999996,3406.87284269321,4487.88930835674,1306.5678918104131,22
3.3499999999999996,3.3499999999999996,3.3499999999999996,3469.265815429494,4570.079859101925,1330.4961857667522,22
3.3499999999999996,3.3499999999999996,3.3499999999999996,3506.931812485673,4619.697450741592,1344.9414511579091,22
3.3499999999999996,3.3499999999999996,3.3499999999999996,3448.442581483599,4542.649316987146,1322.5102790031012,22
3.3499999999999996,3.3499999999999996,3.3499999999999996,3535.7682429782976,4657.683813624663,1356.0004944318289,22
3.3499999999999996,3.3499999999999996,3.3499999999999996,3494.9289557427414,4603.886032196321,1340.338242304973,22
3.3499999999999996,3.3499999999999996,3.3499999999999996,3458.0397626800986,4555.2917280400015,1326.1908885773992,22
3.3499999999999996,3.3499999999999996,3.3499999999999996,3502.9587424336532,4614.463707238058,1343.4177412921256,22
3.3499999999999996,3.3499999999999996,3.3499999999999996,3389.1821674945145,4464.585300327174,1299.7833508937674,22
3.3499999999999996,3.3499999999999996,3.3499999999999996,3533.411134477636,4654.578783725632,1355.096521073656,22
3.3499999999999996,3.3499999999999996,3.3499999999999996,3457.993644315145,4555.230976105146,1326.1732017491393,22
3.3499999999999996,3.3499999999999996,3.3499999999999996,3518.474219859307,4634.902317209071,1349.3680733316517,22
3.3499999999999996,3.3499999999999996,3.3499999999999996,3444.9591070766573,4538.060520084914,1321.174333688378,22
3.3499999999999996,3.3499999999999996,3.3499999999999996,3499.437483618985,4609.825136761265,1342.0673053004016,22
3.3499999999999996,3.3499999999999996,3.3499999999999996,3552.0814629711917,4679.173293558732,1362.256768275588,22
3.3499999999999996,3.3499999999999996,3.3499999999999996,3506.4534090361813,4619.067247671153,1344.7579789194963,22
3.3499999999999996,3.3499999999999996,3.3499999999999996,3498.616339745634,4608.74344014974,1341.7523888743954,22
3.3499999999999996,3.3499999999999996,3.3499999999999996,3345.6673398436483,4407.263017170012,1283.0950037638697,22
3.3499999999999996,3.3499999999999996,3.3499999999999996,3451.6607580592417,4546.88863583264,1323.7444800954397,22
3.3499999999999996,3.3499999999999996,3.3499999999999996,3350.013145800736,4412.987767400369,1284.7616613674095,22
3.3499999999999996,3.3499999999999996,3.3499999999999996,3504.092131491315,4615.956725870966,1343.8524066935202,22
3.3499999999999996,3.3499999999999996,3.3499999999999996,3467.2542514109105,4567.430016542804,1329.7247319789656,22
3.3499999999999996,3.3499999999999996,3.3499999999999996,3407.0583013975383,4488.133613963298,1306.6390169740225,22
3.3499999999999996,3.3499999999999996,3.3499999999999996,3505.778684633761,4618.178430103982,1344.49921574261,22
3.3499999999999996,3.3499999999999996,3.3499999999999996,3446.944083465621,4540.675338636912,1321.935590869251,22
3.3499999999999996,3.3499999999999996,3.3499999999999996,3541.835484989922,4665.676219509015,1358.3273390104966,22
3.3499999999999996,3.3499999999999996,3.3499999999999996,3545.681702323316,4670.742859341251,1359.8023996613563,22
3.3499999999999996,3.3499999999999996,3.3499999999999996,3531.842962234362,4652.513023197076,1354.4951122167674,22
3.3499999999999996,3.3499999999999996,3.3499999999999996,3558.100704022124,4687.102467556181,1364.5652040327616,22
3.3499999999999996,3.3499999999999996,3.3499999999999996,3605.4047620918686,4749.416321420263,1382.7067567939162,22
3.3499999999999996,3.3499999999999996,3.3499999999999996,3600.340391545378,4742.745002742227,1380.764522887985,22
3.3499999999999996,3.3499999999999996,3.3499999999999996,3533.6665129182356,4654.915194923255,1355.1944611160802,22
3.3499999999999996,3.3499999999999996,3.3499999999999996,3464.9850090875934,4564.440733164436,1328.8544561291521,22
3.3499999999999996,3.3499999999999996,3.3499999999999996,3455.4776093570035,4551.9165916507,1325.2082785944554,22
3.3499999999999996,3.3499999999999996,3.3499999999999996,3404.704248274816,4485.0326089277205,1305.736215382128,22
3.3499999999999996,3.3499999999999996,3.3499999999999996,3334.2155292064595,4392.177494201289,1278.7031262936746,22
3.3499999999999996,3.3499999999999996,3.3499999999999996,3491.5296371340864,4599.408094115303,1339.0345715332187,22
3.3499999999999996,3.3499999999999996,3.3499999999999996,3404.708631706572,4485.038383242588,1305.7378964695806,22
3.3499999999999996,3.3499999999999996,3.3499999999999996,3477.965322189313,4581.539759479218,1333.832528721655,22
3.3499999999999996,3.3499999999999996,3.3499999999999996,3456.937816087438,4553.840128711253,1325.76828165811,22
3.3499999999999996,3.3499999999999996,3.3499999999999996,3507.917547175167,4620.995963594322,1345.3194897154385,22
3.3499999999999996,3.3499999999999996,3.3499999999999996,3408.216874477791,4489.659807625316,1307.0833406857862,22
3.3499999999999996,3.3499999999999996,3.3499999999999996,3308.159621548643,4357.853926872428,1268.7104397715768,22
3.3499999999999996,3.3499999999999996,3.3499999999999996,3323.3526612798887,4377.867788181497,1274.5371139118874,22
3.3499999999999996,3.3499999999999996,3.3499999999999996,3318.344018871907,4371.269880437342,1272.616252273078,22
3.3499999999999996,3.3499999999999996,3.3499999999999996,3372.2830222159087,4442.32397831192,1293.3023691725325,22
3.3499999999999996,3.3499999999999996,3.3499999999999996,3321.533265657206,4375.471089936589,1273.8393585177591,22
3.3499999999999996,3.3499999999999996,3.3499999999999996,3380.5907913809197,4453.267840948858,1296.4884770623103,22
3.3499999999999996,3.3499999999999996,3.3499999999999996,3463.652669773415,4562.685636441049,1328.3434914265401,22
3.3499999999999996,3.3499999999999996,3.3499999999999996,3491.132307460259,4598.8845281396125,1338.8822653509187,23
3.3499999999999996,3.3499999999999996,3.3499999999999996,3423.598914239369,4509.92248091137,1312.9825701978023,23
3.3499999999999996,3.3499999999999996,3.3499999999999996,3372.015254262154,4441.97109010699,1293.1997486250416,23
3.3499999999999996,3.3499999999999996,3.3499999999999996,3382.19663065057,4455.383063708734,1297.104402783861,23
3.3499999999999996,3.3499999999999996,3.3499999999999996,3421.799736121321,4507.552415361927,1312.2925683696517,23
3.3499999999999996,3.3499999999999996,3.3499999999999996,3345.3269773002376,4406.814501013937,1282.9645419441817,23
3.3499999999999996,3.3499999999999996,3.3499999999999996,3336.957542161803,4395.789405893605,1279.7547843953455,23
3.3499999999999996,3.3499999999999996,3.3499999999999996,3328.85271833566,4385.112884463094,1276.6465077879461,23
3.3499999999999996,3.3499999999999996,3.3499999999999996,3419.551637569222,4504.590984875066,1311.4304013083417,23
3.3499999999999996,3.3499999999999996,3.3499999999999996,3419.2620863318034,4504.209557708005,1311.3193556696929,23
3.3499999999999996,3.3499999999999996,3.3499999999999996,3437.5031731386707,4528.238624642333,1318.314985017298,23
3.3499999999999996,3.3499999999999996,3.3499999999999996,3406.87284269321,4487.889150497104,1306.5679635344309,23
3.3499999999999996,3.3499999999999996,3.3499999999999996,3469.265815429494,4570.079698351269,1330.4962588043138,23
3.3499999999999996,3.3499999999999996,3.3499999999999996,3506.931812485673,4619.69728824566,1344.941524988443,23
3.3499999999999996,3.3499999999999996,3.3499999999999996,3448.442581483599,4542.649157201349,1322.510351602276,23
3.3499999999999996,3.3499999999999996,3.3499999999999996,3535.7682429782976,4657.683649792574,1356.0005688694482,23
3.3499999999999996,3.3499999999999996,3.3499999999999996,3494.9289557427414,4603.885870256549,1340.3383158828135,23
3.3499999999999996,3.3499999999999996,3.3499999999999996,3458.0397626800986,4555.291567809511,1326.1909613786213,23
3.3499999999999996,3.3499999999999996,3.3499999999999996,3502.9587424336532,4614.46354492622,1343.417815039015,23
3.3499999999999996,3.3499999999999996,3.3499999999999996,3389.1821674945145,4464.585143287247,1299.783422245348,23
3.3499999999999996,3.3499999999999996,3.3499999999999996,3533.411134477636,4654.578620002764,1355.0965954616518,23
3.3499999999999996,3.3499999999999996,3.3499999999999996,3457.993644315145,4555.230815876794,1326.1732745493907,23
3.3499999999999996,3.3499999999999996,3.3499999999999996,3518.474219859307,4634.902154178313,1349.3681474051846,23
3.3499999999999996,3.3499999999999996,3.3499999999999996,3444.9591070766573,4538.060360460527,1321.174406214216,23
3.3499999999999996,3.3499999999999996,3.3499999999999996,3499.437483618985,4609.824974612587,1342.0673789731588,23
3.3499999999999996,3.3499999999999996,3.3499999999999996,3552.0814629711917,4679.17312897076,1362.2568430566457,23
3.3499999999999996,3.3499999999999996,3.3499999999999996,3506.4534090361813,4619.067085197389,1344.7580527399584,23
3.3499999999999996,3.3499999999999996,3.3499999999999996,3498.616339745634,4608.743278039109,1341.7524625298663,23
3.3499999999999996,3.3499999999999996,3.3499999999999996,3345.6673398436483,4407.262862146372,1283.095074199344,23
3.3499999999999996,3.3499999999999996,3.3499999999999996,3451.6607580592417,4546.8884758977265,1323.7445527623659,23
3.3499999999999996,3.3499999999999996,3.3499999999999996,3350.013145800736,4412.987612175364,1284.761731894375,23
3.3499999999999996,3.3499999999999996,3.3499999999999996,3504.092131491315,4615.956563506611,1343.8524804642707,23
3.3499999999999996,3.3499999999999996,3.3499999999999996,3467.2542514109105,4567.429855885357,1329.7248049741781,23
3.3499999999999996,3.3499999999999996,3.3499999999999996,3407.0583013975383,4488.133456095068,1306.6390887019452,23
3.3499999999999996,3.3499999999999996,3.3499999999999996,3505.778684633761,4618.178267661479,1344.499289548867,23
3.3499999999999996,3.3499999999999996,3.3499999999999996,3446.944083465621,4540.675178920549,1321.935663436879,23
3.3499999999999996,3.3499999999999996,3.3499999999999996,3541.835484989922,4665.676055395797,1358.3274135758488,23
3.3499999999999996,3.3499999999999996,3.3499999999999996,3545.681702323316,4670.7426950498175,1359.802474307681,23
3.3499999999999996,3.3499999999999996,3.3499999999999996,3531.842962234362,4652.512859546868,1354.4951865717492,23
3.3499999999999996,3.3499999999999996,3.3499999999999996,3558.100704022124,4687.102302689304,1364.5652789405403,23
3.3499999999999996,3.3499999999999996,3.3499999999999996,3605.4047620918686,4749.416154361523,1382.7068326975752,23
3.3499999999999996,3.3499999999999996,3.3499999999999996,3600.340391545378,4742.744835918148,1380.7645986850255,23
3.3499999999999996,3.3499999999999996,3.3499999999999996,3533.6665129182356,4654.915031188551,1355.1945355094529,23
3.3499999999999996,3.3499999999999996,3.3499999999999996,3464.9850090875934,4564.440572612135,1328.8545290765903,23
3.3499999999999996,3.3499999999999996,3.3499999999999996,3455.4776093570035,4551.916431538932,1325.208351341737,23
3.3499999999999996,3.3499999999999996,3.3499999999999996,3404.704248274816,4485.032451168568,1305.7362870604911,23
3.3499999999999996,3.3499999999999996,3.3499999999999996,3334.2155292064595,4392.177339708275,1278.7031964880566,23
3.3499999999999996,3.3499999999999996,3.3499999999999996,3491.5296371340864,4599.40793233304,1339.0346450394943,23
3.3499999999999996,3.3499999999999996,3.3499999999999996,3404.708631706572,4485.038225483232,1305.737968148036,23
3.3499999999999996,3.3499999999999996,3.3499999999999996,3477.965322189313,4581.5395983254675,1333.832601942364,23
3.3499999999999996,3.3499999999999996,3.3499999999999996,3456.937816087438,4553.839968531824,1325.7683544361332,23
3.3499999999999996,3.3499999999999996,3.3499999999999996,3507.917547175167,4620.995801052715,1345.3195635667246,23
3.3499999999999996,3.3499999999999996,3.3499999999999996,3408.216874477791,4489.6596497034025,1307.0834124381001,23
3.3499999999999996,3.3499999999999996,3.3499999999999996,3308.159621548643,4357.853773586732,1268.7105094174105,23
3.3499999999999996,3.3499999999999996,3.3499999999999996,3323.3526612798887,4377.8676341918235,1274.5371838775766,23
3.3499999999999996,3.3499999999999996,3.3499999999999996,3318.344018871907,4371.269726679744,1272.6163221333215,23
3.3499999999999996,3.3499999999999996,3.3499999999999996,3372.2830222159087,4442.323822055025,1293.3024401683394,23
3.3499999999999996,3.3499999999999996,3.3499999999999996,3321.533265657206,4375.470936031218,1273.8394284451444,23
3.3499999999999996,3.3499999999999996,3.3499999999999996,3380.5907913809197,4453.267684307017,1296.4885482330192,23
3.3499999999999996,3.3499999999999996,3.3499999999999996,3463.652669773415,4562.685475950482,1328.343564345929,23
