3.3499999999999996,1.1158917189975077,3.3499999999999996,1561.6525736735307,118.80738064981936,673.5907808142357,1
3.3499999999999996,1.1218155417266857,3.3499999999999996,1583.7673800187442,120.48983054920521,683.1296052139463,1
3.3499999999999996,1.1292084678551748,3.3499999999999996,1591.4997849075498,121.07809633024377,686.464839141407,1
3.3499999999999996,1.1491180782812156,3.3499999999999996,1641.671328423104,124.89504625158239,708.1054330487958,1
3.3499999999999996,1.1628940153227498,3.3499999999999996,1625.9082493872027,123.6958229654284,701.3063121080527,1
3.3499999999999996,1.2272140451245488,3.3499999999999996,1828.9669726119482,139.1441214097353,788.8920441933585,1
3.3499999999999996,1.2568694726481122,3.3499999999999996,1717.0713864211707,130.63133071242268,740.6278934196606,1
3.3499999999999996,1.303460786622784,3.3499999999999996,1795.5803311750212,136.60413301238955,774.4913162379958,1
3.3499999999999996,1.2661254099371697,3.3499999999999996,1453.7509435886193,110.59844208413158,627.0493512509026,1
3.3499999999999996,1.2286250377919954,3.3499999999999996,1430.7731969820995,108.85034142872516,617.1383130731671,1
3.3499999999999996,1.1984125446387934,3.3499999999999996,1451.6173639458234,110.4361236446518,626.1290700041338,1
3.3499999999999996,1.1658910518876051,3.3499999999999996,1420.2702684721817,108.05129979395215,612.6080635573035,1
3.3499999999999996,1.143482305898169,3.3499999999999996,1460.6805375423037,111.12563162710882,630.0383071048976,1
3.3499999999999996,1.12635449950987,3.3499999999999996,1478.7683619835243,112.50171685870417,637.840165209567,1
3.3499999999999996,1.1824929053717388,3.3499999999999996,1781.6285351136353,135.5427084847081,768.4734596665799,1
3.3499999999999996,1.1435913358570784,3.3499999999999996,1374.0254180313348,104.53308476838119,592.661178160245,1
3.3499999999999996,1.1692462663175915,3.3499999999999996,1669.185310219651,126.9882545384967,719.9730947771973,1
3.3499999999999996,1.144374500040307,3.3499999999999996,1448.0885148182715,110.16765591461977,624.6069643326963,1
3.3499999999999996,1.1016590562021316,3.3499999999999996,1330.5058008798799,101.22219999937997,573.8897731806932,1
3.3499999999999996,1.0566832025951296,3.3499999999999996,1293.785092768431,98.42856252848895,558.0509554655223,1
3.3499999999999996,1.0116525485739205,3.3499999999999996,1268.496784053333,96.50467896427377,547.1432978340911,1
3.3499999999999996,0.9960747754839495,3.3499999999999996,1410.1564325587656,107.28185953979333,608.2456421424561,1
3.3499999999999996,0.9481713993424005,3.3499999999999996,1219.5966860285528,92.78445805356428,526.0511190962033,1
3.3499999999999996,0.942462038491391,3.3499999999999996,1430.7474271074973,108.84838090859866,617.1271977007422,1
3.3499999999999996,0.88750967692751,3.3499999999999996,1118.2587624416014,85.07487305058518,482.34082640641725,1
3.3499999999999996,0.8447866222812518,3.3499999999999996,1187.3531376184987,90.33143387005916,512.1434437810341,1
3.3499999999999996,0.8040686208233174,3.3499999999999996,1163.8589186671718,88.54404103949226,502.00963453637087,1
3.3499999999999996,0.776516342505992,3.3499999999999996,1225.8402189103256,93.25945345279034,528.7441548326859,1
3.3499999999999996,0.7543628676386365,3.3499999999999996,1240.2469902419148,94.35549158212962,534.958256812763,1
3.3499999999999996,0.7628390110664208,3.3499999999999996,1400.4110900922667,106.54045352446138,604.0421637555385,1
3.3499999999999996,0.7564414374732391,3.3499999999999996,1320.1342484589798,100.43315319270074,569.4161903805084,1
3.3499999999999996,0.7813790895957733,3.3499999999999996,1498.8974730462874,114.03309906271818,646.5224956244352,1
3.3499999999999996,0.7801472936453187,3.3499999999999996,1360.01504986094,103.46720419268524,586.6180575619215,1
3.3499999999999996,0.7767318169053152,3.3499999999999996,1346.8438482596987,102.46516571842135,580.936896386634,1
3.3499999999999996,0.7785819970011595,3.3499999999999996,1375.0360431711083,104.60997109233024,593.0970931572723,1
3.3499999999999996,0.8762989982496663,3.3499999999999996,1808.7558394083496,137.60649912654358,780.1743350016606,1
3.3499999999999996,0.8786011854160118,3.3499999999999996,1435.5905509340362,109.2168360091083,619.2161921511688,1
3.3499999999999996,0.8969012904964849,3.3499999999999996,1532.603418547606,116.59737946979823,661.0609496513176,1
3.3499999999999996,0.914397779534647,3.3499999999999996,1538.8459151974914,117.07229603459052,663.7535384277929,1
3.3499999999999996,1.0051014156183065,3.3499999999999996,1835.1478381603795,139.6143492045325,791.5580495014931,1
3.3499999999999996,1.0752170857377852,3.3499999999999996,1788.994792219536,136.10311848031074,771.6507623261401,1
3.3499999999999996,1.1707052421208453,3.3499999999999996,1920.260412753338,146.08954235454598,828.2698294093115,1
3.3499999999999996,1.166786596727962,3.3499999999999996,1567.47137034976,119.2500629744867,676.1006142193194,1
3.3499999999999996,1.253862797040648,3.3499999999999996,1923.3348569651605,146.32343987433893,829.5959356842429,1
3.3499999999999996,1.3412306783092904,3.3499999999999996,1960.6674324622275,149.16362698284843,845.6986714033162,1
3.3499999999999996,1.4356079037446037,3.3499999999999996,2019.213859920889,153.61772119690653,870.9516210353823,1
3.3499999999999996,1.4937967738870812,3.3499999999999996,1915.06540154017,145.69431637081058,826.0290546567138,1
3.3499999999999996,1.5179086487048337,3.3499999999999996,1800.423385978924,136.972582861796,776.5802809167484,1
3.3499999999999996,1.4774841747726042,3.3499999999999996,1560.8239218109743,118.74433848607524,673.2333567209821,1
3.3499999999999996,1.50583614165226,3.3499999999999996,1810.8590686676175,137.7665085700089,781.0815251557734,1
3.3499999999999996,1.6171727643308926,3.3499999999999996,2144.0836888624854,163.11756613606866,924.8119783228244,1
3.3499999999999996,1.5520758356532602,3.3499999999999996,1475.1892013560448,112.2294215311491,636.2963585765383,1
3.3499999999999996,1.4706343194201426,3.3499999999999996,1342.1024650810132,102.10445084136538,578.8917859367742,1
3.3499999999999996,1.3794718304462346,3.3499999999999996,1242.4494404191976,94.52304955308034,535.9082441272465,1
3.3499999999999996,1.2982779084110088,3.3499999999999996,1247.116419596555,94.87810392365954,537.9212617478848,1
3.3499999999999996,1.2434265198459968,3.3499999999999996,1348.9928314978285,102.62865603239175,581.8638216975074,1
3.3499999999999996,1.2369499458288358,3.3499999999999996,1585.0904202245085,120.59048478177334,683.7002748368017,1
3.3499999999999996,1.2381367967098833,3.3499999999999996,1611.4937688100972,122.59919833222645,695.0888848834272,1
3.3499999999999996,1.2261611777772543,3.3499999999999996,1562.5785959806476,118.87783056075762,673.9902038993813,1
3.3499999999999996,1.3066576089967232,3.3499999999999996,1920.6840229565307,146.12176976511486,828.4525460598263,1
3.3499999999999996,0.8218753492253261,3.3499999999999996,1248.7531141502486,105.77967248866038,650.4626509527354,2
3.3499999999999996,0.8252657679763876,3.3499999999999996,1266.4369023102827,107.27763497518457,659.6739542881346,2
3.3499999999999996,0.8294970079234881,3.3499999999999996,1272.6200091341345,107.80139504222915,662.8946710256488,2
3.3499999999999996,0.8408920005829225,3.3499999999999996,1312.7389653366622,111.1998010198416,683.7922225986919,2
3.3499999999999996,0.8487764693447922,3.3499999999999996,1300.1342449484555,110.13207740068334,677.2265534161088,2
3.3499999999999996,0.8932462792297081,3.3499999999999996,1462.5072447161263,123.88640765363587,761.804978627002,2
3.3499999999999996,0.909453444499656,3.3499999999999996,1373.0315418158905,116.30707876850228,715.1980054432346,2
3.3499999999999996,0.9399944192379741,3.3499999999999996,1435.8100950631099,121.62493922190473,747.898708012414,2
3.3499999999999996,0.9112846537679287,3.3499999999999996,1162.4711210476073,98.47087712419246,605.5192483481137,2
3.3499999999999996,0.8817672812687938,3.3499999999999996,1144.0972950668709,96.91446275166183,595.9485114104868,2
3.3499999999999996,0.8585398879248392,3.3499999999999996,1160.7650346439193,98.32635755585314,604.6305654913328,2
3.3499999999999996,0.8326057098700574,3.3499999999999996,1135.6987787095447,96.20303925281178,591.5738106374095,2
3.3499999999999996,0.8157384822052218,3.3499999999999996,1168.012271605253,98.94025820885709,608.4055766705117,2
3.3499999999999996,0.8034265262763944,3.3499999999999996,1182.4759413612248,100.16545014826778,615.9395534553274,2
3.3499999999999996,0.8412635008524623,3.3499999999999996,1424.653741163816,120.67990417193172,742.0874780342292,2
3.3499999999999996,0.8095346917211104,3.3499999999999996,1098.7197463851037,93.0706106855455,572.3118131113488,2
3.3499999999999996,0.8270373549188526,3.3499999999999996,1334.7401268179829,113.06348058107163,695.2524012833451,2
3.3499999999999996,0.8087194942855839,3.3499999999999996,1157.9432409801527,98.08732839452296,603.1607222003117,2
3.3499999999999996,0.773611947693096,3.3499999999999996,1063.9199078290364,90.12277777653699,554.1849352013704,2
3.3499999999999996,0.7388501507400895,3.3499999999999996,1034.556719511095,87.63547391454951,538.8899524723706,2
3.3499999999999996,0.7053587121473295,3.3499999999999996,1014.3352856326954,85.9225519376832,528.3568155876153,2
3.3499999999999996,0.6931081044325436,3.3499999999999996,1127.6113946743278,95.51797122387842,587.3611754902291,2
3.3499999999999996,0.6598621846170811,3.3499999999999996,975.2330226068975,82.61026824480213,507.98884903137616,2
3.3499999999999996,0.6554829169318743,3.3499999999999996,1144.076688555728,96.91271721046945,595.9377776908166,2
3.3499999999999996,0.6167435027962843,3.3499999999999996,894.1996033982662,75.74607031216419,465.77937457486735,2
3.3499999999999996,0.5882321743865966,3.3499999999999996,949.4499309211493,80.42622805034028,494.5587018088154,2
3.3499999999999996,0.560432641607606,3.3499999999999996,930.6631152269368,78.83483004802906,484.7728427779582,2
3.3499999999999996,0.5410117249020491,3.3499999999999996,980.2255742543316,83.03317848395513,510.58941782500693,2
3.3499999999999996,0.5248138228353249,3.3499999999999996,991.7457426121711,84.0090316146483,516.5901550120059,2
3.3499999999999996,0.5290371564423572,3.3499999999999996,1119.8186711462806,94.85786336648792,583.3020259699939,2
3.3499999999999996,0.52100838054034,3.3499999999999996,1055.6264444796916,89.42025313259451,549.8649554594458,2
3.3499999999999996,0.5413411627602794,3.3499999999999996,1198.5718967282837,101.52891012112083,624.3237710232638,2
3.3499999999999996,0.537300731387127,3.3499999999999996,1087.516556137726,92.1216082111836,566.4761865612631,2
3.3499999999999996,0.5314876324644163,3.3499999999999996,1076.984393418613,91.22944729450533,560.9900913476374,2
3.3499999999999996,0.5309021415400534,3.3499999999999996,1099.527878303692,93.13906611417048,572.7327607143039,2
3.3499999999999996,0.6024091777545572,3.3499999999999996,1446.3457015188903,122.51739185143848,753.3865970330432,2
3.3499999999999996,0.6045530124139855,3.3499999999999996,1147.949423159161,97.24076972408861,597.9550453060406,2
3.3499999999999996,0.6217950324426372,3.3499999999999996,1225.5243733032362,103.81200684580598,638.3630388048822,2
3.3499999999999996,0.6382813372556764,3.3499999999999996,1230.5160963426827,104.23484689503866,640.9631759851363,2
3.3499999999999996,0.7052480979861753,3.3499999999999996,1467.4496853279911,124.30507307540222,764.3794450977085,2
3.3499999999999996,0.7546503866111971,3.3499999999999996,1430.5440631571303,121.17886295269085,745.1556861654607,2
3.3499999999999996,0.8296694386043116,3.3499999999999996,1535.5087365971765,130.07023519717387,799.8307047648425,2
3.3499999999999996,0.8297844235543368,3.3499999999999996,1253.4060315741003,106.17381291212341,652.8863077731968,2
3.3499999999999996,0.8979930353490411,3.3499999999999996,1537.9671718781835,130.27848491115876,801.1112784122342,2
3.3499999999999996,0.9678723595177068,3.3499999999999996,1567.8196311877134,132.8072340553736,816.6611173675101,2
3.3499999999999996,1.0439193929288424,3.3499999999999996,1614.635443388116,136.7729188858928,841.046992337761,2
3.3499999999999996,1.0888224387464434,3.3499999999999996,1531.3546202848468,129.71834733557927,797.6668683120915,2
3.3499999999999996,1.1025713529206154,3.3499999999999996,1439.6827744735804,121.95298706022537,749.9159468781917,2
3.3499999999999996,1.074374246921062,3.3499999999999996,1248.0904945565194,105.72354315227275,650.1174992228807,2
3.3499999999999996,1.0920296259239841,3.3499999999999996,1448.0275186730762,122.6598556144832,754.262638287422,2
3.3499999999999996,1.1830970461399901,3.3499999999999996,1714.4858136836187,145.2310675367709,893.058023041153,2
3.3499999999999996,1.133483012809338,3.3499999999999996,1179.6139168271154,99.92301310091061,614.448754317809,2
3.3499999999999996,1.0672655075508537,3.3499999999999996,1073.1930142670803,90.90828625763992,559.0152009503863,2
3.3499999999999996,0.9986373927146245,3.3499999999999996,993.5069003523802,84.15821617871406,517.5075239614494,2
3.3499999999999996,0.9372850731056401,3.3499999999999996,997.238783409884,84.47433740645356,519.4514234553708,2
3.3499999999999996,0.8918294114294719,3.3499999999999996,1078.7027970866957,91.375010236574,561.8851901407312,2
3.3499999999999996,0.8884265063697889,3.3499999999999996,1267.4948524619017,107.36725206544801,660.2250296387384,2
3.3499999999999996,0.8893792701892376,3.3499999999999996,1288.6079120028528,109.15570207863995,671.2226051587604,2
3.3499999999999996,0.8827713262085188,3.3499999999999996,1249.493594625406,105.84239728290422,650.8483596147535,2
3.3499999999999996,0.945075174998493,3.3499999999999996,1535.847470429106,130.0989287422761,800.0071477332622,2
3.3499999999999996,1.0316826076680978,3.3499999999999996,1530.8460424139096,115.21849485606457,670.9090596294691,3
3.3499999999999996,1.0352210598504723,3.3499999999999996,1552.5245926516766,116.8501219824074,680.409907756049,3
3.3499999999999996,1.039637045403962,3.3499999999999996,1560.1044613253632,117.42061766622666,683.7318633434045,3
3.3499999999999996,1.0554024069707562,3.3499999999999996,1609.2862768759965,121.12226669234101,705.2863010254034,3
3.3499999999999996,1.065511570539248,3.3499999999999996,1593.8341541918817,119.95926906314264,698.5142489626555,3
3.3499999999999996,1.1257412759694747,3.3499999999999996,1792.8871625668467,134.94091149229956,785.7512819269126,3
3.3499999999999996,1.1521451009415737,3.3499999999999996,1683.1989270582321,126.68527176853495,737.6792819356798,3
3.3499999999999996,1.1955070804652241,3.3499999999999996,1760.1591353635972,132.47765004765387,771.407886610793,3
3.3499999999999996,1.1614889755967277,3.3499999999999996,1425.0729747225882,107.25752862037079,624.5529222957572,3
3.3499999999999996,1.1270334822728254,3.3499999999999996,1402.5485073415778,105.56223388976392,614.6813422605635,3
3.3499999999999996,1.099507535457558,3.3499999999999996,1422.9814839471044,107.10011343133151,623.636304902155,3
3.3499999999999996,1.0694850587640412,3.3499999999999996,1392.2527688308396,104.78732938482216,610.1691287191298,3
3.3499999999999996,1.0492210115519345,3.3499999999999996,1431.8658694152784,107.76879303267798,627.5299784230009,3
3.3499999999999996,1.0339771654345056,3.3499999999999996,1449.5968775335468,109.10331003247117,635.3007755203704,3
3.3499999999999996,1.0857048687949513,3.3499999999999996,1746.4825646940421,131.4482886071957,765.4139885226492,3
3.3499999999999996,1.0492119494933343,3.3499999999999996,1346.9201849560134,101.37539119033349,590.3016565009077,3
3.3499999999999996,1.0710940957323176,3.3499999999999996,1636.2574936846192,123.15224418127643,717.1067148389326,3
3.3499999999999996,1.0485740256987366,3.3499999999999996,1419.522247999072,106.83975546701534,622.1202590865541,3
3.3499999999999996,1.0082845363189301,3.3499999999999996,1304.2590740234093,98.16452030302243,571.6049848399157,3
3.3499999999999996,0.9655914555729577,3.3499999999999996,1268.262750875288,95.45527191450441,555.829225132987,3
3.3499999999999996,0.9226845827002039,3.3499999999999996,1243.473301564687,93.58950425482888,544.9649934173782,3
3.3499999999999996,0.9086384859765866,3.3499999999999996,1382.3384473340575,104.04113207383907,605.8240751161028,3
3.3499999999999996,0.8633606535767626,3.3499999999999996,1195.5378498535588,89.98166228811304,523.9567875368474,3
3.3499999999999996,0.8587136695000971,3.3499999999999996,1402.5232458261721,105.56033259224466,614.6702711410152,3
3.3499999999999996,0.8087681669929027,3.3499999999999996,1096.1990072167466,82.5049653426065,480.4205156639094,3
3.3499999999999996,0.7704487955115442,3.3499999999999996,1163.9303660194296,87.60273807714978,510.104481903963,3
3.3499999999999996,0.7337286156160955,3.3499999999999996,1140.8996146810314,85.8693380936803,500.0110177051462,3
3.3499999999999996,0.7065235669188583,3.3499999999999996,1201.6582173180454,90.44230921646921,526.6391016732257,3
3.3499999999999996,0.6844621973886776,3.3499999999999996,1215.7807880157297,91.50523866476289,532.8284638715259,3
3.3499999999999996,0.6925887812659384,3.3499999999999996,1372.7853500585768,103.322122154619,601.6373317519334,3
3.3499999999999996,0.6860900760052989,3.3499999999999996,1294.0921199614859,97.39930870640855,567.1492124108181,3
3.3499999999999996,0.7104695363173528,3.3499999999999996,1469.3289040593029,110.5884328559084,643.9485395633853,3
3.3499999999999996,0.7090957025919352,3.3499999999999996,1333.186197622353,100.34170830837537,584.2825949678095,3
3.3499999999999996,0.7055875013888282,3.3499999999999996,1320.2748227205298,99.3699390112065,578.6240518133021,3
3.3499999999999996,0.7072792864063143,3.3499999999999996,1347.9108736160058,101.44995496298787,590.7358360191909,3
3.3499999999999996,0.7983746089289308,3.3499999999999996,1773.0747319410978,133.44973708749828,777.0682799581874,3
3.3499999999999996,0.801037991573465,3.3499999999999996,1407.270829935317,105.91765754857778,616.7509488198468,3
3.3499999999999996,0.8194161865402076,3.3499999999999996,1502.369936454322,113.07525250698299,658.4291126315786,3
3.3499999999999996,0.8369673351440908,3.3499999999999996,1508.4892881285423,113.53582298230454,661.1109815874008,3
3.3499999999999996,0.9215621001857724,3.3499999999999996,1798.9460989288896,135.39693483411293,788.4066732493496,3
3.3499999999999996,0.9863550798782484,3.3499999999999996,1753.7035085378097,131.99176996199418,768.5786416031251,3
3.3499999999999996,1.0765599419494203,3.3499999999999996,1882.379668066994,141.67652794159704,824.9722950434981,3
3.3499999999999996,1.073005653690453,3.3499999999999996,1536.5500523925587,115.6478048102828,673.4089008054361,3
3.3499999999999996,1.155279114869129,3.3499999999999996,1885.393463090057,141.9033599787459,826.2931217816663,3
3.3499999999999996,1.2381875649918024,3.3499999999999996,1921.9895833899561,144.6577518520639,842.3317487736899,3
3.3499999999999996,1.326535217142988,3.3499999999999996,1979.3810725620551,148.97729857116462,867.4841605540881,3
3.3499999999999996,1.3814810408782519,3.3499999999999996,1877.2871382110948,141.29324078616168,822.7404413350947,3
3.3499999999999996,1.4031042515498926,3.3499999999999996,1764.906651811707,132.83496991150702,773.4885346364784,3
3.3499999999999996,1.3658290143444736,3.3499999999999996,1530.033737266325,115.15735704476582,670.5530585244602,3
3.3499999999999996,1.3915865543905923,3.3499999999999996,1775.1364710513951,133.60491302975024,777.9718583778106,3
3.3499999999999996,1.4971390542655887,3.3499999999999996,2101.7876095054676,158.19017599737805,921.1300872625038,3
3.3499999999999996,1.4365124603651507,3.3499999999999996,1446.0883225744553,108.83924009316566,633.7631151397416,3
3.3499999999999996,1.3594420788544657,3.3499999999999996,1315.6269722337952,99.02012046475541,576.5870834226491,3
3.3499999999999996,1.272485511503196,3.3499999999999996,1217.9397907250047,91.66773511160385,533.7746690660946,3
3.3499999999999996,1.1950639469731463,3.3499999999999996,1222.5147049691375,92.01206414189183,535.7796723965255,3
3.3499999999999996,1.1433303309097664,3.3499999999999996,1322.3814132264872,99.52849067522085,579.547286819448,3
3.3499999999999996,1.1359149165575002,3.3499999999999996,1553.8215334034755,116.94773569221213,680.9783054107291,3
3.3499999999999996,1.1342248540975695,3.3499999999999996,1579.7040263280337,118.89577082786032,692.3215747583771,3
3.3499999999999996,1.1241192971805833,3.3499999999999996,1531.7537971910826,115.28681664429575,671.3068925186386,3
3.3499999999999996,1.2006488587499853,3.3499999999999996,1882.7949217629928,141.70778183944878,825.1542842566333,3
3.3499999999999996,1.1022041677782777,3.3499999999999996,1558.5775451824852,118.42031711224097,673.3251843148959,4
3.3499999999999996,1.10811833299995,3.3499999999999996,1580.6488055682887,120.09728574433284,682.8602475610388,4
3.3499999999999996,1.1154992065666318,3.3499999999999996,1588.3659846855378,120.68363500946967,686.194166407473,4
3.3499999999999996,1.1353763586932053,3.3499999999999996,1638.4387361084391,124.48814965842686,707.8262274397853,4
3.3499999999999996,1.1491298370587353,3.3499999999999996,1622.7066959335234,123.29283333162967,701.0297873889411,4
3.3499999999999996,1.2133450070092175,3.3499999999999996,1825.3655790339046,138.69080263802675,788.580984465015,4
3.3499999999999996,1.242952087793353,3.3499999999999996,1713.6903248948008,130.20574583118417,740.335864221209,4
3.3499999999999996,1.2894674447407803,3.3499999999999996,1792.0446787710196,136.1590892896646,774.1859347092978,4
3.3499999999999996,1.2527303691833,3.3499999999999996,1450.8883827055008,110.23812251467736,626.8021060133652,4
3.3499999999999996,1.2157748237657404,3.3499999999999996,1427.955881262128,108.49571701070015,616.8949757528991,4
3.3499999999999996,1.1860469069840758,3.3499999999999996,1448.75900426488,110.0763328937697,625.8821876330198,4
3.3499999999999996,1.1539702227814745,3.3499999999999996,1417.473633923523,107.69927858020736,612.3665125120956,4
3.3499999999999996,1.1319506197702958,3.3499999999999996,1457.804331691541,110.76359452252862,629.7898833236001,4
3.3499999999999996,1.115168085896129,3.3499999999999996,1475.8565396477409,112.13519659478804,637.588665159621,4
3.3499999999999996,1.1709631507792537,3.3499999999999996,1778.1203549983572,135.10112278563727,768.170450975641,4
3.3499999999999996,1.132435798189391,3.3499999999999996,1371.3198435782872,104.19252557615668,592.4274921617167,4
3.3499999999999996,1.157791186676231,3.3499999999999996,1665.8985405038454,126.57453846493517,719.6892097552549,4
3.3499999999999996,1.133265456855932,3.3499999999999996,1445.2371037453545,109.80873980695208,624.3606821270677,4
3.3499999999999996,1.090894590875057,3.3499999999999996,1327.8859203032528,100.8924273657361,573.6634887375192,4
3.3499999999999996,1.0462395062734542,3.3499999999999996,1291.2375184304371,98.1078913092208,557.8309162600486,4
3.3499999999999996,1.0015049660342548,3.3499999999999996,1265.9990045743878,96.19027558101193,546.927559512426,4
3.3499999999999996,0.9861530200879163,3.3499999999999996,1407.3797130245678,106.93234509174873,608.0058111977742,4
3.3499999999999996,0.9385081278747107,3.3499999999999996,1217.195195056524,92.48217480844873,525.8436974097949,4
3.3499999999999996,0.9329704239792577,3.3499999999999996,1427.9301621306297,108.49376287776829,616.8838647632597,4
3.3499999999999996,0.8786064554854798,3.3499999999999996,1116.056814573786,84.79770692553576,482.15063966599405,4
3.3499999999999996,0.8364019761612136,3.3499999999999996,1185.0151369718374,90.03714235250341,511.94150588386816,4
3.3499999999999996,0.7961543887559208,3.3499999999999996,1161.567180162211,88.25557268366475,501.8116923949917,4
3.3499999999999996,0.7686579664222419,3.3499999999999996,1223.426433884024,92.95562271627698,528.5356712836681,4
3.3499999999999996,0.7465504521637716,3.3499999999999996,1237.8048370413753,94.04809005402615,534.7473230465222,4
3.3499999999999996,0.7550216368368208,3.3499999999999996,1397.6535599771785,106.19335450914078,603.8039902402282,4
3.3499999999999996,0.7486424668811673,3.3499999999999996,1317.534790362825,100.10595120110484,569.1916698687379,4
3.3499999999999996,0.7735466399771569,3.3499999999999996,1495.9460147562202,113.6615896961888,646.2675721360606,4
3.3499999999999996,0.7723233109661564,3.3499999999999996,1357.337063030146,103.13011754151,586.3867543627454,4
3.3499999999999996,0.7689192153069357,3.3499999999999996,1344.1917966598696,102.1313436165906,580.707833266395,4
3.3499999999999996,0.770771610684015,3.3499999999999996,1372.3284787100713,104.26916141152176,592.8632352776845,4
3.3499999999999996,0.8677965801067474,3.3499999999999996,1805.1942432932535,137.15818978705337,779.8667126615795,4
3.3499999999999996,0.8701529950410005,3.3499999999999996,1432.7637494290038,108.86101758539091,618.9720355242459,4
3.3499999999999996,0.8884754486572768,3.3499999999999996,1529.5855903462784,116.21751591314803,660.8002936579782,4
3.3499999999999996,0.9059903780642105,3.3499999999999996,1535.8157949823208,116.69088524337786,663.4918207480798,4
3.3499999999999996,0.9960509757912687,3.3499999999999996,1831.5342739254427,139.15949847384363,791.2459385686241,4
3.3499999999999996,1.0656066883411581,3.3499999999999996,1785.4721073092385,135.65970701692953,771.3465008263926,4
3.3499999999999996,1.160538087739976,3.3499999999999996,1916.4792545245566,145.6135960391095,827.9432430404572,4
3.3499999999999996,1.156264855008728,3.3499999999999996,1564.3848841466315,118.86155721854054,675.8340280939553,4
3.3499999999999996,1.2428742182166999,3.3499999999999996,1919.5476448907893,145.84673154225877,829.2688264323644,4
3.3499999999999996,1.3298072746836644,3.3499999999999996,1956.8067093296143,148.67766558194714,845.3652128510045,4
3.3499999999999996,1.4235379356918951,3.3499999999999996,2015.2378538274436,153.11724876601897,870.6082052579847,4
3.3499999999999996,1.4814180604056169,3.3499999999999996,1911.294472736141,145.21965766534055,825.7033518241951,4
3.3499999999999996,1.5052981330511543,3.3499999999999996,1796.878197182669,136.52633876329168,776.2740757103492,4
3.3499999999999996,1.4647663187583848,3.3499999999999996,1557.750525006854,118.35748033407802,672.9679011537789,4
3.3499999999999996,1.4929161445843895,3.3499999999999996,1807.2933311128666,137.3176779344434,780.7735451110799,4
3.3499999999999996,1.6037013782141993,3.3499999999999996,2139.8618033153502,162.58614408261994,924.4473254341771,4
3.3499999999999996,1.539144670344011,3.3499999999999996,1472.2844266959667,111.86378838040864,636.0454672487558,4
3.3499999999999996,1.4582266117825053,3.3499999999999996,1339.4597496732458,101.77180391548428,578.6635292025364,4
3.3499999999999996,1.3675643599216392,3.3499999999999996,1240.0029504044658,94.21510213649222,535.6969357814949,4
3.3499999999999996,1.286819261768536,3.3499999999999996,1244.6607398976516,94.56899977253235,537.7091596703178,4
3.3499999999999996,1.2323421058199717,3.3499999999999996,1346.3365483648176,102.29430129412941,581.6343930910939,4
3.3499999999999996,1.2255949849502188,3.3499999999999996,1581.9692405938765,120.19761205465306,683.4306921691547,4
3.3499999999999996,1.226526905977434,3.3499999999999996,1608.3205987108245,122.19978140079361,694.8148116926811,4
3.3499999999999996,1.2143431152368835,3.3499999999999996,1559.5017440718805,118.49053750383788,673.7244499077241,4
3.3499999999999996,1.2945033885824393,3.3499999999999996,1916.902030602755,145.64571845573383,828.1258876458904,4
3.3499999999999996,1.1145138079740124,3.3499999999999996,1561.3451278539462,118.76838679277441,673.564252175995,5
3.3499999999999996,1.120436658492323,3.3499999999999996,1583.4555804108224,120.45028449405191,683.1027008995102,5
3.3499999999999996,1.1278283713024098,3.3499999999999996,1591.1864630048499,121.0383571999494,686.4378034724203,5
3.3499999999999996,1.1477347141864391,3.3499999999999996,1641.3481291433382,124.85405435737069,708.0775450886212,5
3.3499999999999996,1.161508390337275,3.3499999999999996,1625.5881534178884,123.65522466916617,701.2786919238404,5
3.3499999999999996,1.2258178640109008,3.3499999999999996,1828.6069000456378,139.09845281617478,788.8609745406146,5
3.3499999999999996,1.2554684245203331,3.3499999999999996,1716.7333429737464,130.5884561081049,740.5987245978552,5
3.3499999999999996,1.3020520919829681,3.3499999999999996,1795.2268315068782,136.55929807027314,774.4608137422161,5
3.3499999999999996,1.2647769456268423,3.3499999999999996,1453.4647405894002,110.56214248879985,627.0246555961044,5
3.3499999999999996,1.2273314206009114,3.3499999999999996,1430.4915176600778,108.81461557878424,617.1140077537976,5
3.3499999999999996,1.197167709228568,3.3499999999999996,1451.3315809889064,110.39987732397337,626.1044105936086,5
3.3499999999999996,1.1646909948743789,3.3499999999999996,1419.9906568837378,108.01583619804893,612.5839366568704,5
3.3499999999999996,1.142321423488995,3.3499999999999996,1460.3929702993798,111.08915900251264,630.0134937333328,5
3.3499999999999996,1.1252283753124255,3.3499999999999996,1478.4772337526422,112.4647925881707,637.8150445703301,5
3.3499999999999996,1.1813322174081504,3.3499999999999996,1781.277782164863,135.49822191351018,768.4431941775176,5
3.3499999999999996,1.1424683199078336,3.3499999999999996,1373.7549107636503,104.49877588839729,592.6378368461376,5
3.3499999999999996,1.1680930958008193,3.3499999999999996,1668.8566942045459,126.94657563086673,719.9447394221086,5
3.3499999999999996,1.1432561646405672,3.3499999999999996,1447.8034265932881,110.13149770793075,624.5823648686428,5
3.3499999999999996,1.1005754090837665,3.3499999999999996,1330.2438614105577,101.18897778730046,573.8671711578978,5
3.3499999999999996,1.0556318469466888,3.3499999999999996,1293.5303825819797,98.39625721820111,558.0289772372879,5
3.3499999999999996,1.0106310023806484,3.3499999999999996,1268.2470524292903,96.47300509321359,547.1217491920556,5
3.3499999999999996,0.9950759630657429,3.3499999999999996,1409.8788121024238,107.24664848243708,608.2216870512323,5
3.3499999999999996,0.9471986082225661,3.3499999999999996,1219.3565814694339,92.75400519892223,526.0304011466231,5
3.3499999999999996,0.9415065278921944,3.3499999999999996,1430.4657528588448,108.81265570212169,617.1028928191397,5
3.3499999999999996,0.8866133992242826,3.3499999999999996,1118.0386084921747,85.04695056445924,482.32182993904144,5
3.3499999999999996,0.843942548996568,3.3499999999999996,1187.119380914424,90.30178612427332,512.1232735700777,5
3.3499999999999996,0.8032719036141184,3.3499999999999996,1163.6297873192889,88.51497993521073,501.98986343443886,5
3.3499999999999996,0.7757252482584435,3.3499999999999996,1225.5988851737852,93.22884469956195,528.7233308208305,5
3.3499999999999996,0.7535764001960303,3.3499999999999996,1240.002820214067,94.32452309742752,534.9371880652786,5
3.3499999999999996,0.7620520444313221,3.3499999999999996,1400.1353882219487,106.50548580451418,604.0183742137265,5
3.3499999999999996,0.755656323512488,3.3499999999999996,1319.8743508589494,100.40018995424924,569.3937645448925,5
3.3499999999999996,0.7805906053375165,3.3499999999999996,1498.602381955066,113.99567217611461,646.4970330410845,5
3.3499999999999996,0.7793596617447275,3.3499999999999996,1359.7473008438405,103.43324514614231,586.5949542495281,5
3.3499999999999996,0.7759453307258554,3.3499999999999996,1346.5786922847005,102.43153555165678,580.9140168205772,5
3.3499999999999996,0.777795733831673,3.3499999999999996,1374.7653369395316,104.57563697742982,593.0737346751283,5
3.3499999999999996,0.8754430689824189,3.3499999999999996,1808.3997458502497,137.56133519711386,780.143608686385,5
3.3499999999999996,0.8777507151996918,3.3499999999999996,1435.307923209432,109.1809898717139,619.1918049967982,5
3.3499999999999996,0.8960530700831683,3.3499999999999996,1532.3016916961558,116.55911095885229,661.0349144868115,5
3.3499999999999996,0.9135514154933727,3.3499999999999996,1538.5429593726249,117.03387165093267,663.7273972186144,5
3.3499999999999996,1.0041903175989892,3.3499999999999996,1834.7865487540969,139.56852627716452,791.5268748510377,5
3.3499999999999996,1.0742496173936769,3.3499999999999996,1788.6425890602682,136.05844797653938,771.6203717024782,5
3.3499999999999996,1.1696817256514216,3.3499999999999996,1919.8823670558713,146.04159419931207,828.2372089054447,5
3.3499999999999996,1.165727384333497,3.3499999999999996,1567.162778971462,119.21092382435327,676.0739867340274,5
3.3499999999999996,1.2527565886581895,3.3499999999999996,1922.9562059954096,146.27541495142955,829.5632629531269,5
3.3499999999999996,1.3400806965828695,3.3499999999999996,1960.2814317499895,149.11466988005685,845.6653644835166,5
3.3499999999999996,1.4343928330744262,3.3499999999999996,2018.8163330506072,153.56730221260474,870.917319555704,5
3.3499999999999996,1.4925506221474762,3.3499999999999996,1914.6883785954635,145.646497932985,825.9965224033169,5
3.3499999999999996,1.516639161690478,3.3499999999999996,1800.0689328484177,136.9276269904858,776.5496961493732,5
3.3499999999999996,1.4762038819198855,3.3499999999999996,1560.516639129821,118.70536532014478,673.2068421594996,5
3.3499999999999996,1.5045354994776161,3.3499999999999996,1810.5025610423593,137.72129212376308,781.0507631118031,5
3.3499999999999996,1.6158166144152042,3.3499999999999996,2143.661578606918,163.06402920073148,924.7755556117179,5
3.3499999999999996,1.5507740691837981,3.3499999999999996,1474.898777762027,112.19258663086362,636.2712987384418,5
3.3499999999999996,1.469385248870096,3.3499999999999996,1341.838242552072,102.07093906509373,578.8689869151619,5
3.3499999999999996,1.3782731182270087,3.3499999999999996,1242.2048367903612,94.49202607405438,535.8871379655478,5
3.3499999999999996,1.2971243788080802,3.3499999999999996,1246.8708971697336,94.84696391197969,537.9000763056828,5
3.3499999999999996,1.2423106638370731,3.3499999999999996,1348.7272524479902,102.59497220635201,581.8409056255083,5
3.3499999999999996,1.235806854159962,3.3499999999999996,1584.7783601468848,120.550905690821,683.673348047165,5
3.3499999999999996,1.2369680415274864,3.3499999999999996,1611.1765106498253,122.55895995993477,695.0615095658052,5
3.3499999999999996,1.2249714661634026,3.3499999999999996,1562.270967853108,118.83881358129611,673.9636595302981,5
3.3499999999999996,1.305434056732146,3.3499999999999996,1920.3058938620345,146.0738110324991,828.4199183598637,5
3.3499999999999996,1.115753836286414,3.3499999999999996,1561.62182966265,118.80347838347852,673.5881282656259,6
3.3499999999999996,1.1216775617298695,3.3499999999999996,1583.736200637117,120.48587302226049,683.1269151021808,6
3.3499999999999996,1.1290703664458521,3.3499999999999996,1591.4684532992724,121.07411948152159,686.4621358957471,6
3.3499999999999996,1.1489796499004532,3.3499999999999996,1641.6390090954671,124.89094403392168,708.1026445841442,6
3.3499999999999996,1.1627553607026053,3.3499999999999996,1625.8762403848466,123.69176013663936,701.3035504178154,6
3.3499999999999996,1.2270743341897754,3.3499999999999996,1828.9309660241488,139.13955117665276,788.8889375972549,6
3.3499999999999996,1.2567292746883483,3.3499999999999996,1717.0375827043408,130.62704008466778,740.6249768840651,6
3.3499999999999996,1.3033198235034469,3.3499999999999996,1795.5449818648294,136.5996462060366,774.4882663508496,6
3.3499999999999996,1.2659904738551218,3.3499999999999996,1453.722323820317,110.59480944299825,627.0468819788575,6
3.3499999999999996,1.228495590068316,3.3499999999999996,1430.7450295731142,108.84676620451589,617.1358828300268,6
3.3499999999999996,1.1982879783363978,3.3499999999999996,1451.588786180971,110.4324963349195,626.1266043560853,6
3.3499999999999996,1.1657709664019469,3.3499999999999996,1420.242307832713,108.04775081452031,612.6056511539368,6
3.3499999999999996,1.1433661404773916,3.3499999999999996,1460.6517813521648,111.12198167026659,630.0358260625745,6
3.3499999999999996,1.1262418122211233,3.3499999999999996,1478.739249701204,112.49802170390335,637.8376534441276,6
3.3499999999999996,1.182376759408448,3.3499999999999996,1781.5934604702784,135.5382565411827,768.4704334772891,6
3.3499999999999996,1.1434789595998003,3.3499999999999996,1373.9983678070312,104.52965134584501,592.6588443061767,6
3.3499999999999996,1.1691308725987706,3.3499999999999996,1669.1524492285419,126.98408356874168,719.9702595786077,6
3.3499999999999996,1.14426259214916,3.3499999999999996,1448.060006525322,110.16403742279569,624.6045046785827,6
3.3499999999999996,1.1015506194453306,3.3499999999999996,1330.4796074194978,101.21887532391085,573.8875132469716,6
3.3499999999999996,1.05657799713218,3.3499999999999996,1293.7596222229079,98.42532961093418,558.048757903845,6
3.3499999999999996,1.011550326038333,3.3499999999999996,1268.4718113548029,96.5015092372888,547.1411432259293,6
3.3499999999999996,0.995974827837296,3.3499999999999996,1410.1286710288089,107.2783358328723,608.243246917969,6
3.3499999999999996,0.9480740555555786,3.3499999999999996,1219.5726760186328,92.78141051842266,526.0490475474168,6
3.3499999999999996,0.9423664239055074,3.3499999999999996,1430.7192602058394,108.84480574878333,617.1247675013733,6
3.3499999999999996,0.8874199895692506,3.3499999999999996,1118.2367474555929,85.07207873922385,482.3389269853964,6
3.3499999999999996,0.8447021588355942,3.3499999999999996,1187.3297623822923,90.32846690527983,512.1414269996017,6
3.3499999999999996,0.8039888961336196,3.3499999999999996,1163.836005957993,88.541132782201,502.0076576610986,6
3.3499999999999996,0.776437180486295,3.3499999999999996,1225.8160859849468,93.25639031627321,528.742072678932,6
3.3499999999999996,0.7542841686070412,3.3499999999999996,1240.2225736926737,94.35239244589032,534.9561501883543,6
3.3499999999999996,0.7627602620823879,3.3499999999999996,1400.3835204173488,106.53695416925758,604.0397850840253,6
3.3499999999999996,0.7563628738798139,3.3499999999999996,1320.1082591817342,100.42985443372592,569.4139480634116,6
3.3499999999999996,0.7813001887485276,3.3499999999999996,1498.8679644852944,114.02935360918012,646.5199496686477,6
3.3499999999999996,0.7800684780905075,3.3499999999999996,1359.9882754565715,103.46380577933677,586.6157475051967,6
3.3499999999999996,0.7766531159987891,3.3499999999999996,1346.8173331547237,102.4618002173464,580.9346087018843,6
3.3499999999999996,0.7785033184104572,3.3499999999999996,1375.008973050785,104.60653514443815,593.0947575866041,6
3.3499999999999996,0.8762133484175219,3.3499999999999996,1808.7202307139803,137.60197939715573,780.1712627352241,6
3.3499999999999996,0.8785160818518983,3.3499999999999996,1435.5622886865542,109.21324874726749,619.2137537255007,6
3.3499999999999996,0.8968164120622473,3.3499999999999996,1532.5732464229159,116.59354979165168,661.0583464442179,6
3.3499999999999996,0.9143130868610325,3.3499999999999996,1538.8156201777424,117.06845075765786,663.7509246174857,6
3.3499999999999996,1.0050102452431275,3.3499999999999996,1835.111709890843,139.60976352666785,791.5549324068658,6
3.3499999999999996,1.0751202745824142,3.3499999999999996,1788.9595725578235,136.0986481299401,771.6477236248763,6
3.3499999999999996,1.1706028224266511,3.3499999999999996,1920.2226088858079,146.08474399689547,828.2665677465228,6
3.3499999999999996,1.1666806050680636,3.3499999999999996,1567.440511785136,119.24614616810373,676.0979517871789,6
3.3499999999999996,1.2537521026574792,3.3499999999999996,1923.296992571526,146.3186338342498,829.5926687993498,6
3.3499999999999996,1.3411156036815075,3.3499999999999996,1960.6288331079966,149.15872765590703,845.6953411070904,6
3.3499999999999996,1.4354863158950857,3.3499999999999996,2019.1741079722635,153.6126755738189,870.9481912949859,6
3.3499999999999996,1.4936720758642332,3.3499999999999996,1915.027699946016,145.6895309944837,826.0258018179235,6
3.3499999999999996,1.517781615603093,3.3499999999999996,1800.3879413242669,136.9680839535901,776.57722280342,6
3.3499999999999996,1.477356060368614,3.3499999999999996,1560.7931941136337,118.74043829037434,673.2307055798807,6
3.3499999999999996,1.5057059909631771,3.3499999999999996,1810.8234185673014,137.7619835850598,781.0784493168921,6
3.3499999999999996,1.6170370591773402,3.3499999999999996,2144.0414786209944,163.11220848754175,924.8083364844895,6
3.3499999999999996,1.551945572459948,3.3499999999999996,1475.1601595361021,112.22573531997523,636.2938528904906,6
3.3499999999999996,1.4705093293221962,3.3499999999999996,1342.07604331891,102.1010971880857,578.8895063055118,6
3.3499999999999996,1.379351879529383,3.3499999999999996,1242.424980510663,94.51994491334602,535.9061337618609,6
3.3499999999999996,1.2981624787596988,3.3499999999999996,1247.0918678099285,94.87498762205102,537.9191434553909,6
3.3499999999999996,1.2433148600587705,3.3499999999999996,1348.9662740861554,102.62528516142523,581.8615303625973,6
3.3499999999999996,1.2368355606648846,3.3499999999999996,1585.0592147963948,120.58652394880826,683.697582477783,6
3.3499999999999996,1.2380198434883725,3.3499999999999996,1611.4620435833742,122.59517152242351,695.0861476769395,6
3.3499999999999996,1.226042127519335,3.3499999999999996,1562.5478337393101,118.87392598046698,673.9875497778739,6
3.3499999999999996,1.3065351724238772,3.3499999999999996,1920.6462107494524,146.11697034894488,828.4492836775134,6
3.3499999999999996,1.115877929810251,3.3499999999999996,1561.6494992781545,118.80699039437297,673.5905155625318,7
3.3499999999999996,1.1218017428102105,3.3499999999999996,1583.764262086374,120.48943476729048,683.1293362059716,7
3.3499999999999996,1.129194656796642,3.3499999999999996,1591.496651752543,121.07769861600856,686.4645688200585,7
3.3499999999999996,1.1491042345233664,3.3499999999999996,1641.6680964963448,124.89463599952775,708.1051542056497,7
3.3499999999999996,1.1628801489394593,3.3499999999999996,1625.905048492914,123.69541665255177,701.306035942316,7
3.3499999999999996,1.227200073102777,3.3499999999999996,1828.9633719598578,139.1436643526829,788.8917335374457,7
3.3499999999999996,1.2568554519206057,3.3499999999999996,1717.068006055768,130.63090161796745,740.6276017695725,7
3.3499999999999996,1.303446689374236,3.3499999999999996,1795.5767962505693,136.60368429862598,774.4910112529112,7
3.3499999999999996,1.2661119154323968,3.3499999999999996,1453.7480816171062,110.59807879319682,627.0491043266372,7
3.3499999999999996,1.228612092159526,3.3499999999999996,1430.770380246434,108.84998387990667,617.1380700517456,7
3.3499999999999996,1.1984000871808864,3.3499999999999996,1451.6145061746474,110.43576088689643,626.1288234422636,7
3.3499999999999996,1.165879042541144,3.3499999999999996,1420.2674724134295,108.05094486980512,612.6078223198382,7
3.3499999999999996,1.1434706885842423,3.3499999999999996,1460.6776619286322,111.12526660447529,630.0380590036184,7
3.3499999999999996,1.1263432300322567,3.3499999999999996,1478.7654507607008,112.50134731594109,637.8399140360127,7
3.3499999999999996,1.1824812900036907,3.3499999999999996,1781.6250276558158,135.54226325748485,768.4731570512524,7
3.3499999999999996,1.1435800974846793,3.3499999999999996,1374.02271301393,104.53274140077706,592.660944777616,7
3.3499999999999996,1.1692347261789886,3.3499999999999996,1669.182024126645,126.98783741072498,719.9728112607129,7
3.3499999999999996,1.1443633085076326,3.3499999999999996,1448.0856639942729,110.16729403872039,624.6067183702124,7
3.3499999999999996,1.1016482118059554,3.3499999999999996,1330.503181538708,101.22186750728541,573.8895471900108,7
3.3499999999999996,1.0566726813498084,3.3499999999999996,1293.7825457186107,98.4282392128633,558.0507357119701,7
3.3499999999999996,1.011642325641155,3.3499999999999996,1268.4942867881193,96.50436196817172,547.1430823758393,7
3.3499999999999996,0.9960647800551929,3.3499999999999996,1410.1536564109274,107.28150714308408,608.2454026228583,7
3.3499999999999996,0.9481616643169284,3.3499999999999996,1219.5942850320214,92.78415327754884,526.0509119437903,7
3.3499999999999996,0.9424524763975024,3.3499999999999996,1430.7446104225644,108.84802336622018,617.1269546836978,7
3.3499999999999996,0.8875007075957667,3.3499999999999996,1118.2565609470907,85.07459359881733,482.340636466576,7
3.3499999999999996,0.8447781753754785,3.3499999999999996,1187.3508000992208,90.3311371516748,512.1432421052915,7
3.3499999999999996,0.8040606478246263,3.3499999999999996,1163.8566274005107,88.54375019229009,502.00943685119665,7
3.3499999999999996,0.7765084257780395,3.3499999999999996,1225.8378056222712,93.25914711652207,528.7439466197889,7
3.3499999999999996,0.7543549972125704,3.3499999999999996,1240.2445485915268,94.35518164562336,534.9580461528295,7
3.3499999999999996,0.7628311356447791,3.3499999999999996,1400.4083331298968,106.54010356310373,604.0419258912183,7
3.3499999999999996,0.7564335805918899,3.3499999999999996,1320.1316495360836,100.43282329244698,569.4159661514676,7
3.3499999999999996,0.7813711989868013,3.3499999999999996,1498.8945221956703,114.03272448970998,646.5222410318869,7
3.3499999999999996,0.7801394115661566,3.3499999999999996,1360.0123724254775,103.46686432625829,586.6178265589986,7
3.3499999999999996,0.7767239462917434,3.3499999999999996,1346.8411967541272,102.46482914346474,580.936667620882,7
3.3499999999999996,0.7785741286193183,3.3499999999999996,1375.0333361641053,104.60962747217187,593.0968596029852,7
3.3499999999999996,0.8762904326973614,3.3499999999999996,1808.7522785455283,137.60604712023357,780.1740277786736,7
3.3499999999999996,0.8785926744941394,3.3499999999999996,1435.5877247145386,109.2164772564377,619.2159483115043,7
3.3499999999999996,0.8968928020890959,3.3499999999999996,1532.6004013407423,116.59699647370735,661.0606893337063,7
3.3499999999999996,0.9143893097045548,3.3499999999999996,1538.8428857011447,117.0719114785059,663.7532770498731,7
3.3499999999999996,1.0050922979750179,3.3499999999999996,1835.1442253401378,139.6138906028879,791.5577377957405,7
3.3499999999999996,1.075207403978998,3.3499999999999996,1788.991270259908,136.10267141226709,771.6504584596305,7
3.3499999999999996,1.1706949994709104,3.3499999999999996,1920.2566323736082,146.08906248335236,828.2695032469146,7
3.3499999999999996,1.1667759968577234,3.3499999999999996,1567.4682844990307,119.24967126492885,676.1003479792743,7
3.3499999999999996,1.2538517268668357,3.3499999999999996,1923.3310705328315,146.32295923484486,829.5956089996419,7
3.3499999999999996,1.3412191700819125,3.3499999999999996,1960.6635725339754,149.16313701398028,845.6983383776575,7
3.3499999999999996,1.4355957441517762,3.3499999999999996,2019.2098847334116,153.61721659734368,870.951278065425,7
3.3499999999999996,1.4937843032562554,3.3499999999999996,1915.0616313877588,145.69383779784528,826.0287293767063,7
3.3499999999999996,1.517895944550603,3.3499999999999996,1800.4198415200433,136.97213293775783,776.5799751090553,7
3.3499999999999996,1.4774713624809643,3.3499999999999996,1560.820849046949,118.74394843770824,673.2330916100273,7
3.3499999999999996,1.505823125718581,3.3499999999999996,1810.8555036642092,137.76605603810398,781.0812175755462,7
3.3499999999999996,1.6171591929138605,3.3499999999999996,2144.079467846178,163.11703033165801,924.8116141433255,7
3.3499999999999996,1.5520628084684105,3.3499999999999996,1475.186297179446,112.22905288281466,636.296108010916,7
3.3499999999999996,1.4706218195798657,3.3499999999999996,1342.0998229097115,102.10411545127586,578.8915579763614,7
3.3499999999999996,1.3794598345575495,3.3499999999999996,1242.4469944328885,94.52273906618393,535.90803309322,7
3.3499999999999996,1.2982663646789192,3.3499999999999996,1247.1139644224536,94.87779227048962,537.9210499211567,7
3.3499999999999996,1.2434153531253638,3.3499999999999996,1348.990175761595,102.62831892040639,581.8635925667437,7
3.3499999999999996,1.236938506552422,3.3499999999999996,1585.0872996874946,120.59008866923227,683.7000056041043,7
3.3499999999999996,1.2381251006106506,3.3499999999999996,1611.490596293319,122.5987956215144,695.0886111660366,7
3.3499999999999996,1.2261492719604472,3.3499999999999996,1562.5755197622289,118.87744007389921,673.9899384903896,7
3.3499999999999996,1.3066453645259242,3.3499999999999996,1920.6802417428478,146.1212897880617,828.452219825478,7
3.3499999999999996,1.1158903400696125,3.3499999999999996,1561.6522662340503,118.80734162398633,673.5907542890968,8
3.3499999999999996,1.1218141618258624,3.3499999999999996,1583.767068225565,120.48979097072129,683.1295783131808,8
3.3499999999999996,1.1292070867401376,3.3499999999999996,1591.4994715921073,121.07805655852637,686.4648121093044,8
3.3499999999999996,1.1491166938962247,3.3499999999999996,1641.6710052304882,124.89500522607372,708.1054051645145,8
3.3499999999999996,1.1628926286751997,3.3499999999999996,1625.9079292978333,123.69578233384048,701.3062844915117,8
3.3499999999999996,1.2272126479130805,3.3499999999999996,1828.9666125468061,139.14407570369235,788.8920131278041,8
3.3499999999999996,1.2568680705660382,3.3499999999999996,1717.0710483846933,130.63128780266015,740.6278642546866,8
3.3499999999999996,1.3034593768885547,3.3499999999999996,1795.5799776826418,136.60408814068154,774.4912857395236,8
3.3499999999999996,1.2661240604777189,3.3499999999999996,1453.7506573915211,110.59840575476976,627.0493265585055,8
3.3499999999999996,1.22862374322014,3.3499999999999996,1430.7729153085852,108.85030567357911,617.1382887710538,8
3.3499999999999996,1.1984112988847189,3.3499999999999996,1451.617078168759,110.4360873686082,626.1290453479761,8
3.3499999999999996,1.1658898509449733,3.3499999999999996,1420.2699888663583,108.0512643012752,612.6080394335858,8
3.3499999999999996,1.1434811441590509,3.3499999999999996,1460.6802499809899,111.12559512457565,630.0382822947993,8
3.3499999999999996,1.1263533725546147,3.3499999999999996,1478.7680708612959,112.50167990415486,637.8401400922413,8
3.3499999999999996,1.1824917438272102,3.3499999999999996,1781.6281843679185,135.5426639616568,768.473429405083,8
3.3499999999999996,1.1435902120123655,3.3499999999999996,1374.0251475296445,104.53305043136709,592.6611548220098,8
3.3499999999999996,1.1692451122960579,3.3499999999999996,1669.1849816104116,126.98821282541137,719.9730664255824,8
3.3499999999999996,1.144373380879598,3.3499999999999996,1448.0882297359246,110.16761972676245,624.6069397364772,8
3.3499999999999996,1.1016579717553032,3.3499999999999996,1330.5055389458114,101.22216674992487,573.8897505816518,8
3.3499999999999996,1.0566821504636015,3.3499999999999996,1293.7848380634964,98.42853019668749,558.0509334901933,8
3.3499999999999996,1.0116515262738464,3.3499999999999996,1268.496534326858,96.50464726442937,547.1432762882914,8
3.3499999999999996,0.9960737759344275,3.3499999999999996,1410.1561549440332,107.28182429986201,608.2456181905247,8
3.3499999999999996,0.9481704258333801,3.3499999999999996,1219.5964459289441,92.78442757573757,526.0510983809868,8
3.3499999999999996,0.942461082275644,3.3499999999999996,1430.7471454390563,108.84834515409666,617.1271733990667,8
3.3499999999999996,0.8875087799883716,3.3499999999999996,1118.2585422921914,85.07484510520193,482.34080741245583,8
3.3499999999999996,0.8447857775850578,3.3499999999999996,1187.3529038666143,90.3314041980015,512.143423613484,8
3.3499999999999996,0.8040678235181467,3.3499999999999996,1163.8586895405483,88.54401195455706,502.009614767877,8
3.3499999999999996,0.7765155508279326,3.3499999999999996,1225.839977581565,93.25942281893721,528.744134011421,8
3.3499999999999996,0.7543620805907965,3.3499999999999996,1240.2467460769212,94.35546058825001,534.9582357467949,8
3.3499999999999996,0.7628382235190199,3.3499999999999996,1400.4108143960812,106.54041852806705,604.0421399691348,8
3.3499999999999996,0.7564406517798797,3.3499999999999996,1320.1339885667385,100.43312020243162,569.4161679576313,8
3.3499999999999996,0.7813783005296291,3.3499999999999996,1498.8971779612805,114.03306160514055,646.5224701652108,8
3.3499999999999996,0.7801465054321612,3.3499999999999996,1360.0147821174435,103.4671702057915,586.6180344616567,8
3.3499999999999996,0.7767310298387244,3.3499999999999996,1346.8435831091908,102.46513206067696,580.9368735100861,8
3.3499999999999996,0.7785812101577435,3.3499999999999996,1375.0357724704584,104.60993673006064,593.0970698018714,8
3.3499999999999996,0.8762981416887402,3.3499999999999996,1808.7554833221338,137.60645392557856,780.1743042793984,8
3.3499999999999996,0.8786003343181651,3.3499999999999996,1435.590268312139,109.2168001335761,619.2161677672315,8
3.3499999999999996,0.8969004416501016,3.3499999999999996,1532.6031168269756,116.5973411699062,661.0609236195875,8
3.3499999999999996,0.9143969325460058,3.3499999999999996,1538.845612247913,117.07225757869801,663.7535122900321,8
3.3499999999999996,1.005100503847915,3.3499999999999996,1835.1474768784224,139.61430334402917,791.558018330955,8
3.3499999999999996,1.0752161175554686,3.3499999999999996,1788.9944400236388,136.10307377317605,771.6507319395253,8
3.3499999999999996,1.170704217849041,3.3499999999999996,1920.2600347154353,146.08949436707206,828.2697967931106,8
3.3499999999999996,1.1667855367338897,3.3499999999999996,1567.4710617647445,119.25002380324153,676.1005875953465,8
3.3499999999999996,1.2538616900159056,3.3499999999999996,1923.334478321998,146.32339181003442,829.5959030158216,8
3.3499999999999996,1.3412295274789,3.3499999999999996,1960.667046469474,149.1635779855995,845.69863810079,8
3.3499999999999996,1.435606687777235,3.3499999999999996,2019.2134624022153,153.61767073657742,870.9515867384275,8
3.3499999999999996,1.4937955268157062,3.3499999999999996,1915.0650245249988,145.69426851316055,826.0290221287519,8
3.3499999999999996,1.5179073782809627,3.3499999999999996,1800.4230315331017,136.9725378690597,776.5802503360154,8
3.3499999999999996,1.4774828935349205,3.3499999999999996,1560.8236145346289,118.74429948095039,673.2333302099181,8
3.3499999999999996,1.5058348400502366,3.3499999999999996,1810.858712167343,137.76646331648405,781.0814943977872,8
3.3499999999999996,1.6171714071801646,3.3499999999999996,2144.083266760933,163.1175125552317,924.811941904918,8
3.3499999999999996,1.5520745329261123,3.3499999999999996,1475.188910938439,112.22938466604326,636.296333520006,8
3.3499999999999996,1.4706330694278025,3.3499999999999996,1342.102200863932,102.10441730210856,578.8917631407602,8
3.3499999999999996,1.3794706308493887,3.3499999999999996,1242.4491958206122,94.52301850416129,535.9082230238691,8
3.3499999999999996,1.2982767540301234,3.3499999999999996,1247.1161740791904,94.87807275811231,537.9212405652373,8
3.3499999999999996,1.2434254031665075,3.3499999999999996,1348.9925659242544,102.62862232094406,581.8637987844585,8
3.3499999999999996,1.236948801893587,3.3499999999999996,1585.090108170865,120.59044517022657,683.700247913564,8
3.3499999999999996,1.238135627092182,3.3499999999999996,1611.4934515584785,122.59915806085772,695.0888575117207,8
3.3499999999999996,1.2261599871876563,3.3499999999999996,1562.578288358863,118.87779151178324,673.9901773585136,8
3.3499999999999996,1.3066563845415011,3.3499999999999996,1920.6836448352328,146.12172176705488,828.4525134364302,8
3.3499999999999996,0.8971138578917172,3.3499999999999996,1561.6525736735307,144.33506010963765,683.3100684142531,9
3.3499999999999996,0.900557362578353,3.3499999999999996,1583.7673800187442,146.37901147049683,692.9865291658076,9
3.3499999999999996,0.9048548537314914,3.3499999999999996,1591.4997849075498,147.09367563026737,696.3698874124806,9
3.3499999999999996,0.9164282650142891,3.3499999999999996,1641.671328423104,151.73075872492547,718.3227349343962,9
3.3499999999999996,0.9244361859015342,3.3499999999999996,1625.9082493872027,150.2738629988755,711.4255090110245,9
3.3499999999999996,0.9747639334722559,3.3499999999999996,1828.9669726119482,169.04147720226172,800.2750216349626,9
3.3499999999999996,0.9930020334894681,3.3499999999999996,1717.0713864211707,158.6995763011812,751.3144641177327,9
3.3499999999999996,1.0284889718552133,3.3499999999999996,1795.5803311750212,165.9557313840852,785.6665045877145,9
3.3499999999999996,0.998189021508471,3.3499999999999996,1453.7509435886193,134.36229886505524,636.0970893699503,9
3.3499999999999996,0.9671828847054008,3.3499999999999996,1430.7731969820995,132.2385906257543,626.0430441422253,9
3.3499999999999996,0.9426678724575295,3.3499999999999996,1451.6173639458234,134.165103694258,635.1635293219194,9
3.3499999999999996,0.9154960869430274,3.3499999999999996,1420.2702684721817,131.2678620249362,621.4474273452192,9
3.3499999999999996,0.897616372767696,3.3499999999999996,1460.6805375423037,135.00276357321232,639.1291730730728,9
3.3499999999999996,0.8844380936690136,3.3499999999999996,1478.7683619835243,136.67452288254108,647.0436047237193,9
3.3499999999999996,0.9274229590597103,3.3499999999999996,1781.6285351136353,164.66624269940237,779.5618159508676,9
3.3499999999999996,0.8941356141548042,3.3499999999999996,1374.0254180313348,126.99370183036763,601.2127269699564,9
3.3499999999999996,0.9109567637187255,3.3499999999999996,1669.185310219651,154.27372652929336,730.3616359682682,9
3.3499999999999996,0.891492081196001,3.3499999999999996,1448.0885148182715,133.83895134800028,633.6194610832978,9
3.3499999999999996,0.8544896766879793,3.3499999999999996,1330.5058008798799,122.97142013763003,582.1704680998096,9
3.3499999999999996,0.8151567711650372,3.3499999999999996,1293.785092768431,119.57752465672496,566.1031109969232,9
3.3499999999999996,0.7775167969164203,3.3499999999999996,1268.496784053333,117.24026371917928,555.0380660250146,9
3.3499999999999996,0.7651999785760317,3.3499999999999996,1410.1564325587656,130.33309513817076,617.0220602524157,9
3.3499999999999996,0.7281592207544934,3.3499999999999996,1219.5966860285528,112.7206934211769,533.6415467927147,9
3.3499999999999996,0.7241518570701607,3.3499999999999996,1430.7474271074973,132.23620885629896,626.031768385329,9
3.3499999999999996,0.6818149710649808,3.3499999999999996,1118.2587624416014,103.35457989574552,489.30055529018745,9
3.3499999999999996,0.6501654088380576,3.3499999999999996,1187.3531376184987,109.74059747898811,519.5331966760401,9
3.3499999999999996,0.6195079686647263,3.3499999999999996,1163.8589186671718,107.56915450778243,509.25316600237574,9
3.3499999999999996,0.5976025971166492,3.3499999999999996,1225.8402189103256,113.2977492330643,536.3734405266424,9
3.3499999999999996,0.5791887419145495,3.3499999999999996,1240.2469902419148,114.62928880927058,542.6772062106189,9
3.3499999999999996,0.5850994338291351,3.3499999999999996,1400.4110900922667,129.43238609801446,612.7579295873988,9
3.3499999999999996,0.5769770609362359,3.3499999999999996,1320.1342484589798,122.01283391471647,577.6323356664114,9
3.3499999999999996,0.5990841027585578,3.3499999999999996,1498.8974730462874,138.53494722030737,655.8512130799492,9
3.3499999999999996,0.5962907144981411,3.3499999999999996,1360.01504986094,125.69879964397721,595.0824097698244,9
3.3499999999999996,0.59156587223785,3.3499999999999996,1346.8438482596987,124.48145706286822,589.3192747300818,9
3.3499999999999996,0.5920325623444033,3.3499999999999996,1375.0360431711083,127.08710841948775,601.6549318143897,9
3.3499999999999996,0.6707760888263908,3.3499999999999996,1808.7558394083496,167.17347200379228,791.4315240191046,9
3.3499999999999996,0.6732970185268657,3.3499999999999996,1435.5905509340362,132.6838324701594,628.1509050800332,9
3.3499999999999996,0.6911181826893612,3.3499999999999996,1532.603418547606,141.65020457780076,670.599443457654,9
3.3499999999999996,0.7081408814344122,3.3499999999999996,1538.8459151974914,142.22716461640644,673.3308837823579,9
3.3499999999999996,0.7815682605371269,3.3499999999999996,1835.1478381603795,169.61274101311295,802.979494916637,9
3.3499999999999996,0.8366149417255582,3.3499999999999996,1788.994792219536,165.3470658095403,782.7849641285381,9
3.3499999999999996,0.9171923972231978,3.3499999999999996,1920.260412753338,177.47923371261456,840.2209916160083,9
3.3499999999999996,0.9160929412700332,3.3499999999999996,1567.47137034976,144.87285986240437,685.8561163777704,9
3.3499999999999996,0.9894365670541933,3.3499999999999996,1923.3348569651605,177.7633878821128,841.5662323693817,9
3.3499999999999996,1.064070361763311,3.3499999999999996,1960.6674324622275,181.2138349400916,857.9013155671596,9
3.3499999999999996,1.144602404881685,3.3499999999999996,2019.213859920889,186.6249630417618,883.5186417423936,9
3.3499999999999996,1.1931733899406887,3.3499999999999996,1915.06540154017,176.99908706004692,837.9478845707374,9
3.3499999999999996,1.2098059569895978,3.3499999999999996,1800.423385978924,166.40334861855834,787.7856110811673,9
3.3499999999999996,1.1784072450133096,3.3499999999999996,1560.8239218109743,144.25847232154166,682.9474870242304,9
3.3499999999999996,1.1990166157474904,3.3499999999999996,1810.8590686676175,167.3678620535885,792.351804082205,9
3.3499999999999996,1.2939472851340441,3.3499999999999996,2144.0836888624854,198.16600268783944,938.1561538211816,9
3.3499999999999996,1.2405608281091236,3.3499999999999996,1475.1892013560448,136.34372051777828,645.4775223988426,9
3.3499999999999996,1.170610486603846,3.3499999999999996,1342.1024650810132,124.04323678414858,587.2446552411998,9
3.3499999999999996,1.0950940637782787,3.3499999999999996,1242.4494404191976,114.83284930927272,543.640900957254,9
3.3499999999999996,1.0275487333271547,3.3499999999999996,1247.116419596555,115.26419283052066,545.6829645472791,9
3.3499999999999996,0.9800595327067408,3.3499999999999996,1348.9928314978285,124.68007590426676,590.259574709874,9
3.3499999999999996,0.9754137164539326,3.3499999999999996,1585.0904202245085,146.5012928862519,693.565433019812,9
3.3499999999999996,0.9753107315241086,3.3499999999999996,1611.4937688100972,148.94161089900436,705.1183701023182,9
3.3499999999999996,0.9676357226769868,3.3499999999999996,1562.5785959806476,144.42064731873506,683.715254802504,9
3.3499999999999996,1.03520950791607,3.3499999999999996,1920.6840229565307,177.5183857014573,840.4063446976121,9
3.3499999999999996,1.0918543414904736,3.3499999999999996,1561.6525736735307,121.40631565278801,674.98668621082,10
3.3499999999999996,1.0973038354223044,3.3499999999999996,1583.7673800187442,123.12556947723591,684.5452782451775,10
3.3499999999999996,1.1042628484161392,3.3499999999999996,1591.4997849075498,123.72670368884695,687.8874238928856,10
3.3499999999999996,1.1237368141912123,3.3499999999999996,1641.671328423104,127.62715014635097,709.572864349071,10
3.3499999999999996,1.1371347726785466,3.3499999999999996,1625.9082493872027,126.40169361308966,702.7596533556081,10
3.3499999999999996,1.200937882380463,3.3499999999999996,1828.9669726119482,142.18792664819068,790.5268923729623,10
3.3499999999999996,1.230224184483966,3.3499999999999996,1717.0713864211707,133.48891696687906,742.1627221357481,10
3.3499999999999996,1.27641554188969,3.3499999999999996,1795.5803311750212,139.59237550114963,776.096321292604,10
3.3499999999999996,1.24011216694737,3.3499999999999996,1453.7509435886193,113.01780492871329,628.3488072385245,10
3.3499999999999996,1.203553866826286,3.3499999999999996,1430.7731969820995,111.23146422494288,618.4172300746981,10
3.3499999999999996,1.1741771958189677,3.3499999999999996,1451.6173639458234,112.85193574119342,627.426618861202,10
3.3499999999999996,1.1424260869590426,3.3499999999999996,1420.2702684721817,110.41494339601475,613.877592366586,10
3.3499999999999996,1.1206873332647584,3.3499999999999996,1460.6805375423037,113.55652684744824,631.3439572087775,10
3.3499999999999996,1.10415217167908,3.3499999999999996,1478.7683619835243,114.9627142162669,639.16198337296,10
3.3499999999999996,1.1594582537984253,3.3499999999999996,1781.6285351136353,138.50773210151837,770.0659937095542,10
3.3499999999999996,1.1212341349667942,3.3499999999999996,1374.0254180313348,106.81976671934169,593.8893703512662,10
3.3499999999999996,1.1461701262032236,3.3499999999999996,1669.185310219651,129.7661477794794,721.4651198420004,10
3.3499999999999996,1.1219367116629855,3.3499999999999996,1448.0885148182715,112.57759522634844,625.9013588777082,10
3.3499999999999996,1.079864989824991,3.3499999999999996,1330.5058008798799,103.43645568970001,575.0790647420462,10
3.3499999999999996,1.0354907205360109,3.3499999999999996,1293.785092768431,100.58170684534893,559.2074236988935,10
3.3499999999999996,0.9910169885451229,3.3499999999999996,1268.496784053333,98.61573794679401,548.2771617525199,10
3.3499999999999996,0.9758555170808647,3.3499999999999996,1410.1564325587656,109.62867148376964,609.5061305554495,10
3.3499999999999996,0.9284421501112267,3.3499999999999996,1219.5966860285528,94.81413646620126,527.1412729654977,10
3.3499999999999996,0.9230464768510351,3.3499999999999996,1430.7474271074973,111.22946081804999,618.4060916675036,10
3.3499999999999996,0.8692824025191589,3.3499999999999996,1118.2587624416014,86.93590276300664,483.3403979292932,10
3.3499999999999996,0.8276058838667719,3.3499999999999996,1187.3531376184987,92.3074518924176,513.2047762953171,10
3.3499999999999996,0.7878374824418799,3.3499999999999996,1163.8589186671718,90.48095948936619,503.04996640840096,10
3.3499999999999996,0.7603724850971044,3.3499999999999996,1225.8402189103256,95.299522483944,529.8398895727772,10
3.3499999999999996,0.7382885644764678,3.3499999999999996,1240.2469902419148,96.41953666463084,536.0668692506139,10
3.3499999999999996,0.7467305856537105,3.3499999999999996,1400.4110900922667,108.87104706488296,605.2939411553591,10
3.3499999999999996,0.7403500463429782,3.3499999999999996,1320.1342484589798,102.63014832771148,570.5962111820015,10
3.3499999999999996,0.7651985431394077,3.3499999999999996,1498.8974730462874,116.52759570956046,647.8623064804634,10
3.3499999999999996,0.7639670984989926,3.3499999999999996,1360.01504986094,105.73056979476229,587.8337263857951,10
3.3499999999999996,0.7605597904010428,3.3499999999999996,1346.8438482596987,104.70661153023921,582.1407919443507,10
3.3499999999999996,0.7624005607986838,3.3499999999999996,1375.0360431711083,106.89833494686835,594.3261887099696,10
3.3499999999999996,0.8586599976275484,3.3499999999999996,1808.7558394083496,140.6166685727504,781.7911171719703,10
3.3499999999999996,0.8610640416117508,3.3499999999999996,1435.5905509340362,111.60597594692234,620.4994152131462,10
3.3499999999999996,0.8794005778824372,3.3499999999999996,1532.603418547606,119.14797025886415,662.4308890468274,10
3.3499999999999996,0.8969263611849543,3.3499999999999996,1538.8459151974914,119.63327571765424,665.1290577678487,10
3.3499999999999996,0.9862790731218268,3.3499999999999996,1835.1478381603795,142.66844076921254,793.1984225358052,10
3.3499999999999996,1.0552181169796109,3.3499999999999996,1788.994792219536,139.08040117686522,773.249880802951,10
3.3499999999999996,1.1495370756694538,3.3499999999999996,1920.260412753338,149.28528005296377,829.9862815307356,10
3.3499999999999996,1.144872025442239,3.3499999999999996,1567.47137034976,121.85868174106061,677.5017208301936,10
3.3499999999999996,1.2309680523803637,3.3499999999999996,1923.3348569651605,149.52429412736782,831.3151359414172,10
3.3499999999999996,1.3174231443413904,3.3499999999999996,1960.6674324622275,152.42661089188786,847.4512419148501,10
3.3499999999999996,1.4104459665717592,3.3499999999999996,2019.213859920889,156.97813929981606,872.756524105014,10
3.3499999999999996,1.4679862255493812,3.3499999999999996,1915.06540154017,148.88140842248828,827.7408631433693,10
3.3499999999999996,1.4916105398202837,3.3499999999999996,1800.423385978924,139.9688852640499,778.1896150048756,10
3.3499999999999996,1.4515002505269834,3.3499999999999996,1560.8239218109743,121.34189442921509,674.628521415296,10
3.3499999999999996,1.479373114087418,3.3499999999999996,1810.8590686676175,140.7801782545103,782.7001873275141,10
3.3499999999999996,1.5895071227328135,3.3499999999999996,2144.0836888624854,166.685795230182,926.7284980676556,10
3.3499999999999996,1.5254919483911493,3.3499999999999996,1475.1892013560448,114.68446237444431,637.6149774562241,10
3.3499999999999996,1.44510180614199,3.3499999999999996,1342.1024650810132,104.33800594374293,580.091443341602,10
3.3499999999999996,1.3549463659420717,3.3499999999999996,1242.4494404191976,96.59075999941122,537.0188252565592,10
3.3499999999999996,1.2746558865459774,3.3499999999999996,1247.116419596555,96.95358125472946,539.03601452301,10
3.3499999999999996,1.2205555654921458,3.3499999999999996,1348.9928314978285,104.8736782272365,583.0696381545007,10
3.3499999999999996,1.2134868184803689,3.3499999999999996,1585.0904202245085,123.22842554109423,685.1171304863657,10
3.3499999999999996,1.2141168322665998,3.3499999999999996,1611.4937688100972,125.28108009865191,696.5293415422043,10
3.3499999999999996,1.2020410346698935,3.3499999999999996,1562.5785959806476,121.47830666949335,675.386937034195,10
3.3499999999999996,1.2817800360985847,3.3499999999999996,1920.6840229565307,149.31821244452732,830.1693768312646,10
3.3499999999999996,1.113098474112549,3.3499999999999996,1561.6525736735307,119.06767025203065,673.7350098157219,11
3.3499999999999996,1.1190203260156086,3.3499999999999996,1583.7673800187442,120.75380615318387,683.2758766648806,11
3.3499999999999996,1.1264107925546445,3.3499999999999996,1591.4997849075498,121.34336073854843,686.6118247313598,11
3.3499999999999996,1.1463137791531277,3.3499999999999996,1641.671328423104,125.16867303915382,708.2570523144755,11
3.3499999999999996,1.160085133009484,3.3499999999999996,1625.9082493872027,123.96682243009776,701.4564755485455,11
3.3499999999999996,1.224383763859883,3.3499999999999996,1828.9669726119482,139.44896583786502,789.060961457453,11
3.3499999999999996,1.2540293251714083,3.3499999999999996,1717.0713864211707,130.9175248606439,740.7864763821705,11
3.3499999999999996,1.3006051384495398,3.3499999999999996,1795.5803311750212,136.90341269726886,774.6571500237043,11
3.3499999999999996,1.263391858225086,3.3499999999999996,1453.7509435886193,110.84074710203377,627.1836148192137,11
3.3499999999999996,1.22600266991738,3.3499999999999996,1430.7731969820995,109.08881661365122,617.2704544937576,11
3.3499999999999996,1.1958890651956797,3.3499999999999996,1451.6173639458234,110.6780730465829,626.2631365221746,11
3.3499999999999996,1.1634583453799294,3.3499999999999996,1420.2702684721817,108.28802439547061,612.7392349625927,11
3.3499999999999996,1.141129012546004,3.3499999999999996,1460.6805375423037,111.36909164022832,630.1732106672979,11
3.3499999999999996,1.1240716665832824,3.3499999999999996,1478.7683619835243,112.74819167339226,637.9767393028537,11
3.3499999999999996,1.180140006191713,3.3499999999999996,1781.6285351136353,135.83966274361995,768.6380049111307,11
3.3499999999999996,1.141314803844146,3.3499999999999996,1374.0254180313348,104.7621014751166,592.7880785460286,11
3.3499999999999996,1.166908606198368,3.3499999999999996,1669.185310219651,127.26646723941263,720.1272551420869,11
3.3499999999999996,1.1421074562459472,3.3499999999999996,1448.0885148182715,110.40901714300244,624.7407049380505,11
3.3499999999999996,1.0994623310733942,3.3499999999999996,1330.5058008798799,101.44396304161425,574.0126542403907,11
3.3499999999999996,1.0545519374138461,3.3499999999999996,1293.785092768431,98.64420511943442,558.1704451236022,11
3.3499999999999996,1.0095817119012662,3.3499999999999996,1268.496784053333,96.7161066075881,547.2604519486724,11
3.3499999999999996,0.994050023790539,3.3499999999999996,1410.1564325587656,107.51689841020162,608.3758794677332,11
3.3499999999999996,0.9461993969610564,3.3499999999999996,1219.5966860285528,92.98773523673303,526.1637569615052,11
3.3499999999999996,0.9405250664748941,3.3499999999999996,1430.7474271074973,109.08685179831174,617.2593367413134,11
3.3499999999999996,0.8856927794157281,3.3499999999999996,1118.2587624416014,85.2612596600988,482.44410504049324,11
3.3499999999999996,0.8430755514321373,3.3499999999999996,1187.3531376184987,90.5293368358565,512.2531037401935,11
3.3499999999999996,0.8024535482740673,3.3499999999999996,1163.8589186671718,88.73802808890193,502.1171246481538,11
3.3499999999999996,0.7749126685946806,3.3499999999999996,1225.8402189103256,93.46377128143786,528.8573693297742,11
3.3499999999999996,0.7527685729971171,3.3499999999999996,1240.2469902419148,94.56221067008555,535.0728018710009,11
3.3499999999999996,0.7612437044822917,3.3499999999999996,1400.4110900922667,106.77386808267836,604.1715010336239,11
3.3499999999999996,0.7548498865547925,3.3499999999999996,1320.1342484589798,100.65318754873462,569.5381135583606,11
3.3499999999999996,0.7797807065480324,3.3499999999999996,1498.8974730462874,114.28292891193809,646.6609287750042,11
3.3499999999999996,0.7785506384621858,3.3499999999999996,1360.01504986094,103.69388571090346,586.743663997024,11
3.3499999999999996,0.7751374842812123,3.3499999999999996,1346.8438482596987,102.68965191683333,581.0612863736691,11
3.3499999999999996,0.776988116453756,3.3499999999999996,1375.0360431711083,104.8391562457612,593.2240868810093,11
3.3499999999999996,0.8745638934374829,3.3499999999999996,1808.7558394083496,137.90797484904022,780.3413856331825,11
3.3499999999999996,0.8768771469686518,3.3499999999999996,1435.5905509340362,109.45611413008109,619.348778486436,11
3.3499999999999996,0.8951818127577804,3.3499999999999996,1532.603418547606,116.85282728251053,661.2024957701268,11
3.3499999999999996,0.9126820649574403,3.3499999999999996,1538.8459151974914,117.32878432006686,663.8956610826851,11
3.3499999999999996,1.0032544749677401,3.3499999999999996,1835.1478381603795,139.92022383301662,791.7275376096289,11
3.3499999999999996,1.0732558734697473,3.3499999999999996,1788.994792219536,136.40130051559504,771.8159878935265,11
3.3499999999999996,1.1686304113849388,3.3499999999999996,1920.260412753338,146.4096031845947,828.4471782297813,11
3.3499999999999996,1.164639404672394,3.3499999999999996,1567.47137034976,119.51132242895434,676.2453806253785,11
3.3499999999999996,1.251620336639854,3.3499999999999996,1923.3348569651605,146.64401313965936,829.7735684500833,11
3.3499999999999996,1.3388994823754792,3.3499999999999996,1960.6674324622275,149.4904226829085,845.8797520807971,11
3.3499999999999996,1.4331447621654525,3.3499999999999996,2019.213859920889,153.95427516623275,871.1381088648221,11
3.3499999999999996,1.491270626034871,3.3499999999999996,1915.06540154017,146.01351131850817,826.205923683347,11
3.3499999999999996,1.5153351965378128,3.3499999999999996,1800.423385978924,137.27266976643062,776.7465619907783,11
3.3499999999999996,1.4748888174518984,3.3499999999999996,1560.8239218109743,119.00448997212207,673.3775091909575,11
3.3499999999999996,1.5031995330182177,3.3499999999999996,1810.8590686676175,138.06833484980396,781.2487700345058,11
3.3499999999999996,1.6144236326738801,3.3499999999999996,2144.0836888624854,163.47493287684696,925.0099987114567,11
3.3499999999999996,1.5494369478947343,3.3499999999999996,1475.1892013560448,112.47529978658214,636.4326021105365,11
3.3499999999999996,1.4681022546747549,3.3499999999999996,1342.1024650810132,102.32814676621567,579.0157380255384,11
3.3499999999999996,1.3770418500499675,3.3499999999999996,1242.4494404191976,94.73013573605485,536.0229925964067,11
3.3499999999999996,1.2959395203670119,3.3499999999999996,1247.116419596555,95.08596797885356,538.0364412436113,11
3.3499999999999996,1.2411645021713182,3.3499999999999996,1348.9928314978285,102.85350041418052,581.988410157437,11
3.3499999999999996,1.2346327171379543,3.3499999999999996,1585.0904202245085,120.85468090446064,683.8466684792984,11
3.3499999999999996,1.2357675439937519,3.3499999999999996,1611.4937688100972,122.86779525264318,695.2377170507705,11
3.3499999999999996,1.2237494430401716,3.3499999999999996,1562.5785959806476,119.1382745084245,674.1345184251865,11
3.3499999999999996,1.3041772738762112,3.3499999999999996,1920.6840229565307,146.4419012007087,828.6299340035158,11
3.3499999999999996,1.1156130418000858,3.3499999999999996,1561.6525736735307,118.83341350487939,673.605250199579,12
3.3499999999999996,1.1215366679033605,3.3499999999999996,1583.7673800187442,120.5162320595974,683.1442795025187,12
3.3499999999999996,1.1289293486428758,3.3499999999999996,1591.4997849075498,121.10462674035355,686.479585074049,12
3.3499999999999996,1.1488382982211296,3.3499999999999996,1641.671328423104,124.92241302474916,708.1206438424505,12
3.3499999999999996,1.162613778006228,3.3499999999999996,1625.9082493872027,123.72292696699107,701.3213768499743,12
3.3499999999999996,1.2269316728717614,3.3499999999999996,1828.9669726119482,139.17461041408254,788.9089903620219,12
3.3499999999999996,1.2565861160604626,3.3499999999999996,1717.0713864211707,130.65995440970593,740.6438028274068,12
3.3499999999999996,1.3031758835575256,3.3499999999999996,1795.5803311750212,136.63406545914378,774.5079530650114,12
3.3499999999999996,1.2658526882240704,3.3499999999999996,1453.7509435886193,110.62267621164867,627.0628208810566,12
3.3499999999999996,1.2283634086975173,3.3499999999999996,1430.7731969820995,108.874192515637,617.1515698045779,12
3.3499999999999996,1.1981607814716089,3.3499999999999996,1451.6173639458234,110.46032220525053,626.1425198657511,12
3.3499999999999996,1.165648344978748,3.3499999999999996,1420.2702684721817,108.07497579632842,612.6212229745472,12
3.3499999999999996,1.1432475219020988,3.3499999999999996,1460.6805375423037,111.14998127143039,630.0518409407313,12
3.3499999999999996,1.1261267452282495,3.3499999999999996,1478.7683619835243,112.52636802829454,637.8538666369036,12
3.3499999999999996,1.1822581607015397,3.3499999999999996,1781.6285351136353,135.57240835406913,768.4899672241812,12
3.3499999999999996,1.143364210206685,3.3499999999999996,1374.0254180313348,104.5559898659422,592.6739090989828,12
3.3499999999999996,1.169013042022057,3.3499999999999996,1669.185310219651,127.01607997161916,719.9885604997722,12
3.3499999999999996,1.1441483210130237,3.3499999999999996,1448.0885148182715,110.19179564906254,624.6203814980028,12
3.3499999999999996,1.101439892746153,3.3499999999999996,1330.5058008798799,101.24437962195078,573.9021008913885,12
3.3499999999999996,1.0564705699645711,3.3499999999999996,1293.785092768431,98.45013001434762,558.0629429430026,12
3.3499999999999996,1.0114459447908575,3.3499999999999996,1268.496784053333,96.52582489229903,547.1550510044727,12
3.3499999999999996,0.9958727695193335,3.3499999999999996,1410.1564325587656,107.30536694383417,608.2587078506432,12
3.3499999999999996,0.9479746560851581,3.3499999999999996,1219.5966860285528,92.80478881361572,526.0624191860641,12
3.3499999999999996,0.9422687901528908,3.3499999999999996,1430.7474271074973,108.87223156592495,617.140454193384,12
3.3499999999999996,0.8873284082140818,3.3499999999999996,1118.2587624416014,85.0935145005293,482.3511875566631,12
3.3499999999999996,0.8446159117104065,3.3499999999999996,1187.3531376184987,90.35122712795643,512.1544451204977,12
3.3499999999999996,0.8039074878363451,3.3499999999999996,1163.8589186671718,88.56344264715503,502.02041819175207,12
3.3499999999999996,0.7763563467413563,3.3499999999999996,1225.8402189103256,93.27988829296133,528.7555127715746,12
3.3499999999999996,0.7542038076274801,3.3499999999999996,1240.2469902419148,94.37616658416266,534.9697482366083,12
3.3499999999999996,0.7626798500955053,3.3499999999999996,1400.4110900922667,106.56379847297772,604.05513916892,12
3.3499999999999996,0.7562826511985747,3.3499999999999996,1320.1342484589798,100.45515992078435,569.4284219942925,12
3.3499999999999996,0.7812196216914192,3.3499999999999996,1498.8974730462874,114.05808578596474,646.5363835566768,12
3.3499999999999996,0.7799879981270196,3.3499999999999996,1360.01504986094,103.48987573645199,586.6306586885493,12
3.3499999999999996,0.7765727531047022,3.3499999999999996,1346.8438482596987,102.48761769735783,580.9493754763922,12
3.3499999999999996,0.7784229783034546,3.3499999999999996,1375.0360431711083,104.63289303708136,593.1098334598884,12
3.3499999999999996,0.8761258898520112,3.3499999999999996,1808.7558394083496,137.63665120991993,780.1910939054486,12
3.3499999999999996,0.878429181090381,3.3499999999999996,1435.5905509340362,109.24076740163954,619.2294935174439,12
3.3499999999999996,0.8967297411848463,3.3499999999999996,1532.603418547606,116.62292807345833,661.0751498836968,12
3.3499999999999996,0.914226605667104,3.3499999999999996,1538.8459151974914,117.09794870109612,663.7677964995986,12
3.3499999999999996,1.00491714955303,3.3499999999999996,1835.1478381603795,139.6449412443305,791.5750529385444,12
3.3499999999999996,1.0750214189914322,3.3499999999999996,1788.994792219536,136.13294114568083,771.667338135294,12
3.3499999999999996,1.170498239857019,3.3499999999999996,1920.260412753338,146.12155322677546,828.287621451114,12
3.3499999999999996,1.1665723751007804,3.3499999999999996,1567.47137034976,119.27619282928472,676.1151375183263,12
3.3499999999999996,1.2536390706559015,3.3499999999999996,1923.3348569651605,146.35550199776338,829.6137562120985,12
3.3499999999999996,1.3409980989343224,3.3499999999999996,1960.6674324622275,149.19631144285617,845.7168378336023,12
3.3499999999999996,1.4353621603814535,3.3499999999999996,2019.213859920889,153.65138162985855,870.9703299235962,12
3.3499999999999996,1.4935447444973493,3.3499999999999996,1915.06540154017,145.72624064184834,826.0467985644945,12
3.3499999999999996,1.5176518998456603,3.3499999999999996,1800.423385978924,137.0025960426046,776.5969626167578,12
3.3499999999999996,1.4772252404742412,3.3499999999999996,1560.8239218109743,118.7703575274521,673.2478184285083,12
3.3499999999999996,1.505573091781914,3.3499999999999996,1810.8590686676175,137.79669571436065,781.0983035468886,12
3.3499999999999996,1.6168984882337105,3.3499999999999996,2144.0836888624854,163.15330815759745,924.8318441839165,12
3.3499999999999996,1.5518125583986173,3.3499999999999996,1475.1892013560448,112.25401303588737,636.3100268414065,12
3.3499999999999996,1.470381699712241,3.3499999999999996,1342.1024650810132,102.12682378112045,578.90422109557,12
3.3499999999999996,1.3792293955167843,3.3499999999999996,1242.4494404191976,94.54376127010825,535.9197559577435,12
3.3499999999999996,1.2980446114916822,3.3499999999999996,1247.116419596555,94.89889343954907,537.9328168199588,12
3.3499999999999996,1.2432008422659562,3.3499999999999996,1348.9928314978285,102.6511438350256,581.8763206985232,12
3.3499999999999996,1.2367187599414693,3.3499999999999996,1585.0904202245085,120.61690834733612,683.7149613839127,12
3.3499999999999996,1.2379004204757509,3.3499999999999996,1611.4937688100972,122.62606204341343,695.1038160689628,12
3.3499999999999996,1.2259205631855745,3.3499999999999996,1562.5785959806476,118.90387885267273,674.0046818647212,12
3.3499999999999996,1.306410150263773,3.3499999999999996,1920.6840229565307,146.15378769895537,828.4703420265602,12
3.3499999999999996,1.115863857751387,3.3499999999999996,1561.6525736735307,118.8099839742075,673.5922282176787,13
3.3499999999999996,1.1217876608225423,3.3499999999999996,1583.7673800187442,120.49247073967719,683.131073114296,13
3.3499999999999996,1.1291805624178344,3.3499999999999996,1591.4997849075498,121.08074941088003,686.4663142084656,13
3.3499999999999996,1.149090106774448,3.3499999999999996,1641.671328423104,124.89778296977352,708.106954616892,13
3.3499999999999996,1.1628659981009604,3.3499999999999996,1625.9082493872027,123.69853340606666,701.3078190662826,13
3.3499999999999996,1.227185814458727,3.3499999999999996,1828.9669726119482,139.1471703557078,788.893739354714,13
3.3499999999999996,1.2568411435716704,3.3499999999999996,1717.0713864211707,130.63419312490277,740.6294848716127,13
3.3499999999999996,1.3034323029345058,3.3499999999999996,1795.5803311750212,136.60712630177144,774.492980455247,13
3.3499999999999996,1.2660981441011365,3.3499999999999996,1453.7509435886193,110.60086553307887,627.0506986467043,13
3.3499999999999996,1.2285988809601447,3.3499999999999996,1430.7731969820995,108.85272657303983,617.1396391722537,13
3.3499999999999996,1.1983873741704885,3.3499999999999996,1451.6173639458234,110.43854353685414,626.1304154224464,13
3.3499999999999996,1.1658667868347576,3.3499999999999996,1420.2702684721817,108.05366742955177,612.6093799218468,13
3.3499999999999996,1.1434588329525521,3.3499999999999996,1460.6805375423037,111.1280666279091,630.0396609233302,13
3.3499999999999996,1.1263317293723993,3.3499999999999996,1478.7683619835243,112.50418201248169,637.8415357925345,13
3.3499999999999996,1.1824694363577959,3.3499999999999996,1781.6285351136353,135.5456785160033,768.475110952736,13
3.3499999999999996,1.1435686285681277,3.3499999999999996,1374.0254180313348,104.53537531234787,592.6624516631701,13
3.3499999999999996,1.1692229493057968,3.3499999999999996,1669.185310219651,126.99103712336844,719.9746418463764,13
3.3499999999999996,1.1443518873916771,3.3499999999999996,1448.0885148182715,110.17006992411866,624.6083064803274,13
3.3499999999999996,1.1016371449476616,3.3499999999999996,1330.5058008798799,101.22441799476408,573.8910063478585,13
3.3499999999999996,1.0566619442714917,3.3499999999999996,1293.785092768431,98.43071930928758,558.0521545984342,13
3.3499999999999996,1.011631892994983,3.3499999999999996,1268.496784053333,96.50679358865942,547.1444735287646,13
3.3499999999999996,0.9960545795800502,3.3499999999999996,1410.1564325587656,107.28421031530759,608.2469491330826,13
3.3499999999999996,0.9481517295869868,3.3499999999999996,1219.5966860285528,92.78649115993503,526.0522494682671,13
3.3499999999999996,0.9424427181466651,3.3499999999999996,1430.7474271074973,108.85076600995414,617.1285237759442,13
3.3499999999999996,0.8874915542670068,3.3499999999999996,1118.2587624416014,85.07673722342207,482.3418628543508,13
3.3499999999999996,0.8447695551897431,3.3499999999999996,1187.3531376184987,90.33341322541169,512.1445442684591,13
3.3499999999999996,0.8040525112677105,3.3499999999999996,1163.8589186671718,88.54598122923638,502.0107132483934,13
3.3499999999999996,0.7765003466462013,3.3499999999999996,1225.8402189103256,93.2614969673285,528.7452909915113,13
3.3499999999999996,0.7543469653324563,3.3499999999999996,1240.2469902419148,94.35755911321269,534.9594063243729,13
3.3499999999999996,0.7628230986666098,3.3499999999999996,1400.4110900922667,106.54278805418055,604.0434617137832,13
3.3499999999999996,0.7564255625343491,3.3499999999999996,1320.1342484589798,100.4353538983779,569.4174139348951,13
3.3499999999999996,0.7813631465097485,3.3499999999999996,1498.8974730462874,114.0355977723625,646.5238848638859,13
3.3499999999999996,0.7801313677938948,3.3499999999999996,1360.01504986094,103.46947138092368,586.6193180794651,13
3.3499999999999996,0.7767159142202772,3.3499999999999996,1346.8438482596987,102.46741094984881,580.9381446965696,13
3.3499999999999996,0.7785660988253645,3.3499999999999996,1375.0360431711083,104.6122633210411,593.0983675968863,13
3.3499999999999996,0.8762816914311777,3.3499999999999996,1808.7558394083496,137.60951437991574,780.1760114305115,13
3.3499999999999996,0.8785839889790783,3.3499999999999996,1435.5905509340362,109.21922918410486,619.2175227151761,13
3.3499999999999996,0.8968841395503806,3.3499999999999996,1532.603418547606,116.59993436832312,661.0623701308162,13
3.3499999999999996,0.9143806661242307,3.3499999999999996,1538.8459151974914,117.07486133955538,663.7549646930923,13
3.3499999999999996,1.0050829932922463,3.3499999999999996,1835.1478381603795,139.6174084542039,791.5597503915272,13
3.3499999999999996,1.075197523608453,3.3499999999999996,1788.994792219536,136.10610079139028,771.6524204396447,13
3.3499999999999996,1.1706845467030877,3.3499999999999996,1920.260412753338,146.0927434895797,828.271609185159,13
3.3499999999999996,1.1667651795415734,3.3499999999999996,1567.47137034976,119.25267599899351,676.1020670158609,13
3.3499999999999996,1.2538404295992966,3.3499999999999996,1923.3348569651605,146.3266461345687,829.597718309611,13
3.3499999999999996,1.3412074257745705,3.3499999999999996,1960.6674324622275,149.16689547766603,845.7004886300414,13
3.3499999999999996,1.4355833351168625,3.3499999999999996,2019.213859920889,153.62108729047625,870.9534925253298,13
3.3499999999999996,1.4937715768027051,3.3499999999999996,1915.06540154017,145.6975088455958,826.0308296176128,13
3.3499999999999996,1.517882979783146,3.3499999999999996,1800.423385978924,136.97558422470394,776.5819496227407,13
3.3499999999999996,1.4774582873577649,3.3499999999999996,1560.8239218109743,118.74694042907443,673.2348033563968,13
3.3499999999999996,1.5058098427758262,3.3499999999999996,1810.8590686676175,137.769527329531,781.0832035339832,13
3.3499999999999996,1.6171453430925584,3.3499999999999996,2144.0836888624854,163.1211403916051,924.8139655472338,13
3.3499999999999996,1.552049514043679,3.3499999999999996,1475.1892013560448,112.2318807183523,636.2977258421934,13
3.3499999999999996,1.4706090633176625,3.3499999999999996,1342.1024650810132,102.10668816875665,578.893029852202,13
3.3499999999999996,1.3794475925850092,3.3499999999999996,1242.4494404191976,94.52512075571772,535.9093956801773,13
3.3499999999999996,1.2982545841385216,3.3499999999999996,1247.116419596555,94.88018290629928,537.9224176263626,13
3.3499999999999996,1.2434039573304423,3.3499999999999996,1348.9928314978285,102.63090484624246,581.8650719992085,13
3.3499999999999996,1.2369268326105054,3.3499999999999996,1585.0904202245085,120.59312717779532,683.7017439633992,13
3.3499999999999996,1.238113164577447,3.3499999999999996,1611.4937688100972,122.60188474346823,695.0903784817274,13
3.3499999999999996,1.2261371219075197,3.3499999999999996,1562.5785959806476,118.88043542885431,673.9916521610998,13
3.3499999999999996,1.3066328688718498,3.3499999999999996,1920.6840229565307,146.12497160632023,828.4543262282931,13
3.3499999999999996,1.1158889329376334,3.3499999999999996,1561.6525736735307,118.80764098264694,673.5909255592292,14
3.3499999999999996,1.121812753701055,3.3499999999999996,1583.7673800187442,120.49009456864668,683.1297520086962,14
3.3499999999999996,1.129205677376281,3.3499999999999996,1591.4997849075498,121.0783616387036,686.4649866528508,14
3.3499999999999996,1.1491152811955325,3.3499999999999996,1641.671328423104,124.89531992381019,708.105585210493,14
3.3499999999999996,1.1628912136656708,3.3499999999999996,1625.9082493872027,123.696094009897,701.3064628087162,14
3.3499999999999996,1.2272112221235623,3.3499999999999996,1828.9669726119482,139.14442630478788,788.892213714939,14
3.3499999999999996,1.2568666398062927,3.3499999999999996,1717.0713864211707,130.63161695409815,740.6280525699677,14
3.3499999999999996,1.30345793832014,3.3499999999999996,1795.5803311750212,136.60443234177473,774.4914826650664,14
3.3499999999999996,1.26612268341692,3.3499999999999996,1453.7509435886193,110.59868442938821,627.0494859948109,14
3.3499999999999996,1.228622422169587,3.3499999999999996,1430.7731969820995,108.85057994351281,617.1384456873353,14
3.3499999999999996,1.1984100276504475,3.3499999999999996,1451.6173639458234,110.43636563423341,626.1292045502867,14
3.3499999999999996,1.1658886254387013,3.3499999999999996,1420.2702684721817,108.05153655786569,612.6081951979861,14
3.3499999999999996,1.1434799586581477,3.3499999999999996,1460.6805375423037,111.12587512755248,630.0384424910895,14
3.3499999999999996,1.1263522225490306,3.3499999999999996,1478.7683619835243,112.50196337445006,637.8403022722661,14
3.3499999999999996,1.1824905585248762,3.3499999999999996,1781.6285351136353,135.54300548828115,768.4736248004992,14
3.3499999999999996,1.143589065180945,3.3499999999999996,1374.0254180313348,104.53331382311991,592.661305514628,14
3.3499999999999996,1.1692439346705903,3.3499999999999996,1669.185310219651,126.98853279739942,719.9732494890844,14
3.3499999999999996,1.1443722388279858,3.3499999999999996,1448.0885148182715,110.16789731593015,624.6070985517705,14
3.3499999999999996,1.1016568651275964,3.3499999999999996,1330.5058008798799,101.2224217992496,573.8898965013706,14
3.3499999999999996,1.0566810768121604,3.3499999999999996,1293.785092768431,98.4287782068909,558.0510753826651,14
3.3499999999999996,1.0116504830640207,3.3499999999999996,1268.496784053333,96.50489042702812,547.1434154073347,14
3.3499999999999996,0.9960727559404855,3.3499999999999996,1410.1564325587656,107.28209461769582,608.2457728457168,14
3.3499999999999996,0.9481694324125625,3.3499999999999996,1219.5966860285528,92.78466136450496,526.0512321370405,14
3.3499999999999996,0.9424601065018098,3.3499999999999996,1430.7474271074973,108.8486194190904,617.1273303125217,14
3.3499999999999996,0.8875078647035682,3.3499999999999996,1118.2587624416014,85.07505946814726,482.3409300545398,14
3.3499999999999996,0.8447849156117568,3.3499999999999996,1187.3531376184987,90.33163180589,512.1435538333114,14
3.3499999999999996,0.8040670099051878,3.3499999999999996,1163.8589186671718,88.54423505875641,502.00974241103796,14
3.3499999999999996,0.7765147429571798,3.3499999999999996,1225.8402189103256,93.25965780454932,528.7442684522179,14
3.3499999999999996,0.754361277444968,3.3499999999999996,1240.2469902419148,94.35569833554668,534.9583717676164,14
3.3499999999999996,0.7628374198634126,3.3499999999999996,1400.4110900922667,106.54068697778193,604.0422935555321,14
3.3499999999999996,0.7564398500162359,3.3499999999999996,1320.1342484589798,100.4333732635971,569.4163127398772,14
3.3499999999999996,0.781377495324215,3.3499999999999996,1498.8974730462874,114.03334893405575,646.5226345528428,14
3.3499999999999996,0.7801457010971804,3.3499999999999996,1360.01504986094,103.46743091184766,586.6181836177246,14
3.3499999999999996,0.7767302266737618,3.3499999999999996,1346.8438482596987,102.46539024189939,580.9370212216372,14
3.3499999999999996,0.7785804072205198,3.3499999999999996,1375.0360431711083,104.61020031554364,593.0972206053272,14
3.3499999999999996,0.8762972676080303,3.3499999999999996,1808.7558394083496,137.6068006523311,780.1745026499304,14
3.3499999999999996,0.8785994658122748,3.3499999999999996,1435.5905509340362,109.21707532696534,619.2163252118432,14
3.3499999999999996,0.896899575441725,3.3499999999999996,1532.603418547606,116.59763496003225,661.0610917038301,14
3.3499999999999996,0.9143960682333687,3.3499999999999996,1538.8459151974914,117.0725525654701,663.753681058904,14
3.3499999999999996,1.005099573428505,3.3499999999999996,1835.1478381603795,139.61465512995647,791.5582195959597,14
3.3499999999999996,1.075215129570305,3.3499999999999996,1788.994792219536,136.10341671186407,771.6509281428166,14
3.3499999999999996,1.1707031726271557,3.3499999999999996,1920.260412753338,146.0898624685274,828.270007392613,14
3.3499999999999996,1.1667844550590865,3.3499999999999996,1567.47137034976,119.25032427732759,676.1007595036399,14
3.3499999999999996,1.253860560348484,3.3499999999999996,1923.3348569651605,146.3237605008407,829.5961139525056,14
3.3499999999999996,1.3412283531098463,3.3499999999999996,1960.6674324622275,149.1639538328183,845.6988531318258,14
3.3499999999999996,1.4356054469389155,3.3499999999999996,2019.213859920889,153.61805780676616,870.9518081903883,14
3.3499999999999996,1.4937942542371898,3.3499999999999996,1915.06540154017,145.69463561876586,826.029232158505,14
3.3499999999999996,1.5179060818723076,3.3499999999999996,1800.423385978924,136.972882998535,776.5804477927074,14
3.3499999999999996,1.4774815860912707,3.3499999999999996,1560.8239218109743,118.74459868076372,673.2335013891701,14
3.3499999999999996,1.5058335118257231,3.3499999999999996,1810.8590686676175,137.76681044641194,781.0816929989853,14
3.3499999999999996,1.6171700222707734,3.3499999999999996,2144.0836888624854,163.11792356215608,924.8121770516485,14
3.3499999999999996,1.5520732035534615,3.3499999999999996,1475.1892013560448,112.22966745023666,636.2964953074954,14
3.3499999999999996,1.470631793868578,3.3499999999999996,1342.1024650810132,102.1046745744386,578.8919103323126,14
3.3499999999999996,1.3794694067164295,3.3499999999999996,1242.4494404191976,94.52325667365338,535.9083592862386,14
3.3499999999999996,1.298275576037955,3.3499999999999996,1247.116419596555,94.87831182223397,537.9213773394454,14
3.3499999999999996,1.2434242636468662,3.3499999999999996,1348.9928314978285,102.62888091411266,581.8639467316938,14
3.3499999999999996,1.2369476345607069,3.3499999999999996,1585.0904202245085,120.59074902177015,683.7004217541803,14
3.3499999999999996,1.2381344335515498,3.3499999999999996,1611.4937688100972,122.5994669737518,695.0890342480548,14
3.3499999999999996,1.2261587722461755,3.3499999999999996,1562.5785959806476,118.87809104795627,673.9903487302051,14
3.3499999999999996,1.3066551350417206,3.3499999999999996,1920.6840229565307,146.12208994971354,828.4527240823908,14
3.3499999999999996,1.1158914403921678,3.3499999999999996,1561.6525736735307,118.80740668310598,673.5907952887816,15
3.3499999999999996,1.1218152629247709,3.3499999999999996,1583.7673800187442,120.48985695115327,683.1296198934684,15
3.3499999999999996,1.1292081888079342,3.3499999999999996,1591.4997849075498,121.07812286109369,686.4648538925987,15
3.3499999999999996,1.1491177985732977,3.3499999999999996,1641.671328423104,124.89507361880923,708.1054482650145,15
3.3499999999999996,1.1628937351576933,3.3499999999999996,1625.9082493872027,123.69585006987928,701.3063271781674,15
3.3499999999999996,1.2272137628251065,3.3499999999999996,1828.9669726119482,139.1441518992451,788.8920611455709,15
3.3499999999999996,1.2568691893645894,3.3499999999999996,1717.0713864211707,130.63135933659447,740.6279093347425,15
3.3499999999999996,1.3034605017931824,3.3499999999999996,1795.5803311750212,136.6041629453325,774.4913328807564,15
3.3499999999999996,1.2661251372857791,3.3499999999999996,1453.7509435886193,110.59846631866083,627.0493647253368,15
3.3499999999999996,1.228624776230363,3.3499999999999996,1430.7731969820995,108.85036528020746,617.1383263346265,15
3.3499999999999996,1.1984122929405443,3.3499999999999996,1451.6173639458234,110.43614784361355,626.1290834587924,15
3.3499999999999996,1.1658908092432791,3.3499999999999996,1420.2702684721817,108.05132347034701,612.6080767214141,15
3.3499999999999996,1.1434820711747127,3.3499999999999996,1460.6805375423037,111.1256559771568,630.0383206435604,15
3.3499999999999996,1.1263542718143156,3.3499999999999996,1478.7683619835243,112.50174151028243,637.8401789158809,15
3.3499999999999996,1.1824926706875984,3.3499999999999996,1781.6285351136353,135.5427381850698,768.4734761800248,15
3.3499999999999996,1.1435911087899933,3.3499999999999996,1374.0254180313348,104.53310767385847,592.6611908957241,15
3.3499999999999996,1.1692460331534338,3.3499999999999996,1669.185310219651,126.98828236439111,719.9731102484355,15
3.3499999999999996,1.144374273919601,3.3499999999999996,1448.0885148182715,110.16768005475438,624.6069777546469,15
3.3499999999999996,1.1016588370951879,3.3499999999999996,1330.5058008798799,101.22222217937022,573.8897855128005,15
3.3499999999999996,1.0566829900173274,3.3499999999999996,1293.785092768431,98.42858409633236,558.0509674572751,15
3.3499999999999996,1.0116523420234111,3.3499999999999996,1268.496784053333,96.50470011055233,547.1433095914531,15
3.3499999999999996,0.996074573530073,3.3499999999999996,1410.1564325587656,107.28188304758707,608.2456552128241,15
3.3499999999999996,0.9481712026498744,3.3499999999999996,1219.5966860285528,92.78447838466136,526.0511304003235,15
3.3499999999999996,0.9424618452928823,3.3499999999999996,1430.7474271074973,108.84840475965137,617.1272109619626,15
3.3499999999999996,0.8875094957055375,3.3499999999999996,1118.2587624416014,85.07489169234415,482.34083677126273,15
3.3499999999999996,0.8447864516146993,3.3499999999999996,1187.3531376184987,90.33145366364518,512.1434547862972,15
3.3499999999999996,0.8040684597318792,3.3499999999999996,1163.8589186671718,88.54406044142155,502.0096453238722,15
3.3499999999999996,0.7765161825514829,3.3499999999999996,1225.8402189103256,93.25947388796926,528.7441661946757,15
3.3499999999999996,0.7543627086196394,3.3499999999999996,1240.2469902419148,94.35551225747439,534.9582683082854,15
3.3499999999999996,0.7628388519464899,3.3499999999999996,1400.4110900922667,106.5404768697969,604.0421767355795,15
3.3499999999999996,0.7564412787279079,3.3499999999999996,1320.1342484589798,100.43317519979364,569.4162026164848,15
3.3499999999999996,0.7813789301689882,3.3499999999999996,1498.8974730462874,114.03312404985564,646.5225095173207,15
3.3499999999999996,0.7801471343908752,3.3499999999999996,1360.01504986094,103.46722686460485,586.6180701675424,15
3.3499999999999996,0.7767316578825297,3.3499999999999996,1346.8438482596987,102.46518817077248,580.9369088701746,15
3.3499999999999996,0.7785818380234653,3.3499999999999996,1375.0360431711083,104.60999401465499,593.0971059021186,15
3.3499999999999996,0.8762988251859053,3.3499999999999996,1808.7558394083496,137.60652927912682,780.1743517665413,15
3.3499999999999996,0.8786010134560381,3.3499999999999996,1435.5905509340362,109.21685994089756,619.2162054572789,15
3.3499999999999996,0.8969011189914078,3.3499999999999996,1532.603418547606,116.59740501882543,661.0609638566145,15
3.3499999999999996,0.9143976084049171,3.3499999999999996,1538.8459151974914,117.07232168768229,663.7535526909497,15
3.3499999999999996,1.005101231399755,3.3499999999999996,1835.1478381603795,139.6143797970794,791.5580665109943,15
3.3499999999999996,1.0752168901214922,3.3499999999999996,1788.994792219536,136.1031483034705,771.6507789078611,15
3.3499999999999996,1.1707050351719577,3.3499999999999996,1920.260412753338,146.08957436594886,828.2698472076988,15
3.3499999999999996,1.1667863825615725,3.3499999999999996,1567.47137034976,119.25008910477466,676.100628747798,15
3.3499999999999996,1.2538625733719517,3.3499999999999996,1923.3348569651605,146.32347193699385,829.5959535111264,15
3.3499999999999996,1.341230445789887,3.3499999999999996,1960.6674324622275,149.16365966785025,845.6986895762255,15
3.3499999999999996,1.4356076580646064,3.3499999999999996,2019.213859920889,153.6177548578975,870.9516397509431,15
3.3499999999999996,1.493796521922678,3.3499999999999996,1915.06540154017,145.69434829561084,826.0290724069499,15
3.3499999999999996,1.517908392022178,3.3499999999999996,1800.423385978924,136.97261287547437,776.5802976043977,15
3.3499999999999996,1.477483915905073,3.3499999999999996,1560.8239218109743,118.74436450554794,673.2333711878474,15
3.3499999999999996,1.5058358786702177,3.3499999999999996,1810.8590686676175,137.7665387576537,781.0815419401486,15
3.3499999999999996,1.6171724901255182,3.3499999999999996,2144.0836888624854,163.1176018786827,924.8119981957705,15
3.3499999999999996,1.5520755724438924,3.3499999999999996,1475.1892013560448,112.2294461230615,636.296372249678,15
3.3499999999999996,1.4706340668655733,3.3499999999999996,1342.1024650810132,102.10447321467602,578.891798376368,15
3.3499999999999996,1.3794715880738175,3.3499999999999996,1242.4494404191976,94.52307026514072,535.9082556431828,15
3.3499999999999996,1.2982776751742457,3.3499999999999996,1247.116419596555,94.87812471352007,537.921273307078,15
3.3499999999999996,1.243426294226608,3.3499999999999996,1348.9928314978285,102.62867852056718,581.8638342009662,15
3.3499999999999996,1.2369497147025599,3.3499999999999996,1585.0904202245085,120.59051120577695,683.7002895285868,15
3.3499999999999996,1.238136560394599,3.3499999999999996,1611.4937688100972,122.59922519638297,695.0888998199381,15
3.3499999999999996,1.2261609372247055,3.3499999999999996,1562.5785959806476,118.87785660948134,673.9902183825103,15
3.3499999999999996,1.3066573616017982,3.3499999999999996,1920.6840229565307,146.12180178357949,828.4525638621399,15
3.3499999999999996,3.3499999999999996,3.3499999999999996,1561.6525736735307,328.4251582817515,654.8104814554748,16
3.3499999999999996,3.3499999999999996,3.3499999999999996,1583.7673800187442,333.0760383153379,664.0833550986436,16
3.3499999999999996,3.3499999999999996,3.3499999999999996,1591.4997849075498,334.70221070625,667.3255997908396,16
3.3499999999999996,3.3499999999999996,3.3499999999999996,1641.671328423104,345.2535954368337,688.3628350367712,16
3.3499999999999996,3.3499999999999996,3.3499999999999996,1625.9082493872027,341.93852279222125,681.7532795269699,16
3.3499999999999996,3.3499999999999996,3.3499999999999996,1828.9669726119482,384.6430234217699,766.8970448945454,16
3.3499999999999996,3.3499999999999996,3.3499999999999996,1717.0713864211707,361.1106922072227,719.9785408037354,16
3.3499999999999996,3.3499999999999996,3.3499999999999996,1795.5803311750212,377.6216070175914,752.8978218137876,16
3.3499999999999996,3.3499999999999996,3.3499999999999996,1453.7509435886193,305.7327806448135,609.566667602867,16
3.3499999999999996,3.3499999999999996,3.3499999999999996,1430.7731969820995,300.90041895731434,599.9319578269377,16
3.3499999999999996,3.3499999999999996,3.3499999999999996,1451.6173639458234,305.28407569999746,608.6720446011346,16
3.3499999999999996,3.3499999999999996,3.3499999999999996,1420.2702684721817,298.6915883784505,595.528015624804,16
3.3499999999999996,3.3499999999999996,3.3499999999999996,1460.6805375423037,307.1901169495931,612.4722887567635,16
3.3499999999999996,3.3499999999999996,3.3499999999999996,1478.7683619835243,310.99409787673767,620.0566242424576,16
3.3499999999999996,3.3499999999999996,3.3499999999999996,1781.6285351136353,374.68745834264206,747.0477483402527,16
3.3499999999999996,3.3499999999999996,3.3499999999999996,1374.0254180313348,288.9660113955855,576.13726681646,16
3.3499999999999996,3.3499999999999996,3.3499999999999996,1669.185310219651,351.0399553345642,699.8996159896391,16
3.3499999999999996,3.3499999999999996,3.3499999999999996,1448.0885148182715,304.5419369856595,607.1923765653944,16
3.3499999999999996,3.3499999999999996,3.3499999999999996,1330.5058008798799,279.81356776485785,557.8892250047863,16
3.3499999999999996,3.3499999999999996,3.3499999999999996,1293.785092768431,272.09097659635523,542.4920073629128,16
3.3499999999999996,3.3499999999999996,3.3499999999999996,1268.496784053333,266.7726894610182,531.888464754216,16
3.3499999999999996,3.3499999999999996,3.3499999999999996,1410.1564325587656,296.5645863700039,591.2872223296301,16
3.3499999999999996,3.3499999999999996,3.3499999999999996,1219.5966860285528,256.4886975510871,511.3843543838128,16
3.3499999999999996,3.3499999999999996,3.3499999999999996,1430.7474271074973,300.8949993939059,599.9211523608054,16
3.3499999999999996,3.3499999999999996,3.3499999999999996,1118.2587624416014,235.17670783259408,468.8927428356851,16
3.3499999999999996,3.3499999999999996,3.3499999999999996,1187.3531376184987,249.70768065356623,497.8644372049525,16
3.3499999999999996,3.3499999999999996,3.3499999999999996,1163.8589186671718,244.76670164973768,488.01316741403485,16
3.3499999999999996,3.3499999999999996,3.3499999999999996,1225.8402189103256,257.80175098531555,514.0023059315631,16
3.3499999999999996,3.3499999999999996,3.3499999999999996,1240.2469902419148,260.8315837628942,520.0431533203428,16
3.3499999999999996,3.3499999999999996,3.3499999999999996,1400.4110900922667,294.51508080389664,587.2009405919287,16
3.3499999999999996,3.3499999999999996,3.3499999999999996,1320.1342484589798,277.63236638698106,553.5403696007995,16
3.3499999999999996,3.3499999999999996,3.3499999999999996,1498.8974730462874,315.22737395767035,628.4968837012394,16
3.3499999999999996,3.3499999999999996,3.3499999999999996,1360.01504986094,286.0195446452227,570.2626336991566,16
3.3499999999999996,3.3499999999999996,3.3499999999999996,1346.8438482596987,283.24955979483263,564.7398682599987,16
3.3499999999999996,3.3499999999999996,3.3499999999999996,1375.0360431711083,289.17855208939227,576.5610281225933,16
3.3499999999999996,3.3499999999999996,3.3499999999999996,1808.7558394083496,380.3924975792445,758.4223930501358,16
3.3499999999999996,3.3499999999999996,3.3499999999999996,1435.5905509340362,301.9135381752735,601.9519038211923,16
3.3499999999999996,3.3499999999999996,3.3499999999999996,1532.603418547606,322.3159419739651,642.6299929303375,16
3.3499999999999996,3.3499999999999996,3.3499999999999996,1538.8459151974914,323.6287774822429,645.2475099797157,16
3.3499999999999996,3.3499999999999996,3.3499999999999996,1835.1478381603795,385.94289752967507,769.4887196459015,16
3.3499999999999996,3.3499999999999996,3.3499999999999996,1788.994792219536,376.23662759880926,750.1364650262525,16
3.3499999999999996,3.3499999999999996,3.3499999999999996,1920.260412753338,403.84259638311784,805.176943061708,16
3.3499999999999996,3.3499999999999996,3.3499999999999996,1567.47137034976,329.6488870749648,657.250338512855,16
3.3499999999999996,3.3499999999999996,3.3499999999999996,1923.3348569651605,404.48917094388617,806.4660763353244,16
3.3499999999999996,3.3499999999999996,3.3499999999999996,1960.6674324622275,412.3404415935722,822.1198537166165,16
3.3499999999999996,3.3499999999999996,3.3499999999999996,2019.213859920889,424.6531160187878,846.6687290541847,16
3.3499999999999996,3.3499999999999996,3.3499999999999996,1915.06540154017,402.7500535162068,802.9986430665566,16
3.3499999999999996,3.3499999999999996,3.3499999999999996,1800.423385978924,378.6401312830736,754.9285443325607,16
3.3499999999999996,3.3499999999999996,3.3499999999999996,1560.8239218109743,328.25088768936206,654.4630226581553,16
3.3499999999999996,3.3499999999999996,3.3499999999999996,1810.8590686676175,380.83481965140237,759.3042899503107,16
3.3499999999999996,3.3499999999999996,3.3499999999999996,2144.0836888624854,450.91401042392994,899.0274125327821,16
3.3499999999999996,3.3499999999999996,3.3499999999999996,1475.1892013560448,310.24137834397345,618.5558602868914,16
3.3499999999999996,3.3499999999999996,3.3499999999999996,1342.1024650810132,282.2524176985779,562.7517772759096,16
3.3499999999999996,3.3499999999999996,3.3499999999999996,1242.4494404191976,261.2947726054549,520.966654158673,16
3.3499999999999996,3.3499999999999996,3.3499999999999996,1247.116419596555,262.276267081794,522.9235470896529,16
3.3499999999999996,3.3499999999999996,3.3499999999999996,1348.9928314978285,283.7015042106556,565.6409500835246,16
3.3499999999999996,3.3499999999999996,3.3499999999999996,1585.0904202245085,333.3542818224512,664.6381139539268,16
3.3499999999999996,3.3499999999999996,3.3499999999999996,1611.4937688100972,338.9070687128104,675.7091996043647,16
3.3499999999999996,3.3499999999999996,3.3499999999999996,1562.5785959806476,328.61990647857476,655.1987682761059,16
3.3499999999999996,3.3499999999999996,3.3499999999999996,1920.6840229565307,403.93168421890056,805.3545654124011,16
3.3499999999999996,1.9684055293202851,3.3499999999999996,1561.6525736735307,144.15982399744286,671.0217243252687,17
3.3499999999999996,1.9749308590970294,3.3499999999999996,1583.7673800187442,146.2012938123096,680.5241679142271,17
3.3499999999999996,1.9830744655499846,3.3499999999999996,1591.4997849075498,146.91509030369235,683.8466813523231,17
3.3499999999999996,2.0058449596504957,3.3499999999999996,1641.671328423104,151.54654355060032,705.4047386369042,17
3.3499999999999996,2.0210933775577944,3.3499999999999996,1625.9082493872027,150.09141663070685,698.6315493541789,17
3.3499999999999996,2.1005542324562456,3.3499999999999996,1828.9669726119482,168.83624521467615,785.8832318952159,17
3.3499999999999996,2.136324125741359,3.3499999999999996,1717.0713864211707,158.50690033778847,737.8031592491607,17
3.3499999999999996,2.193713934667575,3.3499999999999996,1795.5803311750212,165.7542457773164,771.5374279154379,17
3.3499999999999996,2.1386608285587103,3.3499999999999996,1453.7509435886193,134.1991706073694,624.6578024788332,17
3.3499999999999996,2.0820330902254067,3.3499999999999996,1430.7731969820995,132.07804074628797,614.7845647248387,17
3.3499999999999996,2.0374930339464585,3.3499999999999996,1451.6173639458234,134.00221484974762,623.7410311591238,17
3.3499999999999996,1.987726968694003,3.3499999999999996,1420.2702684721817,131.10849069977164,610.2715934545314,17
3.3499999999999996,1.9553967187064007,3.3499999999999996,1460.6805375423037,134.83885773213564,627.635358538397,17
3.3499999999999996,1.9318204129258505,3.3499999999999996,1478.7683619835243,136.50858737104565,635.407460573416,17
3.3499999999999996,2.005223717288824,3.3499999999999996,1781.6285351136353,164.4663226511588,765.5425232814811,17
3.3499999999999996,1.9442069351834583,3.3499999999999996,1374.0254180313348,126.83951973098675,590.4007849231657,17
3.3499999999999996,1.979959240615257,3.3499999999999996,1669.185310219651,154.08642395686041,717.2271374338036,17
3.3499999999999996,1.9445421127472475,3.3499999999999996,1448.0885148182715,133.67645848260332,622.2247307563501,17
3.3499999999999996,1.875744788650961,3.3499999999999996,1330.5058008798799,122.82212146023576,571.7009735597135,17
3.3499999999999996,1.801964821941733,3.3499999999999996,1293.785092768431,119.43234648233815,555.9225646544428,17
3.3499999999999996,1.7290102842601256,3.3499999999999996,1268.496784053333,117.09792319573872,545.0565085256086,17
3.3499999999999996,1.7069465817615714,3.3499999999999996,1410.1564325587656,130.1748587064612,605.9258101935343,17
3.3499999999999996,1.6336531859452117,3.3499999999999996,1219.5966860285528,112.58384007408283,524.0447747703372,17
3.3499999999999996,1.6275182398267345,3.3499999999999996,1430.7474271074973,132.07566186852108,614.7734917461347,17
3.3499999999999996,1.5411253836809349,3.3499999999999996,1118.2587624416014,103.22909787672177,480.50119192021606,17
3.3499999999999996,1.4778171013150956,3.3499999999999996,1187.3531376184987,109.60736224399021,510.1901429417069,17
3.3499999999999996,1.415976153225644,3.3499999999999996,1163.8589186671718,107.43855560538329,500.0949837634333,17
3.3499999999999996,1.3730471030051323,3.3499999999999996,1225.8402189103256,113.16019528684399,526.7275393434802,17
3.3499999999999996,1.3373229630248213,3.3499999999999996,1240.2469902419148,114.49011825085371,532.9179409115716,17
3.3499999999999996,1.3513860101879456,3.3499999999999996,1400.4110900922667,129.27524321038428,601.7383637561827,17
3.3499999999999996,1.338570606599198,3.3499999999999996,1320.1342484589798,121.86469904965438,567.2444528798089,17
3.3499999999999996,1.3827813411769532,3.3499999999999996,1498.8974730462874,138.36675298159955,644.0566768217501,17
3.3499999999999996,1.3795747070924134,3.3499999999999996,1360.01504986094,125.5461896756131,584.3807126185973,17
3.3499999999999996,1.3724993556632967,3.3499999999999996,1346.8438482596987,124.33032506098678,578.7212192338999,17
3.3499999999999996,1.375073982658979,3.3499999999999996,1375.0360431711083,126.93281291586877,590.8350373525278,17
3.3499999999999996,1.5127630124638476,3.3499999999999996,1808.7558394083496,166.97050794728514,777.1987718037221,17
3.3499999999999996,1.5202140705539815,3.3499999999999996,1435.5905509340362,132.52274202591443,616.8545188298737,17
3.3499999999999996,1.556391179265935,3.3499999999999996,1532.603418547606,141.47822812853778,658.5396815896447,17
3.3499999999999996,1.590814563869174,3.3499999999999996,1538.8459151974914,142.05448768429508,661.222000907473,17
3.3499999999999996,1.7152454529335868,3.3499999999999996,1835.1478381603795,169.4068154584261,788.5390691333121,17
3.3499999999999996,1.8126509872115406,3.3499999999999996,1788.994792219536,165.14631917907326,768.7077077971367,17
3.3499999999999996,1.9413169386237719,3.3499999999999996,1920.260412753338,177.2637575082364,825.1108313344158,17
3.3499999999999996,1.9457471824241968,3.3499999999999996,1567.47137034976,144.69697081157,673.5219852956054,17
3.3499999999999996,2.0620467414948616,3.3499999999999996,1923.3348569651605,177.5475666882922,826.431879876926,17
3.3499999999999996,2.178110226447039,3.3499999999999996,1960.6674324622275,180.9938245844185,842.4732002101783,17
3.3499999999999996,2.295299203802335,3.3499999999999996,2019.213859920889,186.39838307611038,867.6298357952509,17
3.3499999999999996,2.3741048073653914,3.3499999999999996,1915.06540154017,176.78419379811277,822.8786028343538,17
3.3499999999999996,2.40925267786556,3.3499999999999996,1800.423385978924,166.20131956306778,773.618425341051,17
3.3499999999999996,2.364922560792194,3.3499999999999996,1560.8239218109743,144.08332919400502,670.665663437558,17
3.3499999999999996,2.404291659724168,3.3499999999999996,1810.8590686676175,167.16466198958224,778.1025019598382,17
3.3499999999999996,2.498862493751751,3.3499999999999996,2144.0836888624854,197.92541083265328,921.2847711791744,17
3.3499999999999996,2.419849839828501,3.3499999999999996,1475.1892013560448,136.1781866309489,633.8695419759144,17
3.3499999999999996,2.307233866464903,3.3499999999999996,1342.1024650810132,123.89263682221554,576.6839087783712,17
3.3499999999999996,2.1785347325106317,3.3499999999999996,1242.4494404191976,114.69343160958203,533.86430500088,17
3.3499999999999996,2.0636443746673616,3.3499999999999996,1247.116419596555,115.12425143990116,535.8696450283446,17
3.3499999999999996,1.988846980241985,3.3499999999999996,1348.9928314978285,124.52870276074214,579.6446092774381,17
3.3499999999999996,1.9937171004716934,3.3499999999999996,1585.0904202245085,146.3234267671165,681.0926610190253,17
3.3499999999999996,2.00582835967898,3.3499999999999996,1611.4937688100972,148.76078200810184,692.4378352239293,17
3.3499999999999996,2.0023602377421037,3.3499999999999996,1562.5785959806476,144.24530729575264,671.4196240218854,17
3.3499999999999996,2.11218527084503,3.3499999999999996,1920.6840229565307,177.30286196294375,825.2928511087114,17
3.3499999999999996,1.2079118361193681,3.3499999999999996,1561.6525736735307,121.42596718146214,673.3169240293901,18
3.3499999999999996,1.2139005853615201,3.3499999999999996,1583.7673800187442,123.14549929428117,682.851870300338,18
3.3499999999999996,1.2213745397273725,3.3499999999999996,1591.4997849075498,123.74673080895369,686.1857482465916,18
3.3499999999999996,1.2415023642423109,3.3499999999999996,1641.671328423104,127.64780861528817,707.8175438989592,18
3.3499999999999996,1.2554292888464293,3.3499999999999996,1625.9082493872027,126.42215372254235,701.0211872261567,18
3.3499999999999996,1.3204542815480904,3.3499999999999996,1828.9669726119482,142.210942008657,788.5713102329679,18
3.3499999999999996,1.3504347396453038,3.3499999999999996,1717.0713864211707,133.5105242553083,740.3267818554351,18
3.3499999999999996,1.397536705557003,3.3499999999999996,1795.5803311750212,139.61497073069012,774.1764370742706,18
3.3499999999999996,1.3561790067625452,3.3499999999999996,1453.7509435886193,113.03609864450813,626.7944164682954,18
3.3499999999999996,1.3150158158645326,3.3499999999999996,1430.7731969820995,111.24946879329603,616.887407747505,18
3.3499999999999996,1.2815455614252427,3.3499999999999996,1451.6173639458234,112.87020260844187,625.874509373416,18
3.3499999999999996,1.2460336627144941,3.3499999999999996,1420.2702684721817,110.43281579758238,612.3590000614322,18
3.3499999999999996,1.2210087451496694,3.3499999999999996,1460.6805375423037,113.57490776388968,629.7821571247795,18
3.3499999999999996,1.201559704182556,3.3499999999999996,1478.7683619835243,114.9813227463317,637.5808432861309,18
3.3499999999999996,1.260006359092834,3.3499999999999996,1781.6285351136353,138.5301517644029,768.1610271379617,18
3.3499999999999996,1.2185889644537744,3.3499999999999996,1374.0254180313348,106.83705718481181,592.4202243209456,18
3.3499999999999996,1.2462576873786084,3.3499999999999996,1669.185310219651,129.78715247894917,719.6803806805572,18
3.3499999999999996,1.2190595506066861,3.3499999999999996,1448.0885148182715,112.59581768725378,624.3530225331403,18
3.3499999999999996,1.1740275423021194,3.3499999999999996,1330.5058008798799,103.453198512872,573.656451091651,18
3.3499999999999996,1.126895188896639,3.3499999999999996,1293.785092768431,100.59798758235613,557.824072846584,18
3.3499999999999996,1.0798737898206334,3.3499999999999996,1268.496784053333,98.63170046070083,546.9208498602433,18
3.3499999999999996,1.0627778021228407,3.3499999999999996,1410.1564325587656,109.64641661481646,607.998352243755,18
3.3499999999999996,1.0131366628869787,3.3499999999999996,1219.5966860285528,94.82948363089749,525.8372464123078,18
3.3499999999999996,1.0062732684983342,3.3499999999999996,1430.7474271074973,111.24746506212027,616.8762968941742,18
3.3499999999999996,0.9473651957661542,3.3499999999999996,1118.2587624416014,86.9499747112144,482.1447246905361,18
3.3499999999999996,0.9032107853375441,3.3499999999999996,1187.3531376184987,92.32239331064574,511.9352254370656,18
3.3499999999999996,0.8591247368045921,3.3499999999999996,1163.8589186671718,90.49560526096633,501.8055362197201,18
3.3499999999999996,0.8310119960203393,3.3499999999999996,1225.8402189103256,95.31494821602935,528.5291872613167,18
3.3499999999999996,0.8083830791533704,3.3499999999999996,1240.2469902419148,96.43514368869158,534.7407628202529,18
3.3499999999999996,0.8167427519809034,3.3499999999999996,1400.4110900922667,108.8886695624579,603.7965828337252,18
3.3499999999999996,0.8100866254097413,3.3499999999999996,1320.1342484589798,102.64676063730883,569.184687082693,18
3.3499999999999996,0.8351280095218526,3.3499999999999996,1498.8974730462874,116.54645754039767,646.2596437906142,18
3.3499999999999996,0.8337300812191004,3.3499999999999996,1360.01504986094,105.7476839565164,586.3795606291368,18
3.3499999999999996,0.8301398016208477,3.3499999999999996,1346.8438482596987,104.7235599481843,580.700709201218,18
3.3499999999999996,0.831886628557601,3.3499999999999996,1375.0360431711083,106.91563812984646,592.8559620912607,18
3.3499999999999996,0.9341764805344295,3.3499999999999996,1808.7558394083496,140.63942960029374,779.8571453353406,18
3.3499999999999996,0.936042446900813,3.3499999999999996,1435.5905509340362,111.62404113590964,618.964442037692,18
3.3499999999999996,0.9552979869062393,3.3499999999999996,1532.603418547606,119.16725623868666,660.7921870265685,18
3.3499999999999996,0.9743386832802711,3.3499999999999996,1538.8459151974914,119.6526402518263,663.4836810972872,18
3.3499999999999996,1.0690235320586636,3.3499999999999996,1835.1478381603795,142.69153390847472,791.2362316431887,18
3.3499999999999996,1.142596057928741,3.3499999999999996,1788.994792219536,139.10291353527953,771.3370380252541,18
3.3499999999999996,1.2415503214514048,3.3499999999999996,1920.260412753338,149.30944423211542,827.9330859161887,18
3.3499999999999996,1.2397663074789942,3.3499999999999996,1567.47137034976,121.87840649232709,675.8257370302069,18
3.3499999999999996,1.329756706398853,3.3499999999999996,1923.3348569651605,149.5484969947205,829.2586530459726,18
3.3499999999999996,1.4211074369817478,3.3499999999999996,1960.6674324622275,152.45128354502393,845.354841995766,18
3.3499999999999996,1.5195236248890216,3.3499999999999996,2019.213859920889,157.00354868967418,870.5975247242592,18
3.3499999999999996,1.579511115133892,3.3499999999999996,1915.06540154017,148.9055072286413,825.6932221786863,18
3.3499999999999996,1.6049320324226992,3.3499999999999996,1800.423385978924,139.99154143763906,776.2645524582183,18
3.3499999999999996,1.5650047900982837,3.3499999999999996,1560.8239218109743,121.36153553029723,672.959645251387,18
3.3499999999999996,1.5945137654650172,3.3499999999999996,1810.8590686676175,140.80296574867674,780.763966659912,18
3.3499999999999996,1.7093755546709457,3.3499999999999996,2144.0836888624854,166.71277595739483,924.4359844075511,18
3.3499999999999996,1.6404831793243695,3.3499999999999996,1475.1892013560448,114.70302586505606,636.0376643070621,18
3.3499999999999996,1.555375272713325,3.3499999999999996,1342.1024650810132,104.3548946970552,578.6564302166757,18
3.3499999999999996,1.46071722636628,3.3499999999999996,1242.4494404191976,96.60639473867151,535.6903639054724,18
3.3499999999999996,1.3763866443046775,3.3499999999999996,1247.116419596555,96.96927472233727,537.7025631085354,18
3.3499999999999996,1.3189119916997518,3.3499999999999996,1348.9928314978285,104.89065368756381,581.6272576589744,18
3.3499999999999996,1.3141576786001568,3.3499999999999996,1585.0904202245085,123.24837200701717,683.4223079102969,18
3.3499999999999996,1.3169714587956252,3.3499999999999996,1611.4937688100972,125.30135881911757,694.8062877745922,18
3.3499999999999996,1.3063171132477664,3.3499999999999996,1562.5785959806476,121.49796985104996,673.716184724068,18
3.3499999999999996,1.3890030807205092,3.3499999999999996,1920.6840229565307,149.34238195430655,828.1157282809562,18
3.3499999999999996,1.1251727680685708,3.3499999999999996,1561.6525736735307,119.07019417125252,673.5631953976558,19
3.3499999999999996,1.1311031392153321,3.3499999999999996,1583.7673800187442,120.75636581402071,683.1016291559678,19
3.3499999999999996,1.138504237763838,3.3499999999999996,1591.4997849075498,121.34593289638082,686.4367264963197,19
3.3499999999999996,1.1584358570258855,3.3499999999999996,1641.671328423104,125.17132628347444,708.0764341611783,19
3.3499999999999996,1.1722270225089968,3.3499999999999996,1625.9082493872027,123.96945019836907,701.2775916633545,19
3.3499999999999996,1.236618154103225,3.3499999999999996,1828.9669726119482,139.4519217865672,788.8597368692451,19
3.3499999999999996,1.2663063638574361,3.3499999999999996,1717.0713864211707,130.92029996539566,740.5975626468048,19
3.3499999999999996,1.312949181631864,3.3499999999999996,1795.5803311750212,136.90631468698717,774.4595986637587,19
3.3499999999999996,1.2752081179069432,3.3499999999999996,1453.7509435886193,110.84309663227658,627.023671835354,19
3.3499999999999996,1.2373383178404973,3.3499999999999996,1430.7731969820995,109.09112900760815,617.1130395422068,19
3.3499999999999996,1.2067972504221924,3.3499999999999996,1451.6173639458234,110.68041912856653,626.1034282766625,19
3.3499999999999996,1.1739741485737638,3.3499999999999996,1420.2702684721817,108.29031981475363,612.5829755526653,19
3.3499999999999996,1.1513015383606235,3.3499999999999996,1460.6805375423037,111.37145236997581,630.0125052832905,19
3.3499999999999996,1.1339396147737681,3.3499999999999996,1478.7683619835243,112.75058163640747,637.8140438801638,19
3.3499999999999996,1.1903108281277008,3.3499999999999996,1781.6285351136353,135.84254218465702,768.4419885403125,19
3.3499999999999996,1.1511555152233983,3.3499999999999996,1374.0254180313348,104.76432215417319,592.6369070360611,19
3.3499999999999996,1.1770135546047094,3.3499999999999996,1669.185310219651,127.26916495141373,719.9436098758129,19
3.3499999999999996,1.1519071531259764,3.3499999999999996,1448.0885148182715,110.41135752171363,624.5813849396872,19
3.3499999999999996,1.1089580631117113,3.3499999999999996,1330.5058008798799,101.44611338492521,573.8662707977701,19
3.3499999999999996,1.0637647072771808,3.3499999999999996,1293.785092768431,98.64629611529332,558.0281017262527,19
3.3499999999999996,1.018533268871867,3.3499999999999996,1268.496784053333,96.71815673286578,547.1208907937493,19
3.3499999999999996,1.002802370305464,3.3499999999999996,1410.1564325587656,107.51917748365635,608.2207327911121,19
3.3499999999999996,0.9547237252655845,3.3499999999999996,1219.5966860285528,92.98970633041341,526.0295758392648,19
3.3499999999999996,0.94889796984535,3.3499999999999996,1430.7474271074973,109.08916415061987,617.1019246249874,19
3.3499999999999996,0.8935466395492805,3.3499999999999996,1118.2587624416014,85.26306697296287,482.32107320757785,19
3.3499999999999996,0.8504719571404397,3.3499999999999996,1187.3531376184987,90.53125581800259,512.1224700820945,19
3.3499999999999996,0.8094349843898059,3.3499999999999996,1163.8589186671718,88.7399091000474,501.9890758451147,19
3.3499999999999996,0.7818448320863428,3.3499999999999996,1225.8402189103256,93.46575246582148,528.7225012884413,19
3.3499999999999996,0.7596601929398865,3.3499999999999996,1240.2469902419148,94.56421513847462,534.9363487837531,19
3.3499999999999996,0.7681396987255749,3.3499999999999996,1400.4110900922667,106.7761314058583,604.0174265483297,19
3.3499999999999996,0.7617296462703783,3.3499999999999996,1320.1342484589798,100.6553211296997,569.392871203248,19
3.3499999999999996,0.7866899993481993,3.3499999999999996,1498.8974730462874,114.28535140731746,646.496018729445,19
3.3499999999999996,0.7854524622626583,3.3499999999999996,1360.01504986094,103.69608374661544,586.5940339203398,19
3.3499999999999996,0.7820292684104018,3.3499999999999996,1346.8438482596987,102.69182866544885,580.9131054044088,19
3.3499999999999996,0.7838779464016318,3.3499999999999996,1375.0360431711083,104.84137855817494,593.0728041811565,19
3.3499999999999996,0.8820641901925685,3.3499999999999996,1808.7558394083496,137.9108981328153,780.1423846919935,19
3.3499999999999996,0.8843296074088397,3.3499999999999996,1435.5905509340362,109.4584343097724,619.190833525279,19
3.3499999999999996,0.902614558729949,3.3499999999999996,1532.603418547606,116.8553042529282,661.0338773661853,19
3.3499999999999996,0.9200985439999271,3.3499999999999996,1538.8459151974914,117.33127137951318,663.7263558736587,19
3.3499999999999996,1.0112382018705814,3.3499999999999996,1835.1478381603795,139.92318977114002,791.5256329970447,19
3.3499999999999996,1.0817335596053124,3.3499999999999996,1788.994792219536,136.4041918618652,771.619161080489,19
3.3499999999999996,1.1775992333988023,3.3499999999999996,1920.260412753338,146.41270668037126,828.2359094553341,19
3.3499999999999996,1.1739210212605338,3.3499999999999996,1567.47137034976,119.51385575242739,676.0729260180785,19
3.3499999999999996,1.2613137674628132,3.3499999999999996,1923.3348569651605,146.6471216043062,829.561961422524,19
3.3499999999999996,1.348976488199601,3.3499999999999996,1960.6674324622275,149.49359148389794,845.6640376897677,19
3.3499999999999996,1.4437921263268014,3.3499999999999996,2019.213859920889,153.95753858907105,870.915953143286,19
3.3499999999999996,1.5021903459306147,3.3499999999999996,1915.06540154017,146.01660641818646,825.9952264686972,19
3.3499999999999996,1.5264593976824035,3.3499999999999996,1800.423385978924,137.2755795834207,776.5484777935956,19
3.3499999999999996,1.4861077074890272,3.3499999999999996,1560.8239218109743,119.00701255208945,673.2057859419133,19
3.3499999999999996,1.5145967391371107,3.3499999999999996,1810.8590686676175,138.07126153278625,781.0495376941456,19
3.3499999999999996,1.626307239417179,3.3499999999999996,2144.0836888624854,163.4783981124103,924.7741046992435,19
3.3499999999999996,1.5608440059314184,3.3499999999999996,1475.1892013560448,112.47768396501212,636.2703004703119,19
3.3499999999999996,1.4790475513854466,3.3499999999999996,1342.1024650810132,102.33031585187952,578.8680787075119,19
3.3499999999999996,1.387545869146144,3.3499999999999996,1242.4494404191976,94.73214376401059,535.8862971936129,19
3.3499999999999996,1.3060476153566463,3.3499999999999996,1247.116419596555,95.08798354951033,537.8992323755789,19
3.3499999999999996,1.2509424727620333,3.3499999999999996,1348.9928314978285,102.8556806359501,581.8399927551118,19
3.3499999999999996,1.244649347089628,3.3499999999999996,1585.0904202245085,120.85724270357508,683.6722754083145,19
3.3499999999999996,1.2460090569755633,3.3499999999999996,1611.4937688100972,122.87039972444947,695.0604190596725,19
3.3499999999999996,1.2341745920546037,3.3499999999999996,1562.5785959806476,119.14079992426963,673.9626021253148,19
3.3499999999999996,1.3148989601543408,3.3499999999999996,1920.6840229565307,146.4450053811178,828.4186186230937,19
3.3499999999999996,1.1168206281865767,3.3499999999999996,1561.6525736735307,118.83367170057113,673.5880202380926,20
3.3499999999999996,1.1227451063249896,3.3499999999999996,1583.7673800187442,120.51649391163882,683.1268055448527,20
3.3499999999999996,1.13013885040369,3.3499999999999996,1591.4997849075498,121.10488987083134,686.4620258035288,20
3.3499999999999996,1.1500506636205845,3.3499999999999996,1641.671328423104,124.92268445033476,708.1025310213024,20
3.3499999999999996,1.163828124825951,3.3499999999999996,1625.9082493872027,123.72319578638938,701.3034379453869,20
3.3499999999999996,1.228155270968569,3.3499999999999996,1828.9669726119482,139.1749128061771,788.8888110782109,20
3.3499999999999996,1.2578139795560566,3.3499999999999996,1717.0713864211707,130.66023830155345,740.6248581054139,20
3.3499999999999996,1.304410448373947,3.3499999999999996,1795.5803311750212,136.6343623312609,774.4881421413313,20
3.3499999999999996,1.267034467828164,3.3499999999999996,1453.7509435886193,110.62291656743393,627.0467814154345,20
3.3499999999999996,1.2294971208767862,3.3499999999999996,1430.7731969820995,108.87442907239853,617.1357838560928,20
3.3499999999999996,1.199251741823315,3.3499999999999996,1451.6173639458234,110.46056220828058,626.126503940253,20
3.3499999999999996,1.166700062025405,3.3499999999999996,1420.2702684721817,108.07521061658908,612.6055529065443,20
3.3499999999999996,1.1442649067475157,3.3499999999999996,1460.6805375423037,111.15022277291946,630.035725019796,20
3.3499999999999996,1.1271136683511118,3.3499999999999996,1478.7683619835243,112.52661252033253,637.8375511501213,20
3.3499999999999996,1.1832753751369394,3.3499999999999996,1781.6285351136353,135.57270291946725,768.4703102328883,20
3.3499999999999996,1.1443484092942888,3.3499999999999996,1374.0254180313348,104.55621704031469,592.6587492577778,20
3.3499999999999996,1.1700236682479999,3.3499999999999996,1669.185310219651,127.01635594622657,719.9701441124826,20
3.3499999999999996,1.1451284181174315,3.3499999999999996,1448.0885148182715,110.19203506865048,624.604404506859,20
3.3499999999999996,1.1023895894142155,3.3499999999999996,1330.5058008798799,101.2445996010111,573.8874212090484,20
3.3499999999999996,1.0573919667360399,3.3499999999999996,1293.785092768431,98.45034392219284,558.0486684060818,20
3.3499999999999996,1.012341216876743,3.3499999999999996,1268.496784053333,96.52603461910401,547.1410554774885,20
3.3499999999999996,0.9967481179695019,3.3499999999999996,1410.1564325587656,107.30560009192475,608.2431493702022,20
3.3499999999999996,0.9488271997495767,3.3499999999999996,1219.5966860285528,92.8049904555272,526.048963181647,20
3.3499999999999996,0.9431061893550639,3.3499999999999996,1430.7474271074973,108.87246811842581,617.1246685292218,20
3.3499999999999996,0.8881138963439248,3.3499999999999996,1118.2587624416014,85.09369938774407,482.3388496296915,20
3.3499999999999996,0.8453556484498673,3.3499999999999996,1187.3531376184987,90.35142343888371,512.1413448642838,20
3.3499999999999996,0.8046057222210834,3.3499999999999996,1163.8589186671718,88.56363507366763,502.00757715099667,20
3.3499999999999996,0.7770496532230406,3.3499999999999996,1225.8402189103256,93.28009096714683,528.741987881265,20
3.3499999999999996,0.7548930592271248,3.3499999999999996,1240.2469902419148,94.37637164029043,534.9560643940969,20
3.3499999999999996,0.7633695391820765,3.3499999999999996,1400.4110900922667,106.56403000982297,604.039688210394,20
3.3499999999999996,0.7569707166212938,3.3499999999999996,1320.1342484589798,100.45537818506502,569.4138567429419,20
3.3499999999999996,0.7819106408065877,3.3499999999999996,1498.8974730462874,114.0583336060474,646.5198459822071,20
3.3499999999999996,0.780678270245106,3.3499999999999996,1360.01504986094,103.4901005944214,586.615653425967,20
3.3499999999999996,0.7772620211251238,3.3499999999999996,1346.8438482596987,102.48784037766778,580.9345155337745,20
3.3499999999999996,0.7791120508803364,3.3499999999999996,1375.0360431711083,104.6331203785454,593.0946624682954,20
3.3499999999999996,0.8768760170469501,3.3499999999999996,1808.7558394083496,137.6369502604086,780.1711376142882,20
3.3499999999999996,0.8791745240318585,3.3499999999999996,1435.5905509340362,109.24100475487771,619.2136544183254,20
3.3499999999999996,0.8974731124231929,3.3499999999999996,1532.603418547606,116.62318146631067,661.0582404261639,20
3.3499999999999996,0.9149683500009788,3.3499999999999996,1538.8459151974914,117.09820312605112,663.7508181676062,20
3.3499999999999996,1.0057156260483398,3.3499999999999996,1835.1478381603795,139.64524465833796,791.5548054602598,20
3.3499999999999996,1.0758692978325102,3.3499999999999996,1788.994792219536,136.13323692897856,771.6475998709136,20
3.3499999999999996,1.1713952386717128,3.3499999999999996,1920.260412753338,146.121870712863,828.2664349122426,20
3.3499999999999996,1.1675006574398807,3.3499999999999996,1567.47137034976,119.27645198702679,676.0978433571295,20
3.3499999999999996,1.2546085397729243,3.3499999999999996,1923.3348569651605,146.355819992164,829.5925357523944,20
3.3499999999999996,1.3420059305387328,3.3499999999999996,1960.6674324622275,149.1966356096348,845.695205477649,20
3.3499999999999996,1.4364270352354294,3.3499999999999996,2019.213859920889,153.65171547640566,870.9480516155871,20
3.3499999999999996,1.4946368584659546,3.3499999999999996,1915.06540154017,145.72655726901917,826.0256693430089,20
3.3499999999999996,1.5187644645978309,3.3499999999999996,1800.423385978924,137.00289371544775,776.5770982588826,20
3.3499999999999996,1.4783472753468172,3.3499999999999996,1560.8239218109743,118.77061558613873,673.2305976096695,20
3.3499999999999996,1.5067129605811453,3.3499999999999996,1810.8590686676175,137.79699511258647,781.078324050465,20
3.3499999999999996,1.6180870034196007,3.3499999999999996,2144.0836888624854,163.1536626494868,924.8081881672033,20
3.3499999999999996,1.5529534125177233,3.3499999999999996,1475.1892013560448,112.25425693616496,636.2937508440731,20
3.3499999999999996,1.4714763716948918,3.3499999999999996,1342.1024650810132,102.1270456775142,578.8894134653877,20
3.3499999999999996,1.3802799340004583,3.3499999999999996,1242.4494404191976,94.5439666903779,535.9060478152486,20
3.3499999999999996,1.2990555524168665,3.3499999999999996,1247.116419596555,94.89909963143336,537.9190571859397,20
3.3499999999999996,1.2441787664589463,3.3499999999999996,1348.9928314978285,102.6513668706375,581.8614370458309,20
3.3499999999999996,1.237720553173623,3.3499999999999996,1585.0904202245085,120.61717041812236,683.6974728289335,20
3.3499999999999996,1.2389247049348648,3.3499999999999996,1611.4937688100972,122.62632847959493,695.0860362016348,20
3.3499999999999996,1.2269632136356,3.3499999999999996,1562.5785959806476,118.90413720146829,673.9874416862831,20
3.3499999999999996,1.3074824582957687,3.3499999999999996,1920.6840229565307,146.15410525508057,828.44915081393,20
3.3499999999999996,1.1159846179734492,3.3499999999999996,1561.6525736735307,118.81000985203369,673.5905047362385,21
3.3499999999999996,1.1219085062492355,3.3499999999999996,1583.7673800187442,120.49249698396338,683.1293252263655,21
3.3499999999999996,1.1293015141798401,3.3499999999999996,1591.4997849075498,121.08077578329826,686.4645577868469,21
3.3499999999999996,1.1492113449040728,3.3499999999999996,1641.671328423104,124.89781017357423,708.1051428246193,21
3.3499999999999996,1.1629874343752102,3.3499999999999996,1625.9082493872027,123.69856034866052,701.3060246705647,21
3.3499999999999996,1.227308175872816,3.3499999999999996,1828.9669726119482,139.14720066314644,788.891720857972,21
3.3499999999999996,1.2569639315312306,3.3499999999999996,1717.0713864211707,130.63422157814244,740.6275898658246,21
3.3499999999999996,1.3035557610349353,3.3499999999999996,1795.5803311750212,136.60715605596673,774.4909988048931,21
3.3499999999999996,1.2662163236111206,3.3499999999999996,1453.7509435886193,110.60088962288934,627.0490942483815,21
3.3499999999999996,1.2287122536646191,3.3499999999999996,1430.7731969820995,108.85275028209053,617.1380601327851,21
3.3499999999999996,1.1984964716361493,3.3499999999999996,1451.6173639458234,110.4385675913093,626.1288133787991,21
3.3499999999999996,1.165971959918457,3.3499999999999996,1420.2702684721817,108.05369096456062,612.6078124736902,21
3.3499999999999996,1.1435605727711105,3.3499999999999996,1460.6805375423037,111.12809083254831,630.0380488773227,21
3.3499999999999996,1.1264304229787603,3.3499999999999996,1478.7683619835243,112.50420651685059,637.8399037843213,21
3.3499999999999996,1.1825711591351298,3.3499999999999996,1781.6285351136353,135.54570803900648,768.4731446999566,21
3.3499999999999996,1.1436670497673918,3.3499999999999996,1374.0254180313348,104.53539808104283,592.6609352520643,21
3.3499999999999996,1.1693240132535467,3.3499999999999996,1669.185310219651,126.99106478309777,719.9727996889394,21
3.3499999999999996,1.1444498983872433,3.3499999999999996,1448.0885148182715,110.17009392009807,624.6067083312121,21
3.3499999999999996,1.1017321158597315,3.3499999999999996,1330.5058008798799,101.22444004230425,573.889537966163,21
3.3499999999999996,1.0567540851567945,3.3499999999999996,1293.785092768431,98.43074074833638,558.0507267426917,21
3.3499999999999996,1.0117214213774721,3.3499999999999996,1268.496784053333,96.50681460866087,547.1430735818743,21
3.3499999999999996,0.9961421155728433,3.3499999999999996,1410.1564325587656,107.28423368272217,608.2453928468253,21
3.3499999999999996,0.9482369850713028,3.3499999999999996,1219.5966860285528,92.786511369623,526.0509034888295,21
3.3499999999999996,0.9425264591648991,3.3499999999999996,1430.7474271074973,108.85078971857799,617.1269447649158,21
3.3499999999999996,0.8875701041099409,3.3499999999999996,1118.2587624416014,85.0767557538599,482.3406287141492,21
3.3499999999999996,0.8448435298336487,3.3499999999999996,1187.3531376184987,90.33343290079834,512.1432338738617,21
3.3499999999999996,0.804122335621725,3.3499999999999996,1163.8589186671718,88.5460005153051,502.0094287826428,21
3.3499999999999996,0.7765696782034488,3.3499999999999996,1225.8402189103256,93.26151728047674,528.7439381215441,21
3.3499999999999996,0.7544158913961829,3.3499999999999996,1240.2469902419148,94.35757966509253,534.9580375547087,21
3.3499999999999996,0.7628920684796029,3.3499999999999996,1400.4110900922667,106.54281126010707,604.0419161827457,21
3.3499999999999996,0.7564943699788281,3.3499999999999996,1320.1342484589798,100.43537577405331,569.4159569995214,21
3.3499999999999996,0.7814322493273453,3.3499999999999996,1498.8974730462874,114.03562261028677,646.5222306406489,21
3.3499999999999996,0.7802003959108039,3.3499999999999996,1360.01504986094,103.46949391745561,586.6178171305751,21
3.3499999999999996,0.7767848419261032,3.3499999999999996,1346.8438482596987,102.46743326812346,580.9366582837691,21
3.3499999999999996,0.7786350069865804,3.3499999999999996,1375.0360431711083,104.6122861064829,593.0968500704275,21
3.3499999999999996,0.8763567051342552,3.3499999999999996,1808.7558394083496,137.6095443524398,780.1740152393153,21
3.3499999999999996,0.8786585242505363,3.3499999999999996,1435.5905509340362,109.21925297298296,619.215938359147,21
3.3499999999999996,0.8969584776489403,3.3499999999999996,1532.603418547606,116.59995976478179,661.0606787087987,21
3.3499999999999996,0.9144548415302103,3.3499999999999996,1538.8459151974914,117.07488683945728,663.7532663816891,21
3.3499999999999996,1.005162841988758,3.3499999999999996,1835.1478381603795,139.61743886406444,791.5577250734171,21
3.3499999999999996,1.0752823126043192,3.3499999999999996,1788.994792219536,136.10613043645813,771.6504460572673,21
3.3499999999999996,1.1707742477607226,3.3499999999999996,1920.260412753338,146.0927753098232,828.2694899345411,21
3.3499999999999996,1.1668580089926686,3.3499999999999996,1567.47137034976,119.25270197324183,676.1003371126416,21
3.3499999999999996,1.253937377782189,3.3499999999999996,1923.3348569651605,146.32667800575828,829.5955956659545,21
3.3499999999999996,1.3413082102565033,3.3499999999999996,1960.6674324622275,149.16692796748612,845.6983247851588,21
3.3499999999999996,1.4356898239985487,3.3499999999999996,2019.213859920889,153.6211207504573,870.9512640670476,21
3.3499999999999996,1.4938807896315704,3.3499999999999996,1915.06540154017,145.69754057975388,826.0287161003478,21
3.3499999999999996,1.517994237717183,3.3499999999999996,1800.423385978924,136.9756140591525,776.5799626274624,21
3.3499999999999996,1.4775704923162598,3.3499999999999996,1560.8239218109743,118.74696629316925,673.2330807894788,21
3.3499999999999996,1.5059238311503709,3.3499999999999996,1810.8590686676175,137.7695573369072,781.0812050216072,21
3.3499999999999996,1.6172641961695553,3.3499999999999996,2144.0836888624854,163.12117592077863,924.8115992792776,21
3.3499999999999996,1.5521636009515032,3.3499999999999996,1475.1892013560448,112.23190516341167,636.2960977840376,21
3.3499999999999996,1.470718531951286,3.3499999999999996,1342.1024650810132,102.10671040846283,578.8915486721185,21
3.3499999999999996,1.3795526478108662,3.3499999999999996,1242.4494404191976,94.52514134409397,535.9080244798303,21
3.3499999999999996,1.2983556795566082,3.3499999999999996,1247.116419596555,94.88020357201104,537.9210412754128,21
3.3499999999999996,1.2435017510320172,3.3499999999999996,1348.9928314978285,102.63092720012753,581.8635832147327,21
3.3499999999999996,1.2370270132472947,3.3499999999999996,1585.0904202245085,120.59315344400538,683.6999946153263,21
3.3499999999999996,1.238215594366424,3.3499999999999996,1611.4937688100972,122.60191144720282,695.0885999942149,21
3.3499999999999996,1.2262413883196692,3.3499999999999996,1562.5785959806476,118.8804613220254,673.9899276576767,21
3.3499999999999996,1.3067401010810844,3.3499999999999996,1920.6840229565307,146.12500343358352,828.4522065101678,21
3.3499999999999996,1.1159010089756944,3.3499999999999996,1561.6525736735307,118.80764357101255,673.5907532062321,22
3.3499999999999996,1.1218248382595906,3.3499999999999996,1583.7673800187442,120.49009719366668,683.1295772149814,22
3.3499999999999996,1.1292177725683623,3.3499999999999996,1591.4997849075498,121.07836427653965,686.4648110057432,22
3.3499999999999996,1.1491274050244134,3.3499999999999996,1641.671328423104,124.89532264480317,708.1054040261639,22
3.3499999999999996,1.1629033573090406,3.3499999999999996,1625.9082493872027,123.69609670476348,701.3062833640917,22
3.3499999999999996,1.227223458281038,3.3499999999999996,1828.9669726119482,139.14442933621464,788.8920118595811,22
3.3499999999999996,1.2568789186183713,3.3499999999999996,1717.0713864211707,130.63161980006313,740.6278630640529,22
3.3499999999999996,1.3034702841463934,3.3499999999999996,1795.5803311750212,136.6044353178646,774.491284494451,22
3.3499999999999996,1.2661345013834362,3.3499999999999996,1453.7509435886193,110.59868683891213,627.0493255504607,22
3.3499999999999996,1.2286337594549213,3.3499999999999996,1430.7731969820995,108.85058231495213,617.138287778942,22
3.3499999999999996,1.1984209374113393,3.3499999999999996,1451.6173639458234,110.43636804022091,626.1290443414108,22
3.3499999999999996,1.1658991427608816,3.3499999999999996,1420.2702684721817,108.05153891189683,612.6080384487567,22
3.3499999999999996,1.1434901326533626,3.3499999999999996,1460.6805375423037,111.1258775485617,630.0382812819494,22
3.3499999999999996,1.1263620919226258,3.3499999999999996,1478.7683619835243,112.50196582543913,637.8401390668494,22
3.3499999999999996,1.1825007308159665,3.3499999999999996,1781.6285351136353,135.54300844124668,768.4734281696847,22
3.3499999999999996,1.1435989073137953,3.3499999999999996,1374.0254180313348,104.53331610050252,592.6611538692475,22
3.3499999999999996,1.1692540410786365,3.3499999999999996,1669.185310219651,126.98853556399554,719.9730652681535,22
3.3499999999999996,1.1443820399404128,3.3499999999999996,1448.0885148182715,110.16789971606879,624.6069387323587,22
3.3499999999999996,1.1016663622312748,3.3499999999999996,1330.5058008798799,101.22242400450037,573.8897496590664,22
3.3499999999999996,1.0566902909127904,3.3499999999999996,1293.785092768431,98.42878035127882,558.0509325930702,22
3.3499999999999996,1.0116594359140265,3.3499999999999996,1268.496784053333,96.50489252950193,547.1432754087037,22
3.3499999999999996,0.9960815095512601,3.3499999999999996,1410.1564325587656,107.28209695496379,608.2456172127089,22
3.3499999999999996,0.94817795797219,3.3499999999999996,1219.5966860285528,92.78466338592914,526.0510975353068,22
3.3499999999999996,0.9424684806146304,3.3499999999999996,1430.7474271074973,108.84862179048702,617.1271724069728,22
3.3499999999999996,0.8875157196981771,3.3499999999999996,1118.2587624416014,85.07506132160853,482.3408066370444,22
3.3499999999999996,0.844792313085862,3.3499999999999996,1187.3531376184987,90.33163377387196,512.143422790162,22
3.3499999999999996,0.8040739923497588,3.3499999999999996,1163.8589186671718,88.54423698779779,502.009613960846,22
3.3499999999999996,0.7765216761220095,3.3499999999999996,1225.8402189103256,93.25965983632189,528.7441331614117,22
3.3499999999999996,0.7543681700603923,3.3499999999999996,1240.2469902419148,94.35570039119773,534.9582348867958,22
3.3499999999999996,0.7628443168537693,3.3499999999999996,1400.4110900922667,106.54068929889743,604.0421389980762,22
3.3499999999999996,0.7564467307697201,3.3499999999999996,1320.1342484589798,100.43337545165762,569.4161670422375,22
3.3499999999999996,0.7813844056150497,3.3499999999999996,1498.8974730462874,114.03335141840782,646.5224691258609,22
3.3499999999999996,0.7801526039179366,3.3499999999999996,1360.01504986094,103.46743316600869,586.6180335186093,22
3.3499999999999996,0.7767371194533965,3.3499999999999996,1346.8438482596987,102.46539247422974,580.9368725761717,22
3.3499999999999996,0.778587298045691,3.3499999999999996,1375.0360431711083,104.61020259460128,593.0970688484083,22
3.3499999999999996,0.8763047689881897,3.3499999999999996,1808.7558394083496,137.60680365025885,780.1743030251898,22
3.3499999999999996,0.8786069193492092,3.3499999999999996,1435.5905509340362,109.2170777063891,619.2161667717791,22
3.3499999999999996,0.8969070092613438,3.3499999999999996,1532.603418547606,116.59763750025039,661.0609225568658,22
3.3499999999999996,0.9144034857837081,3.3499999999999996,1538.8459151974914,117.07255511603488,663.7535112229815,22
3.3499999999999996,1.0051075583086426,3.3499999999999996,1835.1478381603795,139.61465817162764,791.5580170584458,22
3.3499999999999996,1.0752236084810272,3.3499999999999996,1788.994792219536,136.10341967703891,771.6507306990194,22
3.3499999999999996,1.1707121427446996,3.3499999999999996,1920.260412753338,146.0898656512686,828.2697954615836,22
3.3499999999999996,1.1667937380163873,3.3499999999999996,1567.47137034976,119.25032687533773,676.1005865084469,22
3.3499999999999996,1.2538702551795056,3.3499999999999996,1923.3348569651605,146.3237636886778,829.5959016821629,22
3.3499999999999996,1.3412384315712755,3.3499999999999996,1960.6674324622275,149.16395708253233,845.6986367412444,22
3.3499999999999996,1.4356160958410693,3.3499999999999996,2019.213859920889,153.61806115351823,870.9515853382851,22
3.3499999999999996,1.493805175534419,3.3499999999999996,1915.06540154017,145.69463879289668,826.0290208008272,22
3.3499999999999996,1.517917207680322,3.3499999999999996,1800.423385978924,136.97288598265203,776.5802490875847,22
3.3499999999999996,1.4774928066018553,3.3499999999999996,1560.8239218109743,118.74460126775595,673.2333291276279,22
3.3499999999999996,1.5058449106781469,3.3499999999999996,1810.8590686676175,137.7668134478257,781.0814931421203,22
3.3499999999999996,1.617181907594081,3.3499999999999996,2144.0836888624854,163.11792711587393,924.8119404181897,22
3.3499999999999996,1.5520846122592256,3.3499999999999996,1475.1892013560448,112.22966989529334,636.2963324970957,22
3.3499999999999996,1.4706427407463158,3.3499999999999996,1342.1024650810132,102.1046767989104,578.8917622101334,22
3.3499999999999996,1.3794799122528112,3.3499999999999996,1242.4494404191976,94.52325873295486,535.9082221623428,22
3.3499999999999996,1.2982856855930398,3.3499999999999996,1247.116419596555,94.87831388927081,537.9212397004749,22
3.3499999999999996,1.2434340430298663,3.3499999999999996,1348.9928314978285,102.62888315000482,581.8637978490539,22
3.3499999999999996,1.2369576526375423,3.3499999999999996,1585.0904202245085,120.59075164898309,683.7002468144472,22
3.3499999999999996,1.238144676543899,3.3499999999999996,1611.4937688100972,122.59946964472697,695.0888563942957,22
3.3499999999999996,1.2261691989010834,3.3499999999999996,1562.5785959806476,118.8780936378569,673.9901762750068,22
3.3499999999999996,1.3066658582767268,3.3499999999999996,1920.6840229565307,146.12209313315708,828.4525121046096,22
3.3499999999999996,1.1158917189975077,3.3499999999999996,1561.6525736735307,118.80738064981936,673.5907808142357,23
3.3499999999999996,1.1218155417266857,3.3499999999999996,1583.7673800187442,120.48983054920521,683.1296052139463,23
3.3499999999999996,1.1292084678551748,3.3499999999999996,1591.4997849075498,121.07809633024377,686.464839141407,23
3.3499999999999996,1.1491180782812156,3.3499999999999996,1641.671328423104,124.89504625158239,708.1054330487958,23
3.3499999999999996,1.1628940153227498,3.3499999999999996,1625.9082493872027,123.6958229654284,701.3063121080527,23
3.3499999999999996,1.2272140451245488,3.3499999999999996,1828.9669726119482,139.1441214097353,788.8920441933585,23
3.3499999999999996,1.2568694726481122,3.3499999999999996,1717.0713864211707,130.63133071242268,740.6278934196606,23
3.3499999999999996,1.303460786622784,3.3499999999999996,1795.5803311750212,136.60413301238955,774.4913162379958,23
3.3499999999999996,1.2661254099371697,3.3499999999999996,1453.7509435886193,110.59844208413158,627.0493512509026,23
3.3499999999999996,1.2286250377919954,3.3499999999999996,1430.7731969820995,108.85034142872516,617.1383130731671,23
3.3499999999999996,1.1984125446387934,3.3499999999999996,1451.6173639458234,110.4361236446518,626.1290700041338,23
3.3499999999999996,1.1658910518876051,3.3499999999999996,1420.2702684721817,108.05129979395215,612.6080635573035,23
3.3499999999999996,1.143482305898169,3.3499999999999996,1460.6805375423037,111.12563162710882,630.0383071048976,23
3.3499999999999996,1.12635449950987,3.3499999999999996,1478.7683619835243,112.50171685870417,637.840165209567,23
3.3499999999999996,1.1824929053717388,3.3499999999999996,1781.6285351136353,135.5427084847081,768.4734596665799,23
3.3499999999999996,1.1435913358570784,3.3499999999999996,1374.0254180313348,104.53308476838119,592.661178160245,23
3.3499999999999996,1.1692462663175915,3.3499999999999996,1669.185310219651,126.9882545384967,719.9730947771973,23
3.3499999999999996,1.144374500040307,3.3499999999999996,1448.0885148182715,110.16765591461977,624.6069643326963,23
3.3499999999999996,1.1016590562021316,3.3499999999999996,1330.5058008798799,101.22219999937997,573.8897731806932,23
3.3499999999999996,1.0566832025951296,3.3499999999999996,1293.785092768431,98.42856252848895,558.0509554655223,23
3.3499999999999996,1.0116525485739205,3.3499999999999996,1268.496784053333,96.50467896427377,547.1432978340911,23
3.3499999999999996,0.9960747754839495,3.3499999999999996,1410.1564325587656,107.28185953979333,608.2456421424561,23
3.3499999999999996,0.9481713993424005,3.3499999999999996,1219.5966860285528,92.78445805356428,526.0511190962033,23
3.3499999999999996,0.942462038491391,3.3499999999999996,1430.7474271074973,108.84838090859866,617.1271977007422,23
3.3499999999999996,0.88750967692751,3.3499999999999996,1118.2587624416014,85.07487305058518,482.34082640641725,23
3.3499999999999996,0.8447866222812518,3.3499999999999996,1187.3531376184987,90.33143387005916,512.1434437810341,23
3.3499999999999996,0.8040686208233174,3.3499999999999996,1163.8589186671718,88.54404103949226,502.00963453637087,23
3.3499999999999996,0.776516342505992,3.3499999999999996,1225.8402189103256,93.25945345279034,528.7441548326859,23
3.3499999999999996,0.7543628676386365,3.3499999999999996,1240.2469902419148,94.35549158212962,534.958256812763,23
3.3499999999999996,0.7628390110664208,3.3499999999999996,1400.4110900922667,106.54045352446138,604.0421637555385,23
3.3499999999999996,0.7564414374732391,3.3499999999999996,1320.1342484589798,100.43315319270074,569.4161903805084,23
3.3499999999999996,0.7813790895957733,3.3499999999999996,1498.8974730462874,114.03309906271818,646.5224956244352,23
3.3499999999999996,0.7801472936453187,3.3499999999999996,1360.01504986094,103.46720419268524,586.6180575619215,23
3.3499999999999996,0.7767318169053152,3.3499999999999996,1346.8438482596987,102.46516571842135,580.936896386634,23
3.3499999999999996,0.7785819970011595,3.3499999999999996,1375.0360431711083,104.60997109233024,593.0970931572723,23
3.3499999999999996,0.8762989982496663,3.3499999999999996,1808.7558394083496,137.60649912654358,780.1743350016606,23
3.3499999999999996,0.8786011854160118,3.3499999999999996,1435.5905509340362,109.2168360091083,619.2161921511688,23
3.3499999999999996,0.8969012904964849,3.3499999999999996,1532.603418547606,116.59737946979823,661.0609496513176,23
3.3499999999999996,0.914397779534647,3.3499999999999996,1538.8459151974914,117.07229603459052,663.7535384277929,23
3.3499999999999996,1.0051014156183065,3.3499999999999996,1835.1478381603795,139.6143492045325,791.5580495014931,23
3.3499999999999996,1.0752170857377852,3.3499999999999996,1788.994792219536,136.10311848031074,771.6507623261401,23
3.3499999999999996,1.1707052421208453,3.3499999999999996,1920.260412753338,146.08954235454598,828.2698294093115,23
3.3499999999999996,1.166786596727962,3.3499999999999996,1567.47137034976,119.2500629744867,676.1006142193194,23
3.3499999999999996,1.253862797040648,3.3499999999999996,1923.3348569651605,146.32343987433893,829.5959356842429,23
3.3499999999999996,1.3412306783092904,3.3499999999999996,1960.6674324622275,149.16362698284843,845.6986714033162,23
3.3499999999999996,1.4356079037446037,3.3499999999999996,2019.213859920889,153.61772119690653,870.9516210353823,23
3.3499999999999996,1.4937967738870812,3.3499999999999996,1915.06540154017,145.69431637081058,826.0290546567138,23
3.3499999999999996,1.5179086487048337,3.3499999999999996,1800.423385978924,136.972582861796,776.5802809167484,23
3.3499999999999996,1.4774841747726042,3.3499999999999996,1560.8239218109743,118.74433848607524,673.2333567209821,23
3.3499999999999996,1.50583614165226,3.3499999999999996,1810.8590686676175,137.7665085700089,781.0815251557734,23
3.3499999999999996,1.6171727643308926,3.3499999999999996,2144.0836888624854,163.11756613606866,924.8119783228244,23
3.3499999999999996,1.5520758356532602,3.3499999999999996,1475.1892013560448,112.2294215311491,636.2963585765383,23
3.3499999999999996,1.4706343194201426,3.3499999999999996,1342.1024650810132,102.10445084136538,578.8917859367742,23
3.3499999999999996,1.3794718304462346,3.3499999999999996,1242.4494404191976,94.52304955308034,535.9082441272465,23
3.3499999999999996,1.2982779084110088,3.3499999999999996,1247.116419596555,94.87810392365954,537.9212617478848,23
3.3499999999999996,1.2434265198459968,3.3499999999999996,1348.9928314978285,102.62865603239175,581.8638216975074,23
3.3499999999999996,1.2369499458288358,3.3499999999999996,1585.0904202245085,120.59048478177334,683.7002748368017,23
3.3499999999999996,1.2381367967098833,3.3499999999999996,1611.4937688100972,122.59919833222645,695.0888848834272,23
3.3499999999999996,1.2261611777772543,3.3499999999999996,1562.5785959806476,118.87783056075762,673.9902038993813,23
3.3499999999999996,1.3066576089967232,3.3499999999999996,1920.6840229565307,146.12176976511486,828.4525460598263,23
