3.3499999999999996,3.3499999999999996,3.3499999999999996,1003.5006639785266,269.85072298624095,660.6320321517142,1
3.3499999999999996,3.3499999999999996,3.3499999999999996,1038.896717435151,279.3690531269117,683.9342257272442,1
3.3499999999999996,3.3499999999999996,3.3499999999999996,1022.5637827831995,274.9769740954516,673.1818065237123,1
3.3499999999999996,3.3499999999999996,3.3499999999999996,1013.6887116433194,272.5903843804476,667.3391035808116,1
3.3499999999999996,3.3499999999999996,3.3499999999999996,1020.4268615720127,274.40233597661165,671.7750126341123,1
3.3499999999999996,3.3499999999999996,3.3499999999999996,1023.1084124215811,275.1234301038556,673.5403511641788,1
3.3499999999999996,3.3499999999999996,3.3499999999999996,1021.0161868027556,274.5608110482268,672.1629816098779,1
3.3499999999999996,3.3499999999999996,3.3499999999999996,1015.2323780230472,273.0054907212521,668.355341530631,1
3.3499999999999996,3.3499999999999996,3.3499999999999996,1017.5355752015204,273.6248420043163,669.8715994535987,1
3.3499999999999996,3.3499999999999996,3.3499999999999996,1034.7952930097058,278.2661417027259,681.2341454481179,1
3.3499999999999996,3.3499999999999996,3.3499999999999996,1046.1561325900127,281.32117782230546,688.7132979871226,1
3.3499999999999996,3.3499999999999996,3.3499999999999996,1027.6466876808518,276.34381480691053,676.5280223383156,1
3.3499999999999996,3.3499999999999996,3.3499999999999996,997.4257429261065,268.2171198438371,656.6327448726104,1
3.3499999999999996,3.3499999999999996,3.3499999999999996,982.3741921813014,264.16961694090253,646.7238958678149,1
3.3499999999999996,3.3499999999999996,3.3499999999999996,988.4518493194361,265.8039558423694,650.7249843872474,1
3.3499999999999996,3.3499999999999996,3.3499999999999996,989.0994052395682,265.97808969149816,651.1512882242102,1
3.3499999999999996,3.3499999999999996,3.3499999999999996,998.37845981506,268.473314334298,657.2599445517011,1
3.3499999999999996,3.3499999999999996,3.3499999999999996,970.232668621415,260.9046475907079,638.7307976360861,1
3.3499999999999996,3.3499999999999996,3.3499999999999996,984.0862974194712,264.6300180676113,647.851021741619,1
3.3499999999999996,3.3499999999999996,3.3499999999999996,998.174467446687,268.41845887673315,657.1256507762217,1
3.3499999999999996,3.3499999999999996,3.3499999999999996,997.9356070123252,268.35422706980063,656.9684023958099,1
3.3499999999999996,3.3499999999999996,3.3499999999999996,997.9611828472327,268.36110465123977,656.9852396699597,1
3.3499999999999996,3.3499999999999996,3.3499999999999996,976.8034867827259,262.67160210811807,643.0565475938349,1
3.3499999999999996,3.3499999999999996,3.3499999999999996,995.8861390430576,267.80310594642106,655.6191813758661,1
3.3499999999999996,3.3499999999999996,3.3499999999999996,968.5950784428103,260.4642842611016,637.652727071355,1
3.3499999999999996,3.3499999999999996,3.3499999999999996,993.625909841283,267.1953091545433,654.1312104513858,1
3.3499999999999996,3.3499999999999996,3.3499999999999996,965.4514198343883,259.61892503140143,635.5831703192556,1
3.3499999999999996,3.3499999999999996,3.3499999999999996,976.547259028529,262.6027000662947,642.8878658300605,1
3.3499999999999996,3.3499999999999996,3.3499999999999996,994.3137775150162,267.38028321160056,654.58405262226,1
3.3499999999999996,3.3499999999999996,3.3499999999999996,985.3573917394009,264.97182722980614,648.6878180226522,1
3.3499999999999996,3.3499999999999996,3.3499999999999996,995.5292980220087,267.70714805523295,655.3842631367929,1
3.3499999999999996,3.3499999999999996,3.3499999999999996,990.9404243054923,266.47315695333873,652.3632816093761,1
3.3499999999999996,3.3499999999999996,3.3499999999999996,1016.4503339327534,273.33301046747397,669.1571553376198,1
3.3499999999999996,3.3499999999999996,3.3499999999999996,1012.0187505240226,272.14131620184315,666.2397223372742,1
3.3499999999999996,3.3499999999999996,3.3499999999999996,1016.1508796812041,273.25248441584046,668.9600163841154,1
3.3499999999999996,3.3499999999999996,3.3499999999999996,1028.3821819233267,276.54159609416666,677.0122183866926,1
3.3499999999999996,3.3499999999999996,3.3499999999999996,1033.1156493573517,277.8144698003377,680.1283899272933,1
3.3499999999999996,3.3499999999999996,3.3499999999999996,988.7592456407006,265.8866175909007,650.9273518232467,1
3.3499999999999996,3.3499999999999996,3.3499999999999996,992.1778898522869,266.80592302361634,653.1779391459796,1
3.3499999999999996,3.3499999999999996,3.3499999999999996,985.7760049013808,265.0843962279812,648.9634025576818,1
3.3499999999999996,3.3499999999999996,3.3499999999999996,981.3685835594836,263.8991993683194,646.0618761091565,1
3.3499999999999996,3.3499999999999996,3.3499999999999996,992.2649599359863,266.8293369842445,653.2352597720624,1
3.3499999999999996,3.3499999999999996,3.3499999999999996,977.5713782342264,262.878095308173,643.5620716141834,1
3.3499999999999996,3.3499999999999996,3.3499999999999996,968.4607866124542,260.42817193072307,637.5643190732596,1
3.3499999999999996,3.3499999999999996,3.3499999999999996,973.9777458999295,261.9117339310793,641.1962848070276,1
3.3499999999999996,3.3499999999999996,3.3499999999999996,987.4469066198402,265.53371734250607,650.0634030234665,1
3.3499999999999996,3.3499999999999996,3.3499999999999996,972.1902363947431,261.43105589105994,640.0195182344773,1
3.3499999999999996,3.3499999999999996,3.3499999999999996,995.2837701685883,267.64112331689745,655.2226254114009,1
3.3499999999999996,3.3499999999999996,3.3499999999999996,992.2663653518007,266.829714913714,653.2361849958703,1
3.3499999999999996,3.3499999999999996,3.3499999999999996,1006.2822075788382,270.5987061002591,662.4631986542926,1
3.3499999999999996,3.3499999999999996,3.3499999999999996,993.5822148880142,267.1835591725514,654.1024448642676,1
3.3499999999999996,3.3499999999999996,3.3499999999999996,989.3602828796317,266.0482421311617,651.3230311354853,1
3.3499999999999996,3.3499999999999996,3.3499999999999996,1035.2038239760197,278.3759995041,681.5030925969945,1
3.3499999999999996,3.3499999999999996,3.3499999999999996,1020.103446089732,274.31536652571725,671.5620993447067,1
3.3499999999999996,3.3499999999999996,3.3499999999999996,1029.2434558076898,276.773200704634,677.5792186258457,1
3.3499999999999996,3.3499999999999996,3.3499999999999996,1025.5308608575522,275.774849166452,675.1351154632808,1
3.3499999999999996,3.3499999999999996,3.3499999999999996,1031.3254477911087,277.3330678398982,678.9498510970554,1
3.3499999999999996,3.3499999999999996,3.3499999999999996,1001.7072223588665,269.36844974510524,659.4513603053757,1
3.3499999999999996,3.3499999999999996,3.3499999999999996,1038.6842352931212,279.31191468973196,683.7943429007312,1
3.3499999999999996,3.3499999999999996,3.3499999999999996,1038.6717851283966,279.3085667238831,683.7861466155487,1
3.3499999999999996,3.3499999999999996,3.3499999999999996,1342.098372785777,305.3464969528378,687.4277064012009,2
3.3499999999999996,3.3499999999999996,3.3499999999999996,1389.4376396666114,316.116854479145,711.6750524337118,2
3.3499999999999996,3.3499999999999996,3.3499999999999996,1367.5937029298943,311.14704772170813,700.486507961725,2
3.3499999999999996,3.3499999999999996,3.3499999999999996,1355.7240361097774,308.44652944598977,694.4068211046709,2
3.3499999999999996,3.3499999999999996,3.3499999999999996,1364.735749185315,310.49682253549526,699.0226535770732,2
3.3499999999999996,3.3499999999999996,3.3499999999999996,1368.3220996093194,311.3127683417197,700.8595954110813,2
3.3499999999999996,3.3499999999999996,3.3499999999999996,1365.5239224886448,310.67614318891646,699.4263588323222,2
3.3499999999999996,3.3499999999999996,3.3499999999999996,1357.788561038085,308.9162382747263,695.4642783410798,2
3.3499999999999996,3.3499999999999996,3.3499999999999996,1360.8688950093435,309.61705813014146,697.0420366930379,2
3.3499999999999996,3.3499999999999996,3.3499999999999996,1383.9523268560843,314.86886768074953,708.8654551041159,2
3.3499999999999996,3.3499999999999996,3.3499999999999996,1399.1465014705382,318.325758834699,716.6479670404005,2
3.3499999999999996,3.3499999999999996,3.3499999999999996,1374.391663944806,312.69368068425075,703.9684485135087,2
3.3499999999999996,3.3499999999999996,3.3499999999999996,1333.9736729705014,303.4980120148534,683.2662053723159,2
3.3499999999999996,3.3499999999999996,3.3499999999999996,1313.8434802485385,298.91810643171925,672.9554468669243,2
3.3499999999999996,3.3499999999999996,3.3499999999999996,1321.9718393500677,300.7674239094499,677.1188221956428,2
3.3499999999999996,3.3499999999999996,3.3499999999999996,1322.8378913397612,300.96446307333997,677.5624171995347,2
3.3499999999999996,3.3499999999999996,3.3499999999999996,1335.2478522832691,303.78790595819805,683.9188446871982,2
3.3499999999999996,3.3499999999999996,3.3499999999999996,1297.605205977489,295.22366773350916,664.6381432590739,2
3.3499999999999996,3.3499999999999996,3.3499999999999996,1316.133278089903,299.4390680570131,674.1282897152055,2
3.3499999999999996,3.3499999999999996,3.3499999999999996,1334.9750295184406,303.72583489305225,683.7791038669401,2
3.3499999999999996,3.3499999999999996,3.3499999999999996,1334.6555736258963,303.65315412709833,683.6154773877186,2
3.3499999999999996,3.3499999999999996,3.3499999999999996,1334.6897791701915,303.6609363756569,683.632997592897,2
3.3499999999999996,3.3499999999999996,3.3499999999999996,1306.3931267818498,297.223044893576,669.1393485098021,2
3.3499999999999996,3.3499999999999996,3.3499999999999996,1331.914581292393,303.0295393279294,682.2115310665764,2
3.3499999999999996,3.3499999999999996,3.3499999999999996,1295.415065808292,294.7253796481792,663.5163454358017,2
3.3499999999999996,3.3499999999999996,3.3499999999999996,1328.8917134032997,302.34179382476646,680.6632070525624,2
3.3499999999999996,3.3499999999999996,3.3499999999999996,1291.210684830376,293.7688230875771,661.3628460865058,2
3.3499999999999996,3.3499999999999996,3.3499999999999996,1306.0504435487296,297.1450795767858,668.9638249015907,2
3.3499999999999996,3.3499999999999996,3.3499999999999996,1329.8116789984883,302.5510991018639,681.1344168028253,2
3.3499999999999996,3.3499999999999996,3.3499999999999996,1317.8332606406582,299.8258383022349,674.9990270094934,2
3.3499999999999996,3.3499999999999996,3.3499999999999996,1331.4373362133572,302.9209592744649,681.9670843876105,2
3.3499999999999996,3.3499999999999996,3.3499999999999996,1325.3001006649133,301.5246507670627,678.8235698418374,2
3.3499999999999996,3.3499999999999996,3.3499999999999996,1359.417475400793,309.2868394948564,696.2986142489283,2
3.3499999999999996,3.3499999999999996,3.3499999999999996,1353.4906025095065,307.9383914884092,693.2628482272979,2
3.3499999999999996,3.3499999999999996,3.3499999999999996,1359.0169803357126,309.1957211628109,696.0934792084605,2
3.3499999999999996,3.3499999999999996,3.3499999999999996,1375.3753261001505,312.91747783609134,704.4722838753822,2
3.3499999999999996,3.3499999999999996,3.3499999999999996,1381.70594367608,314.357783509323,707.7148494045327,2
3.3499999999999996,3.3499999999999996,3.3499999999999996,1322.382956270443,300.86095886487504,677.3293977893302,2
3.3499999999999996,3.3499999999999996,3.3499999999999996,1326.9551075386976,301.90118840513003,679.671270429509,2
3.3499999999999996,3.3499999999999996,3.3499999999999996,1318.393120801879,299.9532144636836,675.2857894364043,2
3.3499999999999996,3.3499999999999996,3.3499999999999996,1312.4985626581006,298.6121185225928,672.2665751469069,2
3.3499999999999996,3.3499999999999996,3.3499999999999996,1327.0715565076378,301.9276822042887,679.7309160182784,2
3.3499999999999996,3.3499999999999996,3.3499999999999996,1307.4201174999714,297.45669991063,669.6653769203637,2
3.3499999999999996,3.3499999999999996,3.3499999999999996,1295.2354616949424,294.6845171540717,663.4243515505519,2
3.3499999999999996,3.3499999999999996,3.3499999999999996,1302.6139342243882,296.3632247551042,667.203632228117,2
3.3499999999999996,3.3499999999999996,3.3499999999999996,1320.627812375015,300.4616386280099,676.4304066520907,2
3.3499999999999996,3.3499999999999996,3.3499999999999996,1300.2232894701153,295.8193190206381,665.9791352213599,2
3.3499999999999996,3.3499999999999996,3.3499999999999996,1331.108963204372,302.8462497375037,681.7988905286595,2
3.3499999999999996,3.3499999999999996,3.3499999999999996,1327.073436133975,301.92810984605427,679.7318787697787,2
3.3499999999999996,3.3499999999999996,3.3499999999999996,1345.818455167198,306.1928686842815,689.333146234032,2
3.3499999999999996,3.3499999999999996,3.3499999999999996,1328.8332750506545,302.32849826713107,680.6332747141143,2
3.3499999999999996,3.3499999999999996,3.3499999999999996,1323.1867934070872,301.04384326349447,677.7411261174233,2
3.3499999999999996,3.3499999999999996,3.3499999999999996,1384.4987029221934,314.99317601849003,709.1453109280808,2
3.3499999999999996,3.3499999999999996,3.3499999999999996,1364.303207974249,310.3984132487658,698.8011043831569,2
3.3499999999999996,3.3499999999999996,3.3499999999999996,1376.527208027307,313.1795473821788,705.0622820210372,2
3.3499999999999996,3.3499999999999996,3.3499999999999996,1371.5619221832121,312.04987412602475,702.5190444099613,2
3.3499999999999996,3.3499999999999996,3.3499999999999996,1379.3116985148586,313.813058630991,706.4885082561383,2
3.3499999999999996,3.3499999999999996,3.3499999999999996,1339.6997943235672,304.80078618680653,686.1991457201551,2
3.3499999999999996,3.3499999999999996,3.3499999999999996,1389.1534625381842,316.05220013454664,711.5294958667955,2
3.3499999999999996,3.3499999999999996,3.3499999999999996,1389.1368114821182,316.04841178211024,711.5209671348392,2
3.3499999999999996,3.3499999999999996,3.3499999999999996,1037.5603773594141,271.18195926887006,662.1576099338928,3
3.3499999999999996,3.3499999999999996,3.3499999999999996,1074.1578046454963,280.74724554252066,685.5136145677197,3
3.3499999999999996,3.3499999999999996,3.3499999999999996,1057.2705155293347,276.33349936524723,674.7363651242912,3
3.3499999999999996,3.3499999999999996,3.3499999999999996,1048.09421650779,273.9351360489527,668.8801698023296,3
3.3499999999999996,3.3499999999999996,3.3499999999999996,1055.06106529392,275.7560264231215,673.3263225676609,3
3.3499999999999996,3.3499999999999996,3.3499999999999996,1057.8336303865585,276.4806778751515,675.0957377411663,3
3.3499999999999996,3.3499999999999996,3.3499999999999996,1055.670392752033,275.91528328906685,673.7151874685721,3
3.3499999999999996,3.3499999999999996,3.3499999999999996,1049.6902763101994,274.35229020573445,669.8987545200353,3
3.3499999999999996,3.3499999999999996,3.3499999999999996,1052.0716460684969,274.974696892507,671.4185138920498,3
3.3499999999999996,3.3499999999999996,3.3499999999999996,1069.9171741931907,279.63889320015556,682.8072990740058,3
3.3499999999999996,3.3499999999999996,3.3499999999999996,1081.663610867512,282.7090005223696,690.3037229961521,3
3.3499999999999996,3.3499999999999996,3.3499999999999996,1062.5259387821518,277.70708301935036,678.0903082549383,3
3.3499999999999996,3.3499999999999996,3.3499999999999996,1031.2792680330006,269.5402971828009,658.1490872203558,3
3.3499999999999996,3.3499999999999996,3.3499999999999996,1015.716854144096,265.47282700811377,648.2173560070794,3
3.3499999999999996,3.3499999999999996,3.3499999999999996,1022.0007924214294,267.11522848291645,652.2276841204957,3
3.3499999999999996,3.3499999999999996,3.3499999999999996,1022.6703269708038,267.2902213747613,652.6549724081519,3
3.3499999999999996,3.3499999999999996,3.3499999999999996,1032.2643209884218,269.79775554017795,658.7777352728959,3
3.3499999999999996,3.3499999999999996,3.3499999999999996,1003.1632363751062,262.1917508059066,640.2057995528005,3
3.3499999999999996,3.3499999999999996,3.3499999999999996,1017.4870697710112,265.93549940049735,649.3470847189342,3
3.3499999999999996,3.3499999999999996,3.3499999999999996,1032.053404935942,269.74262946790225,658.64313137682,3
3.3499999999999996,3.3499999999999996,3.3499999999999996,1031.806437364012,269.67808079054987,658.4855198674286,3
3.3499999999999996,3.3499999999999996,3.3499999999999996,1031.8328812657157,269.6849923006955,658.5023960233917,3
3.3499999999999996,3.3499999999999996,3.3499999999999996,1009.9570740034546,263.9674221202825,644.5415388354772,3
3.3499999999999996,3.3499999999999996,3.3499999999999996,1029.6874086120542,269.12424085868435,657.1331831317596,3
3.3499999999999996,3.3499999999999996,3.3499999999999996,1001.4700649157702,261.749215061732,639.125239431976,3
3.3499999999999996,3.3499999999999996,3.3499999999999996,1027.350465202157,268.5134456640866,655.6417760805513,3
3.3499999999999996,3.3499999999999996,3.3499999999999996,998.2197077121069,260.899685478638,637.0509035144014,3
3.3499999999999996,3.3499999999999996,3.3499999999999996,1009.6921496492638,263.89818016868605,644.3724675399536,3
3.3499999999999996,3.3499999999999996,3.3499999999999996,1028.0616797222376,268.69933224112276,656.0956639862994,3
3.3499999999999996,3.3499999999999996,3.3499999999999996,1018.8013061732244,266.27899478666643,650.1858133885778,3
3.3499999999999996,3.3499999999999996,3.3499999999999996,1029.3184560864136,269.02780958493526,656.8977224030269,3
3.3499999999999996,3.3499999999999996,3.3499999999999996,1024.5738318765134,267.78773091837155,653.8697646133728,3
3.3499999999999996,3.3499999999999996,3.3499999999999996,1050.9495707368437,274.6814256829228,670.7024199316539,3
3.3499999999999996,3.3499999999999996,3.3499999999999996,1046.3675754089752,273.4838525127383,667.778249790586,3
3.3499999999999996,3.3499999999999996,3.3499999999999996,1050.6399527391757,274.6005023775763,670.5048257310636,3
3.3499999999999996,3.3499999999999996,3.3499999999999996,1063.2863963594716,277.9058400076265,678.5756224427603,3
3.3499999999999996,3.3499999999999996,3.3499999999999996,1068.1805219274547,279.1849930953835,681.6989900650472,3
3.3499999999999996,3.3499999999999996,3.3499999999999996,1022.3186220497882,267.1982980210493,652.4305188775589,3
3.3499999999999996,3.3499999999999996,3.3499999999999996,1025.8532981148426,268.12213860095056,654.6863034142464,3
3.3499999999999996,3.3499999999999996,3.3499999999999996,1019.2341274417121,266.3921191138506,650.4620343227272,3
3.3499999999999996,3.3499999999999996,3.3499999999999996,1014.677114262916,265.20107540284727,647.5538074660035,3
3.3499999999999996,3.3499999999999996,3.3499999999999996,1025.943323435346,268.14566806808364,654.743756409136,3
3.3499999999999996,3.3499999999999996,3.3499999999999996,1010.7510283801573,264.1749339992464,645.0482302473179,3
3.3499999999999996,3.3499999999999996,3.3499999999999996,1001.3312151001376,261.7129245808414,639.0366272759364,3
3.3499999999999996,3.3499999999999996,3.3499999999999996,1007.0354249384202,263.203805337066,642.6769801994851,3
3.3499999999999996,3.3499999999999996,3.3499999999999996,1020.9617410644694,266.84365683377706,651.5645749866694,3
3.3499999999999996,3.3499999999999996,3.3499999999999996,1005.1872457559754,262.72075600064954,641.4974961551042,3
3.3499999999999996,3.3499999999999996,3.3499999999999996,1029.064594797237,268.96145913123297,656.7357114124727,3
3.3499999999999996,3.3499999999999996,3.3499999999999996,1025.9447765522345,268.14604786196713,654.7446837695354,3
3.3499999999999996,3.3499999999999996,3.3499999999999996,1040.43632904652,271.93363235729,663.9930050944771,3
3.3499999999999996,3.3499999999999996,3.3499999999999996,1027.305287202949,268.5016377167049,655.6129440659236,3
3.3499999999999996,3.3499999999999996,3.3499999999999996,1022.9400590321615,267.3607198927008,652.8271119201925,3
3.3499999999999996,3.3499999999999996,3.3499999999999996,1070.3395710672407,279.74929295557575,683.0768672944849,3
3.3499999999999996,3.3499999999999996,3.3499999999999996,1054.7266727998394,275.66862793172913,673.1129176039675,3
3.3499999999999996,3.3499999999999996,3.3499999999999996,1064.1769026526379,278.13858717742187,679.1439320385978,3
3.3499999999999996,3.3499999999999996,3.3499999999999996,1060.3382988970852,277.13531053925954,676.6941847817404,3
3.3499999999999996,3.3499999999999996,3.3499999999999996,1066.3295593129844,278.7012162672793,680.5177296703567,3
3.3499999999999996,3.3499999999999996,3.3499999999999996,1035.706064721205,270.69730686183965,660.9742115973917,3
3.3499999999999996,3.3499999999999996,3.3499999999999996,1073.9381106688202,280.68982522816145,685.3734087139813,3
3.3499999999999996,3.3499999999999996,3.3499999999999996,1073.925237934328,280.6864607460196,685.3651935013628,3
3.3499999999999996,3.3499999999999996,3.3499999999999996,1006.9077702324219,269.96614099377797,660.7686557886693,4
3.3499999999999996,3.3499999999999996,3.3499999999999996,1042.4240011033962,279.4885422248936,684.0756684318201,4
3.3499999999999996,3.3499999999999996,3.3499999999999996,1026.0356125331816,275.09458465479156,673.3210255477122,4
3.3499999999999996,3.3499999999999996,3.3499999999999996,1017.1304085678138,272.7069741701313,667.4771142902176,4
3.3499999999999996,3.3499999999999996,3.3499999999999996,1023.8914360028067,274.5197007571519,671.9139407226319,4
3.3499999999999996,3.3499999999999996,3.3499999999999996,1026.5820913093999,275.24110330397895,673.6796443378875,4
3.3499999999999996,3.3499999999999996,3.3499999999999996,1024.4827621227878,274.67824361023105,672.3019899332787,4
3.3499999999999996,3.3499999999999996,3.3499999999999996,1018.6793160356297,273.122258056307,668.4935624056327,4
3.3499999999999996,3.3499999999999996,3.3499999999999996,1020.9903330769015,273.74187424246384,670.0101339020603,4
3.3499999999999996,3.3499999999999996,3.3499999999999996,1038.3086514367315,278.3851590738299,681.3750297559313,4
3.3499999999999996,3.3499999999999996,3.3499999999999996,1049.7080635750576,281.4415018646609,688.8557290395253,4
3.3499999999999996,3.3499999999999996,3.3499999999999996,1031.1357750148957,276.462009978475,676.667933384731,4
3.3499999999999996,3.3499999999999996,3.3499999999999996,1000.8122234821298,268.3318391420367,656.768541427095,4
3.3499999999999996,3.3499999999999996,3.3499999999999996,985.7095694002624,264.2826050793137,646.8576431983394,4
3.3499999999999996,3.3499999999999996,3.3499999999999996,991.807861525884,265.91764300480986,650.8595591727524,4
3.3499999999999996,3.3499999999999996,3.3499999999999996,992.4576160412981,266.09185133282693,651.2859511725318,4
3.3499999999999996,3.3499999999999996,3.3499999999999996,1001.7681750552115,268.5881432095903,657.3958708157624,4
3.3499999999999996,3.3499999999999996,3.3499999999999996,973.5268226879282,261.0162392672052,638.8628919342144,4
3.3499999999999996,3.3499999999999996,3.3499999999999996,987.4274876136236,264.74320312445246,647.98500217019,4
3.3499999999999996,3.3499999999999996,3.3499999999999996,1001.5634900877213,268.53326428976635,657.2615492673274,4
3.3499999999999996,3.3499999999999996,3.3499999999999996,1001.323818669462,268.4690050102107,657.1042683667763,4
3.3499999999999996,3.3499999999999996,3.3499999999999996,1001.3494813399742,268.4758855332642,657.1211091230001,4
3.3499999999999996,3.3499999999999996,3.3499999999999996,980.1199502272538,262.78394952974577,643.1895364893535,4
3.3499999999999996,3.3499999999999996,3.3499999999999996,999.2673923040658,267.91764816649925,655.7547683178516,4
3.3499999999999996,3.3499999999999996,3.3499999999999996,971.8836725292067,260.57568758954653,637.784598416441,4
3.3499999999999996,3.3499999999999996,3.3499999999999996,996.9994891252576,267.30959141350684,654.2664896698737,4
3.3499999999999996,3.3499999999999996,3.3499999999999996,968.7293405059188,259.7299667907654,635.7146136645526,4
3.3499999999999996,3.3499999999999996,3.3499999999999996,979.8628525232749,262.71501801779044,643.0208198409308,4
3.3499999999999996,3.3499999999999996,3.3499999999999996,997.689692261574,267.49464458592416,654.7194254918902,4
3.3499999999999996,3.3499999999999996,3.3499999999999996,988.7028975793343,265.08515848204047,648.8219715069421,4
3.3499999999999996,3.3499999999999996,3.3499999999999996,998.9093397289859,267.8216492331066,655.5198014959324,4
3.3499999999999996,3.3499999999999996,3.3499999999999996,994.3048857733137,266.58713034017006,652.4981952069792,4
3.3499999999999996,3.3499999999999996,3.3499999999999996,1019.901407174485,273.4499178861872,669.2955420337038,4
3.3499999999999996,3.3499999999999996,3.3499999999999996,1015.4547775619114,272.2577139203184,666.3775056864301,4
3.3499999999999996,3.3499999999999996,3.3499999999999996,1019.600936209654,273.36935739270996,669.098362310392,4
3.3499999999999996,3.3499999999999996,3.3499999999999996,1031.8737664226674,276.65987585887916,677.1522295684662,4
3.3499999999999996,3.3499999999999996,3.3499999999999996,1036.6233050234348,277.93329398659336,680.2690455566087,4
3.3499999999999996,3.3499999999999996,3.3499999999999996,992.1163015255099,266.00034010864476,651.0619684598483,4
3.3499999999999996,3.3499999999999996,3.3499999999999996,995.5465527887817,266.9200387380145,653.3130212208439,4
3.3499999999999996,3.3499999999999996,3.3499999999999996,989.1229320253984,265.1977756271659,649.0976130349111,4
3.3499999999999996,3.3499999999999996,3.3499999999999996,984.7005465152085,264.01207184627526,646.1954865290517,4
3.3499999999999996,3.3499999999999996,3.3499999999999996,995.6339184946339,266.94346271304124,653.3703537012605,4
3.3499999999999996,3.3499999999999996,3.3499999999999996,980.8904488397263,262.990531049126,643.6951650558439,4
3.3499999999999996,3.3499999999999996,3.3499999999999996,971.7489247484447,260.53955981354255,637.6961721349115,4
3.3499999999999996,3.3499999999999996,3.3499999999999996,977.2846153304429,262.02375634905326,641.3288889863117,4
3.3499999999999996,3.3499999999999996,3.3499999999999996,990.7995068240051,265.6472889210826,650.1978409890056,4
3.3499999999999996,3.3499999999999996,3.3499999999999996,975.4910368359349,261.5428727179535,640.1518790496478,4
3.3499999999999996,3.3499999999999996,3.3499999999999996,998.6629782543085,267.7555962552923,655.358130342652,4
3.3499999999999996,3.3499999999999996,3.3499999999999996,995.6353286821452,266.9438408041553,653.3712791164113,4
3.3499999999999996,3.3499999999999996,3.3499999999999996,1009.6987577872183,270.714444028083,662.600200990153,4
3.3499999999999996,3.3499999999999996,3.3499999999999996,996.9556458179776,267.29783640592353,654.2377181338175,4
3.3499999999999996,3.3499999999999996,3.3499999999999996,992.7193794185323,266.16203377743074,651.457729601523,4
3.3499999999999996,3.3499999999999996,3.3499999999999996,1038.7185694558498,278.4950638625473,681.6440325250866,4
3.3499999999999996,3.3499999999999996,3.3499999999999996,1023.566922453577,274.4326941085037,671.7009834011681,4
3.3499999999999996,3.3499999999999996,3.3499999999999996,1032.7379645219742,276.8915795290873,677.7193470675022,4
3.3499999999999996,3.3499999999999996,3.3499999999999996,1029.0127644925108,275.89280098539604,675.2747384461542,4
3.3499999999999996,3.3499999999999996,3.3499999999999996,1034.8270253277287,277.45168612544495,679.0902629957411,4
3.3499999999999996,3.3499999999999996,3.3499999999999996,1005.1082394826021,269.4836614792776,659.5877397705774,4
3.3499999999999996,3.3499999999999996,3.3499999999999996,1042.2107975375936,279.4313793490003,683.935756676494,4
3.3499999999999996,3.3499999999999996,3.3499999999999996,1042.1983051018115,279.42802995119104,683.9275586962585,4
3.3499999999999996,3.3499999999999996,3.3499999999999996,1003.8413850862751,269.8620915690097,660.6455321360708,5
3.3499999999999996,3.3499999999999996,3.3499999999999996,1039.2494566540745,279.3808227088803,683.9482018908252,5
3.3499999999999996,3.3499999999999996,3.3499999999999996,1022.9109764396861,274.98855864284474,673.195562962115,5
3.3499999999999996,3.3499999999999996,3.3499999999999996,1014.0328919245501,272.60186838283397,667.3527406238559,5
3.3499999999999996,3.3499999999999996,3.3499999999999996,1020.7733296742587,274.4138963149867,671.7887403247485,5
3.3499999999999996,3.3499999999999996,3.3499999999999996,1023.4557909975405,275.13502082131646,673.5541149294243,5
3.3499999999999996,3.3499999999999996,3.3499999999999996,1021.3628550000813,274.57237806302277,672.1767172286419,5
3.3499999999999996,3.3499999999999996,3.3499999999999996,1015.5770824292115,273.0169922117177,668.3689993404497,5
3.3499999999999996,3.3499999999999996,3.3499999999999996,1017.8810616180233,273.63636958752784,669.8852882480763,5
3.3499999999999996,3.3499999999999996,3.3499999999999996,1035.1466396616645,278.27786481996884,681.248066435686,5
3.3499999999999996,3.3499999999999996,3.3499999999999996,1046.5113366164464,281.3330296456368,688.7273718108196,5
3.3499999999999996,3.3499999999999996,3.3499999999999996,1027.9956071488396,276.35545693814686,676.5418471564802,5
3.3499999999999996,3.3499999999999996,3.3499999999999996,997.7644014006105,268.22841960428656,656.6461631317205,5
3.3499999999999996,3.3499999999999996,3.3499999999999996,982.7077401648737,264.1807461834776,646.7371116400639,5
3.3499999999999996,3.3499999999999996,3.3499999999999996,988.787460865243,265.81515393826055,650.738281921551,5
3.3499999999999996,3.3499999999999996,3.3499999999999996,989.4352366516678,265.98929512350094,651.1645944700127,5
3.3499999999999996,3.3499999999999996,3.3499999999999996,998.7174417679287,268.4846248880048,657.2733756276069,5
3.3499999999999996,3.3499999999999996,3.3499999999999996,970.5620941629147,260.915639282885,638.7438500697504,5
3.3499999999999996,3.3499999999999996,3.3499999999999996,984.420426718447,264.6411667064963,647.8642605466318,5
3.3499999999999996,3.3499999999999996,3.3499999999999996,998.5133801375132,268.42976711942595,657.1390791078408,5
3.3499999999999996,3.3499999999999996,3.3499999999999996,998.2744386022665,268.3655326064619,656.9818275140655,5
3.3499999999999996,3.3499999999999996,3.3499999999999996,998.3000231210017,268.3724104776476,656.9986651322841,5
3.3499999999999996,3.3499999999999996,3.3499999999999996,977.1351433306646,262.6826682405947,643.0696884239951,5
3.3499999999999996,3.3499999999999996,3.3499999999999996,996.2242747719777,267.81438826481525,655.6325789228541,5
3.3499999999999996,3.3499999999999996,3.3499999999999996,968.9239479691925,260.4752574011442,637.665757474698,5
3.3499999999999996,3.3499999999999996,3.3499999999999996,993.9632781488899,267.20656586697265,654.144577591758,5
3.3499999999999996,3.3499999999999996,3.3499999999999996,965.7792219864459,259.62986255717453,635.5961584313042,5
3.3499999999999996,3.3499999999999996,3.3499999999999996,976.8788285788129,262.61376329598664,642.9010032132168,5
3.3499999999999996,3.3499999999999996,3.3499999999999996,994.6513793760666,267.39154771683053,654.5974290164407,5
3.3499999999999996,3.3499999999999996,3.3499999999999996,985.6919526162324,264.9829902688224,648.7010739275574,5
3.3499999999999996,3.3499999999999996,3.3499999999999996,995.8673125917982,267.71842633100255,655.3976558832378,5
3.3499999999999996,3.3499999999999996,3.3499999999999996,991.2768808034318,266.48438324210656,652.3766126222059,5
3.3499999999999996,3.3499999999999996,3.3499999999999996,1016.7954518745552,273.3445257560694,669.1708295324657,5
3.3499999999999996,3.3499999999999996,3.3499999999999996,1012.3623637991486,272.1527812853669,666.2533369145146,5
3.3499999999999996,3.3499999999999996,3.3499999999999996,1016.4958959485496,273.26399631194136,668.9736865504362,5
3.3499999999999996,3.3499999999999996,3.3499999999999996,1028.7313511155269,276.5532465577615,677.0260530993809,5
3.3499999999999996,3.3499999999999996,3.3499999999999996,1033.466425715671,277.82617388902537,680.1422883187997,5
3.3499999999999996,3.3499999999999996,3.3499999999999996,989.0949615575547,265.89781916926097,650.9406534929192,5
3.3499999999999996,3.3499999999999996,3.3499999999999996,992.5147665100201,266.8171633315372,653.1912868062977,5
3.3499999999999996,3.3499999999999996,3.3499999999999996,986.1107079109935,265.0955640094339,648.976664094144,5
3.3499999999999996,3.3499999999999996,3.3499999999999996,981.701790106228,263.9103172184306,646.0750783530627,5
3.3499999999999996,3.3499999999999996,3.3499999999999996,992.6018661568443,266.84057827857583,653.2486086037248,5
3.3499999999999996,3.3499999999999996,3.3499999999999996,977.9032955062835,262.88917014003385,643.575222774703,5
3.3499999999999996,3.3499999999999996,3.3499999999999996,968.7896105423929,260.43914354938363,637.5773476699896,5
3.3499999999999996,3.3499999999999996,3.3499999999999996,974.3084430169496,261.92276805095247,641.2093876228054,5
3.3499999999999996,3.3499999999999996,3.3499999999999996,987.7821769549215,265.54490405347735,650.0766870383861,5
3.3499999999999996,3.3499999999999996,3.3499999999999996,972.5203265941591,261.44206976037384,640.032597003086,5
3.3499999999999996,3.3499999999999996,3.3499999999999996,995.6217013736874,267.65239881110057,655.2360148547864,5
3.3499999999999996,3.3499999999999996,3.3499999999999996,992.603272049843,266.8409562239673,653.2495338464398,5
3.3499999999999996,3.3499999999999996,3.3499999999999996,1006.6238731110906,270.6101061949239,662.4767360584499,5
3.3499999999999996,3.3499999999999996,3.3499999999999996,993.9195683597634,267.194815389964,654.1158114168165,5
3.3499999999999996,3.3499999999999996,3.3499999999999996,989.6962028681733,266.05945051862733,651.336340890846,5
3.3499999999999996,3.3499999999999996,3.3499999999999996,1035.5553093375263,278.38772724955925,681.517019080485,5
3.3499999999999996,3.3499999999999996,3.3499999999999996,1020.4498043819046,274.32692320014286,671.5758226844696,5
3.3499999999999996,3.3499999999999996,3.3499999999999996,1029.592917430381,276.78486092553527,677.5930649251569,5
3.3499999999999996,3.3499999999999996,3.3499999999999996,1025.8790619335298,275.786467327647,675.1489118174594,5
3.3499999999999996,3.3499999999999996,3.3499999999999996,1031.6756163177818,277.3447516475281,678.9637254051765,5
3.3499999999999996,3.3499999999999996,3.3499999999999996,1002.0473345348652,269.37979801011,659.464836162759,5
3.3499999999999996,3.3499999999999996,3.3499999999999996,1039.0369023674477,279.32368186450657,683.8083162058132,5
3.3499999999999996,3.3499999999999996,3.3499999999999996,1039.0244479754872,279.3203337576107,683.80011975314,5
3.3499999999999996,3.3499999999999996,3.3499999999999996,1003.534736193258,269.8518581160143,660.6333805234931,6
3.3499999999999996,3.3499999999999996,3.3499999999999996,1038.931991464667,279.37022829563625,683.9356216595694,6
3.3499999999999996,3.3499999999999996,3.3499999999999996,1022.5985022547795,274.97813078885184,673.1831805099948,6
3.3499999999999996,3.3499999999999996,3.3499999999999996,1013.7231297764545,272.59153103463404,667.3404656419447,6
3.3499999999999996,3.3499999999999996,3.3499999999999996,1020.4615084879474,274.40349025279073,671.776383749082,6
3.3499999999999996,3.3499999999999996,3.3499999999999996,1023.1431503851649,275.12458741332443,673.5417258822627,6
3.3499999999999996,3.3499999999999996,3.3499999999999996,1021.0508537282592,274.56196599103293,672.1643535167053,6
3.3499999999999996,3.3499999999999996,3.3499999999999996,1015.2668485688355,273.0066391215875,668.3567056659392,6
3.3499999999999996,3.3499999999999996,3.3499999999999996,1017.5701239485811,273.62599300995925,669.8729666836392,6
3.3499999999999996,3.3499999999999996,3.3499999999999996,1034.8304277821003,278.2673122320425,681.23553586949,6
3.3499999999999996,3.3499999999999996,3.3499999999999996,1046.1916531010315,281.32236120266225,688.7147036736918,6
3.3499999999999996,3.3499999999999996,3.3499999999999996,1027.6815797341085,276.3449772499397,676.529403154335,6
3.3499999999999996,3.3499999999999996,3.3499999999999996,997.4596088768841,268.2182481018423,656.634085081712,6
3.3499999999999996,3.3499999999999996,3.3499999999999996,982.4075470814266,264.1707281730462,646.7252158526288,6
3.3499999999999996,3.3499999999999996,3.3499999999999996,988.4854105764143,265.80507394937615,650.7263125384147,6
3.3499999999999996,3.3499999999999996,3.3499999999999996,989.1329884832429,265.97920853100055,651.1526172454779,6
3.3499999999999996,3.3499999999999996,3.3499999999999996,998.4123581137727,268.4744436699881,657.2612860409378,6
3.3499999999999996,3.3499999999999996,3.3499999999999996,970.2656112760751,260.9057450887253,638.7321013067225,6
3.3499999999999996,3.3499999999999996,3.3499999999999996,984.1197104513141,264.6311312364369,647.8523440269339,6
3.3499999999999996,3.3499999999999996,3.3499999999999996,998.2083588191745,268.4195879816732,657.1269919913608,6
3.3499999999999996,3.3499999999999996,3.3499999999999996,997.9694902746994,268.3553559045489,656.9697432899994,6
3.3499999999999996,3.3499999999999996,3.3499999999999996,997.9950669779923,268.3622335149187,656.9865805985147,6
3.3499999999999996,3.3499999999999996,3.3499999999999996,976.8366525387107,262.6727070388473,643.0578600934699,6
3.3499999999999996,3.3499999999999996,3.3499999999999996,995.9199527191174,267.80423246287273,655.6205195162512,6
3.3499999999999996,3.3499999999999996,3.3499999999999996,968.627965495789,260.46537990672635,637.6540285416137,6
3.3499999999999996,3.3499999999999996,3.3499999999999996,993.6596467749773,267.1964331142916,654.132545554773,6
3.3499999999999996,3.3499999999999996,3.3499999999999996,965.4842001496089,259.6200171210141,635.5844675654808,6
3.3499999999999996,3.3499999999999996,3.3499999999999996,976.5804160847217,262.60380470718684,642.8891779854104,6
3.3499999999999996,3.3499999999999996,3.3499999999999996,994.3475378041261,267.3814079494441,654.585388649913,6
3.3499999999999996,3.3499999999999996,3.3499999999999996,985.390847929161,264.9729418364556,648.6891420158959,6
3.3499999999999996,3.3499999999999996,3.3499999999999996,995.5630995821184,267.70827416803695,655.3856007977022,6
3.3499999999999996,3.3499999999999996,3.3499999999999996,990.9740700579416,266.4742778753468,652.3646131043623,6
3.3499999999999996,3.3499999999999996,3.3499999999999996,1016.4848458322316,273.3341602455246,669.1585211094564,6
3.3499999999999996,3.3499999999999996,3.3499999999999996,1012.0531119563741,272.14246096701976,666.2410821545337,6
3.3499999999999996,3.3499999999999996,3.3499999999999996,1016.1853814132056,273.2536338551574,668.9613817535851,6
3.3499999999999996,3.3499999999999996,3.3499999999999996,1028.4170989490808,276.5427593691648,677.013600190972,6
3.3499999999999996,3.3499999999999996,3.3499999999999996,1033.150727100208,277.81563842969194,680.129778091782,6
3.3499999999999996,3.3499999999999996,3.3499999999999996,988.7928173348154,265.8877360456248,650.9286803874528,6
3.3499999999999996,3.3499999999999996,3.3499999999999996,992.2115776208439,266.807045345408,653.1792723037086,6
3.3499999999999996,3.3499999999999996,3.3499999999999996,985.8094753044625,265.08551130815323,648.9647271134025,6
3.3499999999999996,3.3499999999999996,3.3499999999999996,981.4019043158219,263.90030946294877,646.0631947427661,6
3.3499999999999996,3.3499999999999996,3.3499999999999996,992.2986506608647,266.83045940452735,653.2365930467848,6
3.3499999999999996,3.3499999999999996,3.3499999999999996,977.6045700627026,262.8792011075182,643.5633851456096,6
3.3499999999999996,3.3499999999999996,3.3499999999999996,968.4936691057746,260.4292674244408,637.5656203630749,6
3.3499999999999996,3.3499999999999996,3.3499999999999996,974.0108157125296,261.91283566541546,641.1975935098046,6
3.3499999999999996,3.3499999999999996,3.3499999999999996,987.4804337556419,265.5348343127518,650.0647298243246,6
3.3499999999999996,3.3499999999999996,3.3499999999999996,972.2232455153977,261.4321556034192,640.0208245354352,6
3.3499999999999996,3.3499999999999996,3.3499999999999996,995.3175633922035,267.64224915196775,655.2239627424023,6
3.3499999999999996,3.3499999999999996,3.3499999999999996,992.3000561243977,266.83083733558664,653.237518272481,6
3.3499999999999996,3.3499999999999996,3.3499999999999996,1006.3163742363081,270.5998443764309,662.4645507635425,6
3.3499999999999996,3.3499999999999996,3.3499999999999996,993.6159503381181,267.1846830828734,654.1037799089432,6
3.3499999999999996,3.3499999999999996,3.3499999999999996,989.3938749809774,266.04936126576115,651.3243605072859,6
3.3499999999999996,3.3499999999999996,3.3499999999999996,1035.2389726194112,278.3771704955344,681.5044835672966,6
3.3499999999999996,3.3499999999999996,3.3499999999999996,1020.1380820246258,274.31652043605845,671.5634700251134,6
3.3499999999999996,3.3499999999999996,3.3499999999999996,1029.2784020765823,276.77436495387946,677.5806015873914,6
3.3499999999999996,3.3499999999999996,3.3499999999999996,1025.5656810713886,275.7760092161215,675.1364934363313,6
3.3499999999999996,3.3499999999999996,3.3499999999999996,1031.3604647506152,277.33423444423016,678.9512368561074,6
3.3499999999999996,3.3499999999999996,3.3499999999999996,1001.7412336802372,269.36958284619124,659.4527062673645,6
3.3499999999999996,3.3499999999999996,3.3499999999999996,1038.7195021081552,279.3130896181032,683.7957385475506,6
3.3499999999999996,3.3499999999999996,3.3499999999999996,1038.7070515207056,279.3097416381712,683.7875422456392,6
3.3499999999999996,3.3499999999999996,3.3499999999999996,1003.5040712010383,269.850836481938,660.6321669726227,7
3.3499999999999996,3.3499999999999996,3.3499999999999996,1038.900244839178,279.36917062589447,683.9343653036334,7
3.3499999999999996,3.3499999999999996,3.3499999999999996,1022.5672547314158,274.9770897471832,673.1819439057618,7
3.3499999999999996,3.3499999999999996,3.3499999999999996,1013.692153457682,272.5904990284106,667.3392397704903,7
3.3499999999999996,3.3499999999999996,3.3499999999999996,1020.4303262646623,274.402451386658,671.7751497290654,7
3.3499999999999996,3.3499999999999996,3.3499999999999996,1023.1118862189983,275.1235458171847,673.5404886193998,7
3.3499999999999996,3.3499999999999996,3.3499999999999996,1021.0196534963626,274.5609265249256,672.1631187840071,7
3.3499999999999996,3.3499999999999996,3.3499999999999996,1015.2358250786767,273.00560554380337,668.355477927702,7
3.3499999999999996,3.3499999999999996,3.3499999999999996,1017.5390300772796,273.6249570873587,669.8717361601057,7
3.3499999999999996,3.3499999999999996,3.3499999999999996,1034.7988064880162,278.2662587378384,681.2342844734782,7
3.3499999999999996,3.3499999999999996,3.3499999999999996,1046.1596846421974,281.3212961423266,688.7134385388184,7
3.3499999999999996,3.3499999999999996,3.3499999999999996,1027.650176887241,276.34393103351744,676.5281604032566,7
3.3499999999999996,3.3499999999999996,3.3499999999999996,997.4291295222165,268.2172326524619,656.6328788773494,7
3.3499999999999996,3.3499999999999996,3.3499999999999996,982.3775276723305,264.16972804720035,646.7240278503692,7
3.3499999999999996,3.3499999999999996,3.3499999999999996,988.4552054461568,265.80406763604924,650.7251171863386,7
3.3499999999999996,3.3499999999999996,3.3499999999999996,989.1027635649593,265.9782015584162,651.151421110301,7
3.3499999999999996,3.3499999999999996,3.3499999999999996,998.3818496459645,268.47342725067494,657.2600786844383,7
3.3499999999999996,3.3499999999999996,3.3499999999999996,970.2359628878851,260.90475732380236,638.7309279874195,7
3.3499999999999996,3.3499999999999996,3.3499999999999996,984.0896387236739,264.6301293675479,647.8511539541956,7
3.3499999999999996,3.3499999999999996,3.3499999999999996,998.1778565849688,268.41857177003874,657.1257848815526,7
3.3499999999999996,3.3499999999999996,3.3499999999999996,997.9389953395955,268.35433993609104,656.9685364690495,7
3.3499999999999996,3.3499999999999996,3.3499999999999996,997.9645712613415,268.36121752042294,656.9853737466353,7
3.3499999999999996,3.3499999999999996,3.3499999999999996,976.8068033593354,262.67171258437037,643.0566788279618,7
3.3499999999999996,3.3499999999999996,3.3499999999999996,995.8895204116943,267.80321858091725,655.6193151737587,7
3.3499999999999996,3.3499999999999996,3.3499999999999996,968.5983671491106,260.4643938089849,637.6528572026772,7
3.3499999999999996,3.3499999999999996,3.3499999999999996,993.6292835356808,267.19542153340785,654.1313439456147,7
3.3499999999999996,3.3499999999999996,3.3499999999999996,965.4546978669096,259.6190342237375,635.5833000282253,7
3.3499999999999996,3.3499999999999996,3.3499999999999996,976.5505747351589,262.60281051356776,642.8879970297628,7
3.3499999999999996,3.3499999999999996,3.3499999999999996,994.3171535449562,267.3803956682629,654.5841862089047,7
3.3499999999999996,3.3499999999999996,3.3499999999999996,985.3607373593967,264.97193867350336,648.6879504060013,7
3.3499999999999996,3.3499999999999996,3.3499999999999996,995.5326781790499,267.7072606493704,655.3843968867436,7
3.3499999999999996,3.3499999999999996,3.3499999999999996,990.9437888817628,266.4732690284756,652.3634147428088,7
3.3499999999999996,3.3499999999999996,3.3499999999999996,1016.4537851237532,273.3331254277757,669.1572918983239,7
3.3499999999999996,3.3499999999999996,3.3499999999999996,1012.022186668305,272.1414306609341,666.2398583025926,7
3.3499999999999996,3.3499999999999996,3.3499999999999996,1016.1543298554558,273.252599342274,668.9601529045879,7
3.3499999999999996,3.3499999999999996,3.3499999999999996,1028.3856736269665,276.5417124039579,677.0123565504474,7
3.3499999999999996,3.3499999999999996,3.3499999999999996,1033.1191571327065,277.814586645483,680.1285287269926,7
3.3499999999999996,3.3499999999999996,3.3499999999999996,988.7626028111354,265.88672941934664,650.9274846636367,7
3.3499999999999996,3.3499999999999996,3.3499999999999996,992.1812586301694,266.8060352387103,653.1780724456664,7
3.3499999999999996,3.3499999999999996,3.3499999999999996,985.7793519427091,265.0845077190233,648.9635349972715,7
3.3499999999999996,3.3499999999999996,3.3499999999999996,981.371915636133,263.8993103608831,646.0620079566066,7
3.3499999999999996,3.3499999999999996,3.3499999999999996,992.268329009501,266.829449209186,653.2353930834474,7
3.3499999999999996,3.3499999999999996,3.3499999999999996,977.5746974180857,262.8782058712739,643.5622029514768,7
3.3499999999999996,3.3499999999999996,3.3499999999999996,968.4640748627885,260.4282814634179,637.5644491865398,7
3.3499999999999996,3.3499999999999996,3.3499999999999996,973.9810528821974,261.91184408774114,641.1964156615142,7
3.3499999999999996,3.3499999999999996,3.3499999999999996,987.4502593344423,265.53382902252685,650.063535687543,7
3.3499999999999996,3.3499999999999996,3.3499999999999996,972.1935373078147,261.431165845555,640.0196488488112,7
3.3499999999999996,3.3499999999999996,3.3499999999999996,995.2871494919799,267.64123588326567,655.2227591283647,7
3.3499999999999996,3.3499999999999996,3.3499999999999996,992.2697344300873,266.8298271388145,653.2363183074439,7
3.3499999999999996,3.3499999999999996,3.3499999999999996,1006.2856242456265,270.5988199105483,662.4633338489028,7
3.3499999999999996,3.3499999999999996,3.3499999999999996,993.5855884340529,267.1836715464742,654.1025783526262,7
3.3499999999999996,3.3499999999999996,3.3499999999999996,989.3636420907901,266.0483540275848,651.323164056625,7
3.3499999999999996,3.3499999999999996,3.3499999999999996,1035.20733884143,278.3761165854173,681.5032316772412,7
3.3499999999999996,3.3499999999999996,3.3499999999999996,1020.1069096842771,274.3154818991852,671.5622363962085,7
3.3499999999999996,3.3499999999999996,3.3499999999999996,1029.2469504356443,276.77331711183507,677.5793569053131,7
3.3499999999999996,3.3499999999999996,3.3499999999999996,1025.534342879997,275.77496515375935,675.135253243959,7
3.3499999999999996,3.3499999999999996,3.3499999999999996,1031.3289494881267,277.33318448257194,678.94998965624,7
3.3499999999999996,3.3499999999999996,3.3499999999999996,1001.7106234920403,269.3685630379645,659.4514948853341,7
3.3499999999999996,3.3499999999999996,3.3499999999999996,1038.6877619756997,279.31203216468305,683.7944824485733,7
3.3499999999999996,3.3499999999999996,3.3499999999999996,1038.6753117687024,279.308684197426,683.7862861617181,7
3.3499999999999996,3.3499999999999996,3.3499999999999996,1003.5010047007879,269.8507343356394,660.6320456336423,8
3.3499999999999996,3.3499999999999996,3.3499999999999996,1038.8970701755643,279.36906487663254,683.9342396847146,8
3.3499999999999996,3.3499999999999996,3.3499999999999996,1022.5641299780315,274.9769856604503,673.1818202617512,8
3.3499999999999996,3.3499999999999996,3.3499999999999996,1013.6890558247659,272.59039584507076,667.339117199615,8
3.3499999999999996,3.3499999999999996,3.3499999999999996,1020.427208041288,274.40234751744197,671.775026343442,8
3.3499999999999996,3.3499999999999996,3.3499999999999996,1023.1087598013331,275.1234416750139,673.5403649095348,8
3.3499999999999996,3.3499999999999996,3.3499999999999996,1021.0165334721265,274.5608225957224,672.1629953271253,8
3.3499999999999996,3.3499999999999996,3.3499999999999996,1015.2327227286204,273.00550220333383,668.3553551701733,8
3.3499999999999996,3.3499999999999996,3.3499999999999996,1017.5359206891065,273.62485351244675,669.8716131240842,8
3.3499999999999996,3.3499999999999996,3.3499999999999996,1034.7956443575474,278.2661534060606,681.234159350486,8
3.3499999999999996,3.3499999999999996,3.3499999999999996,1046.156487795242,281.3211896541291,688.7133120421224,8
3.3499999999999996,3.3499999999999996,3.3499999999999996,1027.647036601501,276.34382642939573,676.5280361446428,8
3.3499999999999996,3.3499999999999996,3.3499999999999996,997.4260815857276,268.21713112452903,656.6327582729226,8
3.3499999999999996,3.3499999999999996,3.3499999999999996,982.3745257304142,264.16962805136467,646.723909065911,8
3.3499999999999996,3.3499999999999996,3.3499999999999996,988.452184932118,265.8039670215687,650.7249976669963,8
3.3499999999999996,3.3499999999999996,3.3499999999999996,989.0997410721174,265.978100878021,651.1513015126588,8
3.3499999999999996,3.3499999999999996,3.3499999999999996,998.3787987981605,268.4733256257652,657.2599579648128,8
3.3499999999999996,3.3499999999999996,3.3499999999999996,970.2329980480717,260.90465856385157,638.7308106710618,8
3.3499999999999996,3.3499999999999996,3.3499999999999996,984.0866315499014,264.6300291974367,647.8510349627171,8
3.3499999999999996,3.3499999999999996,3.3499999999999996,998.1748063605253,268.4184701658932,657.1256641865929,8
3.3499999999999996,3.3499999999999996,3.3499999999999996,997.9359458450624,268.35423835625943,656.9684158029718,8
3.3499999999999996,3.3499999999999996,3.3499999999999996,997.9615216886536,268.3611159379878,656.9852530774652,8
3.3499999999999996,3.3499999999999996,3.3499999999999996,976.8038184403968,262.6716131555764,643.056560717089,8
3.3499999999999996,3.3499999999999996,3.3499999999999996,995.8864771799314,267.80311720970064,655.6191947554939,8
3.3499999999999996,3.3499999999999996,3.3499999999999996,968.5954073134501,260.46429521572463,637.65274008433,8
3.3499999999999996,3.3499999999999996,3.3499999999999996,993.6262472107329,267.19532039226004,654.1312238006474,8
3.3499999999999996,3.3499999999999996,3.3499999999999996,965.4517476376502,259.6189359504703,635.5831832899959,8
3.3499999999999996,3.3499999999999996,3.3499999999999996,976.5475905992018,262.60271111085524,642.8878789498723,8
3.3499999999999996,3.3499999999999996,3.3499999999999996,994.3141151180203,267.38029445709697,654.5840659807631,8
3.3499999999999996,3.3499999999999996,3.3499999999999996,985.3577263014104,264.9718383740077,648.6878312608272,8
3.3499999999999996,3.3499999999999996,3.3499999999999996,995.5296360377229,267.7071593144768,655.3842765116266,8
3.3499999999999996,3.3499999999999996,3.3499999999999996,990.9407607631293,266.4731681606832,652.3632949225586,8
3.3499999999999996,3.3499999999999996,3.3499999999999996,1016.4506790518636,273.3330219633306,669.1571689935253,8
3.3499999999999996,3.3499999999999996,3.3499999999999996,1012.019094138461,272.1413276475794,666.2397359336416,8
3.3499999999999996,3.3499999999999996,3.3499999999999996,1016.1512246986395,273.25249590831015,668.9600300359979,8
3.3499999999999996,3.3499999999999996,3.3499999999999996,1028.3825310937011,276.54160772497005,677.0122322029011,8
3.3499999999999996,3.3499999999999996,3.3499999999999996,1033.1160001348976,277.8144814846758,680.1284038070958,8
3.3499999999999996,3.3499999999999996,3.3499999999999996,988.759581357754,265.8866287735765,650.9273651071252,8
3.3499999999999996,3.3499999999999996,3.3499999999999996,992.1782267300852,266.8059342449564,653.1779524757872,8
3.3499999999999996,3.3499999999999996,3.3499999999999996,985.7763396055236,265.084407376917,648.9634158014808,8
3.3499999999999996,3.3499999999999996,3.3499999999999996,981.3689167671585,263.89921046740824,646.0618892937421,8
3.3499999999999996,3.3499999999999996,3.3499999999999996,992.2652968433478,266.82934820656925,653.2352731030401,8
3.3499999999999996,3.3499999999999996,3.3499999999999996,977.5717101526221,262.8781063643162,643.5620847477542,8
3.3499999999999996,3.3499999999999996,3.3499999999999996,968.4611154374974,260.4281828838271,637.5643320844306,8
3.3499999999999996,3.3499999999999996,3.3499999999999996,973.9780765981661,261.91174494657923,641.1962978923181,8
3.3499999999999996,3.3499999999999996,3.3499999999999996,987.4472418913105,265.5337285103395,650.0634162897138,8
3.3499999999999996,3.3499999999999996,3.3499999999999996,972.1905664860601,261.4310668863437,640.0195312957528,8
3.3499999999999996,3.3499999999999996,3.3499999999999996,995.2841081009375,267.6411345733645,655.2226387829359,8
3.3499999999999996,3.3499999999999996,3.3499999999999996,992.2667022596394,266.82972613605466,653.2361983268667,8
3.3499999999999996,3.3499999999999996,3.3499999999999996,1006.2825492455272,270.59871748111624,662.4632121735904,8
3.3499999999999996,3.3499999999999996,3.3499999999999996,993.582552242628,267.183570409774,654.1024582129421,8
3.3499999999999996,3.3499999999999996,3.3499999999999996,989.3606188007575,266.0482533206352,651.3230444274386,8
3.3499999999999996,3.3499999999999996,3.3499999999999996,1035.2041754625711,278.37601121205495,681.5031065048513,8
3.3499999999999996,3.3499999999999996,3.3499999999999996,1020.1037924491968,274.3153780628899,671.5621130496912,8
3.3499999999999996,3.3499999999999996,3.3499999999999996,1029.2438052704956,276.7732123451785,677.5792324536252,8
3.3499999999999996,3.3499999999999996,3.3499999999999996,1025.531209059807,275.7748607650076,675.1351292411822,8
3.3499999999999996,3.3499999999999996,3.3499999999999996,1031.325797960821,277.3330795039894,678.9498649528066,8
3.3499999999999996,3.3499999999999996,3.3499999999999996,1001.707562472194,269.36846107422014,659.451373763209,8
3.3499999999999996,3.3499999999999996,3.3499999999999996,1038.6845879613895,279.3119264370498,683.7943568553469,8
3.3499999999999996,3.3499999999999996,3.3499999999999996,1038.6721377924375,279.30857847106006,683.7861605699973,8
3.3499999999999996,3.175810501140329,3.3499999999999996,1003.5006639785266,315.0603904069124,666.144105838401,9
3.3499999999999996,3.193229451026296,3.3499999999999996,1038.896717435151,326.1733819785322,689.6407244520743,9
3.3499999999999996,3.2027031255194442,3.3499999999999996,1022.5637827831995,321.04547229929676,678.7985909687684,9
3.3499999999999996,3.2060210094556467,3.3499999999999996,1013.6887116433194,318.2590432727989,672.9071386350067,9
3.3499999999999996,3.212963527388019,3.3499999999999996,1020.4268615720127,320.37456170079656,677.3800593020035,9
3.3499999999999996,3.2207826780414552,3.3499999999999996,1023.1084124215811,321.2164649380215,679.1601271754654,9
3.3499999999999996,3.22659443966873,3.3499999999999996,1021.0161868027556,320.55958702657784,677.7712653499644,9
3.3499999999999996,3.228430741218529,3.3499999999999996,1015.2323780230472,318.74369480290034,673.9318557051078,9
3.3499999999999996,3.2314362216147003,3.3499999999999996,1017.5355752015204,319.4668096231307,675.4607647333695,9
3.3499999999999996,3.2432925994532305,3.3499999999999996,1034.7952930097058,324.8856933629789,686.9181156839644,9
3.3499999999999996,3.2539633395079073,3.3499999999999996,1046.1561325900127,328.45255752361714,694.4596715547825,9
3.3499999999999996,3.2603364018748193,3.3499999999999996,1027.6466876808518,322.64130781684054,682.1727263925399,9
3.3499999999999996,3.248287355578099,3.3499999999999996,997.4257429261065,313.15310019060286,662.1114499590723,9
3.3499999999999996,3.228484969040594,3.3499999999999996,982.3741921813014,308.4274954908641,652.119925117795,9
3.3499999999999996,3.214288269854946,3.3499999999999996,988.4518493194361,310.335644732249,656.1543972663475,9
3.3499999999999996,3.20189686330222,3.3499999999999996,989.0994052395682,310.53895224198044,656.5842580276613,9
3.3499999999999996,3.196256518090273,3.3499999999999996,998.37845981506,313.4522164401036,662.7438827644406,9
3.3499999999999996,3.174380806710336,3.3499999999999996,970.232668621415,304.6155267595764,644.060135378095,9
3.3499999999999996,3.1629915132951143,3.3499999999999996,984.0862974194712,308.9650303068521,653.2564553204361,9
3.3499999999999996,3.1611208040850425,3.3499999999999996,998.174467446687,313.38817072740335,662.6084684904841,9
3.3499999999999996,3.1592955860356797,3.3499999999999996,997.9356070123252,313.3131777907725,662.4499080867099,9
3.3499999999999996,3.1576680501674272,3.3499999999999996,997.9611828472327,313.32120761359187,662.4668858449587,9
3.3499999999999996,3.1435946893148285,3.3499999999999996,976.8034867827259,306.6785094854552,648.4219778220645,9
3.3499999999999996,3.142306604397492,3.3499999999999996,995.8861390430576,312.66972412731013,661.0894296567111,9
3.3499999999999996,3.124841000917791,3.3499999999999996,968.5950784428103,304.1013867898506,642.9730697842053,9
3.3499999999999996,3.124086359165008,3.3499999999999996,993.625909841283,311.96009958964737,659.5890436433758,9
3.3499999999999996,3.1065497773829045,3.3499999999999996,965.4514198343883,303.11439959190636,640.8862454023799,9
3.3499999999999996,3.097434716636071,3.3499999999999996,976.547259028529,306.5980638822102,648.2518886389305,9
3.3499999999999996,3.0998292601669473,3.3499999999999996,994.3137775150162,312.1760634306432,660.0456641648187,9
3.3499999999999996,3.096653620758222,3.3499999999999996,985.3573917394009,309.36410475399106,654.100233525653,9
3.3499999999999996,3.099847883130689,3.3499999999999996,995.5292980220087,312.5576898502632,660.8525513451904,9
3.3499999999999996,3.0999961620320375,3.3499999999999996,990.9404243054923,311.11696101315255,657.8063638453489,9
3.3499999999999996,3.11520786252658,3.3499999999999996,1016.4503339327534,319.126085844765,674.7403595552252,9
3.3499999999999996,3.1262926943225877,3.3499999999999996,1012.0187505240226,317.7347400798901,671.7985845537484,9
3.3499999999999996,3.1386988465486008,3.3499999999999996,1016.1508796812041,319.0320687934678,674.541575745908,9
3.3499999999999996,3.157027908363955,3.3499999999999996,1028.3821819233267,322.87222455809854,682.6609623968493,9
3.3499999999999996,3.1762848798256367,3.3499999999999996,1033.1156493573517,324.3583502292363,685.8031341407649,9
3.3499999999999996,3.167491261316627,3.3499999999999996,988.7592456407006,310.4321552862167,656.3584531827181,9
3.3499999999999996,3.161611084132042,3.3499999999999996,992.1778898522869,311.50547732637796,658.627818588495,9
3.3499999999999996,3.1525069540066135,3.3499999999999996,985.7760049013808,309.49553309377933,654.3781174379304,9
3.3499999999999996,3.1416816610022207,3.3499999999999996,981.3685835594836,308.1117732832372,651.4523817067641,9
3.3499999999999996,3.138434204396578,3.3499999999999996,992.2649599359863,311.5328139645565,658.6856174770588,9
3.3499999999999996,3.126744214640701,3.3499999999999996,977.5713782342264,306.9195976971365,648.9317197511957,9
3.3499999999999996,3.110754047093397,3.3499999999999996,968.4607866124542,304.059224349885,642.8839241418902,9
3.3499999999999996,3.0996778370643647,3.3499999999999996,973.9777458999295,305.79133615545146,646.5461936783466,9
3.3499999999999996,3.097763152580208,3.3499999999999996,987.4469066198402,310.02013159844034,655.4872959080014,9
3.3499999999999996,3.08691301293001,3.3499999999999996,972.1902363947431,305.23012731645844,645.3596085930022,9
3.3499999999999996,3.090935610863905,3.3499999999999996,995.2837701685883,312.48060360196155,660.6895649733362,9
3.3499999999999996,3.092763594730925,3.3499999999999996,992.2663653518007,311.5332552107569,658.6865504205981,9
3.3499999999999996,3.1027113725362536,3.3499999999999996,1006.2822075788382,315.9336874998846,667.9905509290639,9
3.3499999999999996,3.104143736364467,3.3499999999999996,993.5822148880142,311.94638106455807,659.5600380466484,9
3.3499999999999996,3.102922101397931,3.3499999999999996,989.3602828796317,310.6208577295174,656.7574338993984,9
3.3499999999999996,3.1276298912581377,3.3499999999999996,1035.2038239760197,325.01395628333404,687.1893068301501,9
3.3499999999999996,3.142221920945963,3.3499999999999996,1020.103446089732,320.27302174993395,677.1653695414564,9
3.3499999999999996,3.160701489255654,3.3499999999999996,1029.2434558076898,323.14263124141735,683.232693480022,9
3.3499999999999996,3.175164174009793,3.3499999999999996,1025.5308608575522,321.97702004014957,680.7681976085448,9
3.3499999999999996,3.1915641210916066,3.3499999999999996,1031.3254477911087,323.7962961872079,684.6147620106584,9
3.3499999999999996,3.1889281464946437,3.3499999999999996,1001.7072223588665,314.49731911344486,664.9535828950825,9
3.3499999999999996,3.2050353318451794,3.3499999999999996,1038.6842352931212,326.10667080531067,689.4996744940723,9
3.3499999999999996,3.2195317986606615,3.3499999999999996,1038.6717851283966,326.10276193519263,689.4914098220638,9
3.3499999999999996,3.3499999999999996,3.3499999999999996,1003.5006639785266,274.4942895272846,661.567008557219,10
3.3499999999999996,3.3499999999999996,3.3499999999999996,1038.896717435151,284.1764102217797,684.9021811590893,10
3.3499999999999996,3.3499999999999996,3.3499999999999996,1022.5637827831995,279.7087526963641,674.1345443188577,10
3.3499999999999996,3.3499999999999996,3.3499999999999996,1013.6887116433194,277.28109476399476,668.2835723409571,10
3.3499999999999996,3.3499999999999996,3.3499999999999996,1020.4268615720127,279.1242262573732,672.7257594281708,10
3.3499999999999996,3.3499999999999996,3.3499999999999996,1023.1084124215811,279.8577289063552,674.4935963988108,10
3.3499999999999996,3.3499999999999996,3.3499999999999996,1021.0161868027556,279.2854283535151,673.1142774869671,10
3.3499999999999996,3.3499999999999996,3.3499999999999996,1015.2323780230472,277.7033442167161,669.3012485475657,10
3.3499999999999996,3.3499999999999996,3.3499999999999996,1017.5355752015204,278.3333532399685,670.8196523933977,10
3.3499999999999996,3.3499999999999996,3.3499999999999996,1034.7952930097058,283.05451999875874,682.1982795221858,10
3.3499999999999996,3.3499999999999996,3.3499999999999996,1046.1561325900127,286.162126900249,689.6880171233988,10
3.3499999999999996,3.3499999999999996,3.3499999999999996,1027.6466876808518,281.0991138776755,677.4854959511056,10
3.3499999999999996,3.3499999999999996,3.3499999999999996,997.4257429261065,272.832575491534,657.5620611843523,10
3.3499999999999996,3.3499999999999996,3.3499999999999996,982.3741921813014,268.71542352912365,647.6391884271889,10
3.3499999999999996,3.3499999999999996,3.3499999999999996,988.4518493194361,270.3778859848119,651.6459395896356,10
3.3499999999999996,3.3499999999999996,3.3499999999999996,989.0994052395682,270.5550163132775,652.0728467640237,10
3.3499999999999996,3.3499999999999996,3.3499999999999996,998.37845981506,273.0931785533366,658.1901485238543,10
3.3499999999999996,3.3499999999999996,3.3499999999999996,970.232668621415,265.3942708852016,639.6347777584452,10
3.3499999999999996,3.3499999999999996,3.3499999999999996,984.0862974194712,269.18374719627917,648.7679094947571,10
3.3499999999999996,3.3499999999999996,3.3499999999999996,998.174467446687,273.037379148079,658.0556646856694,10
3.3499999999999996,3.3499999999999996,3.3499999999999996,997.9356070123252,272.97204204609216,657.8981937554591,10
3.3499999999999996,3.3499999999999996,3.3499999999999996,997.9611828472327,272.9790379763231,657.9150548589924,10
3.3499999999999996,3.3499999999999996,3.3499999999999996,976.8034867827259,267.19163099421365,643.9666498446254,10
3.3499999999999996,3.3499999999999996,3.3499999999999996,995.8861390430576,272.41143728086695,656.5470632159069,10
3.3499999999999996,3.3499999999999996,3.3499999999999996,968.5950784428103,264.946329823727,638.5551814267328,10
3.3499999999999996,3.3499999999999996,3.3499999999999996,993.625909841283,271.7931815774277,655.0569864024612,10
3.3499999999999996,3.3499999999999996,3.3499999999999996,965.4514198343883,264.08642372978,636.4826956814286,10
3.3499999999999996,3.3499999999999996,3.3499999999999996,976.547259028529,267.1215432923613,643.797729349664,10
3.3499999999999996,3.3499999999999996,3.3499999999999996,994.3137775150162,271.9813386511276,655.5104694698175,10
3.3499999999999996,3.3499999999999996,3.3499999999999996,985.3573917394009,269.5314381792504,649.6058900731614,10
3.3499999999999996,3.3499999999999996,3.3499999999999996,995.5292980220087,272.3138281550705,656.3118125027784,10
3.3499999999999996,3.3499999999999996,3.3499999999999996,990.9404243054923,271.05860264724515,653.2865554538728,10
3.3499999999999996,3.3499999999999996,3.3499999999999996,1016.4503339327534,278.0364998927523,670.1041971420833,10
3.3499999999999996,3.3499999999999996,3.3499999999999996,1012.0187505240226,276.8242990612772,667.1826351699542,10
3.3499999999999996,3.3499999999999996,3.3499999999999996,1016.1508796812041,277.954588156193,669.9067791826253,10
3.3499999999999996,3.3499999999999996,3.3499999999999996,1028.3821819233267,281.30029856721933,677.9703772703427,10
3.3499999999999996,3.3499999999999996,3.3499999999999996,1033.1156493573517,282.5950757676169,681.0909590525367,10
3.3499999999999996,3.3499999999999996,3.3499999999999996,988.7592456407006,270.4619701691457,651.8485934313325,10
3.3499999999999996,3.3499999999999996,3.3499999999999996,992.1778898522869,271.3970949256012,654.1023659554223,10
3.3499999999999996,3.3499999999999996,3.3499999999999996,985.7760049013808,269.6459442544424,649.881864636263,10
3.3499999999999996,3.3499999999999996,3.3499999999999996,981.3685835594836,268.4403526357035,646.9762317281094,10
3.3499999999999996,3.3499999999999996,3.3499999999999996,992.2649599359863,271.4209117915207,654.1597677059897,10
3.3499999999999996,3.3499999999999996,3.3499999999999996,977.5713782342264,267.40167751035426,644.4728893207925,10
3.3499999999999996,3.3499999999999996,3.3499999999999996,968.4607866124542,264.9095960756727,638.4666483069539,10
3.3499999999999996,3.3499999999999996,3.3499999999999996,973.9777458999295,266.41868707513703,642.1037542732585,10
3.3499999999999996,3.3499999999999996,3.3499999999999996,987.4469066198402,270.10299724557854,650.9834219058835,10
3.3499999999999996,3.3499999999999996,3.3499999999999996,972.1902363947431,265.9297375714026,640.9253222516738,10
3.3499999999999996,3.3499999999999996,3.3499999999999996,995.2837701685883,272.2466672690811,656.1499460154553,10
3.3499999999999996,3.3499999999999996,3.3499999999999996,992.2663653518007,271.42129622436596,654.160694239244,10
3.3499999999999996,3.3499999999999996,3.3499999999999996,1006.2822075788382,275.255143866264,663.400766665095,10
3.3499999999999996,3.3499999999999996,3.3499999999999996,993.5822148880142,271.7812294028211,655.0281801041093,10
3.3499999999999996,3.3499999999999996,3.3499999999999996,989.3602828796317,270.6263759297016,652.2448327388529,10
3.3499999999999996,3.3499999999999996,3.3499999999999996,1035.2038239760197,283.1662682231233,682.467607305404,10
3.3499999999999996,3.3499999999999996,3.3499999999999996,1020.103446089732,279.03576024412837,672.5125448077785,10
3.3499999999999996,3.3499999999999996,3.3499999999999996,1029.2434558076898,281.53588860862425,678.5381799711076,10
3.3499999999999996,3.3499999999999996,3.3499999999999996,1025.5308608575522,280.52035752855477,676.0906177289368,10
3.3499999999999996,3.3499999999999996,3.3499999999999996,1031.3254477911087,282.10538988630606,679.9107522650312,10
3.3499999999999996,3.3499999999999996,3.3499999999999996,1001.7072223588665,274.00371737235906,660.3846657348072,10
3.3499999999999996,3.3499999999999996,3.3499999999999996,1038.6842352931212,284.118288551603,684.7621003598232,10
3.3499999999999996,3.3499999999999996,3.3499999999999996,1038.6717851283966,284.1148829742642,684.7538924746381,10
3.3499999999999996,3.3499999999999996,3.3499999999999996,1003.5006639785266,270.31618900197253,660.7297236850177,11
3.3499999999999996,3.3499999999999996,3.3499999999999996,1038.896717435151,279.85093732806797,684.0353630925829,11
3.3499999999999996,3.3499999999999996,3.3499999999999996,1022.5637827831995,275.45128239128917,673.2813538657583,11
3.3499999999999996,3.3499999999999996,3.3499999999999996,1013.6887116433194,273.0605760432313,667.4377869281053,11
3.3499999999999996,3.3499999999999996,3.3499999999999996,1020.4268615720127,274.87565307808546,671.8743519452951,11
3.3499999999999996,3.3499999999999996,3.3499999999999996,1023.1084124215811,275.59799102193534,673.6399515263239,11
3.3499999999999996,3.3499999999999996,3.3499999999999996,1021.0161868027556,275.0344015036475,672.2623782923087,11
3.3499999999999996,3.3499999999999996,3.3499999999999996,1015.2323780230472,273.47639840173787,668.4541751549905,11
3.3499999999999996,3.3499999999999996,3.3499999999999996,1017.5355752015204,274.0968180049862,669.9706572959107,11
3.3499999999999996,3.3499999999999996,3.3499999999999996,1034.7952930097058,278.74612348990814,681.3348835367492,11
3.3499999999999996,3.3499999999999996,3.3499999999999996,1046.1561325900127,281.8064292469923,688.8151420619062,11
3.3499999999999996,3.3499999999999996,3.3499999999999996,1027.6466876808518,276.8204807688423,676.6280645049204,11
3.3499999999999996,3.3499999999999996,3.3499999999999996,997.4257429261065,268.6797680544593,656.7298450078475,11
3.3499999999999996,3.3499999999999996,3.3499999999999996,982.3741921813014,264.62528360621315,646.8195307234328,11
3.3499999999999996,3.3499999999999996,3.3499999999999996,988.4518493194361,266.26244158190156,650.8212109072915,11
3.3499999999999996,3.3499999999999996,3.3499999999999996,989.0994052395682,266.4368757948316,651.2475777843033,11
3.3499999999999996,3.3499999999999996,3.3499999999999996,998.37845981506,268.936404455275,657.3571374346333,11
3.3499999999999996,3.3499999999999996,3.3499999999999996,970.232668621415,261.3546825042926,638.8252505053877,11
3.3499999999999996,3.3499999999999996,3.3499999999999996,984.0862974194712,265.08647887968465,647.9468232719505,11
3.3499999999999996,3.3499999999999996,3.3499999999999996,998.174467446687,268.881454377429,657.2228238003459,11
3.3499999999999996,3.3499999999999996,3.3499999999999996,997.9356070123252,268.81711177693285,657.0655521666935,11
3.3499999999999996,3.3499999999999996,3.3499999999999996,997.9611828472327,268.824001221525,657.0823919306697,11
3.3499999999999996,3.3499999999999996,3.3499999999999996,976.8034867827259,263.12468484484776,643.151640137154,11
3.3499999999999996,3.3499999999999996,3.3499999999999996,995.8861390430576,268.26504002369893,655.7161316295243,11
3.3499999999999996,3.3499999999999996,3.3499999999999996,968.5950784428103,260.91355959115725,637.747020520039,11
3.3499999999999996,3.3499999999999996,3.3499999999999996,993.625909841283,267.65619484200045,654.2279406700561,11
3.3499999999999996,3.3499999999999996,3.3499999999999996,965.4514198343883,260.06674219974394,635.6771577304444,11
3.3499999999999996,3.3499999999999996,3.3499999999999996,976.547259028529,263.0556639537638,642.9829334294177,11
3.3499999999999996,3.3499999999999996,3.3499999999999996,994.3137775150162,267.8414879611539,654.6808498053581,11
3.3499999999999996,3.3499999999999996,3.3499999999999996,985.3573917394009,265.42887762914137,648.7837432949577,11
3.3499999999999996,3.3499999999999996,3.3499999999999996,995.5292980220087,268.1689166145652,655.4811786517133,11
3.3499999999999996,3.3499999999999996,3.3499999999999996,990.9404243054923,266.9327969991162,652.4597503940392,11
3.3499999999999996,3.3499999999999996,3.3499999999999996,1016.4503339327534,273.8044830873813,669.2561075308898,11
3.3499999999999996,3.3499999999999996,3.3499999999999996,1012.0187505240226,272.6107332660875,666.3382431126153,11
3.3499999999999996,3.3499999999999996,3.3499999999999996,1016.1508796812041,273.723818136211,669.0589394252924,11
3.3499999999999996,3.3499999999999996,3.3499999999999996,1028.3821819233267,277.01860320941,677.1123321542069,11
3.3499999999999996,3.3499999999999996,3.3499999999999996,1033.1156493573517,278.2936724978125,680.2289645013702,11
3.3499999999999996,3.3499999999999996,3.3499999999999996,988.7592456407006,266.3452459138372,651.0236082685504,11
3.3499999999999996,3.3499999999999996,3.3499999999999996,992.1778898522869,267.2661370582095,653.2745283988307,11
3.3499999999999996,3.3499999999999996,3.3499999999999996,985.7760049013808,265.5416407977915,649.0593685822888,11
3.3499999999999996,3.3499999999999996,3.3499999999999996,981.3685835594836,264.3543995898544,646.1574130680297,11
3.3499999999999996,3.3499999999999996,3.3499999999999996,992.2649599359863,267.28959140562205,653.3318575012511,11
3.3499999999999996,3.3499999999999996,3.3499999999999996,977.5713782342264,263.3315342254088,643.6572389123041,11
3.3499999999999996,3.3499999999999996,3.3499999999999996,968.4607866124542,260.87738497055255,637.6585994485345,11
3.3499999999999996,3.3499999999999996,3.3499999999999996,973.9777458999295,262.36350596977223,641.2911022623774,11
3.3499999999999996,3.3499999999999996,3.3499999999999996,987.4469066198402,265.9917369471454,650.1595317115941,11
3.3499999999999996,3.3499999999999996,3.3499999999999996,972.1902363947431,261.8819988073044,640.1141616744522,11
3.3499999999999996,3.3499999999999996,3.3499999999999996,995.2837701685883,268.1027779900353,655.3195170240027,11
3.3499999999999996,3.3499999999999996,3.3499999999999996,992.2663653518007,267.2899699869828,653.3327828618769,11
3.3499999999999996,3.3499999999999996,3.3499999999999996,1006.2822075788382,271.06546231346005,662.5611609729267,11
3.3499999999999996,3.3499999999999996,3.3499999999999996,993.5822148880142,267.64442459244265,654.1991708292019,11
3.3499999999999996,3.3499999999999996,3.3499999999999996,989.3602828796317,266.50714924056933,651.4193460922097,11
3.3499999999999996,3.3499999999999996,3.3499999999999996,1035.2038239760197,278.85617078520886,681.6038704564181,11
3.3499999999999996,3.3499999999999996,3.3499999999999996,1020.103446089732,274.7885336134229,671.6614071711524,11
3.3499999999999996,3.3499999999999996,3.3499999999999996,1029.2434558076898,277.25060731510223,677.6794162390107,11
3.3499999999999996,3.3499999999999996,3.3499999999999996,1025.5308608575522,276.25053371848867,675.2349516525765,11
3.3499999999999996,3.3499999999999996,3.3499999999999996,1031.3254477911087,277.81144016623296,679.0502513936832,11
3.3499999999999996,3.3499999999999996,3.3499999999999996,1001.7072223588665,269.83308388682303,659.5488772458085,11
3.3499999999999996,3.3499999999999996,3.3499999999999996,1038.6842352931212,279.79370033269134,683.8954595807755,11
3.3499999999999996,3.3499999999999996,3.3499999999999996,1038.6717851283966,279.7903465919299,683.8872620835604,11
3.3499999999999996,3.3499999999999996,3.3499999999999996,1003.5006639785266,269.89728056313425,660.6418434308077,12
3.3499999999999996,3.3499999999999996,3.3499999999999996,1038.896717435151,279.4172529094753,683.9443830754253,12
3.3499999999999996,3.3499999999999996,3.3499999999999996,1022.5637827831995,275.0244161088495,673.1918041839269,12
3.3499999999999996,3.3499999999999996,3.3499999999999996,1013.6887116433194,272.6374146334731,667.3490144689861,12
3.3499999999999996,3.3499999999999996,3.3499999999999996,1020.4268615720127,274.4496788472016,671.7849894015353,12
3.3499999999999996,3.3499999999999996,3.3499999999999996,1023.1084124215811,275.1708973854343,673.5503541492665,12
3.3499999999999996,3.3499999999999996,3.3499999999999996,1021.0161868027556,274.6081812606569,672.172964139165,12
3.3499999999999996,3.3499999999999996,3.3499999999999996,1015.2323780230472,273.052592592931,668.3652675113134,12
3.3499999999999996,3.3499999999999996,3.3499999999999996,1017.5355752015204,273.6720507332037,669.8815479527617,12
3.3499999999999996,3.3499999999999996,3.3499999999999996,1034.7952930097058,278.3141511990347,681.2442626964554,12
3.3499999999999996,3.3499999999999996,3.3499999999999996,1046.1561325900127,281.3697144066185,688.7235263109899,12
3.3499999999999996,3.3499999999999996,3.3499999999999996,1027.6466876808518,276.3914926425097,676.5380696943604,12
3.3499999999999996,3.3499999999999996,3.3499999999999996,997.4257429261065,268.2633955737778,656.6424967568793,12
3.3499999999999996,3.3499999999999996,3.3499999999999996,982.3741921813014,264.2151943516928,646.7335005922757,12
3.3499999999999996,3.3499999999999996,3.3499999999999996,988.4518493194361,265.8498152270534,650.7346485332836,12
3.3499999999999996,3.3499999999999996,3.3499999999999996,989.0994052395682,266.0239791196446,651.160958701435,12
3.3499999999999996,3.3499999999999996,3.3499999999999996,998.37845981506,268.51963426569415,657.2697057507335,12
3.3499999999999996,3.3499999999999996,3.3499999999999996,970.232668621415,260.9496616935333,638.7402836522283,12
3.3499999999999996,3.3499999999999996,3.3499999999999996,984.0862974194712,264.6756749118032,647.8606432054232,12
3.3499999999999996,3.3499999999999996,3.3499999999999996,998.174467446687,268.46476934387005,657.1354099808098,12
3.3499999999999996,3.3499999999999996,3.3499999999999996,997.9356070123252,268.4005264549688,656.9781592650468,12
3.3499999999999996,3.3499999999999996,3.3499999999999996,997.9611828472327,268.4074052230029,656.9949967892529,12
3.3499999999999996,3.3499999999999996,3.3499999999999996,976.8034867827259,262.7169210651233,643.0660978532143,12
3.3499999999999996,3.3499999999999996,3.3499999999999996,995.8861390430576,267.8493102461887,655.6289182073465,12
3.3499999999999996,3.3499999999999996,3.3499999999999996,968.5950784428103,260.5092223876638,637.6621970766913,12
3.3499999999999996,3.3499999999999996,3.3499999999999996,993.625909841283,267.24140859060867,654.1409251844852,12
3.3499999999999996,3.3499999999999996,3.3499999999999996,965.4514198343883,259.66371730740997,635.5926095888755,12
3.3499999999999996,3.3499999999999996,3.3499999999999996,976.547259028529,262.64800713557145,642.8974135842874,12
3.3499999999999996,3.3499999999999996,3.3499999999999996,994.3137775150162,267.42641456139876,654.5937740806783,12
3.3499999999999996,3.3499999999999996,3.3499999999999996,985.3573917394009,265.01754304662626,648.697451914013,12
3.3499999999999996,3.3499999999999996,3.3499999999999996,995.5292980220087,267.7533357993032,655.3939964794197,12
3.3499999999999996,3.3499999999999996,3.3499999999999996,990.9404243054923,266.5191317958649,652.3729700863414,12
3.3499999999999996,3.3499999999999996,3.3499999999999996,1016.4503339327534,273.3801688464158,669.1670932263215,12
3.3499999999999996,3.3499999999999996,3.3499999999999996,1012.0187505240226,272.18826897675035,666.2496168981505,12
3.3499999999999996,3.3499999999999996,3.3499999999999996,1016.1508796812041,273.29962890155343,668.9699513450372,12
3.3499999999999996,3.3499999999999996,3.3499999999999996,1028.3821819233267,276.5893080531411,677.0222729337037,12
3.3499999999999996,3.3499999999999996,3.3499999999999996,1033.1156493573517,277.8624013693054,680.138490753666,12
3.3499999999999996,3.3499999999999996,3.3499999999999996,988.7592456407006,265.9324912372871,650.937018974713,12
3.3499999999999996,3.3499999999999996,3.3499999999999996,992.1778898522869,266.85195527855825,653.1876397217111,12
3.3499999999999996,3.3499999999999996,3.3499999999999996,985.7760049013808,265.1301314664272,648.9730405418455,12
3.3499999999999996,3.3499999999999996,3.3499999999999996,981.3685835594836,263.94473012373373,646.0714710017286,12
3.3499999999999996,3.3499999999999996,3.3499999999999996,992.2649599359863,266.87537327881716,653.2449611990828,12
3.3499999999999996,3.3499999999999996,3.3499999999999996,977.5713782342264,262.92344989162723,643.571629381278,12
3.3499999999999996,3.3499999999999996,3.3499999999999996,968.4607866124542,260.4731038267939,637.5737877656179,12
3.3499999999999996,3.3499999999999996,3.3499999999999996,973.9777458999295,261.9569217873756,641.2058074389885,12
3.3499999999999996,3.3499999999999996,3.3499999999999996,987.4469066198402,265.57953010270967,650.0730573441248,12
3.3499999999999996,3.3499999999999996,3.3499999999999996,972.1902363947431,261.47616081556134,640.0290233898635,12
3.3499999999999996,3.3499999999999996,3.3499999999999996,995.2837701685883,267.68729966966293,655.2323563534887,12
3.3499999999999996,3.3499999999999996,3.3499999999999996,992.2663653518007,266.8757512734911,653.2458864366316,12
3.3499999999999996,3.3499999999999996,3.3499999999999996,1006.2822075788382,270.64539272732117,662.473037128685,12
3.3499999999999996,3.3499999999999996,3.3499999999999996,993.5822148880142,267.22965658138224,654.1121591701592,12
3.3499999999999996,3.3499999999999996,3.3499999999999996,989.3602828796317,266.0941436627688,651.3327041633243,12
3.3499999999999996,3.3499999999999996,3.3499999999999996,1035.2038239760197,278.42402795426955,681.5132138395609,12
3.3499999999999996,3.3499999999999996,3.3499999999999996,1020.103446089732,274.3626943913931,671.5720729500794,12
3.3499999999999996,3.3499999999999996,3.3499999999999996,1029.2434558076898,276.82095262255075,677.5892815935769,12
3.3499999999999996,3.3499999999999996,3.3499999999999996,1025.5308608575522,275.8224288379208,675.1451421327749,12
3.3499999999999996,3.3499999999999996,3.3499999999999996,1031.3254477911087,277.3809163521724,678.9599344205326,12
3.3499999999999996,3.3499999999999996,3.3499999999999996,1001.7072223588665,269.4149241149822,659.4611540498956,12
3.3499999999999996,3.3499999999999996,3.3499999999999996,1038.6842352931212,279.3601046141519,683.8044981714631,12
3.3499999999999996,3.3499999999999996,3.3499999999999996,1038.6717851283966,279.3567560706756,683.7963017645548,12
3.3499999999999996,3.3499999999999996,3.3499999999999996,1003.5006639785266,269.85537885356496,660.6330137010444,13
3.3499999999999996,3.3499999999999996,3.3499999999999996,1038.896717435151,279.3738732186698,683.9352418983481,13
3.3499999999999996,3.3499999999999996,3.3499999999999996,1022.5637827831995,274.9817184085088,673.1828067191601,13
3.3499999999999996,3.3499999999999996,3.3499999999999996,1013.6887116433194,272.59508751649787,667.3400950953286,13
3.3499999999999996,3.3499999999999996,3.3499999999999996,1020.4268615720127,274.40707037515455,671.7760107393838,13
3.3499999999999996,3.3499999999999996,3.3499999999999996,1023.1084124215811,275.1281769437903,673.5413518923427,13
3.3499999999999996,3.3499999999999996,3.3499999999999996,1021.0161868027556,274.56554818101813,672.1639802915834,13
3.3499999999999996,3.3499999999999996,3.3499999999999996,1015.2323780230472,273.01020101933636,668.3563345550468,13
3.3499999999999996,3.3499999999999996,3.3499999999999996,1017.5355752015204,273.6295629883731,669.8725947308297,13
3.3499999999999996,3.3499999999999996,3.3499999999999996,1034.7952930097058,278.2709427654105,681.2351576075147,13
3.3499999999999996,3.3499999999999996,3.3499999999999996,1046.1561325900127,281.3260315950316,688.7143212588434,13
3.3499999999999996,3.3499999999999996,3.3499999999999996,1027.6466876808518,276.3485827027431,676.529027505481,13
3.3499999999999996,3.3499999999999996,3.3499999999999996,997.4257429261065,268.22174752580213,656.6337204799072,13
3.3499999999999996,3.3499999999999996,3.3499999999999996,982.3741921813014,264.1741747893081,646.7248567528098,13
3.3499999999999996,3.3499999999999996,3.3499999999999996,988.4518493194361,265.80854188882836,650.725951216952,13
3.3499999999999996,3.3499999999999996,3.3499999999999996,989.0994052395682,265.9826787423741,651.1522556873058,13
3.3499999999999996,3.3499999999999996,3.3499999999999996,998.37845981506,268.4779464365127,657.2609210908741,13
3.3499999999999996,3.3499999999999996,3.3499999999999996,970.232668621415,260.90914910699047,638.7317466451502,13
3.3499999999999996,3.3499999999999996,3.3499999999999996,984.0862974194712,264.6345838595441,647.8519843012672,13
3.3499999999999996,3.3499999999999996,3.3499999999999996,998.174467446687,268.4230900324996,657.1266271158647,13
3.3499999999999996,3.3499999999999996,3.3499999999999996,997.9356070123252,268.35885711734414,656.9693785018172,13
3.3499999999999996,3.3499999999999996,3.3499999999999996,997.9611828472327,268.3657348174455,656.9862158009836,13
3.3499999999999996,3.3499999999999996,3.3499999999999996,976.8034867827259,262.67613411053657,643.0575030299824,13
3.3499999999999996,3.3499999999999996,3.3499999999999996,995.8861390430576,267.8077264852006,655.6201554772373,13
3.3499999999999996,3.3499999999999996,3.3499999999999996,968.5950784428103,260.46877817957903,637.6536744786507,13
3.3499999999999996,3.3499999999999996,3.3499999999999996,993.625909841283,267.19991920670566,654.1321823419696,13
3.3499999999999996,3.3499999999999996,3.3499999999999996,965.4514198343883,259.62340436448005,635.5841146516597,13
3.3499999999999996,3.3499999999999996,3.3499999999999996,976.547259028529,262.6072308799123,642.888821015585,13
3.3499999999999996,3.3499999999999996,3.3499999999999996,994.3137775150162,267.38489645521133,654.5850251856646,13
3.3499999999999996,3.3499999999999996,3.3499999999999996,985.3573917394009,264.97639891914065,648.6887818255899,13
3.3499999999999996,3.3499999999999996,3.3499999999999996,995.5292980220087,267.71176693840374,655.3852368891289,13
3.3499999999999996,3.3499999999999996,3.3499999999999996,990.9404243054923,266.4777545458538,652.3642508732188,13
3.3499999999999996,3.3499999999999996,3.3499999999999996,1016.4503339327534,273.33772641641764,669.1581495533492,13
3.3499999999999996,3.3499999999999996,3.3499999999999996,1012.0187505240226,272.14601158989916,666.2407122183599,13
3.3499999999999996,3.3499999999999996,3.3499999999999996,1016.1508796812041,273.2571989754285,668.9610103069409,13
3.3499999999999996,3.3499999999999996,3.3499999999999996,1028.3821819233267,276.54636740241716,677.0132242732636,13
3.3499999999999996,3.3499999999999996,3.3499999999999996,1033.1156493573517,277.8192630701047,680.1294004437884,13
3.3499999999999996,3.3499999999999996,3.3499999999999996,988.7592456407006,265.89120506356346,650.9283189536235,13
3.3499999999999996,3.3499999999999996,3.3499999999999996,992.1778898522869,266.8105263575082,653.1789096202184,13
3.3499999999999996,3.3499999999999996,3.3499999999999996,985.7760049013808,265.088969859524,648.9643667700757,13
3.3499999999999996,3.3499999999999996,3.3499999999999996,981.3685835594836,263.9037525510775,646.0628360105403,13
3.3499999999999996,3.3499999999999996,3.3499999999999996,992.2649599359863,266.83394072210893,653.2362303314668,13
3.3499999999999996,3.3499999999999996,3.3499999999999996,977.5713782342264,262.88263087332024,643.5630278014246,13
3.3499999999999996,3.3499999999999996,3.3499999999999996,968.4607866124542,260.43266522613663,637.5652663492015,13
3.3499999999999996,3.3499999999999996,3.3499999999999996,973.9777458999295,261.9162528231182,641.1972374792463,13
3.3499999999999996,3.3499999999999996,3.3499999999999996,987.4469066198402,265.5382987264072,650.0643688702113,13
3.3499999999999996,3.3499999999999996,3.3499999999999996,972.1902363947431,261.435566489724,640.020469158288,13
3.3499999999999996,3.3499999999999996,3.3499999999999996,995.2837701685883,267.64574106091095,655.2235989235797,13
3.3499999999999996,3.3499999999999996,3.3499999999999996,992.2663653518007,266.83431865809905,653.2371555566494,13
3.3499999999999996,3.3499999999999996,3.3499999999999996,1006.2822075788382,270.6033748729039,662.4641829243208,13
3.3499999999999996,3.3499999999999996,3.3499999999999996,993.5822148880142,267.1881690219855,654.1034167121122,13
3.3499999999999996,3.3499999999999996,3.3499999999999996,989.3602828796317,266.05283239241226,651.3239988537517,13
3.3499999999999996,3.3499999999999996,3.3499999999999996,1035.2038239760197,278.3808024622153,681.5041051559859,13
3.3499999999999996,3.3499999999999996,3.3499999999999996,1020.103446089732,274.32009942373344,671.5630971336371,13
3.3499999999999996,3.3499999999999996,3.3499999999999996,1029.2434558076898,276.7779760088728,677.5802253548503,13
3.3499999999999996,3.3499999999999996,3.3499999999999996,1025.5308608575522,275.7796072456404,675.1361185609027,13
3.3499999999999996,3.3499999999999996,3.3499999999999996,1031.3254477911087,277.3378528038002,678.950859862509,13
3.3499999999999996,3.3499999999999996,3.3499999999999996,1001.7072223588665,269.3730972915317,659.4523401004953,13
3.3499999999999996,3.3499999999999996,3.3499999999999996,1038.6842352931212,279.3167337956525,683.7953588640006,13
3.3499999999999996,3.3499999999999996,3.3499999999999996,1038.6717851283966,279.3133857720395,683.7871625666404,13
3.3499999999999996,3.3499999999999996,3.3499999999999996,1003.5006639785266,269.85118857406957,660.6321303108616,14
3.3499999999999996,3.3499999999999996,3.3499999999999996,1038.896717435151,279.3695351372224,683.9343273487177,14
3.3499999999999996,3.3499999999999996,3.3499999999999996,1022.5637827831995,274.9774485278744,673.1819065475514,14
3.3499999999999996,3.3499999999999996,3.3499999999999996,1013.6887116433194,272.59085469516,667.3392027365205,14
3.3499999999999996,3.3499999999999996,3.3499999999999996,1020.4268615720127,274.40280941758067,671.775112448925,14
3.3499999999999996,3.3499999999999996,3.3499999999999996,1023.1084124215811,275.1239047889667,673.5404512412919,14
3.3499999999999996,3.3499999999999996,3.3499999999999996,1021.0161868027556,274.5612847626213,672.1630814823363,14
3.3499999999999996,3.3499999999999996,3.3499999999999996,1015.2323780230472,273.0059617521695,668.3554408373362,14
3.3499999999999996,3.3499999999999996,3.3499999999999996,1017.5355752015204,273.62531410383355,669.8716989855952,14
3.3499999999999996,3.3499999999999996,3.3499999999999996,1034.7952930097058,278.2666218101248,681.2342466684034,14
3.3499999999999996,3.3499999999999996,3.3499999999999996,1046.1561325900127,281.3216632007209,688.7134003186882,14
3.3499999999999996,3.3499999999999996,3.3499999999999996,1027.6466876808518,276.34429159761635,676.5281228593478,14
3.3499999999999996,3.3499999999999996,3.3499999999999996,997.4257429261065,268.21758261312317,656.632842437529,14
3.3499999999999996,3.3499999999999996,3.3499999999999996,982.3741921813014,264.1700727268162,646.7239919604402,14
3.3499999999999996,3.3499999999999996,3.3499999999999996,988.4518493194361,265.8044144480951,650.7250810743692,14
3.3499999999999996,3.3499999999999996,3.3499999999999996,989.0994052395682,265.9785485976662,651.1513849746738,14
3.3499999999999996,3.3499999999999996,3.3499999999999996,998.37845981506,268.47377754561006,657.2600422098112,14
3.3499999999999996,3.3499999999999996,3.3499999999999996,970.232668621415,260.905097743396,638.7308925410672,14
3.3499999999999996,3.3499999999999996,3.3499999999999996,984.0862974194712,264.63047464787957,647.8511180017167,14
3.3499999999999996,3.3499999999999996,3.3499999999999996,998.174467446687,268.41892199340015,657.125748414378,14
3.3499999999999996,3.3499999999999996,3.3499999999999996,997.9356070123252,268.3546900756451,656.9685000106015,14
3.3499999999999996,3.3499999999999996,3.3499999999999996,997.9611828472327,268.3615676689505,656.9853372872532,14
3.3499999999999996,3.3499999999999996,3.3499999999999996,976.8034867827259,262.672055309427,643.0566431415518,14
3.3499999999999996,3.3499999999999996,3.3499999999999996,995.8861390430576,267.8035680013869,655.6192787901857,14
3.3499999999999996,3.3499999999999996,3.3499999999999996,968.5950784428103,260.46473365400743,637.6528218161523,14
3.3499999999999996,3.3499999999999996,3.3499999999999996,993.625909841283,267.195770160845,654.1313076446169,14
3.3499999999999996,3.3499999999999996,3.3499999999999996,965.4514198343883,259.61937296576394,635.5832647565504,14
3.3499999999999996,3.3499999999999996,3.3499999999999996,976.547259028529,262.6031531487232,642.887961352714,14
3.3499999999999996,3.3499999999999996,3.3499999999999996,994.3137775150162,267.3807445370478,654.5841498827763,14
3.3499999999999996,3.3499999999999996,3.3499999999999996,985.3573917394009,264.972284399816,648.6879144070842,14
3.3499999999999996,3.3499999999999996,3.3499999999999996,995.5292980220087,267.7076099446375,655.3843605162074,14
3.3499999999999996,3.3499999999999996,3.3499999999999996,990.9404243054923,266.47361671367275,652.3633785399221,14
3.3499999999999996,3.3499999999999996,3.3499999999999996,1016.4503339327534,273.3334820634787,669.1572547634614,14
3.3499999999999996,3.3499999999999996,3.3499999999999996,1012.0187505240226,272.1417857417543,666.2398213296328,14
3.3499999999999996,3.3499999999999996,3.3499999999999996,1016.1508796812041,273.25295587290924,668.9601157806657,14
3.3499999999999996,3.3499999999999996,3.3499999999999996,1028.3821819233267,276.5420732261151,677.0123189796687,14
3.3499999999999996,3.3499999999999996,3.3499999999999996,1033.1156493573517,277.81494912844295,680.1284909832817,14
3.3499999999999996,3.3499999999999996,3.3499999999999996,988.7592456407006,265.8870763392471,650.9274485404368,14
3.3499999999999996,3.3499999999999996,3.3499999999999996,992.1778898522869,266.80638335808936,653.1780361975702,14
3.3499999999999996,3.3499999999999996,3.3499999999999996,985.7760049013808,265.0848535922123,648.9634989830611,14
3.3499999999999996,3.3499999999999996,3.3499999999999996,981.3685835594836,263.89965468766724,646.0619721034162,14
3.3499999999999996,3.3499999999999996,3.3499999999999996,992.2649599359863,266.8297973591149,653.23535683217,14
3.3499999999999996,3.3499999999999996,3.3499999999999996,977.5713782342264,262.8785488657556,643.562167237013,14
3.3499999999999996,3.3499999999999996,3.3499999999999996,968.4607866124542,260.42862126132235,637.564413804921,14
3.3499999999999996,3.3499999999999996,3.3499999999999996,973.9777458999295,261.9121858213472,641.1963800783396,14
3.3499999999999996,3.3499999999999996,3.3499999999999996,987.4469066198402,265.53417548197484,650.063499612288,14
3.3499999999999996,3.3499999999999996,3.3499999999999996,972.1902363947431,261.43150695198835,640.0196133309413,14
3.3499999999999996,3.3499999999999996,3.3499999999999996,995.2837701685883,267.641585092386,655.2227227667987,14
3.3499999999999996,3.3499999999999996,3.3499999999999996,992.2663653518007,266.8301752892364,653.2362820561154,14
3.3499999999999996,3.3499999999999996,3.3499999999999996,1006.2822075788382,270.59917297862285,662.4632970855214,14
3.3499999999999996,3.3499999999999996,3.3499999999999996,993.5822148880142,267.18402015858015,654.1025420532247,14
3.3499999999999996,3.3499999999999996,3.3499999999999996,989.3602828796317,266.0487011583675,651.3231279114667,14
3.3499999999999996,3.3499999999999996,3.3499999999999996,1035.2038239760197,278.37647980104236,681.5031938572412,14
3.3499999999999996,3.3499999999999996,3.3499999999999996,1020.103446089732,274.31583981663323,671.5621991278838,14
3.3499999999999996,3.3499999999999996,3.3499999999999996,1029.2434558076898,276.7736782361822,677.5793193030685,14
3.3499999999999996,3.3499999999999996,3.3499999999999996,1025.5308608575522,275.7753249754911,675.1352157773499,14
3.3499999999999996,3.3499999999999996,3.3499999999999996,1031.3254477911087,277.33354633741504,678.9499519779321,14
3.3499999999999996,3.3499999999999996,3.3499999999999996,1001.7072223588665,269.36891450084215,659.4514582890946,14
3.3499999999999996,3.3499999999999996,3.3499999999999996,1038.6842352931212,279.31239660145866,683.7944445014202,14
3.3499999999999996,3.3499999999999996,3.3499999999999996,1038.6717851283966,279.30904862983334,683.7862482150198,14
3.3499999999999996,3.3499999999999996,3.3499999999999996,1003.5006639785266,269.8507695450347,660.6320419676712,15
3.3499999999999996,3.3499999999999996,3.3499999999999996,1038.896717435151,279.369101327954,683.9342358894353,15
3.3499999999999996,3.3499999999999996,3.3499999999999996,1022.5637827831995,274.977021538705,673.1818165261391,15
3.3499999999999996,3.3499999999999996,3.3499999999999996,1013.6887116433194,272.5904314119298,667.3391134964252,15
3.3499999999999996,3.3499999999999996,3.3499999999999996,1020.4268615720127,274.4023833207196,671.7750226156365,15
3.3499999999999996,3.3499999999999996,3.3499999999999996,1023.1084124215811,275.12347757237774,673.5403611719331,15
3.3499999999999996,3.3499999999999996,3.3499999999999996,1021.0161868027556,274.56085841967734,672.1629915971666,15
3.3499999999999996,3.3499999999999996,3.3499999999999996,1015.2323780230472,273.00553782435486,668.3553514613441,15
3.3499999999999996,3.3499999999999996,3.3499999999999996,1017.5355752015204,273.62488921427905,669.8716094068411,15
3.3499999999999996,3.3499999999999996,3.3499999999999996,1034.7952930097058,278.266189713477,681.2341555701901,15
3.3499999999999996,3.3499999999999996,3.3499999999999996,1046.1561325900127,281.32122636015833,688.713308220323,15
3.3499999999999996,3.3499999999999996,3.3499999999999996,1027.6466876808518,276.34386248599225,676.5280323904619,15
3.3499999999999996,3.3499999999999996,3.3499999999999996,997.4257429261065,268.2171661207765,656.6327546291442,15
3.3499999999999996,3.3499999999999996,3.3499999999999996,982.3741921813014,264.1696625195045,646.7239054771188,15
3.3499999999999996,3.3499999999999996,3.3499999999999996,988.4518493194361,265.8040017029527,650.724994056001,15
3.3499999999999996,3.3499999999999996,3.3499999999999996,989.0994052395682,265.9781355821257,651.1512978992982,15
3.3499999999999996,3.3499999999999996,3.3499999999999996,998.37845981506,268.47336065544005,657.259954317554,15
3.3499999999999996,3.3499999999999996,3.3499999999999996,970.232668621415,260.9046926059872,638.730807126625,15
3.3499999999999996,3.3499999999999996,3.3499999999999996,984.0862974194712,264.63006372564877,647.8510313676701,15
3.3499999999999996,3.3499999999999996,3.3499999999999996,998.174467446687,268.4185051884106,657.1256605400794,15
3.3499999999999996,3.3499999999999996,3.3499999999999996,997.9356070123252,268.3542733703959,656.9684121573308,15
3.3499999999999996,3.3499999999999996,3.3499999999999996,997.9611828472327,268.36115095302165,656.985249431731,15
3.3499999999999996,3.3499999999999996,3.3499999999999996,976.8034867827259,262.6716474282596,643.0565571486476,15
3.3499999999999996,3.3499999999999996,3.3499999999999996,995.8861390430576,267.80315215192843,655.61919111734,15
3.3499999999999996,3.3499999999999996,3.3499999999999996,968.5950784428103,260.4643292004027,637.6527365458753,15
3.3499999999999996,3.3499999999999996,3.3499999999999996,993.625909841283,267.1953552551842,654.1312201707505,15
3.3499999999999996,3.3499999999999996,3.3499999999999996,965.4514198343883,259.61896982484814,635.5831797630256,15
3.3499999999999996,3.3499999999999996,3.3499999999999996,976.547259028529,262.6027453745481,642.8878753823668,15
3.3499999999999996,3.3499999999999996,3.3499999999999996,994.3137775150162,267.38032934415605,654.5840623483533,15
3.3499999999999996,3.3499999999999996,3.3499999999999996,985.3573917394009,264.97187294681777,648.6878276611369,15
3.3499999999999996,3.3499999999999996,3.3499999999999996,995.5292980220087,267.70719424418417,655.3842728747762,15
3.3499999999999996,3.3499999999999996,3.3499999999999996,990.9404243054923,266.47320292938286,652.3632913024724,15
3.3499999999999996,3.3499999999999996,3.3499999999999996,1016.4503339327534,273.33305762708545,669.1571652802467,15
3.3499999999999996,3.3499999999999996,3.3499999999999996,1012.0187505240226,272.1413631558452,666.2397322365525,15
3.3499999999999996,3.3499999999999996,3.3499999999999996,1016.1508796812041,273.2525315615583,668.9600263238132,15
3.3499999999999996,3.3499999999999996,3.3499999999999996,1028.3821819233267,276.5416438073726,677.0122284460334,15
3.3499999999999996,3.3499999999999996,3.3499999999999996,1033.1156493573517,277.8145177331594,680.1284000329358,15
3.3499999999999996,3.3499999999999996,3.3499999999999996,988.7592456407006,265.88666346574604,650.9273614950072,15
3.3499999999999996,3.3499999999999996,3.3499999999999996,992.1778898522869,266.8059690570744,653.1779488511802,15
3.3499999999999996,3.3499999999999996,3.3499999999999996,985.7760049013808,265.08444196441496,648.9634122002611,15
3.3499999999999996,3.3499999999999996,3.3499999999999996,981.3685835594836,263.89924490026476,646.0618857086237,15
3.3499999999999996,3.3499999999999996,3.3499999999999996,992.2649599359863,266.8293830217423,653.2352694781148,15
3.3499999999999996,3.3499999999999996,3.3499999999999996,977.5713782342264,262.8781406639418,643.5620811765074,15
3.3499999999999996,3.3499999999999996,3.3499999999999996,968.4607866124542,260.42821686379347,637.5643285464665,15
3.3499999999999996,3.3499999999999996,3.3499999999999996,973.9777458999295,261.91177912011665,641.1962943341996,15
3.3499999999999996,3.3499999999999996,3.3499999999999996,987.4469066198402,265.53376315646364,650.0634126823901,15
3.3499999999999996,3.3499999999999996,3.3499999999999996,972.1902363947431,261.4311009971633,640.0195277441645,15
3.3499999999999996,3.3499999999999996,3.3499999999999996,995.2837701685883,267.6411694944571,655.2226351469826,15
3.3499999999999996,3.3499999999999996,3.3499999999999996,992.2663653518007,266.829760951277,653.2361947019365,15
3.3499999999999996,3.3499999999999996,3.3499999999999996,1006.2822075788382,270.59875278810637,662.4632084974577,15
3.3499999999999996,3.3499999999999996,3.3499999999999996,993.5822148880142,267.183605271165,654.1024545832049,15
3.3499999999999996,3.3499999999999996,3.3499999999999996,989.3602828796317,266.048288033893,651.323040813125,15
3.3499999999999996,3.3499999999999996,3.3499999999999996,1035.2038239760197,278.37604753380543,681.5031027230627,15
3.3499999999999996,3.3499999999999996,3.3499999999999996,1020.103446089732,274.3154138548199,671.5621093230671,15
3.3499999999999996,3.3499999999999996,3.3499999999999996,1029.2434558076898,276.7732484578,677.5792286936111,15
3.3499999999999996,3.3499999999999996,3.3499999999999996,1025.5308608575522,275.774896747367,675.1351254947308,15
3.3499999999999996,3.3499999999999996,3.3499999999999996,1031.3254477911087,277.33311568966104,678.9498611851865,15
3.3499999999999996,3.3499999999999996,3.3499999999999996,1001.7072223588665,269.3684962206898,659.4513701037897,15
3.3499999999999996,3.3499999999999996,3.3499999999999996,1038.6842352931212,279.31196288091587,683.7943530608437,15
3.3499999999999996,3.3499999999999996,3.3499999999999996,1038.6717851283966,279.30861491448934,683.7861567755396,15
3.3499999999999996,3.3499999999999996,3.3499999999999996,1003.5006639785266,456.6146672670059,645.7792562360331,16
3.3499999999999996,3.3499999999999996,3.3499999999999996,1038.896717435151,472.7206428301747,668.5575541439645,16
3.3499999999999996,3.3499999999999996,3.3499999999999996,1022.5637827831995,465.2888016871635,658.046878097302,16
3.3499999999999996,3.3499999999999996,3.3499999999999996,1013.6887116433194,461.25045094064717,652.3355347514681,16
3.3499999999999996,3.3499999999999996,3.3499999999999996,1020.4268615720127,464.316455974951,656.6717126988815,16
3.3499999999999996,3.3499999999999996,3.3499999999999996,1023.1084124215811,465.53662003949773,658.3973616947954,16
3.3499999999999996,3.3499999999999996,3.3499999999999996,1021.0161868027556,464.5846117956765,657.050959093878,16
3.3499999999999996,3.3499999999999996,3.3499999999999996,1015.2323780230472,461.9528527781867,653.328924952751,16
3.3499999999999996,3.3499999999999996,3.3499999999999996,1017.5355752015204,463.0008576784818,654.8110933401464,16
3.3499999999999996,3.3499999999999996,3.3499999999999996,1034.7952930097058,470.8544053511474,665.9181788948525,16
3.3499999999999996,3.3499999999999996,3.3499999999999996,1046.1561325900127,476.0238349001714,673.2291800707766,16
3.3499999999999996,3.3499999999999996,3.3499999999999996,1027.6466876808518,467.6016341664065,661.3178620260128,16
3.3499999999999996,3.3499999999999996,3.3499999999999996,997.4257429261065,453.8504458224216,641.869883636945,16
3.3499999999999996,3.3499999999999996,3.3499999999999996,982.3741921813014,447.00166227708377,632.183812073581,16
3.3499999999999996,3.3499999999999996,3.3499999999999996,988.4518493194361,449.7671287002846,636.0949454162951,16
3.3499999999999996,3.3499999999999996,3.3499999999999996,989.0994052395682,450.06178075346384,636.511664802226,16
3.3499999999999996,3.3499999999999996,3.3499999999999996,998.37845981506,454.2839527655305,642.4829821888808,16
3.3499999999999996,3.3499999999999996,3.3499999999999996,970.232668621415,441.47700450712085,624.3704200794094,16
3.3499999999999996,3.3499999999999996,3.3499999999999996,984.0862974194712,447.7807074653088,633.2855971415844,16
3.3499999999999996,3.3499999999999996,3.3499999999999996,998.174467446687,454.1911317931553,642.3517076968407,16
3.3499999999999996,3.3499999999999996,3.3499999999999996,997.9356070123252,454.08244509101905,642.1979946808125,16
3.3499999999999996,3.3499999999999996,3.3499999999999996,997.9611828472327,454.0940826531708,642.2144534079833,16
3.3499999999999996,3.3499999999999996,3.3499999999999996,976.8034867827259,444.46686994129374,628.598915602522,16
3.3499999999999996,3.3499999999999996,3.3499999999999996,995.8861390430576,453.1498925093882,640.8791077598751,16
3.3499999999999996,3.3499999999999996,3.3499999999999996,968.5950784428103,440.73186529459764,623.3165874258602,16
3.3499999999999996,3.3499999999999996,3.3499999999999996,993.625909841283,452.1214389747152,639.4245904035456,16
3.3499999999999996,3.3499999999999996,3.3499999999999996,965.4514198343883,439.30143213096176,621.2935598476242,16
3.3499999999999996,3.3499999999999996,3.3499999999999996,976.547259028529,444.350280730218,628.4340262561848,16
3.3499999999999996,3.3499999999999996,3.3499999999999996,994.3137775150162,452.4344337541308,639.8672514706255,16
3.3499999999999996,3.3499999999999996,3.3499999999999996,985.3573917394009,448.3590830765999,634.1035800029765,16
3.3499999999999996,3.3499999999999996,3.3499999999999996,995.5292980220087,452.9875220696444,640.6494711114509,16
3.3499999999999996,3.3499999999999996,3.3499999999999996,990.9404243054923,450.899484542205,637.6964093328328,16
3.3499999999999996,3.3499999999999996,3.3499999999999996,1016.4503339327534,462.5070492549998,654.1127118397272,16
3.3499999999999996,3.3499999999999996,3.3499999999999996,1012.0187505240226,460.49058224478273,651.2608705401988,16
3.3499999999999996,3.3499999999999996,3.3499999999999996,1016.1508796812041,462.3707910457716,653.9200050974362,16
3.3499999999999996,3.3499999999999996,3.3499999999999996,1028.3821819233267,467.93630007232923,661.7911720515272,16
3.3499999999999996,3.3499999999999996,3.3499999999999996,1033.1156493573517,470.09013089177034,664.8372837171071,16
3.3499999999999996,3.3499999999999996,3.3499999999999996,988.7592456407006,449.90700072428183,636.2927630908035,16
3.3499999999999996,3.3499999999999996,3.3499999999999996,992.1778898522869,451.46255832898646,638.4927511880124,16
3.3499999999999996,3.3499999999999996,3.3499999999999996,985.7760049013808,448.5495611864133,634.372968660202,16
3.3499999999999996,3.3499999999999996,3.3499999999999996,981.3685835594836,446.5440884430698,631.5366762906436,16
3.3499999999999996,3.3499999999999996,3.3499999999999996,992.2649599359863,451.50217711422937,638.5487830930327,16
3.3499999999999996,3.3499999999999996,3.3499999999999996,977.5713782342264,444.816277283222,629.0930740901247,16
3.3499999999999996,3.3499999999999996,3.3499999999999996,968.4607866124542,440.6707595857169,623.2301670761395,16
3.3499999999999996,3.3499999999999996,3.3499999999999996,973.9777458999295,443.1810962698889,626.7804765011731,16
3.3499999999999996,3.3499999999999996,3.3499999999999996,987.4469066198402,449.3098578753913,635.4482381719453,16
3.3499999999999996,3.3499999999999996,3.3499999999999996,972.1902363947431,442.36774049719673,625.6301667901686,16
3.3499999999999996,3.3499999999999996,3.3499999999999996,995.2837701685883,452.8758015465608,640.4914674346636,16
3.3499999999999996,3.3499999999999996,3.3499999999999996,992.2663653518007,451.5028166090473,638.5496875153333,16
3.3499999999999996,3.3499999999999996,3.3499999999999996,1006.2822075788382,457.88033021187096,647.5692532154827,16
3.3499999999999996,3.3499999999999996,3.3499999999999996,993.5822148880142,452.10155681891354,639.3964715438018,16
3.3499999999999996,3.3499999999999996,3.3499999999999996,989.3602828796317,450.18048576392454,636.6795464732761,16
3.3499999999999996,3.3499999999999996,3.3499999999999996,1035.2038239760197,471.0402958422529,666.1810793921272,16
3.3499999999999996,3.3499999999999996,3.3499999999999996,1020.103446089732,464.1692948836519,656.4635862699716,16
3.3499999999999996,3.3499999999999996,3.3499999999999996,1029.2434558076898,468.32819845590876,662.345424608027,16
3.3499999999999996,3.3499999999999996,3.3499999999999996,1025.5308608575522,466.6388868603058,659.9562714249087,16
3.3499999999999996,3.3499999999999996,3.3499999999999996,1031.3254477911087,469.2755501726404,663.68524159351,16
3.3499999999999996,3.3499999999999996,3.3499999999999996,1001.7072223588665,455.7986122529743,644.6251290522453,16
3.3499999999999996,3.3499999999999996,3.3499999999999996,1038.6842352931212,472.62395882580296,668.4208162577139,16
3.3499999999999996,3.3499999999999996,3.3499999999999996,1038.6717851283966,472.618293729578,668.4128042469553,16
3.3499999999999996,3.3499999999999996,3.3499999999999996,1003.5006639785266,290.1804833560694,658.9652287347244,17
3.3499999999999996,3.3499999999999996,3.3499999999999996,1038.896717435151,300.41589651485975,682.2086298600177,17
3.3499999999999996,3.3499999999999996,3.3499999999999996,1022.5637827831995,295.6929311576313,671.4833394788816,17
3.3499999999999996,3.3499999999999996,3.3499999999999996,1013.6887116433194,293.1265427877628,665.6553779302152,17
3.3499999999999996,3.3499999999999996,3.3499999999999996,1020.4268615720127,295.0750014917977,670.0800949915935,17
3.3499999999999996,3.3499999999999996,3.3499999999999996,1023.1084124215811,295.8504207312694,671.8409794955897,17
3.3499999999999996,3.3499999999999996,3.3499999999999996,1021.0161868027556,295.2454156095451,670.46708510472,17
3.3499999999999996,3.3499999999999996,3.3499999999999996,1015.2323780230472,293.57292202027264,666.6690518673848,17
3.3499999999999996,3.3499999999999996,3.3499999999999996,1017.5355752015204,294.23893340870956,668.1814842055124,17
3.3499999999999996,3.3499999999999996,3.3499999999999996,1034.7952930097058,299.22989498546804,679.5153620011442,17
3.3499999999999996,3.3499999999999996,3.3499999999999996,1046.1561325900127,302.51508854744753,686.9756443122434,17
3.3499999999999996,3.3499999999999996,3.3499999999999996,1027.6466876808518,297.1627456311025,674.8211126451084,17
3.3499999999999996,3.3499999999999996,3.3499999999999996,997.4257429261065,288.42380935412905,654.9760318317723,17
3.3499999999999996,3.3499999999999996,3.3499999999999996,982.3741921813014,284.07137947822855,645.0921832849865,17
3.3499999999999996,3.3499999999999996,3.3499999999999996,988.4518493194361,285.8288446691575,649.0831768836593,17
3.3499999999999996,3.3499999999999996,3.3499999999999996,989.0994052395682,286.0160972506946,649.508405137457,17
3.3499999999999996,3.3499999999999996,3.3499999999999996,998.37845981506,288.6993047845373,655.6016490587303,17
3.3499999999999996,3.3499999999999996,3.3499999999999996,970.232668621415,280.5604369330403,637.1192519885507,17
3.3499999999999996,3.3499999999999996,3.3499999999999996,984.0862974194712,284.56646587268983,646.2164653710746,17
3.3499999999999996,3.3499999999999996,3.3499999999999996,998.174467446687,288.6403166780217,655.467694112301,17
3.3499999999999996,3.3499999999999996,3.3499999999999996,997.9356070123252,288.5712458355343,655.3108424764079,17
3.3499999999999996,3.3499999999999996,3.3499999999999996,997.9611828472327,288.5786415537456,655.3276372693808,17
3.3499999999999996,3.3499999999999996,3.3499999999999996,976.8034867827259,282.4605086106557,641.4340878905778,17
3.3499999999999996,3.3499999999999996,3.3499999999999996,995.8861390430576,287.97860486648193,653.9650255999161,17
3.3499999999999996,3.3499999999999996,3.3499999999999996,968.5950784428103,280.0868979244235,636.0439014428522,17
3.3499999999999996,3.3499999999999996,3.3499999999999996,993.625909841283,287.3250184506383,652.4808088909452,17
3.3499999999999996,3.3499999999999996,3.3499999999999996,965.4514198343883,279.1778518148955,633.9795662726597,17
3.3499999999999996,3.3499999999999996,3.3499999999999996,976.547259028529,282.3864156915069,641.2658317182468,17
3.3499999999999996,3.3499999999999996,3.3499999999999996,994.3137775150162,287.5239279095095,652.9325085212812,17
3.3499999999999996,3.3499999999999996,3.3499999999999996,985.3573917394009,284.9340259325766,647.0511503786112,17
3.3499999999999996,3.3499999999999996,3.3499999999999996,995.5292980220087,287.875417789795,653.7307000698012,17
3.3499999999999996,3.3499999999999996,3.3499999999999996,990.9404243054923,286.5484614250236,650.7173406104758,17
3.3499999999999996,3.3499999999999996,3.3499999999999996,1016.4503339327534,293.92511614158354,667.468842663184,17
3.3499999999999996,3.3499999999999996,3.3499999999999996,1012.0187505240226,292.64364313240804,664.5587704734819,17
3.3499999999999996,3.3499999999999996,3.3499999999999996,1016.1508796812041,293.83852349388854,667.2722010998536,17
3.3499999999999996,3.3499999999999996,3.3499999999999996,1028.3821819233267,297.37542717925504,675.3040870457471,17
3.3499999999999996,3.3499999999999996,3.3499999999999996,1033.1156493573517,298.74419544943214,678.4123963497034,17
3.3499999999999996,3.3499999999999996,3.3499999999999996,988.7592456407006,285.9177339108775,649.2850337377954,17
3.3499999999999996,3.3499999999999996,3.3499999999999996,992.1778898522869,286.90629711302574,651.5299427306,17
3.3499999999999996,3.3499999999999996,3.3499999999999996,985.7760049013808,285.05507554823004,647.3260396018446,17
3.3499999999999996,3.3499999999999996,3.3499999999999996,981.3685835594836,283.7805894404929,644.4318338310395,17
3.3499999999999996,3.3499999999999996,3.3499999999999996,992.2649599359863,286.9314750126332,651.5871187342444,17
3.3499999999999996,3.3499999999999996,3.3499999999999996,977.5713782342264,282.68255840151306,641.9383364517846,17
3.3499999999999996,3.3499999999999996,3.3499999999999996,968.4607866124542,280.0480649972094,635.9557165019904,17
3.3499999999999996,3.3499999999999996,3.3499999999999996,973.9777458999295,281.64339419843617,639.5785186278782,17
3.3499999999999996,3.3499999999999996,3.3499999999999996,987.4469066198402,285.5382471949539,648.4232647185004,17
3.3499999999999996,3.3499999999999996,3.3499999999999996,972.1902363947431,281.12650328761003,638.4047210886912,17
3.3499999999999996,3.3499999999999996,3.3499999999999996,995.2837701685883,287.80441894172213,653.5694701634369,17
3.3499999999999996,3.3499999999999996,3.3499999999999996,992.2663653518007,286.93188141419813,651.5880416236722,17
3.3499999999999996,3.3499999999999996,3.3499999999999996,1006.2822075788382,290.9848173195513,660.7917751243879,17
3.3499999999999996,3.3499999999999996,3.3499999999999996,993.5822148880142,287.3123832595368,652.4521158806574,17
3.3499999999999996,3.3499999999999996,3.3499999999999996,989.3602828796317,286.09153476898194,649.6797147338798,17
3.3499999999999996,3.3499999999999996,3.3499999999999996,1035.2038239760197,299.34802915072197,679.7836305846396,17
3.3499999999999996,3.3499999999999996,3.3499999999999996,1020.103446089732,294.9814800180789,669.8677188916988,17
3.3499999999999996,3.3499999999999996,3.3499999999999996,1029.2434558076898,297.6244802003816,675.8696567185787,17
3.3499999999999996,3.3499999999999996,3.3499999999999996,1025.5308608575522,296.5509157915003,673.4317201348423,17
3.3499999999999996,3.3499999999999996,3.3499999999999996,1031.3254477911087,298.22652608014886,677.2368310243118,17
3.3499999999999996,3.3499999999999996,3.3499999999999996,1001.7072223588665,289.6618770663631,657.7875357749249,17
3.3499999999999996,3.3499999999999996,3.3499999999999996,1038.6842352931212,300.35445343575475,682.069099963974,17
3.3499999999999996,3.3499999999999996,3.3499999999999996,1038.6717851283966,300.3508532439987,682.0609243583763,17
3.3499999999999996,3.3499999999999996,3.3499999999999996,1003.5006639785266,271.9016558458219,660.462657595551,18
3.3499999999999996,3.3499999999999996,3.3499999999999996,1038.896717435151,281.4923276716948,683.7588768941729,18
3.3499999999999996,3.3499999999999996,3.3499999999999996,1022.5637827831995,277.0668677431678,673.0092144238018,18
3.3499999999999996,3.3499999999999996,3.3499999999999996,1013.6887116433194,274.662139350547,667.1680094482562,18
3.3499999999999996,3.3499999999999996,3.3499999999999996,1020.4268615720127,276.48786223117327,671.602781211673,18
3.3499999999999996,3.3499999999999996,3.3499999999999996,1023.1084124215811,277.2144368537965,673.3676671396622,18
3.3499999999999996,3.3499999999999996,3.3499999999999996,1021.0161868027556,276.6475417528941,671.9906507189451,18
3.3499999999999996,3.3499999999999996,3.3499999999999996,1015.2323780230472,275.080400603168,668.1839868523505,18
3.3499999999999996,3.3499999999999996,3.3499999999999996,1017.5355752015204,275.70445911059664,669.699856033174,18
3.3499999999999996,3.3499999999999996,3.3499999999999996,1034.7952930097058,280.3810338453571,681.059488868641,18
3.3499999999999996,3.3499999999999996,3.3499999999999996,1046.1561325900127,283.4592890020974,688.5367238830934,18
3.3499999999999996,3.3499999999999996,3.3499999999999996,1027.6466876808518,278.44409678524835,676.3545723269042,18
3.3499999999999996,3.3499999999999996,3.3499999999999996,997.4257429261065,270.25563691172704,656.4643956641067,18
3.3499999999999996,3.3499999999999996,3.3499999999999996,982.3741921813014,266.17737197632135,646.5580871157538,18
3.3499999999999996,3.3499999999999996,3.3499999999999996,988.4518493194361,267.82413226143206,650.5581498257202,18
3.3499999999999996,3.3499999999999996,3.3499999999999996,989.0994052395682,267.99958957128433,650.984344365798,18
3.3499999999999996,3.3499999999999996,3.3499999999999996,998.37845981506,270.51377854427113,657.0914345401147,18
3.3499999999999996,3.3499999999999996,3.3499999999999996,970.232668621415,262.8875880440062,638.5670381753087,18
3.3499999999999996,3.3499999999999996,3.3499999999999996,984.0862974194712,266.6412722665263,647.6849240140989,18
3.3499999999999996,3.3499999999999996,3.3499999999999996,998.174467446687,270.45850617153496,656.9571751952222,18
3.3499999999999996,3.3499999999999996,3.3499999999999996,997.9356070123252,270.39378618683503,656.7999671305585,18
3.3499999999999996,3.3499999999999996,3.3499999999999996,997.9611828472327,270.40071603961013,656.8168000879241,18
3.3499999999999996,3.3499999999999996,3.3499999999999996,976.8034867827259,264.6679718568467,642.8916790860488,18
3.3499999999999996,3.3499999999999996,3.3499999999999996,995.8861390430576,269.83847640533725,655.4510920274039,18
3.3499999999999996,3.3499999999999996,3.3499999999999996,968.5950784428103,262.4438778431637,637.4892440091088,18
3.3499999999999996,3.3499999999999996,3.3499999999999996,993.625909841283,269.22606020611227,653.9635025927737,18
3.3499999999999996,3.3499999999999996,3.3499999999999996,965.4514198343883,261.59209367228436,635.4202178553444,18
3.3499999999999996,3.3499999999999996,3.3499999999999996,976.547259028529,264.5985461423051,642.7230405693431,18
3.3499999999999996,3.3499999999999996,3.3499999999999996,994.3137775150162,269.41244011217964,654.416228662796,18
3.3499999999999996,3.3499999999999996,3.3499999999999996,985.3573917394009,266.98567926368264,648.5215057551284,18
3.3499999999999996,3.3499999999999996,3.3499999999999996,995.5292980220087,269.7417892102215,655.2162340172791,18
3.3499999999999996,3.3499999999999996,3.3499999999999996,990.9404243054923,268.4984194679021,652.196027016952,18
3.3499999999999996,3.3499999999999996,3.3499999999999996,1016.4503339327534,275.41040958122215,668.9855950882331,18
3.3499999999999996,3.3499999999999996,3.3499999999999996,1012.0187505240226,274.20965814168096,666.0689100669371,18
3.3499999999999996,3.3499999999999996,3.3499999999999996,1016.1508796812041,275.3292715114939,668.7885066777259,18
3.3499999999999996,3.3499999999999996,3.3499999999999996,1028.3821819233267,278.6433812596614,676.8386442358407,18
3.3499999999999996,3.3499999999999996,3.3499999999999996,1033.1156493573517,279.92592912375653,679.9540168442888,18
3.3499999999999996,3.3499999999999996,3.3499999999999996,988.7592456407006,267.90742225988726,650.7604653782306,18
3.3499999999999996,3.3499999999999996,3.3499999999999996,992.1778898522869,268.8337146433849,653.0104756895405,18
3.3499999999999996,3.3499999999999996,3.3499999999999996,985.7760049013808,267.09910381434514,648.7970196350791,18
3.3499999999999996,3.3499999999999996,3.3499999999999996,981.3685835594836,265.90489916268,645.8962370874403,18
3.3499999999999996,3.3499999999999996,3.3499999999999996,992.2649599359863,268.8573065559587,653.0677816196124,18
3.3499999999999996,3.3499999999999996,3.3499999999999996,977.5713782342264,264.8760344567708,643.397073498836,18
3.3499999999999996,3.3499999999999996,3.3499999999999996,968.4607866124542,262.40749105005904,637.4008586772859,18
3.3499999999999996,3.3499999999999996,3.3499999999999996,973.9777458999295,263.902328491971,641.031893238246,18
3.3499999999999996,3.3499999999999996,3.3499999999999996,987.4469066198402,267.55183988150765,649.8967380798874,18
3.3499999999999996,3.3499999999999996,3.3499999999999996,972.1902363947431,263.41799717885215,639.855428368166,18
3.3499999999999996,3.3499999999999996,3.3499999999999996,995.2837701685883,269.67526266739236,655.0546377329869,18
3.3499999999999996,3.3499999999999996,3.3499999999999996,992.2663653518007,268.85768735778663,653.0687066062089,18
3.3499999999999996,3.3499999999999996,3.3499999999999996,1006.2822075788382,272.65532381823147,662.2933546189055,18
3.3499999999999996,3.3499999999999996,3.3499999999999996,993.5822148880142,269.2142209213241,653.9347443806512,18
3.3499999999999996,3.3499999999999996,3.3499999999999996,989.3602828796317,268.0702751870018,651.1560432451794,18
3.3499999999999996,3.3499999999999996,3.3499999999999996,1035.2038239760197,280.49172659344623,681.3283670641492,18
3.3499999999999996,3.3499999999999996,3.3499999999999996,1020.103446089732,276.40023179074103,671.3899225095294,18
3.3499999999999996,3.3499999999999996,3.3499999999999996,1029.2434558076898,278.8767461229855,677.4054991059998,18
3.3499999999999996,3.3499999999999996,3.3499999999999996,1025.5308608575522,277.8708068638873,674.9620225689516,18
3.3499999999999996,3.3499999999999996,3.3499999999999996,1031.3254477911087,279.4408683882415,678.775780170897,18
3.3499999999999996,3.3499999999999996,3.3499999999999996,1001.7072223588665,271.4157172076602,659.282288452927,18
3.3499999999999996,3.3499999999999996,3.3499999999999996,1038.6842352931212,281.4347549681287,683.6190299311821,18
3.3499999999999996,3.3499999999999996,3.3499999999999996,1038.6717851283966,281.43138155690355,683.6108357473846,18
3.3499999999999996,3.3499999999999996,3.3499999999999996,1003.5006639785266,270.05599740654,660.6150664442104,19
3.3499999999999996,3.3499999999999996,3.3499999999999996,1038.896717435151,279.58156810480574,683.9166615955326,19
3.3499999999999996,3.3499999999999996,3.3499999999999996,1022.5637827831995,275.1861480355041,673.1645185251432,19
3.3499999999999996,3.3499999999999996,3.3499999999999996,1013.6887116433194,272.79774285076616,667.3219656288409,19
3.3499999999999996,3.3499999999999996,3.3499999999999996,1020.4268615720127,274.61107279162906,671.7577607634519,19
3.3499999999999996,3.3499999999999996,3.3499999999999996,1023.1084124215811,275.3327154524376,673.523053957816,19
3.3499999999999996,3.3499999999999996,3.3499999999999996,1021.0161868027556,274.76966841462973,672.1457197757767,19
3.3499999999999996,3.3499999999999996,3.3499999999999996,1015.2323780230472,273.21316496138786,668.3381774806284,19
3.3499999999999996,3.3499999999999996,3.3499999999999996,1017.5355752015204,273.8329873826214,669.8543964645389,19
3.3499999999999996,3.3499999999999996,3.3499999999999996,1034.7952930097058,278.4778177000877,681.2166506572345,19
3.3499999999999996,3.3499999999999996,3.3499999999999996,1046.1561325900127,281.53517777404284,688.6956111239383,19
3.3499999999999996,3.3499999999999996,3.3499999999999996,1027.6466876808518,276.55402849750186,676.5106484054955,19
3.3499999999999996,3.3499999999999996,3.3499999999999996,997.4257429261065,268.4211515884287,656.6158818709017,19
3.3499999999999996,3.3499999999999996,3.3499999999999996,982.3741921813014,264.3705697654052,646.7072873355017,19
3.3499999999999996,3.3499999999999996,3.3499999999999996,988.4518493194361,266.0061519022686,650.7082731028812,19
3.3499999999999996,3.3499999999999996,3.3499999999999996,989.0994052395682,266.18041821435503,651.1345659919248,19
3.3499999999999996,3.3499999999999996,3.3499999999999996,998.37845981506,268.6775409650657,657.2430654428618,19
3.3499999999999996,3.3499999999999996,3.3499999999999996,970.232668621415,261.1031167654235,638.7143943747255,19
3.3499999999999996,3.3499999999999996,3.3499999999999996,984.0862974194712,264.83132111750257,647.8343842635585,19
3.3499999999999996,3.3499999999999996,3.3499999999999996,998.174467446687,268.62264377916273,657.1087751161843,19
3.3499999999999996,3.3499999999999996,3.3499999999999996,997.9356070123252,268.5583631113385,656.9515307740718,19
3.3499999999999996,3.3499999999999996,3.3499999999999996,997.9611828472327,268.56524592452786,656.9683676158231,19
3.3499999999999996,3.3499999999999996,3.3499999999999996,976.8034867827259,262.8714153984256,643.0400332427831,19
3.3499999999999996,3.3499999999999996,3.3499999999999996,995.8861390430576,268.00682275221317,655.6023444035065,19
3.3499999999999996,3.3499999999999996,3.3499999999999996,968.5950784428103,260.66241845310464,637.6363514959512,19
3.3499999999999996,3.3499999999999996,3.3499999999999996,993.625909841283,267.39856361162344,654.1144116916439,19
3.3499999999999996,3.3499999999999996,3.3499999999999996,965.4514198343883,259.81641616184834,635.5668478921898,19
3.3499999999999996,3.3499999999999996,3.3499999999999996,976.547259028529,262.8024609430807,642.8713558109292,19
3.3499999999999996,3.3499999999999996,3.3499999999999996,994.3137775150162,267.5836783777436,654.5672422330673,19
3.3499999999999996,3.3499999999999996,3.3499999999999996,985.3573917394009,265.1733902926295,648.6711590548057,19
3.3499999999999996,3.3499999999999996,3.3499999999999996,995.5292980220087,267.9107918662216,655.3674321973743,19
3.3499999999999996,3.3499999999999996,3.3499999999999996,990.9404243054923,266.6758620719819,652.3465282518586,19
3.3499999999999996,3.3499999999999996,3.3499999999999996,1016.4503339327534,273.540933850637,669.139970696217,19
3.3499999999999996,3.3499999999999996,3.3499999999999996,1012.0187505240226,272.34833306770355,666.22261261854,19
3.3499999999999996,3.3499999999999996,3.3499999999999996,1016.1508796812041,273.4603465431418,668.9428368054431,19
3.3499999999999996,3.3499999999999996,3.3499999999999996,1028.3821819233267,276.7519602362324,676.9948320192221,19
3.3499999999999996,3.3499999999999996,3.3499999999999996,1033.1156493573517,278.0258022125983,680.1109235333447,19
3.3499999999999996,3.3499999999999996,3.3499999999999996,988.7592456407006,266.08887653127783,650.9106353418775,19
3.3499999999999996,3.3499999999999996,3.3499999999999996,992.1778898522869,267.00888127614553,653.1611648672217,19
3.3499999999999996,3.3499999999999996,3.3499999999999996,985.7760049013808,265.2860449216139,648.946736512542,19
3.3499999999999996,3.3499999999999996,3.3499999999999996,981.3685835594836,264.0999464872012,646.0452845781888,19
3.3499999999999996,3.3499999999999996,3.3499999999999996,992.2649599359863,267.03231304768474,653.2184840212523,19
3.3499999999999996,3.3499999999999996,3.3499999999999996,977.5713782342264,263.0780656770738,643.5455442807566,19
3.3499999999999996,3.3499999999999996,3.3499999999999996,968.4607866124542,260.6262786522135,637.5479457682638,19
3.3499999999999996,3.3499999999999996,3.3499999999999996,973.9777458999295,262.1109691925499,641.1798182294301,19
3.3499999999999996,3.3499999999999996,3.3499999999999996,987.4469066198402,265.7357078330044,650.0467087291876,19
3.3499999999999996,3.3499999999999996,3.3499999999999996,972.1902363947431,261.62992550257087,640.0030818774513,19
3.3499999999999996,3.3499999999999996,3.3499999999999996,995.2837701685883,267.8447169031182,655.2057986230049,19
3.3499999999999996,3.3499999999999996,3.3499999999999996,992.2663653518007,267.0326912646437,653.2194092212993,19
3.3499999999999996,3.3499999999999996,3.3499999999999996,1006.2822075788382,270.8045495084727,662.4461859205563,19
3.3499999999999996,3.3499999999999996,3.3499999999999996,993.5822148880142,267.3868046914651,654.0856468432555,19
3.3499999999999996,3.3499999999999996,3.3499999999999996,989.3602828796317,266.250624018713,651.3063044926658,19
3.3499999999999996,3.3499999999999996,3.3499999999999996,1035.2038239760197,278.5877590698739,681.4855908992728,19
3.3499999999999996,3.3499999999999996,3.3499999999999996,1020.103446089732,274.52403718340355,671.5448529418775,19
3.3499999999999996,3.3499999999999996,3.3499999999999996,1029.2434558076898,276.9837410274474,677.561817697228,19
3.3499999999999996,3.3499999999999996,3.3499999999999996,1025.5308608575522,275.9846300470413,675.1177773017367,19
3.3499999999999996,3.3499999999999996,3.3499999999999996,1031.3254477911087,277.5440340515154,678.9324149691915,19
3.3499999999999996,3.3499999999999996,3.3499999999999996,1001.7072223588665,269.573357301981,659.4344249187344,19
3.3499999999999996,3.3499999999999996,3.3499999999999996,1038.6842352931212,279.5243862026338,683.7767823613538,19
3.3499999999999996,3.3499999999999996,3.3499999999999996,1038.6717851283966,279.5210356900002,683.7685862866603,19
3.3499999999999996,3.3499999999999996,3.3499999999999996,1003.5006639785266,269.8712522411988,660.630335297067,20
3.3499999999999996,3.3499999999999996,3.3499999999999996,1038.896717435151,279.39030650157565,683.9324690201624,20
3.3499999999999996,3.3499999999999996,3.3499999999999996,1022.5637827831995,274.9978933368245,673.1800774345654,20
3.3499999999999996,3.3499999999999996,3.3499999999999996,1013.6887116433194,272.6111220588131,667.3373894988353,20
3.3499999999999996,3.3499999999999996,3.3499999999999996,1020.4268615720127,274.4232115016203,671.773287158361,20
3.3499999999999996,3.3499999999999996,3.3499999999999996,1023.1084124215811,275.14436048706534,673.5386211540985,20
3.3499999999999996,3.3499999999999996,3.3499999999999996,1021.0161868027556,274.58169862943873,672.1612551376156,20
3.3499999999999996,3.3499999999999996,3.3499999999999996,1015.2323780230472,273.02625997938827,668.3536248384147,20
3.3499999999999996,3.3499999999999996,3.3499999999999996,1017.5355752015204,273.64565838043035,669.8698788668252,20
3.3499999999999996,3.3499999999999996,3.3499999999999996,1034.7952930097058,278.287311171927,681.2323956762793,20
3.3499999999999996,3.3499999999999996,3.3499999999999996,1046.1561325900127,281.3425797074687,688.7115290048399,20
3.3499999999999996,3.3499999999999996,3.3499999999999996,1027.6466876808518,276.36483803251997,676.5262846543056,20
3.3499999999999996,3.3499999999999996,3.3499999999999996,997.4257429261065,268.2375248202492,656.6310582902613,20
3.3499999999999996,3.3499999999999996,3.3499999999999996,982.3741921813014,264.1897139981136,646.7222347366636,20
3.3499999999999996,3.3499999999999996,3.3499999999999996,988.4518493194361,265.8241772341003,650.7233129791714,20
3.3499999999999996,3.3499999999999996,3.3499999999999996,989.0994052395682,265.9983243306944,651.1496157211592,20
3.3499999999999996,3.3499999999999996,3.3499999999999996,998.37845981506,268.493738801049,657.2582563583694,20
3.3499999999999996,3.3499999999999996,3.3499999999999996,970.232668621415,260.9244962610053,638.7291570354649,20
3.3499999999999996,3.3499999999999996,3.3499999999999996,984.0862974194712,264.6501501504543,647.8493577154087,20
3.3499999999999996,3.3499999999999996,3.3499999999999996,998.174467446687,268.43887917028195,657.1239629278281,20
3.3499999999999996,3.3499999999999996,3.3499999999999996,997.9356070123252,268.3746424768286,656.9667149513134,20
3.3499999999999996,3.3499999999999996,3.3499999999999996,997.9611828472327,268.3815205814891,656.9835521822162,20
3.3499999999999996,3.3499999999999996,3.3499999999999996,976.8034867827259,262.6915852018455,643.0548958823856,20
3.3499999999999996,3.3499999999999996,3.3499999999999996,995.8861390430576,267.8234794261719,655.6174973968875,20
3.3499999999999996,3.3499999999999996,3.3499999999999996,968.5950784428103,260.4840994301693,637.6510892397926,20
3.3499999999999996,3.3499999999999996,3.3499999999999996,993.625909841283,267.2156363953394,654.1295302943082,20
3.3499999999999996,3.3499999999999996,3.3499999999999996,965.4514198343883,259.63867588863405,635.5815378034165,20
3.3499999999999996,3.3499999999999996,3.3499999999999996,976.547259028529,262.62267791820716,642.8862145518757,20
3.3499999999999996,3.3499999999999996,3.3499999999999996,994.3137775150162,267.40062452454566,654.5823713020428,20
3.3499999999999996,3.3499999999999996,3.3499999999999996,985.3573917394009,264.9919853162389,648.6861518471035,20
3.3499999999999996,3.3499999999999996,3.3499999999999996,995.5292980220087,267.72751423485863,655.3825797612093,20
3.3499999999999996,3.3499999999999996,3.3499999999999996,990.9404243054923,266.4934292554396,652.3616059932807,20
3.3499999999999996,3.3499999999999996,3.3499999999999996,1016.4503339327534,273.3538046421131,669.1554365859191,20
3.3499999999999996,3.3499999999999996,3.3499999999999996,1012.0187505240226,272.16201971674604,666.238011079094,20
3.3499999999999996,3.3499999999999996,3.3499999999999996,1016.1508796812041,273.27327246435226,668.9582981387725,20
3.3499999999999996,3.3499999999999996,3.3499999999999996,1028.3821819233267,276.56263436625227,677.0104794590096,20
3.3499999999999996,3.3499999999999996,3.3499999999999996,1033.1156493573517,277.83560490799437,680.1266429956235,20
3.3499999999999996,3.3499999999999996,3.3499999999999996,988.7592456407006,265.9068452712343,650.9256798953833,20
3.3499999999999996,3.3499999999999996,3.3499999999999996,992.1778898522869,266.8262206413415,653.1762614374101,20
3.3499999999999996,3.3499999999999996,3.3499999999999996,985.7760049013808,265.1045628782509,648.9617356742854,20
3.3499999999999996,3.3499999999999996,3.3499999999999996,981.3685835594836,263.9192758531516,646.0602166784241,20
3.3499999999999996,3.3499999999999996,3.3499999999999996,992.2649599359863,266.849636383218,653.2335819162632,20
3.3499999999999996,3.3499999999999996,3.3499999999999996,977.5713782342264,262.89809411114703,643.5604186042793,20
3.3499999999999996,3.3499999999999996,3.3499999999999996,968.4607866124542,260.44798435249686,637.5626814687761,20
3.3499999999999996,3.3499999999999996,3.3499999999999996,973.9777458999295,261.93165921681816,641.194637873723,20
3.3499999999999996,3.3499999999999996,3.3499999999999996,987.4469066198402,265.553918175481,650.0617333146834,20
3.3499999999999996,3.3499999999999996,3.3499999999999996,972.1902363947431,261.4509446085735,640.0178743237357,20
3.3499999999999996,3.3499999999999996,3.3499999999999996,995.2837701685883,267.66148447360285,655.220942450989,20
3.3499999999999996,3.3499999999999996,3.3499999999999996,992.2663653518007,266.8500143414391,653.2345071376944,20
3.3499999999999996,3.3499999999999996,3.3499999999999996,1006.2822075788382,270.6192922590335,662.4614970962349,20
3.3499999999999996,3.3499999999999996,3.3499999999999996,993.5822148880142,267.20388551945206,654.1007647810754,20
3.3499999999999996,3.3499999999999996,3.3499999999999996,989.3602828796317,266.06848210729873,651.3213581913068,20
3.3499999999999996,3.3499999999999996,3.3499999999999996,1035.2038239760197,278.39717733088037,681.5013421343565,20
3.3499999999999996,3.3499999999999996,3.3499999999999996,1020.103446089732,274.3362354344083,671.5603744158298,20
3.3499999999999996,3.3499999999999996,3.3499999999999996,1029.2434558076898,276.79425659635035,677.577478241804,20
3.3499999999999996,3.3499999999999996,3.3499999999999996,1025.5308608575522,275.79582910723883,675.133381356997,20
3.3499999999999996,3.3499999999999996,3.3499999999999996,1031.3254477911087,277.35416632425625,678.9481071925003,20
3.3499999999999996,3.3499999999999996,3.3499999999999996,1001.7072223588665,269.3889423104806,659.4496664833222,20
3.3499999999999996,3.3499999999999996,3.3499999999999996,1038.6842352931212,279.3331637175129,683.7925865529429,20
3.3499999999999996,3.3499999999999996,3.3499999999999996,1038.6717851283966,279.32981549696314,683.7843902888128,20
3.3499999999999996,3.3499999999999996,3.3499999999999996,1003.5006639785266,269.852775929868,660.6318624634092,21
3.3499999999999996,3.3499999999999996,3.3499999999999996,1038.896717435151,279.3711784831489,683.9340500535956,21
3.3499999999999996,3.3499999999999996,3.3499999999999996,1022.5637827831995,274.97906603806456,673.1816336119032,21
3.3499999999999996,3.3499999999999996,3.3499999999999996,1013.6887116433194,272.5924581665995,667.3389321697447,21
3.3499999999999996,3.3499999999999996,3.3499999999999996,1020.4268615720127,274.4044235475495,671.7748400836489,21
3.3499999999999996,3.3499999999999996,3.3499999999999996,1023.1084124215811,275.1255231606621,673.5401781602748,21
3.3499999999999996,3.3499999999999996,3.3499999999999996,1021.0161868027556,274.5628998247958,672.1628089597618,21
3.3499999999999996,3.3499999999999996,3.3499999999999996,1015.2323780230472,273.00756766540894,668.3551698585358,21
3.3499999999999996,3.3499999999999996,3.3499999999999996,1017.5355752015204,273.62692366031257,669.8714273920411,21
3.3499999999999996,3.3499999999999996,3.3499999999999996,1034.7952930097058,278.26825866834264,681.2339704680053,21
3.3499999999999996,3.3499999999999996,3.3499999999999996,1046.1561325900127,281.3233180297237,688.7131210859333,21
3.3499999999999996,3.3499999999999996,3.3499999999999996,1027.6466876808518,276.34591714803884,676.5278485670058,21
3.3499999999999996,3.3499999999999996,3.3499999999999996,997.4257429261065,268.21916035949977,656.6325762115524,21
3.3499999999999996,3.3499999999999996,3.3499999999999996,982.3741921813014,264.17162666437304,646.7237297519193,21
3.3499999999999996,3.3499999999999996,3.3499999999999996,988.4518493194361,265.8059779994019,650.724817243642,21
3.3499999999999996,3.3499999999999996,3.3499999999999996,989.0994052395682,265.9801131732888,651.1511209711057,21
3.3499999999999996,3.3499999999999996,3.3499999999999996,998.37845981506,268.4753567990118,657.2597757295421,21
3.3499999999999996,3.3499999999999996,3.3499999999999996,970.232668621415,260.90663247526777,638.7306335732776,21
3.3499999999999996,3.3499999999999996,3.3499999999999996,984.0862974194712,264.6320312936759,647.8508553362125,21
3.3499999999999996,3.3499999999999996,3.3499999999999996,998.174467446687,268.420500924123,657.1254819885572,21
3.3499999999999996,3.3499999999999996,3.3499999999999996,997.9356070123252,268.3562686285342,656.9682336485355,21
3.3499999999999996,3.3499999999999996,3.3499999999999996,997.9611828472327,268.3631462622958,656.9850709183606,21
3.3499999999999996,3.3499999999999996,3.3499999999999996,976.8034867827259,262.6736004351395,643.0563824199253,21
3.3499999999999996,3.3499999999999996,3.3499999999999996,995.8861390430576,267.8051433123898,655.6190129751494,21
3.3499999999999996,3.3499999999999996,3.3499999999999996,968.5950784428103,260.46626579550883,637.652563285457,21
3.3499999999999996,3.3499999999999996,3.3499999999999996,993.625909841283,267.1973418965755,654.1310424328655,21
3.3499999999999996,3.3499999999999996,3.3499999999999996,965.4514198343883,259.62090013456833,635.5830070649389,21
3.3499999999999996,3.3499999999999996,3.3499999999999996,976.547259028529,262.60469786913006,642.8877006994779,21
3.3499999999999996,3.3499999999999996,3.3499999999999996,994.3137775150162,267.38231736086004,654.5838844874239,21
3.3499999999999996,3.3499999999999996,3.3499999999999996,985.3573917394009,264.97384305625286,648.6876514023083,21
3.3499999999999996,3.3499999999999996,3.3499999999999996,995.5292980220087,267.7091846911827,655.3840947964169,21
3.3499999999999996,3.3499999999999996,3.3499999999999996,990.9404243054923,266.4751842014531,652.3631140449618,21
3.3499999999999996,3.3499999999999996,3.3499999999999996,1016.4503339327534,273.33508990330284,669.1569834595728,21
3.3499999999999996,3.3499999999999996,3.3499999999999996,1012.0187505240226,272.1433865716185,666.2395512085916,21
3.3499999999999996,3.3499999999999996,3.3499999999999996,1016.1508796812041,273.2545632390513,668.9598445567049,21
3.3499999999999996,3.3499999999999996,3.3499999999999996,1028.3821819233267,276.5436999399561,677.0120444910136,21
3.3499999999999996,3.3499999999999996,3.3499999999999996,1033.1156493573517,277.81658332976957,680.1282152312023,21
3.3499999999999996,3.3499999999999996,3.3499999999999996,988.7592456407006,265.8886403767987,650.9271846276617,21
3.3499999999999996,3.3499999999999996,3.3499999999999996,992.1778898522869,266.8079528033155,653.177771372314,21
3.3499999999999996,3.3499999999999996,3.3499999999999996,985.7760049013808,265.08641291081904,648.9632358665518,21
3.3499999999999996,3.3499999999999996,3.3499999999999996,981.3685835594836,263.9012070345338,646.0617101633055,21
3.3499999999999996,3.3499999999999996,3.3499999999999996,992.2649599359863,266.83136694207,653.235091983674,21
3.3499999999999996,3.3499999999999996,3.3499999999999996,977.5713782342264,262.8800952061332,643.5619063104259,21
3.3499999999999996,3.3499999999999996,3.3499999999999996,968.4607866124542,260.4301531903986,637.5641553100702,21
3.3499999999999996,3.3499999999999996,3.3499999999999996,973.9777458999295,261.91372647725103,641.1961201109401,21
3.3499999999999996,3.3499999999999996,3.3499999999999996,987.4469066198402,265.53573744364445,650.0632360497932,21
3.3499999999999996,3.3499999999999996,3.3499999999999996,972.1902363947431,261.43304478037686,640.0193538406513,21
3.3499999999999996,3.3499999999999996,3.3499999999999996,995.2837701685883,267.6431594505507,655.2224571125425,21
3.3499999999999996,3.3499999999999996,3.3499999999999996,992.2663653518007,266.83174487441477,653.2360172072441,21
3.3499999999999996,3.3499999999999996,3.3499999999999996,1006.2822075788382,270.600764734318,662.4630284956385,21
3.3499999999999996,3.3499999999999996,3.3499999999999996,993.5822148880142,267.1855918251935,654.102276853136,21
3.3499999999999996,3.3499999999999996,3.3499999999999996,989.3602828796317,266.0502661466511,651.3228638382672,21
3.3499999999999996,3.3499999999999996,3.3499999999999996,1035.2038239760197,278.37811730548196,681.5029175478007,21
3.3499999999999996,3.3499999999999996,3.3499999999999996,1020.103446089732,274.3174534350175,671.5619268489316,21
3.3499999999999996,3.3499999999999996,3.3499999999999996,1029.2434558076898,276.77530631240205,677.5790445845281,21
3.3499999999999996,3.3499999999999996,3.3499999999999996,1025.5308608575522,275.77694717905996,675.1349420497496,21
3.3499999999999996,3.3499999999999996,3.3499999999999996,1031.3254477911087,277.33517770696784,678.9496767036808,21
3.3499999999999996,3.3499999999999996,3.3499999999999996,1001.7072223588665,269.37049901974154,659.451190920335,21
3.3499999999999996,3.3499999999999996,3.3499999999999996,1038.6842352931212,279.314039611277,683.7941672630125,21
3.3499999999999996,3.3499999999999996,3.3499999999999996,1038.6717851283966,279.31069161995777,683.7859709799352,21
3.3499999999999996,3.3499999999999996,3.3499999999999996,1003.5006639785266,269.85092828078524,660.6320151828553,22
3.3499999999999996,3.3499999999999996,3.3499999999999996,1038.896717435151,279.3692656627234,683.93420815985,22
3.3499999999999996,3.3499999999999996,3.3499999999999996,1022.5637827831995,274.977183289898,673.1817892325024,22
3.3499999999999996,3.3499999999999996,3.3499999999999996,1013.6887116433194,272.59059175924614,667.3390864396763,22
3.3499999999999996,3.3499999999999996,3.3499999999999996,1020.4268615720127,274.40254473389007,671.774995379037,22
3.3499999999999996,3.3499999999999996,3.3499999999999996,1023.1084124215811,275.1236394097215,673.5403338637594,22
3.3499999999999996,3.3499999999999996,3.3499999999999996,1021.0161868027556,274.56101992606864,672.1629643448375,22
3.3499999999999996,3.3499999999999996,3.3499999999999996,1015.2323780230472,273.0056984158516,668.3553243633926,22
3.3499999999999996,3.3499999999999996,3.3499999999999996,1017.5355752015204,273.6250501701,669.871582247414,22
3.3499999999999996,3.3499999999999996,3.3499999999999996,1034.7952930097058,278.2663533994748,681.2341279500774,22
3.3499999999999996,3.3499999999999996,3.3499999999999996,1046.1561325900127,281.32139184323654,688.7132802969742,22
3.3499999999999996,3.3499999999999996,3.3499999999999996,1027.6466876808518,276.34402504120925,676.5280049611555,22
3.3499999999999996,3.3499999999999996,3.3499999999999996,997.4257429261065,268.21732389558366,656.6327280064764,22
3.3499999999999996,3.3499999999999996,3.3499999999999996,982.3741921813014,264.1698179134272,646.7238792561976,22
3.3499999999999996,3.3499999999999996,3.3499999999999996,988.4518493194361,265.80415805825163,650.724967672859,22
3.3499999999999996,3.3499999999999996,3.3499999999999996,989.0994052395682,265.97829203985606,651.1512714988718,22
3.3499999999999996,3.3499999999999996,3.3499999999999996,998.37845981506,268.47351858095004,657.2599276694569,22
3.3499999999999996,3.3499999999999996,3.3499999999999996,970.232668621415,260.90484607933945,638.7307812297778,22
3.3499999999999996,3.3499999999999996,3.3499999999999996,984.0862974194712,264.63021939039584,647.8510051010505,22
3.3499999999999996,3.3499999999999996,3.3499999999999996,998.174467446687,268.4186630816528,657.1256338974271,22
3.3499999999999996,3.3499999999999996,3.3499999999999996,997.9356070123252,268.3544312258546,656.968385521054,22
3.3499999999999996,3.3499999999999996,3.3499999999999996,997.9611828472327,268.3613088125261,656.9852227947714,22
3.3499999999999996,3.3499999999999996,3.3499999999999996,976.8034867827259,262.67180194099683,643.0565310764164,22
3.3499999999999996,3.3499999999999996,3.3499999999999996,995.8861390430576,267.8033096831981,655.6191645357663,22
3.3499999999999996,3.3499999999999996,3.3499999999999996,968.5950784428103,260.4644824147175,637.6527106927376,22
3.3499999999999996,3.3499999999999996,3.3499999999999996,993.625909841283,267.1955124289262,654.1311936495056,22
3.3499999999999996,3.3499999999999996,3.3499999999999996,965.4514198343883,259.6191225418927,635.5831539937965,22
3.3499999999999996,3.3499999999999996,3.3499999999999996,976.547259028529,262.602899846755,642.8878493169747,22
3.3499999999999996,3.3499999999999996,3.3499999999999996,994.3137775150162,267.38048662670633,654.5840358087484,22
3.3499999999999996,3.3499999999999996,3.3499999999999996,985.3573917394009,264.9720288126292,648.68780136059,22
3.3499999999999996,3.3499999999999996,3.3499999999999996,995.5292980220087,267.707351719008,655.3842463027272,22
3.3499999999999996,3.3499999999999996,3.3499999999999996,990.9404243054923,266.4733596783295,652.3632648529066,22
3.3499999999999996,3.3499999999999996,3.3499999999999996,1016.4503339327534,273.33321841124075,669.1571381497863,22
3.3499999999999996,3.3499999999999996,3.3499999999999996,1012.0187505240226,272.1415232390039,666.2397052243771,22
3.3499999999999996,3.3499999999999996,3.3499999999999996,1016.1508796812041,273.2526922983453,668.9599992013457,22
3.3499999999999996,3.3499999999999996,3.3499999999999996,1028.3821819233267,276.5418064789318,677.0122009970955,22
3.3499999999999996,3.3499999999999996,3.3499999999999996,1033.1156493573517,277.8146811534679,680.1283724576552,22
3.3499999999999996,3.3499999999999996,3.3499999999999996,988.7592456407006,265.8868198696694,650.9273351036601,22
3.3499999999999996,3.3499999999999996,3.3499999999999996,992.1778898522869,266.80612600176573,653.1779223685849,22
3.3499999999999996,3.3499999999999996,3.3499999999999996,985.7760049013808,265.0845978964433,648.9633858885408,22
3.3499999999999996,3.3499999999999996,3.3499999999999996,981.3685835594836,263.89940013511824,646.0618595145436,22
3.3499999999999996,3.3499999999999996,3.3499999999999996,992.2649599359863,266.82953998020656,653.2352429931956,22
3.3499999999999996,3.3499999999999996,3.3499999999999996,977.5713782342264,262.8782952981459,643.5620550837799,22
3.3499999999999996,3.3499999999999996,3.3499999999999996,968.4607866124542,260.4283700568659,637.5643026969134,22
3.3499999999999996,3.3499999999999996,3.3499999999999996,973.9777458999295,261.91193318587267,641.1962683373912,22
3.3499999999999996,3.3499999999999996,3.3499999999999996,987.4469066198402,265.5339193527984,650.063386326071,22
3.3499999999999996,3.3499999999999996,3.3499999999999996,972.1902363947431,261.43125478016765,640.0195017950673,22
3.3499999999999996,3.3499999999999996,3.3499999999999996,995.2837701685883,267.64132693044274,655.222608581487,22
3.3499999999999996,3.3499999999999996,3.3499999999999996,992.2663653518007,266.82991790996357,653.2361682169795,22
3.3499999999999996,3.3499999999999996,3.3499999999999996,1006.2822075788382,270.598911963847,662.4631816383985,22
3.3499999999999996,3.3499999999999996,3.3499999999999996,993.5822148880142,267.1837624379955,654.1024280631261,22
3.3499999999999996,3.3499999999999996,3.3499999999999996,989.3602828796317,266.0484445328895,651.3230144057354,22
3.3499999999999996,3.3499999999999996,3.3499999999999996,1035.2038239760197,278.3762112844255,681.5030750920458,22
3.3499999999999996,3.3499999999999996,3.3499999999999996,1020.103446089732,274.31557521683175,671.5620820951001,22
3.3499999999999996,3.3499999999999996,3.3499999999999996,1029.2434558076898,276.773411265597,677.5792012216848,22
3.3499999999999996,3.3499999999999996,3.3499999999999996,1025.5308608575522,275.77505896789836,675.1350981218987,22
3.3499999999999996,3.3499999999999996,3.3499999999999996,1031.3254477911087,277.33327882679157,678.9498336576889,22
3.3499999999999996,3.3499999999999996,3.3499999999999996,1001.7072223588665,269.3686546727502,659.4513433668433,22
3.3499999999999996,3.3499999999999996,3.3499999999999996,1038.6842352931212,279.31212718207445,683.7943253369299,22
3.3499999999999996,3.3499999999999996,3.3499999999999996,1038.6717851283966,279.30877921367863,683.7861290519579,22
3.3499999999999996,3.3499999999999996,3.3499999999999996,1003.5006639785266,269.85072298624095,660.6320321517142,23
3.3499999999999996,3.3499999999999996,3.3499999999999996,1038.896717435151,279.3690531269117,683.9342257272442,23
3.3499999999999996,3.3499999999999996,3.3499999999999996,1022.5637827831995,274.9769740954516,673.1818065237123,23
3.3499999999999996,3.3499999999999996,3.3499999999999996,1013.6887116433194,272.5903843804476,667.3391035808116,23
3.3499999999999996,3.3499999999999996,3.3499999999999996,1020.4268615720127,274.40233597661165,671.7750126341123,23
3.3499999999999996,3.3499999999999996,3.3499999999999996,1023.1084124215811,275.1234301038556,673.5403511641788,23
3.3499999999999996,3.3499999999999996,3.3499999999999996,1021.0161868027556,274.5608110482268,672.1629816098779,23
3.3499999999999996,3.3499999999999996,3.3499999999999996,1015.2323780230472,273.0054907212521,668.355341530631,23
3.3499999999999996,3.3499999999999996,3.3499999999999996,1017.5355752015204,273.6248420043163,669.8715994535987,23
3.3499999999999996,3.3499999999999996,3.3499999999999996,1034.7952930097058,278.2661417027259,681.2341454481179,23
3.3499999999999996,3.3499999999999996,3.3499999999999996,1046.1561325900127,281.32117782230546,688.7132979871226,23
3.3499999999999996,3.3499999999999996,3.3499999999999996,1027.6466876808518,276.34381480691053,676.5280223383156,23
3.3499999999999996,3.3499999999999996,3.3499999999999996,997.4257429261065,268.2171198438371,656.6327448726104,23
3.3499999999999996,3.3499999999999996,3.3499999999999996,982.3741921813014,264.16961694090253,646.7238958678149,23
3.3499999999999996,3.3499999999999996,3.3499999999999996,988.4518493194361,265.8039558423694,650.7249843872474,23
3.3499999999999996,3.3499999999999996,3.3499999999999996,989.0994052395682,265.97808969149816,651.1512882242102,23
3.3499999999999996,3.3499999999999996,3.3499999999999996,998.37845981506,268.473314334298,657.2599445517011,23
3.3499999999999996,3.3499999999999996,3.3499999999999996,970.232668621415,260.9046475907079,638.7307976360861,23
3.3499999999999996,3.3499999999999996,3.3499999999999996,984.0862974194712,264.6300180676113,647.851021741619,23
3.3499999999999996,3.3499999999999996,3.3499999999999996,998.174467446687,268.41845887673315,657.1256507762217,23
3.3499999999999996,3.3499999999999996,3.3499999999999996,997.9356070123252,268.35422706980063,656.9684023958099,23
3.3499999999999996,3.3499999999999996,3.3499999999999996,997.9611828472327,268.36110465123977,656.9852396699597,23
3.3499999999999996,3.3499999999999996,3.3499999999999996,976.8034867827259,262.67160210811807,643.0565475938349,23
3.3499999999999996,3.3499999999999996,3.3499999999999996,995.8861390430576,267.80310594642106,655.6191813758661,23
3.3499999999999996,3.3499999999999996,3.3499999999999996,968.5950784428103,260.4642842611016,637.652727071355,23
3.3499999999999996,3.3499999999999996,3.3499999999999996,993.625909841283,267.1953091545433,654.1312104513858,23
3.3499999999999996,3.3499999999999996,3.3499999999999996,965.4514198343883,259.61892503140143,635.5831703192556,23
3.3499999999999996,3.3499999999999996,3.3499999999999996,976.547259028529,262.6027000662947,642.8878658300605,23
3.3499999999999996,3.3499999999999996,3.3499999999999996,994.3137775150162,267.38028321160056,654.58405262226,23
3.3499999999999996,3.3499999999999996,3.3499999999999996,985.3573917394009,264.97182722980614,648.6878180226522,23
3.3499999999999996,3.3499999999999996,3.3499999999999996,995.5292980220087,267.70714805523295,655.3842631367929,23
3.3499999999999996,3.3499999999999996,3.3499999999999996,990.9404243054923,266.47315695333873,652.3632816093761,23
3.3499999999999996,3.3499999999999996,3.3499999999999996,1016.4503339327534,273.33301046747397,669.1571553376198,23
3.3499999999999996,3.3499999999999996,3.3499999999999996,1012.0187505240226,272.14131620184315,666.2397223372742,23
3.3499999999999996,3.3499999999999996,3.3499999999999996,1016.1508796812041,273.25248441584046,668.9600163841154,23
3.3499999999999996,3.3499999999999996,3.3499999999999996,1028.3821819233267,276.54159609416666,677.0122183866926,23
3.3499999999999996,3.3499999999999996,3.3499999999999996,1033.1156493573517,277.8144698003377,680.1283899272933,23
3.3499999999999996,3.3499999999999996,3.3499999999999996,988.7592456407006,265.8866175909007,650.9273518232467,23
3.3499999999999996,3.3499999999999996,3.3499999999999996,992.1778898522869,266.80592302361634,653.1779391459796,23
3.3499999999999996,3.3499999999999996,3.3499999999999996,985.7760049013808,265.0843962279812,648.9634025576818,23
3.3499999999999996,3.3499999999999996,3.3499999999999996,981.3685835594836,263.8991993683194,646.0618761091565,23
3.3499999999999996,3.3499999999999996,3.3499999999999996,992.2649599359863,266.8293369842445,653.2352597720624,23
3.3499999999999996,3.3499999999999996,3.3499999999999996,977.5713782342264,262.878095308173,643.5620716141834,23
3.3499999999999996,3.3499999999999996,3.3499999999999996,968.4607866124542,260.42817193072307,637.5643190732596,23
3.3499999999999996,3.3499999999999996,3.3499999999999996,973.9777458999295,261.9117339310793,641.1962848070276,23
3.3499999999999996,3.3499999999999996,3.3499999999999996,987.4469066198402,265.53371734250607,650.0634030234665,23
3.3499999999999996,3.3499999999999996,3.3499999999999996,972.1902363947431,261.43105589105994,640.0195182344773,23
3.3499999999999996,3.3499999999999996,3.3499999999999996,995.2837701685883,267.64112331689745,655.2226254114009,23
3.3499999999999996,3.3499999999999996,3.3499999999999996,992.2663653518007,266.829714913714,653.2361849958703,23
3.3499999999999996,3.3499999999999996,3.3499999999999996,1006.2822075788382,270.5987061002591,662.4631986542926,23
3.3499999999999996,3.3499999999999996,3.3499999999999996,993.5822148880142,267.1835591725514,654.1024448642676,23
3.3499999999999996,3.3499999999999996,3.3499999999999996,989.3602828796317,266.0482421311617,651.3230311354853,23
3.3499999999999996,3.3499999999999996,3.3499999999999996,1035.2038239760197,278.3759995041,681.5030925969945,23
3.3499999999999996,3.3499999999999996,3.3499999999999996,1020.103446089732,274.31536652571725,671.5620993447067,23
3.3499999999999996,3.3499999999999996,3.3499999999999996,1029.2434558076898,276.773200704634,677.5792186258457,23
3.3499999999999996,3.3499999999999996,3.3499999999999996,1025.5308608575522,275.774849166452,675.1351154632808,23
3.3499999999999996,3.3499999999999996,3.3499999999999996,1031.3254477911087,277.3330678398982,678.9498510970554,23
3.3499999999999996,3.3499999999999996,3.3499999999999996,1001.7072223588665,269.36844974510524,659.4513603053757,23
3.3499999999999996,3.3499999999999996,3.3499999999999996,1038.6842352931212,279.31191468973196,683.7943429007312,23
3.3499999999999996,3.3499999999999996,3.3499999999999996,1038.6717851283966,279.3085667238831,683.7861466155487,23
