3.3499999999999996,3.3499999999999996,3.3499999999999996,4177.586905915065,3805.2902073441765,1384.4540440983867,1
3.3499999999999996,3.3499999999999996,3.3499999999999996,3619.553801677808,3296.9876980842823,1199.5216404640878,1
3.3499999999999996,3.3499999999999996,3.3499999999999996,3754.8497501493657,3420.2263905177538,1244.3587742521033,1
3.3499999999999996,3.3499999999999996,3.3499999999999996,4094.5613123034846,3729.663658945687,1356.939327725528,1
3.3499999999999996,3.3499999999999996,3.3499999999999996,3895.546879667186,3548.384923473114,1290.985861692984,1
3.3499999999999996,3.3499999999999996,3.3499999999999996,3878.5952374316025,3532.9439716389024,1285.3680803814975,1
3.3499999999999996,3.3499999999999996,3.3499999999999996,4155.340468758,3785.0263202321657,1377.0815655401855,1
3.3499999999999996,3.3499999999999996,3.3499999999999996,4034.173035833853,3674.6570433411352,1336.9266277009908,1
3.3499999999999996,3.3499999999999996,3.3499999999999996,4106.874942748933,3740.879927668805,1361.020069994132,1
3.3499999999999996,3.3499999999999996,3.3499999999999996,4137.817713853705,3769.0651519441785,1371.2745172519394,1
3.3499999999999996,3.3499999999999996,3.3499999999999996,4206.591464464185,3831.7099479985313,1394.0661669063552,1
3.3499999999999996,3.3499999999999996,3.3499999999999996,3594.2887280789564,3273.9741882953144,1191.148784529278,1
3.3499999999999996,3.3499999999999996,3.3499999999999996,3501.809845060038,3189.7368053602645,1160.5012441015829,1
3.3499999999999996,3.3499999999999996,3.3499999999999996,3435.799223355878,3129.608894676736,1138.625296519888,1
3.3499999999999996,3.3499999999999996,3.3499999999999996,3729.0896462499536,3396.761966361835,1235.821865069091,1
3.3499999999999996,3.3499999999999996,3.3499999999999996,4379.494767935346,3989.204516593784,1451.366393836329,1
3.3499999999999996,3.3499999999999996,3.3499999999999996,4134.0168399929635,3765.6030030033257,1370.0149060682293,1
3.3499999999999996,3.3499999999999996,3.3499999999999996,4156.755618403835,3786.3153550770426,1377.5505467234152,1
3.3499999999999996,3.3499999999999996,3.3499999999999996,3989.6153931463245,3634.0702727484936,1322.1602063186144,1
3.3499999999999996,3.3499999999999996,3.3499999999999996,4137.776776995072,3769.0278632819,1371.2609507599036,1
3.3499999999999996,3.3499999999999996,3.3499999999999996,4585.869890625825,4177.187974771902,1519.759195624746,1
3.3499999999999996,3.3499999999999996,3.3499999999999996,4064.8015453944563,3702.5560123204473,1347.076928551906,1
3.3499999999999996,3.3499999999999996,3.3499999999999996,4417.05067171302,4023.4135267452652,1463.8124360218671,1
3.3499999999999996,3.3499999999999996,3.3499999999999996,3724.2497005025953,3392.353345171831,1234.2179050285092,1
3.3499999999999996,3.3499999999999996,3.3499999999999996,5154.702563315947,4695.327620398497,1708.2705807514267,1
3.3499999999999996,3.3499999999999996,3.3499999999999996,4478.620067219779,4079.4960028422297,1484.216559388238,1
3.3499999999999996,3.3499999999999996,3.3499999999999996,4487.218619194322,4087.3282721314076,1487.0661231011297,1
3.3499999999999996,3.3499999999999996,3.3499999999999996,4345.723607176602,3958.4429620839474,1440.1746170667925,1
3.3499999999999996,3.3499999999999996,3.3499999999999996,3962.730681192805,3609.581462957572,1313.2506015571262,1
3.3499999999999996,3.3499999999999996,3.3499999999999996,3864.7384327331047,3520.3220527149374,1280.775929521403,1
3.3499999999999996,3.3499999999999996,3.3499999999999996,3780.5111751504246,3443.600929806155,1252.862981207018,1
3.3499999999999996,3.3499999999999996,3.3499999999999996,4205.089609275182,3830.3419346041323,1393.5684514699342,1
3.3499999999999996,3.3499999999999996,3.3499999999999996,4196.188993550173,3822.2345207739727,1390.6187837040743,1
3.3499999999999996,3.3499999999999996,3.3499999999999996,4112.33594828443,3745.8542612624524,1362.8298495076972,1
3.3499999999999996,3.3499999999999996,3.3499999999999996,3517.2407145267234,3203.7925121103126,1165.615040682776,1
3.3499999999999996,3.3499999999999996,3.3499999999999996,4313.507303849897,3929.0976997765683,1429.4981206991395,1
3.3499999999999996,3.3499999999999996,3.3499999999999996,3359.873108838811,3060.4491365291783,1113.4633504818544,1
3.3499999999999996,3.3499999999999996,3.3499999999999996,3723.789066413914,3391.933761707428,1234.0652506992787,1
3.3499999999999996,3.3499999999999996,3.3499999999999996,3932.1653514624845,3581.7400433709804,1303.1212385283338,1
3.3499999999999996,3.3499999999999996,3.3499999999999996,3609.2467382666564,3287.5991758708014,1196.1058753480722,1
3.3499999999999996,3.3499999999999996,3.3499999999999996,3737.799928493339,3404.696008781641,1238.7084562397074,1
3.3499999999999996,3.3499999999999996,3.3499999999999996,3890.06075137326,3543.3877060020527,1289.1677564867912,1
3.3499999999999996,3.3499999999999996,3.3499999999999996,3932.046483230292,3581.6317683954708,1303.081845546577,1
3.3499999999999996,3.3499999999999996,3.3499999999999996,3874.21068402104,3528.9501592939882,1283.9150375513827,1
3.3499999999999996,3.3499999999999996,3.3499999999999996,3590.3569970065314,3270.392843829057,1189.8458072110038,1
3.3499999999999996,3.3499999999999996,3.3499999999999996,3590.9723376574284,3270.953346771492,1190.049731359518,1
3.3499999999999996,3.3499999999999996,3.3499999999999996,3519.839669887406,3206.159854694935,1166.476335573957,1
3.3499999999999996,3.3499999999999996,3.3499999999999996,4129.899004808379,3761.852139584741,1368.6502537695164,1
3.3499999999999996,3.3499999999999996,3.3499999999999996,4357.85618569367,3969.4943137998043,1444.1953586507707,1
3.3499999999999996,3.3499999999999996,3.3499999999999996,3359.19642178572,3059.832754231322,1113.2390961100505,1
3.3499999999999996,3.3499999999999996,3.3499999999999996,3881.812132699277,3535.8741847824745,1286.4341608157463,1
3.3499999999999996,3.3499999999999996,3.3499999999999996,4210.7538407143065,3835.501383087877,1395.4455801327756,1
3.3499999999999996,3.3499999999999996,3.3499999999999996,3962.409819023575,3609.2891952685995,1313.1442677003345,1
3.3499999999999996,3.3499999999999996,3.3499999999999996,4611.050671593533,4200.124703890336,1528.1041169464154,1
3.3499999999999996,3.3499999999999996,3.3499999999999996,4307.554776140218,3923.6756473063947,1427.525450531918,1
3.3499999999999996,3.3499999999999996,3.3499999999999996,3954.9721693729866,3602.514371424488,1310.6794275020939,1
3.3499999999999996,3.3499999999999996,3.3499999999999996,3635.3711500458985,3311.3954416469655,1204.7635163145003,1
3.3499999999999996,3.3499999999999996,3.3499999999999996,4367.353985508555,3978.1456920813002,1447.3429334732443,1
3.3499999999999996,3.3499999999999996,3.3499999999999996,4831.838575852551,4401.236510514226,1601.2733205616898,1
3.3499999999999996,3.3499999999999996,3.3499999999999996,3795.182480878175,3456.9647633474065,1257.7250580481311,1
3.3499999999999996,3.3499999999999996,3.3499999999999996,4143.937131878265,3860.1459623767623,1409.0305706596644,2
3.3499999999999996,3.3499999999999996,3.3499999999999996,3590.398892328575,3344.515938942892,1220.8152872870792,2
3.3499999999999996,3.3499999999999996,3.3499999999999996,3724.605054232745,3469.5311979860835,1266.4483601054799,2
3.3499999999999996,3.3499999999999996,3.3499999999999996,4061.5802957401306,3783.429207663679,1381.0274190363573,2
3.3499999999999996,3.3499999999999996,3.3499999999999996,3864.1688915599952,3599.537220280251,1313.9031614440164,2
3.3499999999999996,3.3499999999999996,3.3499999999999996,3847.353792008891,3583.873676994366,1308.1856545026283,2
3.3499999999999996,3.3499999999999996,3.3499999999999996,4121.869886106159,3839.5899580366677,1401.5272174683328,2
3.3499999999999996,3.3499999999999996,3.3499999999999996,4001.678436885127,3727.6296356047274,1360.6594579211308,2
3.3499999999999996,3.3499999999999996,3.3499999999999996,4073.794741921698,3794.8071662595603,1385.1806017526467,2
3.3499999999999996,3.3499999999999996,3.3499999999999996,4104.488274104769,3823.3986990355056,1395.6170837240488,2
3.3499999999999996,3.3499999999999996,3.3499999999999996,4172.7080634883905,3886.94656092694,1418.8133257775373,2
3.3499999999999996,3.3499999999999996,3.3499999999999996,3565.3373247337327,3321.1706743108925,1212.2937982379005,2
3.3499999999999996,3.3499999999999996,3.3499999999999996,3473.60334387648,3235.7189542317383,1181.10220934968,2
3.3499999999999996,3.3499999999999996,3.3499999999999996,3408.124426851217,3174.7242602651086,1158.8379247126047,2
3.3499999999999996,3.3499999999999996,3.3499999999999996,3699.052443724829,3445.7285187606853,1257.759905570579,2
3.3499999999999996,3.3499999999999996,3.3499999999999996,4344.21865934555,4046.7115170624506,1477.1307338520312,2
3.3499999999999996,3.3499999999999996,3.3499999999999996,4100.718015656569,3819.886640946117,1394.3351121970354,2
3.3499999999999996,3.3499999999999996,3.3499999999999996,4123.273636954822,3840.8975751645826,1402.0045239033507,2
3.3499999999999996,3.3499999999999996,3.3499999999999996,3957.479698666091,3686.4577800845573,1345.630906243519,2
3.3499999999999996,3.3499999999999996,3.3499999999999996,4104.447666985785,3823.3608728326953,1395.6032764026024,2
3.3499999999999996,3.3499999999999996,3.3499999999999996,4548.931464434564,4237.404880128267,1546.7376297571277,2
3.3499999999999996,3.3499999999999996,3.3499999999999996,4032.060238848974,3755.9307865267047,1370.9899447013163,2
3.3499999999999996,3.3499999999999996,3.3499999999999996,4381.472056507723,4081.413672540182,1489.7977154668408,2
3.3499999999999996,3.3499999999999996,3.3499999999999996,3694.251482942815,3441.2563444036805,1256.1274723808094,2
3.3499999999999996,3.3499999999999996,3.3499999999999996,5113.182283693063,4763.01384870382,1738.595427921799,2
3.3499999999999996,3.3499999999999996,3.3499999999999996,4442.545520680666,4138.304614326428,1510.5640483857862,2
3.3499999999999996,3.3499999999999996,3.3499999999999996,4451.074812736145,4146.249790916248,1513.4641969328777,2
3.3499999999999996,3.3499999999999996,3.3499999999999996,4310.719519721036,4015.5065145613517,1465.7402830996225,2
3.3499999999999996,3.3499999999999996,3.3499999999999996,3930.8115386366017,3661.6159480331166,1336.5631401194314,2
3.3499999999999996,3.3499999999999996,3.3499999999999996,3833.6086015885585,3571.069804827731,1303.5119847809522,2
3.3499999999999996,3.3499999999999996,3.3499999999999996,3750.0597806845703,3493.2426965946256,1275.1035318894553,2
3.3499999999999996,3.3499999999999996,3.3499999999999996,4171.21830549542,3885.55882672189,1418.3067750051252,2
3.3499999999999996,3.3499999999999996,3.3499999999999996,4162.389382763204,3877.3345392020037,1415.3047453797276,2
3.3499999999999996,3.3499999999999996,3.3499999999999996,4079.2117599576122,3799.8532081356775,1387.0225080778418,2
3.3499999999999996,3.3499999999999996,3.3499999999999996,3488.909920232707,3249.977283216697,1186.3067849336455,2
3.3499999999999996,3.3499999999999996,3.3499999999999996,4278.762713408196,3985.738221044055,1454.8742598945278,2
3.3499999999999996,3.3499999999999996,3.3499999999999996,3332.8098846735243,3104.5675188273585,1133.2293092905106,2
3.3499999999999996,3.3499999999999996,3.3499999999999996,3693.794559185803,3440.8307123683453,1255.9721081651849,2
3.3499999999999996,3.3499999999999996,3.3499999999999996,3900.492407599917,3633.3731761161143,1326.2539628450263,2
3.3499999999999996,3.3499999999999996,3.3499999999999996,3580.174850614537,3334.992075021788,1217.3388862529137,2
3.3499999999999996,3.3499999999999996,3.3499999999999996,3707.6925660802485,3453.776935607587,1260.6977388787566,2
3.3499999999999996,3.3499999999999996,3.3499999999999996,3858.726953125331,3594.467964640614,1312.0527816303118,2
3.3499999999999996,3.3499999999999996,3.3499999999999996,3900.3744968317446,3633.263340285793,1326.2138705676389,2
3.3499999999999996,3.3499999999999996,3.3499999999999996,3843.004555453451,3579.8222912241145,1306.7068175727663,2
3.3499999999999996,3.3499999999999996,3.3499999999999996,3561.437263107124,3317.5377024143936,1210.9676907501505,2
3.3499999999999996,3.3499999999999996,3.3499999999999996,3562.0476472904897,3318.106285374495,1211.1752349157205,2
3.3499999999999996,3.3499999999999996,3.3499999999999996,3491.487941436282,3252.378752597916,1187.1833693440851,2
3.3499999999999996,3.3499999999999996,3.3499999999999996,4096.633348955754,3816.0817063703694,1392.9462348880313,2
3.3499999999999996,3.3499999999999996,3.3499999999999996,4322.754372317668,4026.717178763109,1469.8324000122054,2
3.3499999999999996,3.3499999999999996,3.3499999999999996,3332.138648223124,3103.942250974263,1133.001074003957,2
3.3499999999999996,3.3499999999999996,3.3499999999999996,3850.544775715347,3586.84613108295,1309.2706597644803,2
3.3499999999999996,3.3499999999999996,3.3499999999999996,4176.836912483801,3890.7926520406995,1420.2172260470218,2
3.3499999999999996,3.3499999999999996,3.3499999999999996,3930.493260959265,3661.319467113646,1336.4549186471809,2
3.3499999999999996,3.3499999999999996,3.3499999999999996,4573.909418361514,4260.672257245991,1555.230688304,2
3.3499999999999996,3.3499999999999996,3.3499999999999996,4272.858132328207,3980.238006130054,1452.8665713162816,2
3.3499999999999996,3.3499999999999996,3.3499999999999996,3923.1155203508447,3654.4469797387837,1333.9463231427533,2
3.3499999999999996,3.3499999999999996,3.3499999999999996,3606.0888345623503,3359.1313795821134,1226.1502157755463,2
3.3499999999999996,3.3499999999999996,3.3499999999999996,4332.175668920336,4035.4932723387988,1473.0358498971684,2
3.3499999999999996,3.3499999999999996,3.3499999999999996,4792.918912438842,4464.6832225140815,1629.6987756805552,2
3.3499999999999996,3.3499999999999996,3.3499999999999996,3764.6129114625987,3506.7991785645354,1280.0519192593565,2
3.3499999999999996,3.3499999999999996,3.3499999999999996,4174.224308375552,3810.553217376962,1386.763705018679,3
3.3499999999999996,3.3499999999999996,3.3499999999999996,3616.6403727098987,3301.547686518147,1201.5227818294045,3
3.3499999999999996,3.3499999999999996,3.3499999999999996,3751.8274195993513,3424.9568275742886,1246.434716638176,3
3.3499999999999996,3.3499999999999996,3.3499999999999996,4091.265543213765,3734.822071625504,1359.2030863167329,3
3.3499999999999996,3.3499999999999996,3.3499999999999996,3892.4113000496623,3553.2926136714536,1293.1395912487706,3
3.3499999999999996,3.3499999999999996,3.3499999999999996,3875.4733024256107,3537.8303058091897,1287.51243788914,3
3.3499999999999996,3.3499999999999996,3.3499999999999996,4151.995777683759,3790.261303745195,1379.3789270810344,3
3.3499999999999996,3.3499999999999996,3.3499999999999996,4030.9258741039434,3679.7393776263953,1339.1569994482238,3
3.3499999999999996,3.3499999999999996,3.3499999999999996,4103.569262247584,3746.053853313889,1363.2906364176254,3
3.3499999999999996,3.3499999999999996,3.3499999999999996,4134.48712708749,3774.278059929651,1373.562190993795,3
3.3499999999999996,3.3499999999999996,3.3499999999999996,4203.205520753927,3837.0094985716055,1396.391863566155,3
3.3499999999999996,3.3499999999999996,3.3499999999999996,3591.3956353185827,3278.5023472690577,1193.1359576027428,3
3.3499999999999996,3.3499999999999996,3.3499999999999996,3498.991189832982,3194.148457532327,1162.4372884093575,3
3.3499999999999996,3.3499999999999996,3.3499999999999996,3433.033700992153,3133.937385307907,1140.5248455597705,3
3.3499999999999996,3.3499999999999996,3.3499999999999996,3726.0880503642175,3401.459950308878,1237.8835654760937,3
3.3499999999999996,3.3499999999999996,3.3499999999999996,4375.969651962268,3994.721894309983,1453.7876834812685,3
3.3499999999999996,3.3499999999999996,3.3499999999999996,4130.689312602743,3770.8111225696193,1372.3004784223658,3
3.3499999999999996,3.3499999999999996,3.3499999999999996,4153.409788256051,3791.552121424744,1379.8486906575224,3
3.3499999999999996,3.3499999999999996,3.3499999999999996,3986.404096479917,3639.096472397712,1324.3659434984925,3
3.3499999999999996,3.3499999999999996,3.3499999999999996,4134.446223179501,3774.2407196942745,1373.5486018690135,3
3.3499999999999996,3.3499999999999996,3.3499999999999996,4582.178660459217,4182.965348118519,1522.294583807079,3
3.3499999999999996,3.3499999999999996,3.3499999999999996,4061.5297303531474,3707.6769330329294,1349.3242338718387,3
3.3499999999999996,3.3499999999999996,3.3499999999999996,4413.4953264730275,4028.978218162608,1466.2544891853727,3
3.3499999999999996,3.3499999999999996,3.3499999999999996,3721.252000356201,3397.0452316555316,1236.2769295765042,3
3.3499999999999996,3.3499999999999996,3.3499999999999996,5150.553471855569,4701.821620862818,1711.120459242133,3
3.3499999999999996,3.3499999999999996,3.3499999999999996,4475.015163920912,4085.1382606522197,1486.6926524005578,3
3.3499999999999996,3.3499999999999996,3.3499999999999996,4483.606794801923,4092.9813625742854,1489.5469699916844,3
3.3499999999999996,3.3499999999999996,3.3499999999999996,4342.225674078381,3963.917794196212,1442.5772356626326,3
3.3499999999999996,3.3499999999999996,3.3499999999999996,3959.541024403269,3614.5737926929073,1315.441474996297,3
3.3499999999999996,3.3499999999999996,3.3499999999999996,3861.627651261063,3525.1909297972466,1282.912626022581,3
3.3499999999999996,3.3499999999999996,3.3499999999999996,3777.4681893641423,3448.363695654473,1254.9531110155951,3
3.3499999999999996,3.3499999999999996,3.3499999999999996,4201.704874428959,3835.639593109103,1395.8933177996134,3
3.3499999999999996,3.3499999999999996,3.3499999999999996,4192.811422932777,3827.5209660999208,1392.938729153646,3
3.3499999999999996,3.3499999999999996,3.3499999999999996,4109.025872144119,3751.035066794795,1365.1034351552914,3
3.3499999999999996,3.3499999999999996,3.3499999999999996,3514.4096387791924,3208.2236044095694,1167.559616249619,3
3.3499999999999996,3.3499999999999996,3.3499999999999996,4310.035302100261,3934.531945126321,1431.8829278793307,3
3.3499999999999996,3.3499999999999996,3.3499999999999996,3357.168700455862,3064.681973877377,1115.3209222790179,3
3.3499999999999996,3.3499999999999996,3.3499999999999996,3720.7917370382747,3396.625067874815,1236.1240205766767,3
3.3499999999999996,3.3499999999999996,3.3499999999999996,3929.0002971300273,3586.6938662743446,1305.2952133250146,3
3.3499999999999996,3.3499999999999996,3.3499999999999996,3606.341605596788,3292.1461792538794,1198.101318251071,3
3.3499999999999996,3.3499999999999996,3.3499999999999996,3734.7913215808308,3409.4049661216673,1240.7749722972162,3
3.3499999999999996,3.3499999999999996,3.3499999999999996,3886.9295876163555,3548.2884846629677,1291.3184529288658,3
3.3499999999999996,3.3499999999999996,3.3499999999999996,3928.881524576521,3586.585441546189,1305.2557546246217,3
3.3499999999999996,3.3499999999999996,3.3499999999999996,3871.0922782027924,3533.830969713576,1286.0569709726108,3
3.3499999999999996,3.3499999999999996,3.3499999999999996,3587.4670689509335,3274.91604952701,1191.8308065497718,3
3.3499999999999996,3.3499999999999996,3.3499999999999996,3588.081914305621,3275.477327688271,1192.035070901443,3
3.3499999999999996,3.3499999999999996,3.3499999999999996,3517.006502204723,3210.5942212116875,1168.422348024284,3
3.3499999999999996,3.3499999999999996,3.3499999999999996,4126.57479192071,3767.055071417451,1370.9335494976447,3
3.3499999999999996,3.3499999999999996,3.3499999999999996,4354.348486915025,3974.9844307843887,1446.6046849807872,3
3.3499999999999996,3.3499999999999996,3.3499999999999996,3356.492558077549,3064.0647390752333,1115.0962937874945,3
3.3499999999999996,3.3499999999999996,3.3499999999999996,3878.6876083697457,3540.764571663681,1288.5802968470805,3
3.3499999999999996,3.3499999999999996,3.3499999999999996,4207.3645466497765,3840.806177508285,1397.7735780439864,3
3.3499999999999996,3.3499999999999996,3.3499999999999996,3959.2204205004414,3614.2811207751647,1315.3349637445572,3
3.3499999999999996,3.3499999999999996,3.3499999999999996,4607.339173067694,4205.933800503484,1530.653426817765,3
3.3499999999999996,3.3499999999999996,3.3499999999999996,4304.0875656625485,3929.1023935391304,1429.9069667403264,3
3.3499999999999996,3.3499999999999996,3.3499999999999996,3951.7887575170316,3607.496926826824,1312.8660114957177,3
3.3499999999999996,3.3499999999999996,3.3499999999999996,3632.444989475295,3315.975357102105,1206.773402611332,3
3.3499999999999996,3.3499999999999996,3.3499999999999996,4363.838641819341,3983.6477745897246,1449.7575108483147,3
3.3499999999999996,3.3499999999999996,3.3499999999999996,4827.949362085753,4407.323760276884,1603.9446973596228,3
3.3499999999999996,3.3499999999999996,3.3499999999999996,3792.127685954787,3461.7460124088752,1259.8232991760542,3
3.3499999999999996,3.3499999999999996,3.3499999999999996,4177.250670096704,3805.8140978710785,1384.6833940027102,4
3.3499999999999996,3.3499999999999996,3.3499999999999996,3619.2624795193437,3297.4416084375603,1199.7203542998031,4
3.3499999999999996,3.3499999999999996,3.3499999999999996,3754.5475386078724,3420.697267667253,1244.5649158477997,4
3.3499999999999996,3.3499999999999996,3.3499999999999996,4094.2317588544065,3730.177137643233,1357.1641195171467,4
3.3499999999999996,3.3499999999999996,3.3499999999999996,3895.2333440250695,3548.8734447542556,1291.1997275739966,4
3.3499999999999996,3.3499999999999996,3.3499999999999996,3878.2830661535145,3533.430367098373,1285.581015615796,4
3.3499999999999996,3.3499999999999996,3.3499999999999996,4155.006023458705,3785.547420943333,1377.3096941130693,4
3.3499999999999996,3.3499999999999996,3.3499999999999996,4033.84834277476,3675.162949043388,1337.1481041706922,4
3.3499999999999996,3.3499999999999996,3.3499999999999996,4106.544398229243,3741.3949505578867,1361.2455378051916,4
3.3499999999999996,3.3499999999999996,3.3499999999999996,4137.484678884816,3769.584055213256,1371.5016838239706,4
3.3499999999999996,3.3499999999999996,3.3499999999999996,4206.252894194933,3832.2374758437727,1394.297109163604,4
3.3499999999999996,3.3499999999999996,3.3499999999999996,3593.9994393964885,3274.4249302805806,1191.346111310136,4
3.3499999999999996,3.3499999999999996,3.3499999999999996,3501.5279996010418,3190.1759500258713,1160.6934937832796,4
3.3499999999999996,3.3499999999999996,3.3499999999999996,3435.5226908050054,3130.03976127652,1138.8139222123984,4
3.3499999999999996,3.3499999999999996,3.3499999999999996,3728.789508027295,3397.229613064019,1236.026592432721,4
3.3499999999999996,3.3499999999999996,3.3499999999999996,4379.142281430466,3989.75372738777,1451.6068285007977,4
3.3499999999999996,3.3499999999999996,3.3499999999999996,4133.684110939897,3766.121429623597,1370.2418639719376,4
3.3499999999999996,3.3499999999999996,3.3499999999999996,4156.421059205294,3786.836633255132,1377.778752988144,4
3.3499999999999996,3.3499999999999996,3.3499999999999996,3989.2942863382877,3634.570590696995,1322.3792365696456,4
3.3499999999999996,3.3499999999999996,3.3499999999999996,4137.443745321014,3769.5467614172885,1371.4881150844985,4
3.3499999999999996,3.3499999999999996,3.3499999999999996,4585.500793884024,4177.763066050051,1520.0109603023802,4
3.3499999999999996,3.3499999999999996,3.3499999999999996,4064.4743871797104,3703.065758992708,1347.3000865295921,4
3.3499999999999996,3.3499999999999996,3.3499999999999996,4416.695162496626,4023.9674472395313,1464.054932508898,4
3.3499999999999996,3.3499999999999996,3.3499999999999996,3723.9499518261405,3392.8203849203396,1234.4223666786736,4
3.3499999999999996,3.3499999999999996,3.3499999999999996,5154.28768370391,4695.974046170776,1708.5535743949677,4
3.3499999999999996,3.3499999999999996,3.3499999999999996,4478.259602550262,4080.05764445009,1484.4624360407295,4
3.3499999999999996,3.3499999999999996,3.3499999999999996,4486.857462464716,4087.8909920411725,1487.3124718149134,4
3.3499999999999996,3.3499999999999996,3.3499999999999996,4345.373838765715,3958.987937803568,1440.4131976914377,4
3.3499999999999996,3.3499999999999996,3.3499999999999996,3962.4117382184186,3610.07840942722,1313.4681558350053,4
3.3499999999999996,3.3499999999999996,3.3499999999999996,3864.4273767290188,3520.806710461014,1280.9881040158527,4
3.3499999999999996,3.3499999999999996,3.3499999999999996,3780.206898232332,3444.0750250281376,1253.0705316173005,4
3.3499999999999996,3.3499999999999996,3.3499999999999996,4204.751159883728,3830.8692741091354,1393.7993112751951,4
3.3499999999999996,3.3499999999999996,3.3499999999999996,4195.851260530606,3822.760744096749,1390.8491548647157,4
3.3499999999999996,3.3499999999999996,3.3499999999999996,4112.004964232134,3746.36996898925,1363.0556171284616,4
3.3499999999999996,3.3499999999999996,3.3499999999999996,3516.957627104091,3204.233591884995,1165.8081375206223,4
3.3499999999999996,3.3499999999999996,3.3499999999999996,4313.160128389284,3929.6386354088136,1429.734932645777,4
3.3499999999999996,3.3499999999999996,3.3499999999999996,3359.602687250995,3060.870481610192,1113.6478078237135,4
3.3499999999999996,3.3499999999999996,3.3499999999999996,3723.4893548118953,3392.4007436900924,1234.2696870605894,4
3.3499999999999996,3.3499999999999996,3.3499999999999996,3931.848868558681,3582.233156793691,1303.3371147668074,4
3.3499999999999996,3.3499999999999996,3.3499999999999996,3608.9562456789413,3288.051793666197,1196.3040233250613,4
3.3499999999999996,3.3499999999999996,3.3499999999999996,3737.499089217909,3405.164747797274,1238.9136617986303,4
3.3499999999999996,3.3499999999999996,3.3499999999999996,3889.747657285772,3543.8755392949606,1289.3813211788568,4
3.3499999999999996,3.3499999999999996,3.3499999999999996,3931.730009893676,3582.124866911503,1303.297715259173,4
3.3499999999999996,3.3499999999999996,3.3499999999999996,3873.8988656366046,3529.4360049082848,1284.1277320732972,4
3.3499999999999996,3.3499999999999996,3.3499999999999996,3590.0680247720143,3270.843092755361,1190.0429181394652,4
3.3499999999999996,3.3499999999999996,3.3499999999999996,3590.683315896816,3271.403672864625,1190.2468760702375,4
3.3499999999999996,3.3499999999999996,3.3499999999999996,3519.5563732861497,3206.6012603917634,1166.6695750946913,4
3.3499999999999996,3.3499999999999996,3.3499999999999996,4129.566607181974,3762.3700498076546,1368.8769856036952,4
3.3499999999999996,3.3499999999999996,3.3499999999999996,4357.5054407842545,3970.0408110061358,1444.43460535509,4
3.3499999999999996,3.3499999999999996,3.3499999999999996,3358.926054661505,3060.254014452356,1113.423516301729,4
3.3499999999999996,3.3499999999999996,3.3499999999999996,3881.499702507266,3536.360983656882,1286.6472726578907,4
3.3499999999999996,3.3499999999999996,3.3499999999999996,4210.414935433476,3836.0294329161493,1395.6767509048625,4
3.3499999999999996,3.3499999999999996,3.3499999999999996,3962.0909018739903,3609.7861015005087,1313.361804362851,4
3.3499999999999996,3.3499999999999996,3.3499999999999996,4610.679548160082,4200.702952965776,1528.3572640512346,4
3.3499999999999996,3.3499999999999996,3.3499999999999996,4307.208079772697,3924.2158364615584,1427.7619356842386,4
3.3499999999999996,3.3499999999999996,3.3499999999999996,3954.6538508475055,3603.0103449375133,1310.8965558369623,4
3.3499999999999996,3.3499999999999996,3.3499999999999996,3635.0785548177905,3311.851335575728,1204.9630985240922,4
3.3499999999999996,3.3499999999999996,3.3499999999999996,4367.0024761625,3978.693380359764,1447.5827016076441,4
3.3499999999999996,3.3499999999999996,3.3499999999999996,4831.449682160014,4401.842447509534,1601.5385889427048,4
3.3499999999999996,3.3499999999999996,3.3499999999999996,3794.8770231304316,3457.44069842533,1257.9334139144446,4
3.3499999999999996,3.3499999999999996,3.3499999999999996,4177.553282572723,3805.342572107856,1384.4769627929347,5
3.3499999999999996,3.3499999999999996,3.3499999999999996,3619.5246696694653,3297.0330680750744,1199.5414977285443,5
3.3499999999999996,3.3499999999999996,3.3499999999999996,3754.8195292104765,3420.2734564015404,1244.3793737647968,5
3.3499999999999996,3.3499999999999996,3.3499999999999996,4094.528357193312,3729.714983009153,1356.961790932671,5
3.3499999999999996,3.3499999999999996,3.3499999999999996,3895.5155263263005,3548.433752952034,1291.0072330853798,5
3.3499999999999996,3.3499999999999996,3.3499999999999996,3878.564020526148,3532.9925886342135,1285.389358775346,5
3.3499999999999996,3.3499999999999996,3.3499999999999996,4155.3070244662895,3785.078406143616,1377.1043621883687,5
3.3499999999999996,3.3499999999999996,3.3499999999999996,4034.140566759217,3674.7076104561756,1336.9487596115039,5
3.3499999999999996,3.3499999999999996,3.3499999999999996,4106.8418885324045,3740.9314060798297,1361.042600755186,5
3.3499999999999996,3.3499999999999996,3.3499999999999996,4137.784410594031,3769.1170182132987,1371.2972177683898,5
3.3499999999999996,3.3499999999999996,3.3499999999999996,4206.557607678417,3831.7626763254107,1394.0892447230551,5
3.3499999999999996,3.3499999999999996,3.3499999999999996,3594.2597994167645,3274.0192415962,1191.1685031868028,5
3.3499999999999996,3.3499999999999996,3.3499999999999996,3501.7816607148916,3189.7806994668676,1160.5204554099319,5
3.3499999999999996,3.3499999999999996,3.3499999999999996,3435.7715702977603,3129.65196136055,1138.6441456868115,5
3.3499999999999996,3.3499999999999996,3.3499999999999996,3729.059632641471,3396.8087093506624,1235.8423232590635,5
3.3499999999999996,3.3499999999999996,3.3499999999999996,4379.459519535928,3989.259412210256,1451.390420219292,5
3.3499999999999996,3.3499999999999996,3.3499999999999996,4133.983567324654,3765.6548216296655,1370.0375857326728,5
3.3499999999999996,3.3499999999999996,3.3499999999999996,4156.722162722281,3786.367458726957,1377.5733511352628,5
3.3499999999999996,3.3499999999999996,3.3499999999999996,3989.5832826942396,3634.120281347224,1322.1820937810708,5
3.3499999999999996,3.3499999999999996,3.3499999999999996,4137.74347406488,3769.0797290378905,1371.28365105177,5
3.3499999999999996,3.3499999999999996,3.3499999999999996,4585.832981214546,4177.245457236899,1519.7843542039996,5
3.3499999999999996,3.3499999999999996,3.3499999999999996,4064.7688298060107,3702.6069633544125,1347.0992284937427,5
3.3499999999999996,3.3499999999999996,3.3499999999999996,4417.015121044604,4023.4688931134106,1463.8366684405885,5
3.3499999999999996,3.3499999999999996,3.3499999999999996,3724.2197258484557,3392.400027493431,1234.2383366660144,5
3.3499999999999996,3.3499999999999996,3.3499999999999996,5154.661075650256,4695.392233005644,1708.2988600083754,5
3.3499999999999996,3.3499999999999996,3.3499999999999996,4478.58402100958,4079.552140963762,1484.2411295833363,5
3.3499999999999996,3.3499999999999996,3.3499999999999996,4487.1825037786075,4087.384518033137,1487.090740468816,5
3.3499999999999996,3.3499999999999996,3.3499999999999996,4345.688630584647,3958.497434389332,1440.1984581775073,5
3.3499999999999996,3.3499999999999996,3.3499999999999996,3962.6987871225438,3609.6311345647287,1313.2723415271391,5
3.3499999999999996,3.3499999999999996,3.3499999999999996,3864.707327354256,3520.370496019476,1280.7971318953196,5
3.3499999999999996,3.3499999999999996,3.3499999999999996,3780.4807476753463,3443.6483173479915,1252.8837215010708,5
3.3499999999999996,3.3499999999999996,3.3499999999999996,4205.055764577108,3830.394644105719,1393.591521047294,5
3.3499999999999996,3.3499999999999996,3.3499999999999996,4196.155220488778,3822.2871187090855,1390.641804451692,5
3.3499999999999996,3.3499999999999996,3.3499999999999996,4112.302850114955,3745.9058081255,1362.8524102284196,5
3.3499999999999996,3.3499999999999996,3.3499999999999996,3517.212405986098,3203.8365996381053,1165.6343366465478,5
3.3499999999999996,3.3499999999999996,3.3499999999999996,4313.472586551123,3929.1517682605245,1429.5217850677225,5
3.3499999999999996,3.3499999999999996,3.3499999999999996,3359.8460668726457,3060.4912515025594,1113.4817831098846,5
3.3499999999999996,3.3499999999999996,3.3499999999999996,3723.7590954671914,3391.9804382551215,1234.0856798096956,5
3.3499999999999996,3.3499999999999996,3.3499999999999996,3932.133703397529,3581.7893318511537,1303.1428108136347,5
3.3499999999999996,3.3499999999999996,3.3499999999999996,3609.2176892147977,3287.644416665731,1196.1256760668618,5
3.3499999999999996,3.3499999999999996,3.3499999999999996,3737.7698447800785,3404.7428609511703,1238.7289622152314,5
3.3499999999999996,3.3499999999999996,3.3499999999999996,3890.0294421875224,3543.4364667140467,1289.1890977816922,5
3.3499999999999996,3.3499999999999996,3.3499999999999996,3932.0148361220486,3581.6810553856667,1303.1034171797537,5
3.3499999999999996,3.3499999999999996,3.3499999999999996,3874.179502404699,3528.998721330275,1283.9362918910967,5
3.3499999999999996,3.3499999999999996,3.3499999999999996,3590.32809998891,3270.4378478469052,1189.8655042986263,5
3.3499999999999996,3.3499999999999996,3.3499999999999996,3590.9434356872325,3270.9983585024447,1190.0694318229655,5
3.3499999999999996,3.3499999999999996,3.3499999999999996,3519.8113404290675,3206.203974799832,1166.4956457958792,5
3.3499999999999996,3.3499999999999996,3.3499999999999996,4129.8657652824995,3761.903906595285,1368.6729108430704,5
3.3499999999999996,3.3499999999999996,3.3499999999999996,4357.8211114525575,3969.548938183319,1444.2192663221267,5
3.3499999999999996,3.3499999999999996,3.3499999999999996,3359.1693852658764,3059.8748607226394,1113.2575250257028,5
3.3499999999999996,3.3499999999999996,3.3499999999999996,3881.7808899026145,3535.922842100578,1286.455456857832,5
3.3499999999999996,3.3499999999999996,3.3499999999999996,4210.7199504276205,3835.5541635888567,1395.4686807847236,5
3.3499999999999996,3.3499999999999996,3.3499999999999996,3962.3779275357756,3609.338862853846,1313.1660059100627,5
3.3499999999999996,3.3499999999999996,3.3499999999999996,4611.013559514532,4200.182501988658,1528.1294136701626,5
3.3499999999999996,3.3499999999999996,3.3499999999999996,4307.520106750411,3923.7296411772522,1427.5490822442891,5
3.3499999999999996,3.3499999999999996,3.3499999999999996,3954.9403377471713,3602.56394578109,1310.7011249080697,5
3.3499999999999996,3.3499999999999996,3.3499999999999996,3635.341890731498,3311.4410099033416,1204.7834603546441,5
3.3499999999999996,3.3499999999999996,3.3499999999999996,4367.318834824323,3978.2004355168074,1447.3668932505586,5
3.3499999999999996,3.3499999999999996,3.3499999999999996,4831.799686760299,4401.297076120847,1601.2998285518102,5
3.3499999999999996,3.3499999999999996,3.3499999999999996,3795.1519353209724,3457.012334789536,1257.7458788305573,5
3.3499999999999996,3.3499999999999996,3.3499999999999996,4177.583543583228,3805.2954435774777,1384.4563358047524,6
3.3499999999999996,3.3499999999999996,3.3499999999999996,3619.550888479051,3296.992234872763,1199.5236260492297,6
3.3499999999999996,3.3499999999999996,3.3499999999999996,3754.846728057632,3420.231096887661,1244.360834056787,6
3.3499999999999996,3.3499999999999996,3.3499999999999996,4094.558016794817,3729.6687911137956,1356.9415738863943,6
3.3499999999999996,3.3499999999999996,3.3499999999999996,3895.543744335333,3548.389806194348,1290.987998680146,6
3.3499999999999996,3.3499999999999996,3.3499999999999996,3878.592115743283,3532.9488331127613,1285.3702080694657,6
3.3499999999999996,3.3499999999999996,3.3499999999999996,4155.337124331213,3785.0315285815386,1377.0838450427834,6
3.3499999999999996,3.3499999999999996,3.3499999999999996,4034.1697889287047,3674.662099817915,1336.9288407345518,6
3.3499999999999996,3.3499999999999996,3.3499999999999996,4106.8716373296365,3740.885075270953,1361.022322909909,6
3.3499999999999996,3.3499999999999996,3.3499999999999996,4137.8143835301125,3769.070338330337,1371.2767871420479,6
3.3499999999999996,3.3499999999999996,3.3499999999999996,4206.588078788022,3831.7152205864654,1394.0684745238045,6
3.3499999999999996,3.3499999999999996,3.3499999999999996,3594.2858352147996,3273.9786934162744,1191.150756254713,6
3.3499999999999996,3.3499999999999996,3.3499999999999996,3501.8070266275327,3189.7411945671765,1160.5031650957103,6
3.3499999999999996,3.3499999999999996,3.3499999999999996,3435.796458052038,3129.613201145209,1138.62718130245,6
3.3499999999999996,3.3499999999999996,3.3499999999999996,3729.086644891245,3396.766640443745,1235.8239107425081,6
3.3499999999999996,3.3499999999999996,3.3499999999999996,4379.4912430979175,3989.2100059006157,1451.3687963036543,6
3.3499999999999996,3.3499999999999996,3.3499999999999996,4134.013512728505,3765.608184625427,1370.0171738732856,6
3.3499999999999996,3.3499999999999996,3.3499999999999996,4156.7522728380645,3786.320565200178,1377.5528270023242,6
3.3499999999999996,3.3499999999999996,3.3499999999999996,3989.6121821034053,3634.0752733762365,1322.1623949091095,6
3.3499999999999996,3.3499999999999996,3.3499999999999996,4137.773446704427,3769.0330496167467,1371.2632206275555,6
3.3499999999999996,3.3499999999999996,3.3499999999999996,4585.866199687329,4177.193722751579,1519.7617113036438,6
3.3499999999999996,3.3499999999999996,3.3499999999999996,4064.798273837944,3702.5611071873395,1347.0791583874038,6
3.3499999999999996,3.3499999999999996,3.3499999999999996,4417.047116648713,4023.4190631250804,1463.8148590913022,6
3.3499999999999996,3.3499999999999996,3.3499999999999996,3724.2467030393186,3392.3580131873005,1234.219948046869,6
3.3499999999999996,3.3499999999999996,3.3499999999999996,5154.6984145523365,4695.334081359292,1708.2734084758868,6
3.3499999999999996,3.3499999999999996,3.3499999999999996,4478.61646260133,4079.5016163938003,1484.2190162329066,6
3.3499999999999996,3.3499999999999996,3.3499999999999996,4487.215007655326,4087.333896460497,1487.0685846627212,6
3.3499999999999996,3.3499999999999996,3.3499999999999996,4345.720109519901,3958.448409061634,1440.1770010082116,6
3.3499999999999996,3.3499999999999996,3.3499999999999996,3962.7274917880527,3609.586429887721,1313.2527753994264,6
3.3499999999999996,3.3499999999999996,3.3499999999999996,3864.7353221974377,3520.326896820526,1280.7780496079185,6
3.3499999999999996,3.3499999999999996,3.3499999999999996,3780.508132405086,3443.605668340374,1252.8650550888356,6
3.3499999999999996,3.3499999999999996,3.3499999999999996,4205.086224807787,3830.3472053096225,1393.570758263507,6
3.3499999999999996,3.3499999999999996,3.3499999999999996,4196.185616246441,3822.239780323334,1390.6210856150212,6
3.3499999999999996,3.3499999999999996,3.3499999999999996,4112.332638469842,3745.8594157094867,1362.8321054192277,6
3.3499999999999996,3.3499999999999996,3.3499999999999996,3517.2378836746793,3203.796920658446,1165.6169701418432,6
3.3499999999999996,3.3499999999999996,3.3499999999999996,4313.503832122495,3929.103106373989,1429.5004869676027,6
3.3499999999999996,3.3499999999999996,3.3499999999999996,3359.870404644122,3060.453347831026,1113.465193613491,6
3.3499999999999996,3.3499999999999996,3.3499999999999996,3723.786069321379,3391.938429145534,1234.0672934649476,6
3.3499999999999996,3.3499999999999996,3.3499999999999996,3932.1621866582454,3581.744971990209,1303.1233956033566,6
3.3499999999999996,3.3499999999999996,3.3499999999999996,3609.2438333635414,3287.6036997402953,1196.1078552790498,6
3.3499999999999996,3.3499999999999996,3.3499999999999996,3737.796920124158,3404.7006937811148,1238.7105066913393,6
3.3499999999999996,3.3499999999999996,3.3499999999999996,3890.0576204569184,3543.3925818469147,1289.1698904644172,6
3.3499999999999996,3.3499999999999996,3.3499999999999996,3932.043318521724,3581.6366968657094,1303.084002556391,6
3.3499999999999996,3.3499999999999996,3.3499999999999996,3874.207565861629,3528.9550152722,1283.917162834109,6
3.3499999999999996,3.3499999999999996,3.3499999999999996,3590.3541073068295,3270.3973440219406,1189.847776779602,6
3.3499999999999996,3.3499999999999996,3.3499999999999996,3590.9694474624694,3270.95784773565,1190.0517012656753,6
3.3499999999999996,3.3499999999999996,3.3499999999999996,3519.836836943592,3206.1642665006275,1166.478266458738,6
3.3499999999999996,3.3499999999999996,3.3499999999999996,4129.895680858161,3761.857316045502,1368.6525193156447,6
3.3499999999999996,3.3499999999999996,3.3499999999999996,4357.852678272059,3969.4997759846,1444.1977492477802,6
3.3499999999999996,3.3499999999999996,3.3499999999999996,3359.1937181356634,3059.836964685003,1113.2409388704762,6
3.3499999999999996,3.3499999999999996,3.3499999999999996,3881.8090084218384,3535.8790502884262,1286.436290268413,6
3.3499999999999996,3.3499999999999996,3.3499999999999996,4210.750451688054,3835.5066608929765,1395.4478900335866,6
3.3499999999999996,3.3499999999999996,3.3499999999999996,3962.406629877069,3609.294161796576,1313.146441366619,6
3.3499999999999996,3.3499999999999996,3.3499999999999996,4611.046960388278,4200.13048343188,1528.1066464387798,6
3.3499999999999996,3.3499999999999996,3.3499999999999996,4307.551309203709,3923.68104644285,1427.5278135349927,6
3.3499999999999996,3.3499999999999996,3.3499999999999996,3954.9689862126747,3602.519328630033,1310.6815970882935,6
3.3499999999999996,3.3499999999999996,3.3499999999999996,3635.3682241165443,3311.399998261083,1204.7655105765932,6
3.3499999999999996,3.3499999999999996,3.3499999999999996,4367.350470442638,3978.1511661707427,1447.3453292804786,6
3.3499999999999996,3.3499999999999996,3.3499999999999996,4831.834686946098,4401.242566793754,1601.2759711720719,6
3.3499999999999996,3.3499999999999996,3.3499999999999996,3795.1794263246325,3456.969520270802,1257.7271399782132,6
3.3499999999999996,3.3499999999999996,3.3499999999999996,4177.5865696819055,3805.29073096508,1384.4542732673945,7
3.3499999999999996,3.3499999999999996,3.3499999999999996,3619.553510357954,3296.988151761029,1199.5218390211903,7
3.3499999999999996,3.3499999999999996,3.3499999999999996,3754.849447940215,3420.2268611525624,1244.3589802311078,7
3.3499999999999996,3.3499999999999996,3.3499999999999996,4094.5609827526423,3729.6641721601195,1356.939552340018,7
3.3499999999999996,3.3499999999999996,3.3499999999999996,3895.5465661340245,3548.3854117429746,1290.9860753901814,7
3.3499999999999996,3.3499999999999996,3.3499999999999996,3878.594925262794,3532.9444577840345,1285.368293148782,7
3.3499999999999996,3.3499999999999996,3.3499999999999996,4155.340134315346,3785.0268410646904,1377.0817934888257,7
3.3499999999999996,3.3499999999999996,3.3499999999999996,4034.1727111433624,3674.6575489864695,1336.9268490027737,7
3.3499999999999996,3.3499999999999996,3.3499999999999996,4106.874612207028,3740.8804424266327,1361.0202952841082,7
3.3499999999999996,3.3499999999999996,3.3499999999999996,4137.8173808213705,3769.065670580391,1371.2747442393368,7
3.3499999999999996,3.3499999999999996,3.3499999999999996,4206.591125896594,3831.7104752548826,1394.06639766646,7
3.3499999999999996,3.3499999999999996,3.3499999999999996,3594.2884387925624,3273.974638805323,1191.1489817004203,7
3.3499999999999996,3.3499999999999996,3.3499999999999996,3501.8095632168083,3189.737244278922,1160.5014361996302,7
3.3499999999999996,3.3499999999999996,3.3499999999999996,3435.7989468255146,3129.609325321588,1138.6254849968045,7
3.3499999999999996,3.3499999999999996,3.3499999999999996,3729.0893461141054,3396.76243376786,1235.8220696349792,7
3.3499999999999996,3.3499999999999996,3.3499999999999996,4379.49441545163,3989.205065521924,1451.3666340813543,7
3.3499999999999996,3.3499999999999996,3.3499999999999996,4134.016507266542,3765.6035211631356,1370.0151328471225,7
3.3499999999999996,3.3499999999999996,3.3499999999999996,4156.755283847282,3786.3158760869414,1377.5507747496854,7
3.3499999999999996,3.3499999999999996,3.3499999999999996,3989.6150720420565,3634.0707728089515,1322.1604251761082,7
3.3499999999999996,3.3499999999999996,3.3499999999999996,4137.776443966033,3769.028381912981,1371.2611777450556,7
3.3499999999999996,3.3499999999999996,3.3499999999999996,4585.869521532003,4177.188549567206,1519.7594471908476,7
3.3499999999999996,3.3499999999999996,3.3499999999999996,4064.8012182388293,3702.5565218047764,1347.0771515338708,7
3.3499999999999996,3.3499999999999996,3.3499999999999996,4417.050316206616,4023.414080380682,1463.8126783270889,7
3.3499999999999996,3.3499999999999996,3.3499999999999996,3724.24940075629,3392.353811971215,1234.218109328893,7
3.3499999999999996,3.3499999999999996,3.3499999999999996,5154.702148439617,4695.328266491582,1708.270863521863,7
3.3499999999999996,3.3499999999999996,3.3499999999999996,4478.6197067579615,4079.496564194785,1484.2168050709586,7
3.3499999999999996,3.3499999999999996,3.3499999999999996,4487.21825804045,4087.32883456171,1487.066369255539,7
3.3499999999999996,3.3499999999999996,3.3499999999999996,4345.723257410958,3958.4435067791906,1440.17485545924,7
3.3499999999999996,3.3499999999999996,3.3499999999999996,3962.7303622523536,3609.5819596482847,1313.2508189398116,7
3.3499999999999996,3.3499999999999996,3.3499999999999996,3864.738121679561,3520.3225371232515,1280.7761415285474,7
3.3499999999999996,3.3499999999999996,3.3499999999999996,3780.5108708759135,3443.6014036573815,1252.8631885937252,7
3.3499999999999996,3.3499999999999996,3.3499999999999996,4205.089270828467,3830.342461672239,1393.5686821476513,7
3.3499999999999996,3.3499999999999996,3.3499999999999996,4196.188655819825,3822.2350467264723,1390.6190138935333,7
3.3499999999999996,3.3499999999999996,3.3499999999999996,4112.335617302996,3745.854776704767,1362.830075097247,7
3.3499999999999996,3.3499999999999996,3.3499999999999996,3517.24043144154,3203.792952963083,1165.6152336273115,7
3.3499999999999996,3.3499999999999996,3.3499999999999996,4313.506956677183,3929.098240433806,1429.4983573243037,7
3.3499999999999996,3.3499999999999996,3.3499999999999996,3359.872838419362,3060.449557657412,1113.4635347937076,7
3.3499999999999996,3.3499999999999996,3.3499999999999996,3723.788766704683,3391.934228449076,1234.0654549743938,7
3.3499999999999996,3.3499999999999996,3.3499999999999996,3932.165034982084,3581.74053623062,1303.121454234303,7
3.3499999999999996,3.3499999999999996,3.3499999999999996,3609.2464477763665,3287.599628255655,1196.1060733397628,7
3.3499999999999996,3.3499999999999996,3.3499999999999996,3737.799627656443,3404.6964772794186,1238.7086612834123,7
3.3499999999999996,3.3499999999999996,3.3499999999999996,3890.060438281649,3543.38819358428,1289.1679698830367,7
3.3499999999999996,3.3499999999999996,3.3499999999999996,3932.0461667594586,3581.632261240211,1303.0820612460252,7
3.3499999999999996,3.3499999999999996,3.3499999999999996,3874.210372205122,3528.9506448895595,1283.9152500781447,7
3.3499999999999996,3.3499999999999996,3.3499999999999996,3590.356708036583,3270.3932938462603,1189.846004166464,7
3.3499999999999996,3.3499999999999996,3.3499999999999996,3590.9720486379542,3270.9537968658215,1190.049928348734,7
3.3499999999999996,3.3499999999999996,3.3499999999999996,3519.8393865930457,3206.16029587346,1166.4765286610625,7
3.3499999999999996,3.3499999999999996,3.3499999999999996,4129.898672413382,3761.852657228418,1368.6504803225187,7
3.3499999999999996,3.3499999999999996,3.3499999999999996,4357.855834951535,3969.4948600157527,1444.1955977087725,7
3.3499999999999996,3.3499999999999996,3.3499999999999996,3359.1961514207346,3059.833175274739,1113.2392803847833,7
3.3499999999999996,3.3499999999999996,3.3499999999999996,3881.8118202715564,3535.874671330815,1286.4343737594993,7
3.3499999999999996,3.3499999999999996,3.3499999999999996,4210.753501811707,3835.5019108659417,1395.4458111212155,7
3.3499999999999996,3.3499999999999996,3.3499999999999996,3962.409500108948,3609.2896919190957,1313.1444850654182,7
3.3499999999999996,3.3499999999999996,3.3499999999999996,4611.050300473034,4200.1252818418125,1528.1043698938538,7
3.3499999999999996,3.3499999999999996,3.3499999999999996,4307.554429446593,3923.676187217538,1427.525686830546,7
3.3499999999999996,3.3499999999999996,3.3499999999999996,3954.971851056979,3602.5148671427455,1310.6796444591716,7
3.3499999999999996,3.3499999999999996,3.3499999999999996,3635.3708574529846,3311.3958973062654,1204.7637157392921,7
3.3499999999999996,3.3499999999999996,3.3499999999999996,4367.353634001989,3978.146239487707,1447.3431730522655,7
3.3499999999999996,3.3499999999999996,3.3499999999999996,4831.838186961934,4401.237116139373,1601.273585620844,7
3.3499999999999996,3.3499999999999996,3.3499999999999996,3795.182175422843,3456.9652390375422,1257.7252662396593,7
3.3499999999999996,3.3499999999999996,3.3499999999999996,4177.586872291748,3805.2902597062457,1384.4540670152721,8
3.3499999999999996,3.3499999999999996,3.3499999999999996,3619.553772545822,3296.9877434519394,1199.521660319785,8
3.3499999999999996,3.3499999999999996,3.3499999999999996,3754.8497199284498,3420.226437581216,1244.3587948499899,8
3.3499999999999996,3.3499999999999996,3.3499999999999996,4094.5612793483992,3729.6637102671093,1356.939350186962,8
3.3499999999999996,3.3499999999999996,3.3499999999999996,3895.5468483138693,3548.3849723000812,1290.9858830626902,8
3.3499999999999996,3.3499999999999996,3.3499999999999996,3878.5952062147207,3532.9440202533965,1285.3681016582118,8
3.3499999999999996,3.3499999999999996,3.3499999999999996,4155.340435313733,3785.0263723153976,1377.0815883350356,8
3.3499999999999996,3.3499999999999996,3.3499999999999996,4034.173003364803,3674.657093905648,1336.9266498311547,8
3.3499999999999996,3.3499999999999996,3.3499999999999996,4106.874909694741,3740.8799791445667,1361.0200925231152,8
3.3499999999999996,3.3499999999999996,3.3499999999999996,4137.817680550471,3769.065203807779,1371.2745399506643,8
3.3499999999999996,3.3499999999999996,3.3499999999999996,4206.5914306074255,3831.7100007241465,1394.0661899823508,8
3.3499999999999996,3.3499999999999996,3.3499999999999996,3594.288699150316,3273.974233346298,1191.1488042463795,8
3.3499999999999996,3.3499999999999996,3.3499999999999996,3501.809816875714,3189.7368492521127,1160.5012633113747,8
3.3499999999999996,3.3499999999999996,3.3499999999999996,3435.7991957028407,3129.6089377412045,1138.6253153675673,8
3.3499999999999996,3.3499999999999996,3.3499999999999996,3729.089616236368,3396.7620131024196,1235.8218855256666,8
3.3499999999999996,3.3499999999999996,3.3499999999999996,4379.494732686973,3989.204571486577,1451.3664178608158,8
3.3499999999999996,3.3499999999999996,3.3499999999999996,4134.01680672032,3765.603054819287,1370.0149287461038,8
3.3499999999999996,3.3499999999999996,3.3499999999999996,4156.755584948179,3786.315407178011,1377.5505695260276,8
3.3499999999999996,3.3499999999999996,3.3499999999999996,3989.6153610358965,3634.0703227545205,1322.1602282043493,8
3.3499999999999996,3.3499999999999996,3.3499999999999996,4137.776743692168,3769.027915144987,1371.2609734584044,8
3.3499999999999996,3.3499999999999996,3.3499999999999996,4585.869853716442,4177.18803225141,1519.7592207813395,8
3.3499999999999996,3.3499999999999996,3.3499999999999996,4064.801512678893,3702.5560632688607,1347.076950850088,8
3.3499999999999996,3.3499999999999996,3.3499999999999996,4417.050636162378,4023.4135821087852,1463.8124602523735,8
3.3499999999999996,3.3499999999999996,3.3499999999999996,3724.249670527964,3392.3533918517505,1234.217925458534,8
3.3499999999999996,3.3499999999999996,3.3499999999999996,5154.702521828313,4695.32768500778,1708.270609028452,8
3.3499999999999996,3.3499999999999996,3.3499999999999996,4478.6200311735965,4079.496058977464,1484.216583956494,8
3.3499999999999996,3.3499999999999996,3.3499999999999996,4487.218583078934,4087.3283283744163,1487.0661477165543,8
3.3499999999999996,3.3499999999999996,3.3499999999999996,4345.723572200037,3958.4430165534486,1440.174640906022,8
3.3499999999999996,3.3499999999999996,3.3499999999999996,3962.7306492987586,3609.581512626624,1313.250623295381,8
3.3499999999999996,3.3499999999999996,3.3499999999999996,3864.738401627749,3520.32210115575,1280.7759507221035,8
3.3499999999999996,3.3499999999999996,3.3499999999999996,3780.5111447229724,3443.600977191259,1252.863001945675,8
3.3499999999999996,3.3499999999999996,3.3499999999999996,4205.089575430509,3830.341987310922,1393.5684745376907,8
3.3499999999999996,3.3499999999999996,3.3499999999999996,4196.188959777137,3822.2345733692014,1390.6188067230053,8
3.3499999999999996,3.3499999999999996,3.3499999999999996,4112.335915186286,3745.854312806664,1362.8298720666376,8
3.3499999999999996,3.3499999999999996,3.3499999999999996,3517.2406862182042,3203.7925561955726,1165.615059977217,8
3.3499999999999996,3.3499999999999996,3.3499999999999996,4313.507269132624,3929.097753842271,1429.4981443616405,8
3.3499999999999996,3.3499999999999996,3.3499999999999996,3359.873081796865,3060.4491786419853,1113.4633689130278,8
3.3499999999999996,3.3499999999999996,3.3499999999999996,3723.78903644299,3391.933808381575,1234.065271126777,8
3.3499999999999996,3.3499999999999996,3.3499999999999996,3932.165319814443,3581.7400926569253,1303.1212600989168,8
3.3499999999999996,3.3499999999999996,3.3499999999999996,3609.2467092176266,3287.5992211092685,1196.1058951472285,8
3.3499999999999996,3.3499999999999996,3.3499999999999996,3737.7998984096484,3404.6960556314,1238.708476744064,8
3.3499999999999996,3.3499999999999996,3.3499999999999996,3890.060720064098,3543.3877547602574,1289.167777826401,8
3.3499999999999996,3.3499999999999996,3.3499999999999996,3932.0464515832077,3581.6318176799255,1303.0818671165075,8
3.3499999999999996,3.3499999999999996,3.3499999999999996,3874.210652839447,3528.9502078535256,1283.915058804045,8
3.3499999999999996,3.3499999999999996,3.3499999999999996,3590.356968109536,3270.392888830759,1189.8458269065377,8
3.3499999999999996,3.3499999999999996,3.3499999999999996,3590.9723087554803,3270.9533917809067,1190.049751058427,8
3.3499999999999996,3.3499999999999996,3.3499999999999996,3519.839641557969,3206.1598988127703,1166.476354882655,8
3.3499999999999996,3.3499999999999996,3.3499999999999996,4129.898971568879,3761.852191349088,1368.650276424802,8
3.3499999999999996,3.3499999999999996,3.3499999999999996,4357.856150619456,3969.494368421377,1444.195382556556,8
3.3499999999999996,3.3499999999999996,3.3499999999999996,3359.1963947492204,3059.8327963356473,1113.2391145375118,8
3.3499999999999996,3.3499999999999996,3.3499999999999996,3881.812101456504,3535.8742334372896,1286.4341821101082,8
3.3499999999999996,3.3499999999999996,3.3499999999999996,4210.753806824046,3835.501435865662,1395.4456032316045,8
3.3499999999999996,3.3499999999999996,3.3499999999999996,3962.4097871321114,3609.2892449336296,1313.1442894368286,8
3.3499999999999996,3.3499999999999996,3.3499999999999996,4611.050634481482,4200.124761685462,1528.1041422411427,8
3.3499999999999996,3.3499999999999996,3.3499999999999996,4307.554741470854,3923.675701297487,1427.5254741617655,8
3.3499999999999996,3.3499999999999996,3.3499999999999996,3954.9721375413847,3602.5144209962946,1310.6794491977873,8
3.3499999999999996,3.3499999999999996,3.3499999999999996,3635.371120786606,3311.395487212877,1204.7635362569667,8
3.3499999999999996,3.3499999999999996,3.3499999999999996,4367.353950357897,3978.1457468219187,1447.342957431131,8
3.3499999999999996,3.3499999999999996,3.3499999999999996,4831.838536963488,4401.236571076717,1601.273347067588,8
3.3499999999999996,3.3499999999999996,3.3499999999999996,3795.1824503326407,3456.964810916402,1257.7250788672704,8
3.3499999999999996,3.3499999999999996,3.3499999999999996,4177.586905915065,3865.4695538397486,1412.6717817403219,9
3.3499999999999996,3.3499999999999996,3.3499999999999996,3619.553801677808,3349.128416469367,1223.970113196516,9
3.3499999999999996,3.3499999999999996,3.3499999999999996,3754.8497501493657,3474.316086134404,1269.7211108164436,9
3.3499999999999996,3.3499999999999996,3.3499999999999996,4094.5613123034846,3788.646997774996,1384.5962644862698,9
3.3499999999999996,3.3499999999999996,3.3499999999999996,3895.546879667186,3604.5014018949764,1317.298544659954,9
3.3499999999999996,3.3499999999999996,3.3499999999999996,3878.5952374316025,3588.8162567561753,1311.566262560338,9
3.3499999999999996,3.3499999999999996,3.3499999999999996,4155.340468758,3844.885200372371,1405.1490384141334,9
3.3499999999999996,3.3499999999999996,3.3499999999999996,4034.173035833853,3732.7704715986756,1364.1756685686141,9
3.3499999999999996,3.3499999999999996,3.3499999999999996,4106.874942748933,3800.0406479027106,1388.7601798404744,9
3.3499999999999996,3.3499999999999996,3.3499999999999996,4137.817713853705,3828.6716117367787,1399.2236317262195,9
3.3499999999999996,3.3499999999999996,3.3499999999999996,4206.591464464185,3892.3071135408863,1422.479817414256,9
3.3499999999999996,3.3499999999999996,3.3499999999999996,3594.2887280789564,3325.750955994852,1215.4266029499295,9
3.3499999999999996,3.3499999999999996,3.3499999999999996,3501.809845060038,3240.181388028094,1184.1544088843282,9
3.3499999999999996,3.3499999999999996,3.3499999999999996,3435.799223355878,3179.102575265114,1161.8325889732769,9
3.3499999999999996,3.3499999999999996,3.3499999999999996,3729.0896462499536,3450.480580238419,1261.0102036126048,9
3.3499999999999996,3.3499999999999996,3.3499999999999996,4379.494767935346,4052.2924041831393,1480.9479290979536,9
3.3499999999999996,3.3499999999999996,3.3499999999999996,4134.0168399929635,3825.1547101096976,1397.9383473335909,9
3.3499999999999996,3.3499999999999996,3.3499999999999996,4156.755618403835,3846.1946208568042,1405.6275783025023,9
3.3499999999999996,3.3499999999999996,3.3499999999999996,3989.6153931463245,3691.5418352881684,1349.108280168767,9
3.3499999999999996,3.3499999999999996,3.3499999999999996,4137.776776995072,3828.6337333672222,1399.209788723949,9
3.3499999999999996,3.3499999999999996,3.3499999999999996,4585.869890625825,4243.248755635808,1550.7347028608744,9
3.3499999999999996,3.3499999999999996,3.3499999999999996,4064.8015453944563,3761.110653108333,1374.5328513508,9
3.3499999999999996,3.3499999999999996,3.3499999999999996,4417.05067171302,4087.0424179803344,1493.6476446752297,9
3.3499999999999996,3.3499999999999996,3.3499999999999996,3724.2497005025953,3446.0022382314205,1259.3735518956132,9
3.3499999999999996,3.3499999999999996,3.3499999999999996,5154.702563315947,4769.582600276996,1743.088299168705,9
3.3499999999999996,3.3499999999999996,3.3499999999999996,4478.620067219779,4144.011819010083,1514.4676418674026,9
3.3499999999999996,3.3499999999999996,3.3499999999999996,4487.218619194322,4151.967952925008,1517.3752849665957,9
3.3499999999999996,3.3499999999999996,3.3499999999999996,4345.723607176602,4021.0443663443766,1469.528043188951,9
3.3499999999999996,3.3499999999999996,3.3499999999999996,3962.730681192805,3666.665743453206,1340.0170811602718,9
3.3499999999999996,3.3499999999999996,3.3499999999999996,3864.7384327331047,3575.9947265565975,1306.880515160341,9
3.3499999999999996,3.3499999999999996,3.3499999999999996,3780.5111751504246,3498.0602856648284,1278.398649260207,9
3.3499999999999996,3.3499999999999996,3.3499999999999996,4205.089609275182,3890.917465488527,1421.9719576153948,9
3.3499999999999996,3.3499999999999996,3.3499999999999996,4196.188993550173,3882.681835717012,1418.962170157226,9
3.3499999999999996,3.3499999999999996,3.3499999999999996,4112.33594828443,3805.0936488590582,1390.606846012518,9
3.3499999999999996,3.3499999999999996,3.3499999999999996,3517.2407145267234,3254.459380911567,1189.3724341113893,9
3.3499999999999996,3.3499999999999996,3.3499999999999996,4313.507303849897,3991.235018878661,1458.6339400508004,9
3.3499999999999996,3.3499999999999996,3.3499999999999996,3359.873108838811,3108.8490794990485,1136.157795871169,9
3.3499999999999996,3.3499999999999996,3.3499999999999996,3723.789066413914,3445.5760191998693,1259.2177861884138,9
3.3499999999999996,3.3499999999999996,3.3499999999999996,3932.1653514624845,3638.3840214599804,1329.681262951805,9
3.3499999999999996,3.3499999999999996,3.3499999999999996,3609.2467382666564,3339.5914180292166,1220.4847284609102,9
3.3499999999999996,3.3499999999999996,3.3499999999999996,3737.799928493339,3458.5400967907817,1263.9556288576914,9
3.3499999999999996,3.3499999999999996,3.3499999999999996,3890.06075137326,3599.425155160621,1315.4433831022466,9
3.3499999999999996,3.3499999999999996,3.3499999999999996,3932.046483230292,3638.274034153238,1329.6410670681173,9
3.3499999999999996,3.3499999999999996,3.3499999999999996,3874.21068402104,3584.7592836524623,1310.0836040260856,9
3.3499999999999996,3.3499999999999996,3.3499999999999996,3590.3569970065314,3322.112973806421,1214.0970685405935,9
3.3499999999999996,3.3499999999999996,3.3499999999999996,3590.9723376574284,3322.6823409087337,1214.3051490409534,9
3.3499999999999996,3.3499999999999996,3.3499999999999996,3519.839669887406,3256.864162199129,1190.2512837877039,9
3.3499999999999996,3.3499999999999996,3.3499999999999996,4129.899004808379,3821.344528085429,1396.545880893483,9
3.3499999999999996,3.3499999999999996,3.3499999999999996,4357.85618569367,4032.270491359487,1473.6307349334463,9
3.3499999999999996,3.3499999999999996,3.3499999999999996,3359.19642178572,3108.2229493286627,1135.9289707799144,9
3.3499999999999996,3.3499999999999996,3.3499999999999996,3881.812132699277,3591.7928102056026,1312.6540716883835,9
3.3499999999999996,3.3499999999999996,3.3499999999999996,4210.7538407143065,3896.158508862835,1423.887345637118,9
3.3499999999999996,3.3499999999999996,3.3499999999999996,3962.409819023575,3666.3688536519708,1339.9085800225325,9
3.3499999999999996,3.3499999999999996,3.3499999999999996,4611.050671593533,4266.548221180084,1559.2497091351654,9
3.3499999999999996,3.3499999999999996,3.3499999999999996,4307.554776140218,3985.7272185268425,1456.621063211881,9
3.3499999999999996,3.3499999999999996,3.3499999999999996,3954.9721693729866,3659.4868883155295,1337.393501815786,9
3.3499999999999996,3.3499999999999996,3.3499999999999996,3635.3711500458985,3363.7640135057227,1229.3188281855255,9
3.3499999999999996,3.3499999999999996,3.3499999999999996,4367.353985508555,4041.058688191711,1476.8424631605976,9
3.3499999999999996,3.3499999999999996,3.3499999999999996,4831.838575852551,4470.840541361602,1633.9102366408122,9
3.3499999999999996,3.3499999999999996,3.3499999999999996,3795.182480878175,3511.635463604369,1283.3598242326611,9
3.3499999999999996,3.3499999999999996,3.3499999999999996,4177.586905915065,3811.45034707971,1387.3288088438987,10
3.3499999999999996,3.3499999999999996,3.3499999999999996,3619.553801677808,3302.324979558199,1202.012400296951,10
3.3499999999999996,3.3499999999999996,3.3499999999999996,3754.8497501493657,3425.763175189809,1246.9426366419295,10
3.3499999999999996,3.3499999999999996,3.3499999999999996,4094.5613123034846,3735.7013717228374,1359.7569592372226,10
3.3499999999999996,3.3499999999999996,3.3499999999999996,3895.546879667186,3554.1291757569134,1293.6665434086178,10
3.3499999999999996,3.3499999999999996,3.3499999999999996,3878.5952374316025,3538.6632275582283,1288.0370969936696,10
3.3499999999999996,3.3499999999999996,3.3499999999999996,4155.340468758,3791.1536560632944,1379.9410216219428,10
3.3499999999999996,3.3499999999999996,3.3499999999999996,4034.173035833853,3680.6057094437756,1339.7027036227848,10
3.3499999999999996,3.3499999999999996,3.3499999999999996,4106.874942748933,3746.9357977424756,1363.846175007753,10
3.3499999999999996,3.3499999999999996,3.3499999999999996,4137.817713853705,3775.1666492658537,1374.12191522475,10
3.3499999999999996,3.3499999999999996,3.3499999999999996,4206.591464464185,3837.9128569541094,1396.9608908494272,10
3.3499999999999996,3.3499999999999996,3.3499999999999996,3594.2887280789564,3279.274214677404,1193.6221584538382,10
3.3499999999999996,3.3499999999999996,3.3499999999999996,3501.809845060038,3194.9004652573917,1162.9109796055434,10
3.3499999999999996,3.3499999999999996,3.3499999999999996,3435.799223355878,3134.6752173639165,1140.9896074731744,10
3.3499999999999996,3.3499999999999996,3.3499999999999996,3729.0896462499536,3402.2607659857767,1238.3880009004527,10
3.3499999999999996,3.3499999999999996,3.3499999999999996,4379.494767935346,3995.6623833836584,1454.3800994624623,10
3.3499999999999996,3.3499999999999996,3.3499999999999996,4134.0168399929635,3771.6988956746063,1372.8596885076174,10
3.3499999999999996,3.3499999999999996,3.3499999999999996,4156.755618403835,3792.444777643829,1380.410976626281,10
3.3499999999999996,3.3499999999999996,3.3499999999999996,3989.6153931463245,3639.953235536896,1324.905620343187,10
3.3499999999999996,3.3499999999999996,3.3499999999999996,4137.776776995072,3775.129300239355,1374.1083205624236,10
3.3499999999999996,3.3499999999999996,3.3499999999999996,4585.869890625825,4183.950155899775,1522.9149162323558,10
3.3499999999999996,3.3499999999999996,3.3499999999999996,4064.8015453944563,3708.5498422707933,1349.8740811769435,10
3.3499999999999996,3.3499999999999996,3.3499999999999996,4417.05067171302,4029.926772302924,1466.8519853684538,10
3.3499999999999996,3.3499999999999996,3.3499999999999996,3724.2497005025953,3397.8450079622885,1236.7807102994973,10
3.3499999999999996,3.3499999999999996,3.3499999999999996,5154.702563315947,4702.928584495779,1711.8177378869589,10
3.3499999999999996,3.3499999999999996,3.3499999999999996,4478.620067219779,4086.100036715798,1487.2984771000056,10
3.3499999999999996,3.3499999999999996,3.3499999999999996,4487.218619194322,4093.944985162317,1490.1539578206423,10
3.3499999999999996,3.3499999999999996,3.3499999999999996,4345.723607176602,3964.85103097039,1443.1650834056168,10
3.3499999999999996,3.3499999999999996,3.3499999999999996,3962.730681192805,3615.4247823857977,1315.9775151354231,10
3.3499999999999996,3.3499999999999996,3.3499999999999996,3864.7384327331047,3526.0208758209783,1283.4354107116847,10
3.3499999999999996,3.3499999999999996,3.3499999999999996,3780.5111751504246,3449.175554017491,1255.4645022504103,10
3.3499999999999996,3.3499999999999996,3.3499999999999996,4205.089609275182,3836.542628970751,1396.462141926343,10
3.3499999999999996,3.3499999999999996,3.3499999999999996,4196.188993550173,3828.422090569439,1393.5063492905822,10
3.3499999999999996,3.3499999999999996,3.3499999999999996,4112.33594828443,3751.91818396506,1365.659712457787,10
3.3499999999999996,3.3499999999999996,3.3499999999999996,3517.2407145267234,3208.9789258876817,1168.035394785592,10
3.3499999999999996,3.3499999999999996,3.3499999999999996,4313.507303849897,3935.458263504001,1432.4664177102823,10
3.3499999999999996,3.3499999999999996,3.3499999999999996,3359.873108838811,3065.4035009290674,1115.7754136370233,10
3.3499999999999996,3.3499999999999996,3.3499999999999996,3723.789066413914,3397.424745261183,1236.627738989515,10
3.3499999999999996,3.3499999999999996,3.3499999999999996,3932.1653514624845,3587.5382921145156,1305.8271188799563,10
3.3499999999999996,3.3499999999999996,3.3499999999999996,3609.2467382666564,3292.921258869544,1198.5895424780927,10
3.3499999999999996,3.3499999999999996,3.3499999999999996,3737.799928493339,3410.207652316904,1241.2805859648831,10
3.3499999999999996,3.3499999999999996,3.3499999999999996,3890.06075137326,3549.123868611679,1291.8446629779796,10
3.3499999999999996,3.3499999999999996,3.3499999999999996,3932.046483230292,3587.429841859607,1305.7876441002113,10
3.3499999999999996,3.3499999999999996,3.3499999999999996,3874.21068402104,3534.662949887207,1286.581036976874,10
3.3499999999999996,3.3499999999999996,3.3499999999999996,3590.3569970065314,3275.687072602777,1192.3164755540574,10
3.3499999999999996,3.3499999999999996,3.3499999999999996,3590.9723376574284,3276.2484829073983,1192.520823143101,10
3.3499999999999996,3.3499999999999996,3.3499999999999996,3519.839669887406,3211.3501008110557,1168.898478121972,10
3.3499999999999996,3.3499999999999996,3.3499999999999996,4129.899004808379,3767.9419602243156,1371.4922025617102,10
3.3499999999999996,3.3499999999999996,3.3499999999999996,4357.85618569367,3975.920273009228,1447.1941739024433,10
3.3499999999999996,3.3499999999999996,3.3499999999999996,3359.19642178572,3064.786120809526,1115.5506936097765,10
3.3499999999999996,3.3499999999999996,3.3499999999999996,3881.812132699277,3541.5981842355222,1289.1053911022989,10
3.3499999999999996,3.3499999999999996,3.3499999999999996,4210.7538407143065,3841.710429754029,1398.343168373532,10
3.3499999999999996,3.3499999999999996,3.3499999999999996,3962.409819023575,3615.132041563449,1315.870960480531,10
3.3499999999999996,3.3499999999999996,3.3499999999999996,4611.050671593533,4206.924015814746,1531.2771654571952,10
3.3499999999999996,3.3499999999999996,3.3499999999999996,4307.554776140218,3930.027433621579,1430.4896513705123,10
3.3499999999999996,3.3499999999999996,3.3499999999999996,3954.9721693729866,3608.34625039246,1313.4010021378956,10
3.3499999999999996,3.3499999999999996,3.3499999999999996,3635.3711500458985,3316.7560468908923,1207.2651606978181,10
3.3499999999999996,3.3499999999999996,3.3499999999999996,4367.353985508555,3984.5856564509645,1450.3482845410906,10
3.3499999999999996,3.3499999999999996,3.3499999999999996,4831.838575852551,4408.361389416123,1604.598302065773,10
3.3499999999999996,3.3499999999999996,3.3499999999999996,3795.182480878175,3462.5610214099156,1260.33667500417,10
3.3499999999999996,3.3499999999999996,3.3499999999999996,4177.586905915065,3805.907676920851,1384.7420602959944,11
3.3499999999999996,3.3499999999999996,3.3499999999999996,3619.553801677808,3297.522687398451,1199.7711840753818,11
3.3499999999999996,3.3499999999999996,3.3499999999999996,3754.8497501493657,3420.7813772931136,1244.6176455986442,11
3.3499999999999996,3.3499999999999996,3.3499999999999996,4094.5613123034846,3730.2688568977865,1357.2216198732679,11
3.3499999999999996,3.3499999999999996,3.3499999999999996,3895.546879667186,3548.9607060329695,1291.254433149462,11
3.3499999999999996,3.3499999999999996,3.3499999999999996,3878.5952374316025,3533.5172486558226,1285.635483137563,11
3.3499999999999996,3.3499999999999996,3.3499999999999996,4155.340468758,3785.64050166704,1377.3680479972911,11
3.3499999999999996,3.3499999999999996,3.3499999999999996,4034.173035833853,3675.253315584602,1337.2047564878812,11
3.3499999999999996,3.3499999999999996,3.3499999999999996,4106.874942748933,3741.486945641014,1361.3032110829236,11
3.3499999999999996,3.3499999999999996,3.3499999999999996,4137.817713853705,3769.6767434226253,1371.5597916342988,11
3.3499999999999996,3.3499999999999996,3.3499999999999996,4206.591464464185,3832.331704603316,1394.3561827709614,11
3.3499999999999996,3.3499999999999996,3.3499999999999996,3594.2887280789564,3274.5054432971515,1191.3965862856219,11
3.3499999999999996,3.3499999999999996,3.3499999999999996,3501.809845060038,3190.2543914910434,1160.7426700680642,11
3.3499999999999996,3.3499999999999996,3.3499999999999996,3435.799223355878,3130.116724086337,1138.8621715030638,11
3.3499999999999996,3.3499999999999996,3.3499999999999996,3729.0896462499536,3397.313145656751,1236.0789604317106,11
3.3499999999999996,3.3499999999999996,3.3499999999999996,4379.494767935346,3989.851829226964,1451.6683302074716,11
3.3499999999999996,3.3499999999999996,3.3499999999999996,4134.0168399929635,3766.214032692389,1370.2999184061928,11
3.3499999999999996,3.3499999999999996,3.3499999999999996,4156.755618403835,3786.9297456785634,1377.8371267454618,11
3.3499999999999996,3.3499999999999996,3.3499999999999996,3989.6153931463245,3634.6599591352488,1322.435263159161,11
3.3499999999999996,3.3499999999999996,3.3499999999999996,4137.776776995072,3769.639448709662,1371.5462223199454,11
3.3499999999999996,3.3499999999999996,3.3499999999999996,4585.869890625825,4177.8657907464885,1520.0753601566562,11
3.3499999999999996,3.3499999999999996,3.3499999999999996,4064.8015453944563,3703.156811620625,1347.3571689661692,11
3.3499999999999996,3.3499999999999996,3.3499999999999996,4417.05067171302,4024.066390340886,1464.1169616170876,11
3.3499999999999996,3.3499999999999996,3.3499999999999996,3724.2497005025953,3392.9038090970084,1234.4746667097952,11
3.3499999999999996,3.3499999999999996,3.3499999999999996,5154.702563315947,4696.089512869281,1708.6259624264276,11
3.3499999999999996,3.3499999999999996,3.3499999999999996,4478.620067219779,4080.1579667221617,1484.5253297744302,11
3.3499999999999996,3.3499999999999996,3.3499999999999996,4487.218619194322,4087.9915069230806,1487.3754862989854,11
3.3499999999999996,3.3499999999999996,3.3499999999999996,4345.723607176602,3959.085283159845,1440.474225146141,11
3.3499999999999996,3.3499999999999996,3.3499999999999996,3962.730681192805,3610.1671756408277,1313.523804879677,11
3.3499999999999996,3.3499999999999996,3.3499999999999996,3864.7384327331047,3520.893281622381,1281.0423769450501,11
3.3499999999999996,3.3499999999999996,3.3499999999999996,3780.5111751504246,3444.159709476694,1253.1236217342412,11
3.3499999999999996,3.3499999999999996,3.3499999999999996,4205.089609275182,3830.963469226725,1393.8583637918414,11
3.3499999999999996,3.3499999999999996,3.3499999999999996,4196.188993550173,3822.854739838196,1390.9080823890774,11
3.3499999999999996,3.3499999999999996,3.3499999999999996,4112.33594828443,3746.462086400342,1363.1133670956697,11
3.3499999999999996,3.3499999999999996,3.3499999999999996,3517.2407145267234,3204.312379005719,1165.8575305027327,11
3.3499999999999996,3.3499999999999996,3.3499999999999996,4313.507303849897,3929.735259111389,1429.7955076835367,11
3.3499999999999996,3.3499999999999996,3.3499999999999996,3359.873108838811,3060.9457436549947,1113.6949908759493,11
3.3499999999999996,3.3499999999999996,3.3499999999999996,3723.789066413914,3392.484157548436,1234.321980622978,11
3.3499999999999996,3.3499999999999996,3.3499999999999996,3932.1653514624845,3582.3212383358405,1303.3923345793319,11
3.3499999999999996,3.3499999999999996,3.3499999999999996,3609.2467382666564,3288.1326417461464,1196.3547083574615,11
3.3499999999999996,3.3499999999999996,3.3499999999999996,3737.799928493339,3405.248475502626,1238.9661521170326,11
3.3499999999999996,3.3499999999999996,3.3499999999999996,3890.06075137326,3543.9626776829505,1289.4359497120442,11
3.3499999999999996,3.3499999999999996,3.3499999999999996,3932.046483230292,3582.212945790973,1303.3529334024186,11
3.3499999999999996,3.3499999999999996,3.3499999999999996,3874.21068402104,3529.5227882505815,1284.1821380223182,11
3.3499999999999996,3.3499999999999996,3.3499999999999996,3590.3569970065314,3270.923517700118,1190.0933379012379,11
3.3499999999999996,3.3499999999999996,3.3499999999999996,3590.9723376574284,3271.484111593174,1190.297304473304,11
3.3499999999999996,3.3499999999999996,3.3499999999999996,3519.839669887406,3206.6801057297735,1166.7190045742057,11
3.3499999999999996,3.3499999999999996,3.3499999999999996,4129.899004808379,3762.462560635851,1368.9349822107577,11
3.3499999999999996,3.3499999999999996,3.3499999999999996,4357.85618569367,3970.138428135376,1444.495803188872,11
3.3499999999999996,3.3499999999999996,3.3499999999999996,3359.19642178572,3060.3292613391914,1113.4706898511765,11
3.3499999999999996,3.3499999999999996,3.3499999999999996,3881.812132699277,3536.4479372736364,1286.7017853548564,11
3.3499999999999996,3.3499999999999996,3.3499999999999996,4210.7538407143065,3836.12375491402,1395.7358829649081,11
3.3499999999999996,3.3499999999999996,3.3499999999999996,3962.409819023575,3609.8748605267174,1313.417448901622,11
3.3499999999999996,3.3499999999999996,3.3499999999999996,4611.050671593533,4200.8062417183555,1528.4220175218716,11
3.3499999999999996,3.3499999999999996,3.3499999999999996,4307.554776140218,3924.3123268259424,1427.8224271300244,11
3.3499999999999996,3.3499999999999996,3.3499999999999996,3954.9721693729866,3603.0989373584066,1310.9520959280346,11
3.3499999999999996,3.3499999999999996,3.3499999999999996,3635.3711500458985,3311.932768849399,1205.0141504243607,11
3.3499999999999996,3.3499999999999996,3.3499999999999996,4367.353985508555,3978.7912102422288,1447.6440328200306,11
3.3499999999999996,3.3499999999999996,3.3499999999999996,4831.838575852551,4401.950681969467,1601.6064429611552,11
3.3499999999999996,3.3499999999999996,3.3499999999999996,3795.182480878175,3457.5257115150084,1257.9867100620775,11
3.3499999999999996,3.3499999999999996,3.3499999999999996,4177.586905915065,3805.3519688922865,1384.482851125399,12
3.3499999999999996,3.3499999999999996,3.3499999999999996,3619.553801677808,3297.041209657182,1199.54659951018,12
3.3499999999999996,3.3499999999999996,3.3499999999999996,3754.8497501493657,3420.2819023093007,1244.3846662468402,12
3.3499999999999996,3.3499999999999996,3.3499999999999996,4094.5613123034846,3729.724193041368,1356.9675622400896,12
3.3499999999999996,3.3499999999999996,3.3499999999999996,3895.546879667186,3548.4425153345023,1291.0127238808263,12
3.3499999999999996,3.3499999999999996,3.3499999999999996,3878.5952374316025,3533.001312886793,1285.394825677356,12
3.3499999999999996,3.3499999999999996,3.3499999999999996,4155.340468758,3785.0877528884002,1377.1102191643538,12
3.3499999999999996,3.3499999999999996,3.3499999999999996,4034.173035833853,3674.7166846550435,1336.9544458013045,12
3.3499999999999996,3.3499999999999996,3.3499999999999996,4106.874942748933,3740.9406438095025,1361.0483894187369,12
3.3499999999999996,3.3499999999999996,3.3499999999999996,4137.817713853705,3769.12632554357,1371.303050045952,12
3.3499999999999996,3.3499999999999996,3.3499999999999996,4206.591464464185,3831.772138350753,1394.0951739376105,12
3.3499999999999996,3.3499999999999996,3.3499999999999996,3594.2887280789564,3274.027326348742,1191.1735693571734,12
3.3499999999999996,3.3499999999999996,3.3499999999999996,3501.809845060038,3189.7885762035976,1160.525391230792,12
3.3499999999999996,3.3499999999999996,3.3499999999999996,3435.799223355878,3129.659689617406,1138.648988465326,12
3.3499999999999996,3.3499999999999996,3.3499999999999996,3729.0896462499536,3396.817097315369,1235.8475794320937,12
3.3499999999999996,3.3499999999999996,3.3499999999999996,4379.494767935346,3989.2692631527198,1451.3965931420341,12
3.3499999999999996,3.3499999999999996,3.3499999999999996,4134.0168399929635,3765.664120410506,1370.0434126528826,12
3.3499999999999996,3.3499999999999996,3.3499999999999996,4156.755618403835,3786.376808654883,1377.5792101059092,12
3.3499999999999996,3.3499999999999996,3.3499999999999996,3989.6153931463245,3634.129255321113,1322.1877171666201,12
3.3499999999999996,3.3499999999999996,3.3499999999999996,4137.776776995072,3769.089036276079,1371.2894832716318,12
3.3499999999999996,3.3499999999999996,3.3499999999999996,4585.869890625825,4177.255772385753,1519.7908180136494,12
3.3499999999999996,3.3499999999999996,3.3499999999999996,4064.8015453944563,3702.616106447,1347.1049578546008,12
3.3499999999999996,3.3499999999999996,3.3499999999999996,4417.05067171302,4023.4788285316104,1463.8428942985909,12
3.3499999999999996,3.3499999999999996,3.3499999999999996,3724.2497005025953,3392.408404571487,1234.2435860171133,12
3.3499999999999996,3.3499999999999996,3.3499999999999996,5154.702563315947,4695.403827648646,1708.3061255909067,12
3.3499999999999996,3.3499999999999996,3.3499999999999996,4478.620067219779,4079.5622148720395,1484.2474422237508,12
3.3499999999999996,3.3499999999999996,3.3499999999999996,4487.218619194322,4087.3946112824224,1487.0970652289384,12
3.3499999999999996,3.3499999999999996,3.3499999999999996,4345.723607176602,3958.5072093692042,1440.2045834996068,12
3.3499999999999996,3.3499999999999996,3.3499999999999996,3962.730681192805,3609.640048065944,1313.2779270185347,12
3.3499999999999996,3.3499999999999996,3.3499999999999996,3864.7384327331047,3520.3791891034857,1280.8025792660842,12
3.3499999999999996,3.3499999999999996,3.3499999999999996,3780.5111751504246,3443.656820976844,1252.889050153038,12
3.3499999999999996,3.3499999999999996,3.3499999999999996,4205.089609275182,3830.4041027528897,1393.5974481449744,12
3.3499999999999996,3.3499999999999996,3.3499999999999996,4196.188993550173,3822.2965573358056,1390.6477190039045,12
3.3499999999999996,3.3499999999999996,3.3499999999999996,4112.33594828443,3745.9150581387926,1362.8582065892886,12
3.3499999999999996,3.3499999999999996,3.3499999999999996,3517.2407145267234,3203.844511084002,1165.6392942173059,12
3.3499999999999996,3.3499999999999996,3.3499999999999996,4313.507303849897,3929.161470775203,1429.5278649807597,12
3.3499999999999996,3.3499999999999996,3.3499999999999996,3359.873108838811,3060.498808976294,1113.486518870109,12
3.3499999999999996,3.3499999999999996,3.3499999999999996,3723.789066413914,3391.988814297059,1234.0909285115283,12
3.3499999999999996,3.3499999999999996,3.3499999999999996,3932.1653514624845,3581.798176600761,1303.1483532230247,12
3.3499999999999996,3.3499999999999996,3.3499999999999996,3609.2467382666564,3287.652535063821,1196.1307633206336,12
3.3499999999999996,3.3499999999999996,3.3499999999999996,3737.799928493339,3404.751268508203,1238.7342306654539,12
3.3499999999999996,3.3499999999999996,3.3499999999999996,3890.06075137326,3543.4452167563854,1289.1945808444095,12
3.3499999999999996,3.3499999999999996,3.3499999999999996,3932.046483230292,3581.6898998679017,1303.1089594215985,12
3.3499999999999996,3.3499999999999996,3.3499999999999996,3874.21068402104,3529.007435720532,1283.9417526130535,12
3.3499999999999996,3.3499999999999996,3.3499999999999996,3590.3569970065314,3270.445923755675,1189.8705649271997,12
3.3499999999999996,3.3499999999999996,3.3499999999999996,3590.9723376574284,3271.0064357953206,1190.0744933188655,12
3.3499999999999996,3.3499999999999996,3.3499999999999996,3519.839669887406,3206.211892091644,1166.5006070298798,12
3.3499999999999996,3.3499999999999996,3.3499999999999996,4129.899004808379,3761.9131961137423,1368.6787319591676,12
3.3499999999999996,3.3499999999999996,3.3499999999999996,4357.85618569367,3969.558740453405,1444.2254087451643,12
3.3499999999999996,3.3499999999999996,3.3499999999999996,3359.19642178572,3059.88241667428,1113.2622598321332,12
3.3499999999999996,3.3499999999999996,3.3499999999999996,3881.812132699277,3535.9315735890254,1286.4609282940737,12
3.3499999999999996,3.3499999999999996,3.3499999999999996,4210.7538407143065,3835.563634976771,1395.4746158661708,12
3.3499999999999996,3.3499999999999996,3.3499999999999996,3962.409819023575,3609.3477756333373,1313.1715909492011,12
3.3499999999999996,3.3499999999999996,3.3499999999999996,4611.050671593533,4200.192873777475,1528.135912972266,12
3.3499999999999996,3.3499999999999996,3.3499999999999996,4307.554776140218,3923.7393303027116,1427.5551537672043,12
3.3499999999999996,3.3499999999999996,3.3499999999999996,3954.9721693729866,3602.5728418308295,1310.7066994637985,12
3.3499999999999996,3.3499999999999996,3.3499999999999996,3635.3711500458985,3311.4491870639345,1204.7885844309224,12
3.3499999999999996,3.3499999999999996,3.3499999999999996,4367.353985508555,3978.2102591506073,1447.3730490607998,12
3.3499999999999996,3.3499999999999996,3.3499999999999996,4831.838575852551,4401.307944535202,1601.3066390557183,12
3.3499999999999996,3.3499999999999996,3.3499999999999996,3795.182480878175,3457.0208714190417,1257.7512281618133,12
3.3499999999999996,3.3499999999999996,3.3499999999999996,4177.586905915065,3805.2963836449258,1384.4569248551709,13
3.3499999999999996,3.3499999999999996,3.3499999999999996,3619.553801677808,3296.9930493680185,1199.5241364155556,13
3.3499999999999996,3.3499999999999996,3.3499999999999996,3754.8497501493657,3420.23194182808,1244.3613635001868,13
3.3499999999999996,3.3499999999999996,3.3499999999999996,4094.5613123034846,3729.6697124982943,1356.9421512299923,13
3.3499999999999996,3.3499999999999996,3.3499999999999996,3895.546879667186,3548.3906827953388,1290.9885479621996,13
3.3499999999999996,3.3499999999999996,3.3499999999999996,3878.5952374316025,3532.9497058991847,1285.370754961295,13
3.3499999999999996,3.3499999999999996,3.3499999999999996,4155.340468758,3785.0324636429514,1377.084430956398,13
3.3499999999999996,3.3499999999999996,3.3499999999999996,4034.173035833853,3674.6630076134547,1336.9294095632486,13
3.3499999999999996,3.3499999999999996,3.3499999999999996,4106.874942748933,3740.8859994263435,1361.02290198976,13
3.3499999999999996,3.3499999999999996,3.3499999999999996,4137.817713853705,3769.0712694486674,1371.277370584908,13
3.3499999999999996,3.3499999999999996,3.3499999999999996,4206.591464464185,3831.7161671807066,1394.069067663939,13
3.3499999999999996,3.3499999999999996,3.3499999999999996,3594.2887280789564,3273.979502226219,1191.1512630585994,13
3.3499999999999996,3.3499999999999996,3.3499999999999996,3501.809845060038,3189.74198256693,1160.5036588598377,13
3.3499999999999996,3.3499999999999996,3.3499999999999996,3435.799223355878,3129.6139742908285,1138.6276657589115,13
3.3499999999999996,3.3499999999999996,3.3499999999999996,3729.0896462499536,3396.7674795874595,1235.8244365536682,13
3.3499999999999996,3.3499999999999996,3.3499999999999996,4379.494767935346,3989.21099140267,1451.3694138235962,13
3.3499999999999996,3.3499999999999996,3.3499999999999996,4134.0168399929635,3765.609114888461,1370.0177567802134,13
3.3499999999999996,3.3499999999999996,3.3499999999999996,4156.755618403835,3786.3215005800375,1377.5534131154775,13
3.3499999999999996,3.3499999999999996,3.3499999999999996,3989.6153931463245,3634.0761711451282,1322.1629574550648,13
3.3499999999999996,3.3499999999999996,3.3499999999999996,4137.776776995072,3769.0339807258665,1371.2638040646436,13
3.3499999999999996,3.3499999999999996,3.3499999999999996,4585.869890625825,4177.194754693488,1519.7623579230046,13
3.3499999999999996,3.3499999999999996,3.3499999999999996,4064.8015453944563,3702.5620218751014,1347.0797315347984,13
3.3499999999999996,3.3499999999999996,3.3499999999999996,4417.05067171302,4023.4200570782045,1463.8154819067227,13
3.3499999999999996,3.3499999999999996,3.3499999999999996,3724.2497005025953,3392.358851241899,1234.2204731755837,13
3.3499999999999996,3.3499999999999996,3.3499999999999996,5154.702563315947,4695.3352413035855,1708.2741353021067,13
3.3499999999999996,3.3499999999999996,3.3499999999999996,4478.620067219779,4079.5026242016656,1484.2196477297696,13
3.3499999999999996,3.3499999999999996,3.3499999999999996,4487.218619194322,4087.3349062032644,1487.0692173720013,13
3.3499999999999996,3.3499999999999996,3.3499999999999996,4345.723607176602,3958.449386964285,1440.1776137663337,13
3.3499999999999996,3.3499999999999996,3.3499999999999996,3962.730681192805,3609.5873216068426,1313.2533341545686,13
3.3499999999999996,3.3499999999999996,3.3499999999999996,3864.7384327331047,3520.327766488803,1280.7785945459034,13
3.3499999999999996,3.3499999999999996,3.3499999999999996,3780.5111751504246,3443.6065190552918,1252.8655881505617,13
3.3499999999999996,3.3499999999999996,3.3499999999999996,4205.089609275182,3830.3481515659073,1393.5713511918768,13
3.3499999999999996,3.3499999999999996,3.3499999999999996,4196.188993550173,3822.2407245767454,1390.621677288381,13
3.3499999999999996,3.3499999999999996,3.3499999999999996,4112.33594828443,3745.8603410937462,1362.8326852690943,13
3.3499999999999996,3.3499999999999996,3.3499999999999996,3517.2407145267234,3203.7977121305516,1165.617466081763,13
3.3499999999999996,3.3499999999999996,3.3499999999999996,4313.507303849897,3929.10407702712,1429.5010951831437,13
3.3499999999999996,3.3499999999999996,3.3499999999999996,3359.873108838811,3060.454103891263,1113.4656673641766,13
3.3499999999999996,3.3499999999999996,3.3499999999999996,3723.789066413914,3391.939267096478,1234.067818528712,13
3.3499999999999996,3.3499999999999996,3.3499999999999996,3932.1653514624845,3581.745856831324,1303.1239500487088,13
3.3499999999999996,3.3499999999999996,3.3499999999999996,3609.2467382666564,3287.6045119161886,1196.1083641920536,13
3.3499999999999996,3.3499999999999996,3.3499999999999996,3737.799928493339,3404.701534884873,1238.7110337306708,13
3.3499999999999996,3.3499999999999996,3.3499999999999996,3890.06075137326,3543.393457213381,1289.170438972913,13
3.3499999999999996,3.3499999999999996,3.3499999999999996,3932.046483230292,3581.6375816800755,1303.0845569849828,13
3.3499999999999996,3.3499999999999996,3.3499999999999996,3874.21068402104,3528.9558870719834,1283.9177091077047,13
3.3499999999999996,3.3499999999999996,3.3499999999999996,3590.3569970065314,3270.3981519471436,1189.8482830291043,13
3.3499999999999996,3.3499999999999996,3.3499999999999996,3590.9723376574284,3270.9586557993202,1190.0522076019413,13
3.3499999999999996,3.3499999999999996,3.3499999999999996,3519.839669887406,3206.165058557566,1166.478762765117,13
3.3499999999999996,3.3499999999999996,3.3499999999999996,4129.899004808379,3761.858245381914,1368.653101641947,13
3.3499999999999996,3.3499999999999996,3.3499999999999996,4357.85618569367,3969.5007566174013,1444.1983637166268,13
3.3499999999999996,3.3499999999999996,3.3499999999999996,3359.19642178572,3059.837720592968,1113.241412525747,13
3.3499999999999996,3.3499999999999996,3.3499999999999996,3881.812132699277,3535.879923798736,1286.4368376138334,13
3.3499999999999996,3.3499999999999996,3.3499999999999996,4210.7538407143065,3835.5076084238635,1395.4484837606274,13
3.3499999999999996,3.3499999999999996,3.3499999999999996,3962.409819023575,3609.2950534434954,1313.1470000765187,13
3.3499999999999996,3.3499999999999996,3.3499999999999996,4611.050671593533,4200.131521040133,1528.1072966086947,13
3.3499999999999996,3.3499999999999996,3.3499999999999996,4307.554776140218,3923.6820157565053,1427.5284209112122,13
3.3499999999999996,3.3499999999999996,3.3499999999999996,3954.9721693729866,3602.520218603284,1310.682154749465,13
3.3499999999999996,3.3499999999999996,3.3499999999999996,3635.3711500458985,3311.40081631566,1204.766023173206,13
3.3499999999999996,3.3499999999999996,3.3499999999999996,4367.353985508555,3978.1521489408,1447.3459450885396,13
3.3499999999999996,3.3499999999999996,3.3499999999999996,4831.838575852551,4401.243654085119,1601.2766524736455,13
3.3499999999999996,3.3499999999999996,3.3499999999999996,3795.182480878175,3456.97037428715,1257.7276751086315,13
3.3499999999999996,3.3499999999999996,3.3499999999999996,4177.586905915065,3805.290824975711,1384.4543321746057,14
3.3499999999999996,3.3499999999999996,3.3499999999999996,3619.553801677808,3296.988233213921,1199.5218900597033,14
3.3499999999999996,3.3499999999999996,3.3499999999999996,3754.8497501493657,3420.226945650097,1244.3590331773978,14
3.3499999999999996,3.3499999999999996,3.3499999999999996,4094.5613123034846,3729.6642643023774,1356.939610076505,14
3.3499999999999996,3.3499999999999996,3.3499999999999996,3895.546879667186,3548.385499406698,1290.98613032041,14
3.3499999999999996,3.3499999999999996,3.3499999999999996,3878.5952374316025,3532.944545066285,1285.3683478399794,14
3.3499999999999996,3.3499999999999996,3.3499999999999996,4155.340468758,3785.026934574696,1377.0818520823454,14
3.3499999999999996,3.3499999999999996,3.3499999999999996,4034.173035833853,3674.6576397697763,1336.9269058877392,14
3.3499999999999996,3.3499999999999996,3.3499999999999996,4106.874942748933,3740.8805348459928,1361.0203531942266,14
3.3499999999999996,3.3499999999999996,3.3499999999999996,4137.817713853705,3769.0657636960723,1371.2748025857727,14
3.3499999999999996,3.3499999999999996,3.3499999999999996,4206.591464464185,3831.7105699182202,1394.0664569826586,14
3.3499999999999996,3.3499999999999996,3.3499999999999996,3594.2887280789564,3273.974719689661,1191.149032382676,14
3.3499999999999996,3.3499999999999996,3.3499999999999996,3501.809845060038,3189.737323082155,1160.5014855778616,14
3.3499999999999996,3.3499999999999996,3.3499999999999996,3435.799223355878,3129.609402639345,1138.625533444235,14
3.3499999999999996,3.3499999999999996,3.3499999999999996,3729.0896462499536,3396.7625176856995,1235.822122218032,14
3.3499999999999996,3.3499999999999996,3.3499999999999996,4379.494767935346,3989.2051640762033,1451.366695835623,14
3.3499999999999996,3.3499999999999996,3.3499999999999996,4134.0168399929635,3765.6036141932827,1370.0151911399628,14
3.3499999999999996,3.3499999999999996,3.3499999999999996,4156.755618403835,3786.315969628793,1377.5508333631599,14
3.3499999999999996,3.3499999999999996,3.3499999999999996,3989.6153931463245,3634.0708625895504,1322.1604814327757,14
3.3499999999999996,3.3499999999999996,3.3499999999999996,4137.776776995072,3769.0284750277424,1371.2612360909138,14
3.3499999999999996,3.3499999999999996,3.3499999999999996,4585.869890625825,4177.1886527656625,1519.7595118551656,14
3.3499999999999996,3.3499999999999996,3.3499999999999996,4064.8015453944563,3702.5566132773324,1347.077208850722,14
3.3499999999999996,3.3499999999999996,3.3499999999999996,4417.05067171302,4023.414179780102,1463.8127406109245,14
3.3499999999999996,3.3499999999999996,3.3499999999999996,3724.2497005025953,3392.3538957801393,1234.2181618436994,14
3.3499999999999996,3.3499999999999996,3.3499999999999996,5154.702563315947,4695.328382490807,1708.2709362071623,14
3.3499999999999996,3.3499999999999996,3.3499999999999996,4478.620067219779,4079.496664979739,1484.2168682229712,14
3.3499999999999996,3.3499999999999996,3.3499999999999996,4487.218619194322,4087.328935540161,1487.0664325287978,14
3.3499999999999996,3.3499999999999996,3.3499999999999996,4345.723607176602,3958.4436045734974,1440.1749167373098,14
3.3499999999999996,3.3499999999999996,3.3499999999999996,3962.730681192805,3609.5820488238837,1313.2508748173836,14
3.3499999999999996,3.3499999999999996,3.3499999999999996,3864.7384327331047,3520.3226240936738,1280.7761960243533,14
3.3499999999999996,3.3499999999999996,3.3499999999999996,3780.5111751504246,3443.6014887323895,1252.863241901862,14
3.3499999999999996,3.3499999999999996,3.3499999999999996,4205.089609275182,3830.3425563017777,1393.568741442673,14
3.3499999999999996,3.3499999999999996,3.3499999999999996,4196.188993550173,3822.2351411557156,1390.619073063049,14
3.3499999999999996,3.3499999999999996,3.3499999999999996,4112.33594828443,3745.8548692470185,1362.8301330843694,14
3.3499999999999996,3.3499999999999996,3.3499999999999996,3517.2407145267234,3203.7930321135664,1165.6152832231303,14
3.3499999999999996,3.3499999999999996,3.3499999999999996,4313.507303849897,3929.0983375031306,1429.4984181480986,14
3.3499999999999996,3.3499999999999996,3.3499999999999996,3359.873108838811,3060.44963326656,1113.4635821705217,14
3.3499999999999996,3.3499999999999996,3.3499999999999996,3723.789066413914,3391.934312247635,1234.0655074827043,14
3.3499999999999996,3.3499999999999996,3.3499999999999996,3932.1653514624845,3581.7406247183885,1303.1215096808808,14
3.3499999999999996,3.3499999999999996,3.3499999999999996,3609.2467382666564,3287.5997094766008,1196.1061242329379,14
3.3499999999999996,3.3499999999999996,3.3499999999999996,3737.799928493339,3404.696561393271,1238.7087139892874,14
3.3499999999999996,3.3499999999999996,3.3499999999999996,3890.06075137326,3543.3882811245453,1289.1680247359072,14
3.3499999999999996,3.3499999999999996,3.3499999999999996,3932.046483230292,3581.6323497253043,1303.0821166909266,14
3.3499999999999996,3.3499999999999996,3.3499999999999996,3874.21068402104,3528.950732073141,1283.9153047075165,14
3.3499999999999996,3.3499999999999996,3.3499999999999996,3590.3569970065314,3270.3933746421203,1189.8460547932789,14
3.3499999999999996,3.3499999999999996,3.3499999999999996,3590.9723376574284,3270.953877675528,1190.0499789842256,14
3.3499999999999996,3.3499999999999996,3.3499999999999996,3519.839669887406,3206.1603750824283,1166.4765782935287,14
3.3499999999999996,3.3499999999999996,3.3499999999999996,4129.899004808379,3761.8527501659023,1368.6505385572943,14
3.3499999999999996,3.3499999999999996,3.3499999999999996,4357.85618569367,3969.494958083086,1444.195659157921,14
3.3499999999999996,3.3499999999999996,3.3499999999999996,3359.19642178572,3059.8332508686603,1113.2393277520553,14
3.3499999999999996,3.3499999999999996,3.3499999999999996,3881.812132699277,3535.8747586854574,1286.4344284960578,14
3.3499999999999996,3.3499999999999996,3.3499999999999996,4210.7538407143065,3835.502005622946,1395.4458704961064,14
3.3499999999999996,3.3499999999999996,3.3499999999999996,3962.409819023575,3609.2897810874733,1313.1445409384662,14
3.3499999999999996,3.3499999999999996,3.3499999999999996,4611.050671593533,4200.125385606926,1528.1044349132405,14
3.3499999999999996,3.3499999999999996,3.3499999999999996,4307.554776140218,3923.67628415291,1427.5257475704057,14
3.3499999999999996,3.3499999999999996,3.3499999999999996,3954.9721693729866,3602.514956143749,1310.679700227343,14
3.3499999999999996,3.3499999999999996,3.3499999999999996,3635.3711500458985,3311.395979115104,1204.763767000842,14
3.3499999999999996,3.3499999999999996,3.3499999999999996,4367.353985508555,3978.1463377687746,1447.3432346353397,14
3.3499999999999996,3.3499999999999996,3.3499999999999996,4831.838575852551,4401.2372248730035,1601.273653753511,14
3.3499999999999996,3.3499999999999996,3.3499999999999996,3795.182480878175,3456.9653244427072,1257.7253197546722,14
3.3499999999999996,3.3499999999999996,3.3499999999999996,4177.586905915065,3805.2902691073436,1384.4540729060136,15
3.3499999999999996,3.3499999999999996,3.3499999999999996,3619.553801677808,3296.9877515972594,1199.5216654236538,15
3.3499999999999996,3.3499999999999996,3.3499999999999996,3754.8497501493657,3420.2264460310007,1244.3588001446374,15
3.3499999999999996,3.3499999999999996,3.3499999999999996,4094.5613123034846,3729.6637194813707,1356.9393559606306,15
3.3499999999999996,3.3499999999999996,3.3499999999999996,3895.546879667186,3548.3849810664856,1290.9858885557314,15
3.3499999999999996,3.3499999999999996,3.3499999999999996,3878.5952374316025,3532.9440289816544,1285.3681071273502,15
3.3499999999999996,3.3499999999999996,3.3499999999999996,4155.340468758,3785.026381666433,1377.0815941944068,15
3.3499999999999996,3.3499999999999996,3.3499999999999996,4034.173035833853,3674.657102984012,1336.9266555196712,15
3.3499999999999996,3.3499999999999996,3.3499999999999996,4106.874942748933,3740.8799883865377,1361.0200983141467,15
3.3499999999999996,3.3499999999999996,3.3499999999999996,4137.817713853705,3769.0652131193815,1371.274545785328,15
3.3499999999999996,3.3499999999999996,3.3499999999999996,4206.591464464185,3831.7100101905153,1394.0661959139911,15
3.3499999999999996,3.3499999999999996,3.3499999999999996,3594.2887280789564,3273.9742414347616,1191.1488093146224,15
3.3499999999999996,3.3499999999999996,3.3499999999999996,3501.809845060038,3189.736857132465,1160.5012682492147,15
3.3499999999999996,3.3499999999999996,3.3499999999999996,3435.799223355878,3129.608945473008,1138.625320212327,15
3.3499999999999996,3.3499999999999996,3.3499999999999996,3729.0896462499536,3396.7620214942335,1235.8218907839905,15
3.3499999999999996,3.3499999999999996,3.3499999999999996,4379.494767935346,3989.2045813420405,1451.3664240362639,15
3.3499999999999996,3.3499999999999996,3.3499999999999996,4134.0168399929635,3765.6030641223356,1370.0149345754076,15
3.3499999999999996,3.3499999999999996,3.3499999999999996,4156.755618403835,3786.3154165322317,1377.550575387395,15
3.3499999999999996,3.3499999999999996,3.3499999999999996,3989.6153931463245,3634.0703317326133,1322.1602338300354,15
3.3499999999999996,3.3499999999999996,3.3499999999999996,4137.776776995072,3769.0279244564977,1371.2609792930102,15
3.3499999999999996,3.3499999999999996,3.3499999999999996,4585.869890625825,4177.188042571293,1519.759227247794,15
3.3499999999999996,3.3499999999999996,3.3499999999999996,4064.8015453944563,3702.556072416151,1347.0769565817923,15
3.3499999999999996,3.3499999999999996,3.3499999999999996,4417.05067171302,4023.4135920487647,1463.8124664807785,15
3.3499999999999996,3.3499999999999996,3.3499999999999996,3724.2497005025953,3392.3534002326746,1234.217930710033,15
3.3499999999999996,3.3499999999999996,3.3499999999999996,5154.702563315947,4695.327696607746,1708.2706162970067,15
3.3499999999999996,3.3499999999999996,3.3499999999999996,4478.620067219779,4079.4960690559965,1484.2165902717168,15
3.3499999999999996,3.3499999999999996,3.3499999999999996,4487.218619194322,4087.3283384722977,1487.0661540439016,15
3.3499999999999996,3.3499999999999996,3.3499999999999996,4345.723607176602,3958.4430263329164,1440.1746470338496,15
3.3499999999999996,3.3499999999999996,3.3499999999999996,3962.730681192805,3609.581521544217,1313.250628883157,15
3.3499999999999996,3.3499999999999996,3.3499999999999996,3864.7384327331047,3520.322109852825,1280.7759561717028,15
3.3499999999999996,3.3499999999999996,3.3499999999999996,3780.5111751504246,3443.6009856987916,1252.863007276507,15
3.3499999999999996,3.3499999999999996,3.3499999999999996,4205.089609275182,3830.3419967739105,1393.5684804672135,15
3.3499999999999996,3.3499999999999996,3.3499999999999996,4196.188993550173,3822.23458281216,1390.6188126399773,15
3.3499999999999996,3.3499999999999996,3.3499999999999996,4112.33594828443,3745.8543220609236,1362.8298778653696,15
3.3499999999999996,3.3499999999999996,3.3499999999999996,3517.2407145267234,3203.79256411065,1165.6150649368155,15
3.3499999999999996,3.3499999999999996,3.3499999999999996,4313.507303849897,3929.0977635492404,1429.498150444041,15
3.3499999999999996,3.3499999999999996,3.3499999999999996,3359.873108838811,3060.4491862029286,1113.463373650725,15
3.3499999999999996,3.3499999999999996,3.3499999999999996,3723.789066413914,3391.9338167614624,1234.0652763776257,15
3.3499999999999996,3.3499999999999996,3.3499999999999996,3932.1653514624845,3581.7401015057358,1303.1212656435937,15
3.3499999999999996,3.3499999999999996,3.3499999999999996,3609.2467382666564,3287.5992292313945,1196.1059002365632,15
3.3499999999999996,3.3499999999999996,3.3499999999999996,3737.799928493339,3404.6960640428174,1238.70848201467,15
3.3499999999999996,3.3499999999999996,3.3499999999999996,3890.06075137326,3543.387763514316,1289.1677833117076,15
3.3499999999999996,3.3499999999999996,3.3499999999999996,3932.046483230292,3581.631826528468,1303.0818726610169,15
3.3499999999999996,3.3499999999999996,3.3499999999999996,3874.21068402104,3528.950216571917,1283.9150642670008,15
3.3499999999999996,3.3499999999999996,3.3499999999999996,3590.3569970065314,3270.392896910375,1189.8458319692365,15
3.3499999999999996,3.3499999999999996,3.3499999999999996,3590.9723376574284,3270.9533998619077,1190.0497561219936,15
3.3499999999999996,3.3499999999999996,3.3499999999999996,3519.839669887406,3206.159906733696,1166.4763598459183,15
3.3499999999999996,3.3499999999999996,3.3499999999999996,4129.899004808379,3761.8522006428707,1368.6502822482994,15
3.3499999999999996,3.3499999999999996,3.3499999999999996,4357.85618569367,3969.494378228148,1444.1953887014915,15
3.3499999999999996,3.3499999999999996,3.3499999999999996,3359.19642178572,3059.832803895067,1113.2391192742552,15
3.3499999999999996,3.3499999999999996,3.3499999999999996,3881.812132699277,3535.874242172787,1286.4341875837824,15
3.3499999999999996,3.3499999999999996,3.3499999999999996,4210.7538407143065,3835.501445341398,1395.4456091691143,15
3.3499999999999996,3.3499999999999996,3.3499999999999996,3962.409819023575,3609.2892538505007,1313.1442950241528,15
3.3499999999999996,3.3499999999999996,3.3499999999999996,4611.050671593533,4200.124772062012,1528.104148743104,15
3.3499999999999996,3.3499999999999996,3.3499999999999996,4307.554776140218,3923.675710991061,1427.5254802357729,15
3.3499999999999996,3.3499999999999996,3.3499999999999996,3954.9721693729866,3602.514429896427,1310.6794547746235,15
3.3499999999999996,3.3499999999999996,3.3499999999999996,3635.3711500458985,3311.395495393792,1204.7635413831388,15
3.3499999999999996,3.3499999999999996,3.3499999999999996,4367.353985508555,3978.1457566500635,1447.3429635894593,15
3.3499999999999996,3.3499999999999996,3.3499999999999996,4831.838575852551,4401.236581950121,1601.2733538808784,15
3.3499999999999996,3.3499999999999996,3.3499999999999996,3795.182480878175,3456.9648194569495,1257.7250842187898,15
3.3499999999999996,3.3499999999999996,3.3499999999999996,4177.586905915065,3790.449081814217,1375.7054354980119,16
3.3499999999999996,3.3499999999999996,3.3499999999999996,3619.553801677808,3284.1290182906723,1191.9416522479146,16
3.3499999999999996,3.3499999999999996,3.3499999999999996,3754.8497501493657,3406.8870638339195,1236.4954523016347,16
3.3499999999999996,3.3499999999999996,3.3499999999999996,4094.5613123034846,3715.1174867667255,1348.3645894571607,16
3.3499999999999996,3.3499999999999996,3.3499999999999996,3895.546879667186,3534.5457618826927,1282.8278949762744,16
3.3499999999999996,3.3499999999999996,3.3499999999999996,3878.5952374316025,3519.165031764037,1277.2456134129418,16
3.3499999999999996,3.3499999999999996,3.3499999999999996,4155.340468758,3770.2642264911024,1368.3795449284812,16
3.3499999999999996,3.3499999999999996,3.3499999999999996,4034.173035833853,3660.3254040999213,1328.478353203883,16
3.3499999999999996,3.3499999999999996,3.3499999999999996,4106.874942748933,3726.290010586556,1352.419544797655,16
3.3499999999999996,3.3499999999999996,3.3499999999999996,4137.817713853705,3754.365308830335,1362.609192399703,16
3.3499999999999996,3.3499999999999996,3.3499999999999996,4206.591464464185,3816.765782052163,1385.2568176113919,16
3.3499999999999996,3.3499999999999996,3.3499999999999996,3594.2887280789564,3261.2052641757914,1183.6217058623627,16
3.3499999999999996,3.3499999999999996,3.3499999999999996,3501.809845060038,3177.296417963655,1153.167832632873,16
3.3499999999999996,3.3499999999999996,3.3499999999999996,3435.799223355878,3117.4030139331494,1131.4301230114565,16
3.3499999999999996,3.3499999999999996,3.3499999999999996,3729.0896462499536,3383.514153976625,1228.0124893492093,16
3.3499999999999996,3.3499999999999996,3.3499999999999996,4379.494767935346,3973.646101395599,1442.1949543295161,16
3.3499999999999996,3.3499999999999996,3.3499999999999996,4134.0168399929635,3750.9166627195523,1361.3575409206012,16
3.3499999999999996,3.3499999999999996,3.3499999999999996,4156.755618403835,3771.5482339328355,1368.84556253713,16
3.3499999999999996,3.3499999999999996,3.3499999999999996,3989.6153931463245,3619.8969271785645,1313.8052434353178,16
3.3499999999999996,3.3499999999999996,3.3499999999999996,4137.776776995072,3754.328165598678,1362.5957116367172,16
3.3499999999999996,3.3499999999999996,3.3499999999999996,4585.869890625825,4160.896399696712,1510.155569974608,16
3.3499999999999996,3.3499999999999996,3.3499999999999996,4064.8015453944563,3688.115563480435,1338.5645125185015,16
3.3499999999999996,3.3499999999999996,3.3499999999999996,4417.05067171302,4007.721691969005,1454.5623477854922,16
3.3499999999999996,3.3499999999999996,3.3499999999999996,3724.2497005025953,3379.1227269812634,1226.4186650142265,16
3.3499999999999996,3.3499999999999996,3.3499999999999996,5154.702563315947,4677.015233478799,1697.4757185035714,16
3.3499999999999996,3.3499999999999996,3.3499999999999996,4478.620067219779,4063.5854391327116,1474.8375339076647,16
3.3499999999999996,3.3499999999999996,3.3499999999999996,4487.218619194322,4071.3871615554563,1477.6690907262769,16
3.3499999999999996,3.3499999999999996,3.3499999999999996,4345.723607176602,3943.004520939539,1431.0739003657793,16
3.3499999999999996,3.3499999999999996,3.3499999999999996,3962.730681192805,3595.503626923154,1304.9519400333254,16
3.3499999999999996,3.3499999999999996,3.3499999999999996,3864.7384327331047,3506.59233996152,1272.682481161793,16
3.3499999999999996,3.3499999999999996,3.3499999999999996,3780.5111751504246,3430.1704393863433,1244.945919677094,16
3.3499999999999996,3.3499999999999996,3.3499999999999996,4205.089609275182,3815.403104087496,1384.7622473263502,16
3.3499999999999996,3.3499999999999996,3.3499999999999996,4196.188993550173,3807.327310223179,1381.8312190298864,16
3.3499999999999996,3.3499999999999996,3.3499999999999996,4112.33594828443,3731.2449436337906,1354.217887996172,16
3.3499999999999996,3.3499999999999996,3.3499999999999996,3517.2407145267234,3191.297305633706,1158.2493142340634,16
3.3499999999999996,3.3499999999999996,3.3499999999999996,4313.507303849897,3913.7737089625907,1420.46487065644,16
3.3499999999999996,3.3499999999999996,3.3499999999999996,3359.873108838811,3048.5129878155726,1106.4271797358824,16
3.3499999999999996,3.3499999999999996,3.3499999999999996,3723.789066413914,3378.704779946812,1226.2669753345504,16
3.3499999999999996,3.3499999999999996,3.3499999999999996,3932.1653514624845,3567.770792485263,1294.8865862310497,16
3.3499999999999996,3.3499999999999996,3.3499999999999996,3609.2467382666564,3274.777112531947,1188.547471952427,16
3.3499999999999996,3.3499999999999996,3.3499999999999996,3737.799928493339,3391.4172526015846,1230.8808396425284,16
3.3499999999999996,3.3499999999999996,3.3499999999999996,3890.06075137326,3529.568034208138,1281.0212786966447,16
3.3499999999999996,3.3499999999999996,3.3499999999999996,3932.046483230292,3567.6629397962056,1294.8474421804722,16
3.3499999999999996,3.3499999999999996,3.3499999999999996,3874.21068402104,3515.186795805449,1275.8017526160297,16
3.3499999999999996,3.3499999999999996,3.3499999999999996,3590.3569970065314,3257.6378874176185,1182.3269622869286,16
3.3499999999999996,3.3499999999999996,3.3499999999999996,3590.9723376574284,3258.196204325853,1182.5295978028823,16
3.3499999999999996,3.3499999999999996,3.3499999999999996,3519.839669887406,3193.655415275095,1159.1051664513436,16
3.3499999999999996,3.3499999999999996,3.3499999999999996,4129.899004808379,3747.1804281549594,1360.0015120997773,16
3.3499999999999996,3.3499999999999996,3.3499999999999996,4357.85618569367,3954.012770949836,1435.0692341765264,16
3.3499999999999996,3.3499999999999996,3.3499999999999996,3359.19642178572,3047.899009488651,1106.2043424668957,16
3.3499999999999996,3.3499999999999996,3.3499999999999996,3881.812132699277,3522.083816696166,1278.3049570974263,16
3.3499999999999996,3.3499999999999996,3.3499999999999996,4210.7538407143065,3820.5424300527347,1386.6275140830257,16
3.3499999999999996,3.3499999999999996,3.3499999999999996,3962.409819023575,3595.2124991160877,1304.846278118877,16
3.3499999999999996,3.3499999999999996,3.3499999999999996,4611.050671593533,4183.743672595636,1518.4477582707532,16
3.3499999999999996,3.3499999999999996,3.3499999999999996,4307.554776140218,3908.37280320054,1418.5046661389558,16
3.3499999999999996,3.3499999999999996,3.3499999999999996,3954.9721693729866,3588.4640979639753,1302.3970136793616,16
3.3499999999999996,3.3499999999999996,3.3499999999999996,3635.3711500458985,3298.480569784112,1197.150403762895,16
3.3499999999999996,3.3499999999999996,3.3499999999999996,4367.353985508555,3962.6304077335517,1438.196918920106,16
3.3499999999999996,3.3499999999999996,3.3499999999999996,4831.838575852551,4384.071117080232,1591.1545928194928,16
3.3499999999999996,3.3499999999999996,3.3499999999999996,3795.182480878175,3443.4821522428797,1249.7772721995136,16
3.3499999999999996,3.3499999999999996,3.3499999999999996,4177.586905915065,3803.7703833631076,1383.5577825924834,17
3.3499999999999996,3.3499999999999996,3.3499999999999996,3619.553801677808,3295.6708889328643,1198.7450996490072,17
3.3499999999999996,3.3499999999999996,3.3499999999999996,3754.8497501493657,3418.8603601217114,1243.5532069791054,17
3.3499999999999996,3.3499999999999996,3.3499999999999996,4094.5613123034846,3728.1740400306185,1356.0608785704471,17
3.3499999999999996,3.3499999999999996,3.3499999999999996,3895.546879667186,3546.9677068596884,1290.1501091900877,17
3.3499999999999996,3.3499999999999996,3.3499999999999996,3878.5952374316025,3531.5329221054117,1284.5359646920863,17
3.3499999999999996,3.3499999999999996,3.3499999999999996,4155.340468758,3783.514589600068,1376.19007679562,17
3.3499999999999996,3.3499999999999996,3.3499999999999996,4034.173035833853,3673.1893939392853,1336.0611342758152,17
3.3499999999999996,3.3499999999999996,3.3499999999999996,4106.874942748933,3739.385829002322,1360.138979066847,17
3.3499999999999996,3.3499999999999996,3.3499999999999996,4137.817713853705,3767.5597961652475,1370.3867878476462,17
3.3499999999999996,3.3499999999999996,3.3499999999999996,4206.591464464185,3830.179572035032,1393.163682748498,17
3.3499999999999996,3.3499999999999996,3.3499999999999996,3594.2887280789564,3272.666570685712,1190.3776640952503,17
3.3499999999999996,3.3499999999999996,3.3499999999999996,3501.809845060038,3188.4628319637745,1159.749964131637,17
3.3499999999999996,3.3499999999999996,3.3499999999999996,3435.799223355878,3128.3589362267044,1137.8881785005003,17
3.3499999999999996,3.3499999999999996,3.3499999999999996,3729.0896462499536,3395.40530760175,1235.021824381185,17
3.3499999999999996,3.3499999999999996,3.3499999999999996,4379.494767935346,3987.6112376690908,1450.426814920509,17
3.3499999999999996,3.3499999999999996,3.3499999999999996,4134.0168399929635,3764.0990299985606,1369.1279921052435,17
3.3499999999999996,3.3499999999999996,3.3499999999999996,4156.755618403835,3784.8031096074506,1376.6587543719634,17
3.3499999999999996,3.3499999999999996,3.3499999999999996,3989.6153931463245,3632.6188336075966,1321.3042723115507,17
3.3499999999999996,3.3499999999999996,3.3499999999999996,4137.776776995072,3767.5225223959737,1370.3732301382238,17
3.3499999999999996,3.3499999999999996,3.3499999999999996,4585.869890625825,4175.519615695048,1518.7753408907533,17
3.3499999999999996,3.3499999999999996,3.3499999999999996,4064.8015453944563,3701.077220135843,1346.2048640715443,17
3.3499999999999996,3.3499999999999996,3.3499999999999996,4417.05067171302,4021.806584822177,1462.8647998443707,17
3.3499999999999996,3.3499999999999996,3.3499999999999996,3724.2497005025953,3390.9984472047067,1233.4189027048938,17
3.3499999999999996,3.3499999999999996,3.3499999999999996,5154.702563315947,4693.452317562807,1707.1646883819967,17
3.3499999999999996,3.3499999999999996,3.3499999999999996,4478.620067219779,4077.8666617097647,1483.2557140829897,17
3.3499999999999996,3.3499999999999996,3.3499999999999996,4487.218619194322,4085.6958028089634,1486.103433058401,17
3.3499999999999996,3.3499999999999996,3.3499999999999996,4345.723607176602,3956.8619692519533,1439.242283432059,17
3.3499999999999996,3.3499999999999996,3.3499999999999996,3962.730681192805,3608.139804589852,1312.4004354091078,17
3.3499999999999996,3.3499999999999996,3.3499999999999996,3864.7384327331047,3518.916044346253,1279.9467866775421,17
3.3499999999999996,3.3499999999999996,3.3499999999999996,3780.5111751504246,3442.2255636739615,1252.0519085195465,17
3.3499999999999996,3.3499999999999996,3.3499999999999996,4205.089609275182,3828.812105021971,1392.6662895208124,17
3.3499999999999996,3.3499999999999996,3.3499999999999996,4196.188993550173,3820.707929273874,1389.7185312973356,17
3.3499999999999996,3.3499999999999996,3.3499999999999996,4112.33594828443,3744.3581758588043,1361.947586973656,17
3.3499999999999996,3.3499999999999996,3.3499999999999996,3517.2407145267234,3202.512924897523,1164.8604501666673,17
3.3499999999999996,3.3499999999999996,3.3499999999999996,4313.507303849897,3927.5284273734924,1428.572698765631,17
3.3499999999999996,3.3499999999999996,3.3499999999999996,3359.873108838811,3059.2268003242916,1112.7425216876265,17
3.3499999999999996,3.3499999999999996,3.3499999999999996,3723.789066413914,3390.579031320954,1233.2663472003228,17
3.3499999999999996,3.3499999999999996,3.3499999999999996,3932.1653514624845,3580.3095048009227,1302.2776298808703,17
3.3499999999999996,3.3499999999999996,3.3499999999999996,3609.2467382666564,3286.286116473128,1195.3315458153374,17
3.3499999999999996,3.3499999999999996,3.3499999999999996,3737.799928493339,3403.336181183629,1237.9065468436552,17
3.3499999999999996,3.3499999999999996,3.3499999999999996,3890.06075137326,3541.972485265561,1288.3331809804995,17
3.3499999999999996,3.3499999999999996,3.3499999999999996,3932.046483230292,3580.201273070184,1302.2382624011607,17
3.3499999999999996,3.3499999999999996,3.3499999999999996,3874.21068402104,3527.5407048797792,1283.0838625261708,17
3.3499999999999996,3.3499999999999996,3.3499999999999996,3590.3569970065314,3269.086656600033,1189.075530292453,17
3.3499999999999996,3.3499999999999996,3.3499999999999996,3590.9723376574284,3269.646935678907,1189.279322425488,17
3.3499999999999996,3.3499999999999996,3.3499999999999996,3519.839669887406,3204.87932197107,1165.7211874767133,17
3.3499999999999996,3.3499999999999996,3.3499999999999996,4129.899004808379,3760.3496646660246,1367.7642232488738,17
3.3499999999999996,3.3499999999999996,3.3499999999999996,4357.85618569367,3967.908907083864,1443.2604220868016,17
3.3499999999999996,3.3499999999999996,3.3499999999999996,3359.19642178572,3058.6106642080795,1112.5184124925893,17
3.3499999999999996,3.3499999999999996,3.3499999999999996,3881.812132699277,3534.4619649287306,1285.6013549720763,17
3.3499999999999996,3.3499999999999996,3.3499999999999996,4210.7538407143065,3833.969492834096,1394.5422029767142,17
3.3499999999999996,3.3499999999999996,3.3499999999999996,3962.409819023575,3607.847653631908,1312.2941703902407,17
3.3499999999999996,3.3499999999999996,3.3499999999999996,4611.050671593533,4198.447183937685,1527.1148599155522,17
3.3499999999999996,3.3499999999999996,3.3499999999999996,4307.554776140218,3922.108540458354,1426.6013056565698,17
3.3499999999999996,3.3499999999999996,3.3499999999999996,3954.9721693729866,3601.075535636546,1309.830925868936,17
3.3499999999999996,3.3499999999999996,3.3499999999999996,3635.3711500458985,3310.0728780765703,1203.9835820378862,17
3.3499999999999996,3.3499999999999996,3.3499999999999996,4367.353985508555,3976.556830025171,1446.4059592467308,17
3.3499999999999996,3.3499999999999996,3.3499999999999996,4831.838575852551,4399.478666977846,1600.2366955875589,17
3.3499999999999996,3.3499999999999996,3.3499999999999996,3795.182480878175,3455.5840597314505,1256.9108377716668,17
3.3499999999999996,3.3499999999999996,3.3499999999999996,4177.586905915065,3805.1378607152,1384.3641991855186,18
3.3499999999999996,3.3499999999999996,3.3499999999999996,3619.553801677808,3296.85570159145,1199.4437968420982,18
3.3499999999999996,3.3499999999999996,3.3499999999999996,3754.8497501493657,3420.0894601044233,1244.2780208994543,18
3.3499999999999996,3.3499999999999996,3.3499999999999996,4094.5613123034846,3729.514340062056,1356.8512683954355,18
3.3499999999999996,3.3499999999999996,3.3499999999999996,3895.546879667186,3548.2428621710997,1290.9020824496417,18
3.3499999999999996,3.3499999999999996,3.3499999999999996,3878.5952374316025,3532.802528522842,1285.2846657071875,18
3.3499999999999996,3.3499999999999996,3.3499999999999996,4155.340468758,3784.874784877686,1376.9921990684022,18
3.3499999999999996,3.3499999999999996,3.3499999999999996,4034.173035833853,3674.509926673891,1336.8398671061636,18
3.3499999999999996,3.3499999999999996,3.3499999999999996,4106.874942748933,3740.7301597364435,1360.9317458420073,18
3.3499999999999996,3.3499999999999996,3.3499999999999996,4137.817713853705,3768.9142556027687,1371.1855276317742,18
3.3499999999999996,3.3499999999999996,3.3499999999999996,4206.591464464185,3831.556543642495,1393.9756982094484,18
3.3499999999999996,3.3499999999999996,3.3499999999999996,3594.2887280789564,3273.8431131594484,1191.071484268417,18
3.3499999999999996,3.3499999999999996,3.3499999999999996,3501.809845060038,3189.6091027086554,1160.4259327298516,18
3.3499999999999996,3.3499999999999996,3.3499999999999996,3435.799223355878,3129.483599275036,1138.5514047999052,18
3.3499999999999996,3.3499999999999996,3.3499999999999996,3729.0896462499536,3396.625975358045,1235.7416657238978,18
3.3499999999999996,3.3499999999999996,3.3499999999999996,4379.494767935346,3989.0448068667247,1451.2722066094223,18
3.3499999999999996,3.3499999999999996,3.3499999999999996,4134.0168399929635,3765.4522452707197,1369.9259981912303,18
3.3499999999999996,3.3499999999999996,3.3499999999999996,4156.755618403835,3786.1637681154293,1377.4611498168374,18
3.3499999999999996,3.3499999999999996,3.3499999999999996,3989.6153931463245,3633.924780992189,1322.0744039988904,18
3.3499999999999996,3.3499999999999996,3.3499999999999996,4137.776776995072,3768.876968433359,1371.1719620201434,18
3.3499999999999996,3.3499999999999996,3.3499999999999996,4585.869890625825,4177.020739036418,1519.6605700090433,18
3.3499999999999996,3.3499999999999996,3.3499999999999996,4064.8015453944563,3702.4077787045253,1346.9895092476772,18
3.3499999999999996,3.3499999999999996,3.3499999999999996,4417.05067171302,4023.252447443983,1463.7174411021515,18
3.3499999999999996,3.3499999999999996,3.3499999999999996,3724.2497005025953,3392.217530669317,1234.137809773192,18
3.3499999999999996,3.3499999999999996,3.3499999999999996,5154.702563315947,4695.13964069237,1708.1597215848574,18
3.3499999999999996,3.3499999999999996,3.3499999999999996,4478.620067219779,4079.3326782519644,1484.1202403316224,18
3.3499999999999996,3.3499999999999996,3.3499999999999996,4487.218619194322,4087.164633972464,1486.9696191204962,18
3.3499999999999996,3.3499999999999996,3.3499999999999996,4345.723607176602,3958.2844839105587,1440.0811561364449,18
3.3499999999999996,3.3499999999999996,3.3499999999999996,3962.730681192805,3609.4369516225806,1313.1653774311442,18
3.3499999999999996,3.3499999999999996,3.3499999999999996,3864.7384327331047,3520.1811149234895,1280.6928128572697,18
3.3499999999999996,3.3499999999999996,3.3499999999999996,3780.5111751504246,3443.4630635818703,1252.7816759691427,18
3.3499999999999996,3.3499999999999996,3.3499999999999996,4205.089609275182,3830.188585017172,1393.4780150725458,18
3.3499999999999996,3.3499999999999996,3.3499999999999996,4196.188993550173,3822.0814957712346,1390.5285387270121,18
3.3499999999999996,3.3499999999999996,3.3499999999999996,4112.33594828443,3745.704294180247,1362.7414079089274,18
3.3499999999999996,3.3499999999999996,3.3499999999999996,3517.2407145267234,3203.6642467317056,1165.5393974483807,18
3.3499999999999996,3.3499999999999996,3.3499999999999996,4313.507303849897,3928.940396454912,1429.4053526259438,18
3.3499999999999996,3.3499999999999996,3.3499999999999996,3359.873108838811,3060.3266099717544,1113.3910916603118,18
3.3499999999999996,3.3499999999999996,3.3499999999999996,3723.789066413914,3391.7979640031404,1233.9851653505486,18
3.3499999999999996,3.3499999999999996,3.3499999999999996,3932.1653514624845,3581.596646680651,1303.0366717529823,18
3.3499999999999996,3.3499999999999996,3.3499999999999996,3609.2467382666564,3287.467555251985,1196.0282533940542,18
3.3499999999999996,3.3499999999999996,3.3499999999999996,3737.799928493339,3404.559700134636,1238.628069567579,18
3.3499999999999996,3.3499999999999996,3.3499999999999996,3890.06075137326,3543.2458447660506,1289.0840952303936,18
3.3499999999999996,3.3499999999999996,3.3499999999999996,3932.046483230292,3581.488376039983,1302.9972813276543,18
3.3499999999999996,3.3499999999999996,3.3499999999999996,3874.21068402104,3528.8088760721307,1283.8317171730935,18
3.3499999999999996,3.3499999999999996,3.3499999999999996,3590.3569970065314,3270.261912074043,1189.7685915075788,18
3.3499999999999996,3.3499999999999996,3.3499999999999996,3590.9723376574284,3270.822392576471,1189.9725024223223,18
3.3499999999999996,3.3499999999999996,3.3499999999999996,3519.839669887406,3206.0314945386244,1166.4006364453517,18
3.3499999999999996,3.3499999999999996,3.3499999999999996,4129.899004808379,3761.701532019761,1368.561434452385,18
3.3499999999999996,3.3499999999999996,3.3499999999999996,4357.85618569367,3969.3353931802217,1444.1016367921684,18
3.3499999999999996,3.3499999999999996,3.3499999999999996,3359.19642178572,3059.7102523510607,1113.1668518416202,18
3.3499999999999996,3.3499999999999996,3.3499999999999996,3881.812132699277,3535.7326243539187,1286.3506769575556,18
3.3499999999999996,3.3499999999999996,3.3499999999999996,4210.7538407143065,3835.3478269399075,1395.3550219180825,18
3.3499999999999996,3.3499999999999996,3.3499999999999996,3962.409819023575,3609.1446956346854,1313.0590504749468,18
3.3499999999999996,3.3499999999999996,3.3499999999999996,4611.050671593533,4199.9565498718375,1528.0049497824166,18
3.3499999999999996,3.3499999999999996,3.3499999999999996,4307.554776140218,3923.518561059224,1427.4328104762467,18
3.3499999999999996,3.3499999999999996,3.3499999999999996,3954.9721693729866,3602.3701430239144,1310.5943702338777,18
3.3499999999999996,3.3499999999999996,3.3499999999999996,3635.3711500458985,3311.2628683331695,1204.6853325180707,18
3.3499999999999996,3.3499999999999996,3.3499999999999996,4367.353985508555,3977.9864250996143,1447.249007351029,18
3.3499999999999996,3.3499999999999996,3.3499999999999996,4831.838575852551,4401.060304887541,1601.16940504165,18
3.3499999999999996,3.3499999999999996,3.3499999999999996,3795.182480878175,3456.8263620956004,1257.643437283084,18
3.3499999999999996,3.3499999999999996,3.3499999999999996,4177.586905915065,3805.274969031741,1384.4450574146276,19
3.3499999999999996,3.3499999999999996,3.3499999999999996,3619.553801677808,3296.9744952729575,1199.5138542022823,19
3.3499999999999996,3.3499999999999996,3.3499999999999996,3754.8497501493657,3420.212694196184,1244.350696946226,19
3.3499999999999996,3.3499999999999996,3.3499999999999996,4094.5613123034846,3729.6487234803158,1356.9305196436194,19
3.3499999999999996,3.3499999999999996,3.3499999999999996,3895.546879667186,3548.3707139397634,1290.9774817241973,19
3.3499999999999996,3.3499999999999996,3.3499999999999996,3878.5952374316025,3532.929823938957,1285.3597368785101,19
3.3499999999999996,3.3499999999999996,3.3499999999999996,4155.340468758,3785.0111630666133,1377.0726267122106,19
3.3499999999999996,3.3499999999999996,3.3499999999999996,4034.173035833853,3674.642328150157,1336.9179495243018,19
3.3499999999999996,3.3499999999999996,3.3499999999999996,4106.874942748933,3740.864947287803,1361.011235423558,19
3.3499999999999996,3.3499999999999996,3.3499999999999996,4137.817713853705,3769.0500586952403,1371.265616118322,19
3.3499999999999996,3.3499999999999996,3.3499999999999996,4206.591464464185,3831.6946038880515,1394.05711782897,19
3.3499999999999996,3.3499999999999996,3.3499999999999996,3594.2887280789564,3273.961077641758,1191.1410526168452,19
3.3499999999999996,3.3499999999999996,3.3499999999999996,3501.809845060038,3189.7240320359233,1160.4937111265974,19
3.3499999999999996,3.3499999999999996,3.3499999999999996,3435.799223355878,3129.5963621350525,1138.6179055447205,19
3.3499999999999996,3.3499999999999996,3.3499999999999996,3729.0896462499536,3396.7483640037244,1235.8138431774787,19
3.3499999999999996,3.3499999999999996,3.3499999999999996,4379.494767935346,3989.1885417951535,1451.3569728152015,19
3.3499999999999996,3.3499999999999996,3.3499999999999996,4134.0168399929635,3765.5879236185892,1370.006013110923,19
3.3499999999999996,3.3499999999999996,3.3499999999999996,4156.755618403835,3786.3001927495393,1377.5416048512177,19
3.3499999999999996,3.3499999999999996,3.3499999999999996,3989.6153931463245,3634.055720087537,1322.1516239928205,19
3.3499999999999996,3.3499999999999996,3.3499999999999996,4137.776776995072,3769.0127701822853,1371.2520497143485,19
3.3499999999999996,3.3499999999999996,3.3499999999999996,4585.869890625825,4177.171247192138,1519.7493306564288,19
3.3499999999999996,3.3499999999999996,3.3499999999999996,4064.8015453944563,3702.5411854078457,1347.0681844882026,19
3.3499999999999996,3.3499999999999996,3.3499999999999996,4417.05067171302,4023.3974149564033,1463.8029342117482,19
3.3499999999999996,3.3499999999999996,3.3499999999999996,3724.2497005025953,3392.3397604680763,1234.2098935484246,19
3.3499999999999996,3.3499999999999996,3.3499999999999996,5154.702563315947,4695.308817924737,1708.25949212949,19
3.3499999999999996,3.3499999999999996,3.3499999999999996,4478.620067219779,4079.479666470682,1484.2069251321163,19
3.3499999999999996,3.3499999999999996,3.3499999999999996,4487.218619194322,4087.311904395479,1487.0564703480934,19
3.3499999999999996,3.3499999999999996,3.3499999999999996,4345.723607176602,3958.4271104701847,1440.165268693044,19
3.3499999999999996,3.3499999999999996,3.3499999999999996,3962.730681192805,3609.567008362232,1313.2420770648162,19
3.3499999999999996,3.3499999999999996,3.3499999999999996,3864.7384327331047,3520.307955559558,1280.7676158267054,19
3.3499999999999996,3.3499999999999996,3.3499999999999996,3780.5111751504246,3443.5871398810723,1252.8548486991504,19
3.3499999999999996,3.3499999999999996,3.3499999999999996,4205.089609275182,3830.326595971871,1393.5594056232887,19
3.3499999999999996,3.3499999999999996,3.3499999999999996,4196.188993550173,3822.219214607909,1390.6097570041334,19
3.3499999999999996,3.3499999999999996,3.3499999999999996,4112.33594828443,3745.8392609616963,1362.8210031895924,19
3.3499999999999996,3.3499999999999996,3.3499999999999996,3517.2407145267234,3203.7796824997918,1165.6074745134256,19
3.3499999999999996,3.3499999999999996,3.3499999999999996,4313.507303849897,3929.081965676124,1429.4888416280144,19
3.3499999999999996,3.3499999999999996,3.3499999999999996,3359.873108838811,3060.4368809382513,1113.4561228363787,19
3.3499999999999996,3.3499999999999996,3.3499999999999996,3723.789066413914,3391.920178683898,1234.0572402100945,19
3.3499999999999996,3.3499999999999996,3.3499999999999996,3932.1653514624845,3581.725700266808,1303.1127797871281,19
3.3499999999999996,3.3499999999999996,3.3499999999999996,3609.2467382666564,3287.586010655883,1196.0981112584734,19
3.3499999999999996,3.3499999999999996,3.3499999999999996,3737.799928493339,3404.6823746515993,1238.7004156108299,19
3.3499999999999996,3.3499999999999996,3.3499999999999996,3890.06075137326,3543.373516480098,1289.1593883195776,19
3.3499999999999996,3.3499999999999996,3.3499999999999996,3932.046483230292,3581.6174257248863,1303.0733870610761,19
3.3499999999999996,3.3499999999999996,3.3499999999999996,3874.21068402104,3528.936027587293,1283.9067034802983,19
3.3499999999999996,3.3499999999999996,3.3499999999999996,3590.3569970065314,3270.3797475170218,1189.8380837563777,19
3.3499999999999996,3.3499999999999996,3.3499999999999996,3590.9723376574284,3270.940248214916,1190.0420065811923,19
3.3499999999999996,3.3499999999999996,3.3499999999999996,3519.839669887406,3206.1470156043724,1166.4687638138214,19
3.3499999999999996,3.3499999999999996,3.3499999999999996,4129.899004808379,3761.8370752203637,1368.6413696703585,19
3.3499999999999996,3.3499999999999996,3.3499999999999996,4357.85618569367,3969.4784179308235,1444.1859841778303,19
3.3499999999999996,3.3499999999999996,3.3499999999999996,3359.19642178572,3059.8205011087025,1113.2318699202415,19
3.3499999999999996,3.3499999999999996,3.3499999999999996,3881.812132699277,3535.860025348469,1286.425810392683,19
3.3499999999999996,3.3499999999999996,3.3499999999999996,4210.7538407143065,3835.486023794567,1395.4365221014273,19
3.3499999999999996,3.3499999999999996,3.3499999999999996,3962.409819023575,3609.2747418436475,1313.1357438982523,19
3.3499999999999996,3.3499999999999996,3.3499999999999996,4611.050671593533,4200.107884460273,1528.0941978100536,19
3.3499999999999996,3.3499999999999996,3.3499999999999996,4307.554776140218,3923.659934918598,1427.516184265669,19
3.3499999999999996,3.3499999999999996,3.3499999999999996,3954.9721693729866,3602.4999451293675,1310.6709196996317,19
3.3499999999999996,3.3499999999999996,3.3499999999999996,3635.3711500458985,3311.382181139726,1204.7556960269496,19
3.3499999999999996,3.3499999999999996,3.3499999999999996,4367.353985508555,3978.1297615678122,1447.3335385689572,19
3.3499999999999996,3.3499999999999996,3.3499999999999996,4831.838575852551,4401.218885730465,1601.2629264738505,19
3.3499999999999996,3.3499999999999996,3.3499999999999996,3795.182480878175,3456.9509199067547,1257.7168939798464,19
3.3499999999999996,3.3499999999999996,3.3499999999999996,4177.586905915065,3805.288683476431,1384.4531454080811,20
3.3499999999999996,3.3499999999999996,3.3499999999999996,3619.553801677808,3296.986377771524,1199.5208618189072,20
3.3499999999999996,3.3499999999999996,3.3499999999999996,3754.8497501493657,3420.225020852788,1244.3579665018053,20
3.3499999999999996,3.3499999999999996,3.3499999999999996,4094.5613123034846,3729.662165363373,1356.9384468958435,20
3.3499999999999996,3.3499999999999996,3.3499999999999996,3895.546879667186,3548.383502485741,1290.9850236756565,20
3.3499999999999996,3.3499999999999996,3.3499999999999996,3878.5952374316025,3532.942556835017,1285.3672460108385,20
3.3499999999999996,3.3499999999999996,3.3499999999999996,4155.340468758,3785.0248044793034,1377.0806716355758,20
3.3499999999999996,3.3499999999999996,3.3499999999999996,4034.173035833853,3674.655571786788,1336.9257598621455,20
3.3499999999999996,3.3499999999999996,3.3499999999999996,4106.874942748933,3740.8784295948203,1361.019186515516,20
3.3499999999999996,3.3499999999999996,3.3499999999999996,4137.817713853705,3769.0636425831303,1371.2736271168567,20
3.3499999999999996,3.3499999999999996,3.3499999999999996,4206.591464464185,3831.7084135507293,1394.065261976535,20
3.3499999999999996,3.3499999999999996,3.3499999999999996,3594.2887280789564,3273.9728771985533,1191.1480113191672,20
3.3499999999999996,3.3499999999999996,3.3499999999999996,3501.809845060038,3189.735527997233,1160.500490785702,20
3.3499999999999996,3.3499999999999996,3.3499999999999996,3435.799223355878,3129.607641392546,1138.6245574043355,20
3.3499999999999996,3.3499999999999996,3.3499999999999996,3729.0896462499536,3396.76060609344,1235.8210628603551,20
3.3499999999999996,3.3499999999999996,3.3499999999999996,4379.494767935346,3989.2029190756552,1451.3654517112266,20
3.3499999999999996,3.3499999999999996,3.3499999999999996,4134.0168399929635,3765.601495028731,1370.0140167507973,20
3.3499999999999996,3.3499999999999996,3.3499999999999996,4156.755618403835,3786.3138388079706,1377.549652514376,20
3.3499999999999996,3.3499999999999996,3.3499999999999996,3989.6153931463245,3634.0688174475376,1322.1593480650922,20
3.3499999999999996,3.3499999999999996,3.3499999999999996,4137.776776995072,3769.026353935784,1371.2600606336275,20
3.3499999999999996,3.3499999999999996,3.3499999999999996,4585.869890625825,4177.186301973857,1519.7582091038416,20
3.3499999999999996,3.3499999999999996,3.3499999999999996,4064.8015453944563,3702.554529593671,1347.0760541241984,20
3.3499999999999996,3.3499999999999996,3.3499999999999996,4417.05067171302,4023.4119155277845,1463.8114858176687,20
3.3499999999999996,3.3499999999999996,3.3499999999999996,3724.2497005025953,3392.3519866689144,1234.217103860951,20
3.3499999999999996,3.3499999999999996,3.3499999999999996,5154.702563315947,4695.325740106082,1708.2694718621742,20
3.3499999999999996,3.3499999999999996,3.3499999999999996,4478.620067219779,4079.494369165943,1484.215595939116,20
3.3499999999999996,3.3499999999999996,3.3499999999999996,4487.218619194322,4087.3266353186073,1487.065157802271,20
3.3499999999999996,3.3499999999999996,3.3499999999999996,4345.723607176602,3958.4413768845984,1440.1736822066057,20
3.3499999999999996,3.3499999999999996,3.3499999999999996,3962.730681192805,3609.5800174634132,1313.2497490870935,20
3.3499999999999996,3.3499999999999996,3.3499999999999996,3864.7384327331047,3520.3206429656307,1280.775098131646,20
3.3499999999999996,3.3499999999999996,3.3499999999999996,3780.5111751504246,3443.5995507806147,1252.862167936386,20
3.3499999999999996,3.3499999999999996,3.3499999999999996,4205.089609275182,3830.340400704163,1393.5675468631957,20
3.3499999999999996,3.3499999999999996,3.3499999999999996,4196.188993550173,3822.2329901207013,1390.6178810120534,20
3.3499999999999996,3.3499999999999996,3.3499999999999996,4112.33594828443,3745.852761196445,1362.8289648542996,20
3.3499999999999996,3.3499999999999996,3.3499999999999996,3517.2407145267234,3203.7912291185285,1165.614284047378,20
3.3499999999999996,3.3499999999999996,3.3499999999999996,4313.507303849897,3929.096126328834,1429.497192769384,20
3.3499999999999996,3.3499999999999996,3.3499999999999996,3359.873108838811,3060.447910940728,1113.4626276996692,20
3.3499999999999996,3.3499999999999996,3.3499999999999996,3723.789066413914,3391.9324033725375,1234.064449630813,20
3.3499999999999996,3.3499999999999996,3.3499999999999996,3932.1653514624845,3581.7386090262057,1303.120392633572,20
3.3499999999999996,3.3499999999999996,3.3499999999999996,3609.2467382666564,3287.597859317773,1196.1050989201665,20
3.3499999999999996,3.3499999999999996,3.3499999999999996,3737.799928493339,3404.6946453359765,1238.7076521571985,20
3.3499999999999996,3.3499999999999996,3.3499999999999996,3890.06075137326,3543.386287015868,1289.1669196496493,20
3.3499999999999996,3.3499999999999996,3.3499999999999996,3932.046483230292,3581.6303340940553,1303.0809996773862,20
3.3499999999999996,3.3499999999999996,3.3499999999999996,3874.21068402104,3528.948746089467,1283.9142041239377,20
3.3499999999999996,3.3499999999999996,3.3499999999999996,3590.3569970065314,3270.3915341664815,1189.8450348466947,20
3.3499999999999996,3.3499999999999996,3.3499999999999996,3590.9723376574284,3270.952036884456,1190.048958862836,20
3.3499999999999996,3.3499999999999996,3.3499999999999996,3519.839669887406,3206.1585707551235,1166.4755783794667,20
3.3499999999999996,3.3499999999999996,3.3499999999999996,4129.899004808379,3761.8506331122185,1368.6493653379214,20
3.3499999999999996,3.3499999999999996,3.3499999999999996,4357.85618569367,3969.4927241748287,1444.1944211806012,20
3.3499999999999996,3.3499999999999996,3.3499999999999996,3359.19642178572,3059.8315288897084,1113.2383734734358,20
3.3499999999999996,3.3499999999999996,3.3499999999999996,3881.812132699277,3535.8727688051567,1286.433325753063,20
3.3499999999999996,3.3499999999999996,3.3499999999999996,4210.7538407143065,3835.4998471217527,1395.4446743075378,20
3.3499999999999996,3.3499999999999996,3.3499999999999996,3962.409819023575,3609.2877498914822,1313.1434152993263,20
3.3499999999999996,3.3499999999999996,3.3499999999999996,4611.050671593533,4200.12302190704,1528.1031250085741,20
3.3499999999999996,3.3499999999999996,3.3499999999999996,4307.554776140218,3923.674076029977,1427.5245238826813,20
3.3499999999999996,3.3499999999999996,3.3499999999999996,3954.9721693729866,3602.5129287604186,1310.6785767010865,20
3.3499999999999996,3.3499999999999996,3.3499999999999996,3635.3711500458985,3311.3941155644766,1204.762734266662,20
3.3499999999999996,3.3499999999999996,3.3499999999999996,4367.353985508555,3978.1440989917905,1447.34199395989,20
3.3499999999999996,3.3499999999999996,3.3499999999999996,4831.838575852551,4401.234747993632,1601.2722811275423,20
3.3499999999999996,3.3499999999999996,3.3499999999999996,3795.182480878175,3456.96337897018,1257.7242416213805,20
3.3499999999999996,3.3499999999999996,3.3499999999999996,4177.586905915065,3805.290054957037,1384.453954229137,21
3.3499999999999996,3.3499999999999996,3.3499999999999996,3619.553801677808,3296.987566052691,1199.5215625993799,21
3.3499999999999996,3.3499999999999996,3.3499999999999996,3754.8497501493657,3420.226253550929,1244.3586934768762,21
3.3499999999999996,3.3499999999999996,3.3499999999999996,4094.5613123034846,3729.6635095870975,1356.9392396423445,21
3.3499999999999996,3.3499999999999996,3.3499999999999996,3895.546879667186,3548.384781374036,1290.985777891047,21
3.3499999999999996,3.3499999999999996,3.3499999999999996,3878.5952374316025,3532.9438301581745,1285.3679969442276,21
3.3499999999999996,3.3499999999999996,3.3499999999999996,4155.340468758,3785.0261686565163,1377.081476149507,21
3.3499999999999996,3.3499999999999996,3.3499999999999996,4034.173035833853,3674.6568961853463,1336.926540916895,21
3.3499999999999996,3.3499999999999996,3.3499999999999996,4106.874942748933,3740.879777861047,1361.0199816460547,21
3.3499999999999996,3.3499999999999996,3.3499999999999996,4137.817713853705,3769.065001007712,1371.2744282382137,21
3.3499999999999996,3.3499999999999996,3.3499999999999996,4206.591464464185,3831.7097945533847,1394.0660764131526,21
3.3499999999999996,3.3499999999999996,3.3499999999999996,3594.2887280789564,3273.974057185324,1191.1487072080783,21
3.3499999999999996,3.3499999999999996,3.3499999999999996,3501.809845060038,3189.736677623655,1160.501168769811,21
3.3499999999999996,3.3499999999999996,3.3499999999999996,3435.799223355878,3129.6087693480167,1138.6252226081526,21
3.3499999999999996,3.3499999999999996,3.3499999999999996,3729.0896462499536,3396.76183033467,1235.8217848480224,21
3.3499999999999996,3.3499999999999996,3.3499999999999996,4379.494767935346,3989.2043568415893,1451.3662996235894,21
3.3499999999999996,3.3499999999999996,3.3499999999999996,4134.0168399929635,3765.6028522055053,1370.0148171362691,21
3.3499999999999996,3.3499999999999996,3.3499999999999996,4156.755618403835,3786.315203449772,1377.5504573022931,21
3.3499999999999996,3.3499999999999996,3.3499999999999996,3989.6153931463245,3634.07012721805,1322.160120493053,21
3.3499999999999996,3.3499999999999996,3.3499999999999996,4137.776776995072,3769.0277123469264,1371.2608617470594,21
3.3499999999999996,3.3499999999999996,3.3499999999999996,4585.869890625825,4177.187807491697,1519.7590969724151,21
3.3499999999999996,3.3499999999999996,3.3499999999999996,4064.8015453944563,3702.5558640474155,1347.0768411089218,21
3.3499999999999996,3.3499999999999996,3.3499999999999996,4417.05067171302,4023.413365623132,1463.8123410012158,21
3.3499999999999996,3.3499999999999996,3.3499999999999996,3724.2497005025953,3392.353209321214,1234.2178249115582,21
3.3499999999999996,3.3499999999999996,3.3499999999999996,5154.702563315947,4695.327432368806,1708.2704698622313,21
3.3499999999999996,3.3499999999999996,3.3499999999999996,4478.620067219779,4079.4958394742107,1484.2164630430907,21
3.3499999999999996,3.3499999999999996,3.3499999999999996,4487.218619194322,4087.328108449735,1487.066026571008,21
3.3499999999999996,3.3499999999999996,3.3499999999999996,4345.723607176602,3958.442803563633,1440.1745235805458,21
3.3499999999999996,3.3499999999999996,3.3499999999999996,3962.730681192805,3609.5813184078097,1313.2505163099154,21
3.3499999999999996,3.3499999999999996,3.3499999999999996,3864.7384327331047,3520.3219117396693,1280.7758463822245,21
3.3499999999999996,3.3499999999999996,3.3499999999999996,3780.5111751504246,3443.6007919032704,1252.8628998797562,21
3.3499999999999996,3.3499999999999996,3.3499999999999996,4205.089609275182,3830.341781213768,1393.5683610090398,21
3.3499999999999996,3.3499999999999996,3.3499999999999996,4196.188993550173,3822.234367708279,1390.6186934346524,21
3.3499999999999996,3.3499999999999996,3.3499999999999996,4112.33594828443,3745.854111255492,1362.8297610421419,21
3.3499999999999996,3.3499999999999996,3.3499999999999996,3517.2407145267234,3203.7923838108277,1165.6149650190519,21
3.3499999999999996,3.3499999999999996,3.3499999999999996,4313.507303849897,3929.097542431419,1429.4980279059373,21
3.3499999999999996,3.3499999999999996,3.3499999999999996,3359.873108838811,3060.4490139700392,1113.4632782034594,21
3.3499999999999996,3.3499999999999996,3.3499999999999996,3723.789066413914,3391.9336258736143,1234.0651705922369,21
3.3499999999999996,3.3499999999999996,3.3499999999999996,3932.1653514624845,3581.73989993616,1303.1211539386518,21
3.3499999999999996,3.3499999999999996,3.3499999999999996,3609.2467382666564,3287.599044215183,1196.1057977050925,21
3.3499999999999996,3.3499999999999996,3.3499999999999996,3737.799928493339,3404.695872436749,1238.7083758312601,21
3.3499999999999996,3.3499999999999996,3.3499999999999996,3890.06075137326,3543.3875641030945,1289.1676728028726,21
3.3499999999999996,3.3499999999999996,3.3499999999999996,3932.046483230292,3581.6316249649863,1303.0817609594517,21
3.3499999999999996,3.3499999999999996,3.3499999999999996,3874.21068402104,3528.950017973198,1283.9149542084353,21
3.3499999999999996,3.3499999999999996,3.3499999999999996,3590.3569970065314,3270.392712862486,1189.845729974385,21
3.3499999999999996,3.3499999999999996,3.3499999999999996,3590.9723376574284,3270.9532157824747,1190.0496541096618,21
3.3499999999999996,3.3499999999999996,3.3499999999999996,3519.839669887406,3206.159726300646,1166.4762598543234,21
3.3499999999999996,3.3499999999999996,3.3499999999999996,4129.899004808379,3761.851988937128,1368.6501649261406,21
3.3499999999999996,3.3499999999999996,3.3499999999999996,4357.85618569367,3969.494154836926,1444.1952649035252,21
3.3499999999999996,3.3499999999999996,3.3499999999999996,3359.19642178572,3059.8326316968673,1113.2390238462128,21
3.3499999999999996,3.3499999999999996,3.3499999999999996,3881.812132699277,3535.874043184404,1286.4340773092745,21
3.3499999999999996,3.3499999999999996,3.3499999999999996,4210.7538407143065,3835.501229490896,1395.4454895500312,21
3.3499999999999996,3.3499999999999996,3.3499999999999996,3962.409819023575,3609.289050730542,1313.1441824600265,21
3.3499999999999996,3.3499999999999996,3.3499999999999996,4611.050671593533,4200.124535691604,1528.1040177523894,21
3.3499999999999996,3.3499999999999996,3.3499999999999996,4307.554776140218,3923.6754901783765,1427.5253578667684,21
3.3499999999999996,3.3499999999999996,3.3499999999999996,3954.9721693729866,3602.514227157736,1310.6793424217853,21
3.3499999999999996,3.3499999999999996,3.3499999999999996,3635.3711500458985,3311.3953090383984,1204.763438109526,21
3.3499999999999996,3.3499999999999996,3.3499999999999996,4367.353985508555,3978.1455327719677,1447.34283952168,21
3.3499999999999996,3.3499999999999996,3.3499999999999996,4831.838575852551,4401.236334261745,1601.2732166180217,21
3.3499999999999996,3.3499999999999996,3.3499999999999996,3795.182480878175,3456.964624909352,1257.7249764052567,21
3.3499999999999996,3.3499999999999996,3.3499999999999996,4177.586905915065,3805.2901921054595,1384.4540351114595,22
3.3499999999999996,3.3499999999999996,3.3499999999999996,3619.553801677808,3296.98768488112,1199.5216326776153,22
3.3499999999999996,3.3499999999999996,3.3499999999999996,3754.8497501493657,3420.226376821068,1244.3587661745785,22
3.3499999999999996,3.3499999999999996,3.3499999999999996,4094.5613123034846,3729.663644009825,1356.9393189172076,22
3.3499999999999996,3.3499999999999996,3.3499999999999996,3895.546879667186,3548.384909263202,1290.9858533127888,22
3.3499999999999996,3.3499999999999996,3.3499999999999996,3878.5952374316025,3532.943957490826,1285.3680720377683,22
3.3499999999999996,3.3499999999999996,3.3499999999999996,4155.340468758,3785.0263050745975,1377.0815566011158,22
3.3499999999999996,3.3499999999999996,3.3499999999999996,4034.173035833853,3674.6570286255524,1336.926619022579,22
3.3499999999999996,3.3499999999999996,3.3499999999999996,4106.874942748933,3740.879912688025,1361.0200611593223,22
3.3499999999999996,3.3499999999999996,3.3499999999999996,4137.817713853705,3769.0651368505287,1371.2745083505645,22
3.3499999999999996,3.3499999999999996,3.3499999999999996,4206.591464464185,3831.709932654015,1394.066157857033,22
3.3499999999999996,3.3499999999999996,3.3499999999999996,3594.2887280789564,3273.974175184313,1191.1487767971564,22
3.3499999999999996,3.3499999999999996,3.3499999999999996,3501.809845060038,3189.7367925866,1160.501236568404,22
3.3499999999999996,3.3499999999999996,3.3499999999999996,3435.799223355878,3129.6088821438607,1138.6252891287124,22
3.3499999999999996,3.3499999999999996,3.3499999999999996,3729.0896462499536,3396.7619527591155,1235.8218570469828,22
3.3499999999999996,3.3499999999999996,3.3499999999999996,4379.494767935346,3989.204500618562,1451.3663844150526,22
3.3499999999999996,3.3499999999999996,3.3499999999999996,4134.0168399929635,3765.602987923541,1370.014897175031,22
3.3499999999999996,3.3499999999999996,3.3499999999999996,4156.755618403835,3786.315339914311,1377.5505377813013,22
3.3499999999999996,3.3499999999999996,3.3499999999999996,3989.6153931463245,3634.0702581954456,1322.1601977360565,22
3.3499999999999996,3.3499999999999996,3.3499999999999996,4137.776776995072,3769.0278481883993,1371.260941858617,22
3.3499999999999996,3.3499999999999996,3.3499999999999996,4585.869890625825,4177.187958043876,1519.7591857595103,22
3.3499999999999996,3.3499999999999996,3.3499999999999996,4064.8015453944563,3702.5559974931416,1347.0769198076057,22
3.3499999999999996,3.3499999999999996,3.3499999999999996,4417.05067171302,4023.413510633048,1463.8124265197998,22
3.3499999999999996,3.3499999999999996,3.3499999999999996,3724.2497005025953,3392.353331586766,1234.2178970168122,22
3.3499999999999996,3.3499999999999996,3.3499999999999996,5154.702563315947,4695.327601595524,1708.2705696625044,22
3.3499999999999996,3.3499999999999996,3.3499999999999996,4478.620067219779,4079.4959865054234,1484.2165497537212,22
3.3499999999999996,3.3499999999999996,3.3499999999999996,4487.218619194322,4087.3282557632365,1487.066113448115,22
3.3499999999999996,3.3499999999999996,3.3499999999999996,4345.723607176602,3958.4429462319113,1440.174607718166,22
3.3499999999999996,3.3499999999999996,3.3499999999999996,3962.730681192805,3609.5814485025926,1313.2505930324032,22
3.3499999999999996,3.3499999999999996,3.3499999999999996,3864.7384327331047,3520.322038617407,1280.7759212074827,22
3.3499999999999996,3.3499999999999996,3.3499999999999996,3780.5111751504246,3443.6009160158637,1252.8629730742894,22
3.3499999999999996,3.3499999999999996,3.3499999999999996,4205.089609275182,3830.3419192650917,1393.5684424238423,22
3.3499999999999996,3.3499999999999996,3.3499999999999996,4196.188993550173,3822.2345054674,1390.61877467713,22
3.3499999999999996,3.3499999999999996,3.3499999999999996,4112.33594828443,3745.8542462617525,1362.8298406611395,22
3.3499999999999996,3.3499999999999996,3.3499999999999996,3517.2407145267234,3203.792499280361,1165.615033116402,22
3.3499999999999996,3.3499999999999996,3.3499999999999996,4313.507303849897,3929.0976840420494,1429.498111419817,22
3.3499999999999996,3.3499999999999996,3.3499999999999996,3359.873108838811,3060.449124273261,1113.463343254013,22
3.3499999999999996,3.3499999999999996,3.3499999999999996,3723.789066413914,3391.933748124044,1234.0652426885729,22
3.3499999999999996,3.3499999999999996,3.3499999999999996,3932.1653514624845,3581.740029027496,1303.1212300693635,22
3.3499999999999996,3.3499999999999996,3.3499999999999996,3609.2467382666564,3287.5991627052363,1196.1058675837728,22
3.3499999999999996,3.3499999999999996,3.3499999999999996,3737.799928493339,3404.695995147149,1238.7084481988604,22
3.3499999999999996,3.3499999999999996,3.3499999999999996,3890.06075137326,3543.3876918121537,1289.1677481183974,22
3.3499999999999996,3.3499999999999996,3.3499999999999996,3932.046483230292,3581.6317540524187,1303.0818370878621,22
3.3499999999999996,3.3499999999999996,3.3499999999999996,3874.21068402104,3528.9501451619058,1283.9150292170855,22
3.3499999999999996,3.3499999999999996,3.3499999999999996,3590.3569970065314,3270.392830732397,1189.8457994873404,22
3.3499999999999996,3.3499999999999996,3.3499999999999996,3590.9723376574284,3270.9533336725867,1190.049723634531,22
3.3499999999999996,3.3499999999999996,3.3499999999999996,3519.839669887406,3206.1598418555036,1166.476328001992,22
3.3499999999999996,3.3499999999999996,3.3499999999999996,4129.899004808379,3761.852124519976,1368.6502448851766,22
3.3499999999999996,3.3499999999999996,3.3499999999999996,4357.85618569367,3969.494297903513,1444.1953492760442,22
3.3499999999999996,3.3499999999999996,3.3499999999999996,3359.19642178572,3059.832741977873,1113.239088883665,22
3.3499999999999996,3.3499999999999996,3.3499999999999996,3881.812132699277,3535.8741706226647,1286.4341524650972,22
3.3499999999999996,3.3499999999999996,3.3499999999999996,4210.7538407143065,3835.501367728174,1395.4455710744994,22
3.3499999999999996,3.3499999999999996,3.3499999999999996,3962.409819023575,3609.2891808147897,1313.1442591763023,22
3.3499999999999996,3.3499999999999996,3.3499999999999996,4611.050671593533,4200.12468707046,1528.1041070270105,22
3.3499999999999996,3.3499999999999996,3.3499999999999996,4307.554776140218,3923.6756315935886,1427.5254412654012,22
3.3499999999999996,3.3499999999999996,3.3499999999999996,3954.9721693729866,3602.51435699781,1310.6794189940613,22
3.3499999999999996,3.3499999999999996,3.3499999999999996,3635.3711500458985,3311.395428386106,1204.7635084940011,22
3.3499999999999996,3.3499999999999996,3.3499999999999996,4367.353985508555,3978.1456761503637,1447.3429240780856,22
3.3499999999999996,3.3499999999999996,3.3499999999999996,4831.838575852551,4401.236492888975,1601.2733101673207,22
3.3499999999999996,3.3499999999999996,3.3499999999999996,3795.182480878175,3456.9647495035983,1257.7250498838416,22
3.3499999999999996,3.3499999999999996,3.3499999999999996,4177.586905915065,3805.2902073441765,1384.4540440983867,23
3.3499999999999996,3.3499999999999996,3.3499999999999996,3619.553801677808,3296.9876980842823,1199.5216404640878,23
3.3499999999999996,3.3499999999999996,3.3499999999999996,3754.8497501493657,3420.2263905177538,1244.3587742521033,23
3.3499999999999996,3.3499999999999996,3.3499999999999996,4094.5613123034846,3729.663658945687,1356.939327725528,23
3.3499999999999996,3.3499999999999996,3.3499999999999996,3895.546879667186,3548.384923473114,1290.985861692984,23
3.3499999999999996,3.3499999999999996,3.3499999999999996,3878.5952374316025,3532.9439716389024,1285.3680803814975,23
3.3499999999999996,3.3499999999999996,3.3499999999999996,4155.340468758,3785.0263202321657,1377.0815655401855,23
3.3499999999999996,3.3499999999999996,3.3499999999999996,4034.173035833853,3674.6570433411352,1336.9266277009908,23
3.3499999999999996,3.3499999999999996,3.3499999999999996,4106.874942748933,3740.879927668805,1361.020069994132,23
3.3499999999999996,3.3499999999999996,3.3499999999999996,4137.817713853705,3769.0651519441785,1371.2745172519394,23
3.3499999999999996,3.3499999999999996,3.3499999999999996,4206.591464464185,3831.7099479985313,1394.0661669063552,23
3.3499999999999996,3.3499999999999996,3.3499999999999996,3594.2887280789564,3273.9741882953144,1191.148784529278,23
3.3499999999999996,3.3499999999999996,3.3499999999999996,3501.809845060038,3189.7368053602645,1160.5012441015829,23
3.3499999999999996,3.3499999999999996,3.3499999999999996,3435.799223355878,3129.608894676736,1138.625296519888,23
3.3499999999999996,3.3499999999999996,3.3499999999999996,3729.0896462499536,3396.761966361835,1235.821865069091,23
3.3499999999999996,3.3499999999999996,3.3499999999999996,4379.494767935346,3989.204516593784,1451.366393836329,23
3.3499999999999996,3.3499999999999996,3.3499999999999996,4134.0168399929635,3765.6030030033257,1370.0149060682293,23
3.3499999999999996,3.3499999999999996,3.3499999999999996,4156.755618403835,3786.3153550770426,1377.5505467234152,23
3.3499999999999996,3.3499999999999996,3.3499999999999996,3989.6153931463245,3634.0702727484936,1322.1602063186144,23
3.3499999999999996,3.3499999999999996,3.3499999999999996,4137.776776995072,3769.0278632819,1371.2609507599036,23
3.3499999999999996,3.3499999999999996,3.3499999999999996,4585.869890625825,4177.187974771902,1519.759195624746,23
3.3499999999999996,3.3499999999999996,3.3499999999999996,4064.8015453944563,3702.5560123204473,1347.076928551906,23
3.3499999999999996,3.3499999999999996,3.3499999999999996,4417.05067171302,4023.4135267452652,1463.8124360218671,23
3.3499999999999996,3.3499999999999996,3.3499999999999996,3724.2497005025953,3392.353345171831,1234.2179050285092,23
3.3499999999999996,3.3499999999999996,3.3499999999999996,5154.702563315947,4695.327620398497,1708.2705807514267,23
3.3499999999999996,3.3499999999999996,3.3499999999999996,4478.620067219779,4079.4960028422297,1484.216559388238,23
3.3499999999999996,3.3499999999999996,3.3499999999999996,4487.218619194322,4087.3282721314076,1487.0661231011297,23
3.3499999999999996,3.3499999999999996,3.3499999999999996,4345.723607176602,3958.4429620839474,1440.1746170667925,23
3.3499999999999996,3.3499999999999996,3.3499999999999996,3962.730681192805,3609.581462957572,1313.2506015571262,23
3.3499999999999996,3.3499999999999996,3.3499999999999996,3864.7384327331047,3520.3220527149374,1280.775929521403,23
3.3499999999999996,3.3499999999999996,3.3499999999999996,3780.5111751504246,3443.600929806155,1252.862981207018,23
3.3499999999999996,3.3499999999999996,3.3499999999999996,4205.089609275182,3830.3419346041323,1393.5684514699342,23
3.3499999999999996,3.3499999999999996,3.3499999999999996,4196.188993550173,3822.2345207739727,1390.6187837040743,23
3.3499999999999996,3.3499999999999996,3.3499999999999996,4112.33594828443,3745.8542612624524,1362.8298495076972,23
3.3499999999999996,3.3499999999999996,3.3499999999999996,3517.2407145267234,3203.7925121103126,1165.615040682776,23
3.3499999999999996,3.3499999999999996,3.3499999999999996,4313.507303849897,3929.0976997765683,1429.4981206991395,23
3.3499999999999996,3.3499999999999996,3.3499999999999996,3359.873108838811,3060.4491365291783,1113.4633504818544,23
3.3499999999999996,3.3499999999999996,3.3499999999999996,3723.789066413914,3391.933761707428,1234.0652506992787,23
3.3499999999999996,3.3499999999999996,3.3499999999999996,3932.1653514624845,3581.7400433709804,1303.1212385283338,23
3.3499999999999996,3.3499999999999996,3.3499999999999996,3609.2467382666564,3287.5991758708014,1196.1058753480722,23
3.3499999999999996,3.3499999999999996,3.3499999999999996,3737.799928493339,3404.696008781641,1238.7084562397074,23
3.3499999999999996,3.3499999999999996,3.3499999999999996,3890.06075137326,3543.3877060020527,1289.1677564867912,23
3.3499999999999996,3.3499999999999996,3.3499999999999996,3932.046483230292,3581.6317683954708,1303.081845546577,23
3.3499999999999996,3.3499999999999996,3.3499999999999996,3874.21068402104,3528.9501592939882,1283.9150375513827,23
3.3499999999999996,3.3499999999999996,3.3499999999999996,3590.3569970065314,3270.392843829057,1189.8458072110038,23
3.3499999999999996,3.3499999999999996,3.3499999999999996,3590.9723376574284,3270.953346771492,1190.049731359518,23
3.3499999999999996,3.3499999999999996,3.3499999999999996,3519.839669887406,3206.159854694935,1166.476335573957,23
3.3499999999999996,3.3499999999999996,3.3499999999999996,4129.899004808379,3761.852139584741,1368.6502537695164,23
3.3499999999999996,3.3499999999999996,3.3499999999999996,4357.85618569367,3969.4943137998043,1444.1953586507707,23
3.3499999999999996,3.3499999999999996,3.3499999999999996,3359.19642178572,3059.832754231322,1113.2390961100505,23
3.3499999999999996,3.3499999999999996,3.3499999999999996,3881.812132699277,3535.8741847824745,1286.4341608157463,23
3.3499999999999996,3.3499999999999996,3.3499999999999996,4210.7538407143065,3835.501383087877,1395.4455801327756,23
3.3499999999999996,3.3499999999999996,3.3499999999999996,3962.409819023575,3609.2891952685995,1313.1442677003345,23
3.3499999999999996,3.3499999999999996,3.3499999999999996,4611.050671593533,4200.124703890336,1528.1041169464154,23
3.3499999999999996,3.3499999999999996,3.3499999999999996,4307.554776140218,3923.6756473063947,1427.525450531918,23
3.3499999999999996,3.3499999999999996,3.3499999999999996,3954.9721693729866,3602.514371424488,1310.6794275020939,23
3.3499999999999996,3.3499999999999996,3.3499999999999996,3635.3711500458985,3311.3954416469655,1204.7635163145003,23
3.3499999999999996,3.3499999999999996,3.3499999999999996,4367.353985508555,3978.1456920813002,1447.3429334732443,23
3.3499999999999996,3.3499999999999996,3.3499999999999996,4831.838575852551,4401.236510514226,1601.2733205616898,23
3.3499999999999996,3.3499999999999996,3.3499999999999996,3795.182480878175,3456.9647633474065,1257.7250580481311,23
