3.3499999999999996,1.130082936685078,3.3499999999999996,366.5763221833631,337.1101097280523,227.65123306662224,1
3.3499999999999996,1.3520746430165702,3.3499999999999996,601.1290473522492,552.8089700574591,373.31316994732566,1
3.3499999999999996,1.508581035166052,3.3499999999999996,528.3785782892919,485.90634398901017,328.133672565405,1
3.3499999999999996,1.6927229316494468,3.3499999999999996,781.0489790761263,718.2665412514903,485.04704862843494,1
3.3499999999999996,1.858450638484502,3.3499999999999996,637.9567332585185,586.6763654280819,396.18389999780294,1
3.3499999999999996,2.007605574636052,3.3499999999999996,595.5710647643499,547.6977503558873,369.86155151773926,1
3.3499999999999996,2.0685306682813915,3.3499999999999996,501.38875143263766,461.08601888182375,311.37244988856617,1
3.3499999999999996,2.132106211343433,3.3499999999999996,509.1740510586782,468.2455189705596,316.2072767783801,1
3.3499999999999996,2.0387556686609605,3.3499999999999996,372.5737834244282,342.62548182034436,231.3757765359486,1
3.3499999999999996,1.9133122746975593,3.3499999999999996,320.2148504096713,294.47527520383665,198.85983117464448,1
3.3499999999999996,1.8562853909618244,3.3499999999999996,385.3764757276519,354.399065508042,239.32650470093785,1
3.3499999999999996,2.005656851865642,3.3499999999999996,578.6219616854595,532.1110535264647,359.3358192710378,1
3.3499999999999996,2.116931530899837,3.3499999999999996,546.864631559602,502.9064475671011,339.6138816428923,1
3.3499999999999996,2.2402383778098534,3.3499999999999996,649.9817007685712,597.7347395550456,403.6516455001441,1
3.3499999999999996,2.20957534446175,3.3499999999999996,439.9709755760901,404.6051391705117,273.23078181061896,1
3.3499999999999996,2.2599165951353504,3.3499999999999996,509.95219357704553,468.9611126788178,316.6905188567359,1
3.3499999999999996,2.3689249356218154,3.3499999999999996,577.7685965818615,531.3262837901148,358.8058624616808,1
3.3499999999999996,2.467032442059634,3.3499999999999996,620.9883889731594,571.0719740427605,385.64621857677344,1
3.3499999999999996,2.3803379493400274,3.3499999999999996,408.6944822918678,375.84271932802403,253.80745348503322,1
3.3499999999999996,2.3942534008744003,3.3499999999999996,492.78941121854285,453.1779125810781,306.0320875006243,1
3.3499999999999996,2.4898280607869605,3.3499999999999996,641.6533484126809,590.0758385113942,398.4795719959439,1
3.3499999999999996,2.3583164490457875,3.3499999999999996,370.4772347172504,340.69745831757876,230.07377782656525,1
3.3499999999999996,2.4574848041412087,3.3499999999999996,607.1330923009136,558.3303966444278,377.0418020308436,1
3.3499999999999996,2.4026695624649173,3.3499999999999996,437.6555731748029,402.4758539157698,271.7928705768574,1
3.3499999999999996,2.239048873441024,3.3499999999999996,317.8203815977752,292.27327907077785,197.37281811738796,1
3.3499999999999996,2.3501439860969215,3.3499999999999996,569.3969973440581,523.6276121442042,353.6069317782303,1
3.3499999999999996,2.4501295874872295,3.3499999999999996,602.1551837909569,553.7526233883355,373.950421213788,1
3.3499999999999996,2.380474146520296,3.3499999999999996,422.94484871674456,388.9476099018136,262.65721625463095,1
3.3499999999999996,2.437500030096368,3.3499999999999996,531.442102581845,488.72361544905976,330.0361824672324,1
3.3499999999999996,2.458473121901446,3.3499999999999996,504.08668995395743,463.56709116042725,313.0479237092925,1
3.3499999999999996,2.287730897203856,3.3499999999999996,315.76125472742643,290.37966935514527,196.0940591176699,1
3.3499999999999996,2.2642136778691473,3.3499999999999996,451.4047418589735,415.1198341275409,280.3313795180508,1
3.3499999999999996,2.253086343374102,3.3499999999999996,461.08211916017035,424.0193225190862,286.3412245138943,1
3.3499999999999996,2.1970312123133198,3.3499999999999996,417.2484071548647,383.70906086365653,259.1196120309593,1
3.3499999999999996,2.312328091081988,3.3499999999999996,600.0589441685339,551.8248841254108,372.64861445222357,1
3.3499999999999996,2.403800026808211,3.3499999999999996,556.9755822248529,512.2046577404052,345.89298437574365,1
3.3499999999999996,2.3789676453207123,3.3499999999999996,461.29785481530007,424.2177168669259,286.4752006736587,1
3.3499999999999996,2.279325376854299,3.3499999999999996,388.9153573741164,357.6534840505399,241.524221033777,1
3.3499999999999996,2.386392839168869,3.3499999999999996,722.2314544235916,664.1768988232748,448.52018859196403,1
3.3499999999999996,2.377146072901738,3.3499999999999996,473.1527472238413,435.11968690376483,293.8373261339241,1
3.3499999999999996,2.3691670648736385,3.3499999999999996,473.4484255048194,435.39159791304945,294.02094826438463,1
3.3499999999999996,2.4359146051602405,3.3499999999999996,539.3165929347583,495.9651369175284,334.92639858357825,1
3.3499999999999996,2.4320594137394353,3.3499999999999996,482.10789415186804,443.3549993908267,299.39865161265567,1
3.3499999999999996,2.2602669003318803,3.3499999999999996,310.8561459912589,285.868844066625,193.04788841721796,1
3.3499999999999996,2.2462813095782708,3.3499999999999996,457.9925276045741,421.17807914003095,284.4225263199833,1
3.3499999999999996,2.356653178620444,3.3499999999999996,587.1550511182223,539.9582344296522,364.63503859776927,1
3.3499999999999996,2.3559168534337047,3.3499999999999996,477.9355321927824,439.5180210789844,296.8075313266296,1
3.3499999999999996,2.27267011427841,3.3499999999999996,401.6705273999317,369.38336540619315,249.44543691334164,1
3.3499999999999996,2.380403102850569,3.3499999999999996,616.3991160816174,566.8515970177933,382.79618825725885,1
3.3499999999999996,2.3486520279168426,3.3499999999999996,452.4049563791366,416.039649200799,280.952532754272,1
3.3499999999999996,2.4487868251251586,3.3499999999999996,576.3760052026684,530.04563197428,357.94103534261586,1
3.3499999999999996,2.3428870678547704,3.3499999999999996,389.5661176369074,358.2519347695866,241.92835618187596,1
3.3499999999999996,2.13007379598767,3.3499999999999996,221.17702928505105,203.39833235140713,137.35536202354166,1
3.3499999999999996,1.960740679470857,3.3499999999999996,272.0701788491094,250.20057842054658,168.9610265244436,1
3.3499999999999996,1.8911820885358208,3.3499999999999996,378.4459370551411,348.02561880409485,235.0225014712263,1
3.3499999999999996,1.809493555361258,3.3499999999999996,360.35100113750667,331.3851937041219,223.78518409792773,1
3.3499999999999996,1.7485439933363838,3.3499999999999996,372.6965842069929,342.73841160543935,231.45203827976746,1
3.3499999999999996,1.9086895940027453,3.3499999999999996,617.7647860795723,568.1074914523297,383.64429665974586,1
3.3499999999999996,1.8974718063113987,3.3499999999999996,426.97494830629034,392.6537612068267,265.15998876180475,1
3.3499999999999996,1.980720833957547,3.3499999999999996,511.4718013246802,470.35857100754333,317.63422568282374,1
3.3499999999999996,1.9124055834239866,3.3499999999999996,481.48359335805134,402.74510190400457,235.07784354017474,2
3.3499999999999996,2.056165025081588,3.3499999999999996,789.5593803417752,660.4403088321627,385.4916741464861,2
3.3499999999999996,2.1855485225734292,3.3499999999999996,694.0044981980366,580.511810172424,338.83829707620805,2
3.3499999999999996,2.3019936703160866,3.3499999999999996,1025.8771401119102,858.1122992245171,500.8706198122354,2
3.3499999999999996,2.406794303284478,3.3499999999999996,837.9310985138578,700.9016513020399,409.1085104272818,2
3.3499999999999996,2.5011148729560304,3.3499999999999996,782.2591886318899,654.3339399035539,381.9274544134296,2
3.3499999999999996,2.5860033856604274,3.3499999999999996,658.5544212763928,550.8589932555764,321.5302771331978,2
3.3499999999999996,2.6624030470943847,3.3499999999999996,668.780106386082,559.4124406592919,326.52282939762983,2
3.3499999999999996,2.5948924581292054,3.3499999999999996,489.3610230081017,409.3343112787708,238.92389187976204,2
3.3499999999999996,2.4665511811690344,3.3499999999999996,420.5896221107778,351.80930888086596,205.34718678909127,2
3.3499999999999996,2.4344136909495737,3.3499999999999996,506.1768562242204,423.4001996198305,247.13399470425597,2
3.3499999999999996,2.525972321854616,3.3499999999999996,759.9972078088673,635.7125292078714,371.05834377912987,2
3.3499999999999996,2.6083750896691544,3.3499999999999996,718.2852026979443,600.8218164592724,350.69302220539834,2
3.3499999999999996,2.682537580702239,3.3499999999999996,853.7254207774159,714.1130795153604,416.81987436390244,2
3.3499999999999996,2.7029784699063835,3.3499999999999996,577.8845863035872,483.38134426631717,282.14432275022745,2
3.3499999999999996,2.767680622915745,3.3499999999999996,669.802166004272,560.2673597276843,327.0218361640658,2
3.3499999999999996,2.825912560624171,3.3499999999999996,758.8763462810973,634.7749656097567,370.51109831845366,2
3.3499999999999996,2.8783213045617537,3.3499999999999996,815.6438451222856,682.2591009385967,398.2270608036636,2
3.3499999999999996,2.837283791022098,3.3499999999999996,536.8041414880771,449.0189108174562,262.0873519372679,2
3.3499999999999996,2.888555411919888,3.3499999999999996,647.2595258447132,541.4111867791383,316.0156974097793,2
3.3499999999999996,2.9346998707278993,3.3499999999999996,842.7864572481234,704.9629983036563,411.47907357130197,2
3.3499999999999996,2.8373484944518528,3.3499999999999996,486.6072886720438,407.03090357995995,237.57941838506162,2
3.3499999999999996,2.8886136450066675,3.3499999999999996,797.4454574330288,667.0367515055018,389.34194448212526,2
3.3499999999999996,2.8853971881891822,3.3499999999999996,574.8433962408968,480.8374893591016,280.65950289012176,2
3.3499999999999996,2.724787217147002,3.3499999999999996,417.44458142492886,349.17858636199384,203.8116632687173,2
3.3499999999999996,2.7873084954323017,3.3499999999999996,747.8805796719412,625.5773705003757,365.14256419141566,2
3.3499999999999996,2.843577645889072,3.3499999999999996,790.9071702285903,661.5676904974958,386.14971430508854,2
3.3499999999999996,2.8252970825531047,3.3499999999999996,555.5214377718412,464.67531012817216,271.2258183522964,2
3.3499999999999996,2.8777673742977945,3.3499999999999996,698.028316964979,583.877601492608,340.8028720930475,2
3.3499999999999996,2.924990636868015,3.3499999999999996,662.0980574997229,553.8231277589393,323.26040952641483,2
3.3499999999999996,2.7576440986530857,3.3499999999999996,414.73999920093104,346.91629277933015,202.49118762704427,2
3.3499999999999996,2.785518052580281,3.3499999999999996,592.9023889884675,495.94323953363624,289.4765615192609,2
3.3499999999999996,2.8231055101266396,3.3499999999999996,605.6132437690203,506.5754491758741,295.6824642178866,2
3.3499999999999996,2.79920371508467,3.3499999999999996,548.039385640836,458.4168209719032,267.57280773163365,2
3.3499999999999996,2.854283343576203,3.3499999999999996,788.1538418632114,659.2646223797309,384.8054390200738,2
3.3499999999999996,2.903855009218583,3.3499999999999996,731.565539053482,611.9303786047183,357.1769665703029,2
3.3499999999999996,2.9298859484744866,3.3499999999999996,605.8966040739866,506.81247069950126,295.82081104912913,2
3.3499999999999996,2.8563621997495034,3.3499999999999996,510.825038194785,427.2882501104967,249.40340659927375,2
3.3499999999999996,2.905725979774553,3.3499999999999996,948.6226329100987,793.4914589617429,463.1521529583596,2
3.3499999999999996,2.946702610299803,3.3499999999999996,621.4675393753736,519.837043106965,303.423109326885,2
3.3499999999999996,2.983956573817729,3.3499999999999996,621.8559011777817,520.161894910524,303.612721717178,2
3.3499999999999996,3.020560916435956,3.3499999999999996,708.3711505893709,592.5290397544601,345.85262053319576,2
3.3499999999999996,3.0535048247923604,3.3499999999999996,633.2297729432003,529.6757624781778,309.1658605659378,2
3.3499999999999996,2.866654457960125,3.3499999999999996,408.2973316384566,341.52721443943165,199.3456424451829,2
3.3499999999999996,2.8921516277349184,3.3499999999999996,601.55518667647,503.18101862867155,293.7011728022718,2
3.3499999999999996,2.937936464961427,3.3499999999999996,771.2050854428111,645.0875481744131,376.53043824131925,2
3.3499999999999996,2.979142818465284,3.3499999999999996,627.7495394767133,525.0917284293234,306.49021079682836,2
3.3499999999999996,2.918395150270544,3.3499999999999996,527.5784527670728,441.30192732034175,257.5830343662769,2
3.3499999999999996,2.9615556352434895,3.3499999999999996,809.616015529912,677.217020840895,395.2840546423944,2
3.3499999999999996,2.9703366471540003,3.3499999999999996,594.2161314539618,497.042141657073,290.11797848552067,2
3.3499999999999996,3.0083029824386003,3.3499999999999996,757.0472322310143,633.2449722005173,369.6180581558933,2
3.3499999999999996,2.927847627351858,3.3499999999999996,511.67978622618267,428.0032185699752,249.8207257494234,2
3.3499999999999996,2.6754659834073564,3.3499999999999996,290.5073360825443,242.9997787846091,141.83627239007632,2
3.3499999999999996,2.489931657425485,3.3499999999999996,357.3534880201876,298.9143741008329,174.47300075056782,2
3.3499999999999996,2.446942710197674,3.3499999999999996,497.07386603633176,415.78584938770126,242.6895830303053,2
3.3499999999999996,2.3856502171911926,3.3499999999999996,473.3068788089126,395.9055506092962,231.08567340193764,2
3.3499999999999996,2.3459676229701594,3.3499999999999996,489.5223170101373,409.469228377053,239.0026414917894,2
3.3499999999999996,2.4463708606731434,3.3499999999999996,811.4097694037034,678.7174366321212,396.15983067777654,2
3.3499999999999996,2.473205073492929,3.3499999999999996,560.8148152066083,469.1030452863176,273.8102381945815,2
3.3499999999999996,2.560884566143636,3.3499999999999996,671.7981110627744,561.9369017579224,327.9963293070306,2
3.3499999999999996,1.191359426837897,3.3499999999999996,378.1541600377261,342.04047086539936,228.34337513733527,3
3.3499999999999996,1.4072234841541074,3.3499999999999996,620.1149289234837,560.8940075087145,374.44817697975486,3
3.3499999999999996,1.566670638301784,3.3499999999999996,545.0667306192514,493.01290557129676,329.1313175881914,3
3.3499999999999996,1.7450035744716057,3.3499999999999996,805.7173984170129,728.7714574170118,486.52176705674526,3
3.3499999999999996,1.905503217024445,3.3499999999999996,658.1057695404407,595.2567261732399,397.3884423199937,3
3.3499999999999996,2.0499528953220008,3.3499999999999996,614.3814046617065,555.7080343119081,370.9860643819842,3
3.3499999999999996,2.1148801132238604,3.3499999999999996,517.2244650747886,467.8295739484541,312.3191347332987,3
3.3499999999999996,2.182121270561396,3.3499999999999996,525.2556532955454,475.09378439734144,317.16866124520567,3
3.3499999999999996,2.0899467940535623,3.3499999999999996,384.3410433161265,347.6365073324376,232.07924256566062,3
3.3499999999999996,1.9628580834664646,3.3499999999999996,330.32842128768294,298.78208597835123,199.4644369721917,3
3.3499999999999996,1.907159433927203,3.3499999999999996,397.5480920565123,359.5822840745289,240.05414381937715,3
3.3499999999999996,2.0514434905344827,3.3499999999999996,596.8969861373025,539.8933762256446,360.4283301029858,3
3.3499999999999996,2.1667417964198528,3.3499999999999996,564.1366419141495,510.2616420072984,340.6464306526945,3
3.3499999999999996,2.2850676167778676,3.3499999999999996,670.5105300584164,606.4768331479131,404.8788924691136,3
3.3499999999999996,2.256634768401783,3.3499999999999996,453.86688839857146,410.52264029720993,274.0615021917802,3
3.3499999999999996,2.3105769756719514,3.3499999999999996,526.0583724364604,475.81984393058536,317.65337255422736,3
3.3499999999999996,2.4145192781047564,3.3499999999999996,596.0166686033316,539.0971289390869,359.89676203328787,3
3.3499999999999996,2.5080673502942807,3.3499999999999996,640.601502101009,579.4241147415956,386.81872253685634,3
3.3499999999999996,2.4237394678054947,3.3499999999999996,421.6025676252713,381.3395593326877,254.57911992431025,3
3.3499999999999996,2.4414806829855906,3.3499999999999996,508.353525849442,459.8058086423865,306.9625357125404,3
3.3499999999999996,2.5323326146870317,3.3499999999999996,661.9191374914285,598.7059178188078,399.6910939911593,3
3.3499999999999996,2.4027307139019203,3.3499999999999996,382.17827783629707,345.6802857665596,230.77328530937794,3
3.3499999999999996,2.497457642511728,3.3499999999999996,626.3086038473518,566.496187019673,378.1881454531374,3
3.3499999999999996,2.445340538277324,3.3499999999999996,451.47835701445734,408.36221345113836,272.6192191878972,3
3.3499999999999996,2.2809135352242573,3.3499999999999996,327.85832628289376,296.54788483023725,197.97290285751433,3
3.3499999999999996,2.3878221817018317,3.3499999999999996,587.3806632577368,531.2858613478256,354.6820247205462,3
3.3499999999999996,2.4840399635316484,3.3499999999999996,621.1734745511784,561.8514621216509,375.087365720507,3
3.3499999999999996,2.417575419314872,3.3499999999999996,436.3030133974714,394.6361138208175,263.45578917293795,3
3.3499999999999996,2.4793712990953556,3.3499999999999996,548.2270123545952,495.8713806776302,331.0396118080971,3
3.3499999999999996,2.504416251573699,3.3499999999999996,520.007614486312,470.34693283487036,313.9997026003172,3
3.3499999999999996,2.3325292682056307,3.3499999999999996,325.7341645600907,294.62658036596963,196.6902559680182,3
3.3499999999999996,2.3113319897866056,3.3499999999999996,465.66177536513527,421.19111659123035,281.18368828392806,3
3.3499999999999996,2.3033916644810066,3.3499999999999996,475.644800081259,430.2207633210804,287.2118053818114,3
3.3499999999999996,2.2488434609438763,3.3499999999999996,430.42665711453844,389.32094904836924,259.90742935317417,3
3.3499999999999996,2.3589591148494886,3.3499999999999996,619.011027918145,559.8955289527279,373.7816009956341,3
3.3499999999999996,2.4544493983436815,3.3499999999999996,574.5669338468847,519.6958419737365,346.944624128474,3
3.3499999999999996,2.432452767761445,3.3499999999999996,475.86734946734555,430.4220592602822,287.3461888775495,3
3.3499999999999996,2.3337735834975923,3.3499999999999996,401.19874469146976,362.8842997025002,242.2585420045962,3
3.3499999999999996,2.435396225147833,3.3499999999999996,745.0421985077511,673.8907337863484,449.8838521570886,3
3.3499999999999996,2.4292506842317967,3.3499999999999996,488.0966632822382,441.4834746766544,294.7306978614718,3
3.3499999999999996,2.4240652787612404,3.3499999999999996,488.4016801783615,441.7593624859054,294.9148782696095,3
3.3499999999999996,2.493865716019322,3.3499999999999996,556.3502082756935,503.2188120995328,335.94469594981416,3
3.3499999999999996,2.4922923435098867,3.3499999999999996,497.33464691525757,449.8392316816008,300.3089317807197,3
3.3499999999999996,2.31789919346421,3.3499999999999996,320.67413432417345,290.04978257452495,193.63482380709462,3
3.3499999999999996,2.3056374287825965,3.3499999999999996,472.4576277821661,427.33796569748125,285.2872736515602,3
3.3499999999999996,2.410073685904337,3.3499999999999996,605.6995821362857,547.8553250774825,365.7436609727499,3
3.3499999999999996,2.4120372134848638,3.3499999999999996,493.030506313339,445.94613613029384,297.7099335520352,3
3.3499999999999996,2.3295926998003003,3.3499999999999996,414.35677022492973,374.78573494963484,250.2038412448683,3
3.3499999999999996,2.43163342982027,3.3499999999999996,635.8672829753752,575.1420131279306,383.9600270945556,3
3.3499999999999996,2.4015666294499565,3.3499999999999996,466.69358036409704,422.1243843031363,281.80673005060595,3
3.3499999999999996,2.496409966504961,3.3499999999999996,594.5800940309806,537.7977471126087,359.0293055270461,3
3.3499999999999996,2.3920647698375266,3.3499999999999996,401.87005837342264,363.4915029866069,242.66390586968683,3
3.3499999999999996,2.175816264471365,3.3499999999999996,228.16261898959044,206.37310885406245,137.77297199390665,3
3.3499999999999996,2.0035531816334586,3.3499999999999996,280.6631626974958,253.8598552348241,169.4747291439862,3
3.3499999999999996,1.935939404761719,3.3499999999999996,390.3986613057684,353.1156233344753,235.73705486345335,3
3.3499999999999996,1.8542575006014177,3.3499999999999996,371.73222029802986,336.2318258085373,224.4655719817531,3
3.3499999999999996,1.7950101341328115,3.3499999999999996,384.4677226021921,347.75108875777585,232.1557361727581,3
3.3499999999999996,1.9505091207195304,3.3499999999999996,637.2760858895662,576.4162754871714,384.8107140532752,3
3.3499999999999996,1.9417225988859912,3.3499999999999996,440.4603984573574,398.39646897150624,265.9661710135745,3
3.3499999999999996,2.0288658139324687,3.3499999999999996,527.6259750245681,477.23774060878856,318.5999485903254,3
3.3499999999999996,1.135995551831711,3.3499999999999996,367.73468345206845,337.5842838060557,227.71914824827817,4
3.3499999999999996,1.35739599664854,3.3499999999999996,603.028582493524,553.58654295167,373.42454044776196,4
3.3499999999999996,1.514186145160206,3.3499999999999996,530.0482258995315,486.5898126421541,328.2315646685117,4
3.3499999999999996,1.6977675306441855,3.3499999999999996,783.5170514298858,719.2768443101359,485.191752691644,4
3.3499999999999996,1.862990777579767,3.3499999999999996,639.9726418870817,587.5015756980663,396.30209352205964,4
3.3499999999999996,2.01169169982179,3.3499999999999996,597.4530369825105,548.4681338843108,369.9718922970116,4
3.3499999999999996,2.0730029614809764,3.3499999999999996,502.97311265587444,461.7345756339778,311.4653416168997,4
3.3499999999999996,2.136932202452819,3.3499999999999996,510.78301340590014,468.9041461692994,316.3016108803925,4
3.3499999999999996,2.043695139290147,3.3499999999999996,373.75109634492276,343.1074137388908,231.4448028604826,4
3.3499999999999996,1.9180929874741663,3.3499999999999996,321.22671194554346,294.88947975625194,198.91915701872782,4
3.3499999999999996,1.86119426606641,3.3499999999999996,386.5942444604883,354.8975579746965,239.39790296583152,4
3.3499999999999996,2.0100748394597687,3.3499999999999996,580.450375658426,532.8595130384172,359.44301990910395,4
3.3499999999999996,2.1217377613095256,3.3499999999999996,548.5926940941663,503.6138283136751,339.7151986362332,4
3.3499999999999996,2.244563985178573,3.3499999999999996,652.0356076413693,598.5755043699832,403.7720668765654,4
3.3499999999999996,2.214116144074876,3.3499999999999996,441.36125996332584,405.1742507553774,273.3122947369084,4
3.3499999999999996,2.264804853789654,3.3499999999999996,511.5636148123633,469.62074642104903,316.7849971243347,4
3.3499999999999996,2.3733243684106884,3.3499999999999996,579.5943139674483,532.0736394566012,358.9129049977569,4
3.3499999999999996,2.4709919315696194,3.3499999999999996,622.950678555361,571.8752354073745,385.76126839502734,4
3.3499999999999996,2.3845257948714176,3.3499999999999996,409.98593465900586,376.3713741199418,253.8831718506967,4
3.3499999999999996,2.3988103972501476,3.3499999999999996,494.34659899374816,453.81534590825726,306.12338603889793,4
3.3499999999999996,2.4939293575251327,3.3499999999999996,643.6809381443617,590.9058304297733,398.59845038791974,4
3.3499999999999996,2.3626020152467886,3.3499999999999996,371.64792265769745,341.1766783068758,230.14241572588546,4
3.3499999999999996,2.4613418137221097,3.3499999999999996,609.051599898136,559.115735895344,377.1542848939139,4
3.3499999999999996,2.4067869173800043,3.3499999999999996,439.0385410162041,403.04197047959246,271.8739545311562,4
3.3499999999999996,2.2430884265020894,3.3499999999999996,318.8246767422495,292.6843863281074,197.43170034093583,4
3.3499999999999996,2.3537795838518805,3.3499999999999996,571.1962609307295,524.3641389733932,353.71242331756,4
3.3499999999999996,2.4534016254666926,3.3499999999999996,604.0579614676468,554.5315236113186,374.06198182536446,4
3.3499999999999996,2.3840540765544325,3.3499999999999996,424.2813314678231,389.4946978383503,262.7355747696053,4
3.3499999999999996,2.441540220692708,3.3499999999999996,533.1214307624639,489.4110468344341,330.1346421460285,4
3.3499999999999996,2.4629062094315315,3.3499999999999996,505.6795765163919,464.21913775203205,313.1413152816523,4
3.3499999999999996,2.292053526099032,3.3499999999999996,316.7590431428252,290.78811308914794,196.1525598491056,4
3.3499999999999996,2.2687601596280103,3.3499999999999996,452.8311563266755,415.7037355263067,280.4150107653204,4
3.3499999999999996,2.257940342073948,3.3499999999999996,462.539113614549,424.61574180616503,286.42664867793894,4
3.3499999999999996,2.2020306155962124,3.3499999999999996,418.56688945999133,384.2487803348506,259.1969151726319,4
3.3499999999999996,2.3168275540365912,3.3499999999999996,601.9550978418672,552.6010728189525,372.75978669585004,4
3.3499999999999996,2.4086872231956216,3.3499999999999996,558.7355948143761,512.9251172114338,345.99617461350755,4
3.3499999999999996,2.3841284654700696,3.3499999999999996,462.75553098263197,424.81441521255056,286.56066480680477,4
3.3499999999999996,2.28457912573096,3.3499999999999996,390.14430878075285,358.1565541340244,241.59627494328083,4
3.3499999999999996,2.391121213157864,3.3499999999999996,724.5136665939306,665.111120193511,448.65399559873595,4
3.3499999999999996,2.3821736864839,3.3499999999999996,474.6478842073245,435.73171979867004,293.9249866096125,4
3.3499999999999996,2.3744642352916148,3.3499999999999996,474.9444968156117,436.0040132739454,294.1086635200546,4
3.3499999999999996,2.4415063519292715,3.3499999999999996,541.0208040772152,496.66275411954405,335.02631716031857,4
3.3499999999999996,2.437871334950958,3.3499999999999996,483.6313289132743,443.97861595407335,299.48797119831266,4
3.3499999999999996,2.265827884135939,3.3499999999999996,311.8384345294563,286.27094294071253,193.1054803846918,4
3.3499999999999996,2.251947081079389,3.3499999999999996,459.43975911743814,421.7705019763337,284.50737807888595,4
3.3499999999999996,2.3617523729714502,3.3499999999999996,589.0104291903494,540.7177316698196,364.743820151688,4
3.3499999999999996,2.3612820977352196,3.3499999999999996,479.4457825170061,440.1362406054741,296.8960779034935,4
3.3499999999999996,2.2781177511187765,3.3499999999999996,402.93978445109434,369.90293456673396,249.5198539588064,4
3.3499999999999996,2.3853059760068986,3.3499999999999996,618.3469038107331,567.6489220627096,382.91038782610144,4
3.3499999999999996,2.353721456013275,3.3499999999999996,453.83453147039893,416.62484439779786,281.03634931015745,4
3.3499999999999996,2.4533493104119475,3.3499999999999996,578.197322075131,530.7911862949258,358.0478198748582,4
3.3499999999999996,2.3476028246617524,3.3499999999999996,390.7971254106304,358.7558466249722,242.0005306569995,4
3.3499999999999996,2.134461028207797,3.3499999999999996,221.87593668508478,203.68442942748698,137.3963392422353,4
3.3499999999999996,1.9648478463478194,3.3499999999999996,272.92990583767056,250.55250684145383,169.01143265954158,4
3.3499999999999996,1.8954792964034626,3.3499999999999996,379.64180566218187,348.5151464751905,235.0926157230387,4
3.3499999999999996,1.8137166182146922,3.3499999999999996,361.489690729815,331.8513152001973,223.8519459213766,4
3.3499999999999996,1.7529409267612497,3.3499999999999996,373.87428517129086,343.22050236934564,231.52108735546395,4
3.3499999999999996,1.9126468340851248,3.3499999999999996,619.7168892517096,568.9065830197213,383.7587492447284,4
3.3499999999999996,1.901671436871992,3.3499999999999996,428.32416595319023,393.20606216079386,265.23909392878346,4
3.3499999999999996,1.985303233830189,3.3499999999999996,513.088024437948,471.02017039392314,317.7289854864356,4
3.3499999999999996,1.1306720185603745,3.3499999999999996,366.69216379039335,337.15733738825173,227.6580108224765,5
3.3499999999999996,1.352604816704337,3.3499999999999996,601.3190098529996,552.8864161898641,373.32428442928574,5
3.3499999999999996,1.5091394798854716,3.3499999999999996,528.5455509493503,485.9744173544786,328.1434419388903,5
3.3499999999999996,1.6932255318969245,3.3499999999999996,781.2957979878514,718.3671672700045,485.0614897119694,5
3.3499999999999996,1.858902978707232,3.3499999999999996,638.1583336585559,586.7585562352807,396.19569539952965,5
3.3499999999999996,2.008012680836509,3.3499999999999996,595.7592708896993,547.7744804286422,369.8725632362453,5
3.3499999999999996,2.068976248925413,3.3499999999999996,501.54719505050934,461.1506150276942,311.38172023784847,5
3.3499999999999996,2.132587031390464,3.3499999999999996,509.3349549053353,468.31111813125415,316.2166910727483,5
3.3499999999999996,2.0392477948266334,3.3499999999999996,372.6915202862968,342.67348216018615,231.38266518092902,5
3.3499999999999996,1.9137885836028161,3.3499999999999996,320.316041350334,294.5165299091485,198.86575173728215,5
3.3499999999999996,1.8567744688538386,3.3499999999999996,385.4982583621495,354.4487152757523,239.333630059305,5
3.3499999999999996,2.0060970219684546,3.3499999999999996,578.8048117329076,532.1855999707841,359.34651761174035,5
3.3499999999999996,2.117410382161526,3.3499999999999996,547.0374459884514,502.9769025731435,339.6239928113823,5
3.3499999999999996,2.240669343945373,3.3499999999999996,650.1871011728001,597.8184795923642,403.66366323563585,5
3.3499999999999996,2.210027750492771,3.3499999999999996,440.1100105921921,404.6618225907837,273.2389165854938,5
3.3499999999999996,2.260403618982429,3.3499999999999996,510.1133433241451,469.0268120910787,316.69994753844895,5
3.3499999999999996,2.3693632570841863,3.3499999999999996,577.9511769578143,531.4007202916071,358.81654502422214,5
3.3499999999999996,2.4674269313757677,3.3499999999999996,621.1846272148912,571.1519787425938,385.6577002449394,5
3.3499999999999996,2.3807551900766386,3.3499999999999996,408.8236336383898,375.895373258371,253.81500997805347,5
3.3499999999999996,2.3947074206108736,3.3499999999999996,492.9451373630549,453.2414008356504,306.0411988537443,5
3.3499999999999996,2.4902366785497865,3.3499999999999996,641.8561169782928,590.158505569987,398.491435745661,5
3.3499999999999996,2.358743425825399,3.3499999999999996,370.5943090497717,340.7451885497133,230.08062770773466,5
3.3499999999999996,2.457869083242859,3.3499999999999996,607.3249521370166,558.4086163046835,377.05302752365816,5
3.3499999999999996,2.403079780125713,3.3499999999999996,437.79387650170713,402.53223903243844,271.80096254145985,5
3.3499999999999996,2.239451339597463,3.3499999999999996,317.9208158635018,292.31422528600837,197.37869440786727,5
3.3499999999999996,2.350506205637717,3.3499999999999996,569.5769322149674,523.7009700952825,353.6174595553905,5
3.3499999999999996,2.450455585073945,3.3499999999999996,602.3454705605891,553.8302017224678,373.9615546683379,5
3.3499999999999996,2.380830819810479,3.3499999999999996,423.0785033146975,389.0020997703335,262.6650362275833,5
3.3499999999999996,2.4379025597713126,3.3499999999999996,531.6100433447397,488.7920835020069,330.0460084832731,5
3.3499999999999996,2.458914796431381,3.3499999999999996,504.24598614608186,463.63203489373325,313.05724394168925,5
3.3499999999999996,2.2881615665900124,3.3499999999999996,315.8610382894624,290.42035028389046,196.09989733624346,5
3.3499999999999996,2.2646666500200636,3.3499999999999996,451.5473900540521,415.17799061084554,280.33972569576775,5
3.3499999999999996,2.2535699538553997,3.3499999999999996,461.2278254985892,424.07872578200846,286.34974961997267,5
3.3499999999999996,2.197529309650659,3.3499999999999996,417.38026162306306,383.76281683423997,259.1273266804419,5
3.3499999999999996,2.3127763786855935,3.3499999999999996,600.2485685064925,551.9021923916569,372.6597091486772,5
3.3499999999999996,2.404286944820197,3.3499999999999996,557.1515918103526,512.2764153852524,345.9032824890823,5
3.3499999999999996,2.3794818248396314,3.3499999999999996,461.4436293282394,424.2771479240333,286.48372976854796,5
3.3499999999999996,2.2798488149884992,3.3499999999999996,389.0382583288988,357.7035897481339,241.53141182374557,5
3.3499999999999996,2.3868639334896495,3.3499999999999996,722.4596864376778,664.2699471181337,448.53354217803087,5
3.3499999999999996,2.377646980869498,3.3499999999999996,473.3022679956214,435.180645279459,293.84607441800136,5
3.3499999999999996,2.369694829154959,3.3499999999999996,473.59803971375067,435.4525943822935,294.02970201535936,5
3.3499999999999996,2.436471718483396,3.3499999999999996,539.487022111557,496.03461947613806,334.93637019378303,5
3.3499999999999996,2.4326384633412523,3.3499999999999996,482.26024483531603,443.41711149798317,299.40756547152824,5
3.3499999999999996,2.260820948699065,3.3499999999999996,310.95437949224544,285.90889304836594,193.05363594354694,5
3.3499999999999996,2.246845798085996,3.3499999999999996,458.13725760265345,421.237084357113,284.4309943015396,5
3.3499999999999996,2.357161218277396,3.3499999999999996,587.3405977031526,540.0338802298867,364.6458947097008,5
3.3499999999999996,2.3564514000084724,3.3499999999999996,478.08656437013707,439.5795956421671,296.8163680412652,5
3.3499999999999996,2.273212869733697,3.3499999999999996,401.797459109851,369.43511440914875,249.45286353804113,5
3.3499999999999996,2.380891582760327,3.3499999999999996,616.5939040694329,566.9310104611607,382.80758507277784,5
3.3499999999999996,2.349157101921434,3.3499999999999996,452.54792065152395,416.09793454619484,280.96089742529966,5
3.3499999999999996,2.4492413917292906,3.3499999999999996,576.5581455064901,530.1198890620227,357.9516921570556,5
3.3499999999999996,2.343356905108574,3.3499999999999996,389.689224238127,358.30212430752346,241.93555900397507,5
3.3499999999999996,2.1305109018908097,3.3499999999999996,221.24692333155667,203.42682757314094,137.35945144180013,5
3.3499999999999996,1.9611498820835807,3.3499999999999996,272.15615561529864,250.23563043340044,168.96605692366987,5
3.3499999999999996,1.8916102251904865,3.3499999999999996,378.5655295734505,348.07437567964155,235.02949868847728,5
3.3499999999999996,1.8099143048474833,3.3499999999999996,360.46487548383124,331.4316193284854,223.79184675167747,5
3.3499999999999996,1.748982065783725,3.3499999999999996,372.8143598750777,342.786427766253,231.4589291952539,5
3.3499999999999996,1.9090838592053525,3.3499999999999996,617.9600056321061,568.187080841045,383.65571872560787,5
3.3499999999999996,1.8978902212064719,3.3499999999999996,427.1098764540737,392.70877029102536,265.16788324865615,5
3.3499999999999996,1.9811773846789094,3.3499999999999996,511.6334312822923,470.42446619763825,317.6436824610878,5
3.3499999999999996,1.1301418230482982,3.3499999999999996,366.5879063985731,337.11483059557213,227.6519107038211,6
3.3499999999999996,1.3521276407434684,3.3499999999999996,601.1480436917072,552.8167115574503,373.31428116858905,6
3.3499999999999996,1.5086368589487302,3.3499999999999996,528.3952756338634,485.91314858908265,328.13464930328496,6
3.3499999999999996,1.692773173053857,3.3499999999999996,781.0736610834346,718.2765998082864,485.04849244193383,6
3.3499999999999996,1.8584958557484714,3.3499999999999996,637.9768933933813,586.6845812048216,396.1850792971401,6
3.3499999999999996,2.007646270173624,3.3499999999999996,595.5898854654414,547.7054202786983,369.8626524647553,6
3.3499999999999996,2.0685752098379186,3.3499999999999996,501.4045958689773,461.09247589971653,311.3733767342147,6
3.3499999999999996,2.1321542755347114,3.3499999999999996,509.19014151905395,468.25207624961484,316.2082180155982,6
3.3499999999999996,2.038804863045234,3.3499999999999996,372.58555716601376,342.6302799247676,231.37646525979596,6
3.3499999999999996,1.913359887941789,3.3499999999999996,320.22496955135097,294.479399015974,198.86042311002365,6
3.3499999999999996,1.8563342806316645,3.3499999999999996,385.388654048404,354.40402848894695,239.32721709129075,6
3.3499999999999996,2.005700852568498,3.3499999999999996,578.6402467762407,532.1185051742116,359.33688888667194,6
3.3499999999999996,2.116979398285521,3.3499999999999996,546.8819130838012,502.9134902354917,339.61489255329394,6
3.3499999999999996,2.240281458456969,3.3499999999999996,650.0022409056411,597.7431101925201,403.65284702831804,6
3.3499999999999996,2.2096205683041097,3.3499999999999996,439.98487914312045,404.61080523392764,273.23159512201266,6
3.3499999999999996,2.259965279476795,3.3499999999999996,509.9683086275813,468.9676799789998,316.6914615323947,6
3.3499999999999996,2.3689687515291156,3.3499999999999996,577.7868547053663,531.3337244479985,358.80693049982096,6
3.3499999999999996,2.467071876376204,3.3499999999999996,621.0080128896686,571.0799712966428,385.6473665091602,6
3.3499999999999996,2.3803796579557503,3.3499999999999996,408.7073974872896,375.84798260442864,253.80820898004868,6
3.3499999999999996,2.394298786027521,3.3499999999999996,492.80498390626786,453.1842588543774,306.03299844990295,6
3.3499999999999996,2.4898689074247686,3.3499999999999996,641.6736253646508,590.0841018941286,398.48075812868444,6
3.3499999999999996,2.3583591309051095,3.3499999999999996,370.48894220558947,340.7022294220893,230.07446267482297,6
3.3499999999999996,2.4575232178145985,3.3499999999999996,607.1522783747997,558.3382154661091,377.0429243509257,6
3.3499999999999996,2.4027105690332498,3.3499999999999996,437.6694035725692,402.4814901608169,271.79367960809793,6
3.3499999999999996,2.2390891051460984,3.3499999999999996,317.8304250716052,292.2773720463081,197.37340562645522,6
3.3499999999999996,2.3501801946314886,3.3499999999999996,569.4149909158137,523.6349449904031,353.60798434099274,6
3.3499999999999996,2.45016217516834,3.3499999999999996,602.1742125574558,553.760378103185,373.9515343319228,6
3.3499999999999996,2.3805098006352794,3.3499999999999996,422.95821423942834,388.9530566982327,262.6579980922599,6
3.3499999999999996,2.43754026815094,3.3499999999999996,531.4588967371557,488.7304595020141,330.0371648682112,6
3.3499999999999996,2.458517272991278,3.3499999999999996,504.1026196481235,463.57358292309124,313.0488555422339,6
3.3499999999999996,2.287773948187029,3.3499999999999996,315.7712331305812,290.38373581269116,196.09464282032397,6
3.3499999999999996,2.2642589583025234,3.3499999999999996,451.4190067456016,415.12564743804467,280.3322139654122,6
3.3499999999999996,2.2531346865054274,3.3499999999999996,461.0966898625714,424.02526045743264,286.34207685043856,6
3.3499999999999996,2.1970810035935404,3.3499999999999996,417.261592663726,383.71443429978405,259.1203833383917,6
3.3499999999999996,2.3123729032341864,3.3499999999999996,600.0779066915536,551.8326118443282,372.64972369534,6
3.3499999999999996,2.4038487005700673,3.3499999999999996,556.9931832662206,512.2118306203114,345.89401397681314,6
3.3499999999999996,2.3790190442232775,3.3499999999999996,461.3124323351853,424.22365758357347,286.4760534090027,6
3.3499999999999996,2.279377701275379,3.3499999999999996,388.92764752742323,357.6584926061054,241.5249399659541,6
3.3499999999999996,2.386439931147841,3.3499999999999996,722.2542777323902,664.1861999123215,448.52152367792047,6
3.3499999999999996,2.377196145140872,3.3499999999999996,473.1676993713733,435.1257802908745,293.83820078371144,6
3.3499999999999996,2.3692198217491556,3.3499999999999996,473.4633869961105,435.3976951079827,294.02182346075006,6
3.3499999999999996,2.4359702958526173,3.3499999999999996,539.3336359326303,495.97208238026684,334.9273955410008,6
3.3499999999999996,2.432117297246983,3.3499999999999996,482.12312929189835,443.361208104704,299.39954281654195,6
3.3499999999999996,2.2603222846422106,3.3499999999999996,310.86596938757936,285.8728473548742,193.04846305249924,6
3.3499999999999996,2.246337737515869,3.3499999999999996,458.0070006724818,421.1839772897942,284.4233729452418,6
3.3499999999999996,2.356703963764282,3.3499999999999996,587.1736058640206,539.9657959687977,364.636123987305,6
3.3499999999999996,2.355970288287296,3.3499999999999996,477.950635481583,439.5241760600729,296.80841481766737,6
3.3499999999999996,2.27272436971593,3.3499999999999996,401.6832206306488,369.3885382262356,249.4461794241766,6
3.3499999999999996,2.380451932744337,3.3499999999999996,616.4185949720526,566.8595351697969,382.7973277061133,6
3.3499999999999996,2.348702516605316,3.3499999999999996,452.41925287364427,416.04547539233175,280.95336905058696,6
3.3499999999999996,2.4488322649447847,3.3499999999999996,576.394219318753,530.053054698001,357.9421008064716,6
3.3499999999999996,2.3429340341736165,3.3499999999999996,389.5784283549547,358.2569517058161,241.9290763170204,6
3.3499999999999996,2.130117490384081,3.3499999999999996,221.18401872258886,203.40118072810392,137.35577088187074,6
3.3499999999999996,1.9607815845719883,3.3499999999999996,272.07877656618297,250.20408221277958,168.96152946165677,6
3.3499999999999996,1.8912248863396774,3.3499999999999996,378.4578963632439,348.0304925316767,235.0232010500839,6
3.3499999999999996,1.8095356147219506,3.3499999999999996,360.3623886257204,331.38983440029915,223.78585022726622,6
3.3499999999999996,1.7485877843514066,3.3499999999999996,372.70836182921835,342.7432112913238,231.4527272306191,6
3.3499999999999996,1.908729005916266,3.3499999999999996,617.7843081266823,568.1154471917953,383.6454386331191,6
3.3499999999999996,1.8975136322994681,3.3499999999999996,426.9884411845564,392.6592599039418,265.1607780493022,6
3.3499999999999996,1.980766472115389,3.3499999999999996,511.48796439649317,470.3651578776387,317.6351711675639,6
3.3499999999999996,1.1300888251031294,3.3499999999999996,366.57748060542895,337.1105817958183,227.6513008289575,7
3.3499999999999996,1.3520799425928165,3.3499999999999996,601.1309469870885,552.8097441763242,373.31328106718144,7
3.3499999999999996,1.508586617337401,3.3499999999999996,528.3802480245344,485.90702442165116,328.13377023719715,7
3.3499999999999996,1.692727955603661,3.3499999999999996,781.0514472780179,718.2675470667172,485.04719300683456,7
3.3499999999999996,1.8584551600432948,3.3499999999999996,637.9587492729529,586.677186972714,396.18401792532694,7
3.3499999999999996,2.0076096440389652,3.3499999999999996,595.5729468353442,547.6985173173222,369.8616616101913,7
3.3499999999999996,2.0685351222719444,3.3499999999999996,501.3903358770168,461.0866645576446,311.37254257123715,7
3.3499999999999996,2.132111017584404,3.3499999999999996,509.1756601054725,468.2461746720936,316.20737090017866,7
3.3499999999999996,2.0387605879170416,3.3499999999999996,372.57496079914046,342.6259616114899,231.37584540692603,7
3.3499999999999996,1.913317035845497,3.3499999999999996,320.2158623243152,294.47568756846556,198.85989036697282,7
3.3499999999999996,1.856290279747592,3.3499999999999996,385.37769356029986,354.3995617861728,239.32657593851744,7
3.3499999999999996,2.0056612517728327,3.3499999999999996,578.6237901953975,532.1117986612709,359.3359262304155,7
3.3499999999999996,2.1169363174609783,3.3499999999999996,546.8663597128347,502.90715180561665,339.6139827318668,7
3.3499999999999996,2.2402426857148807,3.3499999999999996,649.9837547832441,597.7355765851287,403.65176565050626,7
3.3499999999999996,2.2095798666783573,3.3499999999999996,439.972365933447,404.6057057540659,273.23086314009646,7
3.3499999999999996,2.2599214633890394,3.3499999999999996,509.953805082857,468.9617693824241,316.6906131223755,7
3.3499999999999996,2.3689293170501355,3.3499999999999996,577.7704223950707,531.3270278259789,358.80596926331236,7
3.3499999999999996,2.467036385345122,3.3499999999999996,620.9903513657333,571.0727737359861,385.64633336766644,7
3.3499999999999996,2.3803421200470005,3.3499999999999996,408.6957738120174,375.8432456344971,253.80752903299108,7
3.3499999999999996,2.394257939221486,3.3499999999999996,492.7909684880478,453.17854718288515,306.0321785936908,7
3.3499999999999996,2.4898321452993373,3.3499999999999996,641.6553761088315,590.0766648164347,398.4796906067941,7
3.3499999999999996,2.358320717073513,3.3499999999999996,370.4784054666349,340.6979354088418,230.07384630999164,7
3.3499999999999996,2.4574886453661615,3.3499999999999996,607.1350109092045,558.3311784951508,377.04191426055854,7
3.3499999999999996,2.4026736629697534,3.3499999999999996,437.65695621522997,402.4764175176071,271.7929514783283,7
3.3499999999999996,2.2390528964624066,3.3499999999999996,317.82138594563054,292.27368835187,197.37287686709413,7
3.3499999999999996,2.350147606816166,3.3499999999999996,569.39879670208,523.6283453993335,353.6070370323557,7
3.3499999999999996,2.4501328461345495,3.3499999999999996,602.1570866685017,553.7533988286331,373.95053252332696,7
3.3499999999999996,2.380477711799637,3.3499999999999996,422.9461852696415,388.9481545595499,262.65729443679624,7
3.3499999999999996,2.437504053752677,3.3499999999999996,531.443781998166,488.72429982683036,330.03628070532284,7
3.3499999999999996,2.458477536846777,3.3499999999999996,504.0882829241232,463.5677403105856,313.04801689068256,7
3.3499999999999996,2.2877352021425987,3.3499999999999996,315.7622525682112,290.3800759845457,196.0941174867426,7
3.3499999999999996,2.2642182057446467,3.3499999999999996,451.4061683483072,415.1204154352117,280.33146296108174,7
3.3499999999999996,2.253091177508044,3.3499999999999996,461.0835762310957,424.01991628904017,286.341309745807,7
3.3499999999999996,2.1970361912567835,3.3499999999999996,417.24972570637095,383.7095981856588,259.1196891601265,7
3.3499999999999996,2.312332572131105,3.3499999999999996,600.0608404217277,551.825656866224,372.6487253742685,7
3.3499999999999996,2.40380489400398,3.3499999999999996,556.9773423298175,512.2053749995483,345.8930873337468,7
3.3499999999999996,2.378972785020451,3.3499999999999996,461.29931256797414,424.2183109146988,286.4752859454507,7
3.3499999999999996,2.279330609102458,3.3499999999999996,388.9165863900251,357.65398488595355,241.52429292552566,7
3.3499999999999996,2.386397548192212,3.3499999999999996,722.2337367555449,664.177828894773,448.5203220978316,7
3.3499999999999996,2.3771510799400515,3.3499999999999996,473.1542424392977,435.12029621796984,293.8374135971156,7
3.3499999999999996,2.3691723403656395,3.3499999999999996,473.44992165465214,435.3922076080214,294.0210357822328,7
3.3499999999999996,2.4359201740230523,3.3499999999999996,539.318297235347,495.9658314358696,334.9264982772835,7
3.3499999999999996,2.4320652018756364,3.3499999999999996,482.10941766658755,443.35562023724475,299.3987407312232,7
3.3499999999999996,2.260272438557623,3.3499999999999996,310.85712833135295,285.8692443793498,193.04794587957193,7
3.3499999999999996,2.246286952162872,3.3499999999999996,457.99397491204553,421.1786689312866,284.42261098077927,7
3.3499999999999996,2.356658256946585,3.3499999999999996,587.1569065936748,539.9589905531562,364.63514713450496,7
3.3499999999999996,2.355922196720999,3.3499999999999996,477.93704252237274,439.5186365523396,296.8076196739282,7
3.3499999999999996,2.272675539621056,3.3499999999999996,401.6717967236004,369.3838826673938,249.44551116290793,7
3.3499999999999996,2.3804079856589504,3.3499999999999996,616.4010639715771,566.8523908010686,382.796302199816,7
3.3499999999999996,2.348657076598546,3.3499999999999996,452.4063860292597,416.04023179652097,280.9526163821946,7
3.3499999999999996,2.4487913689386915,3.3499999999999996,576.3778266151335,530.0463742167998,357.94114188682425,7
3.3499999999999996,2.3428917643125673,3.3499999999999996,389.56734870929114,358.25243644303293,241.92842819391885,7
3.3499999999999996,2.1300781652653513,3.3499999999999996,221.17772822913355,203.39861717762142,137.3554029085391,7
3.3499999999999996,1.9607447698293496,3.3499999999999996,272.07103862122113,250.20092878567857,168.96107681713724,7
3.3499999999999996,1.8911863681575702,3.3499999999999996,378.4471329865138,348.02610615725223,235.02257142768246,7
3.3499999999999996,1.8094977611414282,3.3499999999999996,360.3521398868636,331.38565775507595,223.7852507095004,7
3.3499999999999996,1.7485483722755684,3.3499999999999996,372.6977619697694,342.7388915547248,231.4521071734448,7
3.3499999999999996,1.9086935350480114,3.3499999999999996,617.7667382852014,568.1082869942803,383.6444108547497,7
3.3499999999999996,1.8974759887551715,3.3499999999999996,426.97629759475154,392.6543110544239,265.1600676889417,7
3.3499999999999996,1.9807253976041668,3.3499999999999996,511.47341763262165,470.3592296680623,317.63432022936576,7
3.3499999999999996,1.130083525524702,3.3499999999999996,366.5764380255752,337.11015693463906,227.65123984284193,8
3.3499999999999996,1.3520751729722318,3.3499999999999996,601.1292373157422,552.8090474690343,373.31318105928864,8
3.3499999999999996,1.5085815933811189,3.3499999999999996,528.3787452628242,485.90641203200056,328.1336823325643,8
3.3499999999999996,1.692723434043007,3.3499999999999996,781.0492258963272,718.2666418326083,485.04706306624547,8
3.3499999999999996,1.8584510906387064,3.3499999999999996,637.9569348599715,586.6764475822146,396.18391179053134,8
3.3499999999999996,2.0076059815748355,3.3499999999999996,595.5712529714583,547.6978270517222,369.86156252696196,8
3.3499999999999996,2.0685311136787963,3.3499999999999996,501.38890987708317,461.0860834491459,311.37245915681433,8
3.3499999999999996,2.1321066919657485,3.3499999999999996,509.1742119633653,468.24558454044916,316.20728619054074,8
3.3499999999999996,2.0387561605847453,3.3499999999999996,372.57390116190504,342.62552979926585,231.37578342303226,8
3.3499999999999996,1.9133127508105885,3.3499999999999996,320.21495160114057,294.4753164401338,198.8598370938652,8
3.3499999999999996,1.8562858798385893,3.3499999999999996,385.3765975109225,354.39911513565545,239.32651182468123,8
3.3499999999999996,2.0056572918547304,3.3499999999999996,578.622144536462,532.1111280396456,359.3358299669537,8
3.3499999999999996,2.1169320095541773,3.3499999999999996,546.8648043749334,502.90651799066944,339.61389175176913,8
3.3499999999999996,2.2402388085987592,3.3499999999999996,649.9819061700482,597.7348232577173,403.6516575151557,8
3.3499999999999996,2.209575796681734,3.3499999999999996,439.97111461183243,404.6051958286392,273.2307899435501,8
3.3499999999999996,2.2599170819589145,3.3499999999999996,509.9523547276344,468.9611783489143,316.69052828328057,8
3.3499999999999996,2.368925373763023,3.3499999999999996,577.7687791631911,531.3263581934018,358.80587314182213,8
3.3499999999999996,2.467032836386721,3.3499999999999996,620.9885852124262,571.0720540117615,385.6462300558393,8
3.3499999999999996,2.380338366409178,3.3499999999999996,408.69461144388896,375.8427719584597,253.8074610398136,8
3.3499999999999996,2.394253854707426,3.3499999999999996,492.7895669455008,453.17797604100355,306.03209660991234,8
3.3499999999999996,2.4898284692366834,3.3499999999999996,641.6535511823056,590.0759211415659,398.4795838570046,8
3.3499999999999996,2.3583168758469775,3.3499999999999996,370.4773517921944,340.69750602651317,230.07378467489386,8
3.3499999999999996,2.4574851882622797,3.3499999999999996,607.1332841617518,558.3304748291856,377.0418132537922,8
3.3499999999999996,2.40266997251388,3.3499999999999996,437.6557114788522,402.4759102757269,271.792878666988,8
3.3499999999999996,2.2390492757416705,3.3499999999999996,317.8204820325655,292.2733199987224,197.37282399234658,8
3.3499999999999996,2.3501443481675035,3.3499999999999996,569.3971772798689,523.6276854694221,353.6069423036212,8
3.3499999999999996,2.4501299133507533,3.3499999999999996,602.1553740787205,553.7527009320532,373.950432344719,8
3.3499999999999996,2.3804745030469077,3.3499999999999996,422.9449823720406,388.947664367368,262.6572240728315,8
3.3499999999999996,2.4375004324605065,3.3499999999999996,531.4422705234851,488.72368388656156,330.0361922910212,8
3.3499999999999996,2.4584735633943415,3.3499999999999996,504.0868492509816,463.567156075182,313.04793302741245,8
3.3499999999999996,2.2877313276961337,3.3499999999999996,315.7613545115097,290.3797100179218,196.09406495456523,8
3.3499999999999996,2.2642141306550183,3.3499999999999996,451.40488450791366,415.1198922580742,280.33138786233684,8
3.3499999999999996,2.253086826785704,3.3499999999999996,461.0822648672698,424.0193818958428,286.34123303706815,8
3.3499999999999996,2.1970317102058208,3.3499999999999996,417.2485390100216,383.70911459564064,259.1196197438602,8
3.3499999999999996,2.3123285391852386,3.3499999999999996,600.0591337938623,551.8249613991813,372.6486255444054,8
3.3499999999999996,2.4038005135259835,3.3499999999999996,556.9757582353577,512.204729466031,345.89299467152296,8
3.3499999999999996,2.378968159288781,3.3499999999999996,461.2980005905744,424.21777627146434,286.47520920082053,8
3.3499999999999996,2.279325900077175,3.3499999999999996,388.91548027571315,357.65353413387993,241.52422822293718,8
3.3499999999999996,2.3863933100694577,3.3499999999999996,722.2316826567978,664.1769918300506,448.5202019425234,8
3.3499999999999996,2.377146573603713,3.3499999999999996,473.15289674539406,435.1197478349401,293.83733488022534,8
3.3499999999999996,2.3691675924208826,3.3499999999999996,473.44857511980985,435.39165888230133,294.0209570161514,8
3.3499999999999996,2.435915162044456,3.3499999999999996,539.3167633648253,495.96520636908303,334.9264085529285,8
3.3499999999999996,2.4320599925509083,3.3499999999999996,482.1080465033472,443.3550614752188,299.39866052449423,8
3.3499999999999996,2.2602674541524,3.3499999999999996,310.856244225273,285.8688840977365,193.0478941634416,8
3.3499999999999996,2.246281873834638,3.3499999999999996,457.9926723353281,421.1781381189192,284.4225347860457,8
3.3499999999999996,2.3566536864511742,3.3499999999999996,587.1552366657764,539.9583100416984,364.6350494514206,8
3.3499999999999996,2.355917387760452,3.3499999999999996,477.93568322574856,439.51808262607216,296.8075401613415,8
3.3499999999999996,2.272670656810662,3.3499999999999996,401.6706543323046,369.3834171321052,249.44544433828312,8
3.3499999999999996,2.3804035911295958,3.3499999999999996,616.3993108706227,566.8516763958016,382.79619965149124,8
3.3499999999999996,2.3486525327831402,3.3499999999999996,452.4050993441557,416.03970746013675,280.9525411170472,8
3.3499999999999996,2.448787279504826,3.3499999999999996,576.3761873439236,530.0457061982333,357.94104599701495,8
3.3499999999999996,2.342887537498808,3.3499999999999996,389.5662407441516,358.25198493672946,241.9283633830655,8
3.3499999999999996,2.1300742329138176,3.3499999999999996,221.17709917946263,203.39836083391398,137.35536611203304,8
3.3499999999999996,1.9607410885051895,3.3499999999999996,272.07026482632466,250.20061345691886,168.96103155370267,8
3.3499999999999996,1.891182516496409,3.3499999999999996,378.44605664828407,348.02566753921457,235.02250846685754,8
3.3499999999999996,1.8094939759377158,3.3499999999999996,360.3511150124478,331.3852401090306,223.78519075907136,8
3.3499999999999996,1.7485444312286786,3.3499999999999996,372.69670198327617,342.7384596001748,231.45204516912108,8
3.3499999999999996,1.9086899881058108,3.3499999999999996,617.7649813001445,568.1075710062047,383.6443080792229,8
3.3499999999999996,1.8974722245542255,3.3499999999999996,426.9750832351429,392.6538161913651,265.15999665450227,8
3.3499999999999996,1.9807212903205174,3.3499999999999996,511.47196295548207,470.35863687333034,317.6342351374586,8
3.3499999999999996,2.0149120496376662,3.3499999999999996,366.5763221833631,301.70425043854596,225.7859616952625,9
3.3499999999999996,2.1484208446738995,3.3499999999999996,601.1290473522492,494.7487812852485,370.2544104621508,9
3.3499999999999996,2.2685787602065095,3.3499999999999996,528.3785782892919,434.8727761822428,325.44509347373696,9
3.3499999999999996,2.3767208841858585,3.3499999999999996,781.0489790761263,642.8287440509679,481.0727922126818,9
3.3499999999999996,2.4740487957672728,3.3499999999999996,637.9567332585185,525.0591660519424,392.93774808153694,9
3.3499999999999996,2.5616439161905453,3.3499999999999996,595.5710647643499,490.1743806238935,366.831073034845,9
3.3499999999999996,2.6404795245714907,3.3499999999999996,501.38875143263766,412.65926977584746,308.82120468429656,9
3.3499999999999996,2.711431572114342,3.3499999999999996,509.1740510586782,419.06682489049314,313.616417186516,9
3.3499999999999996,2.649352291167891,3.3499999999999996,372.5737834244282,306.64035634274745,229.47998793781557,9
3.3499999999999996,2.525145566563281,3.3499999999999996,320.2148504096713,263.5472494424126,197.23046354501713,9
3.3499999999999996,2.4992134993651463,3.3499999999999996,385.3764757276519,317.17738901832587,237.365571427646,9
3.3499999999999996,2.5842921494286317,3.3499999999999996,578.6219616854595,476.22471685519986,356.3915838835921,9
3.3499999999999996,2.6608629344857686,3.3499999999999996,546.864631559602,450.0874000080994,336.831238903771,9
3.3499999999999996,2.729776641037192,3.3499999999999996,649.9817007685712,534.9561058967191,400.3443062504887,9
3.3499999999999996,2.7584011675420843,3.3499999999999996,439.9709755760901,362.11044022232943,270.9920522055987,9
3.3499999999999996,2.817561050787876,3.3499999999999996,509.95219357704553,419.7072615227341,314.0956997975671,9
3.3499999999999996,2.8708049457090885,3.3499999999999996,577.7685965818615,475.52236958574736,355.8659693009442,9
3.3499999999999996,2.91872445113818,3.3499999999999996,620.9883889731594,511.09366614374926,382.48640766209286,9
3.3499999999999996,2.886086926139747,3.3499999999999996,408.6944822918678,336.3688677539841,251.7278698585971,9
3.3499999999999996,2.932478233525772,3.3499999999999996,492.78941121854285,405.5817327486146,303.52459881346516,9
3.3499999999999996,2.974230410173195,3.3499999999999996,641.6533484126809,528.101600701304,395.21461038030344,9
3.3499999999999996,2.883231023238373,3.3499999999999996,370.4772347172504,304.9148284842117,228.1886572177307,9
3.3499999999999996,2.929907920914536,3.3499999999999996,607.1330923009136,499.6903057951978,373.95249181863755,9
3.3499999999999996,2.935435571255614,3.3499999999999996,437.6555731748029,360.20478864673595,269.5659225669675,9
3.3499999999999996,2.7793664101924307,3.3499999999999996,317.8203815977752,261.57652363615,195.75563440105273,9
3.3499999999999996,2.8364297691731877,3.3499999999999996,569.3969973440581,468.6322707982157,350.7096363071037,9
3.3499999999999996,2.887786792255869,3.3499999999999996,602.1551837909569,495.5933249896648,370.88644037958846,9
3.3499999999999996,2.8777406435152164,3.3499999999999996,422.94484871674456,348.0973833740997,260.50512166958896,9
3.3499999999999996,2.9249665791636947,3.3499999999999996,531.442102581845,437.3941564363735,327.33201506881176,9
3.3499999999999996,2.9674699212473254,3.3499999999999996,504.08668995395743,414.87976103522794,310.4829504293644,9
3.3499999999999996,2.8053891332193532,3.3499999999999996,315.76125472742643,259.8817951679383,194.4873529749499,9
3.3499999999999996,2.8415627690067455,3.3499999999999996,451.4047418589735,371.5208022051237,278.0344708228284,9
3.3499999999999996,2.886759341599947,3.3499999999999996,461.08211916017035,379.48559886050646,283.9950738634844,9
3.3499999999999996,2.869061979448945,3.3499999999999996,417.2484071548647,343.4090264683465,256.99650297695405,9
3.3499999999999996,2.9171557815040505,3.3499999999999996,600.0589441685339,493.86805151794715,369.5953000345889,9
3.3499999999999996,2.9604402033536457,3.3499999999999996,556.9755822248529,458.4090416610887,343.05889350516424,9
3.3499999999999996,2.994029300775739,3.3499999999999996,461.29785481530007,379.6631563299473,284.12795228311415,9
3.3499999999999996,2.926226757333249,3.3499999999999996,388.9153573741164,320.0900038543796,239.5452806655848,9
3.3499999999999996,2.968604081599924,3.3499999999999996,722.2314544235916,594.4200059135729,444.84521676779366,9
3.3499999999999996,3.006743673439932,3.3499999999999996,473.1527472238413,389.42011882781287,291.4297558129053,9
3.3499999999999996,3.0410693060959386,3.3499999999999996,473.4484255048194,389.6634716815982,291.6118734265729,9
3.3499999999999996,3.0719623754863448,3.3499999999999996,539.3165929347583,443.8751184236644,332.1821629632611,9
3.3499999999999996,3.0997661379377104,3.3499999999999996,482.10789415186804,396.79049636718884,296.9455143027717,9
3.3499999999999996,2.917729135346254,3.3499999999999996,310.8561459912589,255.84473094690352,191.46614122123103,9
3.3499999999999996,2.9512880792546086,3.3499999999999996,457.9925276045741,376.9427644000304,282.09209661587886,9
3.3499999999999996,2.9911592713291477,3.3499999999999996,587.1550511182223,483.2477273319895,361.647383800872,9
3.3499999999999996,3.0270433441962328,3.3499999999999996,477.9355321927824,393.356506605039,294.375624485934,9
3.3499999999999996,2.9738385617993526,3.3499999999999996,401.6705273999317,330.58792414812376,247.4015936803264,9
3.3499999999999996,3.011454705619417,3.3499999999999996,616.3991160816174,507.31654510779765,379.65972920362856,9
3.3499999999999996,3.0283344725667725,3.3499999999999996,452.4049563791366,372.34401132644985,278.6505346100134,9
3.3499999999999996,3.0605010253100953,3.3499999999999996,576.3760052026684,474.3762215319827,355.00822818464155,9
3.3499999999999996,2.986971555220985,3.3499999999999996,389.5661176369074,320.6256007421741,239.9461045128322,9
3.3499999999999996,2.7311575821761425,3.3499999999999996,221.17702928505105,182.0358975648514,136.2299342319413,9
3.3499999999999996,2.54541060011647,3.3499999999999996,272.0701788491094,223.9226169531281,167.57663619452444,9
3.3499999999999996,2.5075577953527697,3.3499999999999996,378.4459370551411,311.47333000308123,233.0968332562364,9
3.3499999999999996,2.450367027799915,3.3499999999999996,360.35100113750667,296.58060849491835,221.9515893854836,9
3.3499999999999996,2.4145486159745055,3.3499999999999996,372.6965842069929,306.7414253857131,229.55562482735374,9
3.3499999999999996,2.508093754377055,3.3499999999999996,617.7647860795723,508.4405359881286,380.5008885889648,9
3.3499999999999996,2.5414711583014684,3.3499999999999996,426.97494830629034,351.4142865734515,262.9873875893669,9
3.3499999999999996,2.6223240424713214,3.3499999999999996,511.4718013246802,420.95794818391835,315.0316743162041,9
3.3499999999999996,1.225311260259963,3.3499999999999996,366.5763221833631,333.7322101992769,227.4038054896542,10
3.3499999999999996,1.4377801342339667,3.3499999999999996,601.1290473522492,547.2697319700392,372.90742660104087,10
3.3499999999999996,1.5988566940680276,3.3499999999999996,528.3785782892919,481.03748137402204,327.77703351526327,10
3.3499999999999996,1.7739710246612248,3.3499999999999996,781.0489790761263,711.0693907027102,484.5198649433701,10
3.3499999999999996,1.9315739221951023,3.3499999999999996,637.9567332585185,580.7977703900337,395.7532991128891,10
3.3499999999999996,2.0734165299755922,3.3499999999999996,595.5710647643499,542.2097275424184,369.45955963624186,10
3.3499999999999996,2.140561228933448,3.3499999999999996,501.38875143263766,456.46586006439077,311.03402812922536,10
3.3499999999999996,2.2098334152179873,3.3499999999999996,509.1740510586782,463.553620768047,315.8636001847636,10
3.3499999999999996,2.1183105687685178,3.3499999999999996,372.5737834244282,339.192317343251,231.124300859818,10
3.3499999999999996,1.9903102277046256,3.3499999999999996,320.2148504096713,291.5245838284,198.6436961442253,10
3.3499999999999996,1.9353475208747408,3.3499999999999996,385.3764757276519,350.8479277585874,239.06638760706267,10
3.3499999999999996,2.076812768787267,3.3499999999999996,578.6219616854595,526.779212015057,358.94526750515286,10
3.3499999999999996,2.194340469800572,3.3499999999999996,546.864631559602,497.8672410786768,339.2447650837256,10
3.3499999999999996,2.3099064228205153,3.3499999999999996,649.9817007685712,591.7453377637303,403.212928137449,10
3.3499999999999996,2.2827092664444386,3.3499999999999996,439.9709755760901,400.5509281886852,272.9338151331896,10
3.3499999999999996,2.33864667739259,3.3499999999999996,509.95219357704553,464.2620441079889,316.34631704120454,10
3.3499999999999996,2.4397820096533307,3.3499999999999996,577.7685965818615,526.0023058023633,358.4158866906079,10
3.3499999999999996,2.5308038086879976,3.3499999999999996,620.9883889731594,565.3497376091749,385.22707079468597,10
3.3499999999999996,2.447787208162838,3.3499999999999996,408.6944822918678,372.0767125905341,253.53159746446056,10
3.3499999999999996,2.4676481872146545,3.3499999999999996,492.78941121854285,448.6369943078351,305.69947002755066,10
3.3499999999999996,2.555883368493189,3.3499999999999996,641.6533484126809,584.1631801860259,398.0464760111689,10
3.3499999999999996,2.4273395927426993,3.3499999999999996,370.4772347172504,337.2836129575736,229.82371725538064,10
3.3499999999999996,2.5196056334684296,3.3499999999999996,607.1330923009136,552.7358329416434,376.632006141599,10
3.3499999999999996,2.4689835024733275,3.3499999999999996,437.6555731748029,398.4429787273564,271.49746672378734,10
3.3499999999999996,2.304109740156862,3.3499999999999996,317.8203815977752,289.3446520638831,197.15829927868768,10
3.3499999999999996,2.4086987661411756,3.3499999999999996,569.3969973440581,518.380776130468,353.2226065753731,10
3.3499999999999996,2.5028288895270583,3.3499999999999996,602.1551837909569,548.2039297371407,373.5439852574317,10
3.3499999999999996,2.438132344663022,3.3499999999999996,422.94484871674456,385.05028997490444,262.3717416814621,10
3.3499999999999996,2.50257116492773,3.3499999999999996,531.442102581845,483.82652330412657,329.67747563380277,10
3.3499999999999996,2.5298722377378975,3.3499999999999996,504.08668995395743,458.92207158492477,312.70768092564987,10
3.3499999999999996,2.3573509710485805,3.3499999999999996,315.76125472742643,287.47001663345145,195.88093012534367,10
3.3499999999999996,2.3376188051337836,3.3499999999999996,451.4047418589735,410.96026414841464,280.02669540521765,10
3.3499999999999996,2.3314263562879107,3.3499999999999996,461.08211916017035,419.7705781818596,286.0300084734048,10
3.3499999999999996,2.277696933146643,3.3499999999999996,417.2484071548647,379.8642320718894,258.83798237806405,10
3.3499999999999996,2.3849272398319785,3.3499999999999996,600.0589441685339,546.2955067431736,372.2435933921907,10
3.3499999999999996,2.4814345158487807,3.3499999999999996,556.9755822248529,507.0722816351212,345.51704324043124,10
3.3499999999999996,2.4611169552643273,3.3499999999999996,461.29785481530007,419.9669845852422,286.16383901833495,10
3.3499999999999996,2.3630684564519613,3.3499999999999996,388.9153573741164,354.0697364844589,241.2617153052357,10
3.3499999999999996,2.4617616108067653,3.3499999999999996,722.2314544235916,657.5217355136708,448.0327049003994,10
3.3499999999999996,2.457413005984279,3.3499999999999996,473.1527472238413,430.75971506388487,293.51796279620464,10
3.3499999999999996,2.4538462280447573,3.3499999999999996,473.4484255048194,431.0289014795023,293.7013853530534,10
3.3499999999999996,2.5254018857131295,3.3499999999999996,539.3165929347583,490.99548351960965,334.562376714916,10
3.3499999999999996,2.525150129413391,3.3499999999999996,482.10789415186804,438.91250834619257,299.0732438302416,10
3.3499999999999996,2.349367612559278,3.3499999999999996,310.8561459912589,283.00439056671894,192.83807022020474,10
3.3499999999999996,2.338320876227219,3.3499999999999996,457.9925276045741,416.9578045353762,284.1133956573706,10
3.3499999999999996,2.439488788604497,3.3499999999999996,587.1550511182223,534.5477628567003,364.238727262827,10
3.3499999999999996,2.442966631749677,3.3499999999999996,477.9355321927824,435.1139771970353,296.48493975832247,10
3.3499999999999996,2.3609831646705812,3.3499999999999996,401.6705273999317,365.68208247240744,249.17432184310988,10
3.3499999999999996,2.459884848203523,3.3499999999999996,616.3991160816174,561.1716494659485,382.3801380911462,10
3.3499999999999996,2.431100469430084,3.3499999999999996,452.4049563791366,411.8708625212153,280.6471735278535,10
3.3499999999999996,2.5229904224870756,3.3499999999999996,576.3760052026684,524.7344863313334,357.5519995272626,10
3.3499999999999996,2.419487208999472,3.3499999999999996,389.5661176369074,354.66219062748036,241.66541121046689,10
3.3499999999999996,2.201317897742178,3.3499999999999996,221.17702928505105,201.360247134806,137.20607443150337,10
3.3499999999999996,2.02741570797781,3.3499999999999996,272.0701788491094,247.69352689181048,168.7773876447774,10
3.3499999999999996,1.9608653913511984,3.3499999999999996,378.4459370551411,344.53834405369213,234.76706227465934,10
3.3499999999999996,1.8800571193610396,3.3499999999999996,360.35100113750667,328.0646587888109,223.5419584183791,10
3.3499999999999996,1.8216531995809286,3.3499999999999996,372.6965842069929,339.30411555306284,231.20047971694112,10
3.3499999999999996,1.9744878796228358,3.3499999999999996,617.7647860795723,562.41495962877,383.2273247090059,10
3.3499999999999996,1.9669677076621725,3.3499999999999996,426.97494830629034,388.71930502566255,264.8717939971886,10
3.3499999999999996,2.0561959179410354,3.3499999999999996,511.4718013246802,465.64549967116733,317.2889981794882,10
3.3499999999999996,1.1396708857072777,3.3499999999999996,366.5763221833631,336.77403472725763,227.62548720118176,11
3.3499999999999996,1.3607037971365499,3.3499999999999996,601.1290473522492,552.2578585075822,373.2709506695685,11
3.3499999999999996,1.5176703311129347,3.3499999999999996,528.3785782892919,485.42192963823925,328.0965627932919,11
3.3499999999999996,1.7009032980016412,3.3499999999999996,781.0489790761263,717.5504801739492,484.99219297982694,11
3.3499999999999996,1.865812968201477,3.3499999999999996,637.9567332585185,586.0914904739119,396.1390941900698,11
3.3499999999999996,2.0142316713813293,3.3499999999999996,595.5710647643499,547.1517343315247,369.8197225954501,11
3.3499999999999996,2.075782978493797,3.3499999999999996,501.38875143263766,460.62634864444306,311.33723570110624,11
3.3499999999999996,2.1399320812150293,3.3499999999999996,509.1740510586782,467.7787112165973,316.1715158036225,11
3.3499999999999996,2.046765557925656,3.3499999999999996,372.5737834244282,342.28390838260935,231.34960944900322,11
3.3499999999999996,1.921064720824209,3.3499999999999996,320.2148504096713,294.1817041257459,198.8373414284394,11
3.3499999999999996,1.8642456662531928,3.3499999999999996,385.3764757276519,354.045754637839,239.2994384386411,11
3.3499999999999996,2.0128210996278737,3.3499999999999996,578.6219616854595,531.5805763394085,359.29518074021917,11
3.3499999999999996,2.1247253566460103,3.3499999999999996,546.864631559602,502.40508531219245,339.5754735342223,11
3.3499999999999996,2.2472528209814095,3.3499999999999996,649.9817007685712,597.1388401818913,403.6059951392395,11
3.3499999999999996,2.2169387452803333,3.3499999999999996,439.9709755760901,404.2017763862334,273.19988119634195,11
3.3499999999999996,2.267843438608579,3.3499999999999996,509.95219357704553,468.49359152840395,316.65470323046,11
3.3499999999999996,2.376059094747721,3.3499999999999996,577.7685965818615,530.7965889631307,358.76528386551087,11
3.3499999999999996,2.4734531852729487,3.3499999999999996,620.9883889731594,570.5026555661208,385.6026045118841,11
3.3499999999999996,2.387128996697589,3.3499999999999996,408.6944822918678,375.46803064752515,253.7787495221459,11
3.3499999999999996,2.401643066506519,3.3499999999999996,492.78941121854285,452.72612616786824,305.9974772732203,11
3.3499999999999996,2.496478759855867,3.3499999999999996,641.6533484126809,589.4875745223474,398.4345065627231,11
3.3499999999999996,2.3652659611055844,3.3499999999999996,370.4772347172504,340.3578069832797,230.04775798715778,11
3.3499999999999996,2.463739364995026,3.3499999999999996,607.1330923009136,557.7737806217065,376.9991610691859,11
3.3499999999999996,2.4093463016155523,3.3499999999999996,437.6555731748029,402.0746138786979,271.76213258093577,11
3.3499999999999996,2.2455994484169763,3.3499999999999996,317.8203815977752,291.9819032275105,197.35049654263338,11
3.3499999999999996,2.356039503575279,3.3499999999999996,569.3969973440581,523.1055923498129,353.5669411471156,11
3.3499999999999996,2.4554355532177508,3.3499999999999996,602.1551837909569,553.2005710826498,373.9081298670806,11
3.3499999999999996,2.3862793927301547,3.3499999999999996,422.94484871674456,388.5598565697872,262.6275114414588,11
3.3499999999999996,2.4440516389051603,3.3499999999999996,531.442102581845,488.2363924773639,329.99885753369324,11
3.3499999999999996,2.465661855853395,3.3499999999999996,504.08668995395743,463.10494746899127,313.01252003670237,11
3.3499999999999996,2.294740510456367,3.3499999999999996,315.76125472742643,290.0901813071955,196.07188216219419,11
3.3499999999999996,2.2715862929055173,3.3499999999999996,451.4047418589735,414.7059889340614,280.29967587261643,11
3.3499999999999996,2.2609576306021313,3.3499999999999996,461.08211916017035,423.5966051634201,286.3088411943001,11
3.3499999999999996,2.205138288899403,3.3499999999999996,417.2484071548647,383.3265299955117,259.0903072976861,11
3.3499999999999996,2.3196244600094627,3.3499999999999996,600.0589441685339,551.2747536397942,372.60647033134603,11
3.3499999999999996,2.411725147700047,3.3499999999999996,556.9755822248529,511.69402582581796,345.85386614162485,11
3.3499999999999996,2.3873364769252783,3.3499999999999996,461.29785481530007,423.7948017260891,286.44280220223726,11
3.3499999999999996,2.2878449025050673,3.3499999999999996,388.9153573741164,357.2969287546057,241.49690622413777,11
3.3499999999999996,2.394060412254561,3.3499999999999996,722.2314544235916,663.5147613039345,448.46946389231147,11
3.3499999999999996,2.3852988955586523,3.3499999999999996,473.1527472238413,434.68590326778923,293.8040950542672,11
3.3499999999999996,2.377757003279892,3.3499999999999996,473.4484255048194,434.9575432009773,293.9876964182657,11
3.3499999999999996,2.4449822311830585,3.3499999999999996,539.3165929347583,495.47069465972083,334.8885205985825,11
3.3499999999999996,2.4414840765857653,3.3499999999999996,482.10789415186804,442.91300572919255,299.36479158346253,11
3.3499999999999996,2.2692846408585834,3.3499999999999996,310.8561459912589,285.5838529933096,193.02605596372408,11
3.3499999999999996,2.255468974761432,3.3499999999999996,457.9925276045741,420.75819430360207,284.3903599926052,11
3.3499999999999996,2.364922077285289,3.3499999999999996,587.1550511182223,539.419934156749,364.5938007599059,11
3.3499999999999996,2.3646171810516563,3.3499999999999996,477.9355321927824,439.0798526140797,296.773964336193,11
3.3499999999999996,2.2815040503661725,3.3499999999999996,401.6705273999317,369.0151162459334,249.4172262659975,11
3.3499999999999996,2.3883536453295555,3.3499999999999996,616.3991160816174,566.2864859593565,382.7528965121572,11
3.3499999999999996,2.356872657359972,3.3499999999999996,452.4049563791366,415.6248870165721,280.9207588604695,11
3.3499999999999996,2.4561853916239746,3.3499999999999996,576.3760052026684,529.5172138668235,357.90055455273654,11
3.3499999999999996,2.350534180806504,3.3499999999999996,389.5661176369074,357.8947828604982,241.9009956671948,11
3.3499999999999996,2.1371881705633737,3.3499999999999996,221.17702928505105,203.19555856108155,137.33982803050964,11
3.3499999999999996,1.967400897608749,3.3499999999999996,272.0701788491094,249.9511460921618,168.94191813748265,11
3.3499999999999996,1.8981504788252186,3.3499999999999996,378.4459370551411,347.6786618106944,234.99592196354317,11
3.3499999999999996,1.8163417114397622,3.3499999999999996,360.35100113750667,331.0548260407869,223.75987545733855,11
3.3499999999999996,1.755674099471505,3.3499999999999996,372.6965842069929,342.39672558467424,231.42586256811768,11
3.3499999999999996,1.9151066895243545,3.3499999999999996,617.7647860795723,567.541128355728,383.6009089991312,11
3.3499999999999996,1.90428196437656,3.3499999999999996,426.97494830629034,392.2623131033685,265.1300009014321,11
3.3499999999999996,1.9881516941249373,3.3499999999999996,511.4718013246802,469.8896566897477,317.5983033294785,11
3.3499999999999996,1.1310423803226481,3.3499999999999996,366.5763221833631,337.07651946322926,227.64864814017213,12
3.3499999999999996,1.3529381422903832,3.3499999999999996,601.1290473522492,552.7538871656533,373.3089310636871,12
3.3499999999999996,1.5094905797564577,3.3499999999999996,528.3785782892919,485.8579273966186,328.12994668438097,12
3.3499999999999996,1.6935415217808119,3.3499999999999996,781.0489790761263,718.1949718661828,485.0415410327647,12
3.3499999999999996,1.8591873696027306,3.3499999999999996,637.9567332585185,586.6179079273678,396.1794014223795,12
3.3499999999999996,2.0082686326424577,3.3499999999999996,595.5710647643499,547.6431767553141,369.8573518264198,12
3.3499999999999996,2.0692563900050747,3.3499999999999996,501.38875143263766,461.04007543179506,311.36891432730124,12
3.3499999999999996,2.132889327840962,3.3499999999999996,509.1740510586782,468.1988621349129,316.20368631878785,12
3.3499999999999996,2.039557199548834,3.3499999999999996,372.5737834244282,342.5913419938089,231.3731493181795,12
3.3499999999999996,1.9140880438526304,3.3499999999999996,320.2148504096713,294.44593315151457,198.85757316782173,12
3.3499999999999996,1.8570819570954078,3.3499999999999996,385.3764757276519,354.36375254020174,239.32378720451192,12
3.3499999999999996,2.006373761385867,3.3499999999999996,578.6219616854595,532.0580330127292,359.3317390969434,12
3.3499999999999996,2.1177114408166693,3.3499999999999996,546.864631559602,502.85633705345134,339.61002540678203,12
3.3499999999999996,2.240940296735002,3.3499999999999996,649.9817007685712,597.675180177809,403.6470621302189,12
3.3499999999999996,2.2103121827626113,3.3499999999999996,439.9709755760901,404.56482357812416,273.2276793390646,12
3.3499999999999996,2.260709815825072,3.3499999999999996,509.95219357704553,468.91438454011177,316.686922910043,12
3.3499999999999996,2.3696388342425645,3.3499999999999996,577.7685965818615,531.273341472264,358.80178830512193,12
3.3499999999999996,2.4676749508183082,3.3499999999999996,620.9883889731594,571.0150713920017,385.6418396542552,12
3.3499999999999996,2.381017513568473,3.3499999999999996,408.6944822918678,375.8052696754929,253.8045715608244,12
3.3499999999999996,2.394992867433733,3.3499999999999996,492.78941121854285,453.1327571091528,306.0286125779239,12
3.3499999999999996,2.4904935806903596,3.3499999999999996,641.6533484126809,590.0170422809956,398.47504735370234,12
3.3499999999999996,2.3590118704664214,3.3499999999999996,370.4772347172504,340.6635106028138,230.07116539268657,12
3.3499999999999996,2.4581106834197795,3.3499999999999996,607.1330923009136,558.2747635876286,377.0375208094606,12
3.3499999999999996,2.403337688138401,3.3499999999999996,437.6555731748029,402.43575048924004,271.7897844324486,12
3.3499999999999996,2.239704374160578,3.3499999999999996,317.8203815977752,292.2441564293578,197.37057699525033,12
3.3499999999999996,2.3507339367445206,3.3499999999999996,569.3969973440581,523.5754369360067,353.6029166543121,12
3.3499999999999996,2.4506605430700685,3.3499999999999996,602.1551837909569,553.6974464691945,373.94617509431026,12
3.3499999999999996,2.381055063933152,3.3499999999999996,422.94484871674456,388.90885445413676,262.6542338434379,12
3.3499999999999996,2.438155634269157,3.3499999999999996,531.442102581845,488.6749181386129,330.03243498365373,12
3.3499999999999996,2.459192481697416,3.3499999999999996,504.08668995395743,463.5209004918416,313.04436912341464,12
3.3499999999999996,2.2884323328103005,3.3499999999999996,315.76125472742643,290.3507353964433,196.09183251554134,12
3.3499999999999996,2.264951438215236,3.3499999999999996,451.4047418589735,415.0784708318127,280.328196420872,12
3.3499999999999996,2.253874004680283,3.3499999999999996,461.08211916017035,423.97707246213895,286.33797317633275,12
3.3499999999999996,2.1978424685091764,3.3499999999999996,417.2484071548647,383.67082739453923,259.11666978843385,12
3.3499999999999996,2.3130582216582587,3.3499999999999996,600.0589441685339,551.7698992897182,372.6443831144569,12
3.3499999999999996,2.4045930751232403,3.3499999999999996,556.9755822248529,512.1536207361723,345.88905684189206,12
3.3499999999999996,2.3798050947291625,3.3499999999999996,461.29785481530007,424.1754470416048,286.47194781482926,12
3.3499999999999996,2.28017790586356,3.3499999999999996,388.9153573741164,357.61784680651346,241.52147858279668,12
3.3499999999999996,2.387160115277204,3.3499999999999996,722.2314544235916,664.1107190283739,448.5150957502374,12
3.3499999999999996,2.3779619067999267,3.3499999999999996,473.1527472238413,435.07633078630926,293.8339896798837,12
3.3499999999999996,2.370026639922684,3.3499999999999996,473.4484255048194,435.3482147018861,294.01760972535794,12
3.3499999999999996,2.4368219812920193,3.3499999999999996,539.3165929347583,495.91571804870387,334.9225955727407,12
3.3499999999999996,2.433002517711225,3.3499999999999996,482.10789415186804,443.3108226918479,299.3952520110666,12
3.3499999999999996,2.2611692845387186,3.3499999999999996,310.8561459912589,285.84035957476385,193.04569640364446,12
3.3499999999999996,2.2472006977481183,3.3499999999999996,457.9925276045741,421.1361121897446,284.4192967687907,12
3.3499999999999996,2.3574806279733065,3.3499999999999996,587.1550511182223,539.9044320085308,364.6308982522802,12
3.3499999999999996,2.3567874748730233,3.3499999999999996,477.9355321927824,439.4742267035073,296.8041611466047,12
3.3499999999999996,2.2735541056048634,3.3499999999999996,401.6705273999317,369.34655937544187,249.44260451880967,12
3.3499999999999996,2.381198695044377,3.3499999999999996,616.3991160816174,566.7951148930817,382.7918416961676,12
3.3499999999999996,2.3494746470815637,3.3499999999999996,452.4049563791366,415.9981942530229,280.9493426040437,12
3.3499999999999996,2.4495271823734073,3.3499999999999996,576.3760052026684,529.9928172629067,357.9369710059665,12
3.3499999999999996,2.3436522965653452,3.3499999999999996,389.5661176369074,358.2162378948415,241.92560914203563,12
3.3499999999999996,2.1307857148147455,3.3499999999999996,221.17702928505105,203.37806537141725,137.3538023855657,12
3.3499999999999996,1.9614071519252299,3.3499999999999996,272.0701788491094,250.17564797958528,168.95910801154727,12
3.3499999999999996,1.891879399056745,3.3499999999999996,378.4459370551411,347.9909408980829,235.0198328457493,12
3.3499999999999996,1.8101788343258618,3.3499999999999996,360.35100113750667,331.35217388034994,223.78264306955842,12
3.3499999999999996,1.7492574863838228,3.3499999999999996,372.6965842069929,342.7042605263745,231.44941019606406,12
3.3499999999999996,1.9093317377454406,3.3499999999999996,617.7647860795723,568.0508841880111,383.6399404685822,12
3.3499999999999996,1.8981532829036645,3.3499999999999996,426.97494830629034,392.6146364714892,265.1569779322159,12
3.3499999999999996,1.981464422757693,3.3499999999999996,511.4718013246802,470.31170362354624,317.63061902056074,12
3.3499999999999996,1.1301788875337488,3.3499999999999996,366.5763221833631,337.10675087400807,227.6509744702804,13
3.3499999999999996,1.352160998780374,3.3499999999999996,601.1290473522492,552.8034620510505,373.3127458889149,13
3.3499999999999996,1.5086719957727368,3.3499999999999996,528.3785782892919,485.9015025783212,328.1332998278353,13
3.3499999999999996,1.692804796195463,3.3499999999999996,781.0489790761263,718.2593846803662,485.0464976479253,13
3.3499999999999996,1.8585243165759169,3.3499999999999996,637.9567332585185,586.6705199781063,396.18344995979584,13
3.3499999999999996,2.0076718849183255,3.3499999999999996,595.5710647643499,547.6922932759875,369.8611313801327,13
3.3499999999999996,2.068603245358939,3.3499999999999996,501.38875143263766,461.08142477267495,311.3720961906071,13
3.3499999999999996,2.1321845282862983,3.3499999999999996,509.1740510586782,468.2408535265112,316.2069175883861,13
3.3499999999999996,2.0388358271673237,3.3499999999999996,372.5737834244282,342.62206801295014,231.37551370877824,13
3.3499999999999996,1.913389856856518,3.3499999999999996,320.2148504096713,294.472341149234,198.85960528338003,13
3.3499999999999996,1.856365052959202,3.3499999999999996,385.3764757276519,354.3955343925397,239.32623284228026,13
3.3499999999999996,2.005728547663282,3.3499999999999996,578.6219616854595,532.1057517472759,359.3354110899482,13
3.3499999999999996,2.1170095271629594,3.3499999999999996,546.864631559602,502.90143677298215,339.6134958645846,13
3.3499999999999996,2.2403085744466633,3.3499999999999996,649.9817007685712,597.7287839230744,403.6511869792853,13
3.3499999999999996,2.2096490332721523,3.3499999999999996,439.9709755760901,404.60110781823596,273.23047143900476,13
3.3499999999999996,2.2599959225657296,3.3499999999999996,509.95219357704553,468.95644010482954,316.6901591178117,13
3.3499999999999996,2.3689963303091566,3.3499999999999996,577.7685965818615,531.3209898301129,358.8054548825861,13
3.3499999999999996,2.467096697278241,3.3499999999999996,620.9883889731594,571.0662840697986,385.64578050885694,13
3.3499999999999996,2.380405910356071,3.3499999999999996,408.6944822918678,375.8389745550215,253.80716517700117,13
3.3499999999999996,2.394327352528415,3.3499999999999996,492.78941121854285,453.17339726569446,306.03173986895445,13
3.3499999999999996,2.4898946172755734,3.3499999999999996,641.6533484126809,590.0699591901891,398.47911935020926,13
3.3499999999999996,2.3583859958882294,3.3499999999999996,370.4772347172504,340.6940637203753,230.07351647837703,13
3.3499999999999996,2.4575473962994066,3.3499999999999996,607.1330923009136,558.3248336243443,377.04137373696,13
3.3499999999999996,2.402736379548151,3.3499999999999996,437.6555731748029,402.47184377899066,271.7925618386128,13
3.3499999999999996,2.2391144279435324,3.3499999999999996,317.8203815977752,292.27036695613907,197.37259391526936,13
3.3499999999999996,2.350202985149179,3.3499999999999996,569.3969973440581,523.6223948912298,353.6065301047678,13
3.3499999999999996,2.4501826866342613,3.3499999999999996,602.1551837909569,553.7471059796761,373.9499964315029,13
3.3499999999999996,2.380532242188023,3.3499999999999996,422.94484871674456,388.94373455599987,262.6569178938693,13
3.3499999999999996,2.4375655949448993,3.3499999999999996,531.442102581845,488.7187459680063,330.0358075685406,13
3.3499999999999996,2.4585450627432217,3.3499999999999996,504.08668995395743,463.5624723306919,313.04756810810903,13
3.3499999999999996,2.2878010455055287,3.3499999999999996,315.76125472742643,290.37677610780963,196.09383636813476,13
3.3499999999999996,2.264287458890305,3.3499999999999996,451.4047418589735,415.1156980103096,280.3310610806398,13
3.3499999999999996,2.253165114828551,3.3499999999999996,461.08211916017035,424.0150977302853,286.34089924970755,13
3.3499999999999996,2.197112343416215,3.3499999999999996,417.2484071548647,383.70523771301913,259.1193176886758,13
3.3499999999999996,2.3124011090745937,3.3499999999999996,600.0589441685339,551.8193859241103,372.6481911487026,13
3.3499999999999996,2.4038793369999554,3.3499999999999996,556.9755822248529,512.1995543019841,345.8925914648017,13
3.3499999999999996,2.379051395921907,3.3499999999999996,461.29785481530007,424.2134901013891,286.4748752572842,13
3.3499999999999996,2.2794106355174977,3.3499999999999996,388.9153573741164,357.64992050908364,241.52394667866287,13
3.3499999999999996,2.386469571965748,3.3499999999999996,722.2314544235916,664.1702811835235,448.5196791034871,13
3.3499999999999996,2.377227661805807,3.3499999999999996,473.1527472238413,435.11535151459105,293.8369923546749,13
3.3499999999999996,2.3692530281884414,3.3499999999999996,473.4484255048194,435.387259814644,294.02061427655315,13
3.3499999999999996,2.4360053489064053,3.3499999999999996,539.3165929347583,495.96019528434135,334.9260181299331,13
3.3499999999999996,2.4321537305110867,3.3499999999999996,482.10789415186804,443.3505819477131,299.3983115161185,13
3.3499999999999996,2.26035714485181,3.3499999999999996,310.8561459912589,285.8659957636661,193.04766912792581,13
3.3499999999999996,2.2463732546094324,3.3499999999999996,457.9925276045741,421.1738826604427,284.4222032353075,13
3.3499999999999996,2.3567359291484893,3.3499999999999996,587.1550511182223,539.9528544637387,364.63462439712634,13
3.3499999999999996,2.356003921462197,3.3499999999999996,477.9355321927824,439.51364186625835,296.807194173429,13
3.3499999999999996,2.272758519385983,3.3499999999999996,401.6705273999317,369.3796849920645,249.44515356026417,13
3.3499999999999996,2.3804826674473847,3.3499999999999996,616.3991160816174,566.8459490952773,382.79575342678316,13
3.3499999999999996,2.348734295393426,3.3499999999999996,452.4049563791366,416.0355039188334,280.9522136112732,13
3.3499999999999996,2.4488608658540834,3.3499999999999996,576.3760052026684,530.0403507742709,357.9406287459061,13
3.3499999999999996,2.3429635958980346,3.3499999999999996,389.5661176369074,358.24836526536467,241.9280813676917,13
3.3499999999999996,2.1301449926822613,3.3499999999999996,221.17702928505105,203.39630575745016,137.35520599717762,13
3.3499999999999996,1.9608073312210048,3.3499999999999996,272.0701788491094,250.1980855044327,168.96083459619098,13
3.3499999999999996,1.8912518243010594,3.3499999999999996,378.4459370551411,348.02215119151526,235.022234501624,13
3.3499999999999996,1.809562087889543,3.3499999999999996,360.35100113750667,331.3818918912544,223.78492989315492,13
3.3499999999999996,1.7486153474636523,3.3499999999999996,372.6965842069929,342.73499667284995,231.45177536596896,13
3.3499999999999996,1.9087538127172872,3.3499999999999996,617.7647860795723,568.1018310164953,383.6438608658767,13
3.3499999999999996,1.8975399585767498,3.3499999999999996,426.97494830629034,392.6498489341426,265.15968755806347,13
3.3499999999999996,1.9807951978635048,3.3499999999999996,511.4718013246802,470.3538845097408,317.6338648719127,13
3.3499999999999996,1.1300925318347914,3.3499999999999996,366.5763221833631,337.1097738443724,227.65120720595078,14
3.3499999999999996,1.3520832786513122,3.3499999999999996,601.1290473522492,552.8084192596461,373.31312753978375,14
3.3499999999999996,1.5085901312881942,3.3499999999999996,528.3785782892919,485.90585985042696,328.133635290153,14
3.3499999999999996,1.6927311181593747,3.3499999999999996,781.0489790761263,718.2658255980522,485.0469935281739,14
3.3499999999999996,1.8584580063434373,3.3499999999999996,637.9567332585185,586.6757808860856,396.18385499219715,14
3.3499999999999996,2.0076122057090933,3.3499999999999996,595.5710647643499,547.6972046506991,369.8615095022935,14
3.3499999999999996,2.068537926038196,3.3499999999999996,501.38875143263766,461.0855594732676,311.37241451735156,14
3.3499999999999996,2.132114043090648,3.3499999999999996,509.1740510586782,468.2450524285501,316.20724085793995,14
3.3499999999999996,2.0387636845657697,3.3499999999999996,372.5737834244282,342.62514044135764,231.37575025217734,14
3.3499999999999996,1.9133200329658868,3.3499999999999996,320.2148504096713,294.47498179988276,198.85980858461193,14
3.3499999999999996,1.8562933572153997,3.3499999999999996,385.3764757276519,354.3987123983047,239.32647751398164,14
3.3499999999999996,2.0056640214938595,3.3499999999999996,578.6219616854595,532.110523351268,359.3357784512916,14
3.3499999999999996,2.116939330578861,3.3499999999999996,546.864631559602,502.9059464902619,339.6138430635141,14
3.3499999999999996,2.240245397520975,3.3499999999999996,649.9817007685712,597.7341439949063,403.6515996462191,14
3.3499999999999996,2.2095827133925914,3.3499999999999996,439.9709755760901,404.6047360373539,273.2307507722127,14
3.3499999999999996,2.2599245279320006,3.3499999999999996,509.95219357704553,468.960645423818,316.69048288140056,14
3.3499999999999996,2.3689320751388006,3.3499999999999996,577.7685965818615,531.3257543968326,358.8058217021365,14
3.3499999999999996,2.4670388676249204,3.3499999999999996,620.9883889731594,571.0714050483857,385.64617476822474,14
3.3499999999999996,2.380344745487562,3.3499999999999996,408.6944822918678,375.8423448526464,253.8074246530736,14
3.3499999999999996,2.3942607960897804,3.3499999999999996,492.78941121854285,453.17746105185796,306.03205273606295,14
3.3499999999999996,2.4898347164808023,3.3499999999999996,641.6533484126809,590.0752505822923,398.47952672955483,14
3.3499999999999996,2.3583234037770335,3.3499999999999996,370.4772347172504,340.6971188596013,230.07375169069812,14
3.3499999999999996,2.4574910633993303,3.3499999999999996,607.1330923009136,558.3298403452756,377.0417591997374,14
3.3499999999999996,2.4026762442183975,3.3499999999999996,437.6555731748029,402.47545290415076,271.7928397017945,14
3.3499999999999996,2.2390554289355786,3.3499999999999996,317.8203815977752,292.2729878608091,197.37279569627677,14
3.3499999999999996,2.3501498860420207,3.3499999999999996,569.3969973440581,523.6270904215855,353.60689160927285,14
3.3499999999999996,2.4501348974378185,3.3499999999999996,602.1551837909569,553.7520716503022,373.95037873385564,14
3.3499999999999996,2.3804799561263312,3.3499999999999996,422.94484871674456,388.94722236922195,262.65718641735805,14
3.3499999999999996,2.4375065866255317,3.3499999999999996,531.442102581845,488.7231285034545,330.0361449758594,14
3.3499999999999996,2.458480316034243,3.3499999999999996,504.08668995395743,463.5666292798252,313.04788814774776,14
3.3499999999999996,2.287737912081431,3.3499999999999996,315.76125472742643,290.37938003189714,196.09403684182294,14
3.3499999999999996,2.2642210560211264,3.3499999999999996,451.4047418589735,415.11942051794136,280.3313476730323,14
3.3499999999999996,2.253094220572783,3.3499999999999996,461.08211916017035,424.0189000423752,286.341191986171,14
3.3499999999999996,2.1970393254784404,3.3499999999999996,417.2484071548647,383.7086785505557,259.11958259555024,14
3.3499999999999996,2.3123353929305965,3.3499999999999996,600.0589441685339,551.8243343081036,372.6485721201735,14
3.3499999999999996,2.4038079578809857,3.3499999999999996,556.9755822248529,512.2041473991833,345.8929450830734,14
3.3499999999999996,2.378976020437433,3.3499999999999996,461.29785481530007,424.21729419254234,286.47516813071593,14
3.3499999999999996,2.279333902778239,3.3499999999999996,388.9153573741164,357.65312769822384,241.52419359716515,14
3.3499999999999996,2.386400512500415,3.3499999999999996,722.2314544235916,664.1762370626973,448.52013764107267,14
3.3499999999999996,2.3771542318472854,3.3499999999999996,473.1527472238413,435.1192533670733,293.83729275466027,14
3.3499999999999996,2.369175661263216,3.3499999999999996,473.4484255048194,435.3911641054362,294.02091486426184,14
3.3499999999999996,2.4359236795961845,3.3499999999999996,539.3165929347583,495.96464275674685,334.9263605366878,14
3.3499999999999996,2.4320688454803427,3.3499999999999996,482.10789415186804,443.3545576487833,299.39861760163774,14
3.3499999999999996,2.2602759248448634,3.3499999999999996,310.8561459912589,285.8685592377915,193.04786648740918,14
3.3499999999999996,2.2462905041435266,3.3499999999999996,457.9925276045741,421.1776594942267,284.4224940102199,14
3.3499999999999996,2.356661453729174,3.3499999999999996,587.1550511182223,539.957696435823,364.6349971760436,14
3.3499999999999996,2.3559255602953972,3.3499999999999996,477.9355321927824,439.51758315996017,296.8074976099572,14
3.3499999999999996,2.272678954848914,3.3499999999999996,401.6705273999317,369.3829973666699,249.44540857689736,14
3.3499999999999996,2.3804110593640226,3.3499999999999996,616.3991160816174,566.8510322284416,382.7961447724671,14
3.3499999999999996,2.3486602547201,3.3499999999999996,452.4049563791366,416.03923467473066,280.952500838692,14
3.3499999999999996,2.4487942292480898,3.3499999999999996,576.3760052026684,530.0451038569906,357.94099468131395,14
3.3499999999999996,2.3428947207108166,3.3499999999999996,389.5661176369074,358.2515778209971,241.92832869935523,14
3.3499999999999996,2.130080915705246,3.3499999999999996,221.17702928505105,203.39812969305194,137.3553464202794,14
3.3499999999999996,1.9607473446909172,3.3499999999999996,272.0701788491094,250.2003291302151,168.96100733084853,14
3.3499999999999996,1.8911890621594742,3.3499999999999996,378.4459370551411,348.0252720446173,235.0224747731952,14
3.3499999999999996,1.8095004086604032,3.3499999999999996,360.35100113750667,331.3848635245304,223.78515867643077,14
3.3499999999999996,1.748551128797334,3.3499999999999996,372.6965842069929,342.7380701139337,231.45201198733304,14
3.3499999999999996,1.9086960159176007,3.3499999999999996,617.7647860795723,568.1069254116524,383.6442530786109,14
3.3499999999999996,1.8974786215839934,3.3499999999999996,426.97494830629034,392.6533699815669,265.15995864022244,14
3.3499999999999996,1.9807282703984004,3.3499999999999996,511.4718013246802,470.35810236016926,317.6341896002854,14
3.3499999999999996,1.1300838962006987,3.3499999999999996,366.5763221833631,337.11007613970156,227.65123048054474,15
3.3499999999999996,1.352075506580629,3.3499999999999996,601.1290473522492,552.8089149777061,373.3131657065545,15
3.3499999999999996,1.508581944778882,3.3499999999999996,528.3785782892919,485.9062955751768,328.1336688378649,15
3.3499999999999996,1.6927237503009938,3.3499999999999996,781.0489790761263,718.2664696861832,485.04704311838685,15
3.3499999999999996,1.8584513752708944,3.3499999999999996,637.9567332585185,586.6763069739123,396.1838954972242,15
3.3499999999999996,2.007606237743805,3.3499999999999996,595.5710647643499,547.6976957853965,369.8615473161779,15
3.3499999999999996,2.0685313940575636,3.3499999999999996,501.38875143263766,461.0859729409917,311.3724463514304,15
3.3499999999999996,2.1321069945186846,3.3499999999999996,509.1740510586782,468.24547231638263,316.20727318632174,15
3.3499999999999996,2.038756470251984,3.3499999999999996,372.5737834244282,342.62544768246323,231.3757739075609,15
3.3499999999999996,1.913313050524917,3.3499999999999996,320.2148504096713,294.47524586345634,198.85982891563216,15
3.3499999999999996,1.8562861875877208,3.3499999999999996,385.3764757276519,354.3990301970864,239.3265019822313,15
3.3499999999999996,2.0056575688289486,3.3499999999999996,578.6219616854595,532.1110005089723,359.3358151890468,15
3.3499999999999996,2.116932310868267,3.3499999999999996,546.864631559602,502.9063974594429,339.613877784939,15
3.3499999999999996,2.24023907978144,3.3499999999999996,649.9817007685712,597.7346799990623,403.65164091473315,15
3.3499999999999996,2.2095760813553316,3.3499999999999996,439.9709755760901,404.6050988572166,273.2307787067658,15
3.3499999999999996,2.259917388415551,3.3499999999999996,509.95219357704553,468.96106595334186,316.6905152591879,15
3.3499999999999996,2.368925649573996,3.3499999999999996,577.7685965818615,531.3262308508138,358.80585838571005,15
3.3499999999999996,2.467033084616596,3.3499999999999996,620.9883889731594,571.0719171433523,385.646214195901,15
3.3499999999999996,2.3803386289552395,3.3499999999999996,408.6944822918678,375.84268188050555,253.8074506018257,15
3.3499999999999996,2.3942541403964372,3.3499999999999996,492.78941121854285,453.1778674281793,306.0320840241542,15
3.3499999999999996,2.4898287263567935,3.3499999999999996,641.6533484126809,590.0757797185142,398.47956746928674,15
3.3499999999999996,2.358317144519382,3.3499999999999996,370.4772347172504,340.69742437179843,230.073775212968,15
3.3499999999999996,2.4574854300674436,3.3499999999999996,607.1330923009136,558.3303410145411,377.0417977477158,15
3.3499999999999996,2.4026702306407164,3.3499999999999996,437.6555731748029,402.4758138146285,271.7928674893387,15
3.3499999999999996,2.239049528990922,3.3499999999999996,317.8203815977752,292.27324994979597,197.37281587526775,15
3.3499999999999996,2.3501445760918296,3.3499999999999996,569.3969973440581,523.6275599719693,353.60692776131833,15
3.3499999999999996,2.4501301184826465,3.3499999999999996,602.1551837909569,553.7525682145605,373.95041696577766,15
3.3499999999999996,2.380474727481291,3.3499999999999996,422.94484871674456,388.94757114857435,262.6572132708917,15
3.3499999999999996,2.437500685749727,3.3499999999999996,531.442102581845,488.72356675452426,330.0361787180799,15
3.3499999999999996,2.458473841315211,3.3499999999999996,504.08668995395743,463.5670449723908,313.0479201531237,15
3.3499999999999996,2.2877315986920865,3.3499999999999996,315.76125472742643,290.3796404228353,196.0940568900763,15
3.3499999999999996,2.264214415684843,3.3499999999999996,451.4047418589735,415.1197927666022,280.3313763335361,15
3.3499999999999996,2.2530871310945018,3.3499999999999996,461.08211916017035,424.01928027143686,286.34122126110884,15
3.3499999999999996,2.1970320236303795,3.3499999999999996,417.2484071548647,383.7090226323661,259.11960908740656,15
3.3499999999999996,2.3123288212673416,3.3499999999999996,600.0589441685339,551.8248291437084,372.6486102190015,15
3.3499999999999996,2.4038008199160235,3.3499999999999996,556.9755822248529,512.2046067063092,345.89298044646074,15
3.3499999999999996,2.378968482832949,3.3499999999999996,461.29785481530007,424.2176745995093,286.47519741935145,15
3.3499999999999996,2.2793262294472676,3.3499999999999996,388.9153573741164,357.6534484153266,241.5242182901048,15
3.3499999999999996,2.386393606502541,3.3499999999999996,722.2314544235916,664.176832647251,448.52018349685443,15
3.3499999999999996,2.3771468887968434,3.3499999999999996,473.1527472238413,435.1196435501179,293.8373227959842,15
3.3499999999999996,2.3691679245131763,3.3499999999999996,473.4484255048194,435.3915545323104,294.0209449243589,15
3.3499999999999996,2.435915512604447,3.3499999999999996,539.3165929347583,495.96508750147564,334.92639477887394,15
3.3499999999999996,2.432060356914162,3.3499999999999996,482.10789415186804,443.35495521664507,299.3986482115401,15
3.3499999999999996,2.260267802783787,3.3499999999999996,310.8561459912589,285.86881558375626,193.04788622422828,15
3.3499999999999996,2.2462822290354167,3.3499999999999996,457.9925276045741,421.17803717547207,284.422523088994,15
3.3499999999999996,2.3566540061318753,3.3499999999999996,587.1550511182223,539.958180630297,364.63503445558007,15
3.3499999999999996,2.3559177241204616,3.3499999999999996,477.9355321927824,439.5179772871045,296.8075279549488,15
3.3499999999999996,2.2726709983360567,3.3499999999999996,401.6705273999317,369.3833286022597,249.4454340796858,15
3.3499999999999996,2.380403898502451,3.3499999999999996,616.3991160816174,566.8515405388872,382.79618390876215,15
3.3499999999999996,2.3486528505977233,3.3499999999999996,452.4049563791366,416.0396077482134,280.9525295627011,15
3.3499999999999996,2.448787565537951,3.3499999999999996,576.3760052026684,530.0455791625782,357.94103127646935,15
3.3499999999999996,2.342887833140891,3.3499999999999996,389.5661176369074,358.25189907474606,241.92835343361284,15
3.3499999999999996,2.130074507959908,3.3499999999999996,221.17702928505105,203.39831208558203,137.35536046320917,15
3.3499999999999996,1.9607413459933132,3.3499999999999996,272.0701788491094,250.20055349152625,168.96102460507637,15
3.3499999999999996,1.8911827858986572,3.3499999999999996,378.4459370551411,348.02558412816495,235.02249880141238,15
3.3499999999999996,1.8094942406916354,3.3499999999999996,360.35100113750667,331.3851606861797,223.7851815557678,15
3.3499999999999996,1.7485447068829605,3.3499999999999996,372.6965842069929,342.7383774563063,231.45203565051344,15
3.3499999999999996,1.9086902361946645,3.3499999999999996,617.7647860795723,568.107434848291,383.64429230161494,15
3.3499999999999996,1.8974724878391185,3.3499999999999996,426.97494830629034,392.6537220843208,265.15998574963436,15
3.3499999999999996,1.9807215776021347,3.3499999999999996,511.4718013246802,470.35852414283005,317.6342220745554,15
3.3499999999999996,1.9023648047960455,3.3499999999999996,366.5763221833631,401.86574547738695,222.4771514665968,16
3.3499999999999996,2.047128324316441,3.3499999999999996,601.1290473522492,658.9982989176452,364.8284682496795,16
3.3499999999999996,2.1774154918847968,3.3499999999999996,528.3785782892919,579.244316691835,320.6758153216775,16
3.3499999999999996,2.294673942696317,3.3499999999999996,781.0489790761263,856.2386909260789,474.0228473726458,16
3.3499999999999996,2.4002065484266852,3.3499999999999996,637.9567332585185,699.3712978139762,387.1793898987734,16
3.3499999999999996,2.4951858935840168,3.3499999999999996,595.5710647643499,652.9052626769706,361.4552985733297,16
3.3499999999999996,2.580667304225615,3.3499999999999996,501.38875143263766,549.656243939472,304.2955435084817,16
3.3499999999999996,2.6576005738030535,3.3499999999999996,509.1740510586782,558.1910156872736,309.02048393507346,16
3.3499999999999996,2.5895579738975836,3.3499999999999996,372.5737834244282,408.44056792706675,226.11704311316106,16
3.3499999999999996,2.460811706633276,3.3499999999999996,320.2148504096713,351.0411660152029,194.3401236395494,16
3.3499999999999996,2.4282186604615235,3.3499999999999996,385.3764757276519,422.47574471074114,233.88706627712253,16
3.3499999999999996,2.520396794415371,3.3499999999999996,578.6219616854595,634.3245100975273,351.1687962961338,16
3.3499999999999996,2.603357114973834,3.3499999999999996,546.864631559602,599.5099779712119,331.895100978052,16
3.3499999999999996,2.6780214034764507,3.3499999999999996,649.9817007685712,712.5538801040333,394.4774076817569,16
3.3499999999999996,2.697649582502341,3.3499999999999996,439.9709755760901,482.3259261133014,267.02076334648365,16
3.3499999999999996,2.762884624252107,3.3499999999999996,509.95219357704553,559.0440681194898,309.49274283573095,16
3.3499999999999996,2.8215961618268963,3.3499999999999996,577.7685965818615,633.3889935822235,350.65088440188293,16
3.3499999999999996,2.874436545644207,3.3499999999999996,620.9883889731594,680.769451723268,376.88121002936305,16
3.3499999999999996,2.832568947498631,3.3499999999999996,408.6944822918678,448.0385198380663,248.03889050676068,16
3.3499999999999996,2.884312052748768,3.3499999999999996,492.78941121854285,540.2290658687011,299.07655744869203,16
3.3499999999999996,2.930880847473891,3.3499999999999996,641.6533484126809,703.4237772426047,389.42288561794015,16
3.3499999999999996,2.8329019673637554,3.3499999999999996,370.4772347172504,406.1421895044742,224.84463636985106,16
3.3499999999999996,2.8846117706273797,3.3499999999999996,607.1330923009136,665.5803388726641,368.4723555839742,16
3.3499999999999996,2.880534504577546,3.3499999999999996,437.6555731748029,479.7876254763936,265.615533113202,16
3.3499999999999996,2.719475878432112,3.3499999999999996,317.8203815977752,348.4161874339794,192.8869075742745,16
3.3499999999999996,2.782528290588901,3.3499999999999996,569.3969973440581,624.2114805652891,345.5701155716615,16
3.3499999999999996,2.839275461530011,3.3499999999999996,602.1551837909569,660.1232190500932,365.45123600112635,16
3.3499999999999996,2.820185493765406,3.3499999999999996,422.94484871674456,463.660734858802,256.6875149205764,16
3.3499999999999996,2.873166944388865,3.3499999999999996,531.442102581845,582.6027591200916,322.535084774752,16
3.3499999999999996,2.9208502499499787,3.3499999999999996,504.08668995395743,552.6139065311655,305.93293698081567,16
3.3499999999999996,2.7529858605223594,3.3499999999999996,315.76125472742643,346.15883335869,191.63721234602028,16
3.3499999999999996,2.7800449873402435,3.3499999999999996,451.4047418589735,494.86039365206085,273.9599779089516,16
3.3499999999999996,2.816885445756231,3.3499999999999996,461.08211916017035,505.46938885460986,279.8332305042483,16
3.3499999999999996,2.792374410529539,3.3499999999999996,417.2484071548647,457.4159105308189,253.23031374447578,16
3.3499999999999996,2.848136969476585,3.3499999999999996,600.0589441685339,657.8251794671031,364.1790168430248,16
3.3499999999999996,2.8983232725289265,3.3499999999999996,556.9755822248529,610.594285605636,338.0314915916801,16
3.3499999999999996,2.923612777038577,3.3499999999999996,461.29785481530007,505.70589286381147,279.96416163950875,16
3.3499999999999996,2.849527637268146,3.3499999999999996,388.9153573741164,426.3553060052137,236.03483267783685,16
3.3499999999999996,2.8995748735413316,3.3499999999999996,722.2314544235916,791.7589442505632,438.3261737220579,16
3.3499999999999996,2.939855476729998,3.3499999999999996,473.1527472238413,518.7020273302643,287.1589599240416,16
3.3499999999999996,2.9764826060368192,3.3499999999999996,473.4484255048194,519.0261698501604,287.3384086710604,16
3.3499999999999996,3.0138343454331373,3.3499999999999996,539.3165929347583,591.235307772116,327.3141555356044,16
3.3499999999999996,3.0474509108898236,3.3499999999999996,482.10789415186804,528.519264773906,292.59388700183484,16
3.3499999999999996,2.860281311970599,3.3499999999999996,310.8561459912589,340.7815215695189,188.6602753394053,16
3.3499999999999996,2.8851258343817445,3.3499999999999996,457.9925276045741,502.08236973041977,277.95814068832595,16
3.3499999999999996,2.93161325094357,3.3499999999999996,587.1550511182223,643.6790595831516,356.34757439861363,16
3.3499999999999996,2.973451925849213,3.3499999999999996,477.9355321927824,523.9452395365345,290.06165797510397,16
3.3499999999999996,2.9120653030863703,3.3499999999999996,401.6705273999317,440.33838565581664,243.77601431475676,16
3.3499999999999996,2.9558587727777335,3.3499999999999996,616.3991160816174,675.7383805379444,374.0959555041065,16
3.3499999999999996,2.963927401975859,3.3499999999999996,452.4049563791366,495.9568964250402,274.5670135079123,16
3.3499999999999996,3.002534661778273,3.3499999999999996,576.3760052026684,631.8623407711212,349.8057131661783,16
3.3499999999999996,2.921466436469534,3.3499999999999996,389.5661176369074,427.06871339763853,236.42978259901855,16
3.3499999999999996,2.6694799828363807,3.3499999999999996,221.17702928505105,242.4692113956311,134.23353464866926,16
3.3499999999999996,2.4840195732418553,3.3499999999999996,272.0701788491094,298.2617223997166,165.12086222273877,16
3.3499999999999996,2.4406016302236075,3.3499999999999996,378.4459370551411,414.87801970329974,229.68088489365056,16
3.3499999999999996,2.378947729651492,3.3499999999999996,360.35100113750667,395.0411277060354,218.69897047280526,16
3.3499999999999996,2.338922959107957,3.3499999999999996,372.6965842069929,408.5751904464284,226.19157157190097,16
3.3499999999999996,2.4400306631971613,3.3499999999999996,617.7647860795723,677.2355203110081,374.92478800801376,16
3.3499999999999996,2.4662533809271547,3.3499999999999996,426.97494830629034,468.0788024695377,259.1334041462323,16
3.3499999999999996,2.5546280428344392,3.3499999999999996,511.4718013246802,560.7099648601717,310.4150009920317,16
3.3499999999999996,1.2176002375309707,3.3499999999999996,366.5763221833631,344.1627758109974,227.13095788540718,17
3.3499999999999996,1.4308402137778735,3.3499999999999996,601.1290473522492,564.3742627050667,372.4599983016994,17
3.3499999999999996,1.5915467086399997,3.3499999999999996,528.3785782892919,496.0719696787995,327.38375435210554,17
3.3499999999999996,1.7673920377759997,3.3499999999999996,781.0489790761263,733.29336461815,483.9385198595653,17
3.3499999999999996,1.9256528339983998,3.3499999999999996,637.9567332585185,598.9501963952338,395.2784594799142,17
3.3499999999999996,2.06808755059856,3.3499999999999996,595.5710647643499,559.1561113963093,369.0162682168399,17
3.3499999999999996,2.134728622944818,3.3499999999999996,501.38875143263766,470.7323796193029,310.66083785111346,17
3.3499999999999996,2.2035395289745066,3.3499999999999996,509.1740510586782,478.04166330096473,315.48461520518646,17
3.3499999999999996,2.1118686865647462,3.3499999999999996,372.5737834244282,349.7935347652305,230.84698926585813,17
3.3499999999999996,1.9840753918550116,3.3499999999999996,320.2148504096713,300.63597975040574,198.40535599650866,17
3.3499999999999996,1.9289455402677673,3.3499999999999996,385.3764757276519,361.8134330900535,238.7795467999173,17
3.3499999999999996,2.0710509862409907,3.3499999999999996,578.6219616854595,543.2433259539921,358.51459152730934,17
3.3499999999999996,2.188072354759974,3.3499999999999996,546.864631559602,513.4277316914847,338.8377265066572,17
3.3499999999999996,2.3042651192839765,3.3499999999999996,649.9817007685712,610.2399222909139,402.7291381621369,17
3.3499999999999996,2.2767873168237944,3.3499999999999996,439.9709755760901,413.06986585674224,272.6063389178433,17
3.3499999999999996,2.3322715840280237,3.3499999999999996,509.95219357704553,478.7722279143657,315.9667528798608,17
3.3499999999999996,2.4340444256252214,3.3499999999999996,577.7685965818615,542.4421380837956,357.9858458836961,17
3.3499999999999996,2.525639983062699,3.3499999999999996,620.9883889731594,583.0193462099761,384.76486092475386,17
3.3499999999999996,2.442325568722894,3.3499999999999996,408.6944822918678,383.7057086678126,253.2274007566695,17
3.3499999999999996,2.461705114351315,3.3499999999999996,492.78941121854285,462.65882816732017,305.3326803520788,17
3.3499999999999996,2.5505346029161835,3.3499999999999996,641.6533484126809,602.4207897084731,397.5688849386503,17
3.3499999999999996,2.4217505094753156,3.3499999999999996,370.4772347172504,347.8251751658226,229.54796615034851,17
3.3499999999999996,2.514575458527784,3.3499999999999996,607.1330923009136,570.011202819799,376.18010895220414,17
3.3499999999999996,2.4636137943921828,3.3499999999999996,437.6555731748029,410.89603391691537,271.17171389306753,17
3.3499999999999996,2.2988414984911425,3.3499999999999996,317.8203815977752,298.38791575110906,196.92174136577245,17
3.3499999999999996,2.4039573486420283,3.3499999999999996,569.3969973440581,534.5824028600392,352.7987968604809,17
3.3499999999999996,2.4985616137778255,3.3499999999999996,602.1551837909569,565.3376581666258,373.09579319116904,17
3.3499999999999996,2.4334635270287204,3.3499999999999996,422.94484871674456,397.08476609273873,262.0569382374926,17
3.3499999999999996,2.497302091811143,3.3499999999999996,531.442102581845,498.94818115369685,329.2819162490018,17
3.3499999999999996,2.524090762391311,3.3499999999999996,504.08668995395743,473.265358304163,312.33248253621883,17
3.3499999999999996,2.351713551931476,3.3499999999999996,315.76125472742643,296.4546899081924,195.64590484778816,17
3.3499999999999996,2.3315616256785807,3.3499999999999996,451.4047418589735,423.80453829399534,279.6907088864256,17
3.3499999999999996,2.3249809060957793,3.3499999999999996,461.08211916017035,432.89021249879085,285.6868189547128,17
3.3499999999999996,2.271073355204697,3.3499999999999996,417.2484071548647,391.7366215958308,258.52741887087944,17
3.3499999999999996,2.3789660196842273,3.3499999999999996,600.0589441685339,563.3695887536285,371.7969615848001,17
3.3499999999999996,2.4760694177158045,3.3499999999999996,556.9755822248529,522.9204693192581,345.10247894907445,17
3.3499999999999996,2.4552941457507744,3.3499999999999996,461.29785481530007,433.09275744623494,285.8204889247419,17
3.3499999999999996,2.3570336777044996,3.3499999999999996,388.9153573741164,365.13593718267896,240.97224046168233,17
3.3499999999999996,2.4563303099340494,3.3499999999999996,722.2314544235916,678.0721151108711,447.495138478003,17
3.3499999999999996,2.451517919800706,3.3499999999999996,473.1527472238413,444.22280712855854,293.1657889494215,17
3.3499999999999996,2.4475334205143753,3.3499999999999996,473.4484255048194,444.50040677635457,293.3489914290157,17
3.3499999999999996,2.5186453447618518,3.3499999999999996,539.3165929347583,506.34120218084325,334.16095624281223,17
3.3499999999999996,2.518052843108869,3.3499999999999996,482.10789415186804,452.63041023338576,298.71440454917615,17
3.3499999999999996,2.342549348414306,3.3499999999999996,310.8561459912589,291.84949383813694,192.60669587994727,17
3.3499999999999996,2.3311937856418474,3.3499999999999996,457.9925276045741,429.9895275894028,283.7725057625306,17
3.3499999999999996,2.4330744070776626,3.3499999999999996,587.1550511182223,551.2546773907991,363.80169999367615,17
3.3499999999999996,2.4361816966559497,3.3499999999999996,477.9355321927824,448.713158663578,296.12920602143885,17
3.3499999999999996,2.354069553551767,3.3499999999999996,401.6705273999317,377.11121888085154,248.8753531578305,17
3.3499999999999996,2.4536625981965905,3.3499999999999996,616.3991160816174,578.7106748590828,381.92134407771636,17
3.3499999999999996,2.424515853163644,3.3499999999999996,452.4049563791366,424.7435967787755,280.3104425361671,17
3.3499999999999996,2.51706426784728,3.3499999999999996,576.3760052026684,541.1346938064921,357.12299524452993,17
3.3499999999999996,2.4133587554187663,3.3499999999999996,389.5661176369074,365.7469080634376,241.37545199744412,17
3.3499999999999996,2.1956157273624135,3.3499999999999996,221.17702928505105,207.6536201001476,137.04144944373695,17
3.3499999999999996,2.0220768386640557,3.3499999999999996,272.0701788491094,255.43501394306273,168.57488221277384,17
3.3499999999999996,1.9552769221363961,3.3499999999999996,378.4459370551411,355.30664778218056,234.4853799590982,17
3.3499999999999996,1.874262970389247,3.3499999999999996,360.35100113750667,338.3180890655592,223.27374440291086,17
3.3499999999999996,1.8156609528187675,3.3499999999999996,372.6965842069929,349.9088271494945,230.9230767207349,17
3.3499999999999996,1.9690948575368907,3.3499999999999996,617.7647860795723,579.9928438069802,382.76751420933687,17
3.3499999999999996,1.9612817815297723,3.3499999999999996,426.97494830629034,400.86845362954335,264.55399089680014,17
3.3499999999999996,2.050031689370824,3.3499999999999996,511.4718013246802,480.19892240858405,316.9083029540026,17
3.3499999999999996,1.1389534749627748,3.3499999999999996,366.5763221833631,337.821625467326,227.59912887149667,18
3.3499999999999996,1.3600581274664973,3.3499999999999996,601.1290473522492,553.9757469403146,373.2277270442153,18
3.3499999999999996,1.5169902316925934,3.3499999999999996,528.3785782892919,486.93191397811563,328.0585702227894,18
3.3499999999999996,1.7002912085233342,3.3499999999999996,781.0489790761263,719.782538352575,484.93603237903284,18
3.3499999999999996,1.8652620876710007,3.3499999999999996,637.9567332585185,587.9146239549432,396.0932225041957,18
3.3499999999999996,2.0137358789039004,3.3499999999999996,595.5710647643499,548.8537393295119,369.7768986116683,18
3.3499999999999996,2.0752403300862174,3.3499999999999996,501.38875143263766,462.0592022724319,311.3011838090147,18
3.3499999999999996,2.1393465166570653,3.3499999999999996,509.1740510586782,469.2338134386806,316.13490411679834,18
3.3499999999999996,2.046166224261338,3.3499999999999996,372.5737834244282,343.3486384862423,231.3228198774427,18
3.3499999999999996,1.920484650140212,3.3499999999999996,320.2148504096713,295.09680445225797,198.81431667728555,18
3.3499999999999996,1.8636500449154065,3.3499999999999996,385.3764757276519,355.14707188879476,239.27172830139153,18
3.3499999999999996,2.012285040423866,3.3499999999999996,578.6219616854595,533.234144702612,359.2535754659386,18
3.3499999999999996,2.1241421897645276,3.3499999999999996,546.864631559602,503.9678985366816,339.5361517412436,18
3.3499999999999996,2.2467279707880747,3.3499999999999996,649.9817007685712,598.9963382518253,403.5592588092547,18
3.3499999999999996,2.21638778460552,3.3499999999999996,439.9709755760901,405.45911214967583,273.1682454923307,18
3.3499999999999996,2.267250318780289,3.3499999999999996,509.95219357704553,469.9509175026703,316.6180355920215,18
3.3499999999999996,2.3755252869022603,3.3499999999999996,577.7685965818615,532.4477186053193,358.723739951655,18
3.3499999999999996,2.4729727582120344,3.3499999999999996,620.9883889731594,572.27729742543,385.5579529190324,18
3.3499999999999996,2.3866208619203326,3.3499999999999996,408.6944822918678,376.6359853932544,253.74936272531025,18
3.3499999999999996,2.401090140587692,3.3499999999999996,492.78941121854285,454.1344048611606,305.962043708693,18
3.3499999999999996,2.495981126528923,3.3499999999999996,641.6533484126809,591.3212720784999,398.3883690751727,18
3.3499999999999996,2.364745969331619,3.3499999999999996,370.4772347172504,341.4165456333494,230.0211191659831,18
3.3499999999999996,2.463271372398457,3.3499999999999996,607.1330923009136,559.5088272327241,376.95550572856195,18
3.3499999999999996,2.408846719859975,3.3499999999999996,437.6555731748029,403.32533275510133,271.7306633637819,18
3.3499999999999996,2.245109306796539,3.3499999999999996,317.8203815977752,292.89016071338347,197.3276439635336,18
3.3499999999999996,2.3555983761168853,3.3499999999999996,569.3969973440581,524.7327978885874,353.5259991853207,18
3.3499999999999996,2.455038538505197,3.3499999999999996,602.1551837909569,554.9213919770993,373.8648324583406,18
3.3499999999999996,2.3858450197484267,3.3499999999999996,422.94484871674456,389.76853558221296,262.5970999852722,18
3.3499999999999996,2.443561419928994,3.3499999999999996,531.442102581845,489.7551316644212,329.96064468332423,18
3.3499999999999996,2.4651239644895018,3.3499999999999996,504.08668995395743,464.5455111841876,312.97627415184945,18
3.3499999999999996,2.2942160216579275,3.3499999999999996,315.76125472742643,290.9925542825001,196.04917764269788,18
3.3499999999999996,2.271034642784108,3.3499999999999996,451.4047418589735,415.9959997693981,280.2672180342693,18
3.3499999999999996,2.260368667726195,3.3499999999999996,461.08211916017035,424.91427171527573,286.275687513134,18
3.3499999999999996,2.2045316832702024,3.3499999999999996,417.2484071548647,384.5189298893191,259.0603054388347,18
3.3499999999999996,2.3190785149431825,3.3499999999999996,600.0589441685339,552.9895839639736,372.56332365076753,18
3.3499999999999996,2.411132156762557,3.3499999999999996,556.9755822248529,513.2857338196885,345.8138173301375,18
3.3499999999999996,2.3867102856826947,3.3499999999999996,461.29785481530007,425.1130848007831,286.4096330087994,18
3.3499999999999996,2.2872074356990004,3.3499999999999996,388.9153573741164,358.408359314629,241.46894162689316,18
3.3499999999999996,2.3934866921291005,3.3499999999999996,722.2314544235916,665.578732537357,448.417532510952,18
3.3499999999999996,2.384688867015682,3.3499999999999996,473.1527472238413,436.03806489589795,293.7700734458106,18
3.3499999999999996,2.377114267894776,3.3499999999999996,473.4484255048194,436.31054980954553,293.95365354933733,18
3.3499999999999996,2.4443037531977425,3.3499999999999996,539.3165929347583,497.0119373274377,334.84974154030454,18
3.3499999999999996,2.440778883600945,3.3499999999999996,482.10789415186804,444.29075910567684,299.33012606349064,18
3.3499999999999996,2.268609895516278,3.3499999999999996,310.8561459912589,286.4722082970406,193.00370414151178,18
3.3499999999999996,2.254781514940356,3.3499999999999996,457.9925276045741,422.06703151403997,284.3574284656478,18
3.3499999999999996,2.3643033634463206,3.3499999999999996,587.1550511182223,541.0978881251675,364.55158192176197,18
3.3499999999999996,2.3639661858805976,3.3499999999999996,477.9355321927824,440.44568234059517,296.73959882602924,18
3.3499999999999996,2.280843058046446,3.3499999999999996,401.6705273999317,370.1629981455506,249.38834452010906,18
3.3499999999999996,2.387758752241801,3.3499999999999996,616.3991160816174,568.048012733228,382.70857490670676,18
3.3499999999999996,2.356257555227553,3.3499999999999996,452.4049563791366,416.91775623475013,280.88822910262707,18
3.3499999999999996,2.455631799704798,3.3499999999999996,576.3760052026684,531.1643638034358,357.8591107718691,18
3.3499999999999996,2.3499619915944736,3.3499999999999996,389.5661176369074,359.0080731435424,241.8729842776384,18
3.3499999999999996,2.136655843081322,3.3499999999999996,221.17702928505105,203.82763159409902,137.32392450182033,18
3.3499999999999996,1.9669025520249546,3.3499999999999996,272.0701788491094,250.72866003063297,168.9223551841831,18
3.3499999999999996,1.8976290745025703,3.3499999999999996,378.4459370551411,348.76017317758823,234.96871016023437,18
3.3499999999999996,1.8158293035473778,3.3499999999999996,360.35100113750667,332.08462624642374,223.73396475357634,18
3.3499999999999996,1.7551405948878926,3.3499999999999996,372.6965842069929,343.461806624674,231.39906416668097,18
3.3499999999999996,1.9146265353991034,3.3499999999999996,617.7647860795723,569.3065579000659,383.556489196449,18
3.3499999999999996,1.9037723996556382,3.3499999999999996,426.97494830629034,393.4825092126607,265.0992996646809,18
3.3499999999999996,1.9875956858574086,3.3499999999999996,511.4718013246802,471.3513253531313,317.5615264250573,18
3.3499999999999996,1.1309711972906293,3.3499999999999996,366.5763221833631,337.18132430442404,227.64602182647357,19
3.3499999999999996,1.3528740775615664,3.3499999999999996,601.1290473522492,552.9257510601079,373.3046243112972,19
3.3499999999999996,1.5094230988340083,3.3499999999999996,528.3785782892919,486.00899179886494,328.12616114828865,19
3.3499999999999996,1.6934807889506074,3.3499999999999996,781.0489790761263,718.4182751982959,485.03594525499943,19
3.3499999999999996,1.8591327100555466,3.3499999999999996,637.9567332585185,586.8003009246022,396.1748308202803,19
3.3499999999999996,2.008219439049992,3.3499999999999996,595.5710647643499,547.813451612378,369.85308489385704,19
3.3499999999999996,2.0692025472667717,3.3499999999999996,501.38875143263766,461.1834233931627,311.36532215817704,19
3.3499999999999996,2.1328312268702163,3.3499999999999996,509.1740510586782,468.3444359276876,316.2000383723595,19
3.3499999999999996,2.0394977323778383,3.3499999999999996,372.5737834244282,342.69786152014524,231.3704800360357,19
3.3499999999999996,1.914030487995837,3.3499999999999996,320.2148504096713,294.53748316310686,198.85527900805957,19
3.3499999999999996,1.8570228582694084,3.3499999999999996,385.3764757276519,354.4739323796911,239.3210261982601,19
3.3499999999999996,2.0063205724424673,3.3499999999999996,578.6219616854595,532.2234620902128,359.3275935951958,19
3.3499999999999996,2.1176535777485235,3.3499999999999996,546.864631559602,503.0126866521495,339.6061074284889,19
3.3499999999999996,2.2408882199736713,3.3499999999999996,649.9817007685712,597.8610111352554,403.64240537597357,19
3.3499999999999996,2.2102575152633337,3.3499999999999996,439.9709755760901,404.69061208500545,273.22452719384904,19
3.3499999999999996,2.2606509652042073,3.3499999999999996,509.95219357704553,469.06018080525615,316.6832693886599,19
3.3499999999999996,2.3695858686837865,3.3499999999999996,577.7685965818615,531.4385265711032,358.7976489172565,19
3.3499999999999996,2.4676272818154077,3.3499999999999996,620.9883889731594,571.1926131085602,385.63739062082374,19
3.3499999999999996,2.3809670953465587,3.3499999999999996,408.6944822918678,375.9221161757213,253.80164349413704,19
3.3499999999999996,2.394938004938731,3.3499999999999996,492.78941121854285,453.27364650342025,306.0250820182481,19
3.3499999999999996,2.490444204444858,3.3499999999999996,641.6533484126809,590.2004921472659,398.47045026742944,19
3.3499999999999996,2.358960275767875,3.3499999999999996,370.4772347172504,340.76943072203886,230.06851113113814,19
3.3499999999999996,2.4580642481910875,3.3499999999999996,607.1330923009136,558.4483440495189,377.0331710414569,19
3.3499999999999996,2.403288118565633,3.3499999999999996,437.6555731748029,402.56087701833866,271.78664887579214,19
3.3499999999999996,2.239655741258256,3.3499999999999996,317.8203815977752,292.3350218579359,197.3682999905139,19
3.3499999999999996,2.3506901671324303,3.3499999999999996,569.3969973440581,523.7382285793074,353.5988372442587,19
3.3499999999999996,2.4506211504191873,3.3499999999999996,602.1551837909569,553.8696037379341,373.94186099022835,19
3.3499999999999996,2.3810119645147165,3.3499999999999996,422.94484871674456,389.0297751601981,262.65120368086957,19
3.3499999999999996,2.4381069936914335,3.3499999999999996,531.442102581845,488.8268584080594,330.02862749912856,19
3.3499999999999996,2.4591391109631844,3.3499999999999996,504.08668995395743,463.6650197987688,313.0407576250744,19
3.3499999999999996,2.2883802919073455,3.3499999999999996,315.76125472742643,290.44101211688195,196.08957026329375,19
3.3499999999999996,2.2648967023075888,3.3499999999999996,451.4047418589735,415.20752827339345,280.3249623591354,19
3.3499999999999996,2.253815566521142,3.3499999999999996,461.08211916017035,424.1088966835955,286.3346697816168,19
3.3499999999999996,2.1977822797982345,3.3499999999999996,417.2484071548647,383.7901194775363,259.11368043767357,19
3.3499999999999996,2.313004051818411,3.3499999999999996,600.0589441685339,551.9414572397147,372.64008402875595,19
3.3499999999999996,2.404534237291197,3.3499999999999996,556.9755822248529,512.3128610741644,345.8850664243096,19
3.3499999999999996,2.379742962691674,3.3499999999999996,461.29785481530007,424.30733294228,286.4686428744883,19
3.3499999999999996,2.2801146550404905,3.3499999999999996,388.9153573741164,357.7290384187404,241.5186922224432,19
3.3499999999999996,2.3871031895364414,3.3499999999999996,722.2314544235916,664.3172063225772,448.5099213670392,19
3.3499999999999996,2.3779013784601424,3.3499999999999996,473.1527472238413,435.21160602241355,293.8305998058893,19
3.3499999999999996,2.3699628663399066,3.3499999999999996,473.4484255048194,435.4835744729517,294.01421773299455,19
3.3499999999999996,2.4367546612518267,3.3499999999999996,539.3165929347583,496.0699096493493,334.91873167190977,19
3.3499999999999996,2.4329325469515113,3.3499999999999996,482.10789415186804,443.44865822084313,299.3917979784682,19
3.3499999999999996,2.261102334859367,3.3499999999999996,310.8561459912589,285.9292339156405,193.0434692937492,19
3.3499999999999996,2.2471324865109263,3.3499999999999996,457.9925276045741,421.26705309132285,284.41601550926487,19
3.3499999999999996,2.3574192378598338,3.3499999999999996,587.1550511182223,540.0723007118954,364.6266916157338,19
3.3499999999999996,2.3567228817365775,3.3499999999999996,477.9355321927824,439.6108693465847,296.8007370066392,19
3.3499999999999996,2.2734885205298956,3.3499999999999996,401.6705273999317,369.46139771411566,249.43972677481864,19
3.3499999999999996,2.381139668476906,3.3499999999999996,616.3991160816174,566.9713445281238,382.78742554230166,19
3.3499999999999996,2.349413615329358,3.3499999999999996,452.4049563791366,416.12753765776483,280.94610137633106,19
3.3499999999999996,2.449472253796422,3.3499999999999996,576.3760052026684,530.1576042173227,357.93284159523705,19
3.3499999999999996,2.3435955227250953,3.3499999999999996,389.5661176369074,358.32761556061814,241.92281811934996,19
3.3499999999999996,2.1307328961407976,3.3499999999999996,221.17702928505105,203.44130028875196,137.35221777623153,19
3.3499999999999996,1.961357705008076,3.3499999999999996,272.0701788491094,250.25343334149363,168.95715878134763,19
3.3499999999999996,1.89182766420209,3.3499999999999996,378.4459370551411,348.09913928388585,235.01712149291902,19
3.3499999999999996,1.8101279921163034,3.3499999999999996,360.35100113750667,331.45519889086785,223.78006135679277,19
3.3499999999999996,1.7492045509153347,3.3499999999999996,372.6965842069929,342.8108151616793,231.4467400341216,19
3.3499999999999996,1.909284095823801,3.3499999999999996,617.7647860795723,568.2275042706042,383.63551453045693,19
3.3499999999999996,1.8981027227996734,3.3499999999999996,426.97494830629034,392.7367093903967,265.1539188962448,19
3.3499999999999996,1.981409254425444,3.3499999999999996,511.4718013246802,470.45793434732593,317.6269546120407,19
3.3499999999999996,1.1301717748324387,3.3499999999999996,366.5763221833631,337.1172318162285,227.65071193434636,20
3.3499999999999996,1.3521545973491949,3.3499999999999996,601.1290473522492,552.8206491917114,373.3123153701762,20
3.3499999999999996,1.5086652529910387,3.3499999999999996,528.3785782892919,485.9166096788467,328.13292141178607,20
3.3499999999999996,1.6927987276919347,3.3499999999999996,781.0489790761263,718.2817159896342,485.04593827349,20
3.3499999999999996,1.8585188549227412,3.3499999999999996,637.9567332585185,586.6887600750675,396.1829930656741,20
3.3499999999999996,2.007666969430467,3.3499999999999996,595.5710647643499,547.7093215059635,369.8607048419296,20
3.3499999999999996,2.0685978653223707,3.3499999999999996,501.38875143263766,461.095760195384,311.3717371042282,20
3.3499999999999996,2.1321787227615956,3.3499999999999996,509.1740510586782,468.2554115420902,316.20655292630363,20
3.3499999999999996,2.0388298851301117,3.3499999999999996,372.5737834244282,342.6327204311794,231.37524687756115,20
3.3499999999999996,1.9133841058003114,3.3499999999999996,320.2148504096713,294.4814965505575,198.85937595076976,20
3.3499999999999996,1.856359147727502,3.3499999999999996,385.3764757276519,354.40655285808356,239.32595684198543,20
3.3499999999999996,2.005723232954752,3.3499999999999996,578.6219616854595,532.122295378113,359.3349966904141,20
3.3499999999999996,2.1170037454097947,3.3499999999999996,546.864631559602,502.91707241625454,339.6131042091281,20
3.3499999999999996,2.2403033708688156,3.3499999999999996,649.9817007685712,597.7473678310843,403.6507214730794,20
3.3499999999999996,2.2096435708243933,3.3499999999999996,439.9709755760901,404.6136872187443,273.2301563390269,20
3.3499999999999996,2.259990042135011,3.3499999999999996,509.95219357704553,468.9710203686181,316.6897938984362,20
3.3499999999999996,2.3689910379215102,3.3499999999999996,577.7685965818615,531.3375090620191,358.8050410942181,20
3.3499999999999996,2.467091934129359,3.3499999999999996,620.9883889731594,571.0840390174875,385.64533576718424,20
3.3499999999999996,2.380400872501643,3.3499999999999996,408.6944822918678,375.8506597157793,253.80687247673353,20
3.3499999999999996,2.3943218705964284,3.3499999999999996,492.78941121854285,453.18748682094736,306.0313869412815,20
3.3499999999999996,2.4898896835367856,3.3499999999999996,641.6533484126809,590.0883049786736,398.47865980863236,20
3.3499999999999996,2.358380840478723,3.3499999999999996,370.4772347172504,340.7046561952736,230.0732511486736,20
3.3499999999999996,2.4575427564308505,3.3499999999999996,607.1330923009136,558.3421924292518,377.0409389182229,20
3.3499999999999996,2.402731426491851,3.3499999999999996,437.6555731748029,402.4843569788273,271.79224839688806,20
3.3499999999999996,2.2391095684805635,3.3499999999999996,317.8203815977752,292.2794538961686,197.37236629753826,20
3.3499999999999996,2.350198611632507,3.3499999999999996,569.3969973440581,523.6386747671204,353.60612231200156,20
3.3499999999999996,2.4501787504692563,3.3499999999999996,602.1551837909569,553.7643224590477,373.94956517786204,20
3.3499999999999996,2.3805279356379745,3.3499999999999996,422.94484871674456,388.95582715514917,262.6566149877235,20
3.3499999999999996,2.437560734714994,3.3499999999999996,531.442102581845,488.73394065908025,330.03542695844556,20
3.3499999999999996,2.4585397298699148,3.3499999999999996,504.08668995395743,463.57688489132846,313.0472070895109,20
3.3499999999999996,2.2877958455106957,3.3499999999999996,315.76125472742643,290.3858041744521,196.09361022511646,20
3.3499999999999996,2.2642819896070914,3.3499999999999996,451.4047418589735,415.1286043185764,280.3307377919866,20
3.3499999999999996,2.2531592756115444,3.3499999999999996,461.08211916017035,424.0282807286333,286.3405690302758,20
3.3499999999999996,2.197106329281792,3.3499999999999996,417.2484071548647,383.7171674427433,259.11901886222785,20
3.3499999999999996,2.3123956963536125,3.3499999999999996,600.0589441685339,551.8365424689881,372.6477613963541,20
3.3499999999999996,2.403873457847112,3.3499999999999996,556.9755822248529,512.2154790318211,345.89219256804853,20
3.3499999999999996,2.3790451876077636,3.3499999999999996,461.29785481530007,424.2266792679285,286.47454488334614,20
3.3499999999999996,2.2794043154128416,3.3499999999999996,388.9153573741164,357.6610401563239,241.52366814387923,20
3.3499999999999996,2.3864638838715573,3.3499999999999996,722.2314544235916,664.1909308154976,448.51916185319567,20
3.3499999999999996,2.3772216137352276,3.3499999999999996,473.1527472238413,435.1288796294881,293.8366534904578,20
3.3499999999999996,2.3692466558489533,3.3499999999999996,473.4484255048194,435.4007963834067,294.0202752005762,20
3.3499999999999996,2.4359986222002714,3.3499999999999996,539.3165929347583,495.97561511837586,334.92563188025764,20
3.3499999999999996,2.4321467389416047,3.3499999999999996,482.10789415186804,443.36436610309045,299.39796623837236,20
3.3499999999999996,2.260350455152614,3.3499999999999996,310.8561459912589,285.87488358622267,193.0474464978658,20
3.3499999999999996,2.246366438853733,3.3499999999999996,457.9925276045741,421.18697732294186,284.42187522859047,20
3.3499999999999996,2.3567297949683597,3.3499999999999996,587.1550511182223,539.9696420678275,364.6342038863339,20
3.3499999999999996,2.355997467231839,3.3499999999999996,477.9355321927824,439.5273067278295,296.8068518838601,20
3.3499999999999996,2.272751966039835,3.3499999999999996,401.6705273999317,369.39116932788903,249.4448658904375,20
3.3499999999999996,2.3804767694358517,3.3499999999999996,616.3991160816174,566.8635728290793,382.7953119718722,20
3.3499999999999996,2.3487281970212215,3.3499999999999996,452.4049563791366,416.0484388246663,280.95188960628275,20
3.3499999999999996,2.4488553773190995,3.3499999999999996,576.3760052026684,530.0568301899946,357.940215954889,20
3.3499999999999996,2.3429579229819417,3.3499999999999996,389.5661176369074,358.259503518773,241.92780236684425,20
3.3499999999999996,2.1301397149715386,3.3499999999999996,221.17702928505105,203.40262952558285,137.35504759382627,20
3.3499999999999996,1.9608023904206144,3.3499999999999996,272.0701788491094,250.2058643806226,168.96063974400278,20
3.3499999999999996,1.8912466548869726,3.3499999999999996,378.4459370551411,348.03297150302956,235.021963464867,20
3.3499999999999996,1.8095570076697172,3.3499999999999996,360.35100113750667,331.39219484262736,223.78467181569349,20
3.3499999999999996,1.7486100580826667,3.3499999999999996,372.6965842069929,342.7456526021296,231.45150844680393,20
3.3499999999999996,1.9087490522744,3.3499999999999996,617.7647860795723,568.1194937967591,383.6434184328953,20
3.3499999999999996,1.8975349065452798,3.3499999999999996,426.97494830629034,392.6620567596128,265.1593817656266,20
3.3499999999999996,1.9807896853718627,3.3499999999999996,511.4718013246802,470.36850822129173,317.6334985642191,20
3.3499999999999996,1.1300918206207018,3.3499999999999996,366.5763221833631,337.11082194317584,227.65118095331198,21
3.3499999999999996,1.3520826385586315,3.3499999999999996,601.1290473522492,552.8101379812251,373.3130844894752,21
3.3499999999999996,1.5085894570631513,3.3499999999999996,528.3785782892919,485.90737056708326,328.13359744992397,21
3.3499999999999996,1.692730511356836,3.3499999999999996,781.0489790761263,718.2680587387405,485.04693759276427,21
3.3499999999999996,1.8584574602211525,3.3499999999999996,637.9567332585185,586.6776049037547,396.18380930444624,21
3.3499999999999996,2.0076117141990375,3.3499999999999996,595.5710647643499,547.69890748114,369.86146685002404,21
3.3499999999999996,2.068537388076929,3.3499999999999996,501.38875143263766,461.0869930218047,311.3723786100193,21
3.3499999999999996,2.1321134625839204,3.3499999999999996,509.1740510586782,468.24650823647164,316.2072043930576,21
3.3499999999999996,2.038763090408867,3.3499999999999996,372.5737834244282,342.62620568783694,231.37572357002585,21
3.3499999999999996,1.91331945790558,3.3499999999999996,320.2148504096713,294.4758973440172,198.85978565218477,21
3.3499999999999996,1.856292766738758,3.3499999999999996,385.3764757276519,354.39981424967556,239.3264499149557,21
3.3499999999999996,2.005663490064882,3.3499999999999996,578.6219616854595,532.1121777215833,359.33573701284496,21
3.3499999999999996,2.1169387524490997,3.3499999999999996,546.864631559602,502.9075100614238,339.6138038993925,21
3.3499999999999996,2.24024487720419,3.3499999999999996,649.9817007685712,597.7360023938309,403.651553097291,21
3.3499999999999996,2.2095821671908547,3.3499999999999996,439.9709755760901,404.6059939829035,273.23071926336047,21
3.3499999999999996,2.2599239399352613,3.3499999999999996,509.95219357704553,468.9621034565703,316.6904463607909,21
3.3499999999999996,2.3689315459417353,3.3499999999999996,577.7685965818615,531.327406327244,358.8057803248041,21
3.3499999999999996,2.467038391347562,3.3499999999999996,620.9883889731594,571.0731805509158,385.64613029567454,21
3.3499999999999996,2.3803442417418132,3.3499999999999996,408.6944822918678,375.8435133738301,253.80739538411112,21
3.3499999999999996,2.394260247939775,3.3499999999999996,492.78941121854285,453.1788700135423,306.03201744457897,21
3.3499999999999996,2.4898342231457975,3.3499999999999996,641.6533484126809,590.07708516916,398.47948077706803,21
3.3499999999999996,2.358322888276703,3.3499999999999996,370.4772347172504,340.69817811172135,230.07372515869253,21
3.3499999999999996,2.457490599449033,3.3499999999999996,607.1330923009136,558.3315762333542,377.0417157194446,21
3.3499999999999996,2.4026757489517934,3.3499999999999996,437.6555731748029,402.47670422960437,271.7928083587618,21
3.3499999999999996,2.23905494302757,3.3499999999999996,317.8203815977752,292.27389655878414,197.37277293533126,21
3.3499999999999996,2.3501494487248134,3.3499999999999996,569.3969973440581,523.6287184162908,353.60685083147894,21
3.3499999999999996,2.450134503852332,3.3499999999999996,602.1551837909569,553.7537933057652,373.9503356100596,21
3.3499999999999996,2.380479525505258,3.3499999999999996,422.94484871674456,388.9484316344227,262.6571561278448,21
3.3499999999999996,2.4375061006408356,3.3499999999999996,531.442102581845,488.7246479792039,330.03610691623385,21
3.3499999999999996,2.4584797827889306,3.3499999999999996,504.08668995395743,463.5680705421889,313.0478520472007,21
3.3499999999999996,2.2877373921229194,3.3499999999999996,315.76125472742643,290.38028284250777,196.0940142283434,21
3.3499999999999996,2.2642205091358982,3.3499999999999996,451.4047418589735,415.12071115440966,280.33131534534255,21
3.3499999999999996,2.2530936366970904,3.3499999999999996,461.08211916017035,424.0202183479725,286.34115896542846,21
3.3499999999999996,2.1970387241123843,3.3499999999999996,417.2484071548647,383.7098715287429,259.119552713992,21
3.3499999999999996,2.312334851701146,3.3499999999999996,600.0589441685339,551.826049970091,372.6485291465012,21
3.3499999999999996,2.403807370012024,3.3499999999999996,556.9755822248529,512.2057398791279,345.89290519484854,21
3.3499999999999996,2.378975399654935,3.3499999999999996,461.29785481530007,424.2186131149616,286.47513509452347,21
3.3499999999999996,2.279333270817571,3.3499999999999996,388.9153573741164,357.65423966780867,241.5241657446995,21
3.3499999999999996,2.386399943735814,3.3499999999999996,722.2314544235916,664.1783020349211,448.52008591792423,21
3.3499999999999996,2.3771536270878815,3.3499999999999996,473.1527472238413,435.12060618447634,293.8372588694707,21
3.3499999999999996,2.369175024079476,3.3499999999999996,473.4484255048194,435.39251776822954,294.02088095789685,21
3.3499999999999996,2.435923006978572,3.3499999999999996,539.3165929347583,495.9661847468907,334.92632191312464,21
3.3499999999999996,2.4320681463784815,3.3499999999999996,482.10789415186804,443.3559360703463,299.39858307511855,21
3.3499999999999996,2.260275255927652,3.3499999999999996,310.8561459912589,285.8694480239322,193.04784422521266,21
3.3499999999999996,2.246289822621658,3.3499999999999996,457.9925276045741,421.17896896620056,284.42246121074083,21
3.3499999999999996,2.356660840359492,3.3499999999999996,587.1550511182223,539.9593752035701,364.63495512649337,21
3.3499999999999996,2.3559249149232144,3.3499999999999996,477.9355321927824,439.5189496520904,296.8074633822449,21
3.3499999999999996,2.272678299565933,3.3499999999999996,401.6705273999317,369.38414580527245,249.44537981096067,21
3.3499999999999996,2.3804104696093398,3.3499999999999996,616.3991160816174,566.8527946095253,382.7961006285811,21
3.3499999999999996,2.3486596449309287,3.3499999999999996,452.4049563791366,416.04052817096806,280.95246843937105,21
3.3499999999999996,2.448793680437836,3.3499999999999996,576.3760052026684,530.0467518057663,357.9409534037132,21
3.3499999999999996,2.3428941534639045,3.3499999999999996,389.5661176369074,358.25269165120676,241.9283008002849,21
3.3499999999999996,2.130080387975757,3.3499999999999996,221.17702928505105,203.3987620726295,137.35533058052025,21
3.3499999999999996,1.960746850649807,3.3499999999999996,272.0701788491094,250.20110702123444,168.96098784633818,21
3.3499999999999996,1.8911885452587958,3.3499999999999996,378.4459370551411,348.0263540804984,235.02244767050496,21
3.3499999999999996,1.8094999006784478,3.3499999999999996,360.35100113750667,331.38589382417126,223.78513286962303,21
3.3499999999999996,1.7485505999009106,3.3499999999999996,372.6965842069929,342.7391357115196,231.45198529638705,21
3.3499999999999996,1.9086955399108194,3.3499999999999996,617.7647860795723,568.1086916973996,383.64420883692145,21
3.3499999999999996,1.8974781164206513,3.3499999999999996,426.97494830629034,392.6545907694502,265.15992806209067,21
3.3499999999999996,1.9807277191926693,3.3499999999999996,511.4718013246802,470.3595647377167,317.63415297084794,21
3.3499999999999996,1.1300838250798482,3.3499999999999996,366.5763221833631,337.11018094962753,227.6512278552904,22
3.3499999999999996,1.3520754425718633,3.3499999999999996,601.1290473522492,552.8090868499387,373.3131614015394,22
3.3499999999999996,1.5085818773569066,3.3499999999999996,528.3785782892919,485.9064466469081,328.1336650538558,22
3.3499999999999996,1.6927236896212159,3.3499999999999996,781.0489790761263,718.266693000349,485.04703752486614,22
3.3499999999999996,1.8584513206590942,3.3499999999999996,637.9567332585185,586.6764893757583,396.18389092846587,22
3.3499999999999996,2.0076061885931846,3.3499999999999996,595.5710647643499,547.6978660685146,369.8615430509665,22
3.3499999999999996,2.068531340261858,3.3499999999999996,501.38875143263766,461.0861162959076,311.3724427607103,22
3.3499999999999996,2.132106936468466,3.3499999999999996,509.1740510586782,468.2456178972378,316.2072695398468,22
3.3499999999999996,2.0387564108367586,3.3499999999999996,372.5737834244282,342.62555420715734,231.37577123935552,22
3.3499999999999996,1.9133129930193367,3.3499999999999996,320.2148504096713,294.47533741790966,198.85982662239778,22
3.3499999999999996,1.8562861285405192,3.3499999999999996,385.3764757276519,354.3991403822714,239.32649922233878,22
3.3499999999999996,2.005657515686467,3.3499999999999996,578.6219616854595,532.1111659460759,359.3358110452172,22
3.3499999999999996,2.1169322530557437,3.3499999999999996,546.864631559602,502.9065538166272,339.6138738685412,22
3.3499999999999996,2.240239027750169,3.3499999999999996,649.9817007685712,597.7348658390356,403.65163625985747,22
3.3499999999999996,2.2095760267355864,3.3499999999999996,439.9709755760901,404.60522465182623,273.2307755558921,22
3.3499999999999996,2.2599173296163384,3.3499999999999996,509.95219357704553,468.9612117566804,316.6905116071403,22
3.3499999999999996,2.3689255966547047,3.3499999999999996,577.7685965818615,531.3263960439267,358.80585424799193,22
3.3499999999999996,2.467033036989234,3.3499999999999996,620.9883889731594,571.0720946936825,385.6462097486622,22
3.3499999999999996,2.38033857858106,3.3499999999999996,408.6944822918678,375.8427987326748,253.80744767494016,22
3.3499999999999996,2.394254085581867,3.3499999999999996,492.78941121854285,453.178008324409,306.03208049501876,22
3.3499999999999996,2.4898286770236804,3.3499999999999996,641.6533484126809,590.0759631772808,398.4795628740548,22
3.3499999999999996,2.358317092969753,3.3499999999999996,370.4772347172504,340.6975302970565,230.0737725597771,22
3.3499999999999996,2.4574853836727777,3.3499999999999996,607.1330923009136,558.3305146034245,377.0417933997024,22
3.3499999999999996,2.4026701811144444,3.3499999999999996,437.6555731748029,402.4759389472282,271.7928643550469,22
3.3499999999999996,2.239049480400502,3.3499999999999996,317.8203815977752,292.27334081963295,197.37281359918157,22
3.3499999999999996,2.350144532360452,3.3499999999999996,569.3969973440581,523.6277227715104,353.6069236835539,22
3.3499999999999996,2.4501300791244067,3.3499999999999996,602.1551837909569,553.7527403801815,373.9504126534137,22
3.3499999999999996,2.380474684419522,3.3499999999999996,422.94484871674456,388.94769207514696,262.6572102419514,22
3.3499999999999996,2.4375006371516386,3.3499999999999996,531.442102581845,488.7237187021654,330.03617491213134,22
3.3499999999999996,2.4584737879910983,3.3499999999999996,504.08668995395743,463.5671890986898,313.04791654308224,22
3.3499999999999996,2.2877315466966435,3.3499999999999996,315.76125472742643,290.3797307039356,196.09405462873653,22
3.3499999999999996,2.2642143609967493,3.3499999999999996,451.4047418589735,415.1199218303051,280.33137310077893,22
3.3499999999999996,2.2530870727073906,3.3499999999999996,461.08211916017035,424.0194121020538,286.34121795904673,22
3.3499999999999996,2.1970319634942457,3.3499999999999996,417.2484071548647,383.7091419302367,259.1196060992616,22
3.3499999999999996,2.3123287671448214,3.3499999999999996,600.0589441685339,551.8250007099817,372.64860592164996,22
3.3499999999999996,2.403800761129588,3.3499999999999996,556.9755822248529,512.2047659543728,345.892976457653,22
3.3499999999999996,2.378968420755186,3.3499999999999996,461.29785481530007,424.2178064918085,286.47519411574416,22
3.3499999999999996,2.2793261662516966,3.3499999999999996,388.9153573741164,357.65355961233354,241.5242155048684,22
3.3499999999999996,2.386393549626527,3.3499999999999996,722.2314544235916,664.1770391445633,448.5201783245584,22
3.3499999999999996,2.377146828321377,3.3499999999999996,473.1527472238413,435.11977883191696,293.83731940747765,22
3.3499999999999996,2.3691678607953017,3.3499999999999996,473.4484255048194,435.3916898986484,294.02094153373474,22
3.3499999999999996,2.4359154453432126,3.3499999999999996,539.3165929347583,495.9652417005571,334.9263909165317,22
3.3499999999999996,2.432060287004524,3.3499999999999996,482.10789415186804,443.3550930588613,299.3986447589008,22
3.3499999999999996,2.2602677358925902,3.3499999999999996,310.8561459912589,285.8689044624089,193.04788399801674,22
3.3499999999999996,2.246282160883764,3.3499999999999996,457.9925276045741,421.17816812272633,284.42251980905814,22
3.3499999999999996,2.356653944795388,3.3499999999999996,587.1550511182223,539.9583485071445,364.63503025064045,22
3.3499999999999996,2.355917659583749,3.3499999999999996,477.9355321927824,439.5181139363769,296.8075245321901,22
3.3499999999999996,2.2726709328082726,3.3499999999999996,401.6705273999317,369.38344344616996,249.4454312031027,22
3.3499999999999996,2.380403839527445,3.3499999999999996,616.3991160816174,566.8517167770722,382.7961794943897,22
3.3499999999999996,2.348652789619284,3.3499999999999996,452.4049563791366,416.0397370978934,280.95252632278095,22
3.3499999999999996,2.448787510657356,3.3499999999999996,576.3760052026684,530.0457439575273,357.94102714872434,22
3.3499999999999996,2.342887776416645,3.3499999999999996,389.5661176369074,358.2520104578155,241.92835064371602,22
3.3499999999999996,2.130074455187373,3.3499999999999996,221.17702928505105,203.39837532356722,137.35535887923905,22
3.3499999999999996,1.9607412965895898,3.3499999999999996,272.0701788491094,250.200631280662,168.96102265663248,22
3.3499999999999996,1.891182734208995,3.3499999999999996,378.4459370551411,348.0256923318001,235.02249609115327,22
3.3499999999999996,1.8094941898938388,3.3499999999999996,360.35100113750667,331.3852637161885,223.78517897509644,22
3.3499999999999996,1.7485446539937335,3.3499999999999996,372.6965842069929,342.7384840161112,231.4520329814286,22
3.3499999999999996,1.9086901885943601,3.3499999999999996,617.7647860795723,568.1076114769426,383.64428787746215,22
3.3499999999999996,1.8974724373231808,3.3499999999999996,426.97494830629034,392.6538441631622,265.15998269183234,22
3.3499999999999996,1.9807215224819943,3.3499999999999996,511.4718013246802,470.35867038064845,317.6342184116251,22
3.3499999999999996,1.130082936685078,3.3499999999999996,366.5763221833631,337.1101097280523,227.65123306662224,23
3.3499999999999996,1.3520746430165702,3.3499999999999996,601.1290473522492,552.8089700574591,373.31316994732566,23
3.3499999999999996,1.508581035166052,3.3499999999999996,528.3785782892919,485.90634398901017,328.133672565405,23
3.3499999999999996,1.6927229316494468,3.3499999999999996,781.0489790761263,718.2665412514903,485.04704862843494,23
3.3499999999999996,1.858450638484502,3.3499999999999996,637.9567332585185,586.6763654280819,396.18389999780294,23
3.3499999999999996,2.007605574636052,3.3499999999999996,595.5710647643499,547.6977503558873,369.86155151773926,23
3.3499999999999996,2.0685306682813915,3.3499999999999996,501.38875143263766,461.08601888182375,311.37244988856617,23
3.3499999999999996,2.132106211343433,3.3499999999999996,509.1740510586782,468.2455189705596,316.2072767783801,23
3.3499999999999996,2.0387556686609605,3.3499999999999996,372.5737834244282,342.62548182034436,231.3757765359486,23
3.3499999999999996,1.9133122746975593,3.3499999999999996,320.2148504096713,294.47527520383665,198.85983117464448,23
3.3499999999999996,1.8562853909618244,3.3499999999999996,385.3764757276519,354.399065508042,239.32650470093785,23
3.3499999999999996,2.005656851865642,3.3499999999999996,578.6219616854595,532.1110535264647,359.3358192710378,23
3.3499999999999996,2.116931530899837,3.3499999999999996,546.864631559602,502.9064475671011,339.6138816428923,23
3.3499999999999996,2.2402383778098534,3.3499999999999996,649.9817007685712,597.7347395550456,403.6516455001441,23
3.3499999999999996,2.20957534446175,3.3499999999999996,439.9709755760901,404.6051391705117,273.23078181061896,23
3.3499999999999996,2.2599165951353504,3.3499999999999996,509.95219357704553,468.9611126788178,316.6905188567359,23
3.3499999999999996,2.3689249356218154,3.3499999999999996,577.7685965818615,531.3262837901148,358.8058624616808,23
3.3499999999999996,2.467032442059634,3.3499999999999996,620.9883889731594,571.0719740427605,385.64621857677344,23
3.3499999999999996,2.3803379493400274,3.3499999999999996,408.6944822918678,375.84271932802403,253.80745348503322,23
3.3499999999999996,2.3942534008744003,3.3499999999999996,492.78941121854285,453.1779125810781,306.0320875006243,23
3.3499999999999996,2.4898280607869605,3.3499999999999996,641.6533484126809,590.0758385113942,398.4795719959439,23
3.3499999999999996,2.3583164490457875,3.3499999999999996,370.4772347172504,340.69745831757876,230.07377782656525,23
3.3499999999999996,2.4574848041412087,3.3499999999999996,607.1330923009136,558.3303966444278,377.0418020308436,23
3.3499999999999996,2.4026695624649173,3.3499999999999996,437.6555731748029,402.4758539157698,271.7928705768574,23
3.3499999999999996,2.239048873441024,3.3499999999999996,317.8203815977752,292.27327907077785,197.37281811738796,23
3.3499999999999996,2.3501439860969215,3.3499999999999996,569.3969973440581,523.6276121442042,353.6069317782303,23
3.3499999999999996,2.4501295874872295,3.3499999999999996,602.1551837909569,553.7526233883355,373.950421213788,23
3.3499999999999996,2.380474146520296,3.3499999999999996,422.94484871674456,388.9476099018136,262.65721625463095,23
3.3499999999999996,2.437500030096368,3.3499999999999996,531.442102581845,488.72361544905976,330.0361824672324,23
3.3499999999999996,2.458473121901446,3.3499999999999996,504.08668995395743,463.56709116042725,313.0479237092925,23
3.3499999999999996,2.287730897203856,3.3499999999999996,315.76125472742643,290.37966935514527,196.0940591176699,23
3.3499999999999996,2.2642136778691473,3.3499999999999996,451.4047418589735,415.1198341275409,280.3313795180508,23
3.3499999999999996,2.253086343374102,3.3499999999999996,461.08211916017035,424.0193225190862,286.3412245138943,23
3.3499999999999996,2.1970312123133198,3.3499999999999996,417.2484071548647,383.70906086365653,259.1196120309593,23
3.3499999999999996,2.312328091081988,3.3499999999999996,600.0589441685339,551.8248841254108,372.64861445222357,23
3.3499999999999996,2.403800026808211,3.3499999999999996,556.9755822248529,512.2046577404052,345.89298437574365,23
3.3499999999999996,2.3789676453207123,3.3499999999999996,461.29785481530007,424.2177168669259,286.4752006736587,23
3.3499999999999996,2.279325376854299,3.3499999999999996,388.9153573741164,357.6534840505399,241.524221033777,23
3.3499999999999996,2.386392839168869,3.3499999999999996,722.2314544235916,664.1768988232748,448.52018859196403,23
3.3499999999999996,2.377146072901738,3.3499999999999996,473.1527472238413,435.11968690376483,293.8373261339241,23
3.3499999999999996,2.3691670648736385,3.3499999999999996,473.4484255048194,435.39159791304945,294.02094826438463,23
3.3499999999999996,2.4359146051602405,3.3499999999999996,539.3165929347583,495.9651369175284,334.92639858357825,23
3.3499999999999996,2.4320594137394353,3.3499999999999996,482.10789415186804,443.3549993908267,299.39865161265567,23
3.3499999999999996,2.2602669003318803,3.3499999999999996,310.8561459912589,285.868844066625,193.04788841721796,23
3.3499999999999996,2.2462813095782708,3.3499999999999996,457.9925276045741,421.17807914003095,284.4225263199833,23
3.3499999999999996,2.356653178620444,3.3499999999999996,587.1550511182223,539.9582344296522,364.63503859776927,23
3.3499999999999996,2.3559168534337047,3.3499999999999996,477.9355321927824,439.5180210789844,296.8075313266296,23
3.3499999999999996,2.27267011427841,3.3499999999999996,401.6705273999317,369.38336540619315,249.44543691334164,23
3.3499999999999996,2.380403102850569,3.3499999999999996,616.3991160816174,566.8515970177933,382.79618825725885,23
3.3499999999999996,2.3486520279168426,3.3499999999999996,452.4049563791366,416.039649200799,280.952532754272,23
3.3499999999999996,2.4487868251251586,3.3499999999999996,576.3760052026684,530.04563197428,357.94103534261586,23
3.3499999999999996,2.3428870678547704,3.3499999999999996,389.5661176369074,358.2519347695866,241.92835618187596,23
3.3499999999999996,2.13007379598767,3.3499999999999996,221.17702928505105,203.39833235140713,137.35536202354166,23
3.3499999999999996,1.960740679470857,3.3499999999999996,272.0701788491094,250.20057842054658,168.9610265244436,23
3.3499999999999996,1.8911820885358208,3.3499999999999996,378.4459370551411,348.02561880409485,235.0225014712263,23
3.3499999999999996,1.809493555361258,3.3499999999999996,360.35100113750667,331.3851937041219,223.78518409792773,23
3.3499999999999996,1.7485439933363838,3.3499999999999996,372.6965842069929,342.73841160543935,231.45203827976746,23
3.3499999999999996,1.9086895940027453,3.3499999999999996,617.7647860795723,568.1074914523297,383.64429665974586,23
3.3499999999999996,1.8974718063113987,3.3499999999999996,426.97494830629034,392.6537612068267,265.15998876180475,23
3.3499999999999996,1.980720833957547,3.3499999999999996,511.4718013246802,470.35857100754333,317.63422568282374,23
