3.3499999999999996,3.3499999999999996,3.3499999999999996,4004.7528646842793,1468.7091955890116,1104.245882039943,1
3.3499999999999996,3.3499999999999996,3.3499999999999996,4627.483409119103,1697.0903486561642,1275.95376578394,1
3.3499999999999996,3.3499999999999996,3.3499999999999996,4253.390856900678,1559.8950734396299,1172.8037901807447,1
3.3499999999999996,3.3499999999999996,3.3499999999999996,4900.804032794914,1797.3283725494148,1351.317510656221,1
3.3499999999999996,3.3499999999999996,3.3499999999999996,4714.05768070807,1728.840729536199,1299.8252220567504,1
3.3499999999999996,3.3499999999999996,3.3499999999999996,4638.621109803469,1701.1750060534032,1279.024806752425,1
3.3499999999999996,3.3499999999999996,3.3499999999999996,4723.238417903208,1732.2076871479142,1302.3566619693659,1
3.3499999999999996,3.3499999999999996,3.3499999999999996,5039.247837432834,1848.1014653754746,1389.4911524091228,1
3.3499999999999996,3.3499999999999996,3.3499999999999996,5105.531670974468,1872.4104999478654,1407.7678483020518,1
3.3499999999999996,3.3499999999999996,3.3499999999999996,5216.208114060067,1913.000148095284,1438.2850888523587,1
3.3499999999999996,3.3499999999999996,3.3499999999999996,4291.081785923841,1573.717902442332,1183.1964547396776,1
3.3499999999999996,3.3499999999999996,3.3499999999999996,4654.010105361314,1706.8187898399133,1283.2680735775357,1
3.3499999999999996,3.3499999999999996,3.3499999999999996,4281.13129719149,1570.0686449736168,1180.4527682805506,1
3.3499999999999996,3.3499999999999996,3.3499999999999996,3991.667420470325,1463.9102197483596,1100.637782270455,1
3.3499999999999996,3.3499999999999996,3.3499999999999996,4290.25907111784,1573.4161787550668,1182.9696044277316,1
3.3499999999999996,3.3499999999999996,3.3499999999999996,5016.526800924398,1839.768717667737,1383.2261937842422,1
3.3499999999999996,3.3499999999999996,3.3499999999999996,4358.848536311205,1598.5707842085965,1201.882040987551,1
3.3499999999999996,3.3499999999999996,3.3499999999999996,4109.48740494486,1507.1197011992328,1133.1247389127282,1
3.3499999999999996,3.3499999999999996,3.3499999999999996,3967.156156325545,1454.920921217004,1093.8791973065365,1
3.3499999999999996,3.3499999999999996,3.3499999999999996,4184.9051429854835,1534.7785178886663,1153.9199613591675,1
3.3499999999999996,3.3499999999999996,3.3499999999999996,4095.7859550896937,1502.0948105068148,1129.3467855428794,1
3.3499999999999996,3.3499999999999996,3.3499999999999996,4887.532015728068,1792.46097269511,1347.6579664377332,1
3.3499999999999996,3.3499999999999996,3.3499999999999996,4410.2372137958455,1617.4171464489295,1216.0516383168397,1
3.3499999999999996,3.3499999999999996,3.3499999999999996,4666.542638755358,1711.4149903201421,1286.7237171239678,1
3.3499999999999996,3.3499999999999996,3.3499999999999996,4595.759432736243,1685.4558489982612,1267.2063919842667,1
3.3499999999999996,3.3499999999999996,3.3499999999999996,3918.2922024508166,1437.000479977914,1080.4057517108836,1
3.3499999999999996,3.3499999999999996,3.3499999999999996,3948.1704465355665,1447.9580729475827,1088.6441946580417,1
3.3499999999999996,3.3499999999999996,3.3499999999999996,4524.55564453659,1659.3424627237134,1247.5730981052675,1
3.3499999999999996,3.3499999999999996,3.3499999999999996,4236.040633234354,1553.532025854604,1168.0197463999255,1
3.3499999999999996,3.3499999999999996,3.3499999999999996,4328.082379895995,1587.2875569117455,1193.3987705647273,1
3.3499999999999996,3.3499999999999996,3.3499999999999996,3941.7529041210555,1445.6044936192825,1086.874661050479,1
3.3499999999999996,3.3499999999999996,3.3499999999999996,3912.895022096877,1435.021109793555,1078.917566451558,1
3.3499999999999996,3.3499999999999996,3.3499999999999996,4154.128671793575,1523.4915077348203,1145.433846803366,1
3.3499999999999996,3.3499999999999996,3.3499999999999996,4837.001881699848,1773.9294739961408,1333.7250985917196,1
3.3499999999999996,3.3499999999999996,3.3499999999999996,4285.228121464735,1571.5711205785133,1181.5824013655445,1
3.3499999999999996,3.3499999999999996,3.3499999999999996,4905.937537472694,1799.2110419126964,1352.7329916090807,1
3.3499999999999996,3.3499999999999996,3.3499999999999996,4583.647074392187,1681.0137441590193,1263.8666049174635,1
3.3499999999999996,3.3499999999999996,3.3499999999999996,4594.2986487740945,1684.9201188519899,1266.8036044142827,1
3.3499999999999996,3.3499999999999996,3.3499999999999996,4397.894441541252,1612.890539259446,1212.6483183379007,1
3.3499999999999996,3.3499999999999996,3.3499999999999996,5406.178395022164,1982.670139719013,1490.6663237375992,1
3.3499999999999996,3.3499999999999996,3.3499999999999996,5108.866377588932,1873.6334753560216,1408.6873397591417,1
3.3499999999999996,3.3499999999999996,3.3499999999999996,5106.6407418499675,1872.817242298378,1408.0736566723913,1
3.3499999999999996,3.3499999999999996,3.3499999999999996,4870.81058363223,1786.3285290931228,1343.0473017706397,1
3.3499999999999996,3.3499999999999996,3.3499999999999996,5000.287081850996,1833.812938236946,1378.7483536981717,1
3.3499999999999996,3.3499999999999996,3.3499999999999996,4633.076362183734,1699.1415168241083,1277.4959322043755,1
3.3499999999999996,3.3499999999999996,3.3499999999999996,4520.753200802855,1657.947948688479,1246.5246356965893,1
3.3499999999999996,3.3499999999999996,3.3499999999999996,4766.23070588265,1747.974744648925,1314.2110905857785,1
3.3499999999999996,3.3499999999999996,3.3499999999999996,4463.563077464723,1636.9739553156808,1230.7553834297662,1
3.3499999999999996,3.3499999999999996,3.3499999999999996,4811.592381950327,1764.610755164191,1326.718839676086,1
3.3499999999999996,3.3499999999999996,3.3499999999999996,4526.921798014398,1660.2102294719882,1248.225526687611,1
3.3499999999999996,3.3499999999999996,3.3499999999999996,4934.252704438058,1809.595389587031,1360.5404413012957,1
3.3499999999999996,3.3499999999999996,3.3499999999999996,5075.125151704676,1861.2591665282137,1399.383742010019,1
3.3499999999999996,3.3499999999999996,3.3499999999999996,4580.694524944163,1679.9309216550428,1263.0524871230168,1
3.3499999999999996,3.3499999999999996,3.3499999999999996,4925.083951205915,1806.2328269922484,1358.012305772805,1
3.3499999999999996,3.3499999999999996,3.3499999999999996,4650.03520325877,1705.3610281585238,1282.1720585607409,1
3.3499999999999996,3.3499999999999996,3.3499999999999996,4852.025905300517,1779.4394074084207,1337.8677302979136,1
3.3499999999999996,3.3499999999999996,3.3499999999999996,5135.915626479284,1883.5535582978107,1416.1457330005433,1
3.3499999999999996,3.3499999999999996,3.3499999999999996,4842.50707920261,1775.948458554999,1335.2430678341796,1
3.3499999999999996,3.3499999999999996,3.3499999999999996,4959.6721787790275,1818.9177665159166,1367.549450549323,1
3.3499999999999996,3.3499999999999996,3.3499999999999996,4723.184158558762,1732.1877879928784,1302.3417008320143,1
3.3499999999999996,3.3499999999999996,3.3499999999999996,3983.1562754365555,1519.2929878792881,1082.780119571412,2
3.3499999999999996,3.3499999999999996,3.3499999999999996,4602.528596221983,1755.539812955888,1251.1501229516498,2
3.3499999999999996,3.3499999999999996,3.3499999999999996,4230.453427713333,1613.619397238019,1150.0053102482634,2
3.3499999999999996,3.3499999999999996,3.3499999999999996,4874.375272954771,1859.2301331889666,1325.0488496857793,2
3.3499999999999996,3.3499999999999996,3.3499999999999996,4688.635995310673,1788.3837082473501,1274.5575349219512,2
3.3499999999999996,3.3499999999999996,3.3499999999999996,4613.606234187132,1759.7651499798217,1254.1614650459685,2
3.3499999999999996,3.3499999999999996,3.3499999999999996,4697.767223181042,1791.8666271977645,1277.0397654250032,2
3.3499999999999996,3.3499999999999996,3.3499999999999996,5012.072486208984,1911.751901375105,1362.480422720333,2
3.3499999999999996,3.3499999999999996,3.3499999999999996,5077.998868298523,1936.8981630577232,1380.4018325133745,2
3.3499999999999996,3.3499999999999996,3.3499999999999996,5188.078462149853,1978.885758693447,1410.3258393939861,2
3.3499999999999996,3.3499999999999996,3.3499999999999996,4267.941099372065,1627.9182980956782,1160.1959487254458,2
3.3499999999999996,3.3499999999999996,3.3499999999999996,4628.912240899665,1765.6033112425846,1258.3222457516017,2
3.3499999999999996,3.3499999999999996,3.3499999999999996,4258.044271034058,1624.1433566029464,1157.5055975993075,2
3.3499999999999996,3.3499999999999996,3.3499999999999996,3970.1413976154254,1514.3287305807012,1079.2421587210492,2
3.3499999999999996,3.3499999999999996,3.3499999999999996,4267.122821252755,1627.6061827472374,1159.9735082238435,2
3.3499999999999996,3.3499999999999996,3.3499999999999996,4989.473978333233,1903.132165623362,1356.3372504800832,2
3.3499999999999996,3.3499999999999996,3.3499999999999996,4335.342401322979,1653.627137605555,1178.518300332823,2
3.3499999999999996,3.3499999999999996,3.3499999999999996,4087.3260095973633,1559.0263891610186,1111.0975917996386,2
3.3499999999999996,3.3499999999999996,3.3499999999999996,3945.762316334748,1505.029831747862,1072.614955890239,2
3.3499999999999996,3.3499999999999996,3.3499999999999996,4162.337039417657,1587.6378027584142,1131.4885697632367,2
3.3499999999999996,3.3499999999999996,3.3499999999999996,4073.6984480930187,1553.828436280504,1107.3930791833156,2
3.3499999999999996,3.3499999999999996,3.3499999999999996,4861.174828419557,1854.1950952862567,1321.4604444302843,2
3.3499999999999996,3.3499999999999996,3.3499999999999996,4386.453953053017,1673.1225871368613,1192.4124506665719,2
3.3499999999999996,3.3499999999999996,3.3499999999999996,4641.377189604944,1770.3578093974759,1261.7107140205433,2
3.3499999999999996,3.3499999999999996,3.3499999999999996,4570.97569898193,1743.5046096625317,1242.5727919397839,2
3.3499999999999996,3.3499999999999996,3.3499999999999996,3897.1618730377027,1486.4921928496913,1059.403424590571,2
3.3499999999999996,3.3499999999999996,3.3499999999999996,3926.878991533248,1497.827176121296,1067.481718007366,2
3.3499999999999996,3.3499999999999996,3.3499999999999996,4500.155894268547,1716.4918526267231,1223.3211554703676,2
3.3499999999999996,3.3499999999999996,3.3499999999999996,4213.196769284751,1607.0372000225957,1145.3142649101896,2
3.3499999999999996,3.3499999999999996,3.3499999999999996,4304.742158776933,1641.955304839587,1170.1999387141113,2
3.3499999999999996,3.3499999999999996,3.3499999999999996,3920.4960572536684,1495.3925372011854,1065.7465828872403,2
3.3499999999999996,3.3499999999999996,3.3499999999999996,3891.7937982718327,1484.4446512052689,1057.9441686048842,2
3.3499999999999996,3.3499999999999996,3.3499999999999996,4131.726537719819,1575.962056850128,1123.167419299489,2
3.3499999999999996,3.3499999999999996,3.3499999999999996,4810.917190244668,1835.025353507015,1307.7984217253331,2
3.3499999999999996,3.3499999999999996,3.3499999999999996,4262.119002200926,1625.6975789485505,1158.613271412482,2
3.3499999999999996,3.3499999999999996,3.3499999999999996,4879.481093978736,1861.1776435407226,1326.4368146855286,2
3.3499999999999996,3.3499999999999996,3.3499999999999996,4558.928659432022,1738.9095143543827,1239.2979279820793,2
3.3499999999999996,3.3499999999999996,3.3499999999999996,4569.52279264726,1742.9504284419943,1242.1778342765658,2
3.3499999999999996,3.3499999999999996,3.3499999999999996,4374.177742154783,1668.4400791342416,1189.0752888318111,2
3.3499999999999996,3.3499999999999996,3.3499999999999996,5377.024282860385,2050.955253497074,1461.6888199536797,2
3.3499999999999996,3.3499999999999996,3.3499999999999996,5081.315591708667,1938.1632589443295,1381.3034497039343,2
3.3499999999999996,3.3499999999999996,3.3499999999999996,5079.101958243624,1937.3189140156828,1380.7016961843083,2
3.3499999999999996,3.3499999999999996,3.3499999999999996,4844.543570652276,1847.8514442823364,1316.939407838039,2
3.3499999999999996,3.3499999999999996,3.3499999999999996,4973.321835835511,1896.971263278819,1351.9464564525247,2
3.3499999999999996,3.3499999999999996,3.3499999999999996,4608.091387947301,1757.6616253772154,1252.6623107426822,2
3.3499999999999996,3.3499999999999996,3.3499999999999996,4496.3739561236025,1715.0493101536492,1222.2930744327118,2
3.3499999999999996,3.3499999999999996,3.3499999999999996,4740.5276649478255,1808.1767176994927,1288.6637522955884,2
3.3499999999999996,3.3499999999999996,3.3499999999999996,4439.4922442267,1693.3529517766326,1206.830365327128,2
3.3499999999999996,3.3499999999999996,3.3499999999999996,4785.64471730994,1825.3856888137452,1300.9283595500465,2
3.3499999999999996,3.3499999999999996,3.3499999999999996,4502.509287696862,1717.389506117099,1223.9609013004326,2
3.3499999999999996,3.3499999999999996,3.3499999999999996,4907.64356462273,1871.9196383840178,1334.0924930528026,2
3.3499999999999996,3.3499999999999996,3.3499999999999996,5047.75632346843,1925.362766724083,1372.1807073445702,2
3.3499999999999996,3.3499999999999996,3.3499999999999996,4555.992032314242,1737.7893983761146,1238.4996360643524,2
3.3499999999999996,3.3499999999999996,3.3499999999999996,4898.524256088964,1868.4412658192502,1331.6135026989732,2
3.3499999999999996,3.3499999999999996,3.3499999999999996,4624.958774408983,1764.095342812084,1257.24753649505,2
3.3499999999999996,3.3499999999999996,3.3499999999999996,4825.860193198741,1840.7250544567337,1311.860523587905,2
3.3499999999999996,3.3499999999999996,3.3499999999999996,5108.218971044146,1948.4249993201001,1388.6168570320347,2
3.3499999999999996,3.3499999999999996,3.3499999999999996,4816.392699651007,1837.1138738840384,1309.2868827144919,2
3.3499999999999996,3.3499999999999996,3.3499999999999996,4932.925958358533,1881.5630871626872,1340.965252095957,2
3.3499999999999996,3.3499999999999996,3.3499999999999996,4697.71325644311,1791.8460426962163,1277.0250951216285,2
3.3499999999999996,3.3499999999999996,3.3499999999999996,4002.5961736453137,1473.6731592587191,1102.0195218125084,3
3.3499999999999996,3.3499999999999996,3.3499999999999996,4624.991357215123,1702.8261981083506,1273.3812112810072,3
3.3499999999999996,3.3499999999999996,3.3499999999999996,4251.100266131098,1565.1672284015278,1170.439204760495,3
3.3499999999999996,3.3499999999999996,3.3499999999999996,4898.164788752051,1803.4030078622902,1348.5930091576931,3
3.3499999999999996,3.3499999999999996,3.3499999999999996,4711.519005713464,1734.683889365185,1297.2045383629545,3
3.3499999999999996,3.3499999999999996,3.3499999999999996,4636.1230598816155,1706.924660887202,1276.446060473204,3
3.3499999999999996,3.3499999999999996,3.3499999999999996,4720.694798779886,1738.0622266668427,1299.7308744330005,3
3.3499999999999996,3.3499999999999996,3.3499999999999996,5036.534036851041,1854.3477042903044,1386.6896859165506,3
3.3499999999999996,3.3499999999999996,3.3499999999999996,5102.7821743698105,1878.7388988742382,1404.9295326715414,3
3.3499999999999996,3.3499999999999996,3.3499999999999996,5213.399014553284,1919.4657324763234,1435.3852449230185,3
3.3499999999999996,3.3499999999999996,3.3499999999999996,4288.770897350221,1579.036775993034,1180.8109158203856,3
3.3499999999999996,3.3499999999999996,3.3499999999999996,4651.503767959573,1712.5875196122777,1280.6807721018251,3
3.3499999999999996,3.3499999999999996,3.3499999999999996,4278.825767283089,1575.3751847134124,1178.0727611314094,3
3.3499999999999996,3.3499999999999996,3.3499999999999996,3989.5177763731385,1468.8579637730916,1098.418696627381,3
3.3499999999999996,3.3499999999999996,3.3499999999999996,4287.948625603183,1578.734032535874,1180.5845228798646,3
3.3499999999999996,3.3499999999999996,3.3499999999999996,5013.825236367521,1845.9867934465192,1380.437358585964,3
3.3499999999999996,3.3499999999999996,3.3499999999999996,4356.50115311526,1603.9736558731158,1199.4588285331115,3
3.3499999999999996,3.3499999999999996,3.3499999999999996,4107.274310913729,1512.213485227495,1130.840153665485,3
3.3499999999999996,3.3499999999999996,3.3499999999999996,3965.0197123496946,1459.8382830861262,1091.6737381980975,3
3.3499999999999996,3.3499999999999996,3.3499999999999996,4182.651434023717,1539.9657835684402,1151.593449167094,3
3.3499999999999996,3.3499999999999996,3.3499999999999996,4093.5802397396255,1507.1716113399584,1127.0698173357002,3
3.3499999999999996,3.3499999999999996,3.3499999999999996,4884.899919102598,1798.5191571025812,1344.9408432449168,3
3.3499999999999996,3.3499999999999996,3.3499999999999996,4407.862156108121,1622.8837153094278,1213.5998573810086,3
3.3499999999999996,3.3499999999999996,3.3499999999999996,4664.029552172487,1717.1992543945114,1284.129448443328,3
3.3499999999999996,3.3499999999999996,3.3499999999999996,4593.284465236194,1691.1523760074544,1264.6514737754226,3
3.3499999999999996,3.3499999999999996,3.3499999999999996,3916.182073320104,1441.8572740916745,1078.2274575155207,3
3.3499999999999996,3.3499999999999996,3.3499999999999996,3946.0442269884275,1452.8519016857413,1086.4492902656098,3
3.3499999999999996,3.3499999999999996,3.3499999999999996,4522.11902261669,1664.9507313485044,1245.0577641822576,3
3.3499999999999996,3.3499999999999996,3.3499999999999996,4233.759386130455,1558.7826749001943,1165.664806480712,3
3.3499999999999996,3.3499999999999996,3.3499999999999996,4325.751565286449,1592.6522933684598,1190.9926619240084,3
3.3499999999999996,3.3499999999999996,3.3499999999999996,3939.630140631428,1450.4903676974482,1084.6833243591445,3
3.3499999999999996,3.3499999999999996,3.3499999999999996,3910.78779952517,1439.8712140045673,1076.7422727079302,3
3.3499999999999996,3.3499999999999996,3.3499999999999996,4151.891536973054,1528.6406254214364,1143.1244441593014,3
3.3499999999999996,3.3499999999999996,3.3499999999999996,4834.3969972122895,1779.9250253877888,1331.0360665906674,3
3.3499999999999996,3.3499999999999996,3.3499999999999996,4282.920385281814,1576.8827384061558,1179.2001166709642,3
3.3499999999999996,3.3499999999999996,3.3499999999999996,4903.295528868844,1805.2920402975467,1350.0056362439034,3
3.3499999999999996,3.3499999999999996,3.3499999999999996,4581.178629795195,1686.695257680787,1261.3184203258463,3
3.3499999999999996,3.3499999999999996,3.3499999999999996,4591.8244679542195,1690.6148351930192,1264.2494982983253,3
3.3499999999999996,3.3499999999999996,3.3499999999999996,4395.526030842047,1618.341809030306,1210.2033991131848,3
3.3499999999999996,3.3499999999999996,3.3499999999999996,5403.266990275466,1989.3711957021424,1487.6608697263835,3
3.3499999999999996,3.3499999999999996,3.3499999999999996,5106.115085135162,1879.9660077116077,1405.8471702668758,3
3.3499999999999996,3.3499999999999996,3.3499999999999996,5103.890647974192,1879.147015938178,1405.2347244766718,3
3.3499999999999996,3.3499999999999996,3.3499999999999996,4868.187492047515,1792.3659869828205,1340.3394745150817,3
3.3499999999999996,3.3499999999999996,3.3499999999999996,4997.594262916579,1840.0108845899656,1375.9685466386757,3
3.3499999999999996,3.3499999999999996,3.3499999999999996,4630.581298290709,1704.8842988428612,1274.9202684138847,3
3.3499999999999996,3.3499999999999996,3.3499999999999996,4518.318626623877,1663.55150411543,1244.0114156641946,3
3.3499999999999996,3.3499999999999996,3.3499999999999996,4763.663933999254,1753.8825738870498,1311.561402368578,3
3.3499999999999996,3.3499999999999996,3.3499999999999996,4461.15930204679,1642.5066225494995,1228.2739570736119,3
3.3499999999999996,3.3499999999999996,3.3499999999999996,4809.001181313499,1770.574811020937,1324.0439335653325,3
3.3499999999999996,3.3499999999999996,3.3499999999999996,4524.483901843082,1665.8214309868465,1245.7088773500989,3
3.3499999999999996,3.3499999999999996,3.3499999999999996,4931.595447186182,1815.7114851338945,1357.797344699719,3
3.3499999999999996,3.3499999999999996,3.3499999999999996,5072.3920300099935,1867.549876023534,1396.562330260333,3
3.3499999999999996,3.3499999999999996,3.3499999999999996,4578.227670392087,1685.6087754383227,1260.5059439407157,3
3.3499999999999996,3.3499999999999996,3.3499999999999996,4922.431631628997,1812.3375577035083,1355.2743063515582,3
3.3499999999999996,3.3499999999999996,3.3499999999999996,4647.531006472452,1711.1248309677778,1279.586966850338,3
3.3499999999999996,3.3499999999999996,3.3499999999999996,4849.4129298824655,1785.4535813492862,1335.170345999046,3
3.3499999999999996,3.3499999999999996,3.3499999999999996,5133.149767115978,1889.9196186870413,1413.2905260330704,3
3.3499999999999996,3.3499999999999996,3.3499999999999996,4839.899229985261,1781.9508337386062,1332.5509753314734,3
3.3499999999999996,3.3499999999999996,3.3499999999999996,4957.001232304776,1825.0653699613688,1364.7922225122772,3
3.3499999999999996,3.3499999999999996,3.3499999999999996,4720.64056865588,1738.0422602563674,1299.7159434600192,3
3.3499999999999996,3.3499999999999996,3.3499999999999996,4004.537225347106,1469.204584331314,1104.0224147055176,4
3.3499999999999996,3.3499999999999996,3.3499999999999996,4627.234238324091,1697.6627692932234,1275.6955497547679,4
3.3499999999999996,3.3499999999999996,3.3499999999999996,4253.161829438532,1560.4212187520407,1172.566448714448,4
3.3499999999999996,3.3499999999999996,3.3499999999999996,4900.5401448175635,1797.934603003105,1351.0440431912473,4
3.3499999999999996,3.3499999999999996,3.3499999999999996,4713.8038482474885,1729.4238594282274,1299.562175137295,4
3.3499999999999996,3.3499999999999996,3.3499999999999996,4638.371339289454,1701.7488044262977,1278.7659692336463,4
3.3499999999999996,3.3499999999999996,3.3499999999999996,4722.984091097994,1732.7919526989972,1302.0931027599042,4
3.3499999999999996,3.3499999999999996,3.3499999999999996,5038.976494830623,1848.724821355901,1389.2099597064043,4
3.3499999999999996,3.3499999999999996,3.3499999999999996,5105.256759262649,1873.0420552519563,1407.4829569262572,4
3.3499999999999996,3.3499999999999996,3.3499999999999996,5215.927242880676,1913.645394097851,1437.9940216723244,4
3.3499999999999996,3.3499999999999996,3.3499999999999996,4290.850728961442,1574.248710130314,1182.9570100995454,4
3.3499999999999996,3.3499999999999996,3.3499999999999996,4653.759506213694,1707.3944918346822,1283.0083773446406,4
3.3499999999999996,3.3499999999999996,3.3499999999999996,4280.900776021653,1570.5982217841222,1180.2138788829684,4
3.3499999999999996,3.3499999999999996,3.3499999999999996,3991.4524857300676,1464.4039898185558,1100.4150451107591,4
3.3499999999999996,3.3499999999999996,3.3499999999999996,4290.028058455223,1573.9468846730604,1182.730205695522,4
3.3499999999999996,3.3499999999999996,3.3499999999999996,5016.256681755797,1840.389263051335,1382.9462689274146,4
3.3499999999999996,3.3499999999999996,3.3499999999999996,4358.613830390274,1599.109974657358,1201.6388149267957,4
3.3499999999999996,3.3499999999999996,3.3499999999999996,4109.266126086946,1507.6280456254249,1132.8954273353932,4
3.3499999999999996,3.3499999999999996,3.3499999999999996,3966.942541415233,1455.4116592388498,1093.657827888383,4
3.3499999999999996,3.3499999999999996,3.3499999999999996,4184.679803195075,1535.2961915043638,1153.6864414320396,4
3.3499999999999996,3.3499999999999996,3.3499999999999996,4095.5654139980456,1502.601460060879,1129.118238513715,4
3.3499999999999996,3.3499999999999996,3.3499999999999996,4887.268842393809,1793.0655613975948,1347.3852395583526,4
3.3499999999999996,3.3499999999999996,3.3499999999999996,4409.999740807701,1617.9626936875268,1215.8055447406189,4
3.3499999999999996,3.3499999999999996,3.3499999999999996,4666.291364782778,1711.992242591836,1286.4633215690603,4
3.3499999999999996,3.3499999999999996,3.3499999999999996,4595.511970145824,1686.0243453730016,1266.9499461698063,4
3.3499999999999996,3.3499999999999996,3.3499999999999996,3918.0812186618195,1437.4851735187463,1080.1871089272793,4
3.3499999999999996,3.3499999999999996,3.3499999999999996,3947.9578539270074,1448.4464624332738,1088.4238846525664,4
3.3499999999999996,3.3499999999999996,3.3499999999999996,4524.31201597494,1659.9021511754,1247.3206254999634,4
3.3499999999999996,3.3499999999999996,3.3499999999999996,4235.812540009814,1554.056024940825,1167.7833730853138,4
3.3499999999999996,3.3499999999999996,3.3499999999999996,4327.849330605023,1587.8229415807127,1193.157261271822,4
3.3499999999999996,3.3499999999999996,3.3499999999999996,3941.5406570705472,1446.0920892536735,1086.6547091472758,4
3.3499999999999996,3.3499999999999996,3.3499999999999996,3912.684328923664,1435.5051357020816,1078.6992248334805,4
3.3499999999999996,3.3499999999999996,3.3499999999999996,4153.904989188534,1524.0053742947835,1145.202044219658,4
3.3499999999999996,3.3499999999999996,3.3499999999999996,4836.741429203797,1774.527812110789,1333.455191320625,4
3.3499999999999996,3.3499999999999996,3.3499999999999996,4284.997379697897,1572.1012041670128,1181.3432833629945,4
3.3499999999999996,3.3499999999999996,3.3499999999999996,4905.673373077402,1799.8179073819572,1352.4592376918226,4
3.3499999999999996,3.3499999999999996,3.3499999999999996,4583.400264002045,1681.5807422325738,1263.610834979025,4
3.3499999999999996,3.3499999999999996,3.3499999999999996,4594.051264840836,1685.4884345274581,1266.5472401123425,4
3.3499999999999996,3.3499999999999996,3.3499999999999996,4397.657633160216,1613.4345596946098,1212.4029134949196,4
3.3499999999999996,3.3499999999999996,3.3499999999999996,5405.887294730803,1983.338885083898,1490.3646561151054,4
3.3499999999999996,3.3499999999999996,3.3499999999999996,5108.591286316988,1874.2654431639976,1408.402262304949,4
3.3499999999999996,3.3499999999999996,3.3499999999999996,5106.36577041928,1873.4489347947615,1407.7887034098533,4
3.3499999999999996,3.3499999999999996,3.3499999999999996,4870.548310677758,1786.9310493510623,1342.7755079560413,4
3.3499999999999996,3.3499999999999996,3.3499999999999996,5000.017837123934,1834.431474763999,1378.4693350262835,4
3.3499999999999996,3.3499999999999996,3.3499999999999996,4632.826890231389,1699.7146293105964,1277.2374040854559,4
3.3499999999999996,3.3499999999999996,3.3499999999999996,4520.509776987033,1658.507166777103,1246.272375269663,4
3.3499999999999996,3.3499999999999996,3.3499999999999996,4765.974064120984,1748.5643283547586,1313.9451323838398,4
3.3499999999999996,3.3499999999999996,3.3499999999999996,4463.322733099921,1637.526098974439,1230.5063142420624,4
3.3499999999999996,3.3499999999999996,3.3499999999999996,4811.333297650484,1765.2059501185615,1326.4503502685577,4
3.3499999999999996,3.3499999999999996,3.3499999999999996,4526.678042045192,1660.7702106173394,1247.9729220496877,4
3.3499999999999996,3.3499999999999996,3.3499999999999996,4933.987015388426,1810.205757648193,1360.2651073826996,4
3.3499999999999996,3.3499999999999996,3.3499999999999996,5074.851877257846,1861.8869605396983,1399.1005473341304,4
3.3499999999999996,3.3499999999999996,3.3499999999999996,4580.4478735365665,1680.4975544976307,1262.7968819384037,4
3.3499999999999996,3.3499999999999996,3.3499999999999996,4924.818755855628,1806.842060876774,1357.737483475503,4
3.3499999999999996,3.3499999999999996,3.3499999999999996,4649.784818143148,1705.9362384570952,1281.912584129492,4
3.3499999999999996,3.3499999999999996,3.3499999999999996,4851.764643823088,1780.039603997838,1337.5969846783312,4
3.3499999999999996,3.3499999999999996,3.3499999999999996,5135.639078717439,1884.188872103365,1415.8591461839121,4
3.3499999999999996,3.3499999999999996,3.3499999999999996,4842.246330274499,1776.5474776636952,1334.9728533701439,4
3.3499999999999996,3.3499999999999996,3.3499999999999996,4959.405120996097,1819.5312789712148,1367.2726982105735,4
3.3499999999999996,3.3499999999999996,3.3499999999999996,4722.929834675188,1732.7720468320688,1302.0781446502533,4
3.3499999999999996,3.3499999999999996,3.3499999999999996,4004.731301048318,1468.758724324312,1104.2235269595105,5
3.3499999999999996,3.3499999999999996,3.3499999999999996,4627.458492383658,1697.147579004358,1275.927934536094,5
3.3499999999999996,3.3499999999999996,3.3499999999999996,4253.367954470706,1559.947677202458,1172.780047168897,5
3.3499999999999996,3.3499999999999996,3.3499999999999996,4900.777644361557,1797.3889831872991,1351.2901536951206,5
3.3499999999999996,3.3499999999999996,3.3499999999999996,4714.032297812505,1728.8990305907078,1299.7989075394319,5
3.3499999999999996,3.3499999999999996,3.3499999999999996,4638.596133096953,1701.232374146983,1278.9989133324045,5
3.3499999999999996,3.3499999999999996,3.3499999999999996,4723.212985573863,1732.2661017450853,1302.3302962039115,5
3.3499999999999996,3.3499999999999996,3.3499999999999996,5039.220703547285,1848.163788215531,1389.4630226356935,5
3.3499999999999996,3.3499999999999996,3.3499999999999996,5105.504180182887,1872.4736425524754,1407.7393485231617,5
3.3499999999999996,3.3499999999999996,3.3499999999999996,5216.180027329957,1913.06465948954,1438.255971262365,5
3.3499999999999996,3.3499999999999996,3.3499999999999996,4291.058680546646,1573.7709723472942,1183.1725013318871,5
3.3499999999999996,3.3499999999999996,3.3499999999999996,4653.985045792581,1706.8763482567201,1283.2420942540289,5
3.3499999999999996,3.3499999999999996,3.3499999999999996,4281.108245392812,1570.1215918160233,1180.4288704177554,5
3.3499999999999996,3.3499999999999996,3.3499999999999996,3991.6459272930824,1463.9595866495783,1100.6155002347698,5
3.3499999999999996,3.3499999999999996,3.3499999999999996,4290.235970170563,1573.469238485113,1182.9456556124487,5
3.3499999999999996,3.3499999999999996,3.3499999999999996,5016.49978938052,1839.8307595056342,1383.1981908427592,5
3.3499999999999996,3.3499999999999996,3.3499999999999996,4358.825066043196,1598.6246922180696,1201.8577092964542,5
3.3499999999999996,3.3499999999999996,3.3499999999999996,4109.465277364612,1507.1705252377628,1133.1017991897102,5
3.3499999999999996,3.3499999999999996,3.3499999999999996,3967.1347951294747,1454.9699849754431,1093.8570520960934,5
3.3499999999999996,3.3499999999999996,3.3499999999999996,4184.882609317593,1534.8302746552104,1153.8966006439791,5
3.3499999999999996,3.3499999999999996,3.3499999999999996,4095.7639012850536,1502.1454650928208,1129.3239223032363,5
3.3499999999999996,3.3499999999999996,3.3499999999999996,4887.505698758034,1792.5214191914756,1347.6306835628545,5
3.3499999999999996,3.3499999999999996,3.3499999999999996,4410.2134668249355,1617.4716900072847,1216.0270197670886,5
3.3499999999999996,3.3499999999999996,3.3499999999999996,4666.51751170506,1711.4727037329124,1286.6976678421386,5
3.3499999999999996,3.3499999999999996,3.3499999999999996,4595.734686818899,1685.5126870005392,1267.1807378240135,5
3.3499999999999996,3.3499999999999996,3.3499999999999996,3918.2711043632444,1437.0489394119618,1080.383879265741,5
3.3499999999999996,3.3499999999999996,3.3499999999999996,3948.14918756826,1448.006901900473,1088.6221554284375,5
3.3499999999999996,3.3499999999999996,3.3499999999999996,4524.531282016829,1659.398420113955,1247.5478414143377,5
3.3499999999999996,3.3499999999999996,3.3499999999999996,4236.017824226853,1553.5844150387388,1167.9961002394086,5
3.3499999999999996,3.3499999999999996,3.3499999999999996,4328.059075288694,1587.341084421131,1193.3746106145409,5
3.3499999999999996,3.3499999999999996,3.3499999999999996,3941.731679709077,1445.6532432032898,1086.8526576444785,5
3.3499999999999996,3.3499999999999996,3.3499999999999996,3912.873953070482,1435.0695024780364,1078.8957241342173,5
3.3499999999999996,3.3499999999999996,3.3499999999999996,4154.106303841933,1523.5428838737082,1145.410657886666,5
3.3499999999999996,3.3499999999999996,3.3499999999999996,4836.975836809877,1773.9892955616506,1333.6980977829887,5
3.3499999999999996,3.3499999999999996,3.3499999999999996,4285.205047606661,1571.6241180883467,1181.5584806337133,5
3.3499999999999996,3.3499999999999996,3.3499999999999996,4905.911121397925,1799.2717160391417,1352.7056059920524,5
3.3499999999999996,3.3499999999999996,3.3499999999999996,4583.6223936939705,1681.0704323618436,1263.8410183700578,5
3.3499999999999996,3.3499999999999996,3.3499999999999996,4594.273910722358,1684.97693878804,1266.777958408326,5
3.3499999999999996,3.3499999999999996,3.3499999999999996,4397.870761030134,1612.9449301687062,1212.6237686871996,5
3.3499999999999996,3.3499999999999996,3.3499999999999996,5406.149285394981,1982.7370005685484,1490.63614570741,5
3.3499999999999996,3.3499999999999996,3.3499999999999996,5108.838868841585,1873.696659202578,1408.658821365461,5
3.3499999999999996,3.3499999999999996,3.3499999999999996,5106.613245086582,1872.8803986194102,1408.0451507025152,5
3.3499999999999996,3.3499999999999996,3.3499999999999996,4870.784356698931,1786.388768787367,1343.0201122370918,5
3.3499999999999996,3.3499999999999996,3.3499999999999996,5000.260157750065,1833.8747792303034,1378.7204414090302,5
3.3499999999999996,3.3499999999999996,3.3499999999999996,4633.051415332972,1699.1988163430847,1277.4700697358983,5
3.3499999999999996,3.3499999999999996,3.3499999999999996,4520.728858757393,1658.003859052041,1246.4994002314227,5
3.3499999999999996,3.3499999999999996,3.3499999999999996,4766.205042060856,1748.0336909527264,1314.1844848314693,5
3.3499999999999996,3.3499999999999996,3.3499999999999996,4463.5390433601115,1637.0291583810458,1230.7304672077216,5
3.3499999999999996,3.3499999999999996,3.3499999999999996,4811.566473878088,1764.6702624780028,1326.6919807066718,5
3.3499999999999996,3.3499999999999996,3.3499999999999996,4526.897422754057,1660.2662161256053,1248.2002567884872,5
3.3499999999999996,3.3499999999999996,3.3499999999999996,4934.226135899959,1809.6564139009795,1360.5128976251171,5
3.3499999999999996,3.3499999999999996,3.3499999999999996,5075.097824637332,1861.321933080544,1399.3554119644948,5
3.3499999999999996,3.3499999999999996,3.3499999999999996,4580.669860143981,1679.987573342246,1263.0269170571478,5
3.3499999999999996,3.3499999999999996,3.3499999999999996,4925.057432037069,1806.2937379117468,1357.9848132778657,5
3.3499999999999996,3.3499999999999996,3.3499999999999996,4650.010165092941,1705.4185374157737,1282.1461014256831,5
3.3499999999999996,3.3499999999999996,3.3499999999999996,4851.999779513525,1779.4994147833706,1337.8406456230186,5
3.3499999999999996,3.3499999999999996,3.3499999999999996,5135.887972084958,1883.617076675644,1416.1170636142406,5
3.3499999999999996,3.3499999999999996,3.3499999999999996,4842.481004669843,1776.0083482059758,1335.2160362946797,5
3.3499999999999996,3.3499999999999996,3.3499999999999996,4959.64547336949,1818.979105204924,1367.521764978148,5
3.3499999999999996,3.3499999999999996,3.3499999999999996,4723.158726521577,1732.246201918997,1302.3153353694433,5
3.3499999999999996,3.3499999999999996,3.3499999999999996,4004.750708323662,1468.7141483610853,1104.2436464483976,6
3.3499999999999996,3.3499999999999996,3.3499999999999996,4627.480917449001,1697.096071573751,1275.951182562669,6
3.3499999999999996,3.3499999999999996,3.3499999999999996,4253.388566660844,1559.9003337081576,1172.8014157908738,6
3.3499999999999996,3.3499999999999996,3.3499999999999996,4900.801393955223,1797.3344334890464,1351.3147748579254,6
3.3499999999999996,3.3499999999999996,3.3499999999999996,4714.05514242202,1728.8465595222244,1299.822590506727,6
3.3499999999999996,3.3499999999999996,3.3499999999999996,4638.618612136268,1701.180742745246,1279.0222173137047,6
3.3499999999999996,3.3499999999999996,3.3499999999999996,4723.235874673787,1732.2135284879723,1302.3540252943376,6
3.3499999999999996,3.3499999999999996,3.3499999999999996,5039.245124048028,1848.1076975318158,1389.4883393267078,6
3.3499999999999996,3.3499999999999996,3.3499999999999996,5105.528921899108,1872.4168140789827,1407.7649982177093,6
3.3499999999999996,3.3499999999999996,3.3499999999999996,5216.205305390936,1913.0065991025622,1438.2821769845978,6
3.3499999999999996,3.3499999999999996,3.3499999999999996,4291.079475389313,1573.7232093241184,1183.1940593094262,6
3.3499999999999996,3.3499999999999996,3.3499999999999996,4654.0075994079025,1706.82454556369,1283.265475548146,6
3.3499999999999996,3.3499999999999996,3.3499999999999996,4281.128992014807,1570.0739395493995,1180.4503784050064,6
3.3499999999999996,3.3499999999999996,3.3499999999999996,3991.66527115557,1463.9151563373566,1100.6355539836582,6
3.3499999999999996,3.3499999999999996,3.3499999999999996,4290.256761026304,1573.421484619382,1182.9672094567484,6
3.3499999999999996,3.3499999999999996,3.3499999999999996,5016.524099773742,1839.7749217244377,1383.2233933854961,6
3.3499999999999996,3.3499999999999996,3.3499999999999996,4358.846189287647,1598.576174899117,1201.8796077275558,6
3.3499999999999996,3.3499999999999996,3.3499999999999996,4109.485192189893,1507.124783498976,1133.1224448547405,6
3.3499999999999996,3.3499999999999996,3.3499999999999996,3967.1540202088886,1454.9258274923438,1093.876982702774,6
3.3499999999999996,3.3499999999999996,3.3499999999999996,4184.902889621808,1534.7836934593001,1153.9176252003906,6
3.3499999999999996,3.3499999999999996,3.3499999999999996,4095.7837497122764,1502.099875861653,1129.3444991335155,6
3.3499999999999996,3.3499999999999996,3.3499999999999996,4887.5293840347,1792.467017220926,1347.655238048337,6
3.3499999999999996,3.3499999999999996,3.3499999999999996,4410.234839102035,1617.422600693036,1216.0491763699083,6
3.3499999999999996,3.3499999999999996,3.3499999999999996,4666.540126053799,1711.4207615431972,1286.7211120984837,6
3.3499999999999996,3.3499999999999996,3.3499999999999996,4595.7569581479265,1685.4615326820601,1267.2038264724167,6
3.3499999999999996,3.3499999999999996,3.3499999999999996,3918.290092644974,1437.005325822053,1080.40356438467,6
3.3499999999999996,3.3499999999999996,3.3499999999999996,3948.1683206417724,1447.962955742849,1088.641990652759,6
3.3499999999999996,3.3499999999999996,3.3499999999999996,4524.55320828798,1659.3480583481125,1247.5705723418346,6
3.3499999999999996,3.3499999999999996,3.3499999999999996,4236.0383523367545,1553.5372646657017,1168.0173816955496,6
3.3499999999999996,3.3499999999999996,3.3499999999999996,4328.080049438484,1587.292909553036,1193.3963544794656,6
3.3499999999999996,3.3499999999999996,3.3499999999999996,3941.7507816827897,1445.609368477823,1086.8724606276912,6
3.3499999999999996,3.3499999999999996,3.3499999999999996,3912.892915197148,1435.0259489628738,1078.9153821382372,6
3.3499999999999996,3.3499999999999996,3.3499999999999996,4154.126435001501,1523.4966452434685,1145.4315278250795,6
3.3499999999999996,3.3499999999999996,3.3499999999999996,4836.999277214449,1773.9354560301508,1333.7223984099921,6
3.3499999999999996,3.3499999999999996,3.3499999999999996,4285.225814082115,1571.5764202209348,1181.5800092030117,6
3.3499999999999996,3.3499999999999996,3.3499999999999996,4905.934895868866,1799.2171092010537,1352.7302529450858,6
3.3499999999999996,3.3499999999999996,3.3499999999999996,4583.644606325775,1681.0194128631797,1263.8640461671507,6
3.3499999999999996,3.3499999999999996,3.3499999999999996,4594.296174972338,1684.9258007292035,1266.8010397178925,6
3.3499999999999996,3.3499999999999996,3.3499999999999996,4397.892073493411,1612.8959782389554,1212.6458632811314,6
3.3499999999999996,3.3499999999999996,3.3499999999999996,5406.175484063468,1982.6768256670061,1490.6633058218576,6
3.3499999999999996,3.3499999999999996,3.3499999999999996,5108.863626717997,1873.6397936112492,1408.6844878132501,6
3.3499999999999996,3.3499999999999996,3.3499999999999996,5106.637992177428,1872.8235578011095,1408.0708059689264,6
3.3499999999999996,3.3499999999999996,3.3499999999999996,4870.807960942523,1786.33455293915,1343.0445827157253,6
3.3499999999999996,3.3499999999999996,3.3499999999999996,5000.284389444623,1833.8191222096045,1378.7455623649982,6
3.3499999999999996,3.3499999999999996,3.3499999999999996,4633.073867502105,1699.1472466586317,1277.4933458609255,6
3.3499999999999996,3.3499999999999996,3.3499999999999996,4520.750766601671,1657.9535396103067,1246.5221120558117,6
3.3499999999999996,3.3499999999999996,3.3499999999999996,4766.228139504015,1747.980639158558,1314.2084299109683,6
3.3499999999999996,3.3499999999999996,3.3499999999999996,4463.560674057582,1636.9794755091373,1230.7528917144932,6
3.3499999999999996,3.3499999999999996,3.3499999999999996,4811.589791146682,1764.6167057736752,1326.7161536788196,6
3.3499999999999996,3.3499999999999996,3.3499999999999996,4526.91936049173,1660.215828022665,1248.2229996033088,6
3.3499999999999996,3.3499999999999996,3.3499999999999996,4934.250047587919,1809.6014918934218,1360.537686830795,6
3.3499999999999996,3.3499999999999996,3.3499999999999996,5075.1224190017165,1861.2654430548737,1399.380908899647,6
3.3499999999999996,3.3499999999999996,3.3499999999999996,4580.692058467553,1679.9365867077158,1263.0499300209196,6
3.3499999999999996,3.3499999999999996,3.3499999999999996,4925.081299292693,1806.2389179594263,1358.0095564206192,6
3.3499999999999996,3.3499999999999996,3.3499999999999996,4650.032699445646,1705.3667789664444,1282.1694627502786,6
3.3499999999999996,3.3499999999999996,3.3499999999999996,4852.0232927254265,1779.4454080229948,1337.8650217292557,6
3.3499999999999996,3.3499999999999996,3.3499999999999996,5135.912861043671,1883.5599100054808,1416.1428659548253,6
3.3499999999999996,3.3499999999999996,3.3499999999999996,4842.504471752935,1775.9544473974167,1335.2403645792592,6
3.3499999999999996,3.3499999999999996,3.3499999999999996,4959.669508241763,1818.9239002591694,1367.5466818887926,6
3.3499999999999996,3.3499999999999996,3.3499999999999996,4723.181615358557,1732.193629265833,1302.3390641872757,6
3.3499999999999996,3.3499999999999996,3.3499999999999996,4004.7526490482483,1468.7096908652059,1104.2456584799534,7
3.3499999999999996,3.3499999999999996,3.3499999999999996,4627.4831599521285,1697.0909209467525,1275.9535074608477,7
3.3499999999999996,3.3499999999999996,3.3499999999999996,4253.390627876727,1559.8955994654068,1172.8035527408706,7
3.3499999999999996,3.3499999999999996,3.3499999999999996,4900.803768910982,1797.3289786421383,1351.3172370753693,7
3.3499999999999996,3.3499999999999996,3.3499999999999996,4714.057426879501,1728.8413125336087,1299.8249589007653,7
3.3499999999999996,3.3499999999999996,3.3499999999999996,4638.6208600367845,1701.1755797214141,1279.0245478075856,7
3.3499999999999996,3.3499999999999996,3.3499999999999996,4723.238163580302,1732.2082712807248,1302.3563983008783,7
3.3499999999999996,3.3499999999999996,3.3499999999999996,5039.247566094392,1848.1020885898333,1389.4908710998302,7
3.3499999999999996,3.3499999999999996,3.3499999999999996,5105.531396066972,1872.4111313596854,1407.7675632925527,7
3.3499999999999996,3.3499999999999996,3.3499999999999996,5216.207833193194,1913.0007931946923,1438.284797664495,7
3.3499999999999996,3.3499999999999996,3.3499999999999996,4291.081554870421,1573.718433129425,1183.1962151957573,7
3.3499999999999996,3.3499999999999996,3.3499999999999996,4654.009854766009,1706.8193654111135,1283.2678137736261,7
3.3499999999999996,3.3499999999999996,3.3499999999999996,4281.131066673855,1570.069174430112,1180.4525292921035,7
3.3499999999999996,3.3499999999999996,3.3499999999999996,3991.66720553888,1463.9107134062497,1100.6375594409433,7
3.3499999999999996,3.3499999999999996,3.3499999999999996,4290.25884010872,1573.4167093404126,1182.9693649297387,7
3.3499999999999996,3.3499999999999996,3.3499999999999996,5016.526530809371,1839.7693380721382,1383.2259137433218,7
3.3499999999999996,3.3499999999999996,3.3499999999999996,4358.848301608883,1598.5713232765456,1201.8817976606422,7
3.3499999999999996,3.3499999999999996,3.3499999999999996,4109.487183669395,1507.1202094281668,1133.1245095060722,7
3.3499999999999996,3.3499999999999996,3.3499999999999996,3967.1559427139096,1454.921411843534,1093.8789758453327,7
3.3499999999999996,3.3499999999999996,3.3499999999999996,4184.904917649148,1534.779035444671,1153.919727742417,7
3.3499999999999996,3.3499999999999996,3.3499999999999996,4095.7857345519833,1502.0953170412627,1129.346556901089,7
3.3499999999999996,3.3499999999999996,3.3499999999999996,4887.531752558769,1792.461577146455,1347.6576935977737,7
3.3499999999999996,3.3499999999999996,3.3499999999999996,4410.236976326499,1617.4176918722242,1216.0513921212269,7
3.3499999999999996,3.3499999999999996,3.3499999999999996,4666.542387485238,1711.4155674412666,1286.7234566204465,7
3.3499999999999996,3.3499999999999996,3.3499999999999996,4595.759185277447,1685.4564173654783,1267.2061354321231,7
3.3499999999999996,3.3499999999999996,3.3499999999999996,3918.291991470262,1437.0009645613368,1080.4055329774449,7
3.3499999999999996,3.3499999999999996,3.3499999999999996,3948.170233946217,1447.9585612261105,1088.6439742566902,7
3.3499999999999996,3.3499999999999996,3.3499999999999996,4524.555400911764,1659.343022285009,1247.5728455279807,7
3.3499999999999996,3.3499999999999996,3.3499999999999996,4236.040405144627,1553.5325497346419,1168.0195099286043,7
3.3499999999999996,3.3499999999999996,3.3499999999999996,4328.082146850276,1587.2880921747796,1193.3985289552984,7
3.3499999999999996,3.3499999999999996,3.3499999999999996,3941.752691877259,1445.6049811041387,1086.8744410073784,7
3.3499999999999996,3.3499999999999996,3.3499999999999996,3912.8948114069335,1435.0215937094972,1078.9173480194102,7
3.3499999999999996,3.3499999999999996,3.3499999999999996,4154.128448114399,1523.4920214846338,1145.433614904671,7
3.3499999999999996,3.3499999999999996,3.3499999999999996,4837.001621251346,1773.9300721983177,1333.7248285725386,7
3.3499999999999996,3.3499999999999996,3.3499999999999996,4285.227890726505,1571.571650541671,1181.5821621483972,7
3.3499999999999996,3.3499999999999996,3.3499999999999996,4905.937273312349,1799.2116486402913,1352.7327177416582,7
3.3499999999999996,3.3499999999999996,3.3499999999999996,4583.646827585581,1681.0143110282754,1263.866349041476,7
3.3499999999999996,3.3499999999999996,3.3499999999999996,4594.298401393954,1684.9206870385494,1266.8033479436854,7
3.3499999999999996,3.3499999999999996,3.3499999999999996,4397.894204736501,1612.8910831562844,1212.6480728313065,7
3.3499999999999996,3.3499999999999996,3.3499999999999996,5406.178103926336,1982.6708083124445,1490.6660219448975,7
3.3499999999999996,3.3499999999999996,3.3499999999999996,5108.866102501877,1873.634107180252,1408.687054563487,7
3.3499999999999996,3.3499999999999996,3.3499999999999996,5106.640466882753,1872.8178738473594,1408.0733716009795,7
3.3499999999999996,3.3499999999999996,3.3499999999999996,4870.810321363297,1786.3291314764929,1343.0470298641328,7
3.3499999999999996,3.3499999999999996,3.3499999999999996,5000.286812610398,1833.813556632947,1378.7480745638113,7
3.3499999999999996,3.3499999999999996,3.3499999999999996,4633.0761127156065,1699.1420898063882,1277.4956735690648,7
3.3499999999999996,3.3499999999999996,3.3499999999999996,4520.752957382771,1657.948507779518,1246.5243833315685,7
3.3499999999999996,3.3499999999999996,3.3499999999999996,4766.230449244823,1747.975334098683,1314.2108245173038,7
3.3499999999999996,3.3499999999999996,3.3499999999999996,4463.562837124043,1636.974507333897,1230.7551342573083,7
3.3499999999999996,3.3499999999999996,3.3499999999999996,4811.592122869999,1764.6113502239218,1326.7185710753563,7
3.3499999999999996,3.3499999999999996,3.3499999999999996,4526.921554262165,1660.2107893259101,1248.2252739782361,7
3.3499999999999996,3.3499999999999996,3.3499999999999996,4934.252438753082,1809.5959998164217,1360.540165853217,7
3.3499999999999996,3.3499999999999996,3.3499999999999996,5075.124878434419,1861.2597941795948,1399.3834586979233,7
3.3499999999999996,3.3499999999999996,3.3499999999999996,4580.694278296537,1679.9314881591513,1263.0522314118516,7
3.3499999999999996,3.3499999999999996,3.3499999999999996,4925.08368601463,1806.23343608772,1358.0120308365588,7
3.3499999999999996,3.3499999999999996,3.3499999999999996,4650.034952877493,1705.3616032381394,1282.1717989787248,7
3.3499999999999996,3.3499999999999996,3.3499999999999996,4852.025644043045,1779.4400074686507,1337.8674594400356,7
3.3499999999999996,3.3499999999999996,3.3499999999999996,5135.915349935762,1883.554193467278,1416.1454462949002,7
3.3499999999999996,3.3499999999999996,3.3499999999999996,4842.506818457679,1775.9490574380152,1335.242797507677,7
3.3499999999999996,3.3499999999999996,3.3499999999999996,4959.671911725339,1818.9183798889874,1367.5491736822355,7
3.3499999999999996,3.3499999999999996,3.3499999999999996,4723.183904238777,1732.188372118979,1302.3414371665554,7
3.3499999999999996,3.3499999999999996,3.3499999999999996,4004.75284312068,1468.7092451166152,1104.2458596839388,8
3.3499999999999996,3.3499999999999996,3.3499999999999996,4627.48338420241,1697.0904058852047,1275.9537399516246,8
3.3499999999999996,3.3499999999999996,3.3499999999999996,4253.390833998286,1559.8951260421904,1172.803766436752,8
3.3499999999999996,3.3499999999999996,3.3499999999999996,4900.804006406525,1797.3284331586674,1351.3174832981292,8
3.3499999999999996,3.3499999999999996,3.3499999999999996,4714.057655325218,1728.8407878359212,1299.8251957411462,8
3.3499999999999996,3.3499999999999996,3.3499999999999996,4638.621084826806,1701.175063420186,1279.0247808579352,8
3.3499999999999996,3.3499999999999996,3.3499999999999996,4723.238392470922,1732.207745561176,1302.356635602511,8
3.3499999999999996,3.3499999999999996,3.3499999999999996,5039.247810298994,1848.10152769689,1389.4911242781868,8
3.3499999999999996,3.3499999999999996,3.3499999999999996,5105.531643483724,1872.4105630890267,1407.7678198010956,8
3.3499999999999996,3.3499999999999996,3.3499999999999996,5216.208085973385,1913.000212605204,1438.2850597335657,8
3.3499999999999996,3.3499999999999996,3.3499999999999996,4291.081762818503,1573.7179555110242,1183.1964307852797,8
3.3499999999999996,3.3499999999999996,3.3499999999999996,4654.010080301789,1706.8188473970145,1283.2680475971388,8
3.3499999999999996,3.3499999999999996,3.3499999999999996,4281.131274139731,1570.0686979192492,1180.4527443817008,8
3.3499999999999996,3.3499999999999996,3.3499999999999996,3991.6673989771843,1463.9102691141327,1100.637759987499,8
3.3499999999999996,3.3499999999999996,3.3499999999999996,4290.259048016933,1573.416231813584,1182.9695804779271,8
3.3499999999999996,3.3499999999999996,3.3499999999999996,5016.5267739129,1839.7687797081571,1383.2261657801434,8
3.3499999999999996,3.3499999999999996,3.3499999999999996,4358.8485128409775,1598.5708381153743,1201.882016654854,8
3.3499999999999996,3.3499999999999996,3.3499999999999996,4109.487382817318,1507.1197520221094,1133.1247159720574,8
3.3499999999999996,3.3499999999999996,3.3499999999999996,3967.1561349643853,1454.9209702796413,1093.879175160411,8
3.3499999999999996,3.3499999999999996,3.3499999999999996,4184.905120451854,1534.7785696442502,1153.9199379974875,8
3.3499999999999996,3.3499999999999996,3.3499999999999996,4095.7859330359265,1502.094861160243,1129.3467626786953,8
3.3499999999999996,3.3499999999999996,3.3499999999999996,4887.531989411143,1792.4610331402255,1347.6579391537311,8
3.3499999999999996,3.3499999999999996,3.3499999999999996,4410.237190048915,1617.4172009912409,1216.051613697273,8
3.3499999999999996,3.3499999999999996,3.3499999999999996,4666.54261362835,1711.415048032236,1286.7236910736092,8
3.3499999999999996,3.3499999999999996,3.3499999999999996,4595.759407990367,1685.4559058349644,1267.2063663290464,8
3.3499999999999996,3.3499999999999996,3.3499999999999996,3918.2921813527646,1437.0005284362412,1080.4057298375346,8
3.3499999999999996,3.3499999999999996,3.3499999999999996,3948.1704252766353,1447.9581217754198,1088.6441726179014,8
3.3499999999999996,3.3499999999999996,3.3499999999999996,4524.555620174112,1659.3425186798252,1247.573072847533,8
3.3499999999999996,3.3499999999999996,3.3499999999999996,4236.040610425385,1553.5320782425906,1168.019722752788,8
3.3499999999999996,3.3499999999999996,3.3499999999999996,4328.082356591427,1587.2876104380316,1193.3987464037787,8
3.3499999999999996,3.3499999999999996,3.3499999999999996,3941.7528828966797,1445.604542367752,1086.8746390461645,8
3.3499999999999996,3.3499999999999996,3.3499999999999996,3912.8950010278863,1435.0211581851336,1078.9175446083382,8
3.3499999999999996,3.3499999999999996,3.3499999999999996,4154.128649425662,1523.491559109785,1145.4338236134913,8
3.3499999999999996,3.3499999999999996,3.3499999999999996,4837.001855655003,1773.9295338163392,1333.7250715897956,8
3.3499999999999996,3.3499999999999996,3.3499999999999996,4285.228098390916,1571.5711735748114,1181.5823774438243,8
3.3499999999999996,3.3499999999999996,3.3499999999999996,4905.937511056664,1799.2111025854363,1352.7329642223324,8
3.3499999999999996,3.3499999999999996,3.3499999999999996,4583.6470497115315,1681.0138008459262,1263.8665793298585,8
3.3499999999999996,3.3499999999999996,3.3499999999999996,4594.298624036085,1684.9201756706275,1266.803578767217,8
3.3499999999999996,3.3499999999999996,3.3499999999999996,4397.894417860781,1612.8905936491124,1212.648293787236,8
3.3499999999999996,3.3499999999999996,3.3499999999999996,5406.178365912587,1982.6702065783343,1490.6662935583222,8
3.3499999999999996,3.3499999999999996,3.3499999999999996,5108.866350080231,1873.6335385384243,1408.6873112395697,8
3.3499999999999996,3.3499999999999996,3.3499999999999996,5106.6407143532515,1872.8173054532556,1408.0736281652435,8
3.3499999999999996,3.3499999999999996,3.3499999999999996,4870.810557405342,1786.3285893314405,1343.0472745799827,8
3.3499999999999996,3.3499999999999996,3.3499999999999996,5000.287054926942,1833.8130000765257,1378.7483257847293,8
3.3499999999999996,3.3499999999999996,3.3499999999999996,4633.0763372369265,1699.141574122318,1277.4959063408392,8
3.3499999999999996,3.3499999999999996,3.3499999999999996,4520.75317646085,1657.9480045975645,1246.5246104600815,8
3.3499999999999996,3.3499999999999996,3.3499999999999996,4766.230680218872,1747.9748035938821,1314.2110639789246,8
3.3499999999999996,3.3499999999999996,3.3499999999999996,4463.563053430659,1636.9740105174842,1230.7553585125147,8
3.3499999999999996,3.3499999999999996,3.3499999999999996,4811.592356042299,1764.6108146701447,1326.7188128160074,8
3.3499999999999996,3.3499999999999996,3.3499999999999996,4526.921773639178,1660.2102854573623,1248.2255014166676,8
3.3499999999999996,3.3499999999999996,3.3499999999999996,4934.252677869565,1809.5954506099504,1360.5404137564813,8
3.3499999999999996,3.3499999999999996,3.3499999999999996,5075.125124377655,1861.2592292933311,1399.383713678803,8
3.3499999999999996,3.3499999999999996,3.3499999999999996,4580.6945002794055,1679.9309783054352,1263.0524615518946,8
3.3499999999999996,3.3499999999999996,3.3499999999999996,4925.083924686791,1806.232887901776,1358.0122782791734,8
3.3499999999999996,3.3499999999999996,3.3499999999999996,4650.035178220647,1705.3610856664666,1282.1720326025331,8
3.3499999999999996,3.3499999999999996,3.3499999999999996,4852.025879174775,1779.4394674144241,1337.8677032121195,8
3.3499999999999996,3.3499999999999996,3.3499999999999996,5135.915598824937,1883.5536218147365,1416.1457043299727,8
3.3499999999999996,3.3499999999999996,3.3499999999999996,4842.507053128122,1775.948518443281,1335.243040801523,8
3.3499999999999996,3.3499999999999996,3.3499999999999996,4959.672152073664,1818.9178278532036,1367.5494228626083,8
3.3499999999999996,3.3499999999999996,3.3499999999999996,4723.184133126768,1732.1878464054696,1302.3416744654623,8
3.3499999999999996,3.3499999999999996,3.3499999999999996,4004.7528646842793,1483.0619983879728,1121.5313667406344,9
3.3499999999999996,3.3499999999999996,3.3499999999999996,4627.483409119103,1713.674981733588,1295.9271065552036,9
3.3499999999999996,3.3499999999999996,3.3499999999999996,4253.390856900678,1575.1389804318317,1191.1624567619883,9
3.3499999999999996,3.3499999999999996,3.3499999999999996,4900.804032794914,1814.8925709446144,1372.470569532088,9
3.3499999999999996,3.3499999999999996,3.3499999999999996,4714.05768070807,1745.7356397991482,1320.172238382434,9
3.3499999999999996,3.3499999999999996,3.3499999999999996,4638.621109803469,1717.799556006339,1299.046220541247,9
3.3499999999999996,3.3499999999999996,3.3499999999999996,4723.238417903208,1749.1355006423394,1322.7433045835342,9
3.3499999999999996,3.3499999999999996,3.3499999999999996,5039.247837432834,1866.1618383646742,1411.2417683247959,9
3.3499999999999996,3.3499999999999996,3.3499999999999996,5105.531670974468,1890.7084303653824,1429.8045613201682,9
3.3499999999999996,3.3499999999999996,3.3499999999999996,5216.208114060067,1931.694736487905,1460.799508242959,9
3.3499999999999996,3.3499999999999996,3.3499999999999996,4291.081785923841,1589.0968915456797,1201.7178045123683,9
3.3499999999999996,3.3499999999999996,3.3499999999999996,4654.010105361314,1723.4984930634707,1303.3559100037244,9
3.3499999999999996,3.3499999999999996,3.3499999999999996,4281.13129719149,1585.411972100469,1198.9311693304219,9
3.3499999999999996,3.3499999999999996,3.3499999999999996,3991.667420470325,1478.2161250715749,1117.8667870200977,9
3.3499999999999996,3.3499999999999996,3.3499999999999996,4290.25907111784,1588.792219296101,1201.4874031637737,9
3.3499999999999996,3.3499999999999996,3.3499999999999996,5016.526800924398,1857.7476597753287,1404.8787401954494,9
3.3499999999999996,3.3499999999999996,3.3499999999999996,4358.848536311205,1614.1926454285265,1220.6958884914661,9
3.3499999999999996,3.3499999999999996,3.3499999999999996,4109.48740494486,1521.847866537005,1150.8622832921264,9
3.3499999999999996,3.3499999999999996,3.3499999999999996,3967.156156325545,1469.1389795862344,1111.0024054950215,9
3.3499999999999996,3.3499999999999996,3.3499999999999996,4184.9051429854835,1549.7769760405565,1171.9830269882184,9
3.3499999999999996,3.3499999999999996,3.3499999999999996,4095.7859550896937,1516.7738706402276,1147.0251911414716,9
3.3499999999999996,3.3499999999999996,3.3499999999999996,4887.532015728068,1809.977604948243,1368.7537400688652,9
3.3499999999999996,3.3499999999999996,3.3499999999999996,4410.2372137958455,1633.223181718784,1235.0872918168966,9
3.3499999999999996,3.3499999999999996,3.3499999999999996,4666.542638755358,1728.1396094190231,1306.8656470040007,9
3.3499999999999996,3.3499999999999996,3.3499999999999996,4595.759432736243,1701.9267851779218,1287.0428043789386,9
3.3499999999999996,3.3499999999999996,3.3499999999999996,3918.2922024508166,1451.0434127607132,1097.3180512226895,9
3.3499999999999996,3.3499999999999996,3.3499999999999996,3948.1704465355665,1462.108087630269,1105.6854559181652,9
3.3499999999999996,3.3499999999999996,3.3499999999999996,4524.55564453659,1675.5582086419274,1267.102177679877,9
3.3499999999999996,3.3499999999999996,3.3499999999999996,4236.040633234354,1568.7137506479992,1186.3035252075983,9
3.3499999999999996,3.3499999999999996,3.3499999999999996,4328.082379895995,1602.799154005316,1212.0798238753475,9
3.3499999999999996,3.3499999999999996,3.3499999999999996,3941.7529041210555,1459.731508200878,1103.888222640993,9
3.3499999999999996,3.3499999999999996,3.3499999999999996,3912.895022096877,1449.0446993939133,1095.8065704238918,9
3.3499999999999996,3.3499999999999996,3.3499999999999996,4154.128671793575,1538.3796647927873,1163.3640737180428,9
3.3499999999999996,3.3499999999999996,3.3499999999999996,4837.001881699848,1791.2650091694738,1354.6027719085057,9
3.3499999999999996,3.3499999999999996,3.3499999999999996,4285.228121464735,1586.929130486771,1200.0784853026469,9
3.3499999999999996,3.3499999999999996,3.3499999999999996,4905.937537472694,1816.7936384919533,1373.9082079362483,9
3.3499999999999996,3.3499999999999996,3.3499999999999996,4583.647074392187,1697.441270346449,1283.6507374357188,9
3.3499999999999996,3.3499999999999996,3.3499999999999996,4594.2986487740945,1701.3858196663616,1286.6337117110668,9
3.3499999999999996,3.3499999999999996,3.3499999999999996,4397.894441541252,1628.6523387469317,1231.630697439217,9
3.3499999999999996,3.3499999999999996,3.3499999999999996,5406.178395022164,2002.0455706186356,1514.0007009373599,9
3.3499999999999996,3.3499999999999996,3.3499999999999996,5108.866377588932,1891.9433571693048,1430.7384461798258,9
3.3499999999999996,3.3499999999999996,3.3499999999999996,5106.6407418499675,1891.1191475618105,1430.1151567094066,9
3.3499999999999996,3.3499999999999996,3.3499999999999996,4870.81058363223,1803.7852327000946,1364.0709016451308,9
3.3499999999999996,3.3499999999999996,3.3499999999999996,5000.287081850996,1851.7336781300078,1400.3308055429789,9
3.3499999999999996,3.3499999999999996,3.3499999999999996,4633.076362183734,1715.746194722052,1297.4934135176145,9
3.3499999999999996,3.3499999999999996,3.3499999999999996,4520.753200802855,1674.150066868126,1266.0373030017768,9
3.3499999999999996,3.3499999999999996,3.3499999999999996,4766.23070588265,1765.0566400185864,1334.783298342473,9
3.3499999999999996,3.3499999999999996,3.3499999999999996,4463.563077464723,1652.971107398778,1250.0212042913922,9
3.3499999999999996,3.3499999999999996,3.3499999999999996,4811.592381950327,1781.8552241590487,1347.4868394289808,9
3.3499999999999996,3.3499999999999996,3.3499999999999996,4526.921798014398,1676.434455547507,1267.7648191545318,9
3.3499999999999996,3.3499999999999996,3.3499999999999996,4934.252704438058,1827.2794660881218,1381.837872756816,9
3.3499999999999996,3.3499999999999996,3.3499999999999996,5075.125151704676,1879.4481217381142,1421.2892131159876,9
3.3499999999999996,3.3499999999999996,3.3499999999999996,4580.694524944163,1696.347866075903,1282.8238757217257,9
3.3499999999999996,3.3499999999999996,3.3499999999999996,4925.083951205915,1823.8840432116942,1379.2701626655305,9
3.3499999999999996,3.3499999999999996,3.3499999999999996,4650.03520325877,1722.0264855626879,1302.2427383453582,9
3.3499999999999996,3.3499999999999996,3.3499999999999996,4852.025905300517,1796.8287878139756,1358.8102509445757,9
3.3499999999999996,3.3499999999999996,3.3499999999999996,5135.915626479284,1901.9603830557153,1438.313590540124,9
3.3499999999999996,3.3499999999999996,3.3499999999999996,4842.50707920261,1793.3037240379906,1356.1445029186505,9
3.3499999999999996,3.3499999999999996,3.3499999999999996,4959.6721787790275,1836.692944943842,1388.95659862149,9
3.3499999999999996,3.3499999999999996,3.3499999999999996,4723.184158558762,1749.115407024949,1322.7281092496917,9
3.3499999999999996,3.3499999999999996,3.3499999999999996,4004.7528646842793,1470.1670506757828,1106.0074972358937,10
3.3499999999999996,3.3499999999999996,3.3499999999999996,4627.483409119103,1698.7748971051888,1277.989308392424,10
3.3499999999999996,3.3499999999999996,3.3499999999999996,4253.390856900678,1561.4434405190166,1174.6747765364598,10
3.3499999999999996,3.3499999999999996,3.3499999999999996,4900.804032794914,1799.1124182395947,1353.4732818481662,10
3.3499999999999996,3.3499999999999996,3.3499999999999996,4714.05768070807,1730.5567937232688,1301.8988470532279,10
3.3499999999999996,3.3499999999999996,3.3499999999999996,4638.621109803469,1702.8636089732393,1281.065248625218,10
3.3499999999999996,3.3499999999999996,3.3499999999999996,4723.238417903208,1733.9270934099814,1304.43432539885,10
3.3499999999999996,3.3499999999999996,3.3499999999999996,5039.247837432834,1849.9359089332988,1391.7078224176187,10
3.3499999999999996,3.3499999999999996,3.3499999999999996,5105.531670974468,1874.2690728907392,1410.0136753178233,10
3.3499999999999996,3.3499999999999996,3.3499999999999996,5216.208114060067,1914.899010719192,1440.5796003464388,10
3.3499999999999996,3.3499999999999996,3.3499999999999996,4291.081785923841,1575.279990196741,1185.0840206236578,10
3.3499999999999996,3.3499999999999996,3.3499999999999996,4654.010105361314,1708.5129948346378,1285.315284779009,10
3.3499999999999996,3.3499999999999996,3.3499999999999996,4281.13129719149,1571.6271104394345,1182.3359571323517,10
3.3499999999999996,3.3499999999999996,3.3499999999999996,3991.667420470325,1465.363311324858,1102.3936414264826,10
3.3499999999999996,3.3499999999999996,3.3499999999999996,4290.25907111784,1574.9779670155979,1184.8568084149974,10
3.3499999999999996,3.3499999999999996,3.3499999999999996,5016.526800924398,1841.5948900588335,1385.4328692376346,10
3.3499999999999996,3.3499999999999996,3.3499999999999996,4358.848536311205,1600.1575411760891,1203.7994161859372,10
3.3499999999999996,3.3499999999999996,3.3499999999999996,4109.48740494486,1508.6156829288796,1134.932424856088,10
3.3499999999999996,3.3499999999999996,3.3499999999999996,3967.156156325545,1456.365089928016,1095.6242744201134,10
3.3499999999999996,3.3499999999999996,3.3499999999999996,4184.9051429854835,1536.3019540297962,1155.7608221419905,10
3.3499999999999996,3.3499999999999996,3.3499999999999996,4095.7859550896937,1503.5858044809017,1131.148444477061,10
3.3499999999999996,3.3499999999999996,3.3499999999999996,4887.532015728068,1794.240186956674,1349.8078995198787,10
3.3499999999999996,3.3499999999999996,3.3499999999999996,4410.2372137958455,1619.0226104995816,1217.9916184244967,10
3.3499999999999996,3.3499999999999996,3.3499999999999996,4666.542638755358,1713.113757548336,1288.7764411503308,10
3.3499999999999996,3.3499999999999996,3.3499999999999996,4595.759432736243,1687.1288489293363,1269.2279798143263,10
3.3499999999999996,3.3499999999999996,3.3499999999999996,3918.2922024508166,1438.4268606839923,1082.1293344934522,10
3.3499999999999996,3.3499999999999996,3.3499999999999996,3948.1704465355665,1449.3953302674238,1090.380920316235,10
3.3499999999999996,3.3499999999999996,3.3499999999999996,4524.55564453659,1660.9895422526238,1249.5633647328607,10
3.3499999999999996,3.3499999999999996,3.3499999999999996,4236.040633234354,1555.0740769108343,1169.883100719733,10
3.3499999999999996,3.3499999999999996,3.3499999999999996,4328.082379895995,1588.8631140376635,1195.3026123116142,10
3.3499999999999996,3.3499999999999996,3.3499999999999996,3941.7529041210555,1447.0394147533034,1088.6085637528947,10
3.3499999999999996,3.3499999999999996,3.3499999999999996,3912.895022096877,1436.445525757463,1080.6387751163604,10
3.3499999999999996,3.3499999999999996,3.3499999999999996,4154.128671793575,1525.0037402794746,1147.2611695974138,10
3.3499999999999996,3.3499999999999996,3.3499999999999996,4837.001881699848,1775.69029371117,1335.8528044216569,10
3.3499999999999996,3.3499999999999996,3.3499999999999996,4285.228121464735,1573.1310774162848,1183.4673923330163,10
3.3499999999999996,3.3499999999999996,3.3499999999999996,4905.937537472694,1800.9969563588677,1354.8910209328394,10
3.3499999999999996,3.3499999999999996,3.3499999999999996,4583.647074392187,1682.6823348134617,1265.8828647497064,10
3.3499999999999996,3.3499999999999996,3.3499999999999996,4594.2986487740945,1686.5925870120916,1268.8245496730494,10
3.3499999999999996,3.3499999999999996,3.3499999999999996,4397.894441541252,1614.491510155608,1214.5828690930111,10
3.3499999999999996,3.3499999999999996,3.3499999999999996,5406.178395022164,1984.6381574568052,1493.0443995726087,10
3.3499999999999996,3.3499999999999996,3.3499999999999996,5108.866377588932,1875.4932622362262,1410.9346336494107,10
3.3499999999999996,3.3499999999999996,3.3499999999999996,5106.6407418499675,1874.6762189776796,1410.3199715475073,10
3.3499999999999996,3.3499999999999996,3.3499999999999996,4870.81058363223,1788.1016562312948,1345.1898794104216,10
3.3499999999999996,3.3499999999999996,3.3499999999999996,5000.287081850996,1835.6331988632319,1380.9478856056664,10
3.3499999999999996,3.3499999999999996,3.3499999999999996,4633.076362183734,1700.828101282682,1279.533935047347,10
3.3499999999999996,3.3499999999999996,3.3499999999999996,4520.753200802855,1659.5936440091425,1248.5132297009548,10
3.3499999999999996,3.3499999999999996,3.3499999999999996,4766.23070588265,1749.7098014462047,1316.3076655112704,10
3.3499999999999996,3.3499999999999996,3.3499999999999996,4463.563077464723,1638.5988316457506,1232.7188205783323,10
3.3499999999999996,3.3499999999999996,3.3499999999999996,4811.592381950327,1766.3623250279272,1328.8353683466842,10
3.3499999999999996,3.3499999999999996,3.3499999999999996,4526.921798014398,1661.8581703546445,1250.216834141458,10
3.3499999999999996,3.3499999999999996,3.3499999999999996,4934.252704438058,1811.3916116380874,1362.7109259325578,10
3.3499999999999996,3.3499999999999996,3.3499999999999996,5075.125151704676,1863.1066705486626,1401.616193771883,10
3.3499999999999996,3.3499999999999996,3.3499999999999996,4580.694524944163,1681.5984374892964,1265.0674481844871,10
3.3499999999999996,3.3499999999999996,3.3499999999999996,4925.083951205915,1808.0257113308437,1360.1787572425787,10
3.3499999999999996,3.3499999999999996,3.3499999999999996,4650.03520325877,1707.0537861647701,1284.2175212778047,10
3.3499999999999996,3.3499999999999996,3.3499999999999996,4852.025905300517,1781.2056963371492,1340.0020449122555,10
3.3499999999999996,3.3499999999999996,3.3499999999999996,5135.915626479284,1885.423191949194,1418.4049253448475,10
3.3499999999999996,3.3499999999999996,3.3499999999999996,4842.50707920261,1777.711282333813,1337.3731952965877,10
3.3499999999999996,3.3499999999999996,3.3499999999999996,4959.6721787790275,1820.723242049328,1369.731116727558,10
3.3499999999999996,3.3499999999999996,3.3499999999999996,4723.184158558762,1733.9071745028502,1304.4193403938373,10
3.3499999999999996,3.3499999999999996,3.3499999999999996,4004.7528646842793,1468.855209954092,1104.4223795148082,11
3.3499999999999996,3.3499999999999996,3.3499999999999996,4627.483409119103,1697.2590679441541,1276.1577082403878,11
3.3499999999999996,3.3499999999999996,3.3499999999999996,4253.390856900678,1560.0501532126887,1172.9912456296136,11
3.3499999999999996,3.3499999999999996,3.3499999999999996,4900.804032794914,1797.507057180755,1351.5334988996467,11
3.3499999999999996,3.3499999999999996,3.3499999999999996,4714.05768070807,1729.012605345384,1300.0329800146385,11
3.3499999999999996,3.3499999999999996,3.3499999999999996,4638.621109803469,1701.344131424951,1279.2292400696358,11
3.3499999999999996,3.3499999999999996,3.3499999999999996,4723.238417903208,1732.3798976892422,1302.564824540719,11
3.3499999999999996,3.3499999999999996,3.3499999999999996,5039.247837432834,1848.2851977051155,1389.7132421481356,11
3.3499999999999996,3.3499999999999996,3.3499999999999996,5105.531670974468,1872.5966490038807,1407.9928593022858,11
3.3499999999999996,3.3499999999999996,3.3499999999999996,5216.208114060067,1913.1903324441412,1438.5149775849752,11
3.3499999999999996,3.3499999999999996,3.3499999999999996,4291.081785923841,1573.8743564367867,1183.385571303232,11
3.3499999999999996,3.3499999999999996,3.3499999999999996,4654.010105361314,1706.9884762983731,1283.4731851185838,11
3.3499999999999996,3.3499999999999996,3.3499999999999996,4281.13129719149,1570.2247361705788,1180.6414463061499,11
3.3499999999999996,3.3499999999999996,3.3499999999999996,3991.667420470325,1464.0557570146298,1100.8137030436017,11
3.3499999999999996,3.3499999999999996,3.3499999999999996,4290.25907111784,1573.572602753118,1183.1586847325984,11
3.3499999999999996,3.3499999999999996,3.3499999999999996,5016.526800924398,1839.9516215822853,1383.447282161696,11
3.3499999999999996,3.3499999999999996,3.3499999999999996,4358.848536311205,1598.729708996971,1202.0741441674406,11
3.3499999999999996,3.3499999999999996,3.3499999999999996,4109.48740494486,1507.269534213782,1133.3058522484246,11
3.3499999999999996,3.3499999999999996,3.3499999999999996,3967.156156325545,1455.0655647960002,1094.0540378192086,11
3.3499999999999996,3.3499999999999996,3.3499999999999996,4184.9051429854835,1534.9311006542007,1154.1043985055396,11
3.3499999999999996,3.3499999999999996,3.3499999999999996,4095.7859550896937,1502.244143962822,1129.5272950282554,11
3.3499999999999996,3.3499999999999996,3.3499999999999996,4887.532015728068,1792.639173425143,1347.8733697568005,11
3.3499999999999996,3.3499999999999996,3.3499999999999996,4410.2372137958455,1617.5779448822873,1216.2460062986088,11
3.3499999999999996,3.3499999999999996,3.3499999999999996,4666.542638755358,1711.585133718135,1286.9293809988483,11
3.3499999999999996,3.3499999999999996,3.3499999999999996,4595.759432736243,1685.623411621551,1267.4089363015746,11
3.3499999999999996,3.3499999999999996,3.3499999999999996,3918.2922024508166,1437.1433419640275,1080.5784386912997,11
3.3499999999999996,3.3499999999999996,3.3499999999999996,3948.1704465355665,1448.1020243025005,1088.8181984324806,11
3.3499999999999996,3.3499999999999996,3.3499999999999996,4524.55564453659,1659.5074292377615,1247.7725043291045,11
3.3499999999999996,3.3499999999999996,3.3499999999999996,4236.040633234354,1553.686473033847,1168.2064371897081,11
3.3499999999999996,3.3499999999999996,3.3499999999999996,4328.082379895995,1587.4453599577932,1193.5895178185208,11
3.3499999999999996,3.3499999999999996,3.3499999999999996,3941.7529041210555,1445.74821098888,1087.0483819909784,11
3.3499999999999996,3.3499999999999996,3.3499999999999996,3912.895022096877,1435.1637749970232,1079.0900155674333,11
3.3499999999999996,3.3499999999999996,3.3499999999999996,4154.128671793575,1523.642968381949,1145.6169275690486,11
3.3499999999999996,3.3499999999999996,3.3499999999999996,4837.001881699848,1774.1058323839152,1333.9382749466374,11
3.3499999999999996,3.3499999999999996,3.3499999999999996,4285.228121464735,1571.7273611467883,1181.7712599463898,11
3.3499999999999996,3.3499999999999996,3.3499999999999996,4905.937537472694,1799.3899137129956,1352.9492060963332,11
3.3499999999999996,3.3499999999999996,3.3499999999999996,4583.647074392187,1681.1808651624704,1264.0686154188948,11
3.3499999999999996,3.3499999999999996,3.3499999999999996,4594.2986487740945,1685.0876282147049,1267.0060843519175,11
3.3499999999999996,3.3499999999999996,3.3499999999999996,4397.894441541252,1613.0508876720123,1212.8421423489906,11
3.3499999999999996,3.3499999999999996,3.3499999999999996,5406.178395022164,1982.8672504353376,1490.9045848407518,11
3.3499999999999996,3.3499999999999996,3.3499999999999996,5108.866377588932,1873.8197459963362,1408.9124977265706,11
3.3499999999999996,3.3499999999999996,3.3499999999999996,5106.6407418499675,1873.0034317914158,1408.2987165515983,11
3.3499999999999996,3.3499999999999996,3.3499999999999996,4870.81058363223,1786.5061201552498,1343.2619681427243,11
3.3499999999999996,3.3499999999999996,3.3499999999999996,5000.287081850996,1833.9952500469747,1378.9687263586995,11
3.3499999999999996,3.3499999999999996,3.3499999999999996,4633.076362183734,1699.3104400326683,1277.7001211534605,11
3.3499999999999996,3.3499999999999996,3.3499999999999996,4520.753200802855,1658.1127765644067,1246.7238743391197,11
3.3499999999999996,3.3499999999999996,3.3499999999999996,4766.23070588265,1748.1485227006212,1314.4211479133182,11
3.3499999999999996,3.3499999999999996,3.3499999999999996,4463.563077464723,1637.1366980243508,1230.952101589087,11
3.3499999999999996,3.3499999999999996,3.3499999999999996,4811.592381950327,1764.7861871147795,1326.9308961834884,11
3.3499999999999996,3.3499999999999996,3.3499999999999996,4526.921798014398,1660.3752822566269,1248.425037192568,11
3.3499999999999996,3.3499999999999996,3.3499999999999996,4934.252704438058,1809.775293765923,1360.7579036946336,11
3.3499999999999996,3.3499999999999996,3.3499999999999996,5075.125151704676,1861.4442069543695,1399.607412934085,11
3.3499999999999996,3.3499999999999996,3.3499999999999996,4580.694524944163,1680.097935007748,1263.2543674996841,11
3.3499999999999996,3.3499999999999996,3.3499999999999996,4925.083951205915,1806.4123968759347,1358.2293640808346,11
3.3499999999999996,3.3499999999999996,3.3499999999999996,4650.03520325877,1705.5305696909843,1282.376994919897,11
3.3499999999999996,3.3499999999999996,3.3499999999999996,4852.025905300517,1779.616313576131,1338.0815687916236,11
3.3499999999999996,3.3499999999999996,3.3499999999999996,5135.915626479284,1883.7408151610048,1416.372083082514,11
3.3499999999999996,3.3499999999999996,3.3499999999999996,4842.50707920261,1776.1250176637527,1335.45648681417,11
3.3499999999999996,3.3499999999999996,3.3499999999999996,4959.6721787790275,1819.0985974956704,1367.768033229776,11
3.3499999999999996,3.3499999999999996,3.3499999999999996,4723.184158558762,1732.3599965558965,1302.5498610120496,11
3.3499999999999996,3.3499999999999996,3.3499999999999996,4004.7528646842793,1468.7237993172464,1104.2635351523231,12
3.3499999999999996,3.3499999999999996,3.3499999999999996,4627.483409119103,1697.1072232330482,1275.9741639177123,12
3.3499999999999996,3.3499999999999996,3.3499999999999996,4253.390856900678,1559.9105838509456,1172.8225392994375,12
3.3499999999999996,3.3499999999999996,3.3499999999999996,4900.804032794914,1797.3462438170418,1351.3391135983418,12
3.3499999999999996,3.3499999999999996,3.3499999999999996,4714.05768070807,1728.8579198147447,1299.8460018134085,12
3.3499999999999996,3.3499999999999996,3.3499999999999996,4638.621109803469,1701.1919212450161,1279.045253981632,12
3.3499999999999996,3.3499999999999996,3.3499999999999996,4723.238417903208,1732.2249109049278,1302.3774821950842,12
3.3499999999999996,3.3499999999999996,3.3499999999999996,5039.247837432834,1848.1198414921564,1389.5133656171265,12
3.3499999999999996,3.3499999999999996,3.3499999999999996,5105.531670974468,1872.4291177751156,1407.790353691871,12
3.3499999999999996,3.3499999999999996,3.3499999999999996,5216.208114060067,1913.0191695151532,1438.3080821084086,12
3.3499999999999996,3.3499999999999996,3.3499999999999996,4291.081785923841,1573.7335502973563,1183.215370001507,12
3.3499999999999996,3.3499999999999996,3.3499999999999996,4654.010105361314,1706.8357611490242,1283.2885886420565,12
3.3499999999999996,3.3499999999999996,3.3499999999999996,4281.13129719149,1570.0842565431974,1180.471639680224,12
3.3499999999999996,3.3499999999999996,3.3499999999999996,3991.667420470325,1463.9247757592254,1100.6553777016686,12
3.3499999999999996,3.3499999999999996,3.3499999999999996,4290.25907111784,1573.4318236099793,1182.9885160630013,12
3.3499999999999996,3.3499999999999996,3.3499999999999996,5016.526800924398,1839.7870109299076,1383.248306836999,12
3.3499999999999996,3.3499999999999996,3.3499999999999996,4358.848536311205,1598.586679181792,1201.901254967953,12
3.3499999999999996,3.3499999999999996,3.3499999999999996,4109.48740494486,1507.1346868523483,1133.1428536991918,12
3.3499999999999996,3.3499999999999996,3.3499999999999996,3967.156156325545,1454.9353878451154,1093.8966846911076,12
3.3499999999999996,3.3499999999999996,3.3499999999999996,4184.9051429854835,1534.7937785600386,1153.938408590067,12
3.3499999999999996,3.3499999999999996,3.3499999999999996,4095.7859550896937,1502.1097461962356,1129.3648399327988,12
3.3499999999999996,3.3499999999999996,3.3499999999999996,4887.532015728068,1792.4787955650122,1347.6795108762665,12
3.3499999999999996,3.3499999999999996,3.3499999999999996,4410.2372137958455,1617.4332288160304,1216.0710788206081,12
3.3499999999999996,3.3499999999999996,3.3499999999999996,4666.542638755358,1711.4320073303782,1286.7442874324015,12
3.3499999999999996,3.3499999999999996,3.3499999999999996,4595.759432736243,1685.4726078905207,1267.2266502774698,12
3.3499999999999996,3.3499999999999996,3.3499999999999996,3918.2922024508166,1437.0147684187746,1080.423023701172,12
3.3499999999999996,3.3499999999999996,3.3499999999999996,3948.1704465355665,1447.972470342422,1088.661598352837,12
3.3499999999999996,3.3499999999999996,3.3499999999999996,4524.55564453659,1659.3589619643028,1247.5930425292959,12
3.3499999999999996,3.3499999999999996,3.3499999999999996,4236.040633234354,1553.5474729966088,1168.0384190381317,12
3.3499999999999996,3.3499999999999996,3.3499999999999996,4328.082379895995,1587.3033396931023,1193.4178489266696,12
3.3499999999999996,3.3499999999999996,3.3499999999999996,3941.7529041210555,1445.6188676119164,1086.8920364564888,12
3.3499999999999996,3.3499999999999996,3.3499999999999996,3912.895022096877,1435.0353785530624,1078.934814650858,12
3.3499999999999996,3.3499999999999996,3.3499999999999996,4154.128671793575,1523.5066561767394,1145.452158370337,12
3.3499999999999996,3.3499999999999996,3.3499999999999996,4837.001881699848,1773.9471126029005,1333.7464202913816,12
3.3499999999999996,3.3499999999999996,3.3499999999999996,4285.228121464735,1571.5867470875692,1181.6012908241848,12
3.3499999999999996,3.3499999999999996,3.3499999999999996,4905.937537472694,1799.2289319001575,1352.7546171798977,12
3.3499999999999996,3.3499999999999996,3.3499999999999996,4583.647074392187,1681.0304588823637,1263.8868098189016,12
3.3499999999999996,3.3499999999999996,3.3499999999999996,4594.2986487740945,1684.9368724173567,1266.823856268291,12
3.3499999999999996,3.3499999999999996,3.3499999999999996,4397.894441541252,1612.9065766174049,1212.6677044342307,12
3.3499999999999996,3.3499999999999996,3.3499999999999996,5406.178395022164,1982.68985388434,1490.6901543903207,12
3.3499999999999996,3.3499999999999996,3.3499999999999996,5108.866377588932,1873.6521053436104,1408.7098598484818,12
3.3499999999999996,3.3499999999999996,3.3499999999999996,5106.6407418499675,1872.835864169965,1408.0961669510389,12
3.3499999999999996,3.3499999999999996,3.3499999999999996,4870.81058363223,1786.3462909866648,1343.0687725004254,12
3.3499999999999996,3.3499999999999996,3.3499999999999996,5000.287081850996,1833.8311722793715,1378.7703951655913,12
3.3499999999999996,3.3499999999999996,3.3499999999999996,4633.076362183734,1699.1584117962498,1277.5163549921112,12
3.3499999999999996,3.3499999999999996,3.3499999999999996,4520.753200802855,1657.9644340630803,1246.5445633592922,12
3.3499999999999996,3.3499999999999996,3.3499999999999996,4766.23070588265,1747.9921251815786,1314.2321003232385,12
3.3499999999999996,3.3499999999999996,3.3499999999999996,4463.563077464723,1636.9902321408288,1230.7750589960958,12
3.3499999999999996,3.3499999999999996,3.3499999999999996,4811.592381950327,1764.6283011126914,1326.7400493696464,12
3.3499999999999996,3.3499999999999996,3.3499999999999996,4526.921798014398,1660.2267373409902,1248.2454815417395,12
3.3499999999999996,3.3499999999999996,3.3499999999999996,4934.252704438058,1809.6133828285547,1360.562191686512,12
3.3499999999999996,3.3499999999999996,3.3499999999999996,5075.125151704676,1861.2776734750778,1399.4061133666728,12
3.3499999999999996,3.3499999999999996,3.3499999999999996,4580.694524944163,1679.9476256116232,1263.0726790094977,12
3.3499999999999996,3.3499999999999996,3.3499999999999996,4925.083951205915,1806.2507867990046,1358.0340157417863,12
3.3499999999999996,3.3499999999999996,3.3499999999999996,4650.03520325877,1705.3779849727598,1282.1925561037322,12
3.3499999999999996,3.3499999999999996,3.3499999999999996,4852.025905300517,1779.457100801771,1337.889118224078,12
3.3499999999999996,3.3499999999999996,3.3499999999999996,5135.915626479284,1883.5722869231663,1416.1683723240646,12
3.3499999999999996,3.3499999999999996,3.3499999999999996,4842.50707920261,1775.9661172370065,1335.2644138009741,12
3.3499999999999996,3.3499999999999996,3.3499999999999996,4959.6721787790275,1818.9358524520726,1367.571312984609,12
3.3499999999999996,3.3499999999999996,3.3499999999999996,4723.184158558762,1732.20501155203,1302.3625208185558,12
3.3499999999999996,3.3499999999999996,3.3499999999999996,4004.7528646842793,1468.7106559847562,1104.2476473848353,13
3.3499999999999996,3.3499999999999996,3.3499999999999996,4627.483409119103,1697.0920361403378,1275.955805636205,13
3.3499999999999996,3.3499999999999996,3.3499999999999996,4253.390856900678,1559.8966245051054,1172.805665128358,13
3.3499999999999996,3.3499999999999996,3.3499999999999996,4900.804032794914,1797.3301597042266,1351.3196709916172,13
3.3499999999999996,3.3499999999999996,3.3499999999999996,4714.05768070807,1728.8424485910339,1299.8273000720317,13
3.3499999999999996,3.3499999999999996,3.3499999999999996,4638.621109803469,1701.1766975991131,1279.0268515143275,13
3.3499999999999996,3.3499999999999996,3.3499999999999996,4723.238417903208,1732.209409550648,1302.35874403163,13
3.3499999999999996,3.3499999999999996,3.3499999999999996,5039.247837432834,1848.103303015984,1389.4933737722715,13
3.3499999999999996,3.3499999999999996,3.3499999999999996,5105.531670974468,1872.412361759811,1407.770098883939,13
3.3499999999999996,3.3499999999999996,3.3499999999999996,5216.208114060067,1913.002050267125,1438.2873882217987,13
3.3499999999999996,3.3499999999999996,3.3499999999999996,4291.081785923841,1573.7194672523938,1183.1983463019212,13
3.3499999999999996,3.3499999999999996,3.3499999999999996,4654.010105361314,1706.820486997461,1283.2701251230985,13
3.3499999999999996,3.3499999999999996,3.3499999999999996,4281.13129719149,1570.0702061550774,1180.4546554564952,13
3.3499999999999996,3.3499999999999996,3.3499999999999996,3991.667420470325,1463.911675372292,1100.639541847121,13
3.3499999999999996,3.3499999999999996,3.3499999999999996,4290.25907111784,1573.4177432651124,1182.9714956273124,13
3.3499999999999996,3.3499999999999996,3.3499999999999996,5016.526800924398,1839.7705470226651,1383.2284051316751,13
3.3499999999999996,3.3499999999999996,3.3499999999999996,4358.848536311205,1598.572373730863,1201.883962422221,13
3.3499999999999996,3.3499999999999996,3.3499999999999996,4109.48740494486,1507.1211997880644,1133.1265504259093,13
3.3499999999999996,3.3499999999999996,3.3499999999999996,3967.156156325545,1454.9223679025208,1093.8809460783318,13
3.3499999999999996,3.3499999999999996,3.3499999999999996,4184.9051429854835,1534.780043979755,1153.9218061174263,13
3.3499999999999996,3.3499999999999996,3.3499999999999996,4095.7859550896937,1502.0963040991987,1129.3485910162913,13
3.3499999999999996,3.3499999999999996,3.3499999999999996,4887.532015728068,1792.4627550100736,1347.6601209226592,13
3.3499999999999996,3.3499999999999996,3.3499999999999996,4410.2372137958455,1617.4187547108804,1216.0535824042786,13
3.3499999999999996,3.3499999999999996,3.3499999999999996,4666.542638755358,1711.4166920478735,1286.7257741940275,13
3.3499999999999996,3.3499999999999996,3.3499999999999996,4595.759432736243,1685.4575249137904,1267.208417852208,13
3.3499999999999996,3.3499999999999996,3.3499999999999996,3918.2922024508166,1437.001908844426,1080.4074789428405,13
3.3499999999999996,3.3499999999999996,3.3499999999999996,3948.1704465355665,1447.9595127096638,1088.6459350607001,13
3.3499999999999996,3.3499999999999996,3.3499999999999996,4524.55564453659,1659.3441126736677,1247.5750925856933,13
3.3499999999999996,3.3499999999999996,3.3499999999999996,4236.040633234354,1553.5335705930484,1168.0216136993442,13
3.3499999999999996,3.3499999999999996,3.3499999999999996,4328.082379895995,1587.2891352146517,1193.4006784372932,13
3.3499999999999996,3.3499999999999996,3.3499999999999996,3941.7529041210555,1445.6059310411054,1086.8763986242054,13
3.3499999999999996,3.3499999999999996,3.3499999999999996,3912.895022096877,1435.0225366919003,1078.919291304371,13
3.3499999999999996,3.3499999999999996,3.3499999999999996,4154.128671793575,1523.4930226027875,1145.4356779949728,13
3.3499999999999996,3.3499999999999996,3.3499999999999996,4837.001881699848,1773.9312378845007,1333.7272308023348,13
3.3499999999999996,3.3499999999999996,3.3499999999999996,4285.228121464735,1571.5726832539442,1181.5842903474204,13
3.3499999999999996,3.3499999999999996,3.3499999999999996,4905.937537472694,1799.212830939521,1352.7351542073907,13
3.3499999999999996,3.3499999999999996,3.3499999999999996,4583.647074392187,1681.0154156575873,1263.8686254461268,13
3.3499999999999996,3.3499999999999996,3.3499999999999996,4594.2986487740945,1684.9217942348216,1266.8056296382922,13
3.3499999999999996,3.3499999999999996,3.3499999999999996,4397.894441541252,1612.8921430204123,1212.6502569844922,13
3.3499999999999996,3.3499999999999996,3.3499999999999996,5406.178395022164,1982.6721111664874,1490.668706848303,13
3.3499999999999996,3.3499999999999996,3.3499999999999996,5108.866377588932,1873.6353383840203,1408.689591811009,13
3.3499999999999996,3.3499999999999996,3.3499999999999996,5106.6407418499675,1872.8191045147637,1408.0759077431703,13
3.3499999999999996,3.3499999999999996,3.3499999999999996,4870.81058363223,1786.3303053103543,1343.0494488845513,13
3.3499999999999996,3.3499999999999996,3.3499999999999996,5000.287081850996,1833.814761669807,1378.750557886934,13
3.3499999999999996,3.3499999999999996,3.3499999999999996,4633.076362183734,1699.1432063478392,1277.4979745220842,13
3.3499999999999996,3.3499999999999996,3.3499999999999996,4520.753200802855,1657.949597251813,1246.5266285008504,13
3.3499999999999996,3.3499999999999996,3.3499999999999996,4766.23070588265,1747.9764827294694,1314.2131915995785,13
3.3499999999999996,3.3499999999999996,3.3499999999999996,4463.563077464723,1636.9755830237423,1230.7573510239097,13
3.3499999999999996,3.3499999999999996,3.3499999999999996,4811.592381950327,1764.6125097865795,1326.720960685877,13
3.3499999999999996,3.3499999999999996,3.3499999999999996,4526.921798014398,1660.2118802847974,1248.2275222110663,13
3.3499999999999996,3.3499999999999996,3.3499999999999996,4934.252704438058,1809.597188939424,1360.5426163812833,13
3.3499999999999996,3.3499999999999996,3.3499999999999996,5075.125151704676,1861.2610172519462,1399.3859791883337,13
3.3499999999999996,3.3499999999999996,3.3499999999999996,4580.694524944163,1679.9325920769172,1263.0545063501593,13
3.3499999999999996,3.3499999999999996,3.3499999999999996,4925.083951205915,1806.2346230011117,1358.0144768110915,13
3.3499999999999996,3.3499999999999996,3.3499999999999996,4650.03520325877,1705.3627238665608,1282.1741083541174,13
3.3499999999999996,3.3499999999999996,3.3499999999999996,4852.025905300517,1779.4411767755255,1337.8698691313043,13
3.3499999999999996,3.3499999999999996,3.3499999999999996,5135.915626479284,1883.5554311897406,1416.147996976056,13
3.3499999999999996,3.3499999999999996,3.3499999999999996,4842.50707920261,1775.950224450915,1335.245202471553,13
3.3499999999999996,3.3499999999999996,3.3499999999999996,4959.6721787790275,1818.9195751379182,1367.551636834531,13
3.3499999999999996,3.3499999999999996,3.3499999999999996,4723.184158558762,1732.189510375826,1302.3437828703602,13
3.3499999999999996,3.3499999999999996,3.3499999999999996,4004.7528646842793,1468.7093416288155,1104.2460585747692,14
3.3499999999999996,3.3499999999999996,3.3499999999999996,4627.483409119103,1697.0905174048469,1275.9539697695557,14
3.3499999999999996,3.3499999999999996,3.3499999999999996,4253.390856900678,1559.8952285464209,1172.803977675864,14
3.3499999999999996,3.3499999999999996,3.3499999999999996,4900.804032794914,1797.3285512651764,1351.3177266901725,14
3.3499999999999996,3.3499999999999996,3.3499999999999996,4714.05768070807,1728.8409014419524,1299.8254298586746,14
3.3499999999999996,3.3499999999999996,3.3499999999999996,4638.621109803469,1701.1751752082394,1279.0250112290053,14
3.3499999999999996,3.3499999999999996,3.3499999999999996,4723.238417903208,1732.207859388458,1302.3568701759891,14
3.3499999999999996,3.3499999999999996,3.3499999999999996,5039.247837432834,1848.101649139814,1389.4913745458614,14
3.3499999999999996,3.3499999999999996,3.3499999999999996,5105.531670974468,1872.4106861293517,1407.7680733606703,14
3.3499999999999996,3.3499999999999996,3.3499999999999996,5216.208114060067,1913.0003383127664,1438.2853187897415,14
3.3499999999999996,3.3499999999999996,3.3499999999999996,4291.081785923841,1573.7180589235838,1183.1966438962622,14
3.3499999999999996,3.3499999999999996,3.3499999999999996,4654.010105361314,1706.8189595559347,1283.2682787324832,14
3.3499999999999996,3.3499999999999996,3.3499999999999996,4281.13129719149,1570.068801092008,1180.4529569985052,14
3.3499999999999996,3.3499999999999996,3.3499999999999996,3991.667420470325,1463.910365310982,1100.6379582284576,14
3.3499999999999996,3.3499999999999996,3.3499999999999996,4290.25907111784,1573.4163352063165,1182.9697935480503,14
3.3499999999999996,3.3499999999999996,3.3499999999999996,5016.526800924398,1839.7689006035175,1383.226414919407,14
3.3499999999999996,3.3499999999999996,3.3499999999999996,4358.848536311205,1598.5709431610728,1201.8822331313843,14
3.3499999999999996,3.3499999999999996,3.3499999999999996,4109.48740494486,1507.1198510583508,1133.1249200643913,14
3.3499999999999996,3.3499999999999996,3.3499999999999996,3967.156156325545,1454.9210658857828,1093.8793721840498,14
3.3499999999999996,3.3499999999999996,3.3499999999999996,4184.9051429854835,1534.7786704980147,1153.9201458353457,14
3.3499999999999996,3.3499999999999996,3.3499999999999996,4095.7859550896937,1502.094959866288,1129.346966090565,14
3.3499999999999996,3.3499999999999996,3.3499999999999996,4887.532015728068,1792.4611509268864,1347.6581818866366,14
3.3499999999999996,3.3499999999999996,3.3499999999999996,4410.2372137958455,1617.4173072753767,1216.0518327259545,14
3.3499999999999996,3.3499999999999996,3.3499999999999996,4666.542638755358,1711.4151604931822,1286.7239228313658,14
3.3499999999999996,3.3499999999999996,3.3499999999999996,4595.759432736243,1685.4560165900773,1267.2065945714469,14
3.3499999999999996,3.3499999999999996,3.3499999999999996,3918.2922024508166,1437.0006228647899,1080.4059244344085,14
3.3499999999999996,3.3499999999999996,3.3499999999999996,3948.1704465355665,1447.9582169240166,1088.6443686986393,14
3.3499999999999996,3.3499999999999996,3.3499999999999996,4524.55564453659,1659.342627718968,1247.5732975536903,14
3.3499999999999996,3.3499999999999996,3.3499999999999996,4236.040633234354,1553.532180328691,1168.0199331302235,14
3.3499999999999996,3.3499999999999996,3.3499999999999996,4328.082379895995,1587.2877147422832,1193.3989613523477,14
3.3499999999999996,3.3499999999999996,3.3499999999999996,3941.7529041210555,1445.6046373616905,1086.8748348081836,14
3.3499999999999996,3.3499999999999996,3.3499999999999996,3912.895022096877,1435.0212524836136,1078.9177389371682,14
3.3499999999999996,3.3499999999999996,3.3499999999999996,4154.128671793575,1523.4916592218544,1145.434029922876,14
3.3499999999999996,3.3499999999999996,3.3499999999999996,4837.001881699848,1773.9296503852536,1333.7253118131885,14
3.3499999999999996,3.3499999999999996,3.3499999999999996,4285.228121464735,1571.5712768463013,1181.5825902640922,14
3.3499999999999996,3.3499999999999996,3.3499999999999996,4905.937537472694,1799.2112208156595,1352.7332078693244,14
3.3499999999999996,3.3499999999999996,3.3499999999999996,4583.647074392187,1681.0139113091382,1263.8668069707148,14
3.3499999999999996,3.3499999999999996,3.3499999999999996,4594.2986487740945,1684.9202863905364,1266.8038069370696,14
3.3499999999999996,3.3499999999999996,3.3499999999999996,4397.894441541252,1612.8906996357946,1212.6485122029292,14
3.3499999999999996,3.3499999999999996,3.3499999999999996,5406.178395022164,1982.67033686407,1490.666562049124,14
3.3499999999999996,3.3499999999999996,3.3499999999999996,5108.866377588932,1873.6336616591138,1408.6875649647584,14
3.3499999999999996,3.3499999999999996,3.3499999999999996,5106.6407418499675,1872.8174285203086,1408.0738817798983,14
3.3499999999999996,3.3499999999999996,3.3499999999999996,4870.81058363223,1786.3287067151246,1343.0475164824404,14
3.3499999999999996,3.3499999999999996,3.3499999999999996,5000.287081850996,1833.8131205805187,1378.7485741174683,14
3.3499999999999996,3.3499999999999996,3.3499999999999996,4633.076362183734,1699.141685776746,1277.4961364365365,14
3.3499999999999996,3.3499999999999996,3.3499999999999996,4520.753200802855,1657.9481135450715,1246.5248349773951,14
3.3499999999999996,3.3499999999999996,3.3499999999999996,4766.23070588265,1747.9749184572527,1314.2113006875595,14
3.3499999999999996,3.3499999999999996,3.3499999999999996,4463.563077464723,1636.9741180867422,1230.755580189556,14
3.3499999999999996,3.3499999999999996,3.3499999999999996,4811.592381950327,1764.6109306267047,1326.7190517774695,14
3.3499999999999996,3.3499999999999996,3.3499999999999996,4526.921798014398,1660.2103945535282,1248.2257262403368,14
3.3499999999999996,3.3499999999999996,3.3499999999999996,4934.252704438058,1809.5955695225528,1360.5406588097094,14
3.3499999999999996,3.3499999999999996,3.3499999999999996,5075.125151704676,1861.259351600877,1399.383965728277,14
3.3499999999999996,3.3499999999999996,3.3499999999999996,4580.694524944163,1679.9310886974924,1263.0526890461165,14
3.3499999999999996,3.3499999999999996,3.3499999999999996,4925.083951205915,1806.2330065934168,1358.0125228770476,14
3.3499999999999996,3.3499999999999996,3.3499999999999996,4650.03520325877,1705.3611977295936,1282.1722635404692,14
3.3499999999999996,3.3499999999999996,3.3499999999999996,4852.025905300517,1779.4395843454095,1337.86794418166,14
3.3499999999999996,3.3499999999999996,3.3499999999999996,5135.915626479284,1883.553745587298,1416.145959398526,14
3.3499999999999996,3.3499999999999996,3.3499999999999996,4842.50707920261,1775.9486351448677,1335.243281298324,14
3.3499999999999996,3.3499999999999996,3.3499999999999996,4959.6721787790275,1818.9179473784009,1367.549669178261,14
3.3499999999999996,3.3499999999999996,3.3499999999999996,4723.184158558762,1732.1879602314427,1302.3419090362463,14
3.3499999999999996,3.3499999999999996,3.3499999999999996,4004.7528646842793,1468.709210192995,1104.2458996934286,15
3.3499999999999996,3.3499999999999996,3.3499999999999996,4627.483409119103,1697.0903655310356,1275.9537861825054,15
3.3499999999999996,3.3499999999999996,3.3499999999999996,4253.390856900678,1559.895088950312,1172.8038089302604,15
3.3499999999999996,3.3499999999999996,3.3499999999999996,4900.804032794914,1797.3283904209943,1351.3175322596198,15
3.3499999999999996,3.3499999999999996,3.3499999999999996,4714.05768070807,1728.8407467267778,1299.8252428369462,15
3.3499999999999996,3.3499999999999996,3.3499999999999996,4638.621109803469,1701.1750229688898,1279.024827200087,15
3.3499999999999996,3.3499999999999996,3.3499999999999996,4723.238417903208,1732.2077043719712,1302.356682790032,15
3.3499999999999996,3.3499999999999996,3.3499999999999996,5039.247837432834,1848.1014837519112,1389.4911746228008,15
3.3499999999999996,3.3499999999999996,3.3499999999999996,5105.531670974468,1872.4105185660171,1407.7678708079177,15
3.3499999999999996,3.3499999999999996,3.3499999999999996,5216.208114060067,1913.000167117035,1438.2851118461017,15
3.3499999999999996,3.3499999999999996,3.3499999999999996,4291.081785923841,1573.71791809046,1183.196473655339,15
3.3499999999999996,3.3499999999999996,3.3499999999999996,4654.010105361314,1706.818806811519,1283.268094093034,15
3.3499999999999996,3.3499999999999996,3.3499999999999996,4281.13129719149,1570.068660585459,1180.4527871523494,15
3.3499999999999996,3.3499999999999996,3.3499999999999996,3991.667420470325,1463.9102343046247,1100.6377998662588,15
3.3499999999999996,3.3499999999999996,3.3499999999999996,4290.25907111784,1573.4161944001946,1182.969623339767,15
3.3499999999999996,3.3499999999999996,3.3499999999999996,5016.526800924398,1839.768735961318,1383.2262158977628,15
3.3499999999999996,3.3499999999999996,3.3499999999999996,4358.848536311205,1598.570800103847,1201.8820602019373,15
3.3499999999999996,3.3499999999999996,3.3499999999999996,4109.48740494486,1507.1197161851476,1133.1247570278979,15
3.3499999999999996,3.3499999999999996,3.3499999999999996,3967.156156325545,1454.9209356838842,1093.879214794291,15
3.3499999999999996,3.3499999999999996,3.3499999999999996,4184.9051429854835,1534.7785331496038,1153.9199798067887,15
3.3499999999999996,3.3499999999999996,3.3499999999999996,4095.7859550896937,1502.0948254427649,1129.3468035976516,15
3.3499999999999996,3.3499999999999996,3.3499999999999996,4887.532015728068,1792.4609905182908,1347.6579879826272,15
3.3499999999999996,3.3499999999999996,3.3499999999999996,4410.2372137958455,1617.4171625315773,1216.0516577577546,15
3.3499999999999996,3.3499999999999996,3.3499999999999996,4666.542638755358,1711.4150073374492,1286.7237376947112,15
3.3499999999999996,3.3499999999999996,3.3499999999999996,4595.759432736243,1685.455865757446,1267.2064122429883,15
3.3499999999999996,3.3499999999999996,3.3499999999999996,3918.2922024508166,1437.0004942666046,1080.4057689832393,15
3.3499999999999996,3.3499999999999996,3.3499999999999996,3948.1704465355665,1447.9580873452292,1088.6442120621045,15
3.3499999999999996,3.3499999999999996,3.3499999999999996,4524.55564453659,1659.3424792232422,1247.5731180501134,15
3.3499999999999996,3.3499999999999996,3.3499999999999996,4236.040633234354,1553.5320413020156,1168.0197650729588,15
3.3499999999999996,3.3499999999999996,3.3499999999999996,4328.082379895995,1587.2875726948018,1193.398789643493,15
3.3499999999999996,3.3499999999999996,3.3499999999999996,3941.7529041210555,1445.6045079935254,1086.8746784262528,15
3.3499999999999996,3.3499999999999996,3.3499999999999996,3912.895022096877,1435.021124062563,1078.9175837001221,15
3.3499999999999996,3.3499999999999996,3.3499999999999996,4154.128671793575,1523.4915228835264,1145.4338651153205,15
3.3499999999999996,3.3499999999999996,3.3499999999999996,4837.001881699848,1773.9294916350552,1333.7251199138707,15
3.3499999999999996,3.3499999999999996,3.3499999999999996,4285.228121464735,1571.5711362052948,1181.5824202554024,15
3.3499999999999996,3.3499999999999996,3.3499999999999996,4905.937537472694,1799.2110598029965,1352.733013235109,15
3.3499999999999996,3.3499999999999996,3.3499999999999996,4583.647074392187,1681.0137608740338,1263.8666251227924,15
3.3499999999999996,3.3499999999999996,3.3499999999999996,4594.2986487740945,1684.920135605848,1266.8036246665654,15
3.3499999999999996,3.3499999999999996,3.3499999999999996,4397.894441541252,1612.8905552970834,1212.648337724407,15
3.3499999999999996,3.3499999999999996,3.3499999999999996,5406.178395022164,1982.6701594335223,1490.666347568756,15
3.3499999999999996,3.3499999999999996,3.3499999999999996,5108.866377588932,1873.6334939863343,1408.6873622797073,15
3.3499999999999996,3.3499999999999996,3.3499999999999996,5106.6407418499675,1872.8172609205744,1408.073679183146,15
3.3499999999999996,3.3499999999999996,3.3499999999999996,4870.81058363223,1786.3285468553258,1343.0473232418235,15
3.3499999999999996,3.3499999999999996,3.3499999999999996,5000.287081850996,1833.812956471307,1378.7483757401053,15
3.3499999999999996,3.3499999999999996,3.3499999999999996,4633.076362183734,1699.1415337193753,1277.495952627596,15
3.3499999999999996,3.3499999999999996,3.3499999999999996,4520.753200802855,1657.947965174141,1246.5246556246734,15
3.3499999999999996,3.3499999999999996,3.3499999999999996,4766.23070588265,1747.9747620297617,1314.2111115959603,15
3.3499999999999996,3.3499999999999996,3.3499999999999996,4463.563077464723,1636.97397159279,1230.7554031057489,15
3.3499999999999996,3.3499999999999996,3.3499999999999996,4811.592381950327,1764.6107727104452,1326.7188608862284,15
3.3499999999999996,3.3499999999999996,3.3499999999999996,4526.921798014398,1660.2102459801445,1248.2255466428876,15
3.3499999999999996,3.3499999999999996,3.3499999999999996,4934.252704438058,1809.5954075805862,1360.5404630521416,15
3.3499999999999996,3.3499999999999996,3.3499999999999996,5075.125151704676,1861.2591850354827,1399.3837643818488,15
3.3499999999999996,3.3499999999999996,3.3499999999999996,4580.694524944163,1679.9309383592904,1263.0525073153303,15
3.3499999999999996,3.3499999999999996,3.3499999999999996,4925.083951205915,1806.2328449523686,1358.0123274832329,15
3.3499999999999996,3.3499999999999996,3.3499999999999996,4650.03520325877,1705.3610451156337,1282.1720790587176,15
3.3499999999999996,3.3499999999999996,3.3499999999999996,4852.025905300517,1779.439425102123,1337.867751686292,15
3.3499999999999996,3.3499999999999996,3.3499999999999996,5135.915626479284,1883.5535770267627,1416.1457556403457,15
3.3499999999999996,3.3499999999999996,3.3499999999999996,4842.50707920261,1775.948476213989,1335.2430891805977,15
3.3499999999999996,3.3499999999999996,3.3499999999999996,4959.6721787790275,1818.9177846021682,1367.549472412221,15
3.3499999999999996,3.3499999999999996,3.3499999999999996,4723.184158558762,1732.1878052167378,1302.3417216524417,15
3.3499999999999996,3.3499999999999996,3.3499999999999996,4004.7528646842793,1461.421013825676,1101.668791347876,16
3.3499999999999996,3.3499999999999996,3.3499999999999996,4627.483409119103,1688.6688701449955,1272.9759429758212,16
3.3499999999999996,3.3499999999999996,3.3499999999999996,4253.390856900678,1552.1543996145433,1170.0666989400581,16
3.3499999999999996,3.3499999999999996,3.3499999999999996,4900.804032794914,1788.4094824744554,1348.163803827533,16
3.3499999999999996,3.3499999999999996,3.3499999999999996,4714.05768070807,1720.2616959776433,1296.791688008257,16
3.3499999999999996,3.3499999999999996,3.3499999999999996,4638.621109803469,1692.733258229806,1276.039816744298,16
3.3499999999999996,3.3499999999999996,3.3499999999999996,4723.238417903208,1723.6119457215673,1299.317220042616,16
3.3499999999999996,3.3499999999999996,3.3499999999999996,5039.247837432834,1838.9306237703454,1386.2483558781832,16
3.3499999999999996,3.3499999999999996,3.3499999999999996,5105.531670974468,1863.1190295191498,1404.4823975908862,16
3.3499999999999996,3.3499999999999996,3.3499999999999996,5216.208114060067,1903.507259486375,1434.9284169595255,16
3.3499999999999996,3.3499999999999996,3.3499999999999996,4291.081785923841,1565.9086355352679,1180.4351090828895,16
3.3499999999999996,3.3499999999999996,3.3499999999999996,4654.010105361314,1698.3490358445076,1280.2731806269421,16
3.3499999999999996,3.3499999999999996,3.3499999999999996,4281.13129719149,1562.2774867921007,1177.6978258433278,16
3.3499999999999996,3.3499999999999996,3.3499999999999996,3991.667420470325,1456.6458519628422,1098.06911216703,16
3.3499999999999996,3.3499999999999996,3.3499999999999996,4290.25907111784,1565.608409092713,1180.2087881945413,16
3.3499999999999996,3.3499999999999996,3.3499999999999996,5016.526800924398,1830.6392256912918,1379.9980184231176,16
3.3499999999999996,3.3499999999999996,3.3499999999999996,4358.848536311205,1590.6381897427482,1199.077086881614,16
3.3499999999999996,3.3499999999999996,3.3499999999999996,4109.48740494486,1499.6409148238001,1130.4802507012726,16
3.3499999999999996,3.3499999999999996,3.3499999999999996,3967.156156325545,1447.701161065059,1091.3263003988143,16
3.3499999999999996,3.3499999999999996,3.3499999999999996,4184.9051429854835,1527.1624800518844,1151.2269412264454,16
3.3499999999999996,3.3499999999999996,3.3499999999999996,4095.7859550896937,1494.6409591674108,1126.7111143246525,16
3.3499999999999996,3.3499999999999996,3.3499999999999996,4887.532015728068,1783.5662361387374,1344.5128002588192,16
3.3499999999999996,3.3499999999999996,3.3499999999999996,4410.2372137958455,1609.391030601178,1213.2136151834504,16
3.3499999999999996,3.3499999999999996,3.3499999999999996,4666.542638755358,1702.9224285799344,1283.7207593872938,16
3.3499999999999996,3.3499999999999996,3.3499999999999996,4595.759432736243,1677.0921044132415,1264.2489838102124,16
3.3499999999999996,3.3499999999999996,3.3499999999999996,3918.2922024508166,1429.869646506228,1077.8842991506565,16
3.3499999999999996,3.3499999999999996,3.3499999999999996,3948.1704465355665,1440.7728645666286,1086.103515207335,16
3.3499999999999996,3.3499999999999996,3.3499999999999996,4524.55564453659,1651.108300704254,1244.6615101418502,16
3.3499999999999996,3.3499999999999996,3.3499999999999996,4236.040633234354,1545.8229274070716,1165.2938201677741,16
3.3499999999999996,3.3499999999999996,3.3499999999999996,4328.082379895995,1579.410953251744,1190.6136147279994,16
3.3499999999999996,3.3499999999999996,3.3499999999999996,3941.7529041210555,1438.4309644148393,1084.3381113399546,16
3.3499999999999996,3.3499999999999996,3.3499999999999996,3912.895022096877,1427.9000985587857,1076.399587020316,16
3.3499999999999996,3.3499999999999996,3.3499999999999996,4154.128671793575,1515.9314794755733,1142.7606315774938,16
3.3499999999999996,3.3499999999999996,3.3499999999999996,4837.001881699848,1765.1266963730072,1330.6124489606364,16
3.3499999999999996,3.3499999999999996,3.3499999999999996,4285.228121464735,1563.7725066560395,1178.824822588937,16
3.3499999999999996,3.3499999999999996,3.3499999999999996,4905.937537472694,1790.282809459708,1349.5759813288273,16
3.3499999999999996,3.3499999999999996,3.3499999999999996,4583.647074392187,1672.6720426493594,1260.9169911434637,16
3.3499999999999996,3.3499999999999996,3.3499999999999996,4594.2986487740945,1676.5590327229083,1263.847136266462,16
3.3499999999999996,3.3499999999999996,3.3499999999999996,4397.894441541252,1604.8868858134194,1209.8182378777717,16
3.3499999999999996,3.3499999999999996,3.3499999999999996,5406.178395022164,1972.8315274202628,1487.1874044403994,16
3.3499999999999996,3.3499999999999996,3.3499999999999996,5108.866377588932,1864.3359361513408,1405.3997431374362,16
3.3499999999999996,3.3499999999999996,3.3499999999999996,5106.6407418499675,1863.523753490401,1404.7874922651927,16
3.3499999999999996,3.3499999999999996,3.3499999999999996,4870.81058363223,1777.464223587198,1339.9128959678262,16
3.3499999999999996,3.3499999999999996,3.3499999999999996,5000.287081850996,1824.7130006495963,1375.5306287269411,16
3.3499999999999996,3.3499999999999996,3.3499999999999996,4633.076362183734,1690.7098597925897,1274.5145102859574,16
3.3499999999999996,3.3499999999999996,3.3499999999999996,4520.753200802855,1649.7207066718288,1243.6154946363101,16
3.3499999999999996,3.3499999999999996,3.3499999999999996,4766.23070588265,1739.300762287419,1311.1439827757831,16
3.3499999999999996,3.3499999999999996,3.3499999999999996,4463.563077464723,1628.850792633771,1227.8830446740278,16
3.3499999999999996,3.3499999999999996,3.3499999999999996,4811.592381950327,1755.8542198583602,1323.622541262545,16
3.3499999999999996,3.3499999999999996,3.3499999999999996,4526.921798014398,1651.9717613299758,1245.3124160853915,16
3.3499999999999996,3.3499999999999996,3.3499999999999996,4934.252704438058,1800.6156268422933,1357.3652099832661,16
3.3499999999999996,3.3499999999999996,3.3499999999999996,5075.125151704676,1852.0230324078084,1396.117858138664,16
3.3499999999999996,3.3499999999999996,3.3499999999999996,4580.694524944163,1671.5945934400074,1260.1047733383443,16
3.3499999999999996,3.3499999999999996,3.3499999999999996,4925.083951205915,1797.269750305891,1354.842974621255,16
3.3499999999999996,3.3499999999999996,3.3499999999999996,4650.03520325877,1696.8985080199861,1279.1797234916335,16
3.3499999999999996,3.3499999999999996,3.3499999999999996,4852.025905300517,1770.609287819748,1334.7454125867541,16
3.3499999999999996,3.3499999999999996,3.3499999999999996,5135.915626479284,1874.206792624197,1412.8407299695295,16
3.3499999999999996,3.3499999999999996,3.3499999999999996,4842.50707920261,1767.1356621163727,1332.1268755642059,16
3.3499999999999996,3.3499999999999996,3.3499999999999996,4959.6721787790275,1809.8917433012857,1364.3578615950207,16
3.3499999999999996,3.3499999999999996,3.3499999999999996,4723.184158558762,1723.5921453121919,1299.3022938215897,16
3.3499999999999996,3.3499999999999996,3.3499999999999996,4004.7528646842793,1467.9665975667453,1103.9796155320655,17
3.3499999999999996,3.3499999999999996,3.3499999999999996,4627.483409119103,1696.232278222409,1275.6460954009626,17
3.3499999999999996,3.3499999999999996,3.3499999999999996,4253.390856900678,1559.1063706794387,1172.5209923232062,17
3.3499999999999996,3.3499999999999996,3.3499999999999996,4900.804032794914,1796.4196204977313,1350.9916678340305,17
3.3499999999999996,3.3499999999999996,3.3499999999999996,4714.05768070807,1727.9666057066331,1299.5117955560434,17
3.3499999999999996,3.3499999999999996,3.3499999999999996,4638.621109803469,1700.3148703649917,1278.716395850178,17
3.3499999999999996,3.3499999999999996,3.3499999999999996,4723.238417903208,1731.3318609418186,1302.042625063244,17
3.3499999999999996,3.3499999999999996,3.3499999999999996,5039.247837432834,1847.167041803227,1389.1561047871253,17
3.3499999999999996,3.3499999999999996,3.3499999999999996,5105.531670974468,1871.4637854190069,1407.4283936253662,17
3.3499999999999996,3.3499999999999996,3.3499999999999996,5216.208114060067,1912.0329109248235,1437.9382755617958,17
3.3499999999999996,3.3499999999999996,3.3499999999999996,4291.081785923841,1572.922210684244,1182.9111509017728,17
3.3499999999999996,3.3499999999999996,3.3499999999999996,4654.010105361314,1705.955800582742,1282.9586394975186,17
3.3499999999999996,3.3499999999999996,3.3499999999999996,4281.13129719149,1569.274798326451,1180.1681260270125,17
3.3499999999999996,3.3499999999999996,3.3499999999999996,3991.667420470325,1463.1700481492271,1100.3723857826897,17
3.3499999999999996,3.3499999999999996,3.3499999999999996,4290.25907111784,1572.6206395523063,1182.6843552901807,17
3.3499999999999996,3.3499999999999996,3.3499999999999996,5016.526800924398,1838.8385072385583,1382.892656830006,17
3.3499999999999996,3.3499999999999996,3.3499999999999996,4358.848536311205,1597.7625265178494,1201.5922314993386,17
3.3499999999999996,3.3499999999999996,3.3499999999999996,4109.48740494486,1506.357682337507,1132.851508853982,17
3.3499999999999996,3.3499999999999996,3.3499999999999996,3967.156156325545,1454.1852947213752,1093.6154305145167,17
3.3499999999999996,3.3499999999999996,3.3499999999999996,4184.9051429854835,1534.0025143779485,1153.641716954114,17
3.3499999999999996,3.3499999999999996,3.3499999999999996,4095.7859550896937,1501.3353322936407,1129.0744664609974,17
3.3499999999999996,3.3499999999999996,3.3499999999999996,4887.532015728068,1791.5546816626102,1347.3330060404405,17
3.3499999999999996,3.3499999999999996,3.3499999999999996,4410.2372137958455,1616.5993597980798,1215.7584121174946,17
3.3499999999999996,3.3499999999999996,3.3499999999999996,4666.542638755358,1710.549677165635,1286.4134497855664,17
3.3499999999999996,3.3499999999999996,3.3499999999999996,4595.759432736243,1684.603661115294,1266.900830853144,17
3.3499999999999996,3.3499999999999996,3.3499999999999996,3918.2922024508166,1436.2739142849694,1080.1452337671196,17
3.3499999999999996,3.3499999999999996,3.3499999999999996,3948.1704465355665,1447.2259669564685,1088.3816901807807,17
3.3499999999999996,3.3499999999999996,3.3499999999999996,4524.55564453659,1658.503478100494,1247.2722711449344,17
3.3499999999999996,3.3499999999999996,3.3499999999999996,4236.040633234354,1552.7465403320844,1167.738102117557,17
3.3499999999999996,3.3499999999999996,3.3499999999999996,4328.082379895995,1586.485004164019,1193.111006645195,17
3.3499999999999996,3.3499999999999996,3.3499999999999996,3941.7529041210555,1444.8735776277679,1086.6125832603739,17
3.3499999999999996,3.3499999999999996,3.3499999999999996,3912.895022096877,1434.2955448953144,1078.6574073534991,17
3.3499999999999996,3.3499999999999996,3.3499999999999996,4154.128671793575,1522.721211079784,1145.1576486527972,17
3.3499999999999996,3.3499999999999996,3.3499999999999996,4837.001881699848,1773.0325527247376,1333.4034978230452,17
3.3499999999999996,3.3499999999999996,3.3499999999999996,4285.228121464735,1570.7765142605995,1181.2974867238888,17
3.3499999999999996,3.3499999999999996,3.3499999999999996,4905.937537472694,1798.3013379594724,1352.4068074723548,17
3.3499999999999996,3.3499999999999996,3.3499999999999996,4583.647074392187,1680.1638022606744,1263.5618491082837,17
3.3499999999999996,3.3499999999999996,3.3499999999999996,4594.2986487740945,1684.0682018409893,1266.4981404072166,17
3.3499999999999996,3.3499999999999996,3.3499999999999996,4397.894441541252,1612.0750413186804,1212.3559127801727,17
3.3499999999999996,3.3499999999999996,3.3499999999999996,5406.178395022164,1981.6676765159611,1490.3068797741778,17
3.3499999999999996,3.3499999999999996,3.3499999999999996,5108.866377588932,1872.686142475265,1408.347663365732,17
3.3499999999999996,3.3499999999999996,3.3499999999999996,5106.6407418499675,1871.8703221154215,1407.7341282562168,17
3.3499999999999996,3.3499999999999996,3.3499999999999996,4870.81058363223,1785.4253387019912,1342.723453141659,17
3.3499999999999996,3.3499999999999996,3.3499999999999996,5000.287081850996,1832.8857391254876,1378.415896484292,17
3.3499999999999996,3.3499999999999996,3.3499999999999996,4633.076362183734,1698.282409293677,1277.1878899592311,17
3.3499999999999996,3.3499999999999996,3.3499999999999996,4520.753200802855,1657.109669149266,1246.2240615517107,17
3.3499999999999996,3.3499999999999996,3.3499999999999996,4766.23070588265,1747.0909464183114,1313.8941952245227,17
3.3499999999999996,3.3499999999999996,3.3499999999999996,4463.563077464723,1636.1462804938917,1230.4586117203792,17
3.3499999999999996,3.3499999999999996,3.3499999999999996,4811.592381950327,1763.7185455553788,1326.3989283247095,17
3.3499999999999996,3.3499999999999996,3.3499999999999996,4526.921798014398,1659.370806094879,1247.924542407352,17
3.3499999999999996,3.3499999999999996,3.3499999999999996,4934.252704438058,1808.6804351757391,1360.2123745563588,17
3.3499999999999996,3.3499999999999996,3.3499999999999996,5075.125151704676,1860.3180902551567,1399.046308990593,17
3.3499999999999996,3.3499999999999996,3.3499999999999996,4580.694524944163,1679.0815272455084,1262.747927621839,17
3.3499999999999996,3.3499999999999996,3.3499999999999996,4925.083951205915,1805.3195727353097,1357.6848486364963,17
3.3499999999999996,3.3499999999999996,3.3499999999999996,4650.03520325877,1704.4987759641724,1281.8628887625248,17
3.3499999999999996,3.3499999999999996,3.3499999999999996,4852.025905300517,1778.5397002447066,1337.5451306175867,17
3.3499999999999996,3.3499999999999996,3.3499999999999996,5135.915626479284,1882.601209697131,1415.804258166809,17
3.3499999999999996,3.3499999999999996,3.3499999999999996,4842.50707920261,1775.0505164593612,1334.9211010379954,17
3.3499999999999996,3.3499999999999996,3.3499999999999996,4959.6721787790275,1817.998098592453,1367.2196937239003,17
3.3499999999999996,3.3499999999999996,3.3499999999999996,4723.184158558762,1731.311971848048,1302.0276675334683,17
3.3499999999999996,3.3499999999999996,3.3499999999999996,4004.7528646842793,1468.6347959794402,1104.219167474714,18
3.3499999999999996,3.3499999999999996,3.3499999999999996,4627.483409119103,1697.0043800656995,1275.9228971606922,18
3.3499999999999996,3.3499999999999996,3.3499999999999996,4253.390856900678,1559.8160546762253,1172.7754170223177,18
3.3499999999999996,3.3499999999999996,3.3499999999999996,4900.804032794914,1797.2373262554368,1351.2848187889738,18
3.3499999999999996,3.3499999999999996,3.3499999999999996,4714.05768070807,1728.7531525838147,1299.7937759212061,18
3.3499999999999996,3.3499999999999996,3.3499999999999996,4638.621109803469,1701.0888305486517,1278.9938638327496,18
3.3499999999999996,3.3499999999999996,3.3499999999999996,4723.238417903208,1732.1199396373736,1302.3251545917396,18
3.3499999999999996,3.3499999999999996,3.3499999999999996,5039.247837432834,1848.0078470963174,1389.4575370227037,18
3.3499999999999996,3.3499999999999996,3.3499999999999996,5105.531670974468,1872.315650259055,1407.7337907550668,18
3.3499999999999996,3.3499999999999996,3.3499999999999996,5216.208114060067,1912.90324227856,1438.2502930143582,18
3.3499999999999996,3.3499999999999996,3.3499999999999996,4291.081785923841,1573.6381834633344,1183.1678301558022,18
3.3499999999999996,3.3499999999999996,3.3499999999999996,4654.010105361314,1706.7323284410504,1283.2370280022565,18
3.3499999999999996,3.3499999999999996,3.3499999999999996,4281.13129719149,1569.9891108530858,1180.4242100735507,18
3.3499999999999996,3.3499999999999996,3.3499999999999996,3991.667420470325,1463.8360632379192,1100.611154994496,18
3.3499999999999996,3.3499999999999996,3.3499999999999996,4290.25907111784,1573.3364750603228,1182.9409853319523,18
3.3499999999999996,3.3499999999999996,3.3499999999999996,5016.526800924398,1839.6755214960865,1383.1927299633837,18
3.3499999999999996,3.3499999999999996,3.3499999999999996,4358.848536311205,1598.4898062705713,1201.8529643509937,18
3.3499999999999996,3.3499999999999996,3.3499999999999996,4109.48740494486,1507.0433558493949,1133.0973256932245,18
3.3499999999999996,3.3499999999999996,3.3499999999999996,3967.156156325545,1454.8472200726108,1093.852733538236,18
3.3499999999999996,3.3499999999999996,3.3499999999999996,4184.9051429854835,1534.7007714410695,1153.8920450494231,18
3.3499999999999996,3.3499999999999996,3.3499999999999996,4095.7859550896937,1502.0187197001549,1129.3194637218435,18
3.3499999999999996,3.3499999999999996,3.3499999999999996,4887.532015728068,1792.3701729663817,1347.62536310433,18
3.3499999999999996,3.3499999999999996,3.3499999999999996,4410.2372137958455,1617.3352138208966,1216.0222188810583,18
3.3499999999999996,3.3499999999999996,3.3499999999999996,4666.542638755358,1711.32829609403,1286.6925879477292,18
3.3499999999999996,3.3499999999999996,3.3499999999999996,4595.759432736243,1685.3704697703704,1267.1757349826257,18
3.3499999999999996,3.3499999999999996,3.3499999999999996,3918.2922024508166,1436.9276866196471,1080.3796139000954,18
3.3499999999999996,3.3499999999999996,3.3499999999999996,3948.1704465355665,1447.8847245164388,1088.6178575380013,18
3.3499999999999996,3.3499999999999996,3.3499999999999996,4524.55564453659,1659.2584063075471,1247.5429160838087,18
3.3499999999999996,3.3499999999999996,3.3499999999999996,4236.040633234354,1553.4533294206685,1167.9914889798965,18
3.3499999999999996,3.3499999999999996,3.3499999999999996,4328.082379895995,1587.2071505420795,1193.369899160433,18
3.3499999999999996,3.3499999999999996,3.3499999999999996,3941.7529041210555,1445.531264412137,1086.8483667400358,18
3.3499999999999996,3.3499999999999996,3.3499999999999996,3912.895022096877,1434.948416703176,1078.8914646438225,18
3.3499999999999996,3.3499999999999996,3.3499999999999996,4154.128671793575,1523.4143330472089,1145.4061357946914,18
3.3499999999999996,3.3499999999999996,3.3499999999999996,4837.001881699848,1773.8396130075462,1333.6928323304428,18
3.3499999999999996,3.3499999999999996,3.3499999999999996,4285.228121464735,1571.4915103478857,1181.5538158297968,18
3.3499999999999996,3.3499999999999996,3.3499999999999996,4905.937537472694,1799.1199002493522,1352.700265497687,18
3.3499999999999996,3.3499999999999996,3.3499999999999996,4583.647074392187,1680.928589952437,1263.836028713914,18
3.3499999999999996,3.3499999999999996,3.3499999999999996,4594.2986487740945,1684.8347667622922,1266.7729571571156,18
3.3499999999999996,3.3499999999999996,3.3499999999999996,4397.894441541252,1612.8088359333124,1212.6189812372354,18
3.3499999999999996,3.3499999999999996,3.3499999999999996,5406.178395022164,1982.5697046670998,1490.630260661985,18
3.3499999999999996,3.3499999999999996,3.3499999999999996,5108.866377588932,1873.5385637156057,1408.653259967279,18
3.3499999999999996,3.3499999999999996,3.3499999999999996,5106.6407418499675,1872.7223720054403,1408.03959172711,18
3.3499999999999996,3.3499999999999996,3.3499999999999996,4870.81058363223,1786.2380400122815,1343.0148099811454,18
3.3499999999999996,3.3499999999999996,3.3499999999999996,5000.287081850996,1833.720043764002,1378.7149982078513,18
3.3499999999999996,3.3499999999999996,3.3499999999999996,4633.076362183734,1699.0554443287235,1277.4650262721318,18
3.3499999999999996,3.3499999999999996,3.3499999999999996,4520.753200802855,1657.8639629134575,1246.494479040149,18
3.3499999999999996,3.3499999999999996,3.3499999999999996,4766.23070588265,1747.8861984350567,1314.1792964188494,18
3.3499999999999996,3.3499999999999996,3.3499999999999996,4463.563077464723,1636.8910320089294,1230.725608272343,18
3.3499999999999996,3.3499999999999996,3.3499999999999996,4811.592381950327,1764.5213662289107,1326.686742914342,18
3.3499999999999996,3.3499999999999996,3.3499999999999996,4526.921798014398,1660.1261290978293,1248.1953288822167,18
3.3499999999999996,3.3499999999999996,3.3499999999999996,4934.252704438058,1809.5037218893876,1360.5075263074914,18
3.3499999999999996,3.3499999999999996,3.3499999999999996,5075.125151704676,1861.1648817264859,1399.349887296259,18
3.3499999999999996,3.3499999999999996,3.3499999999999996,4580.694524944163,1679.8458223004159,1263.0219306150834,18
3.3499999999999996,3.3499999999999996,3.3499999999999996,4925.083951205915,1806.1413296301243,1357.9794519411405,18
3.3499999999999996,3.3499999999999996,3.3499999999999996,4650.03520325877,1705.2746406047074,1282.1410395009007,18
3.3499999999999996,3.3499999999999996,3.3499999999999996,4852.025905300517,1779.3492673061014,1337.8353638156557,18
3.3499999999999996,3.3499999999999996,3.3499999999999996,5135.915626479284,1883.4581441411042,1416.111472770848,18
3.3499999999999996,3.3499999999999996,3.3499999999999996,4842.50707920261,1775.858495291793,1335.2107648492984,18
3.3499999999999996,3.3499999999999996,3.3499999999999996,4959.6721787790275,1818.8256265796526,1367.5163659894486,18
3.3499999999999996,3.3499999999999996,3.3499999999999996,4723.184158558762,1732.1000414903583,1302.3101938163368,18
3.3499999999999996,3.3499999999999996,3.3499999999999996,4004.7528646842793,1468.701754227956,1104.2432097018861,19
3.3499999999999996,3.3499999999999996,3.3499999999999996,4627.483409119103,1697.0817501793063,1275.950677903005,19
3.3499999999999996,3.3499999999999996,3.3499999999999996,4253.390856900678,1559.8871700762643,1172.8009519286377,19
3.3499999999999996,3.3499999999999996,3.3499999999999996,4900.804032794914,1797.31926620665,1351.3142403907223,19
3.3499999999999996,3.3499999999999996,3.3499999999999996,4714.05768070807,1728.831970192882,1299.8220764055293,19
3.3499999999999996,3.3499999999999996,3.3499999999999996,4638.621109803469,1701.1663868812227,1279.0217114393959,19
3.3499999999999996,3.3499999999999996,3.3499999999999996,4723.238417903208,1732.1989107455718,1302.3535101919153,19
3.3499999999999996,3.3499999999999996,3.3499999999999996,5039.247837432834,1848.0921017857902,1389.4877897612323,19
3.3499999999999996,3.3499999999999996,3.3499999999999996,5105.531670974468,1872.4010131940424,1407.7644414235142,19
3.3499999999999996,3.3499999999999996,3.3499999999999996,5216.208114060067,1912.990455689976,1438.2816081203575,19
3.3499999999999996,3.3499999999999996,3.3499999999999996,4291.081785923841,1573.7099290442302,1183.1935913367288,19
3.3499999999999996,3.3499999999999996,3.3499999999999996,4654.010105361314,1706.8101420729415,1283.2649679955584,19
3.3499999999999996,3.3499999999999996,3.3499999999999996,4281.13129719149,1570.0606900648404,1180.4499115174801,19
3.3499999999999996,3.3499999999999996,3.3499999999999996,3991.667420470325,1463.9028027017916,1100.635118664206,19
3.3499999999999996,3.3499999999999996,3.3499999999999996,4290.25907111784,1573.4082068856774,1182.9667415737738,19
3.3499999999999996,3.3499999999999996,3.3499999999999996,5016.526800924398,1839.7593962967476,1383.2228462979092,19
3.3499999999999996,3.3499999999999996,3.3499999999999996,4358.848536311205,1598.5626848908996,1201.879132364417,19
3.3499999999999996,3.3499999999999996,3.3499999999999996,4109.48740494486,1507.1120652275335,1133.12199668619,19
3.3499999999999996,3.3499999999999996,3.3499999999999996,3967.156156325545,1454.91354971561,1093.8765500564489,19
3.3499999999999996,3.3499999999999996,3.3499999999999996,4184.9051429854835,1534.7707417808244,1153.9171688070044,19
3.3499999999999996,3.3499999999999996,3.3499999999999996,4095.7859550896937,1502.087199994224,1129.344052459204,19
3.3499999999999996,3.3499999999999996,3.3499999999999996,4887.532015728068,1792.4518910135107,1347.65470502854,19
3.3499999999999996,3.3499999999999996,3.3499999999999996,4410.2372137958455,1617.4089516442657,1216.0486954024718,19
3.3499999999999996,3.3499999999999996,3.3499999999999996,4666.542638755358,1711.406319266064,1286.720603179136,19
3.3499999999999996,3.3499999999999996,3.3499999999999996,4595.759432736243,1685.4473094687517,1267.2033252724757,19
3.3499999999999996,3.3499999999999996,3.3499999999999996,3918.2922024508166,1436.9931992722163,1080.4031370673029,19
3.3499999999999996,3.3499999999999996,3.3499999999999996,3948.1704465355665,1447.9507367241515,1088.6415600769592,19
3.3499999999999996,3.3499999999999996,3.3499999999999996,4524.55564453659,1659.3340555002703,1247.5700789071677,19
3.3499999999999996,3.3499999999999996,3.3499999999999996,4236.040633234354,1553.5241547302508,1168.016919725478,19
3.3499999999999996,3.3499999999999996,3.3499999999999996,4328.082379895995,1587.2795147616403,1193.3958824715926,19
3.3499999999999996,3.3499999999999996,3.3499999999999996,3941.7529041210555,1445.597169320494,1086.872030751769,19
3.3499999999999996,3.3499999999999996,3.3499999999999996,3912.895022096877,1435.0138391165324,1078.9149554094706,19
3.3499999999999996,3.3499999999999996,3.3499999999999996,4154.128671793575,1523.4837888137365,1145.4310747880838,19
3.3499999999999996,3.3499999999999996,3.3499999999999996,4837.001881699848,1773.9204862062204,1333.7218709008623,19
3.3499999999999996,3.3499999999999996,3.3499999999999996,4285.228121464735,1571.563158057295,1181.5795418686976,19
3.3499999999999996,3.3499999999999996,3.3499999999999996,4905.937537472694,1799.2019260312006,1352.729717918037,19
3.3499999999999996,3.3499999999999996,3.3499999999999996,4583.647074392187,1681.0052271358752,1263.8635462881473,19
3.3499999999999996,3.3499999999999996,3.3499999999999996,4594.2986487740945,1684.9115820368104,1266.8005386772604,19
3.3499999999999996,3.3499999999999996,3.3499999999999996,4397.894441541252,1612.8823673892873,1212.6453836597616,19
3.3499999999999996,3.3499999999999996,3.3499999999999996,5406.178395022164,1982.6600943237709,1490.66271624002,19
3.3499999999999996,3.3499999999999996,3.3499999999999996,5108.866377588932,1873.6239824058723,1408.683930655382,19
3.3499999999999996,3.3499999999999996,3.3499999999999996,5106.6407418499675,1872.8077534837546,1408.0702490537797,19
3.3499999999999996,3.3499999999999996,3.3499999999999996,4870.81058363223,1786.3194784821576,1343.0440515195182,19
3.3499999999999996,3.3499999999999996,3.3499999999999996,5000.287081850996,1833.8036470415047,1378.7450170484674,19
3.3499999999999996,3.3499999999999996,3.3499999999999996,4633.076362183734,1699.132907954803,1277.4928405913101,19
3.3499999999999996,3.3499999999999996,3.3499999999999996,4520.753200802855,1657.939548530479,1246.521619035829,19
3.3499999999999996,3.3499999999999996,3.3499999999999996,4766.23070588265,1747.9658883612194,1314.207910119934,19
3.3499999999999996,3.3499999999999996,3.3499999999999996,4463.563077464723,1636.9656614245023,1230.7524049314961,19
3.3499999999999996,3.3499999999999996,3.3499999999999996,4811.592381950327,1764.6018145884846,1326.7156289407749,19
3.3499999999999996,3.3499999999999996,3.3499999999999996,4526.921798014398,1660.2018178519181,1248.2225059105967,19
3.3499999999999996,3.3499999999999996,3.3499999999999996,4934.252704438058,1809.5862210922055,1360.5371487157781,19
3.3499999999999996,3.3499999999999996,3.3499999999999996,5075.125151704676,1861.2497362737292,1399.3803554214971,19
3.3499999999999996,3.3499999999999996,3.3499999999999996,4580.694524944163,1679.9224101181262,1263.0494304639128,19
3.3499999999999996,3.3499999999999996,3.3499999999999996,4925.083951205915,1806.22367553418,1358.0090193055198,19
3.3499999999999996,3.3499999999999996,3.3499999999999996,4650.03520325877,1705.3523877774467,1282.1689556311824,19
3.3499999999999996,3.3499999999999996,3.3499999999999996,4852.025905300517,1779.4303917018754,1337.8644925816504,19
3.3499999999999996,3.3499999999999996,3.3499999999999996,5135.915626479284,1883.5440150865759,1416.1423058470464,19
3.3499999999999996,3.3499999999999996,3.3499999999999996,4842.50707920261,1775.9394605356927,1335.2398364697497,19
3.3499999999999996,3.3499999999999996,3.3499999999999996,4959.6721787790275,1818.9085507883428,1367.5461410016035,19
3.3499999999999996,3.3499999999999996,3.3499999999999996,4723.184158558762,1732.1790116913567,1302.338549090771,19
3.3499999999999996,3.3499999999999996,3.3499999999999996,4004.7528646842793,1468.708451438903,1104.2456147973198,20
3.3499999999999996,3.3499999999999996,3.3499999999999996,4627.483409119103,1697.0894887922982,1275.9534569856576,20
3.3499999999999996,3.3499999999999996,3.3499999999999996,4253.390856900678,1559.8942830884214,1172.8035063461691,20
3.3499999999999996,3.3499999999999996,3.3499999999999996,4900.804032794914,1797.3274618980024,1351.31718361888,20
3.3499999999999996,3.3499999999999996,3.3499999999999996,4714.05768070807,1728.839853585384,1299.8249074812488,20
3.3499999999999996,3.3499999999999996,3.3499999999999996,4638.621109803469,1701.1741441199656,1279.024497210909,20
3.3499999999999996,3.3499999999999996,3.3499999999999996,4723.238417903208,1732.2068094911644,1302.3563467812212,20
3.3499999999999996,3.3499999999999996,3.3499999999999996,5039.247837432834,1848.1005289988857,1389.4908161332382,20
3.3499999999999996,3.3499999999999996,3.3499999999999996,5105.531670974468,1872.409551254631,1407.7675076029568,20
3.3499999999999996,3.3499999999999996,3.3499999999999996,5216.208114060067,1912.999178836514,1438.2847407676732,20
3.3499999999999996,3.3499999999999996,3.3499999999999996,4291.081785923841,1573.7171050875177,1183.1961683899342,20
3.3499999999999996,3.3499999999999996,3.3499999999999996,4654.010105361314,1706.817925046943,1283.267763009091,20
3.3499999999999996,3.3499999999999996,3.3499999999999996,4281.13129719149,1570.0678494677695,1180.4524825948176,20
3.3499999999999996,3.3499999999999996,3.3499999999999996,3991.667420470325,1463.9094780297457,1100.6375159010413,20
3.3499999999999996,3.3499999999999996,3.3499999999999996,4290.25907111784,1573.4153815531263,1182.9693181328894,20
3.3499999999999996,3.3499999999999996,3.3499999999999996,5016.526800924398,1839.767785513097,1383.225859024564,20
3.3499999999999996,3.3499999999999996,3.3499999999999996,4358.848536311205,1598.569974261586,1201.8817501156398,20
3.3499999999999996,3.3499999999999996,3.3499999999999996,4109.48740494486,1507.1189375876934,1133.1244646810262,20
3.3499999999999996,3.3499999999999996,3.3499999999999996,3967.156156325545,1454.9201840529927,1093.8789325727928,20
3.3499999999999996,3.3499999999999996,3.3499999999999996,4184.9051429854835,1534.7777402632496,1153.9196820947368,20
3.3499999999999996,3.3499999999999996,3.3499999999999996,4095.7859550896937,1502.0940494412343,1129.3465122254938,20
3.3499999999999996,3.3499999999999996,3.3499999999999996,4887.532015728068,1792.4600645098606,1347.657640286052,20
3.3499999999999996,3.3499999999999996,3.3499999999999996,4410.2372137958455,1617.4163269530422,1216.0513440156924,20
3.3499999999999996,3.3499999999999996,3.3499999999999996,4666.542638755358,1711.4141231984167,1286.7234057192097,20
3.3499999999999996,3.3499999999999996,3.3499999999999996,4595.759432736243,1685.4549950292405,1267.2060853029684,20
3.3499999999999996,3.3499999999999996,3.3499999999999996,3918.2922024508166,1436.9997518936434,1080.4054902378982,20
3.3499999999999996,3.3499999999999996,3.3499999999999996,3948.1704465355665,1447.9573393114345,1088.64393119124,20
3.3499999999999996,3.3499999999999996,3.3499999999999996,4524.55564453659,1659.3416219855485,1247.5727961754951,20
3.3499999999999996,3.3499999999999996,3.3499999999999996,4236.040633234354,1553.5312387273568,1168.0194637231536,20
3.3499999999999996,3.3499999999999996,3.3499999999999996,4328.082379895995,1587.2867526816012,1193.3984817458843,20
3.3499999999999996,3.3499999999999996,3.3499999999999996,3941.7529041210555,1445.6037611756205,1086.8743980119293,20
3.3499999999999996,3.3499999999999996,3.3499999999999996,3912.895022096877,1435.0203827121707,1078.9173053387342,20
3.3499999999999996,3.3499999999999996,3.3499999999999996,4154.128671793575,1523.4907358281862,1145.4335695926911,20
3.3499999999999996,3.3499999999999996,3.3499999999999996,4837.001881699848,1773.9285752002356,1333.7247758119838,20
3.3499999999999996,3.3499999999999996,3.3499999999999996,4285.228121464735,1571.5703243114076,1181.5821154064245,20
3.3499999999999996,3.3499999999999996,3.3499999999999996,4905.937537472694,1799.210130307393,1352.7326642291744,20
3.3499999999999996,3.3499999999999996,3.3499999999999996,4583.647074392187,1681.0128924406777,1263.8662990444393,20
3.3499999999999996,3.3499999999999996,3.3499999999999996,4594.2986487740945,1684.9192651544079,1266.8032978304645,20
3.3499999999999996,3.3499999999999996,3.3499999999999996,4397.894441541252,1612.8897220570525,1212.6480248604037,20
3.3499999999999996,3.3499999999999996,3.3499999999999996,5406.178395022164,1982.6691351605857,1490.6659629759376,20
3.3499999999999996,3.3499999999999996,3.3499999999999996,5108.866377588932,1873.632526043143,1408.686998837517,20
3.3499999999999996,3.3499999999999996,3.3499999999999996,5106.6407418499675,1872.8162933990595,1408.0733158992862,20
3.3499999999999996,3.3499999999999996,3.3499999999999996,4870.81058363223,1786.3276240149949,1343.0469767348031,20
3.3499999999999996,3.3499999999999996,3.3499999999999996,5000.287081850996,1833.8120090999175,1378.7480200221914,20
3.3499999999999996,3.3499999999999996,3.3499999999999996,4633.076362183734,1699.1406559209777,1277.4956230328685,20
3.3499999999999996,3.3499999999999996,3.3499999999999996,4520.753200802855,1657.9471086568715,1246.5243340205593,20
3.3499999999999996,3.3499999999999996,3.3499999999999996,4766.23070588265,1747.9738590034888,1314.2107725286999,20
3.3499999999999996,3.3499999999999996,3.3499999999999996,4463.563077464723,1636.9731259109556,1230.7550855701115,20
3.3499999999999996,3.3499999999999996,3.3499999999999996,4811.592381950327,1764.6098610897957,1326.7185185919607,20
3.3499999999999996,3.3499999999999996,3.3499999999999996,4526.921798014398,1660.209388294152,1248.225224599942,20
3.3499999999999996,3.3499999999999996,3.3499999999999996,4934.252704438058,1809.5944727202955,1360.54011203188,20
3.3499999999999996,3.3499999999999996,3.3499999999999996,5075.125151704676,1861.2582234850192,1399.3834033399921,20
3.3499999999999996,3.3499999999999996,3.3499999999999996,4580.694524944163,1679.930070485334,1263.0521814470205,20
3.3499999999999996,3.3499999999999996,3.3499999999999996,4925.083951205915,1806.2319118292207,1358.0119771152322,20
3.3499999999999996,3.3499999999999996,3.3499999999999996,4650.03520325877,1705.3601641041566,1282.1717482575466,20
3.3499999999999996,3.3499999999999996,3.3499999999999996,4852.025905300517,1779.4385058208006,1337.8674065156033,20
3.3499999999999996,3.3499999999999996,3.3499999999999996,5135.915626479284,1883.5526039587287,1416.145390273885,20
3.3499999999999996,3.3499999999999996,3.3499999999999996,4842.50707920261,1775.947558736136,1335.2427446870738,20
3.3499999999999996,3.3499999999999996,3.3499999999999996,4959.6721787790275,1818.9168449258175,1367.5491195836307,20
3.3499999999999996,3.3499999999999996,3.3499999999999996,4723.184158558762,1732.1869103462104,1302.3413856474904,20
3.3499999999999996,3.3499999999999996,3.3499999999999996,4004.7528646842793,1468.7091211738614,1104.2458553155925,21
3.3499999999999996,3.3499999999999996,3.3499999999999996,4627.483409119103,1697.090262669616,1275.9537349040097,21
3.3499999999999996,3.3499999999999996,3.3499999999999996,4253.390856900678,1559.8949944043604,1172.8037617971936,21
3.3499999999999996,3.3499999999999996,3.3499999999999996,4900.804032794914,1797.3282814841023,1351.3174779523786,21
3.3499999999999996,3.3499999999999996,3.3499999999999996,4714.05768070807,1728.8406419409528,1299.8251905990965,21
3.3499999999999996,3.3499999999999996,3.3499999999999996,4638.621109803469,1701.1749198598973,1279.0247757981715,21
3.3499999999999996,3.3499999999999996,3.3499999999999996,4723.238417903208,1732.207599382074,1302.356630450447,21
3.3499999999999996,3.3499999999999996,3.3499999999999996,5039.247837432834,1848.1013717376397,1389.4911187814234,21
3.3499999999999996,3.3499999999999996,3.3499999999999996,5105.531670974468,1872.4104050783628,1407.7678142320299,21
3.3499999999999996,3.3499999999999996,3.3499999999999996,5216.208114060067,1913.000051169224,1438.2850540437753,21
3.3499999999999996,3.3499999999999996,3.3499999999999996,4291.081785923841,1573.7178227067006,1183.1964261046087,21
3.3499999999999996,3.3499999999999996,3.3499999999999996,4654.010105361314,1706.8187033604538,1283.2680425205886,21
3.3499999999999996,3.3499999999999996,3.3499999999999996,4281.13129719149,1570.0685654228823,1180.452739711883,21
3.3499999999999996,3.3499999999999996,3.3499999999999996,3991.667420470325,1463.9101455763591,1100.6377556334262,21
3.3499999999999996,3.3499999999999996,3.3499999999999996,4290.25907111784,1573.4160990347223,1182.9695757981533,21
3.3499999999999996,3.3499999999999996,3.3499999999999996,5016.526800924398,1839.7686244520976,1383.226160308164,21
3.3499999999999996,3.3499999999999996,3.3499999999999996,4358.848536311205,1598.570703213743,1201.882011900263,21
3.3499999999999996,3.3499999999999996,3.3499999999999996,4109.48740494486,1507.1196248379351,1133.1247114894675,21
3.3499999999999996,3.3499999999999996,3.3499999999999996,3967.156156325545,1454.9208475004643,1093.8791708330743,21
3.3499999999999996,3.3499999999999996,3.3499999999999996,4184.9051429854835,1534.7784401259785,1153.9199334326322,21
3.3499999999999996,3.3499999999999996,3.3499999999999996,4095.7859550896937,1502.094734400114,1129.3467582110507,21
3.3499999999999996,3.3499999999999996,3.3499999999999996,4887.532015728068,1792.4608818764143,1347.6579338224576,21
3.3499999999999996,3.3499999999999996,3.3499999999999996,4410.2372137958455,1617.4170644991866,1216.051608886628,21
3.3499999999999996,3.3499999999999996,3.3499999999999996,4666.542638755358,1711.4149036078065,1286.723685983389,21
3.3499999999999996,3.3499999999999996,3.3499999999999996,4595.759432736243,1685.455763601199,1267.2063613160356,21
3.3499999999999996,3.3499999999999996,3.3499999999999996,3918.2922024508166,1437.0004071693504,1080.4057255634987,21
3.3499999999999996,3.3499999999999996,3.3499999999999996,3948.1704465355665,1447.9579995838303,1088.6441683112744,21
3.3499999999999996,3.3499999999999996,3.3499999999999996,4524.55564453659,1659.3423786497392,1247.5730679121905,21
3.3499999999999996,3.3499999999999996,3.3499999999999996,4236.040633234354,1553.5319471417308,1168.0197181321555,21
3.3499999999999996,3.3499999999999996,3.3499999999999996,4328.082379895995,1587.2874764885792,1193.3987416827476,21
3.3499999999999996,3.3499999999999996,3.3499999999999996,3941.7529041210555,1445.6044203747779,1086.8746347465376,21
3.3499999999999996,3.3499999999999996,3.3499999999999996,3912.895022096877,1435.02103708528,1078.9175403401894,21
3.3499999999999996,3.3499999999999996,3.3499999999999996,4154.128671793575,1523.4914305440118,1145.4338190822073,21
3.3499999999999996,3.3499999999999996,3.3499999999999996,4837.001881699848,1773.929384116381,1333.7250663136401,21
3.3499999999999996,3.3499999999999996,3.3499999999999996,4285.228121464735,1571.5710409516525,1181.5823727695379,21
3.3499999999999996,3.3499999999999996,3.3499999999999996,4905.937537472694,1799.2109507519947,1352.7329588709817,21
3.3499999999999996,3.3499999999999996,3.3499999999999996,4583.647074392187,1681.0136589870244,1263.8665743300598,21
3.3499999999999996,3.3499999999999996,3.3499999999999996,4594.2986487740945,1684.9200334820716,1266.8035737557996,21
3.3499999999999996,3.3499999999999996,3.3499999999999996,4397.894441541252,1612.8904575390532,1212.6482889900542,21
3.3499999999999996,3.3499999999999996,3.3499999999999996,5406.178395022164,1982.6700392629812,1490.6662876613143,21
3.3499999999999996,3.3499999999999996,3.3499999999999996,5108.866377588932,1873.6333804245553,1408.6873056668667,21
3.3499999999999996,3.3499999999999996,3.3499999999999996,5106.6407418499675,1872.8171474082676,1408.073622594968,21
3.3499999999999996,3.3499999999999996,3.3499999999999996,4870.81058363223,1786.3284385851398,1343.0472692669491,21
3.3499999999999996,3.3499999999999996,3.3499999999999996,5000.287081850996,1833.812845323069,1378.7483203304635,21
3.3499999999999996,3.3499999999999996,3.3499999999999996,4633.076362183734,1699.141430733633,1277.495901287123,21
3.3499999999999996,3.3499999999999996,3.3499999999999996,4520.753200802855,1657.9478646851599,1246.5246055288872,21
3.3499999999999996,3.3499999999999996,3.3499999999999996,4766.23070588265,1747.9746560842148,1314.211058779966,21
3.3499999999999996,3.3499999999999996,3.3499999999999996,4463.563077464723,1636.973872375052,1230.7553536437028,21
3.3499999999999996,3.3499999999999996,3.3499999999999996,4811.592381950327,1764.6106657565826,1326.7188075675679,21
3.3499999999999996,3.3499999999999996,3.3499999999999996,4526.921798014398,1660.210145354046,1248.2254964787444,21
3.3499999999999996,3.3499999999999996,3.3499999999999996,4934.252704438058,1809.5952979001852,1360.5404083742453,21
3.3499999999999996,3.3499999999999996,3.3499999999999996,5075.125151704676,1861.2590722237162,1399.3837081429044,21
3.3499999999999996,3.3499999999999996,3.3499999999999996,4580.694524944163,1679.9308365379113,1263.0524565553164,21
3.3499999999999996,3.3499999999999996,3.3499999999999996,4925.083951205915,1806.2327354757738,1358.012272906939,21
3.3499999999999996,3.3499999999999996,3.3499999999999996,4650.03520325877,1705.3609417529244,1282.172027530319,21
3.3499999999999996,3.3499999999999996,3.3499999999999996,4852.025905300517,1779.4393172494892,1337.8676979195754,21
3.3499999999999996,3.3499999999999996,3.3499999999999996,5135.915626479284,1883.5534628637226,1416.1456987277643,21
3.3499999999999996,3.3499999999999996,3.3499999999999996,4842.50707920261,1775.9483685729433,1335.2430355193621,21
3.3499999999999996,3.3499999999999996,3.3499999999999996,4959.6721787790275,1818.9176743567334,1367.5494174526448,21
3.3499999999999996,3.3499999999999996,3.3499999999999996,4723.184158558762,1732.1877002280464,1302.341669313458,21
3.3499999999999996,3.3499999999999996,3.3499999999999996,4004.7528646842793,1468.7091881474953,1104.245879367507,22
3.3499999999999996,3.3499999999999996,3.3499999999999996,4627.483409119103,1697.0903400575082,1275.9537626959461,22
3.3499999999999996,3.3499999999999996,3.3499999999999996,4253.390856900678,1559.8950655361018,1172.803787342389,22
3.3499999999999996,3.3499999999999996,3.3499999999999996,4900.804032794914,1797.3283634428815,1351.3175073858356,22
3.3499999999999996,3.3499999999999996,3.3499999999999996,4714.05768070807,1728.8407207766727,1299.8252189109842,22
3.3499999999999996,3.3499999999999996,3.3499999999999996,4638.621109803469,1701.174997434051,1279.0248036569988,22
3.3499999999999996,3.3499999999999996,3.3499999999999996,4723.238417903208,1732.2076783713285,1302.3566588174733,22
3.3499999999999996,3.3499999999999996,3.3499999999999996,5039.247837432834,1848.1014560116892,1389.4911490463514,22
3.3499999999999996,3.3499999999999996,3.3499999999999996,5105.531670974468,1872.4104904609133,1407.7678448950492,22
3.3499999999999996,3.3499999999999996,3.3499999999999996,5216.208114060067,1913.0001384026762,1438.285085371499,22
3.3499999999999996,3.3499999999999996,3.3499999999999996,4291.081785923841,1573.7178944687673,1183.1964518761695,22
3.3499999999999996,3.3499999999999996,3.3499999999999996,4654.010105361314,1706.8187811919656,1283.2680704718398,22
3.3499999999999996,3.3499999999999996,3.3499999999999996,4281.13129719149,1570.068637018542,1180.452765423683,22
3.3499999999999996,3.3499999999999996,3.3499999999999996,3991.667420470325,1463.9102123311584,1100.6377796067516,22
3.3499999999999996,3.3499999999999996,3.3499999999999996,4290.25907111784,1573.4161707830308,1182.969601564773,22
3.3499999999999996,3.3499999999999996,3.3499999999999996,5016.526800924398,1839.7687083461715,1383.2261904366335,22
3.3499999999999996,3.3499999999999996,3.3499999999999996,4358.848536311205,1598.5707761091098,1201.8820380788209,22
3.3499999999999996,3.3499999999999996,3.3499999999999996,4109.48740494486,1507.1196935631017,1133.1247361704009,22
3.3499999999999996,3.3499999999999996,3.3499999999999996,3967.156156325545,1454.9209138453489,1093.8791946591896,22
3.3499999999999996,3.3499999999999996,3.3499999999999996,4184.9051429854835,1534.778510112396,1153.919958566513,22
3.3499999999999996,3.3499999999999996,3.3499999999999996,4095.7859550896937,1502.0948028961436,1129.3467828096957,22
3.3499999999999996,3.3499999999999996,3.3499999999999996,4887.532015728068,1792.460963613239,1347.6579631762042,22
3.3499999999999996,3.3499999999999996,3.3499999999999996,4410.2372137958455,1617.4171382539535,1216.0516353738174,22
3.3499999999999996,3.3499999999999996,3.3499999999999996,4666.542638755358,1711.4149816489064,1286.7237140099087,22
3.3499999999999996,3.3499999999999996,3.3499999999999996,4595.759432736243,1685.4558404585534,1267.2063889174426,22
3.3499999999999996,3.3499999999999996,3.3499999999999996,3918.2922024508166,1437.0004726970562,1080.405749096144,22
3.3499999999999996,3.3499999999999996,3.3499999999999996,3948.1704465355665,1447.958065611206,1088.6441920233642,22
3.3499999999999996,3.3499999999999996,3.3499999999999996,4524.55564453659,1659.3424543163146,1247.5730950859586,22
3.3499999999999996,3.3499999999999996,3.3499999999999996,4236.040633234354,1553.5320179833147,1168.019743573148,22
3.3499999999999996,3.3499999999999996,3.3499999999999996,4328.082379895995,1587.287548869427,1193.3987676765282,22
3.3499999999999996,3.3499999999999996,3.3499999999999996,3941.7529041210555,1445.6044862948306,1086.8746584200844,22
3.3499999999999996,3.3499999999999996,3.3499999999999996,3912.895022096877,1435.0211025227266,1078.9175638404206,22
3.3499999999999996,3.3499999999999996,3.3499999999999996,4154.128671793575,1523.491500015738,1145.4338440312492,22
3.3499999999999996,3.3499999999999996,3.3499999999999996,4837.001881699848,1773.929465008163,1333.7250953639114,22
3.3499999999999996,3.3499999999999996,3.3499999999999996,4285.228121464735,1571.5711126158253,1181.5823985059433,22
3.3499999999999996,3.3499999999999996,3.3499999999999996,4905.937537472694,1799.2110327966243,1352.73298833527,22
3.3499999999999996,3.3499999999999996,3.3499999999999996,4583.647074392187,1681.0137356418181,1263.8666018587219,22
3.3499999999999996,3.3499999999999996,3.3499999999999996,4594.2986487740945,1684.9201103149967,1266.8036013484332,22
3.3499999999999996,3.3499999999999996,3.3499999999999996,4397.894441541252,1612.8905310874047,1212.6483154031152,22
3.3499999999999996,3.3499999999999996,3.3499999999999996,5406.178395022164,1982.670129673408,1490.6663201299696,22
3.3499999999999996,3.3499999999999996,3.3499999999999996,5108.866377588932,1873.633465862873,1408.6873363499128,22
3.3499999999999996,3.3499999999999996,3.3499999999999996,5106.6407418499675,1872.817232809365,1408.0736532646479,22
3.3499999999999996,3.3499999999999996,3.3499999999999996,4870.81058363223,1786.3285200423222,1343.0472985202698,22
3.3499999999999996,3.3499999999999996,3.3499999999999996,5000.287081850996,1833.812928945557,1378.7483503613998,22
3.3499999999999996,3.3499999999999996,3.3499999999999996,4633.076362183734,1699.1415082150593,1277.4959291126493,22
3.3499999999999996,3.3499999999999996,3.3499999999999996,4520.753200802855,1657.947940288145,1246.524632679818,22
3.3499999999999996,3.3499999999999996,3.3499999999999996,4766.23070588265,1747.9747357924525,1314.2110874051964,22
3.3499999999999996,3.3499999999999996,3.3499999999999996,4463.563077464723,1636.9739470216161,1230.7553804511592,22
3.3499999999999996,3.3499999999999996,3.3499999999999996,4811.592381950327,1764.610746223428,1326.7188364652332,22
3.3499999999999996,3.3499999999999996,3.3499999999999996,4526.921798014398,1660.2102210601925,1248.2255236667231,22
3.3499999999999996,3.3499999999999996,3.3499999999999996,4934.252704438058,1809.5953804183443,1360.5404380085895,22
3.3499999999999996,3.3499999999999996,3.3499999999999996,5075.125151704676,1861.2591570977622,1399.3837386233065,22
3.3499999999999996,3.3499999999999996,3.3499999999999996,4580.694524944163,1679.9309131433279,1263.0524840662456,22
3.3499999999999996,3.3499999999999996,3.3499999999999996,4925.083951205915,1806.2328178405992,1358.0123024862169,22
3.3499999999999996,3.3499999999999996,3.3499999999999996,4650.03520325877,1705.3610195179622,1282.1720554576978,22
3.3499999999999996,3.3499999999999996,3.3499999999999996,4852.025905300517,1779.4393983925258,1337.867727060078,22
3.3499999999999996,3.3499999999999996,3.3499999999999996,5135.915626479284,1883.5535487544005,1416.145729573264,22
3.3499999999999996,3.3499999999999996,3.3499999999999996,4842.50707920261,1775.9484495567917,1335.2430646026967,22
3.3499999999999996,3.3499999999999996,3.3499999999999996,4959.6721787790275,1818.9177572999965,1367.5494472396542,22
3.3499999999999996,3.3499999999999996,3.3499999999999996,4723.184158558762,1732.187779216393,1302.3416976801577,22
3.3499999999999996,3.3499999999999996,3.3499999999999996,4004.7528646842793,1468.7091955890116,1104.245882039943,23
3.3499999999999996,3.3499999999999996,3.3499999999999996,4627.483409119103,1697.0903486561642,1275.95376578394,23
3.3499999999999996,3.3499999999999996,3.3499999999999996,4253.390856900678,1559.8950734396299,1172.8037901807447,23
3.3499999999999996,3.3499999999999996,3.3499999999999996,4900.804032794914,1797.3283725494148,1351.317510656221,23
3.3499999999999996,3.3499999999999996,3.3499999999999996,4714.05768070807,1728.840729536199,1299.8252220567504,23
3.3499999999999996,3.3499999999999996,3.3499999999999996,4638.621109803469,1701.1750060534032,1279.024806752425,23
3.3499999999999996,3.3499999999999996,3.3499999999999996,4723.238417903208,1732.2076871479142,1302.3566619693659,23
3.3499999999999996,3.3499999999999996,3.3499999999999996,5039.247837432834,1848.1014653754746,1389.4911524091228,23
3.3499999999999996,3.3499999999999996,3.3499999999999996,5105.531670974468,1872.4104999478654,1407.7678483020518,23
3.3499999999999996,3.3499999999999996,3.3499999999999996,5216.208114060067,1913.000148095284,1438.2850888523587,23
3.3499999999999996,3.3499999999999996,3.3499999999999996,4291.081785923841,1573.717902442332,1183.1964547396776,23
3.3499999999999996,3.3499999999999996,3.3499999999999996,4654.010105361314,1706.8187898399133,1283.2680735775357,23
3.3499999999999996,3.3499999999999996,3.3499999999999996,4281.13129719149,1570.0686449736168,1180.4527682805506,23
3.3499999999999996,3.3499999999999996,3.3499999999999996,3991.667420470325,1463.9102197483596,1100.637782270455,23
3.3499999999999996,3.3499999999999996,3.3499999999999996,4290.25907111784,1573.4161787550668,1182.9696044277316,23
3.3499999999999996,3.3499999999999996,3.3499999999999996,5016.526800924398,1839.768717667737,1383.2261937842422,23
3.3499999999999996,3.3499999999999996,3.3499999999999996,4358.848536311205,1598.5707842085965,1201.882040987551,23
3.3499999999999996,3.3499999999999996,3.3499999999999996,4109.48740494486,1507.1197011992328,1133.1247389127282,23
3.3499999999999996,3.3499999999999996,3.3499999999999996,3967.156156325545,1454.920921217004,1093.8791973065365,23
3.3499999999999996,3.3499999999999996,3.3499999999999996,4184.9051429854835,1534.7785178886663,1153.9199613591675,23
3.3499999999999996,3.3499999999999996,3.3499999999999996,4095.7859550896937,1502.0948105068148,1129.3467855428794,23
3.3499999999999996,3.3499999999999996,3.3499999999999996,4887.532015728068,1792.46097269511,1347.6579664377332,23
3.3499999999999996,3.3499999999999996,3.3499999999999996,4410.2372137958455,1617.4171464489295,1216.0516383168397,23
3.3499999999999996,3.3499999999999996,3.3499999999999996,4666.542638755358,1711.4149903201421,1286.7237171239678,23
3.3499999999999996,3.3499999999999996,3.3499999999999996,4595.759432736243,1685.4558489982612,1267.2063919842667,23
3.3499999999999996,3.3499999999999996,3.3499999999999996,3918.2922024508166,1437.000479977914,1080.4057517108836,23
3.3499999999999996,3.3499999999999996,3.3499999999999996,3948.1704465355665,1447.9580729475827,1088.6441946580417,23
3.3499999999999996,3.3499999999999996,3.3499999999999996,4524.55564453659,1659.3424627237134,1247.5730981052675,23
3.3499999999999996,3.3499999999999996,3.3499999999999996,4236.040633234354,1553.532025854604,1168.0197463999255,23
3.3499999999999996,3.3499999999999996,3.3499999999999996,4328.082379895995,1587.2875569117455,1193.3987705647273,23
3.3499999999999996,3.3499999999999996,3.3499999999999996,3941.7529041210555,1445.6044936192825,1086.874661050479,23
3.3499999999999996,3.3499999999999996,3.3499999999999996,3912.895022096877,1435.021109793555,1078.917566451558,23
3.3499999999999996,3.3499999999999996,3.3499999999999996,4154.128671793575,1523.4915077348203,1145.433846803366,23
3.3499999999999996,3.3499999999999996,3.3499999999999996,4837.001881699848,1773.9294739961408,1333.7250985917196,23
3.3499999999999996,3.3499999999999996,3.3499999999999996,4285.228121464735,1571.5711205785133,1181.5824013655445,23
3.3499999999999996,3.3499999999999996,3.3499999999999996,4905.937537472694,1799.2110419126964,1352.7329916090807,23
3.3499999999999996,3.3499999999999996,3.3499999999999996,4583.647074392187,1681.0137441590193,1263.8666049174635,23
3.3499999999999996,3.3499999999999996,3.3499999999999996,4594.2986487740945,1684.9201188519899,1266.8036044142827,23
3.3499999999999996,3.3499999999999996,3.3499999999999996,4397.894441541252,1612.890539259446,1212.6483183379007,23
3.3499999999999996,3.3499999999999996,3.3499999999999996,5406.178395022164,1982.670139719013,1490.6663237375992,23
3.3499999999999996,3.3499999999999996,3.3499999999999996,5108.866377588932,1873.6334753560216,1408.6873397591417,23
3.3499999999999996,3.3499999999999996,3.3499999999999996,5106.6407418499675,1872.817242298378,1408.0736566723913,23
3.3499999999999996,3.3499999999999996,3.3499999999999996,4870.81058363223,1786.3285290931228,1343.0473017706397,23
3.3499999999999996,3.3499999999999996,3.3499999999999996,5000.287081850996,1833.812938236946,1378.7483536981717,23
3.3499999999999996,3.3499999999999996,3.3499999999999996,4633.076362183734,1699.1415168241083,1277.4959322043755,23
3.3499999999999996,3.3499999999999996,3.3499999999999996,4520.753200802855,1657.947948688479,1246.5246356965893,23
3.3499999999999996,3.3499999999999996,3.3499999999999996,4766.23070588265,1747.974744648925,1314.2110905857785,23
3.3499999999999996,3.3499999999999996,3.3499999999999996,4463.563077464723,1636.9739553156808,1230.7553834297662,23
3.3499999999999996,3.3499999999999996,3.3499999999999996,4811.592381950327,1764.610755164191,1326.718839676086,23
3.3499999999999996,3.3499999999999996,3.3499999999999996,4526.921798014398,1660.2102294719882,1248.225526687611,23
3.3499999999999996,3.3499999999999996,3.3499999999999996,4934.252704438058,1809.595389587031,1360.5404413012957,23
3.3499999999999996,3.3499999999999996,3.3499999999999996,5075.125151704676,1861.2591665282137,1399.383742010019,23
3.3499999999999996,3.3499999999999996,3.3499999999999996,4580.694524944163,1679.9309216550428,1263.0524871230168,23
3.3499999999999996,3.3499999999999996,3.3499999999999996,4925.083951205915,1806.2328269922484,1358.012305772805,23
3.3499999999999996,3.3499999999999996,3.3499999999999996,4650.03520325877,1705.3610281585238,1282.1720585607409,23
3.3499999999999996,3.3499999999999996,3.3499999999999996,4852.025905300517,1779.4394074084207,1337.8677302979136,23
3.3499999999999996,3.3499999999999996,3.3499999999999996,5135.915626479284,1883.5535582978107,1416.1457330005433,23
3.3499999999999996,3.3499999999999996,3.3499999999999996,4842.50707920261,1775.948458554999,1335.2430678341796,23
3.3499999999999996,3.3499999999999996,3.3499999999999996,4959.6721787790275,1818.9177665159166,1367.549450549323,23
3.3499999999999996,3.3499999999999996,3.3499999999999996,4723.184158558762,1732.1877879928784,1302.3417008320143,23
