3.3499999999999996,3.3499999999999996,3.3499999999999996,519.0238968485006,340.0712962423681,185.77731174178882,1
3.3499999999999996,3.3499999999999996,3.3499999999999996,467.79268166677997,306.5039289964532,167.4398180511981,1
3.3499999999999996,3.3499999999999996,3.3499999999999996,521.9230200366648,341.970839956158,186.81501215515274,1
3.3499999999999996,3.3499999999999996,3.3499999999999996,540.6606142100219,354.2479585583809,193.5218707317453,1
3.3499999999999996,3.3499999999999996,3.3499999999999996,505.7750060289252,331.3904484005937,181.035057415993,1
3.3499999999999996,3.3499999999999996,3.3499999999999996,535.2820409370142,350.7238464780075,191.59668599606584,1
3.3499999999999996,3.3499999999999996,3.3499999999999996,565.5833809404971,370.5776837202511,202.44262492527892,1
3.3499999999999996,3.3499999999999996,3.3499999999999996,584.4907345626978,382.9660309502273,209.21024651151401,1
3.3499999999999996,3.3499999999999996,3.3499999999999996,535.6434621232241,350.9606544015543,191.72605163180697,1
3.3499999999999996,3.3499999999999996,3.3499999999999996,550.96086472969,360.99681842227864,197.2087006897298,1
3.3499999999999996,3.3499999999999996,3.3499999999999996,521.3244168874326,341.57862728516096,186.60075056808557,1
3.3499999999999996,3.3499999999999996,3.3499999999999996,493.4633515428044,323.32369015418993,176.62827366785882,1
3.3499999999999996,3.3499999999999996,3.3499999999999996,520.9355406914323,341.3238304774328,186.4615577973249,1
3.3499999999999996,3.3499999999999996,3.3499999999999996,453.49276461072975,297.134434915473,162.32136365066978,1
3.3499999999999996,3.3499999999999996,3.3499999999999996,460.3079621982214,301.5998421766779,164.76076787556406,1
3.3499999999999996,3.3499999999999996,3.3499999999999996,402.6977880209634,263.85289694319596,144.1400154350435,1
3.3499999999999996,3.3499999999999996,3.3499999999999996,430.87424390758895,282.31448211309333,154.22538194863262,1
3.3499999999999996,3.3499999999999996,3.3499999999999996,498.20398307743807,326.4298144016076,178.32511612118364,1
3.3499999999999996,3.3499999999999996,3.3499999999999996,493.1391086110006,323.1112419128171,176.51221546593874,1
3.3499999999999996,3.3499999999999996,3.3499999999999996,455.2716319647776,298.29997224546383,162.9580842274811,1
3.3499999999999996,3.3499999999999996,3.3499999999999996,501.11344264420507,328.33613064685744,179.36651629604526,1
3.3499999999999996,3.3499999999999996,3.3499999999999996,545.7705709865028,357.5960695707484,195.35090796647683,1
3.3499999999999996,3.3499999999999996,3.3499999999999996,489.04473361700656,320.42855346636134,175.04669146161908,1
3.3499999999999996,3.3499999999999996,3.3499999999999996,523.1772806965754,342.79264806756,187.2639571363694,1
3.3499999999999996,3.3499999999999996,3.3499999999999996,494.8867378632608,324.25631162690127,177.13775480310147,1
3.3499999999999996,3.3499999999999996,3.3499999999999996,518.0874705225682,339.45773737459933,185.44213109493947,1
3.3499999999999996,3.3499999999999996,3.3499999999999996,508.0179383932574,332.8600472401729,181.83788354325688,1
3.3499999999999996,3.3499999999999996,3.3499999999999996,484.99341487734824,317.7740760450862,173.59657883861098,1
3.3499999999999996,3.3499999999999996,3.3499999999999996,476.1008410204549,311.94754447918524,170.4136069646181,1
3.3499999999999996,3.3499999999999996,3.3499999999999996,435.81944860416405,285.5546453918161,155.99544849108077,1
3.3499999999999996,3.3499999999999996,3.3499999999999996,482.15208560028327,315.9123996633821,172.5795649437374,1
3.3499999999999996,3.3499999999999996,3.3499999999999996,516.6131952453784,338.491772786887,184.91443497260914,1
3.3499999999999996,3.3499999999999996,3.3499999999999996,497.18126327352394,325.75971491000104,177.95904793628898,1
3.3499999999999996,3.3499999999999996,3.3499999999999996,455.8555211023301,298.6825441021259,163.1670791407951,1
3.3499999999999996,3.3499999999999996,3.3499999999999996,491.5823645400037,322.09124268473516,175.95500079752784,1
3.3499999999999996,3.3499999999999996,3.3499999999999996,506.75562504757715,332.03296290294657,181.38605621630686,1
3.3499999999999996,3.3499999999999996,3.3499999999999996,463.8760500702783,303.93770036610766,166.0379147987677,1
3.3499999999999996,3.3499999999999996,3.3499999999999996,565.4260619561298,370.47460624874697,202.3863148051107,1
3.3499999999999996,3.3499999999999996,3.3499999999999996,567.5871094399835,371.89055303566334,203.15983138986607,1
3.3499999999999996,3.3499999999999996,3.3499999999999996,548.3428455936047,359.2814577874373,196.27161752237717,1
3.3499999999999996,3.3499999999999996,3.3499999999999996,483.58428240986075,316.85079388465886,173.0921996697761,1
3.3499999999999996,3.3499999999999996,3.3499999999999996,528.3057010981753,346.15285669039514,189.0996031663037,1
3.3499999999999996,3.3499999999999996,3.3499999999999996,560.672539711016,367.36003583796577,200.6848583030803,1
3.3499999999999996,3.3499999999999996,3.3499999999999996,490.3015287945557,321.2520222271168,175.49654363781525,1
3.3499999999999996,3.3499999999999996,3.3499999999999996,568.6460408810951,372.58437886911184,203.53886102153254,1
3.3499999999999996,3.3499999999999996,3.3499999999999996,506.3218622053646,331.7487557731619,181.23079690117893,1
3.3499999999999996,3.3499999999999996,3.3499999999999996,576.6545917041152,377.83168689470426,206.40540927081764,1
3.3499999999999996,3.3499999999999996,3.3499999999999996,563.9373296841583,369.4991692475583,201.85344400461483,1
3.3499999999999996,3.3499999999999996,3.3499999999999996,572.152553779929,374.88189232473036,204.79396804818143,1
3.3499999999999996,3.3499999999999996,3.3499999999999996,630.8502176192023,413.34137511430055,225.80397213430626,1
3.3499999999999996,3.3499999999999996,3.3499999999999996,649.1180504798637,425.31069991453677,232.34268624902958,1
3.3499999999999996,3.3499999999999996,3.3499999999999996,557.8946133833267,365.53990190413475,199.6905386031426,1
3.3499999999999996,3.3499999999999996,3.3499999999999996,516.5031670501361,338.41968086355473,184.8750519259864,1
3.3499999999999996,3.3499999999999996,3.3499999999999996,549.7043140971172,360.1735098906139,196.7589360449721,1
3.3499999999999996,3.3499999999999996,3.3499999999999996,587.6499602999829,385.03599728149715,210.34104697797048,1
3.3499999999999996,3.3499999999999996,3.3499999999999996,636.7182904951445,417.1862137845108,227.90436637552878,1
3.3499999999999996,3.3499999999999996,3.3499999999999996,606.594190755035,397.44850669827287,217.12186810841598,1
3.3499999999999996,3.3499999999999996,3.3499999999999996,561.8106280522701,368.105726315415,201.0922210350212,1
3.3499999999999996,3.3499999999999996,3.3499999999999996,631.8085972810878,413.96931809705853,226.14701066932204,1
3.3499999999999996,3.3499999999999996,3.3499999999999996,576.3088378341635,377.6051444032135,206.28165153080985,1
3.3499999999999996,3.3499999999999996,3.3499999999999996,522.877379746634,333.1616207457006,183.61278403072242,2
3.3499999999999996,3.3499999999999996,3.3499999999999996,471.2657993972359,300.2762858192129,165.48894405743798,2
3.3499999999999996,3.3499999999999996,3.3499999999999996,525.7980274189173,335.0225689332022,184.6383939940769,2
3.3499999999999996,3.3499999999999996,3.3499999999999996,544.6747384983314,347.0502371804178,191.26710965263962,2
3.3499999999999996,3.3499999999999996,3.3499999999999996,509.53012279304727,324.6571530991541,178.92578263546415,2
3.3499999999999996,3.3499999999999996,3.3499999999999996,539.2562321119358,343.59772911707944,189.36435561998974,2
3.3499999999999996,3.3499999999999996,3.3499999999999996,569.7825438290585,363.04816985328637,200.08392639829825,2
3.3499999999999996,3.3499999999999996,3.3499999999999996,588.8302747330653,375.18480675003235,206.7726971048211,2
3.3499999999999996,3.3499999999999996,3.3499999999999996,539.6203366627625,343.8297255027963,189.4922139914648,2
3.3499999999999996,3.3499999999999996,3.3499999999999996,555.0514630290519,353.66197158813253,194.91098363534803,2
3.3499999999999996,3.3499999999999996,3.3499999999999996,525.1949799521645,334.6383253625446,184.42662881057092,2
3.3499999999999996,3.3499999999999996,3.3499999999999996,497.1270606659719,316.7542977825436,174.57034318470446,2
3.3499999999999996,3.3499999999999996,3.3499999999999996,524.8032165523575,334.3887055964498,184.28905780194407,2
3.3499999999999996,3.3499999999999996,3.3499999999999996,456.8597128831804,291.0971640642208,160.43012576792827,2
3.3499999999999996,3.3499999999999996,3.3499999999999996,463.72550977353706,295.47184177701536,162.84110801818113,2
3.3499999999999996,3.3499999999999996,3.3499999999999996,405.68760997073747,258.4918508423401,142.46061198820968,2
3.3499999999999996,3.3499999999999996,3.3499999999999996,434.07326140991546,276.5783277214538,152.4284719285243,2
3.3499999999999996,3.3499999999999996,3.3499999999999996,501.9028889278776,319.79731082110845,176.24741539548944,2
3.3499999999999996,3.3499999999999996,3.3499999999999996,496.8004103987831,316.54616613132083,174.4556371995422,2
3.3499999999999996,3.3499999999999996,3.3499999999999996,458.65178740354276,292.2390196403604,161.05942778905165,2
3.3499999999999996,3.3499999999999996,3.3499999999999996,504.83394972100706,321.6648939336469,177.27668201369846,2
3.3499999999999996,3.3499999999999996,3.3499999999999996,549.8226340502096,350.330320220775,193.07483641763713,2
3.3499999999999996,3.3499999999999996,3.3499999999999996,492.6756367967216,313.91798539200914,173.0071883013743,2
3.3499999999999996,3.3499999999999996,3.3499999999999996,527.0616003128737,335.8276792890658,185.08210822971176,2
3.3499999999999996,3.3499999999999996,3.3499999999999996,498.5610148906743,317.6679699590078,175.073888255822,2
3.3499999999999996,3.3499999999999996,3.3499999999999996,521.9340009415301,332.5605283598762,183.28150863899558,2
3.3499999999999996,3.3499999999999996,3.3499999999999996,511.7897077654002,326.09689216755004,179.71925487885846,2
3.3499999999999996,3.3499999999999996,3.3499999999999996,488.5942391193247,311.31744247740056,171.573971223507,2
3.3499999999999996,3.3499999999999996,3.3499999999999996,479.63564251957496,305.6092962113949,168.4280847759325,2
3.3499999999999996,3.3499999999999996,3.3499999999999996,439.0551816832525,279.7526563441514,154.1779150802815,2
3.3499999999999996,3.3499999999999996,3.3499999999999996,485.7318144479174,309.4935922216279,170.56880675597924,2
3.3499999999999996,3.3499999999999996,3.3499999999999996,520.4487799360178,331.61419054430286,182.75996080715942,2
3.3499999999999996,3.3499999999999996,3.3499999999999996,500.8725759605313,319.1408266216146,175.88561234245032,2
3.3499999999999996,3.3499999999999996,3.3499999999999996,459.24001161472023,292.6138182817795,161.26598766184802,2
3.3499999999999996,3.3499999999999996,3.3499999999999996,495.23210831149675,315.54689156818654,173.90491474796596,2
3.3499999999999996,3.3499999999999996,3.3499999999999996,510.5180223986643,325.2866127898771,179.2726918802628,2
3.3499999999999996,3.3499999999999996,3.3499999999999996,467.32008884508883,297.76219862885904,164.10337465336437,2
3.3499999999999996,3.3499999999999996,3.3499999999999996,569.6240568329299,362.9471867422501,200.02827235832828,2
3.3499999999999996,3.3499999999999996,3.3499999999999996,571.8011489720907,364.33436387725453,200.79277655041327,2
3.3499999999999996,3.3499999999999996,3.3499999999999996,552.414006460453,351.98146418988443,193.98481860683745,2
3.3499999999999996,3.3499999999999996,3.3499999999999996,487.17464457504724,310.4129198541376,171.0754686747911,2
3.3499999999999996,3.3499999999999996,3.3499999999999996,532.2280965726989,339.1196141368383,186.89636678954946,2
3.3499999999999996,3.3499999999999996,3.3499999999999996,564.8352421537131,359.89589915212383,198.34663985801956,2
3.3499999999999996,3.3499999999999996,3.3499999999999996,493.94176302579376,314.72472265563056,173.45179916208298,2
3.3499999999999996,3.3499999999999996,3.3499999999999996,572.8679424292355,365.01409233931855,201.1673900338786,2
3.3499999999999996,3.3499999999999996,3.3499999999999996,510.0810390926071,325.0081802698944,179.11924152171218,2
3.3499999999999996,3.3499999999999996,3.3499999999999996,580.9359525831703,370.15478391098344,204.0005395701426,2
3.3499999999999996,3.3499999999999996,3.3499999999999996,568.1242714969574,361.99156897667496,199.50161013951163,2
3.3499999999999996,3.3499999999999996,3.3499999999999996,576.4004893653647,367.2649241943347,202.40787356364262,2
3.3499999999999996,3.3499999999999996,3.3499999999999996,635.5339528761724,404.9429751230511,223.17308599233814,2
3.3499999999999996,3.3499999999999996,3.3499999999999996,653.9374149090971,416.6691034195021,229.63561627296798,2
3.3499999999999996,3.3499999999999996,3.3499999999999996,562.0366911656546,358.1127472717099,197.3639051709341,2
3.3499999999999996,3.3499999999999996,3.3499999999999996,520.3379348385649,331.54356340733057,182.7210366200979,2
3.3499999999999996,3.3499999999999996,3.3499999999999996,553.7855831605755,352.8553912980168,194.4664592862319,2
3.3499999999999996,3.3499999999999996,3.3499999999999996,592.0129560808222,377.21271485470055,207.89032239438225,2
3.3499999999999996,3.3499999999999996,3.3499999999999996,641.4455931458507,408.70969315255525,225.24900813039224,2
3.3499999999999996,3.3499999999999996,3.3499999999999996,611.0978376090138,389.37302300333954,214.59213885465024,2
3.3499999999999996,3.3499999999999996,3.3499999999999996,565.9817802098767,360.62643845604845,198.74925632727926,2
3.3499999999999996,3.3499999999999996,3.3499999999999996,636.4994480093482,405.5581593628948,223.51212771844308,2
3.3499999999999996,3.3499999999999996,3.3499999999999996,580.5876316702887,369.9328443810472,203.87822375571335,2
3.3499999999999996,3.3499999999999996,3.3499999999999996,519.4095661235657,339.3766688699485,185.55331788110973,3
3.3499999999999996,3.3499999999999996,3.3499999999999996,468.14028274163337,305.87786610556066,167.23793391946512,3
3.3499999999999996,3.3499999999999996,3.3499999999999996,522.3108435530761,341.2723325883572,186.58976712704296,3
3.3499999999999996,3.3499999999999996,3.3499999999999996,541.0623610051207,353.52437402961476,193.28853916641788,3
3.3499999999999996,3.3499999999999996,3.3499999999999996,506.15083049694215,330.713552470355,180.81678134638761,3
3.3499999999999996,3.3499999999999996,3.3499999999999996,535.6797910944482,350.0074602771849,191.36567564831566,3
3.3499999999999996,3.3499999999999996,3.3499999999999996,566.0036470088625,369.8207442032609,202.19853750309656,3
3.3499999999999996,3.3499999999999996,3.3499999999999996,584.9250500523115,382.1837870774151,208.95799928944814,3
3.3499999999999996,3.3499999999999996,3.3499999999999996,536.0414808406372,350.2437844984389,191.49488530640843,3
3.3499999999999996,3.3499999999999996,3.3499999999999996,551.3702652959832,360.25944871715143,196.97092387073707,3
3.3499999999999996,3.3499999999999996,3.3499999999999996,521.7117956018915,340.8809210483587,186.37576387765776,3
3.3499999999999996,3.3499999999999996,3.3499999999999996,493.83002763270366,322.6632713308008,176.41531090855844,3
3.3499999999999996,3.3499999999999996,3.3499999999999996,521.3226304450139,340.6266446868987,186.2367389332362,3
3.3499999999999996,3.3499999999999996,3.3499999999999996,453.82973989613885,296.5275100909985,162.12565089880624,3
3.3499999999999996,3.3499999999999996,3.3499999999999996,460.6500016287092,300.98379634097154,164.56211390571767,3
3.3499999999999996,3.3499999999999996,3.3499999999999996,402.9970192604485,263.31395276727136,143.96622414571476,3
3.3499999999999996,3.3499999999999996,3.3499999999999996,431.19441212778275,281.7378284258429,154.0394306158596,3
3.3499999999999996,3.3499999999999996,3.3499999999999996,498.57418177186173,325.7630510294481,178.11010745924568,3
3.3499999999999996,3.3499999999999996,3.3499999999999996,493.50554376683647,322.4512570347956,176.29939263935924,3
3.3499999999999996,3.3499999999999996,3.3499999999999996,455.6099290669413,297.69066670217563,162.7616037742291,3
3.3499999999999996,3.3499999999999996,3.3499999999999996,501.48580326059175,327.665473445789,179.15025200583122,3
3.3499999999999996,3.3499999999999996,3.3499999999999996,546.1761148193442,356.8656462126522,195.11537110972984,3
3.3499999999999996,3.3499999999999996,3.3499999999999996,489.4081263799095,319.77404822995373,174.83563563433873,3
3.3499999999999996,3.3499999999999996,3.3499999999999996,523.5660362120765,342.09246207996586,187.03817081008592,3
3.3499999999999996,3.3499999999999996,3.3499999999999996,495.254471623864,323.59398783708247,176.92417775648389,3
3.3499999999999996,3.3499999999999996,3.3499999999999996,518.4724439705924,338.7643632534504,185.21854136545605,3
3.3499999999999996,3.3499999999999996,3.3499999999999996,508.395429509196,332.1801495170992,181.6186394968732,3
3.3499999999999996,3.3499999999999996,3.3499999999999996,485.3537972409789,317.1249928266397,173.3872714289485,3
3.3499999999999996,3.3499999999999996,3.3499999999999996,476.4546156102746,311.3103624954406,170.20813730108193,3
3.3499999999999996,3.3499999999999996,3.3499999999999996,436.1432914403475,284.9713733685598,155.8073629685362,3
3.3499999999999996,3.3499999999999996,3.3499999999999996,482.5103566672874,315.2671190927557,172.3714837595302,3
3.3499999999999996,3.3499999999999996,3.3499999999999996,516.9970732088192,337.80037173859324,184.69148149246422,3
3.3499999999999996,3.3499999999999996,3.3499999999999996,497.5507020191133,325.0943202786152,177.74448064700977,3
3.3499999999999996,3.3499999999999996,3.3499999999999996,456.1942520729568,298.0724571201027,162.97034669995074,3
3.3499999999999996,3.3499999999999996,3.3499999999999996,491.9476429314575,321.43334125036654,175.74284981114045,3
3.3499999999999996,3.3499999999999996,3.3499999999999996,507.13217818074486,331.35475457685027,181.16735694337459,3
3.3499999999999996,3.3499999999999996,3.3499999999999996,464.22074082736475,303.31687923678174,165.83772095805494,3
3.3499999999999996,3.3499999999999996,3.3499999999999996,565.8462111260266,369.717877277116,202.1422952766937,3
3.3499999999999996,3.3499999999999996,3.3499999999999996,568.0088644118896,371.13093186052396,202.91487922352633,3
3.3499999999999996,3.3499999999999996,3.3499999999999996,548.7503007975582,358.5475918665568,196.03497055543397,3
3.3499999999999996,3.3499999999999996,3.3499999999999996,483.94361769434823,316.20359655622497,172.8835003959307,3
3.3499999999999996,3.3499999999999996,3.3499999999999996,528.6982673711203,345.445807162972,188.8716035802995,3
3.3499999999999996,3.3499999999999996,3.3499999999999996,561.0891566977332,366.6096686671821,200.44289024051292,3
3.3499999999999996,3.3499999999999996,3.3499999999999996,490.66585543986366,320.59583497888445,175.28494541854562,3
3.3499999999999996,3.3499999999999996,3.3499999999999996,569.0685827094904,371.8233404899305,203.2934518547673,3
3.3499999999999996,3.3499999999999996,3.3499999999999996,506.6980930238915,331.07112796666235,181.01228482620468,3
3.3499999999999996,3.3499999999999996,3.3499999999999996,577.0830844184119,377.0599303989797,206.1565438735625,3
3.3499999999999996,3.3499999999999996,3.3499999999999996,564.3563726269631,368.7444326970712,201.6100669647059,3
3.3499999999999996,3.3499999999999996,3.3499999999999996,572.5777011806224,374.1161610598147,204.54704558430896,3
3.3499999999999996,3.3499999999999996,3.3499999999999996,631.3189812880453,412.4970867651207,225.53171766468986,3
3.3499999999999996,3.3499999999999996,3.3499999999999996,649.6003883634954,424.4419631019685,232.0625479759244,3
3.3499999999999996,3.3499999999999996,3.3499999999999996,558.3091661860257,364.793252526843,199.44976940337637,3
3.3499999999999996,3.3499999999999996,3.3499999999999996,516.88696325531,337.72842706974507,184.6521459304378,3
3.3499999999999996,3.3499999999999996,3.3499999999999996,550.1127809627186,359.4378218700286,196.52170151243098,3
3.3499999999999996,3.3499999999999996,3.3499999999999996,588.0866233044361,384.2495253091965,210.08743633665944,3
3.3499999999999996,3.3499999999999996,3.3499999999999996,637.1914145324133,416.33407199338393,227.629579436201,3
3.3499999999999996,3.3499999999999996,3.3499999999999996,607.0449305826762,396.63668101662773,216.86008175237777,3
3.3499999999999996,3.3499999999999996,3.3499999999999996,562.2280907143178,367.35383600221195,200.84976181048057,3
3.3499999999999996,3.3499999999999996,3.3499999999999996,632.2780730897603,413.1237471157101,225.87434259416307,3
3.3499999999999996,3.3499999999999996,3.3499999999999996,576.7370736303391,376.83385064167834,206.03293534969808,3
3.3499999999999996,3.3499999999999996,3.3499999999999996,519.0624669701647,340.0018109180438,185.754853647745,4
3.3499999999999996,3.3499999999999996,3.3499999999999996,467.8274446531376,306.4413023497815,167.41957672492845,4
3.3499999999999996,3.3499999999999996,3.3499999999999996,521.9618056003052,341.9009665061304,186.79242861643942,4
3.3499999999999996,3.3499999999999996,3.3499999999999996,540.7007922168452,354.1755765768269,193.49847641985826,4
3.3499999999999996,3.3499999999999996,3.3499999999999996,505.8125915883486,331.32273679705787,181.01317259966882,4
3.3499999999999996,3.3499999999999996,3.3499999999999996,535.3218192469704,350.65218456331473,191.57352441431922,4
3.3499999999999996,3.3499999999999996,3.3499999999999996,565.625411028026,370.50196515527625,202.41815220863535,4
3.3499999999999996,3.3499999999999996,3.3499999999999996,584.5341697087102,382.88778112685276,209.18495567622833,4
3.3499999999999996,3.3499999999999996,3.3499999999999996,535.6832672914024,350.8889441009038,191.70287441141429,4
3.3499999999999996,3.3499999999999996,3.3499999999999996,551.0018081770222,360.9230574748384,197.18486068739145,4
3.3499999999999996,3.3499999999999996,3.3499999999999996,521.3631579671937,341.5088339742836,186.5781929308498,4
3.3499999999999996,3.3499999999999996,3.3499999999999996,493.50002218864813,323.2576267971224,176.60692157516445,4
3.3499999999999996,3.3499999999999996,3.3499999999999996,520.9742528727126,341.25408922810544,186.4390169867098,4
3.3499999999999996,3.3499999999999996,3.3499999999999996,453.52646493013896,297.0737226977524,162.30174107988327,4
3.3499999999999996,3.3499999999999996,3.3499999999999996,460.3421689740803,301.5382175612476,164.7408504120967,4
3.3499999999999996,3.3499999999999996,3.3499999999999996,402.7277136231797,263.7989850008457,144.122590756046,4
3.3499999999999996,3.3499999999999996,3.3499999999999996,430.90626338127856,282.2567979934166,154.20673807818758,4
3.3499999999999996,3.3499999999999996,3.3499999999999996,498.2410060129089,326.3631163833584,178.3035589020018,4
3.3499999999999996,3.3499999999999996,3.3499999999999996,493.17575516144257,323.04522196439683,176.4908774031923,4
3.3499999999999996,3.3499999999999996,3.3499999999999996,455.30546447680973,298.23902187844845,162.938384685344,4
3.3499999999999996,3.3499999999999996,3.3499999999999996,501.1506817897774,328.2690431191024,179.34483318494028,4
3.3499999999999996,3.3499999999999996,3.3499999999999996,545.8111287285479,357.5230034838844,195.32729254744896,4
3.3499999999999996,3.3499999999999996,3.3499999999999996,489.08107590295776,320.3630816602831,175.02553056192662,4
3.3499999999999996,3.3499999999999996,3.3499999999999996,523.2161594678437,342.7226067009697,187.24131932596646,4
3.3499999999999996,3.3499999999999996,3.3499999999999996,494.9235142849347,324.1900577112474,177.1163411206729,4
3.3499999999999996,3.3499999999999996,3.3499999999999996,518.1259710557653,339.3883774161539,185.4197135199366,4
3.3499999999999996,3.3499999999999996,3.3499999999999996,508.0556906312763,332.7920353597448,181.81590167555171,4
3.3499999999999996,3.3499999999999996,3.3499999999999996,485.02945609843977,317.70914661711083,173.57559323893426,4
3.3499999999999996,3.3499999999999996,3.3499999999999996,476.1362214094389,311.88380556167056,170.3930061454133,4
3.3499999999999996,3.3499999999999996,3.3499999999999996,435.85183556988625,285.49629922333156,155.9765906422952,4
3.3499999999999996,3.3499999999999996,3.3499999999999996,482.18791567422613,315.84785062383884,172.5587022879954,4
3.3499999999999996,3.3499999999999996,3.3499999999999996,516.6515862210441,338.4226101998852,184.8920811892987,4
3.3499999999999996,3.3499999999999996,3.3499999999999996,497.2182102078173,325.6931538103363,177.93753497005525,4
3.3499999999999996,3.3499999999999996,3.3499999999999996,455.8893970048019,298.6215155658271,163.14735433385377,4
3.3499999999999996,3.3499999999999996,3.3499999999999996,491.61889540442695,322.0254311484272,175.93373009488747,4
3.3499999999999996,3.3499999999999996,3.3499999999999996,506.79328347955055,331.96512001715007,181.36412896872991,4
3.3499999999999996,3.3499999999999996,3.3499999999999996,463.9105220007557,303.87559806603815,166.01784294461916,4
3.3499999999999996,3.3499999999999996,3.3499999999999996,565.4680803528436,370.3989087451543,202.36184889563842,4
3.3499999999999996,3.3499999999999996,3.3499999999999996,567.6292884301976,371.81456621767455,203.13527197216052,4
3.3499999999999996,3.3499999999999996,3.3499999999999996,548.3835944885911,359.2080473323536,196.24789080137384,4
3.3499999999999996,3.3499999999999996,3.3499999999999996,483.6202189143659,316.786053107008,173.07127504307124,4
3.3499999999999996,3.3499999999999996,3.3499999999999996,528.3449609767491,346.08212874664144,189.0767434498413,4
3.3499999999999996,3.3499999999999996,3.3499999999999996,560.7142048601579,367.28497472132335,200.66059807787477,4
3.3499999999999996,3.3499999999999996,3.3499999999999996,490.33796447648194,321.18638216516234,175.4753283567649,4
3.3499999999999996,3.3499999999999996,3.3499999999999996,568.688298563475,372.5082502846359,203.51425578400628,4
3.3499999999999996,3.3499999999999996,3.3499999999999996,506.35948840320447,331.68097095820167,181.2088884224617,4
3.3499999999999996,3.3499999999999996,3.3499999999999996,576.6974445243711,377.75448615005473,206.38045750437692,4
3.3499999999999996,3.3499999999999996,3.3499999999999996,563.979237449001,369.4236710508672,201.82904251238728,4
3.3499999999999996,3.3499999999999996,3.3499999999999996,572.1950720411182,374.80529429908324,204.7692110843148,4
3.3499999999999996,3.3499999999999996,3.3499999999999996,630.8970978684416,413.2569188257993,225.77667533043874,4
3.3499999999999996,3.3499999999999996,3.3499999999999996,649.166288263005,425.22379798471,232.31459899849693,4
3.3499999999999996,3.3499999999999996,3.3499999999999996,557.9360720969709,365.46521268773245,199.6663985784348,4
3.3499999999999996,3.3499999999999996,3.3499999999999996,516.541549849298,338.35053300678953,184.85270290358113,4
3.3499999999999996,3.3499999999999996,3.3499999999999996,549.7451641666471,360.09991716631095,196.73515041341017,4
3.3499999999999996,3.3499999999999996,3.3499999999999996,587.6936302169217,384.9573245106892,210.31561944341303,4
3.3499999999999996,3.3499999999999996,3.3499999999999996,636.7656068173394,417.1009718964458,227.876815660939,4
3.3499999999999996,3.3499999999999996,3.3499999999999996,606.6392684708785,397.3672977321083,217.09562085956077,4
3.3499999999999996,3.3499999999999996,3.3499999999999996,561.8523777759489,368.030512835003,201.06791156488657,4
3.3499999999999996,3.3499999999999996,3.3499999999999996,631.8555487502081,413.88473350363324,226.11967239649573,4
3.3499999999999996,3.3499999999999996,3.3499999999999996,576.3516649604794,377.52798994702954,206.25671472509256,4
3.3499999999999996,3.3499999999999996,3.3499999999999996,519.0277538925926,340.064347497895,185.7750653619012,5
3.3499999999999996,3.3499999999999996,3.3499999999999996,467.7961579941901,306.4976661406754,167.43779340439858,5
3.3499999999999996,3.3499999999999996,3.3499999999999996,521.9268986251328,341.96385239793034,186.8127532276116,5
3.3499999999999996,3.3499999999999996,3.3499999999999996,540.6646320439608,354.24072013934557,193.51953070629145,5
3.3499999999999996,3.3499999999999996,3.3499999999999996,505.7787646159782,331.3836770336123,181.03286837843987,5
3.3499999999999996,3.3499999999999996,3.3499999999999996,535.2860188009355,350.71668006785563,191.59436924953795,5
3.3499999999999996,3.3499999999999996,3.3499999999999996,565.5875839840396,370.57011163269186,202.44017703195564,5
3.3499999999999996,3.3499999999999996,3.3499999999999996,584.4950781132515,382.9582057291037,209.20771678554456,5
3.3499999999999996,3.3499999999999996,3.3499999999999996,535.6474426729899,350.95348315265903,191.7237333210171,5
3.3499999999999996,3.3499999999999996,3.3499999999999996,550.9649591083133,360.9894421024466,197.2063160839094,5
3.3499999999999996,3.3499999999999996,3.3499999999999996,521.3282910274758,341.571647741093,186.59849423135017,5
3.3499999999999996,3.3499999999999996,3.3499999999999996,493.46701863774217,323.31708361688504,176.62613791620095,5
3.3499999999999996,3.3499999999999996,3.3499999999999996,520.9394119416035,341.31685613967863,186.45930314367905,5
3.3499999999999996,3.3499999999999996,3.3499999999999996,453.4961346705654,297.1283635084323,162.31940089513625,5
3.3499999999999996,3.3499999999999996,3.3499999999999996,460.3113829041212,301.5936795270819,164.75877562327153,5
3.3499999999999996,3.3499999999999996,3.3499999999999996,402.70078060595534,263.8475055844439,144.13827252451998,5
3.3499999999999996,3.3499999999999996,3.3499999999999996,430.87744588146137,282.3087135250975,154.22351708799428,5
3.3499999999999996,3.3499999999999996,3.3499999999999996,498.20768540163016,326.42314439624784,178.32295985166635,5
3.3499999999999996,3.3499999999999996,3.3499999999999996,493.1427732963782,323.1046397165094,176.51008111763204,5
3.3499999999999996,3.3499999999999996,3.3499999999999996,455.27501524398497,298.29387702276705,162.95611377285726,5
3.3499999999999996,3.3499999999999996,3.3499999999999996,501.11716658958625,328.3294216893586,179.36434743413773,5
3.3499999999999996,3.3499999999999996,3.3499999999999996,545.7746267942781,357.5887627390944,195.3485458246923,5
3.3499999999999996,3.3499999999999996,3.3499999999999996,489.04836787568325,320.42200608596056,175.04457483411815,5
3.3499999999999996,3.3499999999999996,3.3499999999999996,523.1811686058833,342.7856437171637,187.26169278028075,5
3.3499999999999996,3.3499999999999996,3.3499999999999996,494.8904155358691,324.2496860331563,177.13561289090566,5
3.3499999999999996,3.3499999999999996,3.3499999999999996,518.091320607756,339.4508011670968,185.43988876798525,5
3.3499999999999996,3.3499999999999996,3.3499999999999996,508.0217136483079,332.85324584458584,181.83568479810032,5
3.3499999999999996,3.3499999999999996,3.3499999999999996,484.9970190292898,317.76758290415086,173.59447974556463,5
3.3499999999999996,3.3499999999999996,3.3499999999999996,476.10437908863867,311.9411703929289,170.41154635939313,5
3.3499999999999996,3.3499999999999996,3.3499999999999996,435.8226873275439,285.5488105969193,155.99356222717287,5
3.3499999999999996,3.3499999999999996,3.3499999999999996,482.15566863733517,315.9059445624507,172.57747814820752,5
3.3499999999999996,3.3499999999999996,3.3499999999999996,516.6170343747223,338.4848563171312,184.91219902644463,5
3.3499999999999996,3.3499999999999996,3.3499999999999996,497.1849579975354,325.7530585969175,177.9568960931907,5
3.3499999999999996,3.3499999999999996,3.3499999999999996,455.85890872061736,298.6764410622622,163.16510615904903,5
3.3499999999999996,3.3499999999999996,3.3499999999999996,491.5860176566837,322.0846613302747,175.95287318694284,5
3.3499999999999996,3.3499999999999996,3.3499999999999996,506.75939092194545,332.0261784073385,181.3838629345506,5
3.3499999999999996,3.3499999999999996,3.3499999999999996,463.8794972918595,303.9314899465902,166.03590710348516,5
3.3499999999999996,3.3499999999999996,3.3499999999999996,565.430263830581,370.4670362673903,202.38386759267743,5
3.3499999999999996,3.3499999999999996,3.3499999999999996,567.5913273739176,371.882954121984,203.1573748242342,5
3.3499999999999996,3.3499999999999996,3.3499999999999996,548.3469205168324,359.2741165179106,196.26924424756783,5
3.3499999999999996,3.3499999999999996,3.3499999999999996,483.58787609005697,316.84431960933165,173.0901066755757,5
3.3499999999999996,3.3499999999999996,3.3499999999999996,528.3096271185292,346.1457836801874,189.09731661397217,5
3.3499999999999996,3.3499999999999996,3.3499999999999996,560.6767062604177,367.35252949724594,200.68243166429858,5
3.3499999999999996,3.3499999999999996,3.3499999999999996,490.3051723929072,321.245458020615,175.49442157079713,5
3.3499999999999996,3.3499999999999996,3.3499999999999996,568.6502666843111,372.57676577835133,203.53639987275466,5
3.3499999999999996,3.3499999999999996,3.3499999999999996,506.3256248562929,331.7419770848146,181.22860549678543,5
3.3499999999999996,3.3499999999999996,3.3499999999999996,576.6588770216114,377.82396658465456,206.4029134603457,5
3.3499999999999996,3.3499999999999996,3.3499999999999996,563.9415204953308,369.49161919749986,201.8510032355424,5
3.3499999999999996,3.3499999999999996,3.3499999999999996,572.1568056412415,374.8742322884203,204.7914917229154,5
3.3499999999999996,3.3499999999999996,3.3499999999999996,630.8549056829305,413.3329292277247,225.80124176052286,5
3.3499999999999996,3.3499999999999996,3.3499999999999996,649.1228742981057,425.30200945636534,232.33987681050056,5
3.3499999999999996,3.3499999999999996,3.3499999999999996,557.8987592890078,365.5324327545739,199.68812398746405,5
3.3499999999999996,3.3499999999999996,3.3499999999999996,516.5070053618228,338.4127658668675,184.87281645603335,5
3.3499999999999996,3.3499999999999996,3.3499999999999996,549.7083991378829,360.1661503936091,196.75655687761045,5
3.3499999999999996,3.3499999999999996,3.3499999999999996,587.6543273278237,385.02812976433955,210.33850357860143,5
3.3499999999999996,3.3499999999999996,3.3499999999999996,636.7230221665292,417.17768933558125,227.9016106042232,5
3.3499999999999996,3.3499999999999996,3.3499999999999996,606.5986985639315,397.44038555384026,217.11924271679467,5
3.3499999999999996,3.3499999999999996,3.3499999999999996,561.8148030591954,368.09820473785334,201.08978947049565,5
3.3499999999999996,3.3499999999999996,3.3499999999999996,631.813292466863,413.96085937959873,226.14427614758927,5
3.3499999999999996,3.3499999999999996,3.3499999999999996,576.3131205822443,377.5974287221515,206.27915721679042,5
3.3499999999999996,3.3499999999999996,3.3499999999999996,519.0242825532289,340.07060136581504,185.77708709811216,6
3.3499999999999996,3.3499999999999996,3.3499999999999996,467.7930292998085,306.5033027089777,167.43961558139176,6
3.3499999999999996,3.3499999999999996,3.3499999999999996,521.9234078958324,341.97014119821773,186.81478625667899,6
3.3499999999999996,3.3499999999999996,3.3499999999999996,540.661015993748,354.2472347142838,193.52163672327492,6
3.3499999999999996,3.3499999999999996,3.3499999999999996,505.77538188794136,331.3897712618436,181.03483850669502,6
3.3499999999999996,3.3499999999999996,3.3499999999999996,535.2824387237354,350.7231298348206,191.59645431554708,6
3.3499999999999996,3.3499999999999996,3.3499999999999996,565.5838012451991,370.5769265092007,202.44238012974847,6
3.3499999999999996,3.3499999999999996,3.3499999999999996,584.4911689181123,382.9652484257437,209.20999353251173,6
3.3499999999999996,3.3499999999999996,3.3499999999999996,535.6438601785298,350.9599372744917,191.72581979485796,6
3.3499999999999996,3.3499999999999996,3.3499999999999996,550.961274167891,360.9960807880603,197.2084622231099,6
3.3499999999999996,3.3499999999999996,3.3499999999999996,521.3248043017572,341.57792932863924,186.60052492869895,6
3.3499999999999996,3.3499999999999996,3.3499999999999996,493.4637182526015,323.32302949845746,176.62806008728526,6
3.3499999999999996,3.3499999999999996,3.3499999999999996,520.9359278167695,341.323133041544,186.46133232625152,6
3.3499999999999996,3.3499999999999996,3.3499999999999996,453.4931016169921,297.13382777292907,162.32116737014675,6
3.3499999999999996,3.3499999999999996,3.3499999999999996,460.3083042690943,301.59922590985076,164.76056864529042,6
3.3499999999999996,3.3499999999999996,3.3499999999999996,402.69808727971014,263.85235780568695,144.13984113957807,6
3.3499999999999996,3.3499999999999996,3.3499999999999996,430.87456410524106,282.31390525254574,154.2251954578469,6
3.3499999999999996,3.3499999999999996,3.3499999999999996,498.2043533101635,326.4291473990504,178.3249004887722,6
3.3499999999999996,3.3499999999999996,3.3499999999999996,493.1394750798415,323.1105816911856,176.51200202570388,6
3.3499999999999996,3.3499999999999996,3.3499999999999996,455.27197029297815,298.2993627213471,162.95788717702953,6
3.3499999999999996,3.3499999999999996,3.3499999999999996,501.1138150390512,328.3354597490745,179.36629940436293,6
3.3499999999999996,3.3499999999999996,3.3499999999999996,545.7709765676158,357.5953388853688,195.35067174631743,6
3.3499999999999996,3.3499999999999996,3.3499999999999996,489.0450970431748,320.42789872633716,175.04647979350966,6
3.3499999999999996,3.3499999999999996,3.3499999999999996,523.1776694878278,342.79194763039783,187.26373069502722,6
3.3499999999999996,3.3499999999999996,3.3499999999999996,494.88710563082583,324.2556490655191,177.13754060645857,6
3.3499999999999996,3.3499999999999996,3.3499999999999996,518.0878555314055,339.45704375174716,185.44190685656648,6
3.3499999999999996,3.3499999999999996,3.3499999999999996,508.01831591907467,332.85936709855315,181.83766366317397,6
3.3499999999999996,3.3499999999999996,3.3499999999999996,484.9937752928405,317.77342672902506,173.59636892399143,6
3.3499999999999996,3.3499999999999996,3.3499999999999996,476.10119482756585,311.94690706862804,170.41340089887814,6
3.3499999999999996,3.3499999999999996,3.3499999999999996,435.8197724767699,285.5540619105584,155.99525985991392,6
3.3499999999999996,3.3499999999999996,3.3499999999999996,482.15244390428484,315.9117541513329,172.57935625890062,6
3.3499999999999996,3.3499999999999996,3.3499999999999996,516.6135791586303,338.4910811378156,184.91421137233127,6
3.3499999999999996,3.3499999999999996,3.3499999999999996,497.18163274623066,325.75904927667557,177.95883274653067,6
3.3499999999999996,3.3499999999999996,3.3499999999999996,455.855859864439,298.6819337962902,163.1668818376249,6
3.3499999999999996,3.3499999999999996,3.3499999999999996,491.58272985197385,322.09058454729484,175.95478803108222,6
3.3499999999999996,3.3499999999999996,3.3499999999999996,506.75600163532545,332.03228445133,181.38583688257776,6
3.3499999999999996,3.3499999999999996,3.3499999999999996,463.87639479272156,303.93707932227403,166.03771402415595,6
3.3499999999999996,3.3499999999999996,3.3499999999999996,565.4264821439225,370.4738492483175,202.38607007767095,6
3.3499999999999996,3.3499999999999996,3.3499999999999996,567.5875312337257,371.88979314199275,203.15958572708283,6
3.3499999999999996,3.3499999999999996,3.3499999999999996,548.3432530862644,359.2807236582601,196.27138018888706,6
3.3499999999999996,3.3499999999999996,3.3499999999999996,483.5846417781776,316.8501464551643,173.09199036505657,6
3.3499999999999996,3.3499999999999996,3.3499999999999996,528.3060937005354,346.1521493872311,189.09937450528096,6
3.3499999999999996,3.3499999999999996,3.3499999999999996,560.6729563663008,367.3592852016192,200.68461563305786,6
3.3499999999999996,3.3499999999999996,3.3499999999999996,490.3018931546922,321.2513658044775,175.49633142574035,6
3.3499999999999996,3.3499999999999996,3.3499999999999996,568.6464634617662,372.58361755772887,203.53861490042306,6
3.3499999999999996,3.3499999999999996,3.3499999999999996,506.32223847076864,331.748077902273,181.23057775519092,6
3.3499999999999996,3.3499999999999996,3.3499999999999996,576.6550202362193,377.83091486135993,206.40515968345093,6
3.3499999999999996,3.3499999999999996,3.3499999999999996,563.9377487656221,369.49841424026465,201.85319992152756,6
3.3499999999999996,3.3499999999999996,3.3499999999999996,572.1529789664119,374.8811263187783,204.79372040938472,6
3.3499999999999996,3.3499999999999996,3.3499999999999996,630.850686425963,413.3405305230836,225.8036990900146,6
3.3499999999999996,3.3499999999999996,3.3499999999999996,649.1185328620868,425.3098308660862,232.3424052980631,6
3.3499999999999996,3.3499999999999996,3.3499999999999996,557.8950279742378,365.5391549869154,199.69029713546092,6
3.3499999999999996,3.3499999999999996,3.3499999999999996,516.5035508816222,338.41898936179064,184.8748283733308,6
3.3499999999999996,3.3499999999999996,3.3499999999999996,549.7047226015316,360.1727739386834,196.75869812221183,6
3.3499999999999996,3.3499999999999996,3.3499999999999996,587.6503970031282,385.03521052739734,210.34079263159362,6
3.3499999999999996,3.3499999999999996,3.3499999999999996,636.7187636626744,417.1853613370348,227.90409079142054,6
3.3499999999999996,3.3499999999999996,3.3499999999999996,606.5946415362974,397.4476945813687,217.12160556260628,6
3.3499999999999996,3.3499999999999996,3.3499999999999996,561.8110455533078,368.1049741553797,201.09197787241192,6
3.3499999999999996,3.3499999999999996,3.3499999999999996,631.8090668000536,413.9684722227493,226.1467372102249,6
3.3499999999999996,3.3499999999999996,3.3499999999999996,576.3092661093258,377.6043728327693,206.2814020930923,6
3.3499999999999996,3.3499999999999996,3.3499999999999996,519.0239354189765,340.0712267546929,185.77728927736487,7
3.3499999999999996,3.3499999999999996,3.3499999999999996,467.7927164300856,306.50386636768775,167.43979780416677,7
3.3499999999999996,3.3499999999999996,3.3499999999999996,521.9230588225847,341.9707700803439,186.81498956524882,7
3.3499999999999996,3.3499999999999996,3.3499999999999996,540.6606543883977,354.24788617395046,193.5218473308397,7
3.3499999999999996,3.3499999999999996,3.3499999999999996,505.7750436148298,331.3903806866993,181.0350355250084,7
3.3499999999999996,3.3499999999999996,3.3499999999999996,535.2820807156895,350.7237748136684,191.59666282795595,7
3.3499999999999996,3.3499999999999996,3.3499999999999996,565.5834229709708,370.5776079991245,202.44260044566448,7
3.3499999999999996,3.3499999999999996,3.3499999999999996,584.4907779982427,382.96595269775656,209.21022121355043,7
3.3499999999999996,3.3499999999999996,3.3499999999999996,535.6435019287579,350.96058268882757,191.72602844805397,7
3.3499999999999996,3.3499999999999996,3.3499999999999996,550.9609056735135,360.99674465883584,197.20867684300808,7
3.3499999999999996,3.3499999999999996,3.3499999999999996,521.3244556288681,341.5785574894889,186.6007280040904,7
3.3499999999999996,3.3499999999999996,3.3499999999999996,493.4633882137871,323.32362408859774,176.62825230974798,7
3.3499999999999996,3.3499999999999996,3.3499999999999996,520.9355794039691,341.323760733824,186.46153525016115,7
3.3499999999999996,3.3499999999999996,3.3499999999999996,453.49279831135874,297.13437420120124,162.32134402256835,7
3.3499999999999996,3.3499999999999996,3.3499999999999996,460.3079964053114,301.5997805499774,164.76074795248678,7
3.3499999999999996,3.3499999999999996,3.3499999999999996,402.69781794684053,263.85284302942955,144.13999800545332,7
3.3499999999999996,3.3499999999999996,3.3499999999999996,430.87427592735673,282.31442442702206,154.2253632995074,7
3.3499999999999996,3.3499999999999996,3.3499999999999996,498.20402010071365,326.4297477013329,178.32509455788846,7
3.3499999999999996,3.3499999999999996,3.3499999999999996,493.13914525788766,323.11117589063497,176.5121941218618,7
3.3499999999999996,3.3499999999999996,3.3499999999999996,455.2716657976004,298.29991129303477,162.95806452238662,7
3.3499999999999996,3.3499999999999996,3.3499999999999996,501.11347988369266,328.33606355705996,179.3664946068227,7
3.3499999999999996,3.3499999999999996,3.3499999999999996,545.7706115446174,357.5959965021895,195.35088434440172,7
3.3499999999999996,3.3499999999999996,3.3499999999999996,489.0447699596263,320.4284879923402,175.04667029475516,7
3.3499999999999996,3.3499999999999996,3.3499999999999996,523.1773195757038,342.79257802382375,187.26393449217852,7
3.3499999999999996,3.3499999999999996,3.3499999999999996,494.8867746400203,324.2562453707442,177.13773338338353,7
3.3499999999999996,3.3499999999999996,3.3499999999999996,518.087509023455,339.4576680122942,185.44210867104601,7
3.3499999999999996,3.3499999999999996,3.3499999999999996,508.01797614584217,332.8599792259914,181.83786155519357,7
3.3499999999999996,3.3499999999999996,3.3499999999999996,484.9934509189004,317.77401111346154,173.59655784709648,7
3.3499999999999996,3.3499999999999996,3.3499999999999996,476.1008764011688,311.9474807381113,170.41358635799253,7
3.3499999999999996,3.3499999999999996,3.3499999999999996,435.81948099142727,285.55458704367373,155.99542962791682,7
3.3499999999999996,3.3499999999999996,3.3499999999999996,482.1521214306863,315.91233511215876,172.57954407520143,7
3.3499999999999996,3.3499999999999996,3.3499999999999996,516.6132336367067,338.4917036219601,184.91441261252535,7
3.3499999999999996,3.3499999999999996,3.3499999999999996,497.1813002207976,325.75964834664944,177.95902641725925,7
3.3499999999999996,3.3499999999999996,3.3499999999999996,455.85555497854375,298.6824830715249,163.16705941042872,7
3.3499999999999996,3.3499999999999996,3.3499999999999996,491.58240107120366,322.0911768709723,175.95497952082997,7
3.3499999999999996,3.3499999999999996,3.3499999999999996,506.755662706355,332.03289505776553,181.38603428287902,7
3.3499999999999996,3.3499999999999996,3.3499999999999996,463.87608454252546,303.9376382617066,166.03789472125624,7
3.3499999999999996,3.3499999999999996,3.3499999999999996,565.4261039749125,370.4745305486824,202.3862903323054,7
3.3499999999999996,3.3499999999999996,3.3499999999999996,567.5871516193611,371.8904770462745,203.15980682352622,7
3.3499999999999996,3.3499999999999996,3.3499999999999996,548.342886342874,359.2813843744986,196.27159378896874,7
3.3499999999999996,3.3499999999999996,3.3499999999999996,483.58431834669534,316.8507291416909,173.09217873925175,7
3.3499999999999996,3.3499999999999996,3.3499999999999996,528.3057403584145,346.15278596005857,189.09958030014417,7
3.3499999999999996,3.3499999999999996,3.3499999999999996,560.6725813765479,367.35996077430957,200.68483403601726,7
3.3499999999999996,3.3499999999999996,3.3499999999999996,490.3015652305723,321.25195658483403,175.49652241655465,7
3.3499999999999996,3.3499999999999996,3.3499999999999996,568.6460831391656,372.5843027379518,203.5388364093599,7
3.3499999999999996,3.3499999999999996,3.3499999999999996,506.32189983190807,331.74868798605365,181.23077498652523,7
3.3499999999999996,3.3499999999999996,3.3499999999999996,576.6546345573291,377.83160969134775,206.4053843120184,7
3.3499999999999996,3.3499999999999996,3.3499999999999996,563.9373715923081,369.4990937468073,201.85341959624495,7
3.3499999999999996,3.3499999999999996,3.3499999999999996,572.1525962985806,374.88181572411327,204.79394328423976,7
3.3499999999999996,3.3499999999999996,3.3499999999999996,630.8502644998822,413.3412906551547,225.8039448298087,7
3.3499999999999996,3.3499999999999996,3.3499999999999996,649.1180987180899,425.3106130096668,232.34265815386252,7
3.3499999999999996,3.3499999999999996,3.3499999999999996,557.8946548424212,365.53982721239146,199.69051445631402,7
3.3499999999999996,3.3499999999999996,3.3499999999999996,516.5032054332878,338.4196117133585,184.87502957066488,7
3.3499999999999996,3.3499999999999996,3.3499999999999996,549.7043549475619,360.1734362953999,196.75891225263646,7
3.3499999999999996,3.3499999999999996,3.3499999999999996,587.650003970301,385.0359186060646,210.3410215432691,7
3.3499999999999996,3.3499999999999996,3.3499999999999996,636.7183378119014,417.1861285397389,227.9043388170489,7
3.3499999999999996,3.3499999999999996,3.3499999999999996,606.5942358331648,397.44842548655924,217.12184185376924,7
3.3499999999999996,3.3499999999999996,3.3499999999999996,561.8106698023772,368.10565109939,201.09219671869934,7
3.3499999999999996,3.3499999999999996,3.3499999999999996,631.8086442329882,413.9692335096034,226.14698332334382,7
3.3499999999999996,3.3499999999999996,3.3499999999999996,576.3088806616831,377.60506724614703,206.28162658697562,7
3.3499999999999996,3.3499999999999996,3.3499999999999996,519.0239007055484,340.0712892935997,185.7773094953455,8
3.3499999999999996,3.3499999999999996,3.3499999999999996,467.79268514311065,306.5039227335759,167.43981602649416,8
3.3499999999999996,3.3499999999999996,3.3499999999999996,521.923023915257,341.9708329685756,186.81500989616146,8
3.3499999999999996,3.3499999999999996,3.3499999999999996,540.6606182278596,354.24795131993693,193.5218683916538,8
3.3499999999999996,3.3499999999999996,3.3499999999999996,505.7750097875158,331.3904416292034,181.03505522689372,8
3.3499999999999996,3.3499999999999996,3.3499999999999996,535.2820449148819,350.72383931157265,191.5966836792539,8
3.3499999999999996,3.3499999999999996,3.3499999999999996,565.5833851435448,370.5776761481376,202.44262247731646,8
3.3499999999999996,3.3499999999999996,3.3499999999999996,584.4907389062524,382.9660231249793,209.21024398171664,8
3.3499999999999996,3.3499999999999996,3.3499999999999996,535.6434661037777,350.9606472302808,191.72604931343068,8
3.3499999999999996,3.3499999999999996,3.3499999999999996,550.9608688240726,360.99681104593344,197.20869830505669,8
3.3499999999999996,3.3499999999999996,3.3499999999999996,521.3244207615762,341.57862030559295,186.60074831168518,8
3.3499999999999996,3.3499999999999996,3.3499999999999996,493.46335520990283,323.32368354762986,176.62827153204688,8
3.3499999999999996,3.3499999999999996,3.3499999999999996,520.9355445626861,341.3238235030711,186.46155554260764,8
3.3499999999999996,3.3499999999999996,3.3499999999999996,453.4927679807928,297.1344288440451,162.32136168785885,8
3.3499999999999996,3.3499999999999996,3.3499999999999996,460.30796561893055,301.59983601400705,164.76076588325554,8
3.3499999999999996,3.3499999999999996,3.3499999999999996,402.69779101355124,263.8528915518186,144.1400136920838,8
3.3499999999999996,3.3499999999999996,3.3499999999999996,430.8742471095659,282.31447634448557,154.22538008371933,8
3.3499999999999996,3.3499999999999996,3.3499999999999996,498.2039867797658,326.42980773157933,178.32511396485322,8
3.3499999999999996,3.3499999999999996,3.3499999999999996,493.13911227568946,323.11123531059803,176.5122133315302,8
3.3499999999999996,3.3499999999999996,3.3499999999999996,455.27163534806004,298.29996615022026,162.95808225697087,8
3.3499999999999996,3.3499999999999996,3.3499999999999996,501.113446368154,328.3361239378769,179.36651412712212,8
3.3499999999999996,3.3499999999999996,3.3499999999999996,545.7705750423145,357.5960622638916,195.3509056042684,8
3.3499999999999996,3.3499999999999996,3.3499999999999996,489.04473725126866,320.4285469189584,175.04668934493185,8
3.3499999999999996,3.3499999999999996,3.3499999999999996,523.1772845844883,342.79264106318544,187.2639548719494,8
3.3499999999999996,3.3499999999999996,3.3499999999999996,494.8867415409369,324.25630500128483,177.13775266112881,8
3.3499999999999996,3.3499999999999996,3.3499999999999996,518.0874743726571,339.4577304383679,185.44212885254922,8
3.3499999999999996,3.3499999999999996,3.3499999999999996,508.017942168516,332.8600404387539,181.83788134444973,8
3.3499999999999996,3.3499999999999996,3.3499999999999996,484.9934184815036,317.77406955192293,173.59657673945873,8
3.3499999999999996,3.3499999999999996,3.3499999999999996,476.1008445585264,311.947538105077,170.4136049039547,8
3.3499999999999996,3.3499999999999996,3.3499999999999996,435.81945184289054,285.5546395570012,155.99544660476363,8
3.3499999999999996,3.3499999999999996,3.3499999999999996,482.1520891833237,315.9123932082589,172.57956285688294,8
3.3499999999999996,3.3499999999999996,3.3499999999999996,516.6131990845114,338.4917658703936,184.91443273659985,8
3.3499999999999996,3.3499999999999996,3.3499999999999996,497.18126696825146,325.75970825366505,177.9590457843852,8
3.3499999999999996,3.3499999999999996,3.3499999999999996,455.8555244899516,298.6825379990651,163.16707716775767,8
3.3499999999999996,3.3499999999999996,3.3499999999999996,491.58236819312384,322.091236103358,175.95499866985722,8
3.3499999999999996,3.3499999999999996,3.3499999999999996,506.7556288134551,332.0329561184277,181.38605402296318,8
3.3499999999999996,3.3499999999999996,3.3499999999999996,463.8760535175032,303.9376941556668,166.03791279101574,8
3.3499999999999996,3.3499999999999996,3.3499999999999996,565.4260661580082,370.4745986787397,202.38631235782915,8
3.3499999999999996,3.3499999999999996,3.3499999999999996,567.5871136579213,371.8905454367235,203.1598289332311,8
3.3499999999999996,3.3499999999999996,3.3499999999999996,548.3428496685318,359.2814504461425,196.27161514903534,8
3.3499999999999996,3.3499999999999996,3.3499999999999996,483.5842860035444,316.8507874103613,173.0921975767228,8
3.3499999999999996,3.3499999999999996,3.3499999999999996,528.3057050241994,346.1528496173607,189.09960087968685,8
3.3499999999999996,3.3499999999999996,3.3499999999999996,560.6725438775694,367.36002833159915,200.684855876373,8
3.3499999999999996,3.3499999999999996,3.3499999999999996,490.30153243815755,321.25201566288774,175.49654151568836,8
3.3499999999999996,3.3499999999999996,3.3499999999999996,568.6460451069024,372.584371255995,203.5388585603143,8
3.3499999999999996,3.3499999999999996,3.3499999999999996,506.32186596801915,331.7487489944503,181.23079470971274,8
3.3499999999999996,3.3499999999999996,3.3499999999999996,576.6545959894369,377.83167917436776,206.40540677493667,8
3.3499999999999996,3.3499999999999996,3.3499999999999996,563.9373338749734,369.4991616974823,201.85344156377687,8
3.3499999999999996,3.3499999999999996,3.3499999999999996,572.1525580317943,374.88188466466784,204.7939655717863,8
3.3499999999999996,3.3499999999999996,3.3499999999999996,630.8502223072705,413.341366668385,225.80396940385543,8
3.3499999999999996,3.3499999999999996,3.3499999999999996,649.1180553036864,425.31069122404875,232.34268343951172,8
3.3499999999999996,3.3499999999999996,3.3499999999999996,557.8946175292364,365.5398944349596,199.69053618845882,8
3.3499999999999996,3.3499999999999996,3.3499999999999996,516.5031708884515,338.4196739485343,184.87504969045332,8
3.3499999999999996,3.3499999999999996,3.3499999999999996,549.7043181821617,360.17350253109163,196.75893366573757,8
3.3499999999999996,3.3499999999999996,3.3499999999999996,587.6499646670148,385.03598941395296,210.34104443449925,8
3.3499999999999996,3.3499999999999996,3.3499999999999996,636.7182952268205,417.1862052600325,227.90436361967966,8
3.3499999999999996,3.3499999999999996,3.3499999999999996,606.5941952628482,397.44849857710057,217.1218654829502,8
3.3499999999999996,3.3499999999999996,3.3499999999999996,561.810632227281,368.1057187938115,201.09221860338803,8
3.3499999999999996,3.3499999999999996,3.3499999999999996,631.808601976278,413.9693096383119,226.14700793472315,8
3.3499999999999996,3.3499999999999996,3.3499999999999996,576.3088421169156,377.60513668750593,206.28164903642545,8
3.3499999999999996,3.3499999999999996,3.3499999999999996,519.0238968485006,344.44321979569713,187.83711252949234,9
3.3499999999999996,3.3499999999999996,3.3499999999999996,467.79268166677997,310.444313736871,169.29630238656284,9
3.3499999999999996,3.3499999999999996,3.3499999999999996,521.9230200366648,346.36718385896864,188.88631841738817,9
3.3499999999999996,3.3499999999999996,3.3499999999999996,540.6606142100219,358.80213590546384,195.6675391023004,9
3.3499999999999996,3.3499999999999996,3.3499999999999996,505.7750060289252,335.6507718172406,183.0422785904802,9
3.3499999999999996,3.3499999999999996,3.3499999999999996,535.2820409370142,355.23271818248264,193.7210089342975,9
3.3499999999999996,3.3499999999999996,3.3499999999999996,565.5833809404971,375.34179442790713,204.68720191036005,9
3.3499999999999996,3.3499999999999996,3.3499999999999996,584.4907345626978,387.8894050465903,211.52985931309775,9
3.3499999999999996,3.3499999999999996,3.3499999999999996,535.6434621232241,355.4725704856934,193.8518089079343,9
3.3499999999999996,3.3499999999999996,3.3499999999999996,550.96086472969,365.6377584562544,199.3952466851164,9
3.3499999999999996,3.3499999999999996,3.3499999999999996,521.3244168874326,345.96992893996907,188.66968121092123,9
3.3499999999999996,3.3499999999999996,3.3499999999999996,493.4633515428044,327.4803081103462,178.58663474984849,9
3.3499999999999996,3.3499999999999996,3.3499999999999996,520.9355406914323,345.71185648922904,188.52894514417807,9
3.3499999999999996,3.3499999999999996,3.3499999999999996,453.49276461072975,300.95436635004563,164.1210972649309,9
3.3499999999999996,3.3499999999999996,3.3499999999999996,460.3079621982214,305.477180453275,166.58754831646326,9
3.3499999999999996,3.3499999999999996,3.3499999999999996,402.6977880209634,267.2449641582364,145.73816385558567,9
3.3499999999999996,3.3499999999999996,3.3499999999999996,430.87424390758895,285.9438896739023,155.93535159047568,9
3.3499999999999996,3.3499999999999996,3.3499999999999996,498.20398307743807,330.62636438939046,180.30229089677877,9
3.3499999999999996,3.3499999999999996,3.3499999999999996,493.1391086110006,327.26512865501735,178.46928975583575,9
3.3499999999999996,3.3499999999999996,3.3499999999999996,455.2716319647776,302.1348877147421,164.76487746346552,9
3.3499999999999996,3.3499999999999996,3.3499999999999996,501.11344264420507,332.55718805112855,181.3552375671752,9
3.3499999999999996,3.3499999999999996,3.3499999999999996,545.7705709865028,362.1932899078039,197.51685573660728,9
3.3499999999999996,3.3499999999999996,3.3499999999999996,489.04473361700656,324.5479518264638,176.98751679479372,9
3.3499999999999996,3.3499999999999996,3.3499999999999996,523.1772806965754,347.19955705562853,189.34024106362364,9
3.3499999999999996,3.3499999999999996,3.3499999999999996,494.8867378632608,328.42491927412516,179.1017647430375,9
3.3499999999999996,3.3499999999999996,3.3499999999999996,518.0874705225682,343.8217730747193,187.49821557652405,9
3.3499999999999996,3.3499999999999996,3.3499999999999996,508.0179383932574,337.1392636767591,183.85400603014773,9
3.3499999999999996,3.3499999999999996,3.3499999999999996,484.99341487734824,321.85934870129046,175.5213260883258,9
3.3499999999999996,3.3499999999999996,3.3499999999999996,476.1008410204549,315.9579118115099,172.30306310202315,9
3.3499999999999996,3.3499999999999996,3.3499999999999996,435.81944860416405,289.225708177019,157.72504369658517,9
3.3499999999999996,3.3499999999999996,3.3499999999999996,482.15208560028327,319.973738788848,174.49303608011994,9
3.3499999999999996,3.3499999999999996,3.3499999999999996,516.6131952453784,342.8433901400918,186.96466863808348,9
3.3499999999999996,3.3499999999999996,3.3499999999999996,497.18126327352394,329.94765016380666,179.9321639410443,9
3.3499999999999996,3.3499999999999996,3.3499999999999996,455.8555211023301,302.5223778780342,164.97618960208024,9
3.3499999999999996,3.3499999999999996,3.3499999999999996,491.5823645400037,326.2320164159318,177.9058969852543,9
3.3499999999999996,3.3499999999999996,3.3499999999999996,506.75562504757715,336.30154642362834,183.39716908025053,9
3.3499999999999996,3.3499999999999996,3.3499999999999996,463.8760500702783,307.8450939205118,167.8788555707308,9
3.3499999999999996,3.3499999999999996,3.3499999999999996,565.4260619561298,375.23739180244127,204.63026745329734,9
3.3499999999999996,3.3499999999999996,3.3499999999999996,567.5871094399835,376.6715418637191,205.4123603817173,9
3.3499999999999996,3.3499999999999996,3.3499999999999996,548.3428455936047,363.90034531170465,198.44777363415443,9
3.3499999999999996,3.3499999999999996,3.3499999999999996,483.58428240986075,320.92419691508724,175.0113546294554,9
3.3499999999999996,3.3499999999999996,3.3499999999999996,528.3057010981753,350.6029641941415,191.19623976796663,9
3.3499999999999996,3.3499999999999996,3.3499999999999996,560.672539711016,372.0827807769775,202.90994609952446,9
3.3499999999999996,3.3499999999999996,3.3499999999999996,490.3015287945557,325.38200702162396,177.44235669450785,9
3.3499999999999996,3.3499999999999996,3.3499999999999996,568.6460408810951,377.37428745469117,205.79559249390488,9
3.3499999999999996,3.3499999999999996,3.3499999999999996,506.3218622053646,336.01368555458816,183.2401883317754,9
3.3499999999999996,3.3499999999999996,3.3499999999999996,576.6545917041152,382.6890543625888,208.69392351734317,9
3.3499999999999996,3.3499999999999996,3.3499999999999996,563.9373296841583,374.24941467790956,204.09148846259083,9
3.3499999999999996,3.3499999999999996,3.3499999999999996,572.152553779929,379.7013375201374,207.0646154848764,9
3.3499999999999996,3.3499999999999996,3.3499999999999996,630.8502176192023,418.65525168487636,228.30756740817534,9
3.3499999999999996,3.3499999999999996,3.3499999999999996,649.1180504798637,430.77845296216253,234.9187793341641,9
3.3499999999999996,3.3499999999999996,3.3499999999999996,557.8946133833267,370.23924737808306,201.90460190751102,9
3.3499999999999996,3.3499999999999996,3.3499999999999996,516.5031670501361,342.77037140999533,186.92484893302435,9
3.3499999999999996,3.3499999999999996,3.3499999999999996,549.7043140971172,364.8038655500747,198.94049528734317,9
3.3499999999999996,3.3499999999999996,3.3499999999999996,587.6499602999829,389.98598266395885,212.6731974983408,9
3.3499999999999996,3.3499999999999996,3.3499999999999996,636.7182904951445,422.54951922758113,230.43124971225106,9
3.3499999999999996,3.3499999999999996,3.3499999999999996,606.594190755035,402.5580660961682,219.52920079486904,9
3.3499999999999996,3.3499999999999996,3.3499999999999996,561.8106280522701,372.83805777877586,203.3218254544495,9
3.3499999999999996,3.3499999999999996,3.3499999999999996,631.8085972810878,419.29126744162835,228.65440937342706,9
3.3499999999999996,3.3499999999999996,3.3499999999999996,576.3088378341635,382.45959946283153,208.56879361682797,9
3.3499999999999996,3.3499999999999996,3.3499999999999996,519.0238968485006,340.5154222497648,185.98555720048498,10
3.3499999999999996,3.3499999999999996,3.3499999999999996,467.79268166677997,306.904216723588,167.6275082561384,10
3.3499999999999996,3.3499999999999996,3.3499999999999996,521.9230200366648,342.4174467279557,187.02442081508457,10
3.3499999999999996,3.3499999999999996,3.3499999999999996,540.6606142100219,354.71059899055325,193.73879738635364,10
3.3499999999999996,3.3499999999999996,3.3499999999999996,505.7750060289252,331.8232374020879,181.2379870860277,10
3.3499999999999996,3.3499999999999996,3.3499999999999996,535.2820409370142,351.1818844934362,191.81145463162116,10
3.3499999999999996,3.3499999999999996,3.3499999999999996,565.5833809404971,371.06165043228947,202.6695512215632,10
3.3499999999999996,3.3499999999999996,3.3499999999999996,584.4907345626978,383.4661765849042,209.44475891424102,10
3.3499999999999996,3.3499999999999996,3.3499999999999996,535.6434621232241,351.4190016831834,191.9409652786443,10
3.3499999999999996,3.3499999999999996,3.3499999999999996,550.96086472969,361.4682727244218,197.42976006425178,10
3.3499999999999996,3.3499999999999996,3.3499999999999996,521.3244168874326,342.0247218354054,186.80991905335844,10
3.3499999999999996,3.3499999999999996,3.3499999999999996,493.4633515428044,323.74594413796234,176.82626359205258,10
3.3499999999999996,3.3499999999999996,3.3499999999999996,520.9355406914323,341.76959226837005,186.67057025567442,10
3.3499999999999996,3.3499999999999996,3.3499999999999996,453.49276461072975,297.52248627910546,162.50331636875305,10
3.3499999999999996,3.3499999999999996,3.3499999999999996,460.3079621982214,301.99372526889266,164.94545502255576,10
3.3499999999999996,3.3499999999999996,3.3499999999999996,402.6977880209634,264.1974833136256,144.30158792928037,10
3.3499999999999996,3.3499999999999996,3.3499999999999996,430.87424390758895,282.68317892801605,154.39825954657704,10
3.3499999999999996,3.3499999999999996,3.3499999999999996,498.20398307743807,326.85612491874735,178.5250081061388,10
3.3499999999999996,3.3499999999999996,3.3499999999999996,493.1391086110006,323.5332184436251,176.7100752957024,10
3.3499999999999996,3.3499999999999996,3.3499999999999996,455.2716319647776,298.6895457764964,163.14075067194645,10
3.3499999999999996,3.3499999999999996,3.3499999999999996,501.11344264420507,328.76493077318275,179.5675756294515,10
3.3499999999999996,3.3499999999999996,3.3499999999999996,545.7705709865028,358.0630825659471,195.56988486443484,10
3.3499999999999996,3.3499999999999996,3.3499999999999996,489.04473361700656,320.8470264621108,175.242908525021,10
3.3499999999999996,3.3499999999999996,3.3499999999999996,523.1772806965754,343.2403281035802,187.47386903726573,10
3.3499999999999996,3.3499999999999996,3.3499999999999996,494.8867378632608,324.6797835948308,177.33631582573406,10
3.3499999999999996,3.3499999999999996,3.3499999999999996,518.0874705225682,339.90106208693464,185.6500008358104,10
3.3499999999999996,3.3499999999999996,3.3499999999999996,508.0179383932574,333.2947555070456,182.0417131342429,10
3.3499999999999996,3.3499999999999996,3.3499999999999996,484.99341487734824,318.18908234878654,173.7911704109047,10
3.3499999999999996,3.3499999999999996,3.3499999999999996,476.1008410204549,312.3549414544008,170.60463061232676,10
3.3499999999999996,3.3499999999999996,3.3499999999999996,435.81944860416405,285.92757379228044,156.17031022969118,10
3.3499999999999996,3.3499999999999996,3.3499999999999996,482.15208560028327,316.324974656626,172.77301650316812,10
3.3499999999999996,3.3499999999999996,3.3499999999999996,516.6131952453784,338.93383596965384,185.1217131971102,10
3.3499999999999996,3.3499999999999996,3.3499999999999996,497.18126327352394,326.1851502912059,178.15852958030234,10
3.3499999999999996,3.3499999999999996,3.3499999999999996,455.8555211023301,299.0726172640098,163.34997985628732,10
3.3499999999999996,3.3499999999999996,3.3499999999999996,491.5823645400037,322.51188711786335,176.15223602236466,10
3.3499999999999996,3.3499999999999996,3.3499999999999996,506.75562504757715,332.46659101495624,181.589379335388,10
3.3499999999999996,3.3499999999999996,3.3499999999999996,463.8760500702783,304.3346366522704,166.22403355247368,10
3.3499999999999996,3.3499999999999996,3.3499999999999996,565.4260619561298,370.9584383437613,202.61317798105654,10
3.3499999999999996,3.3499999999999996,3.3499999999999996,567.5871094399835,372.37623432759636,203.387561632487,10
3.3499999999999996,3.3499999999999996,3.3499999999999996,548.3428455936047,359.75067186443226,196.49162648168866,10
3.3499999999999996,3.3499999999999996,3.3499999999999996,483.58428240986075,317.2645944011488,173.28622586263577,10
3.3499999999999996,3.3499999999999996,3.3499999999999996,528.3057010981753,346.60492508866815,189.31157271862108,10
3.3499999999999996,3.3499999999999996,3.3499999999999996,560.672539711016,367.83980036909975,200.909814246187,10
3.3499999999999996,3.3499999999999996,3.3499999999999996,490.3015287945557,321.6715706558621,175.693264959094,10
3.3499999999999996,3.3499999999999996,3.3499999999999996,568.6460408810951,373.0709662830866,203.7670161341161,10
3.3499999999999996,3.3499999999999996,3.3499999999999996,506.3218622053646,332.18201271659825,181.43394598368377,10
3.3499999999999996,3.3499999999999996,3.3499999999999996,576.6545917041152,378.3251271833224,206.63677761568152,10
3.3499999999999996,3.3499999999999996,3.3499999999999996,563.9373296841583,369.98172744222984,202.0797098636804,10
3.3499999999999996,3.3499999999999996,3.3499999999999996,572.152553779929,375.3714802432736,205.02353006204925,10
3.3499999999999996,3.3499999999999996,3.3499999999999996,630.8502176192023,413.8811903137892,226.05708512916908,10
3.3499999999999996,3.3499999999999996,3.3499999999999996,649.1180504798637,425.8661468021258,232.60312875849962,10
3.3499999999999996,3.3499999999999996,3.3499999999999996,557.8946133833267,366.01728937838135,199.91437997224645,10
3.3499999999999996,3.3499999999999996,3.3499999999999996,516.5031670501361,338.86164989577594,185.08228600440452,10
3.3499999999999996,3.3499999999999996,3.3499999999999996,549.7043140971172,360.64388896901704,196.97949125973489,10
3.3499999999999996,3.3499999999999996,3.3499999999999996,587.6499602999829,385.5388462489525,210.5768269416263,10
3.3499999999999996,3.3499999999999996,3.3499999999999996,636.7182904951445,417.7310502629681,228.159833789013,10
3.3499999999999996,3.3499999999999996,3.3499999999999996,606.594190755035,397.9675661436779,217.36524897442854,10
3.3499999999999996,3.3499999999999996,3.3499999999999996,561.8106280522701,368.5864647027321,201.31763360783242,10
3.3499999999999996,3.3499999999999996,3.3499999999999996,631.8085972810878,414.5099533769623,226.40050819024134,10
3.3499999999999996,3.3499999999999996,3.3499999999999996,576.3088378341635,378.0982888320711,206.51288115051364,10
3.3499999999999996,3.3499999999999996,3.3499999999999996,519.0238968485006,340.11577964260493,185.79815860473286,11
3.3499999999999996,3.3499999999999996,3.3499999999999996,467.79268166677997,306.54402158026846,167.45860718591848,11
3.3499999999999996,3.3499999999999996,3.3499999999999996,521.9230200366648,342.01557182830123,186.83597546287737,11
3.3499999999999996,3.3499999999999996,3.3499999999999996,540.6606142100219,354.29429635253695,193.5435866446197,11
3.3499999999999996,3.3499999999999996,3.3499999999999996,505.7750060289252,331.4337962929732,181.055372130393,11
3.3499999999999996,3.3499999999999996,3.3499999999999996,535.2820409370142,350.76972329680376,191.61818587576622,11
3.3499999999999996,3.3499999999999996,3.3499999999999996,565.5833809404971,370.62615754208196,202.4653418739541,11
3.3499999999999996,3.3499999999999996,3.3499999999999996,584.4907345626978,383.0161252434539,209.23372288381495,11
3.3499999999999996,3.3499999999999996,3.3499999999999996,535.6434621232241,351.00656219627166,191.74756602817592,11
3.3499999999999996,3.3499999999999996,3.3499999999999996,550.96086472969,361.044039008478,197.23083031748746,11
3.3499999999999996,3.3499999999999996,3.3499999999999996,521.3244168874326,341.6233078534942,186.6216898326055,11
3.3499999999999996,3.3499999999999996,3.3499999999999996,493.4633515428044,323.3659828653776,176.64809387829615,11
3.3499999999999996,3.3499999999999996,3.3499999999999996,520.9355406914323,341.36847771678913,186.48248144243152,11
3.3499999999999996,3.3499999999999996,3.3499999999999996,453.49276461072975,297.1733019123015,162.33957842183423,11
3.3499999999999996,3.3499999999999996,3.3499999999999996,460.3079621982214,301.6392932760184,164.77925638266032,11
3.3499999999999996,3.3499999999999996,3.3499999999999996,402.6977880209634,263.8874105118154,144.15618999973256,11
3.3499999999999996,3.3499999999999996,3.3499999999999996,430.87424390758895,282.3514105696825,154.24268823522834,11
3.3499999999999996,3.3499999999999996,3.3499999999999996,498.20398307743807,326.47251341279656,178.34512674153555,11
3.3499999999999996,3.3499999999999996,3.3499999999999996,493.1391086110006,323.1535068344787,176.5320226529912,11
3.3499999999999996,3.3499999999999996,3.3499999999999996,455.2716319647776,298.3389917016858,162.9763704477718,11
3.3499999999999996,3.3499999999999996,3.3499999999999996,501.11344264420507,328.3790790158413,179.3866437763437,11
3.3499999999999996,3.3499999999999996,3.3499999999999996,545.7705709865028,357.6428453182508,195.37282912340498,11
3.3499999999999996,3.3499999999999996,3.3499999999999996,489.04473361700656,320.4704674760078,175.06633419598475,11
3.3499999999999996,3.3499999999999996,3.3499999999999996,523.1772806965754,342.83748743721804,187.2849708221214,11
3.3499999999999996,3.3499999999999996,3.3499999999999996,494.8867378632608,324.29872633066736,177.1576321845857,11
3.3499999999999996,3.3499999999999996,3.3499999999999996,518.0874705225682,339.50214051759315,185.46294034583644,11
3.3499999999999996,3.3499999999999996,3.3499999999999996,508.0179383932574,332.90358736504623,181.858288346194,11
3.3499999999999996,3.3499999999999996,3.3499999999999996,484.99341487734824,317.8156428328916,173.61605884966662,11
3.3499999999999996,3.3499999999999996,3.3499999999999996,476.1008410204549,311.98834912111573,170.43272980085084,11
3.3499999999999996,3.3499999999999996,3.3499999999999996,435.81944860416405,285.5919976815297,156.0129534043778,11
3.3499999999999996,3.3499999999999996,3.3499999999999996,482.15208560028327,315.95372293255923,172.59893083133474,11
3.3499999999999996,3.3499999999999996,3.3499999999999996,516.6131952453784,338.53604957581973,184.935185008478,11
3.3499999999999996,3.3499999999999996,3.3499999999999996,497.18126327352394,325.80232626808834,177.97901747857165,11
3.3499999999999996,3.3499999999999996,3.3499999999999996,455.8555211023301,298.7216136010807,163.18538881329462,11
3.3499999999999996,3.3499999999999996,3.3499999999999996,491.5823645400037,322.13337418427494,175.97474545715053,11
3.3499999999999996,3.3499999999999996,3.3499999999999996,506.75562504757715,332.07639484014294,181.40641031777628,11
3.3499999999999996,3.3499999999999996,3.3499999999999996,463.8760500702783,303.9774572715621,166.05654661995663,11
3.3499999999999996,3.3499999999999996,3.3499999999999996,565.4260619561298,370.52306658741566,202.4090254349876,11
3.3499999999999996,3.3499999999999996,3.3499999999999996,567.5871094399835,371.93919858881003,203.1826288193316,11
3.3499999999999996,3.3499999999999996,3.3499999999999996,548.3428455936047,359.32845399400065,196.29364199604373,11
3.3499999999999996,3.3499999999999996,3.3499999999999996,483.58428240986075,316.89223990152504,173.1116230822982,11
3.3499999999999996,3.3499999999999996,3.3499999999999996,528.3057010981753,346.1981355958408,189.12082283771045,11
3.3499999999999996,3.3499999999999996,3.3499999999999996,560.672539711016,367.4080887718234,200.70737800528056,11
3.3499999999999996,3.3499999999999996,3.3499999999999996,490.3015287945557,321.2940439515009,175.51623685200855,11
3.3499999999999996,3.3499999999999996,3.3499999999999996,568.6460408810951,372.6331151789105,203.56170098352644,11
3.3499999999999996,3.3499999999999996,3.3499999999999996,506.3218622053646,331.79215053433177,181.25113358033974,11
3.3499999999999996,3.3499999999999996,3.3499999999999996,576.6545917041152,377.8811095844052,206.42857090039246,11
3.3499999999999996,3.3499999999999996,3.3499999999999996,563.9373296841583,369.54750199311627,201.87609483879098,11
3.3499999999999996,3.3499999999999996,3.3499999999999996,572.152553779929,374.9309291633056,204.81694885107737,11
3.3499999999999996,3.3499999999999996,3.3499999999999996,630.8502176192023,413.3954426878561,225.82931055919346,11
3.3499999999999996,3.3499999999999996,3.3499999999999996,649.1180504798637,425.3663331487979,232.36875841086075,11
3.3499999999999996,3.3499999999999996,3.3499999999999996,557.8946133833267,365.58771675336976,199.71294672849692,11
3.3499999999999996,3.3499999999999996,3.3499999999999996,516.5031670501361,338.46394822242405,184.8957975425159,11
3.3499999999999996,3.3499999999999996,3.3499999999999996,549.7043140971172,360.22062278303457,196.78101520272443,11
3.3499999999999996,3.3499999999999996,3.3499999999999996,587.6499602999829,385.0863623389481,210.36465024220522,11
3.3499999999999996,3.3499999999999996,3.3499999999999996,636.7182904951445,417.2407842864207,227.92994049459446,11
3.3499999999999996,3.3499999999999996,3.3499999999999996,606.594190755035,397.50049538768127,217.14623227745355,11
3.3499999999999996,3.3499999999999996,3.3499999999999996,561.8106280522701,368.15387679013645,201.11478644912768,11
3.3499999999999996,3.3499999999999996,3.3499999999999996,631.8085972810878,414.02346780938706,226.17238758802344,11
3.3499999999999996,3.3499999999999996,3.3499999999999996,576.3088378341635,377.65453745977425,206.304799273002,11
3.3499999999999996,3.3499999999999996,3.3499999999999996,519.0238968485006,340.0757452919082,185.7793966508853,12
3.3499999999999996,3.3499999999999996,3.3499999999999996,467.79268166677997,306.507938894317,167.44169716548012,12
3.3499999999999996,3.3499999999999996,3.3499999999999996,521.9230200366648,341.9753138568519,186.81710870997173,12
3.3499999999999996,3.3499999999999996,3.3499999999999996,540.6606142100219,354.2525930768908,193.5240425551228,12
3.3499999999999996,3.3499999999999996,3.3499999999999996,505.7750060289252,331.39478388123666,181.03708910454773,12
3.3499999999999996,3.3499999999999996,3.3499999999999996,535.2820409370142,350.72843489162886,191.59883621381715,12
3.3499999999999996,3.3499999999999996,3.3499999999999996,565.5833809404971,370.5825318755985,202.44489686293514,12
3.3499999999999996,3.3499999999999996,3.3499999999999996,584.4907345626978,382.97104117856094,209.21259439964922,12
3.3499999999999996,3.3499999999999996,3.3499999999999996,535.6434621232241,350.96524591326187,191.72820330138023,12
3.3499999999999996,3.3499999999999996,3.3499999999999996,550.96086472969,361.00154123407356,197.21091388901723,12
3.3499999999999996,3.3499999999999996,3.3499999999999996,521.3244168874326,341.5830960546557,186.60284471832713,12
3.3499999999999996,3.3499999999999996,3.3499999999999996,493.4633515428044,323.32792009988333,176.63025590073224,12
3.3499999999999996,3.3499999999999996,3.3499999999999996,520.9355406914323,341.3282959134982,186.4636503854583,12
3.3499999999999996,3.3499999999999996,3.3499999999999996,453.49276461072975,297.1383222350898,162.32318532245765,12
3.3499999999999996,3.3499999999999996,3.3499999999999996,460.3079621982214,301.6037879158625,164.76261692387067,12
3.3499999999999996,3.3499999999999996,3.3499999999999996,402.6977880209634,263.85634885055407,144.14163306437902,12
3.3499999999999996,3.3499999999999996,3.3499999999999996,430.87424390758895,282.3181755477664,154.22711276225417,12
3.3499999999999996,3.3499999999999996,3.3499999999999996,498.20398307743807,326.4340849837817,178.32711739708353,12
3.3499999999999996,3.3499999999999996,3.3499999999999996,493.1391086110006,323.11546907911463,176.51419639633446,12
3.3499999999999996,3.3499999999999996,3.3499999999999996,455.2716319647776,298.30387481345184,162.95991304494518,12
3.3499999999999996,3.3499999999999996,3.3499999999999996,501.11344264420507,328.3404261687883,179.36852925918873,12
3.3499999999999996,3.3499999999999996,3.3499999999999996,545.7705709865028,357.6007478915784,195.35310031645332,12
3.3499999999999996,3.3499999999999996,3.3499999999999996,489.04473361700656,320.43274553586036,175.04865594498852,12
3.3499999999999996,3.3499999999999996,3.3499999999999996,523.1772806965754,342.79713271972,187.26605872952962,12
3.3499999999999996,3.3499999999999996,3.3499999999999996,494.8867378632608,324.2605537737984,177.13974275369057,12
3.3499999999999996,3.3499999999999996,3.3499999999999996,518.0874705225682,339.462178397135,185.44421224242924,12
3.3499999999999996,3.3499999999999996,3.3499999999999996,508.0179383932574,332.8644019471313,181.83992424162815,12
3.3499999999999996,3.3499999999999996,3.3499999999999996,484.99341487734824,317.77823338686284,173.59852704791032,12
3.3499999999999996,3.3499999999999996,3.3499999999999996,476.1008410204549,311.951625594218,170.41551945261787,12
3.3499999999999996,3.3499999999999996,3.3499999999999996,435.81944860416405,285.5583812165618,155.99719916949525,12
3.3499999999999996,3.3499999999999996,3.3499999999999996,482.15208560028327,315.91653264941175,172.58150173947124,12
3.3499999999999996,3.3499999999999996,3.3499999999999996,516.6131952453784,338.4962011720013,184.91651019796328,12
3.3499999999999996,3.3499999999999996,3.3499999999999996,497.18126327352394,325.7639767254669,177.9610451039429,12
3.3499999999999996,3.3499999999999996,3.3499999999999996,455.8555211023301,298.68645167518537,163.16891030373074,12
3.3499999999999996,3.3499999999999996,3.3499999999999996,491.5823645400037,322.09545650669247,175.95697547451232,12
3.3499999999999996,3.3499999999999996,3.3499999999999996,506.75562504757715,332.0373067894117,181.38809184398943,12
3.3499999999999996,3.3499999999999996,3.3499999999999996,463.8760500702783,303.9416766907813,166.03977818001522,12
3.3499999999999996,3.3499999999999996,3.3499999999999996,565.4260619561298,370.4794530555631,202.38858611081952,12
3.3499999999999996,3.3499999999999996,3.3499999999999996,567.5871094399835,371.89541836688136,203.16211137646147,12
3.3499999999999996,3.3499999999999996,3.3499999999999996,548.3428455936047,359.28615815768967,196.2738202051317,12
3.3499999999999996,3.3499999999999996,3.3499999999999996,483.58428240986075,316.8549391474153,173.09414221861715,12
3.3499999999999996,3.3499999999999996,3.3499999999999996,528.3057010981753,346.1573853031447,189.10172536023083,12
3.3499999999999996,3.3499999999999996,3.3499999999999996,560.672539711016,367.36484189780253,200.68711051398094,12
3.3499999999999996,3.3499999999999996,3.3499999999999996,490.3015287945557,321.25622506980756,175.49851316970697,12
3.3499999999999996,3.3499999999999996,3.3499999999999996,568.6460408810951,372.5892532774427,203.54114526183534,12
3.3499999999999996,3.3499999999999996,3.3499999999999996,506.3218622053646,331.7530959414314,181.23283078644448,12
3.3499999999999996,3.3499999999999996,3.3499999999999996,576.6545917041152,377.83662995197324,206.40772568131635,12
3.3499999999999996,3.3499999999999996,3.3499999999999996,563.9373296841583,369.5040032930281,201.85570933011456,12
3.3499999999999996,3.3499999999999996,3.3499999999999996,572.152553779929,374.8867967907324,204.7962663740797,12
3.3499999999999996,3.3499999999999996,3.3499999999999996,630.8502176192023,413.3467827340414,225.80650624760088,12
3.3499999999999996,3.3499999999999996,3.3499999999999996,649.1180504798637,425.31626412532086,232.3452937438604,12
3.3499999999999996,3.3499999999999996,3.3499999999999996,557.8946133833267,365.5446841517118,199.69277965516622,12
3.3499999999999996,3.3499999999999996,3.3499999999999996,516.5031670501361,338.4241083055122,184.87712670935937,12
3.3499999999999996,3.3499999999999996,3.3499999999999996,549.7043140971172,360.17822193131326,196.76114419671958,12
3.3499999999999996,3.3499999999999996,3.3499999999999996,587.6499602999829,385.0410345905719,210.34340755665522,12
3.3499999999999996,3.3499999999999996,3.3499999999999996,636.7182904951445,417.191671705109,227.90692406076022,12
3.3499999999999996,3.3499999999999996,3.3499999999999996,606.594190755035,397.45370639644057,217.12430478571318,12
3.3499999999999996,3.3499999999999996,3.3499999999999996,561.8106280522701,368.110542130894,201.09447781760105,12
3.3499999999999996,3.3499999999999996,3.3499999999999996,631.8085972810878,413.97473393198675,226.14954863240948,12
3.3499999999999996,3.3499999999999996,3.3499999999999996,576.3088378341635,377.6100844966957,206.2839665524219,12
3.3499999999999996,3.3499999999999996,3.3499999999999996,519.0238968485006,340.07174115441876,185.77752023492602,13
3.3499999999999996,3.3499999999999996,3.3499999999999996,467.79268166677997,306.5043299926358,167.44000596463403,13
3.3499999999999996,3.3499999999999996,3.3499999999999996,521.9230200366648,341.97128735336366,186.81522181287465,13
3.3499999999999996,3.3499999999999996,3.3499999999999996,540.6606142100219,354.24842201762436,193.5220879164035,13
3.3499999999999996,3.3499999999999996,3.3499999999999996,505.7750060289252,331.39088195557343,181.03526058701922,13
3.3499999999999996,3.3499999999999996,3.3499999999999996,535.2820409370142,350.72430532668864,191.59690102013832,13
3.3499999999999996,3.3499999999999996,3.3499999999999996,565.5833809404971,370.57816854351915,202.4428521214719,13
3.3499999999999996,3.3499999999999996,3.3499999999999996,584.4907345626978,382.96653198105247,209.21048130283611,13
3.3499999999999996,3.3499999999999996,3.3499999999999996,535.6434621232241,350.961113560049,191.72626680106322,13
3.3499999999999996,3.3499999999999996,3.3499999999999996,550.96086472969,360.9972907109914,197.20892201202327,13
3.3499999999999996,3.3499999999999996,3.3499999999999996,521.3244168874326,341.5790741692386,186.6009599853472,13
3.3499999999999996,3.3499999999999996,3.3499999999999996,493.4633515428044,323.3241131555065,176.62847189326408,13
3.3499999999999996,3.3499999999999996,3.3499999999999996,520.9355406914323,341.3242770281621,186.46176705837405,13
3.3499999999999996,3.3499999999999996,3.3499999999999996,453.49276461072975,297.1348236536353,162.32154581979492,13
3.3499999999999996,3.3499999999999996,3.3499999999999996,460.3079621982214,301.6002367568901,164.7609527823703,13
3.3499999999999996,3.3499999999999996,3.3499999999999996,402.6977880209634,263.85324213943784,144.1401771997054,13
3.3499999999999996,3.3499999999999996,3.3499999999999996,430.87424390758895,282.314851462452,154.225555031844,13
3.3499999999999996,3.3499999999999996,3.3499999999999996,498.20398307743807,326.430241466637,178.3253162509118,13
3.3499999999999996,3.3499999999999996,3.3499999999999996,493.1391086110006,323.1116646361896,176.51241356109483,13
3.3499999999999996,3.3499999999999996,3.3499999999999996,455.2716319647776,298.3003625084877,162.9582671111815,13
3.3499999999999996,3.3499999999999996,3.3499999999999996,501.11344264420507,328.33656020590234,179.36671759451033,13
3.3499999999999996,3.3499999999999996,3.3499999999999996,545.7705709865028,357.59653741029376,195.35112720381687,13
3.3499999999999996,3.3499999999999996,3.3499999999999996,489.04473361700656,320.428972679998,175.04688791205493,13
3.3499999999999996,3.3499999999999996,3.3499999999999996,523.1772806965754,342.7930965399295,187.26416729793087,13
3.3499999999999996,3.3499999999999996,3.3499999999999996,494.8867378632608,324.25673584835766,177.13795360028442,13
3.3499999999999996,3.3499999999999996,3.3499999999999996,518.0874705225682,339.4581814839368,185.44233921191204,13
3.3499999999999996,3.3499999999999996,3.3499999999999996,508.0179383932574,332.8604827178149,181.8380876152744,13
3.3499999999999996,3.3499999999999996,3.3499999999999996,484.99341487734824,317.77449178589524,173.5967736616225,13
3.3499999999999996,3.3499999999999996,3.3499999999999996,476.1008410204549,311.9479525971983,170.4137982154615,13
3.3499999999999996,3.3499999999999996,3.3499999999999996,435.81944860416405,285.55501898024966,155.9956235607927,13
3.3499999999999996,3.3499999999999996,3.3499999999999996,482.15208560028327,315.91281296857755,172.5797586253801,13
3.3499999999999996,3.3499999999999996,3.3499999999999996,516.6131952453784,338.4922156324622,184.9146424973618,13
3.3499999999999996,3.3499999999999996,3.3499999999999996,497.18126327352394,325.7601410983456,177.95924765518828,13
3.3499999999999996,3.3499999999999996,3.3499999999999996,455.8555211023301,298.6829348656649,163.16726225904515,13
3.3499999999999996,3.3499999999999996,3.3499999999999996,491.5823645400037,322.09166407365234,175.9551982673361,13
3.3499999999999996,3.3499999999999996,3.3499999999999996,506.75562504757715,332.03339729852206,181.38625978125006,13
3.3499999999999996,3.3499999999999996,3.3499999999999996,463.8760500702783,303.93809800491766,166.03810113888338,13
3.3499999999999996,3.3499999999999996,3.3499999999999996,565.4260619561298,370.4750909371598,202.38654193810828,13
3.3499999999999996,3.3499999999999996,3.3499999999999996,567.5871094399835,371.8910395765459,203.1600593909616,13
3.3499999999999996,3.3499999999999996,3.3499999999999996,548.3428455936047,359.28192783196016,196.27183779300609,13
3.3499999999999996,3.3499999999999996,3.3499999999999996,483.58428240986075,316.8512084175466,173.0923939267357,13
3.3499999999999996,3.3499999999999996,3.3499999999999996,528.3057010981753,346.15330955889374,189.09981538796382,13
3.3499999999999996,3.3499999999999996,3.3499999999999996,560.672539711016,367.3605164516155,200.68508352657668,13
3.3499999999999996,3.3499999999999996,3.3499999999999996,490.3015287945557,321.2524425180899,175.4967405931087,13
3.3499999999999996,3.3499999999999996,3.3499999999999996,568.6460408810951,372.5848663177201,203.53908944800332,13
3.3499999999999996,3.3499999999999996,3.3499999999999996,506.3218622053646,331.7491897969119,181.23100029187856,13
3.3499999999999996,3.3499999999999996,3.3499999999999996,576.6545917041152,377.83218120831583,206.4056409143424,13
3.3499999999999996,3.3499999999999996,3.3499999999999996,563.9373296841583,369.499652659816,201.85367053958518,13
3.3499999999999996,3.3499999999999996,3.3499999999999996,572.152553779929,374.8823827791538,204.79419788322687,13
3.3499999999999996,3.3499999999999996,3.3499999999999996,630.8502176192023,413.3419158849003,225.80422554834328,13
3.3499999999999996,3.3499999999999996,3.3499999999999996,649.1180504798637,425.3112563444907,232.34294700129854,13
3.3499999999999996,3.3499999999999996,3.3499999999999996,557.8946133833267,365.54038013652064,199.6907627107394,13
3.3499999999999996,3.3499999999999996,3.3499999999999996,516.5031670501361,338.42012361481267,184.87525940654047,13
3.3499999999999996,3.3499999999999996,3.3499999999999996,549.7043140971172,360.1739811022002,196.75915686250613,13
3.3499999999999996,3.3499999999999996,3.3499999999999996,587.6499602999829,385.0365010204397,210.34128303836104,13
3.3499999999999996,3.3499999999999996,3.3499999999999996,636.7182904951445,417.1867595852766,227.90462214678465,13
3.3499999999999996,3.3499999999999996,3.3499999999999996,606.594190755035,397.4490266763837,217.12211177874912,13
3.3499999999999996,3.3499999999999996,3.3499999999999996,561.8106280522701,368.1062079046447,201.09244671569041,13
3.3499999999999996,3.3499999999999996,3.3499999999999996,631.8085972810878,413.96985968919006,226.14726446834243,13
3.3499999999999996,3.3499999999999996,3.3499999999999996,576.3088378341635,377.60563842044166,206.28188303544454,13
3.3499999999999996,3.3499999999999996,3.3499999999999996,519.0238968485006,340.0713407336439,185.7773325911248,14
3.3499999999999996,3.3499999999999996,3.3499999999999996,467.79268166677997,306.5039690961354,167.4398368425618,14
3.3499999999999996,3.3499999999999996,3.3499999999999996,521.9230200366648,341.97088469594985,186.81503312094728,14
3.3499999999999996,3.3499999999999996,3.3499999999999996,540.6606142100219,354.2480049043791,193.5218924502343,14
3.3499999999999996,3.3499999999999996,3.3499999999999996,505.7750060289252,331.39049175616077,181.03507773311736,14
3.3499999999999996,3.3499999999999996,3.3499999999999996,535.2820409370142,350.72389236294873,191.59670749849607,14
3.3499999999999996,3.3499999999999996,3.3499999999999996,565.5833809404971,370.5777322026553,202.44264764492246,14
3.3499999999999996,3.3499999999999996,3.3499999999999996,584.4907345626978,382.9660810533897,209.21026999067126,14
3.3499999999999996,3.3499999999999996,3.3499999999999996,535.6434621232241,350.960700317477,191.72607314875552,14
3.3499999999999996,3.3499999999999996,3.3499999999999996,550.96086472969,360.9968656512252,197.20872282198278,14
3.3499999999999996,3.3499999999999996,3.3499999999999996,521.3244168874326,341.5786719736401,186.60077150983406,14
3.3499999999999996,3.3499999999999996,3.3499999999999996,493.4633515428044,323.32373245438896,176.6282934904205,14
3.3499999999999996,3.3499999999999996,3.3499999999999996,520.9355406914323,341.323875132577,186.4615787234522,14
3.3499999999999996,3.3499999999999996,3.3499999999999996,453.49276461072975,297.1344737893512,162.3213818676018,14
3.3499999999999996,3.3499999999999996,3.3499999999999996,460.3079621982214,301.59988163476197,164.76078636626445,14
3.3499999999999996,3.3499999999999996,3.3499999999999996,402.6977880209634,263.8529314628752,144.14003161152695,14
3.3499999999999996,3.3499999999999996,3.3499999999999996,430.87424390758895,282.3145190480881,154.22539925697222,14
3.3499999999999996,3.3499999999999996,3.3499999999999996,498.20398307743807,326.4298571081786,178.32513613417782,14
3.3499999999999996,3.3499999999999996,3.3499999999999996,493.1391086110006,323.11128418522173,176.51223527547552,14
3.3499999999999996,3.3499999999999996,3.3499999999999996,455.2716319647776,298.3000112718285,162.95810251587065,14
3.3499999999999996,3.3499999999999996,3.3499999999999996,501.11344264420507,328.33617360283046,179.36653642591324,14
3.3499999999999996,3.3499999999999996,3.3499999999999996,545.7705709865028,357.5961163547775,195.35092989023426,14
3.3499999999999996,3.3499999999999996,3.3499999999999996,489.04473361700656,320.42859538779186,175.0467111066836,14
3.3499999999999996,3.3499999999999996,3.3499999999999996,523.1772806965754,342.7926929148685,187.26397815254802,14
3.3499999999999996,3.3499999999999996,3.3499999999999996,494.8867378632608,324.2563540491146,177.13777468284096,14
3.3499999999999996,3.3499999999999996,3.3499999999999996,518.0874705225682,339.45778178560386,185.44215190665892,14
3.3499999999999996,3.3499999999999996,3.3499999999999996,508.0179383932574,332.86009078800646,181.8379039504804,14
3.3499999999999996,3.3499999999999996,3.3499999999999996,484.99341487734824,317.7741176192334,173.5965983209329,14
3.3499999999999996,3.3499999999999996,3.3499999999999996,476.1008410204549,311.9475852910516,170.41362608972287,14
3.3499999999999996,3.3499999999999996,3.3499999999999996,435.81944860416405,285.5546827507191,155.99546599807064,14
3.3499999999999996,3.3499999999999996,3.3499999999999996,482.15208560028327,315.9124409939676,172.57958431192233,14
3.3499999999999996,3.3499999999999996,3.3499999999999996,516.6131952453784,338.49181707151524,184.91445572510656,14
3.3499999999999996,3.3499999999999996,3.3499999999999996,497.18126327352394,325.75975752890344,177.9590679082002,14
3.3499999999999996,3.3499999999999996,3.3499999999999996,455.8555211023301,298.6825831785422,163.1670974526397,14
3.3499999999999996,3.3499999999999996,3.3499999999999996,491.5823645400037,322.091284823694,175.95502054452976,14
3.3499999999999996,3.3499999999999996,3.3499999999999996,506.75562504757715,332.03300634257346,181.38607657282293,14
3.3499999999999996,3.3499999999999996,3.3499999999999996,463.8760500702783,303.9377401300521,166.03793343279915,14
3.3499999999999996,3.3499999999999996,3.3499999999999996,565.4260619561298,370.4746547176656,202.38633751843466,14
3.3499999999999996,3.3499999999999996,3.3499999999999996,567.5871094399835,371.89060168982917,203.15985418999992,14
3.3499999999999996,3.3499999999999996,3.3499999999999996,548.3428455936047,359.2815047919646,196.27163954946354,14
3.3499999999999996,3.3499999999999996,3.3499999999999996,483.58428240986075,316.8508353380138,173.0922190954928,14
3.3499999999999996,3.3499999999999996,3.3499999999999996,528.3057010981753,346.1529019773173,189.09962438849232,14
3.3499999999999996,3.3499999999999996,3.3499999999999996,560.672539711016,367.36008389940736,200.68488082545394,14
3.3499999999999996,3.3499999999999996,3.3499999999999996,490.3015287945557,321.25206425628113,175.49656333336563,14
3.3499999999999996,3.3499999999999996,3.3499999999999996,568.6460408810951,372.58442761405047,203.53888386420402,14
3.3499999999999996,3.3499999999999996,3.3499999999999996,506.3218622053646,331.7487991756061,181.23081724027057,14
3.3499999999999996,3.3499999999999996,3.3499999999999996,576.6545917041152,377.83173632614427,206.40543243519477,14
3.3499999999999996,3.3499999999999996,3.3499999999999996,563.9373296841583,369.49921758886114,201.85346665813603,14
3.3499999999999996,3.3499999999999996,3.3499999999999996,572.152553779929,374.881941370251,204.79399103171053,14
3.3499999999999996,3.3499999999999996,3.3499999999999996,630.8502176192023,413.34142919144676,225.80399747573705,14
3.3499999999999996,3.3499999999999996,3.3499999999999996,649.1180504798637,425.31075555762084,232.34271232428424,14
3.3499999999999996,3.3499999999999996,3.3499999999999996,557.8946133833267,365.5399497274496,199.6905610139262,14
3.3499999999999996,3.3499999999999996,3.3499999999999996,516.5031670501361,338.41972513875123,184.87507267406394,14
3.3499999999999996,3.3499999999999996,3.3499999999999996,549.7043140971172,360.1735570118477,196.75895812674906,14
3.3499999999999996,3.3499999999999996,3.3499999999999996,587.6499602999829,385.0360476554717,210.34107058403475,14
3.3499999999999996,3.3499999999999996,3.3499999999999996,636.7182904951445,417.1862683646745,227.90439195268164,14
3.3499999999999996,3.3499999999999996,3.3499999999999996,606.594190755035,397.4485586961669,217.12189247547528,14
3.3499999999999996,3.3499999999999996,3.3499999999999996,561.8106280522701,368.10577447441483,201.09224360311222,14
3.3499999999999996,3.3499999999999996,3.3499999999999996,631.8085972810878,413.969372256358,226.14703604925117,14
3.3499999999999996,3.3499999999999996,3.3499999999999996,576.3088378341635,377.60519380501506,206.28167468129803,14
3.3499999999999996,3.3499999999999996,3.3499999999999996,519.0238968485006,340.0713006914964,185.77731382672263,15
3.3499999999999996,3.3499999999999996,3.3499999999999996,467.79268166677997,306.50393300642213,167.4398199303347,15
3.3499999999999996,3.3499999999999996,3.3499999999999996,521.9230200366648,341.97084443013784,186.81501425173238,15
3.3499999999999996,3.3499999999999996,3.3499999999999996,540.6606142100219,354.24796319298144,193.52187290359439,15
3.3499999999999996,3.3499999999999996,3.3499999999999996,505.7750060289252,331.3904527361511,181.03505944770563,15
3.3499999999999996,3.3499999999999996,3.3499999999999996,535.2820409370142,350.7238510665024,191.59668814630908,15
3.3499999999999996,3.3499999999999996,3.3499999999999996,565.5833809404971,370.5776885684924,202.44262719724338,15
3.3499999999999996,3.3499999999999996,3.3499999999999996,584.4907345626978,382.9660359605444,209.21024885942995,15
3.3499999999999996,3.3499999999999996,3.3499999999999996,535.6434621232241,350.9606589931474,191.726053783502,15
3.3499999999999996,3.3499999999999996,3.3499999999999996,550.96086472969,360.9968231451741,197.20870290295528,15
3.3499999999999996,3.3499999999999996,3.3499999999999996,521.3244168874326,341.5786317540097,186.6007526622606,15
3.3499999999999996,3.3499999999999996,3.3499999999999996,493.4633515428044,323.32369438421057,176.62827565011517,15
3.3499999999999996,3.3499999999999996,3.3499999999999996,520.9355406914323,341.323834942948,186.46155988993783,15
3.3499999999999996,3.3499999999999996,3.3499999999999996,453.49276461072975,297.13443880286144,162.32136547236317,15
3.3499999999999996,3.3499999999999996,3.3499999999999996,460.3079621982214,301.5998461224869,164.7607697246343,15
3.3499999999999996,3.3499999999999996,3.3499999999999996,402.6977880209634,263.8529003951644,144.140017052692,15
3.3499999999999996,3.3499999999999996,3.3499999999999996,430.87424390758895,282.3144858065934,154.22538367946674,15
3.3499999999999996,3.3499999999999996,3.3499999999999996,498.20398307743807,326.42981867226536,178.32511812248322,15
3.3499999999999996,3.3499999999999996,3.3499999999999996,493.1391086110006,323.11124614005814,176.51221744689263,15
3.3499999999999996,3.3499999999999996,3.3499999999999996,455.2716319647776,298.299976148101,162.95808605632024,15
3.3499999999999996,3.3499999999999996,3.3499999999999996,501.11344264420507,328.3361349424555,179.36651830903222,15
3.3499999999999996,3.3499999999999996,3.3499999999999996,545.7705709865028,357.5960742491521,195.35091015885277,15
3.3499999999999996,3.3499999999999996,3.3499999999999996,489.04473361700656,320.4285576585051,175.04669342612573,15
3.3499999999999996,3.3499999999999996,3.3499999999999996,523.1772806965754,342.7926525522916,187.2639592379875,15
3.3499999999999996,3.3499999999999996,3.3499999999999996,494.8867378632608,324.2563158691234,177.13775679107556,15
3.3499999999999996,3.3499999999999996,3.3499999999999996,518.0874705225682,339.4577418157005,185.44213317611164,15
3.3499999999999996,3.3499999999999996,3.3499999999999996,508.0179383932574,332.86005159495693,181.83788558397944,15
3.3499999999999996,3.3499999999999996,3.3499999999999996,484.99341487734824,317.77408020250164,173.59658078684333,15
3.3499999999999996,3.3499999999999996,3.3499999999999996,476.1008410204549,311.9475485603725,170.41360887712878,15
3.3499999999999996,3.3499999999999996,3.3499999999999996,435.81944860416405,285.5546491277071,155.99545024177993,15
3.3499999999999996,3.3499999999999996,3.3499999999999996,482.15208560028327,315.9124037964413,172.5795668805561,15
3.3499999999999996,3.3499999999999996,3.3499999999999996,516.6131952453784,338.49177721535057,184.91443704785908,15
3.3499999999999996,3.3499999999999996,3.3499999999999996,497.18126327352394,325.7597191718921,177.9590499334803,15
3.3499999999999996,3.3499999999999996,3.3499999999999996,455.8555211023301,298.6825480097682,163.16708097197974,15
3.3499999999999996,3.3499999999999996,3.3499999999999996,491.5823645400037,322.0912468986317,175.9550027722282,15
3.3499999999999996,3.3499999999999996,3.3499999999999996,506.75562504757715,332.03296724691,181.38605825195864,15
3.3499999999999996,3.3499999999999996,3.3499999999999996,463.8760500702783,303.93770434250274,166.03791666217103,15
3.3499999999999996,3.3499999999999996,3.3499999999999996,565.4260619561298,370.4746110956397,202.38631707644322,15
3.3499999999999996,3.3499999999999996,3.3499999999999996,567.5871094399835,371.89055790108074,203.15983366987967,15
3.3499999999999996,3.3499999999999996,3.3499999999999996,548.3428455936047,359.2814624878908,196.27161972508597,15
3.3499999999999996,3.3499999999999996,3.3499999999999996,483.58428240986075,316.8507980299951,173.09220161234796,15
3.3499999999999996,3.3499999999999996,3.3499999999999996,528.3057010981753,346.15286121908815,189.09960528852272,15
3.3499999999999996,3.3499999999999996,3.3499999999999996,560.672539711016,367.3600406441107,200.68486055531787,15
3.3499999999999996,3.3499999999999996,3.3499999999999996,490.3015287945557,321.2520264300339,175.49654560737048,15
3.3499999999999996,3.3499999999999996,3.3499999999999996,568.6460408810951,372.58438374360657,203.53886330579988,15
3.3499999999999996,3.3499999999999996,3.3499999999999996,506.3218622053646,331.74876011340706,181.2307989350883,15
3.3499999999999996,3.3499999999999996,3.3499999999999996,576.6545917041152,377.8316918378492,206.40541158725554,15
3.3499999999999996,3.3499999999999996,3.3499999999999996,563.9373296841583,369.4991740816893,201.85344626996718,15
3.3499999999999996,3.3499999999999996,3.3499999999999996,572.152553779929,374.8818972292833,204.79397034653454,15
3.3499999999999996,3.3499999999999996,3.3499999999999996,630.8502176192023,413.3413805220161,225.80397466844957,15
3.3499999999999996,3.3499999999999996,3.3499999999999996,649.1180504798637,425.31070547884616,232.34268885655524,15
3.3499999999999996,3.3499999999999996,3.3499999999999996,557.8946133833267,365.53990668646713,199.6905408442212,15
3.3499999999999996,3.3499999999999996,3.3499999999999996,516.5031670501361,338.4196852910751,184.87505400079434,15
3.3499999999999996,3.3499999999999996,3.3499999999999996,549.7043140971172,360.1735146027382,196.75893825315,15
3.3499999999999996,3.3499999999999996,3.3499999999999996,587.6499602999829,385.0360023188954,210.3410493385771,15
3.3499999999999996,3.3499999999999996,3.3499999999999996,636.7182904951445,417.186219242528,227.90436893324429,15
3.3499999999999996,3.3499999999999996,3.3499999999999996,606.594190755035,397.44851189806315,217.1218705451221,15
3.3499999999999996,3.3499999999999996,3.3499999999999996,561.8106280522701,368.10573113131574,201.09222329183055,15
3.3499999999999996,3.3499999999999996,3.3499999999999996,631.8085972810878,413.9693235129893,226.14701320731513,15
3.3499999999999996,3.3499999999999996,3.3499999999999996,576.3088378341635,377.60514934339443,206.2816538458589,15
3.3499999999999996,3.3499999999999996,3.3499999999999996,519.0238968485006,337.89631370896996,184.63995908544138,16
3.3499999999999996,3.3499999999999996,3.3499999999999996,467.79268166677997,304.5436321429662,166.41472989563505,16
3.3499999999999996,3.3499999999999996,3.3499999999999996,521.9230200366648,339.7837085750195,185.6713065630751,16
3.3499999999999996,3.3499999999999996,3.3499999999999996,540.6606142100219,351.98230682337737,192.3371048866889,16
3.3499999999999996,3.3499999999999996,3.3499999999999996,505.7750060289252,329.2709856733056,179.92673745208774,16
3.3499999999999996,3.3499999999999996,3.3499999999999996,535.2820409370142,348.48073378791975,190.42370638019185,16
3.3499999999999996,3.3499999999999996,3.3499999999999996,565.5833809404971,368.2075925121293,201.2032450728202,16
3.3499999999999996,3.3499999999999996,3.3499999999999996,584.4907345626978,380.5167080070528,207.92943440709686,16
3.3499999999999996,3.3499999999999996,3.3499999999999996,535.6434621232241,348.7160271670073,190.55228002283073,16
3.3499999999999996,3.3499999999999996,3.3499999999999996,550.96086472969,358.68800323159246,196.001363596296,16
3.3499999999999996,3.3499999999999996,3.3499999999999996,521.3244168874326,339.39400436539,185.45835671307054,16
3.3499999999999996,3.3499999999999996,3.3499999999999996,493.4633515428044,321.25581972087343,175.5469326022641,16
3.3499999999999996,3.3499999999999996,3.3499999999999996,520.9355406914323,339.14083715302166,185.32001609839983,16
3.3499999999999996,3.3499999999999996,3.3499999999999996,453.49276461072975,295.2340622196496,161.32761133291305,16
3.3499999999999996,3.3499999999999996,3.3499999999999996,460.3079621982214,299.6709102260601,163.75208121060916,16
3.3499999999999996,3.3499999999999996,3.3499999999999996,402.6977880209634,262.16538185862686,143.25757167534016,16
3.3499999999999996,3.3499999999999996,3.3499999999999996,430.87424390758895,280.50889289016845,153.2811942747402,16
3.3499999999999996,3.3499999999999996,3.3499999999999996,498.20398307743807,324.3420782340779,177.23338676730114,16
3.3499999999999996,3.3499999999999996,3.3499999999999996,493.1391086110006,321.0447302275613,175.43158492362053,16
3.3499999999999996,3.3499999999999996,3.3499999999999996,455.2716319647776,296.3921451618026,161.96043382425526,16
3.3499999999999996,3.3499999999999996,3.3499999999999996,501.11344264420507,326.2362023167362,178.26841135601558,16
3.3499999999999996,3.3499999999999996,3.3499999999999996,545.7705709865028,355.3090044349309,194.15494451963596,16
3.3499999999999996,3.3499999999999996,3.3499999999999996,489.04473361700656,318.37919936123086,173.97503304621793,16
3.3499999999999996,3.3499999999999996,3.3499999999999996,523.1772806965754,340.6002606759677,186.11750304523045,16
3.3499999999999996,3.3499999999999996,3.3499999999999996,494.8867378632608,322.1824764578491,176.05329462830497,16
3.3499999999999996,3.3499999999999996,3.3499999999999996,518.0874705225682,337.28667895898286,184.30683045772977,16
3.3499999999999996,3.3499999999999996,3.3499999999999996,508.0179383932574,330.7311854490928,180.7246485742852,16
3.3499999999999996,3.3499999999999996,3.3499999999999996,484.99341487734824,315.7416990917776,172.53379819966332,16
3.3499999999999996,3.3499999999999996,3.3499999999999996,476.1008410204549,309.95243207753435,169.37031288989098,16
3.3499999999999996,3.3499999999999996,3.3499999999999996,435.81944860416405,283.728333165761,155.04042424158558,16
3.3499999999999996,3.3499999999999996,3.3499999999999996,482.15208560028327,313.8919293709936,171.52301059498652,16
3.3499999999999996,3.3499999999999996,3.3499999999999996,516.6131952453784,336.3268923584438,183.78236495910073,16
3.3499999999999996,3.3499999999999996,3.3499999999999996,497.18126327352394,323.6762644752162,176.86955969903474,16
3.3499999999999996,3.3499999999999996,3.3499999999999996,455.8555211023301,296.7722702165286,162.1681492437624,16
3.3499999999999996,3.3499999999999996,3.3499999999999996,491.5823645400037,320.03125457418173,174.87778159525612,16
3.3499999999999996,3.3499999999999996,3.3499999999999996,506.75562504757715,329.9093908673002,180.27558739248872,16
3.3499999999999996,3.3499999999999996,3.3499999999999996,463.8760500702783,301.99381625462325,165.02140927567544,16
3.3499999999999996,3.3499999999999996,3.3499999999999996,565.4260619561298,368.1051742897372,201.14727969046822,16
3.3499999999999996,3.3499999999999996,3.3499999999999996,567.5871094399835,369.51206515348747,201.9160607069556,16
3.3499999999999996,3.3499999999999996,3.3499999999999996,548.3428455936047,356.983613470978,195.07001737292006,16
3.3499999999999996,3.3499999999999996,3.3499999999999996,483.58428240986075,314.8243219359611,172.03250690513397,16
3.3499999999999996,3.3499999999999996,3.3499999999999996,528.3057010981753,343.93897852570916,187.94191101348386,16
3.3499999999999996,3.3499999999999996,3.3499999999999996,560.672539711016,365.0105236320116,199.45623972452665,16
3.3499999999999996,3.3499999999999996,3.3499999999999996,490.3015287945557,319.1974014905733,174.42213116938808,16
3.3499999999999996,3.3499999999999996,3.3499999999999996,568.6460408810951,370.2014535084259,202.29276987034547,16
3.3499999999999996,3.3499999999999996,3.3499999999999996,506.3218622053646,329.6270014314813,180.12127859490695,16
3.3499999999999996,3.3499999999999996,3.3499999999999996,576.6545917041152,375.41520150284504,205.14176874163974,16
3.3499999999999996,3.3499999999999996,3.3499999999999996,563.9373296841583,367.13597585811743,200.61767119372058,16
3.3499999999999996,3.3499999999999996,3.3499999999999996,572.152553779929,372.48427283463275,203.54019296994548,16
3.3499999999999996,3.3499999999999996,3.3499999999999996,630.8502176192023,410.6977816057099,224.4215711020548,16
3.3499999999999996,3.3499999999999996,3.3499999999999996,649.1180504798637,422.5905545985318,230.9202543658752,16
3.3499999999999996,3.3499999999999996,3.3499999999999996,557.8946133833267,363.2020306674665,198.4680073779982,16
3.3499999999999996,3.3499999999999996,3.3499999999999996,516.5031670501361,336.255261510997,183.7432230205674,16
3.3499999999999996,3.3499999999999996,3.3499999999999996,549.7043140971172,357.869960306569,195.5543524686855,16
3.3499999999999996,3.3499999999999996,3.3499999999999996,587.6499602999829,382.5734355243887,209.0533119672938,16
3.3499999999999996,3.3499999999999996,3.3499999999999996,636.7182904951445,414.51802997075816,226.50910645891068,16
3.3499999999999996,3.3499999999999996,3.3499999999999996,606.594190755035,394.9065586728277,215.79262003646926,16
3.3499999999999996,3.3499999999999996,3.3499999999999996,561.8106280522701,365.75144492199445,199.8611085292979,16
3.3499999999999996,3.3499999999999996,3.3499999999999996,631.8085972810878,411.32170847468655,224.7625095109283,16
3.3499999999999996,3.3499999999999996,3.3499999999999996,576.3088378341635,375.1901079015356,205.01876866247346,16
3.3499999999999996,3.3499999999999996,3.3499999999999996,519.0238968485006,339.85027465899174,185.66069558346385,17
3.3499999999999996,3.3499999999999996,3.3499999999999996,467.79268166677997,306.30472375788594,167.33471270680118,17
3.3499999999999996,3.3499999999999996,3.3499999999999996,521.9230200366648,341.7485838076657,186.69774461138917,17
3.3499999999999996,3.3499999999999996,3.3499999999999996,540.6606142100219,354.01772317664324,193.40039315784244,17
3.3499999999999996,3.3499999999999996,3.3499999999999996,505.7750060289252,331.175068736298,180.92141806617119,17
3.3499999999999996,3.3499999999999996,3.3499999999999996,535.2820409370142,350.49590151254614,191.47641689937606,17
3.3499999999999996,3.3499999999999996,3.3499999999999996,565.5833809404971,370.3368352060579,202.31554761439168,17
3.3499999999999996,3.3499999999999996,3.3499999999999996,584.4907345626978,382.7171309122787,209.07892102832318,17
3.3499999999999996,3.3499999999999996,3.3499999999999996,535.6434621232241,350.7325555281837,191.60570132970338,17
3.3499999999999996,3.3499999999999996,3.3499999999999996,550.96086472969,360.76219677298604,197.08490881844548,17
3.3499999999999996,3.3499999999999996,3.3499999999999996,521.3244168874326,341.3566260463495,186.48361752063332,17
3.3499999999999996,3.3499999999999996,3.3499999999999996,493.4633515428044,323.11355329544716,176.5174005449054,17
3.3499999999999996,3.3499999999999996,3.3499999999999996,520.9355406914323,341.1019948379956,186.34451212397695,17
3.3499999999999996,3.3499999999999996,3.3499999999999996,453.49276461072975,296.9413191659043,162.2194712631359,17
3.3499999999999996,3.3499999999999996,3.3499999999999996,460.3079621982214,301.40382423749713,164.65734422489234,17
3.3499999999999996,3.3499999999999996,3.3499999999999996,402.6977880209634,263.6814117702184,144.04953584577967,17
3.3499999999999996,3.3499999999999996,3.3499999999999996,430.87424390758895,282.13099825386695,154.12857157178723,17
3.3499999999999996,3.3499999999999996,3.3499999999999996,498.20398307743807,326.2176587882481,178.21317785606433,17
3.3499999999999996,3.3499999999999996,3.3499999999999996,493.1391086110006,322.90124312996375,176.40141519505494,17
3.3499999999999996,3.3499999999999996,3.3499999999999996,455.2716319647776,298.1060989814886,162.85579215762382,17
3.3499999999999996,3.3499999999999996,3.3499999999999996,501.11344264420507,328.1227360667295,179.25392432307257,17
3.3499999999999996,3.3499999999999996,3.3499999999999996,545.7705709865028,357.3636581606148,195.22828226908274,17
3.3499999999999996,3.3499999999999996,3.3499999999999996,489.04473361700656,320.2202982356828,174.93681112965413,17
3.3499999999999996,3.3499999999999996,3.3499999999999996,523.1772806965754,342.5698578036277,187.14640778080377,17
3.3499999999999996,3.3499999999999996,3.3499999999999996,494.8867378632608,324.0455686321016,177.02656186858343,17
3.3499999999999996,3.3499999999999996,3.3499999999999996,518.0874705225682,339.23711455981646,185.32572533625384,17
3.3499999999999996,3.3499999999999996,3.3499999999999996,508.0179383932574,332.6437124436268,181.7237402433139,17
3.3499999999999996,3.3499999999999996,3.3499999999999996,484.99341487734824,317.56754603146993,173.4876087715307,17
3.3499999999999996,3.3499999999999996,3.3499999999999996,476.1008410204549,311.7448012868812,170.30663491305714,17
3.3499999999999996,3.3499999999999996,3.3499999999999996,435.81944860416405,285.3690556623614,155.8975270078348,17
3.3499999999999996,3.3499999999999996,3.3499999999999996,482.15208560028327,315.7070796038731,172.4712332767516,17
3.3499999999999996,3.3499999999999996,3.3499999999999996,516.6131952453784,338.2717777787584,184.79836045940215,17
3.3499999999999996,3.3499999999999996,3.3499999999999996,497.18126327352394,325.54799481252394,177.84733945953846,17
3.3499999999999996,3.3499999999999996,3.3499999999999996,455.8555211023301,298.4884221942974,163.06465588062358,17
3.3499999999999996,3.3499999999999996,3.3499999999999996,491.5823645400037,321.8819068271182,175.84455030150824,17
3.3499999999999996,3.3499999999999996,3.3499999999999996,506.75562504757715,331.8171656510032,181.27219653747233,17
3.3499999999999996,3.3499999999999996,3.3499999999999996,463.8760500702783,303.74016298931366,165.93368945726294,17
3.3499999999999996,3.3499999999999996,3.3499999999999996,565.4260619561298,370.2338247274056,202.2592728412194,17
3.3499999999999996,3.3499999999999996,3.3499999999999996,567.5871094399835,371.6488512519996,203.03230387404346,17
3.3499999999999996,3.3499999999999996,3.3499999999999996,548.3428455936047,359.04795099766903,196.1484138770607,17
3.3499999999999996,3.3499999999999996,3.3499999999999996,483.58428240986075,316.64486393722666,172.9835462116533,17
3.3499999999999996,3.3499999999999996,3.3499999999999996,528.3057010981753,345.92788253550094,188.98090153877303,17
3.3499999999999996,3.3499999999999996,3.3499999999999996,560.672539711016,367.12127856063233,200.55888437768616,17
3.3499999999999996,3.3499999999999996,3.3499999999999996,490.3015287945557,321.0432318016971,175.3863809245837,17
3.3499999999999996,3.3499999999999996,3.3499999999999996,568.6460408810951,372.3422261491711,203.41109558118015,17
3.3499999999999996,3.3499999999999996,3.3499999999999996,506.3218622053646,331.533143235161,181.11703468174196,17
3.3499999999999996,3.3499999999999996,3.3499999999999996,576.6545917041152,377.58612380658155,206.27584444042478,17
3.3499999999999996,3.3499999999999996,3.3499999999999996,563.9373296841583,369.2590216892501,201.72673653445187,17
3.3499999999999996,3.3499999999999996,3.3499999999999996,572.152553779929,374.6382463883158,204.66541475188285,17
3.3499999999999996,3.3499999999999996,3.3499999999999996,630.8502176192023,413.0727333141482,225.66223043550607,17
3.3499999999999996,3.3499999999999996,3.3499999999999996,649.1180504798637,425.03427892470125,232.19684006775356,17
3.3499999999999996,3.3499999999999996,3.3499999999999996,557.8946133833267,365.30232758134196,199.56518883224004,17
3.3499999999999996,3.3499999999999996,3.3499999999999996,516.5031670501361,338.1997327099275,184.75900213431058,17
3.3499999999999996,3.3499999999999996,3.3499999999999996,549.7043140971172,359.93942333192524,196.63542650000917,17
3.3499999999999996,3.3499999999999996,3.3499999999999996,587.6499602999829,384.7857519161389,210.2090116685635,17
3.3499999999999996,3.3499999999999996,3.3499999999999996,636.7182904951445,416.91507311914967,227.76130621698186,17
3.3499999999999996,3.3499999999999996,3.3499999999999996,606.594190755035,397.1901941054972,216.98557634108576,17
3.3499999999999996,3.3499999999999996,3.3499999999999996,561.8106280522701,367.8664843935619,200.9659913998399,17
3.3499999999999996,3.3499999999999996,3.3499999999999996,631.8085972810878,413.7002681796853,226.00505363832795,17
3.3499999999999996,3.3499999999999996,3.3499999999999996,576.3088378341635,377.3597285512166,206.15216438564178,17
3.3499999999999996,3.3499999999999996,3.3499999999999996,519.0238968485006,340.04915838321796,185.76562071559374,18
3.3499999999999996,3.3499999999999996,3.3499999999999996,467.79268166677997,306.4839762956989,167.42928100940017,18
3.3499999999999996,3.3499999999999996,3.3499999999999996,521.9230200366648,341.9485784410814,186.80325582613568,18
3.3499999999999996,3.3499999999999996,3.3499999999999996,540.6606142100219,354.22489783112326,193.5096923379531,18
3.3499999999999996,3.3499999999999996,3.3499999999999996,505.7750060289252,331.3688756446703,181.02366482139342,18
3.3499999999999996,3.3499999999999996,3.3499999999999996,535.2820409370142,350.7010151623402,191.58462875477056,18
3.3499999999999996,3.3499999999999996,3.3499999999999996,565.5833809404971,370.5535599654473,202.42988514554577,18
3.3499999999999996,3.3499999999999996,3.3499999999999996,584.4907345626978,382.9411007425146,209.19708084316994,18
3.3499999999999996,3.3499999999999996,3.3499999999999996,535.6434621232241,350.9378076702358,191.71398624949038,18
3.3499999999999996,3.3499999999999996,3.3499999999999996,550.96086472969,360.97331835976775,197.19629028253829,18
3.3499999999999996,3.3499999999999996,3.3499999999999996,521.3244168874326,341.5563913022272,186.58900772261936,18
3.3499999999999996,3.3499999999999996,3.3499999999999996,493.4633515428044,323.30264252567315,176.617158393583,18
3.3499999999999996,3.3499999999999996,3.3499999999999996,520.9355406914323,341.3016110811851,186.44982371130473,18
3.3499999999999996,3.3499999999999996,3.3499999999999996,453.49276461072975,297.11509214723145,162.31114871485948,18
3.3499999999999996,3.3499999999999996,3.3499999999999996,460.3079621982214,301.580208720695,164.75039942725843,18
3.3499999999999996,3.3499999999999996,3.3499999999999996,402.6977880209634,263.8357207265219,144.13094465734514,18
3.3499999999999996,3.3499999999999996,3.3499999999999996,430.87424390758895,282.2961040896902,154.21567649556408,18
3.3499999999999996,3.3499999999999996,3.3499999999999996,498.20398307743807,326.4085645715469,178.31389406406444,18
3.3499999999999996,3.3499999999999996,3.3499999999999996,493.1391086110006,323.0902081141921,176.50110749524302,18
3.3499999999999996,3.3499999999999996,3.3499999999999996,455.2716319647776,298.28055360342313,162.94782922263937,18
3.3499999999999996,3.3499999999999996,3.3499999999999996,501.11344264420507,328.31475671999425,179.3552287032769,18
3.3499999999999996,3.3499999999999996,3.3499999999999996,545.7705709865028,357.57279088916516,195.33861447078107,18
3.3499999999999996,3.3499999999999996,3.3499999999999996,489.04473361700656,320.40769430458346,175.03567571682194,18
3.3499999999999996,3.3499999999999996,3.3499999999999996,523.1772806965754,342.77033305466574,187.25217255509978,18
3.3499999999999996,3.3499999999999996,3.3499999999999996,494.8867378632608,324.23520328687187,177.12660746701332,18
3.3499999999999996,3.3499999999999996,3.3499999999999996,518.0874705225682,339.4356394567202,185.4304611617707,18
3.3499999999999996,3.3499999999999996,3.3499999999999996,508.0179383932574,332.8383788167454,181.82644042655,18
3.3499999999999996,3.3499999999999996,3.3499999999999996,484.99341487734824,317.7533896836826,173.58565434986937,18
3.3499999999999996,3.3499999999999996,3.3499999999999996,476.1008410204549,311.9272374115844,170.40288278132394,18
3.3499999999999996,3.3499999999999996,3.3499999999999996,435.81944860416405,285.53605644123667,155.98563164715335,18
3.3499999999999996,3.3499999999999996,3.3499999999999996,482.15208560028327,315.8918344928287,172.56870445600845,18
3.3499999999999996,3.3499999999999996,3.3499999999999996,516.6131952453784,338.4697377510807,184.9027982475277,18
3.3499999999999996,3.3499999999999996,3.3499999999999996,497.18126327352394,325.73850870187596,177.94784891595884,18
3.3499999999999996,3.3499999999999996,3.3499999999999996,455.8555211023301,298.66310055553737,163.156810983836,18
3.3499999999999996,3.3499999999999996,3.3499999999999996,491.5823645400037,322.0702752857137,175.9439278925311,18
3.3499999999999996,3.3499999999999996,3.3499999999999996,506.75562504757715,332.0113483208069,181.37464153323944,18
3.3499999999999996,3.3499999999999996,3.3499999999999996,463.8760500702783,303.9179147209343,166.02746597919392,18
3.3499999999999996,3.3499999999999996,3.3499999999999996,565.4260619561298,370.4504892040495,202.3735785689916,18
3.3499999999999996,3.3499999999999996,3.3499999999999996,567.5871094399835,371.86634381608695,203.14704647609864,18
3.3499999999999996,3.3499999999999996,3.3499999999999996,548.3428455936047,359.2580693909579,196.25926608613187,18
3.3499999999999996,3.3499999999999996,3.3499999999999996,483.58428240986075,316.8301676268003,173.08130692177835,18
3.3499999999999996,3.3499999999999996,3.3499999999999996,528.3057010981753,346.1303229356488,189.08770306723684,18
3.3499999999999996,3.3499999999999996,3.3499999999999996,560.672539711016,367.3361215446377,200.6722291401681,18
3.3499999999999996,3.3499999999999996,3.3499999999999996,490.3015287945557,321.23110945941687,175.48549958367556,18
3.3499999999999996,3.3499999999999996,3.3499999999999996,568.6460408810951,372.56012448306967,203.52605225530797,18
3.3499999999999996,3.3499999999999996,3.3499999999999996,506.3218622053646,331.72715969225266,181.2193919886304,18
3.3499999999999996,3.3499999999999996,3.3499999999999996,576.6545917041152,377.8070909209795,206.3924201117865,18
3.3499999999999996,3.3499999999999996,3.3499999999999996,563.9373296841583,369.4751157015657,201.84074130222723,18
3.3499999999999996,3.3499999999999996,3.3499999999999996,572.152553779929,374.8574883758471,204.7810802976666,18
3.3499999999999996,3.3499999999999996,3.3499999999999996,630.8502176192023,413.3144675415524,225.78976221745248,18
3.3499999999999996,3.3499999999999996,3.3499999999999996,649.1180504798637,425.2830131662761,232.32806484878589,18
3.3499999999999996,3.3499999999999996,3.3499999999999996,557.8946133833267,365.51610609733916,199.67797201309017,18
3.3499999999999996,3.3499999999999996,3.3499999999999996,516.5031670501361,338.3976505207667,184.86341767929278,18
3.3499999999999996,3.3499999999999996,3.3499999999999996,549.7043140971172,360.15006342359464,196.74655394161482,18
3.3499999999999996,3.3499999999999996,3.3499999999999996,587.6499602999829,385.01093232373756,210.32781014798806,18
3.3499999999999996,3.3499999999999996,3.3499999999999996,636.7182904951445,417.15905592160925,227.89002428018733,18
3.3499999999999996,3.3499999999999996,3.3499999999999996,606.594190755035,397.4226337147017,217.10820455917099,18
3.3499999999999996,3.3499999999999996,3.3499999999999996,561.8106280522701,368.0817634793523,201.0795662366408,18
3.3499999999999996,3.3499999999999996,3.3499999999999996,631.8085972810878,413.9423696466666,226.13277916494252,18
3.3499999999999996,3.3499999999999996,3.3499999999999996,576.3088378341635,377.5805631768838,206.26867015989328,18
3.3499999999999996,3.3499999999999996,3.3499999999999996,519.0238968485006,340.0690820989736,185.77614234445545,19
3.3499999999999996,3.3499999999999996,3.3499999999999996,467.79268166677997,306.501933404184,167.43876408139477,19
3.3499999999999996,3.3499999999999996,3.3499999999999996,521.9230200366648,341.96861344517407,186.81383622589098,19
3.3499999999999996,3.3499999999999996,3.3499999999999996,540.6606142100219,354.2456521132732,193.5206525853664,19
3.3499999999999996,3.3499999999999996,3.3499999999999996,505.7750060289252,331.388290776647,181.0339178693423,19
3.3499999999999996,3.3499999999999996,3.3499999999999996,535.2820409370142,350.7215629777634,191.59547996799074,19
3.3499999999999996,3.3499999999999996,3.3499999999999996,565.5833809404971,370.57527095522323,202.44135062615416,19
3.3499999999999996,3.3499999999999996,3.3499999999999996,584.4907345626978,382.963537526886,209.2089296127922,19
3.3499999999999996,3.3499999999999996,3.3499999999999996,535.6434621232241,350.95836935949626,191.72484478942448,19
3.3499999999999996,3.3499999999999996,3.3499999999999996,550.96086472969,360.9944680365514,197.20745933616232,19
3.3499999999999996,3.3499999999999996,3.3499999999999996,521.3244168874326,341.5764033278037,186.5995759875188,19
3.3499999999999996,3.3499999999999996,3.3499999999999996,493.4633515428044,323.32158505146356,176.62716186023127,19
3.3499999999999996,3.3499999999999996,3.3499999999999996,520.9355406914323,341.32160817901195,186.46038409292362,19
3.3499999999999996,3.3499999999999996,3.3499999999999996,453.49276461072975,297.13250032630407,162.32034189958503,19
3.3499999999999996,3.3499999999999996,3.3499999999999996,460.3079621982214,301.5978785140408,164.75973076935995,19
3.3499999999999996,3.3499999999999996,3.3499999999999996,402.6977880209634,263.85117904416904,144.13910812861252,19
3.3499999999999996,3.3499999999999996,3.3499999999999996,430.87424390758895,282.31264401398687,154.2244111586654,19
3.3499999999999996,3.3499999999999996,3.3499999999999996,498.20398307743807,326.42768907546184,178.32399363257994,19
3.3499999999999996,3.3499999999999996,3.3499999999999996,493.1391086110006,323.1091381933033,176.5111043888533,19
3.3499999999999996,3.3499999999999996,3.3499999999999996,455.2716319647776,298.2980300676899,162.95705846848313,19
3.3499999999999996,3.3499999999999996,3.3499999999999996,501.11344264420507,328.33399290902753,179.36538725222456,19
3.3499999999999996,3.3499999999999996,3.3499999999999996,545.7705709865028,357.59374132668864,195.34967830700606,19
3.3499999999999996,3.3499999999999996,3.3499999999999996,489.04473361700656,320.42646721335234,175.0455896094484,19
3.3499999999999996,3.3499999999999996,3.3499999999999996,523.1772806965754,342.79041620593046,187.26277838117022,19
3.3499999999999996,3.3499999999999996,3.3499999999999996,494.8867378632608,324.2542004520434,177.13663978848447,19
3.3499999999999996,3.3499999999999996,3.3499999999999996,518.0874705225682,339.4555272259769,185.4409638074405,19
3.3499999999999996,3.3499999999999996,3.3499999999999996,508.0179383932574,332.85788004793096,181.83673894312182,19
3.3499999999999996,3.3499999999999996,3.3499999999999996,484.99341487734824,317.772007074905,173.5954861143463,19
3.3499999999999996,3.3499999999999996,3.3499999999999996,476.1008410204549,311.945513444509,170.41253427594756,19
3.3499999999999996,3.3499999999999996,3.3499999999999996,435.81944860416405,285.5527861965861,155.9944665592196,19
3.3499999999999996,3.3499999999999996,3.3499999999999996,482.15208560028327,315.91034281424277,172.57847862118732,19
3.3499999999999996,3.3499999999999996,3.3499999999999996,516.6131952453784,338.4895689274873,184.913271006756,19
3.3499999999999996,3.3499999999999996,3.3499999999999996,497.18126327352394,325.75759394675316,177.9579277519449,19
3.3499999999999996,3.3499999999999996,3.3499999999999996,455.8555211023301,298.6805994334951,163.16605206625385,19
3.3499999999999996,3.3499999999999996,3.3499999999999996,491.5823645400037,322.08914560625396,175.9538932278963,19
3.3499999999999996,3.3499999999999996,3.3499999999999996,506.75562504757715,332.03080109570294,181.38491446025253,19
3.3499999999999996,3.3499999999999996,3.3499999999999996,463.8760500702783,303.9357214820941,166.03686965341072,19
3.3499999999999996,3.3499999999999996,3.3499999999999996,565.4260619561298,370.47219415483806,202.38504086043667,19
3.3499999999999996,3.3499999999999996,3.3499999999999996,567.5871094399835,371.8881317227781,203.15855257620012,19
3.3499999999999996,3.3499999999999996,3.3499999999999996,548.3428455936047,359.2791185701164,196.27038206739084,19
3.3499999999999996,3.3499999999999996,3.3499999999999996,483.58428240986075,316.8487309258027,173.0911101203859,19
3.3499999999999996,3.3499999999999996,3.3499999999999996,528.3057010981753,346.15060295104826,189.09841285641272,19
3.3499999999999996,3.3499999999999996,3.3499999999999996,560.672539711016,367.35764402246787,200.68359506842617,19
3.3499999999999996,3.3499999999999996,3.3499999999999996,490.3015287945557,321.24993061264996,175.49543895399668,19
3.3499999999999996,3.3499999999999996,3.3499999999999996,568.6460408810951,372.5819530388508,203.5375798220196,19
3.3499999999999996,3.3499999999999996,3.3499999999999996,506.3218622053646,331.7465958163401,181.22965612242277,19
3.3499999999999996,3.3499999999999996,3.3499999999999996,576.6545917041152,377.82922690015903,206.40411002747663,19
3.3499999999999996,3.3499999999999996,3.3499999999999996,563.9373296841583,369.49676350454524,201.85217341415935,19
3.3499999999999996,3.3499999999999996,3.3499999999999996,572.152553779929,374.8794515357701,204.79267894824844,19
3.3499999999999996,3.3499999999999996,3.3499999999999996,630.8502176192023,413.33868392252543,225.80255078440945,19
3.3499999999999996,3.3499999999999996,3.3499999999999996,649.1180504798637,425.30793079262844,232.34122374042084,19
3.3499999999999996,3.3499999999999996,3.3499999999999996,557.8946133833267,365.5375219392034,199.68928162735187,19
3.3499999999999996,3.3499999999999996,3.3499999999999996,516.5031670501361,338.4174774735326,184.87388820803451,19
3.3499999999999996,3.3499999999999996,3.3499999999999996,549.7043140971172,360.1711648653013,196.7576975225015,19
3.3499999999999996,3.3499999999999996,3.3499999999999996,587.6499602999829,385.03349038097525,210.33972296129087,19
3.3499999999999996,3.3499999999999996,3.3499999999999996,636.7182904951445,417.18349755967876,227.9029318044512,19
3.3499999999999996,3.3499999999999996,3.3499999999999996,606.594190755035,397.44591898212195,217.12050140905316,19
3.3499999999999996,3.3499999999999996,3.3499999999999996,561.8106280522701,368.1033296448597,201.09095523617407,19
3.3499999999999996,3.3499999999999996,3.3499999999999996,631.8085972810878,413.96662281685894,226.14558716012846,19
3.3499999999999996,3.3499999999999996,3.3499999999999996,576.3088378341635,377.6026858836458,206.28035306647664,19
3.3499999999999996,3.3499999999999996,3.3499999999999996,519.0238968485006,340.07107482445326,185.77719479910775,20
3.3499999999999996,3.3499999999999996,3.3499999999999996,467.79268166677997,306.50372943400396,167.439712651561,20
3.3499999999999996,3.3499999999999996,3.3499999999999996,521.9230200366648,341.97061730146436,186.81489455926234,20
3.3499999999999996,3.3499999999999996,3.3499999999999996,540.6606142100219,354.2477279101458,193.52174891403678,20
3.3499999999999996,3.3499999999999996,3.3499999999999996,505.7750060289252,331.390232634715,181.03494345845544,20
3.3499999999999996,3.3499999999999996,3.3499999999999996,535.2820409370142,350.72361812429585,191.59656539021827,20
3.3499999999999996,3.3499999999999996,3.3499999999999996,565.5833809404971,370.57744243985235,202.44249749215425,20
3.3499999999999996,3.3499999999999996,3.3499999999999996,584.4907345626978,382.9657816038669,209.2101148183223,20
3.3499999999999996,3.3499999999999996,3.3499999999999996,535.6434621232241,350.9604258936588,191.72593094452657,20
3.3499999999999996,3.3499999999999996,3.3499999999999996,550.96086472969,360.99658337991065,197.2085765512439,20
3.3499999999999996,3.3499999999999996,3.3499999999999996,521.3244168874326,341.57840488583423,186.60063310706812,20
3.3499999999999996,3.3499999999999996,3.3499999999999996,493.4633515428044,323.32347964051803,176.62816248429348,20
3.3499999999999996,3.3499999999999996,3.3499999999999996,520.9355406914323,341.32360824400234,186.4614404239262,20
3.3499999999999996,3.3499999999999996,3.3499999999999996,453.49276461072975,297.13424145343225,162.32126147298575,20
3.3499999999999996,3.3499999999999996,3.3499999999999996,460.3079621982214,301.5996458072434,164.76066416232942,20
3.3499999999999996,3.3499999999999996,3.3499999999999996,402.6977880209634,263.8527251505193,144.13992470211332,20
3.3499999999999996,3.3499999999999996,3.3499999999999996,430.87424390758895,282.3142983002146,154.22528486718878,20
3.3499999999999996,3.3499999999999996,3.3499999999999996,498.20398307743807,326.42960186556104,178.32500386949374,20
3.3499999999999996,3.3499999999999996,3.3499999999999996,493.1391086110006,323.11103153746865,176.5121043554295,20
3.3499999999999996,3.3499999999999996,3.3499999999999996,455.2716319647776,298.2997780245504,162.95798164899566,20
3.3499999999999996,3.3499999999999996,3.3499999999999996,501.11344264420507,328.3359168696226,179.36640338881713,20
3.3499999999999996,3.3499999999999996,3.3499999999999996,545.7705709865028,357.59583674258295,195.3507849974301,20
3.3499999999999996,3.3499999999999996,3.3499999999999996,489.04473361700656,320.4283448376917,175.04658127362453,20
3.3499999999999996,3.3499999999999996,3.3499999999999996,523.1772806965754,342.7924248777932,187.2638392578782,20
3.3499999999999996,3.3499999999999996,3.3499999999999996,494.8867378632608,324.2561005060065,177.13764329882912,20
3.3499999999999996,3.3499999999999996,3.3499999999999996,518.0874705225682,339.45751635616824,185.44201436324715,20
3.3499999999999996,3.3499999999999996,3.3499999999999996,508.0179383932574,332.8598305174492,181.83776908035819,20
3.3499999999999996,3.3499999999999996,3.3499999999999996,484.99341487734824,317.7738691447272,173.5964695634301,20
3.3499999999999996,3.3499999999999996,3.3499999999999996,476.1008410204549,311.94734137243796,170.41349969304707,20
3.3499999999999996,3.3499999999999996,3.3499999999999996,435.81944860416405,285.55445946929103,155.99535029541948,20
3.3499999999999996,3.3499999999999996,3.3499999999999996,482.15208560028327,315.91219397514686,172.57945630874406,20
3.3499999999999996,3.3499999999999996,3.3499999999999996,516.6131952453784,338.49155239738843,184.9143185730898,20
3.3499999999999996,3.3499999999999996,3.3499999999999996,497.18126327352394,325.75950281025143,177.95893591503088,20
3.3499999999999996,3.3499999999999996,3.3499999999999996,455.8555211023301,298.6823496321228,163.16697643075202,20
3.3499999999999996,3.3499999999999996,3.3499999999999996,491.5823645400037,322.0910329735008,175.95489003777283,20
3.3499999999999996,3.3499999999999996,3.3499999999999996,506.75562504757715,332.03274671873146,181.38594203782336,20
3.3499999999999996,3.3499999999999996,3.3499999999999996,463.8760500702783,303.93750247451095,166.03781028159747,20
3.3499999999999996,3.3499999999999996,3.3499999999999996,565.4260619561298,370.47436503546123,202.38618740743203,20
3.3499999999999996,3.3499999999999996,3.3499999999999996,567.5871094399835,371.89031090046507,203.15970350527593,20
3.3499999999999996,3.3499999999999996,3.3499999999999996,548.3428455936047,359.281223861928,196.27149397376428,20
3.3499999999999996,3.3499999999999996,3.3499999999999996,483.58428240986075,316.85058758544216,173.09209071209062,20
3.3499999999999996,3.3499999999999996,3.3499999999999996,528.3057010981753,346.1526313128212,189.09948413231413,20
3.3499999999999996,3.3499999999999996,3.3499999999999996,560.672539711016,367.3597966525538,200.6847319764306,20
3.3499999999999996,3.3499999999999996,3.3499999999999996,490.3015287945557,321.25181306229274,175.49643316664879,20
3.3499999999999996,3.3499999999999996,3.3499999999999996,568.6460408810951,372.5841362821687,203.53873289835167,20
3.3499999999999996,3.3499999999999996,3.3499999999999996,506.3218622053646,331.748539773992,181.23068282042772,20
3.3499999999999996,3.3499999999999996,3.3499999999999996,576.6545917041152,377.8314408912775,206.4052793432084,20
3.3499999999999996,3.3499999999999996,3.3499999999999996,563.9373296841583,369.4989286693724,201.85331694236646,20
3.3499999999999996,3.3499999999999996,3.3499999999999996,572.152553779929,374.88164824189323,204.79383913493862,20
3.3499999999999996,3.3499999999999996,3.3499999999999996,630.8502176192023,413.3411059907775,225.80382999573374,20
3.3499999999999996,3.3499999999999996,3.3499999999999996,649.1180504798637,425.3104229978746,232.34253999448208,20
3.3499999999999996,3.3499999999999996,3.3499999999999996,557.8946133833267,365.53966390379867,199.69041290239508,20
3.3499999999999996,3.3499999999999996,3.3499999999999996,516.5031670501361,338.4194605209946,184.87493555125783,20
3.3499999999999996,3.3499999999999996,3.3499999999999996,549.7043140971172,360.1732753842962,196.75881218960308,20
3.3499999999999996,3.3499999999999996,3.3499999999999996,587.6499602999829,385.035746587397,210.34091457296498,20
3.3499999999999996,3.3499999999999996,3.3499999999999996,636.7182904951445,417.18594215764165,227.90422291480488,20
3.3499999999999996,3.3499999999999996,3.3499999999999996,606.594190755035,397.44824792247925,217.1217314350346,20
3.3499999999999996,3.3499999999999996,3.3499999999999996,561.8106280522701,368.10548664448953,201.09209445194577,20
3.3499999999999996,3.3499999999999996,3.3499999999999996,631.8085972810878,413.9690485646863,226.14686831481444,20
3.3499999999999996,3.3499999999999996,3.3499999999999996,576.3088378341635,377.60489854728684,206.28152168110347,20
3.3499999999999996,3.3499999999999996,3.3499999999999996,519.0238968485006,340.07127410054085,185.7773000474912,21
3.3499999999999996,3.3499999999999996,3.3499999999999996,467.79268166677997,306.5039090401761,167.43980751120785,21
3.3499999999999996,3.3499999999999996,3.3499999999999996,521.9230200366648,341.9708176906527,186.81500039553404,21
3.3499999999999996,3.3499999999999996,3.3499999999999996,540.6606142100219,354.2479354935202,193.52185854994374,21
3.3499999999999996,3.3499999999999996,3.3499999999999996,505.7750060289252,331.39042682397104,181.03504602021053,21
3.3499999999999996,3.3499999999999996,3.3499999999999996,535.2820409370142,350.72382364259954,191.59667393545067,21
3.3499999999999996,3.3499999999999996,3.3499999999999996,565.5833809404971,370.5776595921724,202.44261218193427,21
3.3499999999999996,3.3499999999999996,3.3499999999999996,584.4907345626978,382.96600601555105,209.21023334216164,21
3.3499999999999996,3.3499999999999996,3.3499999999999996,535.6434621232241,350.9606315507279,191.72603956304846,21
3.3499999999999996,3.3499999999999996,3.3499999999999996,550.96086472969,360.99679491800396,197.20868827584994,21
3.3499999999999996,3.3499999999999996,3.3499999999999996,521.3244168874326,341.57860504519243,186.60073882195422,21
3.3499999999999996,3.3499999999999996,3.3499999999999996,493.4633515428044,323.32366910278876,176.62826254947427,21
3.3499999999999996,3.3499999999999996,3.3499999999999996,520.9355406914323,341.3238082540539,186.4615460599555,21
3.3499999999999996,3.3499999999999996,3.3499999999999996,453.49276461072975,297.1344155692377,162.3213534328756,21
3.3499999999999996,3.3499999999999996,3.3499999999999996,460.3079621982214,301.59982253970264,164.76075750421447,21
3.3499999999999996,3.3499999999999996,3.3499999999999996,402.6977880209634,263.85287976390055,144.14000636172761,21
3.3499999999999996,3.3499999999999996,3.3499999999999996,430.87424390758895,282.31446373177585,154.22537224046374,21
3.3499999999999996,3.3499999999999996,3.3499999999999996,498.20398307743807,326.42979314796867,178.3251048959863,21
3.3499999999999996,3.3499999999999996,3.3499999999999996,493.1391086110006,323.1112208752483,176.51220435485982,21
3.3499999999999996,3.3499999999999996,3.3499999999999996,455.2716319647776,298.29995282334113,162.95807396960672,21
3.3499999999999996,3.3499999999999996,3.3499999999999996,501.11344264420507,328.33610926909944,179.366505005294,21
3.3499999999999996,3.3499999999999996,3.3499999999999996,545.7705709865028,357.5960462878943,195.3508956695412,21
3.3499999999999996,3.3499999999999996,3.3499999999999996,489.04473361700656,320.4285326034607,175.04668044279185,21
3.3499999999999996,3.3499999999999996,3.3499999999999996,523.1772806965754,342.7926257485473,187.26394534849055,21
3.3499999999999996,3.3499999999999996,3.3499999999999996,494.8867378632608,324.2562905147778,177.1377436526461,21
3.3499999999999996,3.3499999999999996,3.3499999999999996,518.0874705225682,339.4577152727205,185.44211942174078,21
3.3499999999999996,3.3499999999999996,3.3499999999999996,508.0179383932574,332.86002556786553,181.83787209693818,21
3.3499999999999996,3.3499999999999996,3.3499999999999996,484.99341487734824,317.77405535501697,173.5965679110654,21
3.3499999999999996,3.3499999999999996,3.3499999999999996,476.1008410204549,311.9475241684777,170.41359623743398,21
3.3499999999999996,3.3499999999999996,3.3499999999999996,435.81944860416405,285.55462679953365,155.9954386714899,21
3.3499999999999996,3.3499999999999996,3.3499999999999996,482.15208560028327,315.91237909452536,172.57955408021064,21
3.3499999999999996,3.3499999999999996,3.3499999999999996,516.6131952453784,338.4917507479016,184.91442333262785,21
3.3499999999999996,3.3499999999999996,3.3499999999999996,497.18126327352394,325.75969369999183,177.95903673413497,21
3.3499999999999996,3.3499999999999996,3.3499999999999996,455.8555211023301,298.6825246550943,163.1670688697649,21
3.3499999999999996,3.3499999999999996,3.3499999999999996,491.5823645400037,322.0912217135778,175.9549897215244,21
3.3499999999999996,3.3499999999999996,3.3499999999999996,506.75562504757715,332.0329412844902,181.38604479842974,21
3.3499999999999996,3.3499999999999996,3.3499999999999996,463.8760500702783,303.9376805769161,166.03790434702432,21
3.3499999999999996,3.3499999999999996,3.3499999999999996,565.4260619561298,370.4745821273795,202.38630206531067,21
3.3499999999999996,3.3499999999999996,3.3499999999999996,567.5871094399835,371.8905288221045,203.15981860137478,21
3.3499999999999996,3.3499999999999996,3.3499999999999996,548.3428455936047,359.28143439484865,196.27160516748478,21
3.3499999999999996,3.3499999999999996,3.3499999999999996,483.58428240986075,316.85077325470394,173.09218877398007,21
3.3499999999999996,3.3499999999999996,3.3499999999999996,528.3057010981753,346.1528341526014,189.09959126287472,21
3.3499999999999996,3.3499999999999996,3.3499999999999996,560.672539711016,367.36001191938595,200.68484567038345,21
3.3499999999999996,3.3499999999999996,3.3499999999999996,490.3015287945557,321.25200131060075,175.49653259067077,21
3.3499999999999996,3.3499999999999996,3.3499999999999996,568.6460408810951,372.5843546103785,203.5388482091821,21
3.3499999999999996,3.3499999999999996,3.3499999999999996,506.3218622053646,331.74873417321004,181.2307854930751,21
3.3499999999999996,3.3499999999999996,3.3499999999999996,576.6545917041152,377.8316622943219,206.4053962780239,21
3.3499999999999996,3.3499999999999996,3.3499999999999996,563.9373296841583,369.49914518970087,201.853431298358,21
3.3499999999999996,3.3499999999999996,3.3499999999999996,572.152553779929,374.8818679164074,204.79395515682467,21
3.3499999999999996,3.3499999999999996,3.3499999999999996,630.8502176192023,413.34134820190485,225.80395792041318,21
3.3499999999999996,3.3499999999999996,3.3499999999999996,649.1180504798637,425.3106722228259,232.3426716235379,21
3.3499999999999996,3.3499999999999996,3.3499999999999996,557.8946133833267,365.5398781040627,199.69052603303615,21
3.3499999999999996,3.3499999999999996,3.3499999999999996,516.5031670501361,338.4196588292632,184.8750402884842,21
3.3499999999999996,3.3499999999999996,3.3499999999999996,549.7043140971172,360.1734864399444,196.75892365940393,21
3.3499999999999996,3.3499999999999996,3.3499999999999996,587.6499602999829,385.03597221204666,210.34103373743648,21
3.3499999999999996,3.3499999999999996,3.3499999999999996,636.7182904951445,417.1861866217801,227.90435202942018,21
3.3499999999999996,3.3499999999999996,3.3499999999999996,606.594190755035,397.44848082065187,217.12185444104335,21
3.3499999999999996,3.3499999999999996,3.3499999999999996,561.8106280522701,368.1057023482838,201.09220837668175,21
3.3499999999999996,3.3499999999999996,3.3499999999999996,631.8085972810878,413.96929114377775,226.14699643383534,21
3.3499999999999996,3.3499999999999996,3.3499999999999996,576.3088378341635,377.60511981758117,206.28163854580646,21
3.3499999999999996,3.3499999999999996,3.3499999999999996,519.0238968485006,340.071294028185,185.77731057235877,22
3.3499999999999996,3.3499999999999996,3.3499999999999996,467.79268166677997,306.50392700082523,167.43981699719882,22
3.3499999999999996,3.3499999999999996,3.3499999999999996,521.9230200366648,341.97083772960707,186.81501097919056,22
3.3499999999999996,3.3499999999999996,3.3499999999999996,540.6606142100219,354.24795625189444,193.52186951356484,22
3.3499999999999996,3.3499999999999996,3.3499999999999996,505.7750060289252,331.39044624293103,181.0350562764145,22
3.3499999999999996,3.3499999999999996,3.3499999999999996,535.2820409370142,350.72384419446627,191.59668479000405,22
3.3499999999999996,3.3499999999999996,3.3499999999999996,565.5833809404971,370.5776813074429,202.4426236509441,22
3.3499999999999996,3.3499999999999996,3.3499999999999996,584.4907345626978,382.9660284567593,209.21024519457842,22
3.3499999999999996,3.3499999999999996,3.3499999999999996,535.6434621232241,350.96065211647135,191.7260504249308,22
3.3499999999999996,3.3499999999999996,3.3499999999999996,550.96086472969,360.99681607185084,197.20869944834152,22
3.3499999999999996,3.3499999999999996,3.3499999999999996,521.3244168874326,341.5786250611638,186.60074939347214,22
3.3499999999999996,3.3499999999999996,3.3499999999999996,493.4633515428044,323.32368804904945,176.62827255602008,22
3.3499999999999996,3.3499999999999996,3.3499999999999996,520.9355406914323,341.32382825509467,186.4615566235877,22
3.3499999999999996,3.3499999999999996,3.3499999999999996,453.49276461072975,297.1344329808491,162.3213626288901,22
3.3499999999999996,3.3499999999999996,3.3499999999999996,460.3079621982214,301.59984021298,164.76076683842882,22
3.3499999999999996,3.3499999999999996,3.3499999999999996,402.6977880209634,263.8528952252661,144.1400145277117,22
3.3499999999999996,3.3499999999999996,3.3499999999999996,430.87424390758895,282.3144802749613,154.2253809778155,22
3.3499999999999996,3.3499999999999996,3.3499999999999996,498.20398307743807,326.42981227624335,178.3251149986636,22
3.3499999999999996,3.3499999999999996,3.3499999999999996,493.1391086110006,323.11123980905984,176.51221435483063,22
3.3499999999999996,3.3499999999999996,3.3499999999999996,455.2716319647776,298.29997030325126,162.95808320169346,22
3.3499999999999996,3.3499999999999996,3.3499999999999996,501.11344264420507,328.33612850908133,179.36651516696983,22
3.3499999999999996,3.3499999999999996,3.3499999999999996,545.7705709865028,357.5960672424626,195.350906736783,22
3.3499999999999996,3.3499999999999996,3.3499999999999996,489.04473361700656,320.4285513800709,175.04669035973606,22
3.3499999999999996,3.3499999999999996,3.3499999999999996,523.1772806965754,342.7926458356584,187.26395595758123,22
3.3499999999999996,3.3499999999999996,3.3499999999999996,494.8867378632608,324.25630951568866,177.13775368805568,22
3.3499999999999996,3.3499999999999996,3.3499999999999996,518.0874705225682,339.457735164411,185.44212992761933,22
3.3499999999999996,3.3499999999999996,3.3499999999999996,508.0179383932574,332.8600450729417,181.83788239862477,22
3.3499999999999996,3.3499999999999996,3.3499999999999996,484.99341487734824,317.77407397607897,173.59657774585617,22
3.3499999999999996,3.3499999999999996,3.3499999999999996,476.1008410204549,311.9475424481141,170.41360589189946,22
3.3499999999999996,3.3499999999999996,3.3499999999999996,435.81944860416405,285.55464353258765,155.99544750912148,22
3.3499999999999996,3.3499999999999996,3.3499999999999996,482.15208560028327,315.91239760649614,172.57956385738447,22
3.3499999999999996,3.3499999999999996,3.3499999999999996,516.6131952453784,338.49177058298824,184.9144338086107,22
3.3499999999999996,3.3499999999999996,3.3499999999999996,497.18126327352394,325.75971278899976,177.95904681607334,22
3.3499999999999996,3.3499999999999996,3.3499999999999996,455.8555211023301,298.6825421574225,163.16707811369187,22
3.3499999999999996,3.3499999999999996,3.3499999999999996,491.5823645400037,322.09124058761904,175.95499968992723,22
3.3499999999999996,3.3499999999999996,3.3499999999999996,506.75562504757715,332.03296074110057,181.38605507451882,22
3.3499999999999996,3.3499999999999996,3.3499999999999996,463.8760500702783,303.9376983871883,166.03791375359313,22
3.3499999999999996,3.3499999999999996,3.3499999999999996,565.4260619561298,370.47460383660984,202.3863135311303,22
3.3499999999999996,3.3499999999999996,3.3499999999999996,567.5871094399835,371.890550614307,203.15983011101662,22
3.3499999999999996,3.3499999999999996,3.3499999999999996,548.3428455936047,359.2814554481781,196.27161628688768,22
3.3499999999999996,3.3499999999999996,3.3499999999999996,483.58428240986075,316.85079182166305,173.09219858019628,22
3.3499999999999996,3.3499999999999996,3.3499999999999996,528.3057010981753,346.1528544366155,189.0996019759605,22
3.3499999999999996,3.3499999999999996,3.3499999999999996,560.672539711016,367.36003344610737,200.6848570398103,22
3.3499999999999996,3.3499999999999996,3.3499999999999996,490.3015287945557,321.2520201354649,175.49654253310058,22
3.3499999999999996,3.3499999999999996,3.3499999999999996,568.6460408810951,372.5843764432382,203.5388597402972,22
3.3499999999999996,3.3499999999999996,3.3499999999999996,506.3218622053646,331.7487536131664,181.23079576036827,22
3.3499999999999996,3.3499999999999996,3.3499999999999996,576.6545917041152,377.8316844346657,206.40540797153787,22
3.3499999999999996,3.3499999999999996,3.3499999999999996,563.9373296841583,369.49916684177214,201.85344273398883,22
3.3499999999999996,3.3499999999999996,3.3499999999999996,572.152553779929,374.88188988389777,204.79396675904545,22
3.3499999999999996,3.3499999999999996,3.3499999999999996,630.8502176192023,413.3413724230605,225.80397071291665,22
3.3499999999999996,3.3499999999999996,3.3499999999999996,649.1180504798637,425.3106971453652,232.34268478648,22
3.3499999999999996,3.3499999999999996,3.3499999999999996,557.8946133833267,365.5398995241271,199.69053734613166,22
3.3499999999999996,3.3499999999999996,3.3499999999999996,516.5031670501361,338.41967866012527,184.87505076223587,22
3.3499999999999996,3.3499999999999996,3.3499999999999996,549.7043140971172,360.17350754554667,196.75893480641494,22
3.3499999999999996,3.3499999999999996,3.3499999999999996,587.6499602999829,385.03599477455174,210.34104565391672,22
3.3499999999999996,3.3499999999999996,3.3499999999999996,636.7182904951445,417.18621106823736,227.90436494091756,22
3.3499999999999996,3.3499999999999996,3.3499999999999996,606.594190755035,397.4485041105103,217.12186674167842,22
3.3499999999999996,3.3499999999999996,3.3499999999999996,561.8106280522701,368.10572391870147,201.092219769187,22
3.3499999999999996,3.3499999999999996,3.3499999999999996,631.8085972810878,413.96931540173006,226.14700924577298,22
3.3499999999999996,3.3499999999999996,3.3499999999999996,576.3088378341635,377.60514194464986,206.28165023230923,22
3.3499999999999996,3.3499999999999996,3.3499999999999996,519.0238968485006,340.0712962423681,185.77731174178882,23
3.3499999999999996,3.3499999999999996,3.3499999999999996,467.79268166677997,306.5039289964532,167.4398180511981,23
3.3499999999999996,3.3499999999999996,3.3499999999999996,521.9230200366648,341.970839956158,186.81501215515274,23
3.3499999999999996,3.3499999999999996,3.3499999999999996,540.6606142100219,354.2479585583809,193.5218707317453,23
3.3499999999999996,3.3499999999999996,3.3499999999999996,505.7750060289252,331.3904484005937,181.035057415993,23
3.3499999999999996,3.3499999999999996,3.3499999999999996,535.2820409370142,350.7238464780075,191.59668599606584,23
3.3499999999999996,3.3499999999999996,3.3499999999999996,565.5833809404971,370.5776837202511,202.44262492527892,23
3.3499999999999996,3.3499999999999996,3.3499999999999996,584.4907345626978,382.9660309502273,209.21024651151401,23
3.3499999999999996,3.3499999999999996,3.3499999999999996,535.6434621232241,350.9606544015543,191.72605163180697,23
3.3499999999999996,3.3499999999999996,3.3499999999999996,550.96086472969,360.99681842227864,197.2087006897298,23
3.3499999999999996,3.3499999999999996,3.3499999999999996,521.3244168874326,341.57862728516096,186.60075056808557,23
3.3499999999999996,3.3499999999999996,3.3499999999999996,493.4633515428044,323.32369015418993,176.62827366785882,23
3.3499999999999996,3.3499999999999996,3.3499999999999996,520.9355406914323,341.3238304774328,186.4615577973249,23
3.3499999999999996,3.3499999999999996,3.3499999999999996,453.49276461072975,297.134434915473,162.32136365066978,23
3.3499999999999996,3.3499999999999996,3.3499999999999996,460.3079621982214,301.5998421766779,164.76076787556406,23
3.3499999999999996,3.3499999999999996,3.3499999999999996,402.6977880209634,263.85289694319596,144.1400154350435,23
3.3499999999999996,3.3499999999999996,3.3499999999999996,430.87424390758895,282.31448211309333,154.22538194863262,23
3.3499999999999996,3.3499999999999996,3.3499999999999996,498.20398307743807,326.4298144016076,178.32511612118364,23
3.3499999999999996,3.3499999999999996,3.3499999999999996,493.1391086110006,323.1112419128171,176.51221546593874,23
3.3499999999999996,3.3499999999999996,3.3499999999999996,455.2716319647776,298.29997224546383,162.9580842274811,23
3.3499999999999996,3.3499999999999996,3.3499999999999996,501.11344264420507,328.33613064685744,179.36651629604526,23
3.3499999999999996,3.3499999999999996,3.3499999999999996,545.7705709865028,357.5960695707484,195.35090796647683,23
3.3499999999999996,3.3499999999999996,3.3499999999999996,489.04473361700656,320.42855346636134,175.04669146161908,23
3.3499999999999996,3.3499999999999996,3.3499999999999996,523.1772806965754,342.79264806756,187.2639571363694,23
3.3499999999999996,3.3499999999999996,3.3499999999999996,494.8867378632608,324.25631162690127,177.13775480310147,23
3.3499999999999996,3.3499999999999996,3.3499999999999996,518.0874705225682,339.45773737459933,185.44213109493947,23
3.3499999999999996,3.3499999999999996,3.3499999999999996,508.0179383932574,332.8600472401729,181.83788354325688,23
3.3499999999999996,3.3499999999999996,3.3499999999999996,484.99341487734824,317.7740760450862,173.59657883861098,23
3.3499999999999996,3.3499999999999996,3.3499999999999996,476.1008410204549,311.94754447918524,170.4136069646181,23
3.3499999999999996,3.3499999999999996,3.3499999999999996,435.81944860416405,285.5546453918161,155.99544849108077,23
3.3499999999999996,3.3499999999999996,3.3499999999999996,482.15208560028327,315.9123996633821,172.5795649437374,23
3.3499999999999996,3.3499999999999996,3.3499999999999996,516.6131952453784,338.491772786887,184.91443497260914,23
3.3499999999999996,3.3499999999999996,3.3499999999999996,497.18126327352394,325.75971491000104,177.95904793628898,23
3.3499999999999996,3.3499999999999996,3.3499999999999996,455.8555211023301,298.6825441021259,163.1670791407951,23
3.3499999999999996,3.3499999999999996,3.3499999999999996,491.5823645400037,322.09124268473516,175.95500079752784,23
3.3499999999999996,3.3499999999999996,3.3499999999999996,506.75562504757715,332.03296290294657,181.38605621630686,23
3.3499999999999996,3.3499999999999996,3.3499999999999996,463.8760500702783,303.93770036610766,166.0379147987677,23
3.3499999999999996,3.3499999999999996,3.3499999999999996,565.4260619561298,370.47460624874697,202.3863148051107,23
3.3499999999999996,3.3499999999999996,3.3499999999999996,567.5871094399835,371.89055303566334,203.15983138986607,23
3.3499999999999996,3.3499999999999996,3.3499999999999996,548.3428455936047,359.2814577874373,196.27161752237717,23
3.3499999999999996,3.3499999999999996,3.3499999999999996,483.58428240986075,316.85079388465886,173.0921996697761,23
3.3499999999999996,3.3499999999999996,3.3499999999999996,528.3057010981753,346.15285669039514,189.0996031663037,23
3.3499999999999996,3.3499999999999996,3.3499999999999996,560.672539711016,367.36003583796577,200.6848583030803,23
3.3499999999999996,3.3499999999999996,3.3499999999999996,490.3015287945557,321.2520222271168,175.49654363781525,23
3.3499999999999996,3.3499999999999996,3.3499999999999996,568.6460408810951,372.58437886911184,203.53886102153254,23
3.3499999999999996,3.3499999999999996,3.3499999999999996,506.3218622053646,331.7487557731619,181.23079690117893,23
3.3499999999999996,3.3499999999999996,3.3499999999999996,576.6545917041152,377.83168689470426,206.40540927081764,23
3.3499999999999996,3.3499999999999996,3.3499999999999996,563.9373296841583,369.4991692475583,201.85344400461483,23
3.3499999999999996,3.3499999999999996,3.3499999999999996,572.152553779929,374.88189232473036,204.79396804818143,23
3.3499999999999996,3.3499999999999996,3.3499999999999996,630.8502176192023,413.34137511430055,225.80397213430626,23
3.3499999999999996,3.3499999999999996,3.3499999999999996,649.1180504798637,425.31069991453677,232.34268624902958,23
3.3499999999999996,3.3499999999999996,3.3499999999999996,557.8946133833267,365.53990190413475,199.6905386031426,23
3.3499999999999996,3.3499999999999996,3.3499999999999996,516.5031670501361,338.41968086355473,184.8750519259864,23
3.3499999999999996,3.3499999999999996,3.3499999999999996,549.7043140971172,360.1735098906139,196.7589360449721,23
3.3499999999999996,3.3499999999999996,3.3499999999999996,587.6499602999829,385.03599728149715,210.34104697797048,23
3.3499999999999996,3.3499999999999996,3.3499999999999996,636.7182904951445,417.1862137845108,227.90436637552878,23
3.3499999999999996,3.3499999999999996,3.3499999999999996,606.594190755035,397.44850669827287,217.12186810841598,23
3.3499999999999996,3.3499999999999996,3.3499999999999996,561.8106280522701,368.105726315415,201.0922210350212,23
3.3499999999999996,3.3499999999999996,3.3499999999999996,631.8085972810878,413.96931809705853,226.14701066932204,23
3.3499999999999996,3.3499999999999996,3.3499999999999996,576.3088378341635,377.6051444032135,206.28165153080985,23
