3.3499999999999996,3.3499999999999996,3.3499999999999996,4165.234342531368,736.8295483635002,1661.9426055942183,1
3.3499999999999996,3.3499999999999996,3.3499999999999996,4517.706065849303,799.1817617915256,1802.580016620002,1
3.3499999999999996,3.3499999999999996,3.3499999999999996,4722.117270810929,835.3420839838128,1884.1407795085834,1
3.3499999999999996,3.3499999999999996,3.3499999999999996,4301.423399929799,760.9213793153094,1716.282500614054,1
3.3499999999999996,3.3499999999999996,3.3499999999999996,4070.037685555288,719.9892690425602,1623.958817137664,1
3.3499999999999996,3.3499999999999996,3.3499999999999996,4136.4680789354425,731.7407991430636,1650.4647690207382,1
3.3499999999999996,3.3499999999999996,3.3499999999999996,4300.87405352661,760.8241999902415,1716.0633095391684,1
3.3499999999999996,3.3499999999999996,3.3499999999999996,4373.993819450928,773.7590794404375,1745.2383437166807,1
3.3499999999999996,3.3499999999999996,3.3499999999999996,4221.725091816278,746.8227563943884,1684.4826058289893,1
3.3499999999999996,3.3499999999999996,3.3499999999999996,4219.840099325404,746.4893014068648,1683.730487442799,1
3.3499999999999996,3.3499999999999996,3.3499999999999996,4606.026618813916,814.8056589844459,1837.8202162944153,1
3.3499999999999996,3.3499999999999996,3.3499999999999996,4320.783386028687,764.3461589652578,1724.0072006178239,1
3.3499999999999996,3.3499999999999996,3.3499999999999996,4344.93013795477,768.6177170224998,1733.6418363939904,1
3.3499999999999996,3.3499999999999996,3.3499999999999996,4318.740943397122,763.9848510632248,1723.1922590923925,1
3.3499999999999996,3.3499999999999996,3.3499999999999996,4440.067242969182,785.4474616072373,1771.6018634162044,1
3.3499999999999996,3.3499999999999996,3.3499999999999996,4415.362879636959,781.0772621467128,1761.7447388009905,1
3.3499999999999996,3.3499999999999996,3.3499999999999996,4339.996821843624,767.745013884289,1731.6734265620971,1
3.3499999999999996,3.3499999999999996,3.3499999999999996,4487.417465443787,793.8237113381637,1790.494762505067,1
3.3499999999999996,3.3499999999999996,3.3499999999999996,4662.598731358312,824.8132601679903,1860.3926807452067,1
3.3499999999999996,3.3499999999999996,3.3499999999999996,4587.5824647824975,811.5428899377808,1830.4609363864506,1
3.3499999999999996,3.3499999999999996,3.3499999999999996,4463.884223079351,789.6606830624538,1781.1049191212587,1
3.3499999999999996,3.3499999999999996,3.3499999999999996,4314.508506490806,763.2361333878919,1721.5035024363099,1
3.3499999999999996,3.3499999999999996,3.3499999999999996,4252.055036790695,752.1881206979505,1696.5843565669031,1
3.3499999999999996,3.3499999999999996,3.3499999999999996,4220.176579077278,746.5488246421065,1683.8647440030722,1
3.3499999999999996,3.3499999999999996,3.3499999999999996,4093.6365027211264,724.1638974942332,1633.3748250892597,1
3.3499999999999996,3.3499999999999996,3.3499999999999996,4094.22823226068,724.2685743919841,1633.6109271790588,1
3.3499999999999996,3.3499999999999996,3.3499999999999996,4030.6837230297924,713.0275569156133,1608.2564528427586,1
3.3499999999999996,3.3499999999999996,3.3499999999999996,4157.097204010638,735.3900893539603,1658.6958597731889,1
3.3499999999999996,3.3499999999999996,3.3499999999999996,4086.6628807901843,722.9302644557832,1630.5923263270663,1
3.3499999999999996,3.3499999999999996,3.3499999999999996,3883.0824810983113,686.9169116345681,1549.3630575541115,1
3.3499999999999996,3.3499999999999996,3.3499999999999996,4205.660468282765,743.9809260603871,1678.0727666464595,1
3.3499999999999996,3.3499999999999996,3.3499999999999996,4066.1797038567443,719.3067924569079,1622.4194693773375,1
3.3499999999999996,3.3499999999999996,3.3499999999999996,4276.5555338539725,756.5222562354107,1706.3601378505434,1
3.3499999999999996,3.3499999999999996,3.3499999999999996,4010.565919208173,709.468719384532,1600.22938100175,1
3.3499999999999996,3.3499999999999996,3.3499999999999996,4131.157023433477,730.8012739435117,1648.3456398929331,1
3.3499999999999996,3.3499999999999996,3.3499999999999996,4344.836848241909,768.6012140814067,1733.6046134826927,1
3.3499999999999996,3.3499999999999996,3.3499999999999996,4083.289025007573,722.3334296973732,1629.246146446382,1
3.3499999999999996,3.3499999999999996,3.3499999999999996,4431.957022613469,784.01276441846,1768.3658580341578,1
3.3499999999999996,3.3499999999999996,3.3499999999999996,4348.119987070965,769.182001019593,1734.9145969917533,1
3.3499999999999996,3.3499999999999996,3.3499999999999996,4429.194900548467,783.5241452949455,1767.2637619780473,1
3.3499999999999996,3.3499999999999996,3.3499999999999996,4192.951441034081,741.7327003814219,1673.0018217431743,1
3.3499999999999996,3.3499999999999996,3.3499999999999996,4208.1755095103645,744.4258366078982,1679.0762766118635,1
3.3499999999999996,3.3499999999999996,3.3499999999999996,4046.8192604386195,715.881931907231,1614.694586901644,1
3.3499999999999996,3.3499999999999996,3.3499999999999996,4485.331831112254,793.4547628286255,1789.6625873451069,1
3.3499999999999996,3.3499999999999996,3.3499999999999996,4269.7846326153385,755.3244844676296,1703.6585253309665,1
3.3499999999999996,3.3499999999999996,3.3499999999999996,4427.731041789956,783.265188823544,1766.6796773769724,1
3.3499999999999996,3.3499999999999996,3.3499999999999996,4186.554024183256,740.6009979653649,1670.449230758901,1
3.3499999999999996,3.3499999999999996,3.3499999999999996,4224.7443998045765,747.356871682614,1685.687319939292,1
3.3499999999999996,3.3499999999999996,3.3499999999999996,4306.11596847494,761.751494232608,1718.1548513519722,1
3.3499999999999996,3.3499999999999996,3.3499999999999996,4087.606612989727,723.097210589705,1630.968878670035,1
3.3499999999999996,3.3499999999999996,3.3499999999999996,4135.839093800432,731.6295317341152,1650.2138018222092,1
3.3499999999999996,3.3499999999999996,3.3499999999999996,4263.142121483933,754.1494248972768,1701.008140898885,1
3.3499999999999996,3.3499999999999996,3.3499999999999996,4312.899887819077,762.9515689019813,1720.861658139723,1
3.3499999999999996,3.3499999999999996,3.3499999999999996,4205.989669064696,744.0391616465565,1678.2041188730793,1
3.3499999999999996,3.3499999999999996,3.3499999999999996,3943.840431945329,697.6649872050033,1573.6056856603345,1
3.3499999999999996,3.3499999999999996,3.3499999999999996,4254.8555517182895,752.6835315151077,1697.7017715051807,1
3.3499999999999996,3.3499999999999996,3.3499999999999996,4409.256227362857,779.9969959558782,1759.3081638673184,1
3.3499999999999996,3.3499999999999996,3.3499999999999996,4407.220081144096,779.6368018886556,1758.4957346319152,1
3.3499999999999996,3.3499999999999996,3.3499999999999996,4306.803084701514,761.8730450259766,1718.4290130528589,1
3.3499999999999996,3.3499999999999996,3.3499999999999996,4174.622123711389,738.4902459373142,1665.6883620708134,1
3.3499999999999996,3.3499999999999996,3.3499999999999996,4196.246499780448,692.0759566282346,1652.879150974814,2
3.3499999999999996,3.3499999999999996,3.3499999999999996,4551.342543271146,750.6410180483833,1792.7495915960046,2
3.3499999999999996,3.3499999999999996,3.3499999999999996,4757.275687194768,784.6050326957254,1873.8655603799791,2
3.3499999999999996,3.3499999999999996,3.3499999999999996,4333.449549697984,714.7044966887288,1706.9227017220635,2
3.3499999999999996,3.3499999999999996,3.3499999999999996,4100.341058267185,676.2585230755064,1615.1025082655262,2
3.3499999999999996,3.3499999999999996,3.3499999999999996,4167.266057625348,687.2962881247165,1641.4639091326815,2
3.3499999999999996,3.3499999999999996,3.3499999999999996,4332.896113148685,714.613219846601,1706.7047060123807,2
3.3499999999999996,3.3499999999999996,3.3499999999999996,4406.560290621642,726.762459910667,1735.7206332523863,2
3.3499999999999996,3.3499999999999996,3.3499999999999996,4253.157849650072,701.4621966658697,1675.2962286317768,2
3.3499999999999996,3.3499999999999996,3.3499999999999996,4251.258822490621,701.1489950848592,1674.5482119461133,2
3.3499999999999996,3.3499999999999996,3.3499999999999996,4640.320684897432,765.3159501545496,1827.7976077681408,2
3.3499999999999996,3.3499999999999996,3.3499999999999996,4352.953680131587,717.9212618927615,1714.6052748390819,2
3.3499999999999996,3.3499999999999996,3.3499999999999996,4377.28021614812,721.9333738327954,1724.1873678355894,2
3.3499999999999996,3.3499999999999996,3.3499999999999996,4350.896030540015,717.5818991290232,1713.794777622081,2
3.3499999999999996,3.3499999999999996,3.3499999999999996,4473.125662306944,737.7409125086807,1761.940378694243,2
3.3499999999999996,3.3499999999999996,3.3499999999999996,4448.23736320127,733.6361504520881,1752.1370102083486,2
3.3499999999999996,3.3499999999999996,3.3499999999999996,4372.310169144444,721.1136769835427,1722.2296927866685,2
3.3499999999999996,3.3499999999999996,3.3499999999999996,4520.828429782478,745.6084051443421,1780.730244782481,2
3.3499999999999996,3.3499999999999996,3.3499999999999996,4697.314003814836,774.7157091327801,1850.2469725965325,2
3.3499999999999996,3.3499999999999996,3.3499999999999996,4621.739205338058,762.2513553452847,1820.4784619173042,2
3.3499999999999996,3.3499999999999996,3.3499999999999996,4497.119971199033,741.6982310982809,1771.3916091955632,2
3.3499999999999996,3.3499999999999996,3.3499999999999996,4346.632081121295,716.8786571071045,1712.1152306518586,2
3.3499999999999996,3.3499999999999996,3.3499999999999996,4283.713615537685,706.5016791910942,1687.3319821034434,2
3.3499999999999996,3.3499999999999996,3.3499999999999996,4251.597807494811,701.2049029947185,1674.6817363341459,2
3.3499999999999996,3.3499999999999996,3.3499999999999996,4124.115579887721,680.1795927254361,1624.4671657309634,2
3.3499999999999996,3.3499999999999996,3.3499999999999996,4124.711715136058,680.277911752284,1624.701980230824,2
3.3499999999999996,3.3499999999999996,3.3499999999999996,4060.6940867117405,669.7196517846799,1599.4857772925684,2
3.3499999999999996,3.3499999999999996,3.3499999999999996,4188.048776380547,690.7239275554771,1649.6501113810093,2
3.3499999999999996,3.3499999999999996,3.3499999999999996,4117.090036013826,679.0208881551457,1621.6998414105196,2
3.3499999999999996,3.3499999999999996,3.3499999999999996,3911.9938831016334,645.1949162455112,1540.9135589289153,2
3.3499999999999996,3.3499999999999996,3.3499999999999996,4236.973617328626,698.7929735716723,1668.921345702461,2
3.3499999999999996,3.3499999999999996,3.3499999999999996,4096.454352053942,675.6174987884912,1613.5715553850962,2
3.3499999999999996,3.3499999999999996,3.3499999999999996,4308.39653049276,710.5725677770721,1697.054450866101,2
3.3499999999999996,3.3499999999999996,3.3499999999999996,4040.4264962408442,666.3769711141259,1591.5024813323353,2
3.3499999999999996,3.3499999999999996,3.3499999999999996,4161.915458780838,686.4138278559877,1639.3563367401202,2
3.3499999999999996,3.3499999999999996,3.3499999999999996,4377.186231848832,721.9178732482035,1724.1503479205724,2
3.3499999999999996,3.3499999999999996,3.3499999999999996,4113.691060264974,678.4603039775803,1620.361002962816,2
3.3499999999999996,3.3499999999999996,3.3499999999999996,4464.955057490643,736.3933560329664,1758.7220209661104,2
3.3499999999999996,3.3499999999999996,3.3499999999999996,4380.49381521312,722.4633843188918,1725.4531873946664,2
3.3499999999999996,3.3499999999999996,3.3499999999999996,4462.172370108836,735.9344146833907,1757.6259352244097,2
3.3499999999999996,3.3499999999999996,3.3499999999999996,4224.169965307574,696.6813007418543,1663.878055351658,2
3.3499999999999996,3.3499999999999996,3.3499999999999996,4239.5073842382935,699.2108611190254,1669.9193829957035,2
3.3499999999999996,3.3499999999999996,3.3499999999999996,4076.9497608961415,672.4006575984217,1605.8888007912692,2
3.3499999999999996,3.3499999999999996,3.3499999999999996,4518.727266908123,745.261865848718,1779.9026079151026,2
3.3499999999999996,3.3499999999999996,3.3499999999999996,4301.575216663461,709.4475463337133,1694.3675716726855,2
3.3499999999999996,3.3499999999999996,3.3499999999999996,4460.697612223343,735.6911867237242,1757.0450359464976,2
3.3499999999999996,3.3499999999999996,3.3499999999999996,4217.724916635572,695.6183357264712,1661.3393850000643,2
3.3499999999999996,3.3499999999999996,3.3499999999999996,4256.199637827099,701.9638708317191,1676.4943727969853,2
3.3499999999999996,3.3499999999999996,3.3499999999999996,4338.177056655145,715.4841920426636,1708.7848415382039,2
3.3499999999999996,3.3499999999999996,3.3499999999999996,4118.040794749924,679.177694306034,1622.074340213816,2
3.3499999999999996,3.3499999999999996,3.3499999999999996,4166.632389395869,687.1917788814853,1641.2143105914145,2
3.3499999999999996,3.3499999999999996,3.3499999999999996,4294.883248867005,708.3438575931445,1691.7316411928305,2
3.3499999999999996,3.3499999999999996,3.3499999999999996,4345.011485515954,716.6113765138567,1711.4768866726927,2
3.3499999999999996,3.3499999999999996,3.3499999999999996,4237.305269167466,698.8476720417563,1669.051981595712,2
3.3499999999999996,3.3499999999999996,3.3499999999999996,3973.204205885221,655.2901746385036,1565.0239791243744,2
3.3499999999999996,3.3499999999999996,3.3499999999999996,4286.534981635266,706.9669997200681,1688.4433031853207,2
3.3499999999999996,3.3499999999999996,3.3499999999999996,4442.085243987012,732.6214975257828,1749.7137232102916,2
3.3499999999999996,3.3499999999999996,3.3499999999999996,4440.033937688042,732.2831809446976,1748.9057245824688,2
3.3499999999999996,3.3499999999999996,3.3499999999999996,4338.869288789905,715.5983600775727,1709.0575080899039,2
3.3499999999999996,3.3499999999999996,3.3499999999999996,4205.704177471021,693.6357866657519,1656.6044798543744,2
3.3499999999999996,3.3499999999999996,3.3499999999999996,4168.338128409814,732.238902370817,1660.8866852714852,3
3.3499999999999996,3.3499999999999996,3.3499999999999996,4521.072501237337,794.2026447618924,1801.434741887593,3
3.3499999999999996,3.3499999999999996,3.3499999999999996,4725.6360262268845,830.137678434555,1882.9436848957632,3
3.3499999999999996,3.3499999999999996,3.3499999999999996,4304.628669095473,756.1806347449277,1715.1920552726513,3
3.3499999999999996,3.3499999999999996,3.3499999999999996,4073.0705342390174,715.5035425132071,1622.9270299312197,3
3.3499999999999996,3.3499999999999996,3.3499999999999996,4139.550429207778,727.18185742482,1649.416141176613,3
3.3499999999999996,3.3499999999999996,3.3499999999999996,4304.078913338699,756.0840608731565,1714.973003461486,3
3.3499999999999996,3.3499999999999996,3.3499999999999996,4377.253165536356,768.9383525501753,1744.1295011917102,3
3.3499999999999996,3.3499999999999996,3.3499999999999996,4224.870972610754,742.1698500315786,1683.412364648098,3
3.3499999999999996,3.3499999999999996,3.3499999999999996,4222.984575489889,741.838472558191,1682.6607241226268,3
3.3499999999999996,3.3499999999999996,3.3499999999999996,4609.4588675662235,809.7292008788496,1836.65255159325,3
3.3499999999999996,3.3499999999999996,3.3499999999999996,4324.003081573892,759.5840770977893,1722.9118473646233,3
3.3499999999999996,3.3499999999999996,3.3499999999999996,4348.167826808747,763.829022201029,1732.5403617454517,3
3.3499999999999996,3.3499999999999996,3.3499999999999996,4321.959116986038,759.2250202410306,1722.0974236147852,3
3.3499999999999996,3.3499999999999996,3.3499999999999996,4443.375824641853,780.5539129566724,1770.476270748277,3
3.3499999999999996,3.3499999999999996,3.3499999999999996,4418.653052488484,776.2109410125867,1760.6254088873663,3
3.3499999999999996,3.3499999999999996,3.3499999999999996,4343.230834564251,762.9617562377703,1730.573202548772,3
3.3499999999999996,3.3499999999999996,3.3499999999999996,4490.761330833957,788.8779764019831,1789.3571661758601,3
3.3499999999999996,3.3499999999999996,3.3499999999999996,4666.0731356556835,819.6744520190607,1859.2106745596436,3
3.3499999999999996,3.3499999999999996,3.3499999999999996,4591.000969601063,806.4867597596983,1829.2979474263068,3
3.3499999999999996,3.3499999999999996,3.3499999999999996,4467.210552326456,784.7408849105863,1779.973288657794,3
3.3499999999999996,3.3499999999999996,3.3499999999999996,4317.7235262168615,758.480967277914,1720.4097399154145,3
3.3499999999999996,3.3499999999999996,3.3499999999999996,4255.223518391552,747.5017866744369,1695.506426501629,3
3.3499999999999996,3.3499999999999996,3.3499999999999996,4223.3213059746195,741.8976249476895,1682.7948953825835,3
3.3499999999999996,3.3499999999999996,3.3499999999999996,4096.686936411951,719.6521619083552,1632.3370553933355,3
3.3499999999999996,3.3499999999999996,3.3499999999999996,4097.279106887509,719.7561866409181,1632.5730074749479,3
3.3499999999999996,3.3499999999999996,3.3499999999999996,4033.687246527205,708.5852037226704,1607.2346421815437,3
3.3499999999999996,3.3499999999999996,3.3499999999999996,4160.194926380154,730.8084115775332,1657.6420022803536,3
3.3499999999999996,3.3499999999999996,3.3499999999999996,4089.7081179836473,718.4262147350785,1629.5563245002495,3
3.3499999999999996,3.3499999999999996,3.3499999999999996,3885.976017350668,682.637234774831,1548.378664991904,3
3.3499999999999996,3.3499999999999996,3.3499999999999996,4208.794378285788,739.3457250638505,1677.0065979765177,3
3.3499999999999996,3.3499999999999996,3.3499999999999996,4069.20967770844,714.8253179399912,1621.3886602002058,3
3.3499999999999996,3.3499999999999996,3.3499999999999996,4279.742272362016,751.8089193833858,1705.2759967127015,3
3.3499999999999996,3.3499999999999996,3.3499999999999996,4013.554451626988,705.0485387052821,1599.2126703652057,3
3.3499999999999996,3.3499999999999996,3.3499999999999996,4134.235416094377,726.2481857196101,1647.2983584439871,3
3.3499999999999996,3.3499999999999996,3.3499999999999996,4348.0744675796805,763.8126220776919,1732.5031624838448,3
3.3499999999999996,3.3499999999999996,3.3499999999999996,4086.331748122578,717.8330984175184,1628.2109999190732,3
3.3499999999999996,3.3499999999999996,3.3499999999999996,4435.259560835679,779.1281543167289,1767.2423213721577,3
3.3499999999999996,3.3499999999999996,3.3499999999999996,4351.360052888116,764.3897905572585,1733.812313690872,3
3.3499999999999996,3.3499999999999996,3.3499999999999996,4432.495380534631,778.6425794215929,1766.14092553615,3
3.3499999999999996,3.3499999999999996,3.3499999999999996,4196.075880717775,737.1115064347204,1671.938874913602,3
3.3499999999999996,3.3499999999999996,3.3499999999999996,4211.311293633498,739.7878636991517,1678.009470358792,3
3.3499999999999996,3.3499999999999996,3.3499999999999996,4049.8348075700064,711.4217951914283,1613.6686857522436,3
3.3499999999999996,3.3499999999999996,3.3499999999999996,4488.674142361203,788.5113265407558,1788.5255197409365,3
3.3499999999999996,3.3499999999999996,3.3499999999999996,4272.966325686337,750.6186100554294,1702.5761006709097,3
3.3499999999999996,3.3499999999999996,3.3499999999999996,4431.030430960149,778.3852363185621,1765.5572120350146,3
3.3499999999999996,3.3499999999999996,3.3499999999999996,4189.673696737314,735.9868548286818,1669.3879057258252,3
3.3499999999999996,3.3499999999999996,3.3499999999999996,4227.892530480986,742.7006376380996,1684.6163133396021,3
3.3499999999999996,3.3499999999999996,3.3499999999999996,4309.32473437736,757.0055778233299,1717.0632164067952,3
3.3499999999999996,3.3499999999999996,3.3499999999999996,4090.652553419175,718.5921207497457,1629.9326375995336,3
3.3499999999999996,3.3499999999999996,3.3499999999999996,4138.920975375207,727.0712832417144,1649.165333430863,3
3.3499999999999996,3.3499999999999996,3.3499999999999996,4266.318864789671,749.450871421811,1699.9274001686915,3
3.3499999999999996,3.3499999999999996,3.3499999999999996,4316.113708859175,758.1981757051824,1719.7683034165661,3
3.3499999999999996,3.3499999999999996,3.3499999999999996,4209.123824376543,739.4035978266769,1677.1378667480974,3
3.3499999999999996,3.3499999999999996,3.3499999999999996,3946.779242881973,693.3183469476176,1572.6058904701374,3
3.3499999999999996,3.3499999999999996,3.3499999999999996,4258.0261201642,747.9941109491398,1696.6231314869044,3
3.3499999999999996,3.3499999999999996,3.3499999999999996,4412.541849752262,775.1374051702716,1758.1903820390387,3
3.3499999999999996,3.3499999999999996,3.3499999999999996,4410.504186269079,774.7794552088326,1757.3784689830375,3
3.3499999999999996,3.3499999999999996,3.3499999999999996,4310.012362618738,757.126371322608,1717.3372039182063,3
3.3499999999999996,3.3499999999999996,3.3499999999999996,4177.732905033611,733.8892533526963,1664.6300618702344,3
3.3499999999999996,3.3499999999999996,3.3499999999999996,4165.544746694443,736.3693577342636,1661.8357003495041,4
3.3499999999999996,3.3499999999999996,3.3499999999999996,4518.042737127571,798.6826287713451,1802.4640648072586,4
3.3499999999999996,3.3499999999999996,3.3499999999999996,4722.469175347108,834.820366851119,1884.0195812611646,4
3.3499999999999996,3.3499999999999996,3.3499999999999996,4301.743953257821,760.4461420109367,1716.1720999298736,4
3.3499999999999996,3.3499999999999996,3.3499999999999996,4070.340995414368,719.5395960951329,1623.8543552181204,4
3.3499999999999996,3.3499999999999996,3.3499999999999996,4136.776339361277,731.2837867179463,1650.3586020932942,4
3.3499999999999996,3.3499999999999996,3.3499999999999996,4301.194565915899,760.3490233797083,1715.9529229545574,4
3.3499999999999996,3.3499999999999996,3.3499999999999996,4374.3197809165185,773.2758242853802,1745.1260804341875,4
3.3499999999999996,3.3499999999999996,3.3499999999999996,4222.039705817819,746.356324456423,1684.374250688092,4
3.3499999999999996,3.3499999999999996,3.3499999999999996,4220.154572852371,746.0230777299025,1683.6221806822725,4
3.3499999999999996,3.3499999999999996,3.3499999999999996,4606.369871970915,814.296767980079,1837.701997639149,4
3.3499999999999996,3.3499999999999996,3.3499999999999996,4321.105382113535,763.8687826973952,1723.8963030386597,4
3.3499999999999996,3.3499999999999996,3.3499999999999996,4345.25393351876,768.1376729314006,1733.5303190623197,4
3.3499999999999996,3.3499999999999996,3.3499999999999996,4319.0627872738,763.507700452044,1723.0814139347272,4
3.3499999999999996,3.3499999999999996,3.3499999999999996,4440.398128399199,784.9569064138522,1771.4879042878279,4
3.3499999999999996,3.3499999999999996,3.3499999999999996,4415.691924033174,780.5894363835523,1761.6314137368208,4
3.3499999999999996,3.3499999999999996,3.3499999999999996,4340.320249763988,767.2655148443588,1731.5620358493202,4
3.3499999999999996,3.3499999999999996,3.3499999999999996,4487.751879536292,793.327924715552,1790.3795880820148,4
3.3499999999999996,3.3499999999999996,3.3499999999999996,4662.94620041718,824.2981188655784,1860.2730101054806,4
3.3499999999999996,3.3499999999999996,3.3499999999999996,4587.924343432872,811.0360367123607,1830.3431911203475,4
3.3499999999999996,3.3499999999999996,3.3499999999999996,4464.216883413052,789.167496480253,1780.9903487043262,4
3.3499999999999996,3.3499999999999996,3.3499999999999996,4314.83003495521,762.7594503921302,1721.3927659087158,4
3.3499999999999996,3.3499999999999996,3.3499999999999996,4252.371911059105,751.7183377945137,1696.4752229751616,4
3.3499999999999996,3.3499999999999996,3.3499999999999996,4220.491077679597,746.0825637896057,1683.756428606429,4
3.3499999999999996,3.3499999999999996,3.3499999999999996,4093.9415712258165,723.7116172614462,1633.2697574805482,4
3.3499999999999996,3.3499999999999996,3.3499999999999996,4094.533344862604,723.8162287827099,1633.505844382968,4
3.3499999999999996,3.3499999999999996,3.3499999999999996,4030.984100128601,712.5822319407819,1608.1530009852304,4
3.3499999999999996,3.3499999999999996,3.3499999999999996,4157.407001772857,734.9307977461447,1658.5891633769363,4
3.3499999999999996,3.3499999999999996,3.3499999999999996,4086.967429602319,722.4787546947632,1630.487437703905,4
3.3499999999999996,3.3499999999999996,3.3499999999999996,3883.371858566318,686.4878941955955,1549.26339404211,4
3.3499999999999996,3.3499999999999996,3.3499999999999996,4205.97388510652,743.5162690019616,1677.9648238215013,4
3.3499999999999996,3.3499999999999996,3.3499999999999996,4066.4827262089325,718.8575457536912,1622.3151064770668,4
3.3499999999999996,3.3499999999999996,3.3499999999999996,4276.874233963538,756.0497664256554,1706.2503754270442,4
3.3499999999999996,3.3499999999999996,3.3499999999999996,4010.864797075595,709.0256170997196,1600.1264454894172,4
3.3499999999999996,3.3499999999999996,3.3499999999999996,4131.464888065557,730.34484830362,1648.2396092794734,4
3.3499999999999996,3.3499999999999996,3.3499999999999996,4345.160636853706,768.1211802973032,1733.4930985454034,4
3.3499999999999996,3.3499999999999996,3.3499999999999996,4083.593322391146,721.8822926925269,1629.141344416878,4
3.3499999999999996,3.3499999999999996,3.3499999999999996,4432.287303648643,783.5231052724763,1768.2521070633595,4
3.3499999999999996,3.3499999999999996,3.3499999999999996,4348.444020350858,768.7016045020639,1734.8029977891545,4
3.3499999999999996,3.3499999999999996,3.3499999999999996,4429.524975743076,783.0347913185117,1767.1500819000996,4
3.3499999999999996,3.3499999999999996,3.3499999999999996,4193.263910747868,741.2694474637397,1672.8942051091472,4
3.3499999999999996,3.3499999999999996,3.3499999999999996,4208.489113761574,743.9609016783354,1678.9682692356519,4
3.3499999999999996,3.3499999999999996,3.3499999999999996,4047.1208399999005,715.4348242180305,1614.5907209080947,4
3.3499999999999996,3.3499999999999996,3.3499999999999996,4485.66608977783,792.9592066346756,1789.5474664521162,4
3.3499999999999996,3.3499999999999996,3.3499999999999996,4270.102828139625,754.8527427323031,1703.5489366899706,4
3.3499999999999996,3.3499999999999996,3.3499999999999996,4428.061007893979,782.7759965796876,1766.5660348705433,4
3.3499999999999996,3.3499999999999996,3.3499999999999996,4186.866017144798,740.1384518581631,1670.3417783214968,4
3.3499999999999996,3.3499999999999996,3.3499999999999996,4225.05923881285,746.8901061602379,1685.578887304589,4
3.3499999999999996,3.3499999999999996,3.3499999999999996,4306.436871505449,761.275738475756,1718.0443302279439,4
3.3499999999999996,3.3499999999999996,3.3499999999999996,4087.911232131255,722.645596561631,1630.8639658249651,4
3.3499999999999996,3.3499999999999996,3.3499999999999996,4136.147307352649,731.1725888016219,1650.1076510383496,4
3.3499999999999996,3.3499999999999996,3.3499999999999996,4263.459821990907,753.6784170513612,1700.898722745122,4
3.3499999999999996,3.3499999999999996,3.3499999999999996,4313.221296405008,762.4750636324113,1720.750962899067,4
3.3499999999999996,3.3499999999999996,3.3499999999999996,4206.303110421355,743.5744682168003,1678.0961675988265,4
3.3499999999999996,3.3499999999999996,3.3499999999999996,3944.134337254828,697.2292570009535,1573.504462729806,4
3.3499999999999996,3.3499999999999996,3.3499999999999996,4255.1726346884,752.2134392003338,1697.5925660351943,4
3.3499999999999996,3.3499999999999996,3.3499999999999996,4409.584816675363,779.5098448784425,1759.194995536985,4
3.3499999999999996,3.3499999999999996,3.3499999999999996,4407.548518717657,779.1498757722503,1758.3826185614769,4
3.3499999999999996,3.3499999999999996,3.3499999999999996,4307.124038937723,761.3972133539603,1718.3184742932494,4
3.3499999999999996,3.3499999999999996,3.3499999999999996,4174.933227476484,738.0290181109904,1665.5812158785411,4
3.3499999999999996,3.3499999999999996,3.3499999999999996,4165.265383203305,736.7835180678621,1661.9319021208562,5
3.3499999999999996,3.3499999999999996,3.3499999999999996,4517.739733254391,799.1318363062555,1802.5684073940718,5
3.3499999999999996,3.3499999999999996,3.3499999999999996,4722.152461554353,835.2898995360396,1884.1286450037117,5
3.3499999999999996,3.3499999999999996,3.3499999999999996,4301.4554555265895,760.8738439848864,1716.2714471733605,5
3.3499999999999996,3.3499999999999996,3.3499999999999996,4070.068016790983,719.9442907718274,1623.9483582927667,5
3.3499999999999996,3.3499999999999996,3.3499999999999996,4136.49890523189,731.6950867454144,1650.454139468531,5
3.3499999999999996,3.3499999999999996,3.3499999999999996,4300.906105029492,760.7766707306838,1716.0522575101388,5
3.3499999999999996,3.3499999999999996,3.3499999999999996,4374.026415865928,773.7107421292394,1745.2271037905484,5
3.3499999999999996,3.3499999999999996,3.3499999999999996,4221.756553475529,746.7761018155346,1684.4717571903898,5
3.3499999999999996,3.3499999999999996,3.3499999999999996,4219.871546937081,746.4426676591951,1683.7196436480967,5
3.3499999999999996,3.3499999999999996,3.3499999999999996,4606.060944412297,814.7547574625761,1837.8083801096616,5
3.3499999999999996,3.3499999999999996,3.3499999999999996,4320.815585902348,764.2984096862762,1723.9960974274454,5
3.3499999999999996,3.3499999999999996,3.3499999999999996,4344.962517777826,768.569700896076,1733.630671153294,5
3.3499999999999996,3.3499999999999996,3.3499999999999996,4318.773128049839,763.9371243554197,1723.1811611505132,5
3.3499999999999996,3.3499999999999996,3.3499999999999996,4440.10033178468,785.3983941140214,1771.5904537000747,5
3.3499999999999996,3.3499999999999996,3.3499999999999996,4415.395784347561,781.0284676631416,1761.7333925680823,5
3.3499999999999996,3.3499999999999996,3.3499999999999996,4340.0291649020155,767.6970522762862,1731.6622739986267,5
3.3499999999999996,3.3499999999999996,3.3499999999999996,4487.45090712844,793.7741205743323,1790.4832311122668,5
3.3499999999999996,3.3499999999999996,3.3499999999999996,4662.633478550353,824.7617334637536,1860.3806991861354,5
3.3499999999999996,3.3499999999999996,3.3499999999999996,4587.616652929085,811.4921922435457,1830.4491475979523,5
3.3499999999999996,3.3499999999999996,3.3499999999999996,4463.917489386678,789.6113523661271,1781.0934482022305,5
3.3499999999999996,3.3499999999999996,3.3499999999999996,4314.540659602037,763.1884534530426,1721.4924153705958,5
3.3499999999999996,3.3499999999999996,3.3499999999999996,4252.086724478494,752.1411309407565,1696.5734299889298,5
3.3499999999999996,3.3499999999999996,3.3499999999999996,4220.208029196511,746.5021871759756,1683.8538993437123,5
3.3499999999999996,3.3499999999999996,3.3499999999999996,4093.6670098228306,724.1186584313243,1633.3643056020817,5
3.3499999999999996,3.3499999999999996,3.3499999999999996,4094.258743772144,724.2233287898306,1633.600406171303,5
3.3499999999999996,3.3499999999999996,3.3499999999999996,4030.713760987045,712.9830135482694,1608.246095126406,5
3.3499999999999996,3.3499999999999996,3.3499999999999996,4157.128184041991,735.3441489824091,1658.6851772099692,5
3.3499999999999996,3.3499999999999996,3.3499999999999996,4086.6933359222053,722.8851024588571,1630.5818247601226,5
3.3499999999999996,3.3499999999999996,3.3499999999999996,3883.111419083425,686.8739994188578,1549.3530791311746,5
3.3499999999999996,3.3499999999999996,3.3499999999999996,4205.691810223251,743.9344490128103,1678.0619592893959,5
3.3499999999999996,3.3499999999999996,3.3499999999999996,4066.2100063415132,719.2618568210005,1622.4090204463607,5
3.3499999999999996,3.3499999999999996,3.3499999999999996,4276.587404127391,756.4749957215131,1706.3491483132275,5
3.3499999999999996,3.3499999999999996,3.3499999999999996,4010.5958072410526,709.4243983404435,1600.2190749824597,5
3.3499999999999996,3.3499999999999996,3.3499999999999996,4131.187810150223,730.7556202387077,1648.335023988636,5
3.3499999999999996,3.3499999999999996,3.3499999999999996,4344.869227369742,768.5531989859343,1733.5934484817242,5
3.3499999999999996,3.3499999999999996,3.3499999999999996,4083.3194549965306,722.2883049851629,1629.2356535492922,5
3.3499999999999996,3.3499999999999996,3.3499999999999996,4431.990050988986,783.9637865518557,1768.354469158999,5
3.3499999999999996,3.3499999999999996,3.3499999999999996,4348.152390665808,769.1339496419241,1734.9034235540473,5
3.3499999999999996,3.3499999999999996,3.3499999999999996,4429.227908339757,783.4751979527448,1767.2523802007602,5
3.3499999999999996,3.3499999999999996,3.3499999999999996,4192.982688262789,741.6863637821929,1672.991047044714,5
3.3499999999999996,3.3499999999999996,3.3499999999999996,4208.206870193751,744.379331766425,1679.0654627918557,5
3.3499999999999996,3.3499999999999996,3.3499999999999996,4046.84941864311,715.8372102249363,1614.684187721527,5
3.3499999999999996,3.3499999999999996,3.3499999999999996,4485.365257254086,793.4051951132845,1789.6510613117973,5
3.3499999999999996,3.3499999999999996,3.3499999999999996,4269.816452429813,755.2772987794339,1703.6475531929495,5
3.3499999999999996,3.3499999999999996,3.3499999999999996,4427.764038672098,783.2162576585489,1766.6682993613877,5
3.3499999999999996,3.3499999999999996,3.3499999999999996,4186.585223736348,740.5547320644364,1670.4384724999911,5
3.3499999999999996,3.3499999999999996,3.3499999999999996,4224.775883964686,747.3101837371769,1685.6764635419256,5
3.3499999999999996,3.3499999999999996,3.3499999999999996,4306.148059042266,761.7039070442826,1718.1437858527047,5
3.3499999999999996,3.3499999999999996,3.3499999999999996,4087.637075154745,723.0520381635284,1630.9583746779663,5
3.3499999999999996,3.3499999999999996,3.3499999999999996,4135.869915409479,731.583826287424,1650.2031738863168,5
3.3499999999999996,3.3499999999999996,3.3499999999999996,4263.173891796268,754.1023126159357,1700.997185830242,5
3.3499999999999996,3.3499999999999996,3.3499999999999996,4312.932028942362,762.9039067440892,1720.850575207703,5
3.3499999999999996,3.3499999999999996,3.3499999999999996,4206.021013458492,743.9926809609593,1678.1933106700626,5
3.3499999999999996,3.3499999999999996,3.3499999999999996,3943.8698227183204,697.6214035489348,1573.5955511066607,5
3.3499999999999996,3.3499999999999996,3.3499999999999996,4254.88726027643,752.6365108092278,1697.6908377306768,5
3.3499999999999996,3.3499999999999996,3.3499999999999996,4409.289086564714,779.9482689573478,1759.2968333267788,5
3.3499999999999996,3.3499999999999996,3.3499999999999996,4407.2529251719325,779.5880973917192,1758.4844093236948,5
3.3499999999999996,3.3499999999999996,3.3499999999999996,4306.835180389453,761.8254502442812,1718.417945787898,5
3.3499999999999996,3.3499999999999996,3.3499999999999996,4174.653234344104,738.4441118966512,1665.6776344735101,5
3.3499999999999996,3.3499999999999996,3.3499999999999996,4165.2374466011215,736.8249452216331,1661.941535117574,6
3.3499999999999996,3.3499999999999996,3.3499999999999996,4517.709432592588,799.1767691211921,1802.5788555571585,6
3.3499999999999996,3.3499999999999996,3.3499999999999996,4722.120789888173,835.3368654117177,1884.1395659115008,6
3.3499999999999996,3.3499999999999996,3.3499999999999996,4301.426605492122,760.9166256662919,1716.2813951364494,6
3.3499999999999996,3.3499999999999996,3.3499999999999996,4070.040718681359,719.9847711057502,1623.9577711268219,6
3.3499999999999996,3.3499999999999996,3.3499999999999996,4136.471161567629,731.7362277917711,1650.4637059371023,6
3.3499999999999996,3.3499999999999996,3.3499999999999996,4300.877258679541,760.8194469483257,1716.0622042027467,6
3.3499999999999996,3.3499999999999996,3.3499999999999996,4373.997079095116,773.7542455913862,1745.2372195882783,6
3.3499999999999996,3.3499999999999996,3.3499999999999996,4221.7282379847975,746.8180908226765,1684.4815208340674,6
3.3499999999999996,3.3499999999999996,3.3499999999999996,4219.843244089164,746.4846379183226,1683.7294029323255,6
3.3499999999999996,3.3499999999999996,3.3499999999999996,4606.030051376584,814.800568708071,1837.819032532948,6
3.3499999999999996,3.3499999999999996,3.3499999999999996,4320.786606018709,764.3413839208625,1724.0060901646493,6
3.3499999999999996,3.3499999999999996,3.3499999999999996,4344.933375939746,768.6129152927091,1733.6407197350347,6
3.3499999999999996,3.3499999999999996,3.3499999999999996,4318.744161865047,763.9800782760025,1723.191149164131,6
3.3499999999999996,3.3499999999999996,3.3499999999999996,4440.0705518534605,785.4425547382027,1771.6007223067515,6
3.3499999999999996,3.3499999999999996,3.3499999999999996,4415.366170110733,781.0723825793084,1761.7436040406262,6
3.3499999999999996,3.3499999999999996,3.3499999999999996,4340.00005615213,767.7402176064737,1731.6723111710169,6
3.3499999999999996,3.3499999999999996,3.3499999999999996,4487.42080961501,793.8187521407907,1790.4936092264768,6
3.3499999999999996,3.3499999999999996,3.3499999999999996,4662.602206080382,824.8081073718536,1860.3914824445512,6
3.3499999999999996,3.3499999999999996,3.3499999999999996,4587.585883599975,811.5378200446671,1830.4597573651813,6
3.3499999999999996,3.3499999999999996,3.3499999999999996,4463.8875497128265,789.6557498724657,1781.1037718907762,6
3.3499999999999996,3.3499999999999996,3.3499999999999996,4314.511721804581,763.231365278079,1721.5023935957959,6
3.3499999999999996,3.3499999999999996,3.3499999999999996,4252.058205562088,752.1834216075873,1696.5832637771025,6
3.3499999999999996,3.3499999999999996,3.3499999999999996,4220.179724091795,746.5441607817095,1683.8636594061225,6
3.3499999999999996,3.3499999999999996,3.3499999999999996,4093.6395534338126,724.1593734775695,1633.3737730134571,6
3.3499999999999996,3.3499999999999996,3.3499999999999996,4094.2312834143427,724.2640497213803,1633.6098749511796,6
3.3499999999999996,3.3499999999999996,3.3499999999999996,4030.686726827995,713.0231024702036,1608.2554169459927,6
3.3499999999999996,3.3499999999999996,3.3499999999999996,4157.100302016328,735.3854952047217,1658.6947913878114,6
3.3499999999999996,3.3499999999999996,3.3499999999999996,4086.6659263058978,722.925748145906,1630.5912760435037,6
3.3499999999999996,3.3499999999999996,3.3499999999999996,3883.085374899209,686.9126203083015,1549.3620595912691,6
3.3499999999999996,3.3499999999999996,3.3499999999999996,4205.663602479398,743.9762782422367,1678.0716857801904,6
3.3499999999999996,3.3499999999999996,3.3499999999999996,4066.18273410772,719.3022987836844,1622.4184243580066,6
3.3499999999999996,3.3499999999999996,3.3499999999999996,4276.558720883942,756.5175300687164,1706.3590387640484,6
3.3499999999999996,3.3499999999999996,3.3499999999999996,4010.568908013926,709.4642871719905,1600.2283502753148,6
3.3499999999999996,3.3499999999999996,3.3499999999999996,4131.16010210769,730.7967084616469,1648.3445781742532,6
3.3499999999999996,3.3499999999999996,3.3499999999999996,4344.840086157363,768.596412454714,1733.6034968477124,6
3.3499999999999996,3.3499999999999996,3.3499999999999996,4083.2920680089783,722.3289171160586,1629.2450970299092,6
3.3499999999999996,3.3499999999999996,3.3499999999999996,4431.960325453745,784.0078665123054,1768.3647190090537,6
3.3499999999999996,3.3499999999999996,3.3499999999999996,4348.123227433121,769.1771957645922,1734.9134795129974,6
3.3499999999999996,3.3499999999999996,3.3499999999999996,4429.198201330318,783.5192504413052,1767.262623662816,6
3.3499999999999996,3.3499999999999996,3.3499999999999996,4192.954565759528,741.7280666084483,1673.00074414316,6
3.3499999999999996,3.3499999999999996,3.3499999999999996,4208.178645581289,744.4211860102903,1679.0751950992217,6
3.3499999999999996,3.3499999999999996,3.3499999999999996,4046.8222762615555,715.8774596298911,1614.6935468580002,6
3.3499999999999996,3.3499999999999996,3.3499999999999996,4485.335173729193,793.4498059361578,1789.6614346025312,6
3.3499999999999996,3.3499999999999996,3.3499999999999996,4269.78781459941,755.3197657836882,1703.657427984611,6
3.3499999999999996,3.3499999999999996,3.3499999999999996,4427.734341480891,783.2602955876641,1766.6785394379565,6
3.3499999999999996,3.3499999999999996,3.3499999999999996,4186.5571441411375,740.596371262394,1670.4481548030406,6
3.3499999999999996,3.3499999999999996,3.3499999999999996,4224.747548223184,747.3522027741626,1685.6862341684002,6
3.3499999999999996,3.3499999999999996,3.3499999999999996,4306.119177534319,761.7467353976742,1718.1537446683637,6
3.3499999999999996,3.3499999999999996,3.3499999999999996,4087.609659208741,723.0926932368775,1630.96782814393,6
3.3499999999999996,3.3499999999999996,3.3499999999999996,4135.842175963879,731.6249610779355,1650.2127389002248,6
3.3499999999999996,3.3499999999999996,3.3499999999999996,4263.145298517786,754.1447135542,1701.007045259673,6
3.3499999999999996,3.3499999999999996,3.3499999999999996,4312.9031019340555,762.9468025699075,1720.8605497126287,6
3.3499999999999996,3.3499999999999996,3.3499999999999996,4205.99280350666,744.0345134645952,1678.2030379222044,6
3.3499999999999996,3.3499999999999996,3.3499999999999996,3943.8433710250515,697.6606287330623,1573.6046720825325,6
3.3499999999999996,3.3499999999999996,3.3499999999999996,4254.858722576719,752.6788293298004,1697.7006779956403,6
3.3499999999999996,3.3499999999999996,3.3499999999999996,4409.259513285753,779.9921231371425,1759.3070306763816,6
3.3499999999999996,3.3499999999999996,3.3499999999999996,4407.223365549588,779.6319313201345,1758.4946019642732,6
3.3499999999999996,3.3499999999999996,3.3499999999999996,4306.806294272956,761.8682854316871,1718.4279061926597,6
3.3499999999999996,3.3499999999999996,3.3499999999999996,4174.625234777226,738.4856324206919,1665.6872891814833,6
3.3499999999999996,3.3499999999999996,3.3499999999999996,4165.234652938373,736.8290880481862,1661.9424985452608,7
3.3499999999999996,3.3499999999999996,3.3499999999999996,4517.706402523663,799.1812625232699,1802.5799005123151,7
3.3499999999999996,3.3499999999999996,3.3499999999999996,4722.117622718687,835.3415621253256,1884.1406581474093,7
3.3499999999999996,3.3499999999999996,3.3499999999999996,4301.423720486063,760.920903949244,1716.2823900649582,7
3.3499999999999996,3.3499999999999996,3.3499999999999996,4070.0379888679245,719.9888192477777,1623.9587125353166,7
3.3499999999999996,3.3499999999999996,3.3499999999999996,4136.468387198691,731.7403420068151,1650.4646627110899,7
3.3499999999999996,3.3499999999999996,3.3499999999999996,4300.874374041933,760.823724684886,1716.063199004191,7
3.3499999999999996,3.3499999999999996,3.3499999999999996,4373.994145415378,773.7585960543488,1745.2382313024825,7
3.3499999999999996,3.3499999999999996,3.3499999999999996,4221.72540643316,746.8222898360749,1684.4824973281861,7
3.3499999999999996,3.3499999999999996,3.3499999999999996,4219.8404138018095,746.4888350568691,1683.730378990441,7
3.3499999999999996,3.3499999999999996,3.3499999999999996,4606.026962070216,814.8051499555623,1837.8200979168384,7
3.3499999999999996,3.3499999999999996,3.3499999999999996,4320.78370802772,764.345681459649,1724.0070895711651,7
3.3499999999999996,3.3499999999999996,3.3499999999999996,4344.930461753298,768.617236848345,1733.641724726746,7
3.3499999999999996,3.3499999999999996,3.3499999999999996,4318.741265243945,763.9843737833344,1723.1921480982255,7
3.3499999999999996,3.3499999999999996,3.3499999999999996,4440.067573857642,785.4469709191325,1771.6017493038808,7
3.3499999999999996,3.3499999999999996,3.3499999999999996,4415.363208684369,781.0767741887774,1761.744625323583,7
3.3499999999999996,3.3499999999999996,3.3499999999999996,4339.997145274506,767.744534255333,1731.6733150216423,7
3.3499999999999996,3.3499999999999996,3.3499999999999996,4487.417799860941,793.8232154172123,1790.4946471758146,7
3.3499999999999996,3.3499999999999996,3.3499999999999996,4662.599078830553,824.8127448871151,1860.3925609136934,7
3.3499999999999996,3.3499999999999996,3.3499999999999996,4587.582806664278,811.5423829472284,1830.4608184828996,7
3.3499999999999996,3.3499999999999996,3.3499999999999996,4463.88455574273,789.6601897422472,1781.1048043968242,7
3.3499999999999996,3.3499999999999996,3.3499999999999996,4314.508828022214,763.2356565757434,1721.5033915509189,7
3.3499999999999996,3.3499999999999996,3.3499999999999996,4252.055353667865,752.1876507877637,1696.5842472866027,7
3.3499999999999996,3.3499999999999996,3.3499999999999996,4220.1768935787595,746.548358254925,1683.8646355420672,7
3.3499999999999996,3.3499999999999996,3.3499999999999996,4093.6368077924244,724.1634450914594,1633.3747198804087,7
3.3499999999999996,3.3499999999999996,3.3499999999999996,4094.2285373760756,724.268121923816,1633.6108219549992,7
3.3499999999999996,3.3499999999999996,3.3499999999999996,4030.6840234096417,713.0271114699817,1608.2563492518307,7
3.3499999999999996,3.3499999999999996,3.3499999999999996,4157.097513811237,735.3896299379116,1658.6957529333602,7
3.3499999999999996,3.3499999999999996,3.3499999999999996,4086.663185341785,722.9298128236894,1630.5922212974417,7
3.3499999999999996,3.3499999999999996,3.3499999999999996,3883.0827704784288,686.9164825008909,1549.3629577566217,7
3.3499999999999996,3.3499999999999996,3.3499999999999996,4205.660781702458,743.9804612774346,1678.0726585585269,7
3.3499999999999996,3.3499999999999996,3.3499999999999996,4066.180006881871,719.306343088485,1622.4193648741418,7
3.3499999999999996,3.3499999999999996,3.3499999999999996,4276.555852557,756.5217836175842,1706.3600279405664,7
3.3499999999999996,3.3499999999999996,3.3499999999999996,4010.566218088777,709.4682761621928,1600.2292779278616,7
3.3499999999999996,3.3499999999999996,3.3499999999999996,4131.157331300928,730.8008173942073,1648.3455337197825,7
3.3499999999999996,3.3499999999999996,3.3499999999999996,4344.837172033486,768.6007339175617,1733.6045018178459,7
3.3499999999999996,3.3499999999999996,3.3499999999999996,4083.2893293077427,722.3329784381369,1629.246041503467,7
3.3499999999999996,3.3499999999999996,3.3499999999999996,4431.957352897529,784.0122746266452,1768.3657441302714,7
3.3499999999999996,3.3499999999999996,3.3499999999999996,4348.120311107212,769.1815204929162,1734.914485242528,7
3.3499999999999996,3.3499999999999996,3.3499999999999996,4429.195230626684,783.523655808383,1767.2636481451486,7
3.3499999999999996,3.3499999999999996,3.3499999999999996,4192.951753506655,741.7322370029899,1673.001713981871,7
3.3499999999999996,3.3499999999999996,3.3499999999999996,4208.175823117487,744.425371546999,1679.076168459293,7
3.3499999999999996,3.3499999999999996,3.3499999999999996,4046.819562020942,715.8814846784022,1614.6944828960234,7
3.3499999999999996,3.3499999999999996,3.3499999999999996,4485.3321653739795,793.4542671381648,1789.662472069457,7
3.3499999999999996,3.3499999999999996,3.3499999999999996,4269.784950813776,755.3240125980803,1703.6584155950054,7
3.3499999999999996,3.3499999999999996,3.3499999999999996,4427.731371759081,783.2646994987581,1766.6795635816961,7
3.3499999999999996,3.3499999999999996,3.3499999999999996,4186.554336179074,740.6005352939353,1670.449123162015,7
3.3499999999999996,3.3499999999999996,3.3499999999999996,4224.744714646467,747.3564047906259,1685.687211360891,7
3.3499999999999996,3.3499999999999996,3.3499999999999996,4306.116289380909,761.7510183479496,1718.1547406822745,7
3.3499999999999996,3.3499999999999996,3.3499999999999996,4087.606917611658,723.0967588533164,1630.9687736161554,7
3.3499999999999996,3.3499999999999996,3.3499999999999996,4135.839402016807,731.6290746673781,1650.2136955287274,7
3.3499999999999996,3.3499999999999996,3.3499999999999996,4263.142439187349,754.1489537618158,1701.0080313336398,7
3.3499999999999996,3.3499999999999996,3.3499999999999996,4312.9002092306055,762.951092267607,1720.8615472956747,7
3.3499999999999996,3.3499999999999996,3.3499999999999996,4205.989982508922,744.0386968272227,1678.2040107766854,7
3.3499999999999996,3.3499999999999996,3.3499999999999996,3943.8407258533293,697.6645513567422,1573.6055843013303,7
3.3499999999999996,3.3499999999999996,3.3499999999999996,4254.855868804163,752.6830612954255,1697.7016621529056,7
3.3499999999999996,3.3499999999999996,3.3499999999999996,4409.256555955179,779.9965086728117,1759.3080505468563,7
3.3499999999999996,3.3499999999999996,3.3499999999999996,4407.220409584676,779.6363148306108,1758.4956213637834,7
3.3499999999999996,3.3499999999999996,3.3499999999999996,4306.803405658689,761.8725690653827,1718.4289023655017,7
3.3499999999999996,3.3499999999999996,3.3499999999999996,4174.622434818003,738.4897845845227,1665.688254780584,7
3.3499999999999996,3.3499999999999996,3.3499999999999996,4165.23437357207,736.8295023319545,1661.9425948893079,8
3.3499999999999996,3.3499999999999996,3.3499999999999996,4517.706099516739,799.1817118646851,1802.5800050092168,8
3.3499999999999996,3.3499999999999996,3.3499999999999996,4722.117306001705,835.342031797948,1884.140767372449,8
3.3499999999999996,3.3499999999999996,3.3499999999999996,4301.423431985427,760.9213317786886,1716.282489559129,8
3.3499999999999996,3.3499999999999996,3.3499999999999996,4070.0377158865526,719.989224063068,1623.9588066774147,8
3.3499999999999996,3.3499999999999996,3.3499999999999996,4136.468109761768,731.7407534294247,1650.4647583897581,8
3.3499999999999996,3.3499999999999996,3.3499999999999996,4300.8740855781425,760.8241524596915,1716.0632984856554,8
3.3499999999999996,3.3499999999999996,3.3499999999999996,4373.993852047373,773.7590311018139,1745.2383324752452,8
3.3499999999999996,3.3499999999999996,3.3499999999999996,4221.725123277967,746.8227097385424,1684.4825949788938,8
3.3499999999999996,3.3499999999999996,3.3499999999999996,4219.840130773045,746.489254771851,1683.7304765975482,8
3.3499999999999996,3.3499999999999996,3.3499999999999996,4606.026653139546,814.8056080815419,1837.8202044566412,8
3.3499999999999996,3.3499999999999996,3.3499999999999996,4320.7834182285915,764.3461112146822,1724.0071895131427,8
3.3499999999999996,3.3499999999999996,3.3499999999999996,4344.930170334624,768.6176690050694,1733.6418252272506,8
3.3499999999999996,3.3499999999999996,3.3499999999999996,4318.740975581804,763.9848033352212,1723.1922479929606,8
3.3499999999999996,3.3499999999999996,3.3499999999999996,4440.067276058029,785.4474125384116,1771.601852004956,8
3.3499999999999996,3.3499999999999996,3.3499999999999996,4415.362912541702,781.077213350904,1761.7447274532337,8
3.3499999999999996,3.3499999999999996,3.3499999999999996,4339.996854186713,767.744965921379,1731.673415408036,8
3.3499999999999996,3.3499999999999996,3.3499999999999996,4487.417498885503,793.8236617460534,1790.4947509721255,8
3.3499999999999996,3.3499999999999996,3.3499999999999996,4662.598766105537,824.8132086398872,1860.3926687620387,8
3.3499999999999996,3.3499999999999996,3.3499999999999996,4587.582498970676,811.5428392387103,1830.460924596079,8
3.3499999999999996,3.3499999999999996,3.3499999999999996,4463.884256345689,789.6606337304183,1781.104907648799,8
3.3499999999999996,3.3499999999999996,3.3499999999999996,4314.508538643948,763.2360857066624,1721.5034913477552,8
3.3499999999999996,3.3499999999999996,3.3499999999999996,4252.055068478413,752.1880737069176,1696.5843456388577,8
3.3499999999999996,3.3499999999999996,3.3499999999999996,4220.176610527427,746.5487780033744,1683.8647331569568,8
3.3499999999999996,3.3499999999999996,3.3499999999999996,4093.636533228257,724.1638522539419,1633.3748145683603,8
3.3499999999999996,3.3499999999999996,3.3499999999999996,4094.2282627722207,724.2685291451535,1633.610916656638,8
3.3499999999999996,3.3499999999999996,3.3499999999999996,4030.683753067778,713.0275123710366,1608.2564424836517,8
3.3499999999999996,3.3499999999999996,3.3499999999999996,4157.097234990699,735.3900434123415,1658.6958490891911,8
3.3499999999999996,3.3499999999999996,3.3499999999999996,4086.662911245345,722.93021929256,1630.5923158240898,8
3.3499999999999996,3.3499999999999996,3.3499999999999996,3883.082510036324,686.9168687211871,1549.3630475743487,8
3.3499999999999996,3.3499999999999996,3.3499999999999996,4205.660499624735,743.9808795820777,1678.0727558376507,8
3.3499999999999996,3.3499999999999996,3.3499999999999996,4066.179734159258,719.3067475200519,1622.419458927003,8
3.3499999999999996,3.3499999999999996,3.3499999999999996,4276.555565724277,756.5222089736138,1706.3601268595307,8
3.3499999999999996,3.3499999999999996,3.3499999999999996,4010.5659490962344,709.4686750622847,1600.2293706943467,8
3.3499999999999996,3.3499999999999996,3.3499999999999996,4131.157054220223,730.8012282885677,1648.345629275603,8
3.3499999999999996,3.3499999999999996,3.3499999999999996,4344.836880621068,768.6011660650075,1733.6046023161925,8
3.3499999999999996,3.3499999999999996,3.3499999999999996,4083.289055437591,722.3333845714358,1629.2461359520762,8
3.3499999999999996,3.3499999999999996,3.3499999999999996,4431.957055641877,784.0127154392637,1768.3658466437535,8
3.3499999999999996,3.3499999999999996,3.3499999999999996,4348.120019474591,769.1819529669107,1734.9145858168154,8
3.3499999999999996,3.3499999999999996,3.3499999999999996,4429.1949335562895,783.5240963462742,1767.2637505947412,8
3.3499999999999996,3.3499999999999996,3.3499999999999996,4192.951472281339,741.7326540435647,1673.0018109670293,8
3.3499999999999996,3.3499999999999996,3.3499999999999996,4208.175540871078,744.4257901017942,1679.076265796591,8
3.3499999999999996,3.3499999999999996,3.3499999999999996,4046.8192905968526,715.8818871843345,1614.6945765010676,8
3.3499999999999996,3.3499999999999996,3.3499999999999996,4485.331864538427,793.4547132595642,1789.6625758175262,8
3.3499999999999996,3.3499999999999996,3.3499999999999996,4269.784664435183,755.3244372806605,1703.658514357355,8
3.3499999999999996,3.3499999999999996,3.3499999999999996,4427.73107478687,783.2651398910505,1766.6796659974286,8
3.3499999999999996,3.3499999999999996,3.3499999999999996,4186.554055382839,740.6009516982078,1670.4492199991976,8
3.3499999999999996,3.3499999999999996,3.3499999999999996,4224.7444312887665,747.356824993401,1685.6873090814365,8
3.3499999999999996,3.3499999999999996,3.3499999999999996,4306.116000565537,761.7514466441279,1718.1548402849874,8
3.3499999999999996,3.3499999999999996,3.3499999999999996,4087.606643451921,723.0971654160526,1630.9688681646326,8
3.3499999999999996,3.3499999999999996,3.3499999999999996,4135.839124622071,731.6294860274274,1650.2137911928467,8
3.3499999999999996,3.3499999999999996,3.3499999999999996,4263.142153254275,754.1493777837167,1701.008129942345,8
3.3499999999999996,3.3499999999999996,3.3499999999999996,4312.89991996023,762.9515212385296,1720.8616470553025,8
3.3499999999999996,3.3499999999999996,3.3499999999999996,4205.989700409119,744.039115164609,1678.204108063425,8
3.3499999999999996,3.3499999999999996,3.3499999999999996,3943.8404613361295,697.664943620164,1573.6056755244206,8
3.3499999999999996,3.3499999999999996,3.3499999999999996,4254.855583426877,752.6834844931253,1697.7017605699377,8
3.3499999999999996,3.3499999999999996,3.3499999999999996,4409.2562602220905,779.9969472275569,1759.3081525352568,8
3.3499999999999996,3.3499999999999996,3.3499999999999996,4407.220113988155,779.6367531828363,1758.4957233050861,8
3.3499999999999996,3.3499999999999996,3.3499999999999996,4306.803116797233,761.8729974299027,1718.429001984108,8
3.3499999999999996,3.3499999999999996,3.3499999999999996,4174.622154822051,738.490199802021,1665.6883513417756,8
3.3499999999999996,3.3499999999999996,3.3499999999999996,4165.234342531368,827.0861157970061,1674.894341765766,9
3.3499999999999996,3.3499999999999996,3.3499999999999996,4517.706065849303,897.0760478376939,1816.6277585364674,9
3.3499999999999996,3.3499999999999996,3.3499999999999996,4722.117270810929,937.6657615569817,1898.8241351215315,9
3.3499999999999996,3.3499999999999996,3.3499999999999996,4301.423399929799,854.1290308492404,1729.6577146972438,9
3.3499999999999996,3.3499999999999996,3.3499999999999996,4070.037685555288,808.1830177284937,1636.6145406760263,9
3.3499999999999996,3.3499999999999996,3.3499999999999996,4136.4680789354425,821.3740296892441,1663.3270569101248,9
3.3499999999999996,3.3499999999999996,3.3499999999999996,4300.87405352661,854.0199477231836,1729.4368154376332,9
3.3499999999999996,3.3499999999999996,3.3499999999999996,4373.993819450928,868.539261215057,1758.8392144737095,9
3.3499999999999996,3.3499999999999996,3.3499999999999996,4221.725091816278,838.3034232909522,1697.6099991714673,9
3.3499999999999996,3.3499999999999996,3.3499999999999996,4219.840099325404,837.9291223538683,1696.852019428287,9
3.3499999999999996,3.3499999999999996,3.3499999999999996,4606.026618813916,914.613765307907,1852.14258969772,9
3.3499999999999996,3.3499999999999996,3.3499999999999996,4320.783386028687,857.9733225235194,1737.4426142988318,9
3.3499999999999996,3.3499999999999996,3.3499999999999996,4344.93013795477,862.7681171538546,1747.1523340521835,9
3.3499999999999996,3.3499999999999996,3.3499999999999996,4318.740943397122,857.5677568808775,1736.6213218274668,9
3.3499999999999996,3.3499999999999996,3.3499999999999996,4440.067242969182,881.6593900532137,1785.4081885316164,9
3.3499999999999996,3.3499999999999996,3.3499999999999996,4415.362879636959,876.753871124051,1775.4742460545842,9
3.3499999999999996,3.3499999999999996,3.3499999999999996,4339.996821843624,861.7885138651022,1745.1685841449262,9
3.3499999999999996,3.3499999999999996,3.3499999999999996,4487.417465443787,891.0616729424981,1804.4483224549974,9
3.3499999999999996,3.3499999999999996,3.3499999999999996,4662.598731358312,925.8472290170196,1874.8909643173245,9
3.3499999999999996,3.3499999999999996,3.3499999999999996,4587.5824647824975,910.9513294249508,1844.7259579585548,9
3.3499999999999996,3.3499999999999996,3.3499999999999996,4463.884223079351,886.3887022477736,1794.9853027931456,9
3.3499999999999996,3.3499999999999996,3.3499999999999996,4314.508506490806,856.7273264240715,1734.9194044698086,9
3.3499999999999996,3.3499999999999996,3.3499999999999996,4252.055036790695,844.3260079328483,1709.8060604362568,9
3.3499999999999996,3.3499999999999996,3.3499999999999996,4220.176579077278,837.9959367772922,1696.9873222675005,9
3.3499999999999996,3.3499999999999996,3.3499999999999996,4093.6365027211264,812.8690095411982,1646.1039288095658,9
3.3499999999999996,3.3499999999999996,3.3499999999999996,4094.22823226068,812.9865086411826,1646.3418708738411,9
3.3499999999999996,3.3499999999999996,3.3499999999999996,4030.6837230297924,800.3685436005743,1620.7898058016958,9
3.3499999999999996,3.3499999999999996,3.3499999999999996,4157.097204010638,825.4703329287793,1671.6222936297534,9
3.3499999999999996,3.3499999999999996,3.3499999999999996,4086.6628807901843,811.4842649142261,1643.2997456704607,9
3.3499999999999996,3.3499999999999996,3.3499999999999996,3883.0824810983113,771.0595233062371,1561.4374465780386,9
3.3499999999999996,3.3499999999999996,3.3499999999999996,4205.660468282765,835.1134882266987,1691.1502072735336,9
3.3499999999999996,3.3499999999999996,3.3499999999999996,4066.1797038567443,807.4169424406567,1635.063196577197,9
3.3499999999999996,3.3499999999999996,3.3499999999999996,4276.5555338539725,849.1910453556519,1719.65802566249,9
3.3499999999999996,3.3499999999999996,3.3499999999999996,4010.565919208173,796.3737728739226,1612.70017793958,9
3.3499999999999996,3.3499999999999996,3.3499999999999996,4131.157023433477,820.3194190948175,1661.1914131317633,9
3.3499999999999996,3.3499999999999996,3.3499999999999996,4344.836848241909,862.7495927156335,1747.1148210578679,9
3.3499999999999996,3.3499999999999996,3.3499999999999996,4083.289025007573,810.8143219902457,1641.9430748338336,9
3.3499999999999996,3.3499999999999996,3.3499999999999996,4431.957022613469,880.0489522961418,1782.1469645362329,9
3.3499999999999996,3.3499999999999996,3.3499999999999996,4348.119987070965,863.4015220714489,1748.435013439811,9
3.3499999999999996,3.3499999999999996,3.3499999999999996,4429.194900548467,879.5004806803257,1781.0362797013609,9
3.3499999999999996,3.3499999999999996,3.3499999999999996,4192.951441034081,832.5898703175358,1686.0397438331424,9
3.3499999999999996,3.3499999999999996,3.3499999999999996,4208.1755095103645,835.6128972656484,1692.1615377233963,9
3.3499999999999996,3.3499999999999996,3.3499999999999996,4046.8192604386195,803.5725599569876,1627.2781130816581,9
3.3499999999999996,3.3499999999999996,3.3499999999999996,4485.331831112254,890.6475307703215,1803.609662045136,9
3.3499999999999996,3.3499999999999996,3.3499999999999996,4269.7846326153385,847.846554759115,1716.9353591230727,9
3.3499999999999996,3.3499999999999996,3.3499999999999996,4427.731041789956,879.2098038167721,1780.447643252569,9
3.3499999999999996,3.3499999999999996,3.3499999999999996,4186.554024183256,831.3195421152893,1683.4672601733514,9
3.3499999999999996,3.3499999999999996,3.3499999999999996,4224.7443998045765,838.9029640397016,1698.8241017764544,9
3.3499999999999996,3.3499999999999996,3.3499999999999996,4306.11596847494,855.0608291520347,1731.5446569094383,9
3.3499999999999996,3.3499999999999996,3.3499999999999996,4087.606612989727,811.6716608048494,1643.6792325351053,9
3.3499999999999996,3.3499999999999996,3.3499999999999996,4135.839093800432,821.2491327856299,1663.0741338913824,9
3.3499999999999996,3.3499999999999996,3.3499999999999996,4263.142121483933,846.5275584484598,1714.264319898339,9
3.3499999999999996,3.3499999999999996,3.3499999999999996,4312.899887819077,856.4079047398184,1734.2725581966408,9
3.3499999999999996,3.3499999999999996,3.3499999999999996,4205.989669064696,835.1788572728681,1691.2825831452415,9
3.3499999999999996,3.3499999999999996,3.3499999999999996,3943.840431945329,783.1241644374019,1585.8690006569636,9
3.3499999999999996,3.3499999999999996,3.3499999999999996,4254.8555517182895,844.8821031782093,1710.9321835353494,9
3.3499999999999996,3.3499999999999996,3.3499999999999996,4409.256227362857,875.5412797319319,1773.0186825736569,9
3.3499999999999996,3.3499999999999996,3.3499999999999996,4407.220081144096,875.136964361228,1772.1999219709248,9
3.3499999999999996,3.3499999999999996,3.3499999999999996,4306.803084701514,855.1972690841498,1731.820955188331,9
3.3499999999999996,3.3499999999999996,3.3499999999999996,4174.622123711389,828.9502374366582,1678.6692894126722,9
3.3499999999999996,3.3499999999999996,3.3499999999999996,4165.234342531368,746.2369362927384,1663.193965376275,10
3.3499999999999996,3.3499999999999996,3.3499999999999996,4517.706065849303,809.3852245541727,1803.9372693489129,10
3.3499999999999996,3.3499999999999996,3.3499999999999996,4722.117270810929,846.0072195706084,1885.5594434186803,10
3.3499999999999996,3.3499999999999996,3.3499999999999996,4301.423399929799,770.6363569716328,1717.574775623243,10
3.3499999999999996,3.3499999999999996,3.3499999999999996,4070.037685555288,729.1816506100679,1625.1815770239812,10
3.3499999999999996,3.3499999999999996,3.3499999999999996,4136.4680789354425,741.0832170421263,1651.707486565075,10
3.3499999999999996,3.3499999999999996,3.3499999999999996,4300.87405352661,770.5379369205218,1717.3554195084248,10
3.3499999999999996,3.3499999999999996,3.3499999999999996,4373.993819450928,783.6379609812674,1746.5524210296262,10
3.3499999999999996,3.3499999999999996,3.3499999999999996,4221.725091816278,756.3577314770095,1685.7509371055403,10
3.3499999999999996,3.3499999999999996,3.3499999999999996,4219.840099325404,756.020019140644,1684.998252411767,10
3.3499999999999996,3.3499999999999996,3.3499999999999996,4606.026618813916,825.208598087566,1839.204003133732,10
3.3499999999999996,3.3499999999999996,3.3499999999999996,4320.783386028687,774.1048621084468,1725.3052919403324,10
3.3499999999999996,3.3499999999999996,3.3499999999999996,4344.93013795477,778.4309568001056,1734.9471821160694,10
3.3499999999999996,3.3499999999999996,3.3499999999999996,4318.740943397122,773.7389412486357,1724.4897368046313,10
3.3499999999999996,3.3499999999999996,3.3499999999999996,4440.067242969182,795.4755732455203,1772.9357911428494,10
3.3499999999999996,3.3499999999999996,3.3499999999999996,4415.362879636959,791.0495777576178,1763.07124460508,10
3.3499999999999996,3.3499999999999996,3.3499999999999996,4339.996821843624,777.5471115232737,1732.9772901698784,10
3.3499999999999996,3.3499999999999996,3.3499999999999996,4487.417465443787,803.9587657975994,1791.842915641185,10
3.3499999999999996,3.3499999999999996,3.3499999999999996,4662.598731358312,835.3439701874423,1861.7934635229508,10
3.3499999999999996,3.3499999999999996,3.3499999999999996,4587.5824647824975,821.904172006091,1831.83918205553,10
3.3499999999999996,3.3499999999999996,3.3499999999999996,4463.884223079351,799.7425865291847,1782.446002174252,10
3.3499999999999996,3.3499999999999996,3.3499999999999996,4314.508506490806,772.9806644050564,1722.799708599126,10
3.3499999999999996,3.3499999999999996,3.3499999999999996,4252.055036790695,761.7915974625378,1697.8617998573798,10
3.3499999999999996,3.3499999999999996,3.3499999999999996,4220.176579077278,756.0803023320601,1685.1326100605252,10
3.3499999999999996,3.3499999999999996,3.3499999999999996,4093.6365027211264,733.4095781583812,1634.604674759315,10
3.3499999999999996,3.3499999999999996,3.3499999999999996,4094.22823226068,733.5155915065862,1634.8409546221956,10
3.3499999999999996,3.3499999999999996,3.3499999999999996,4030.6837230297924,722.1310556108544,1609.4673896329618,10
3.3499999999999996,3.3499999999999996,3.3499999999999996,4157.097204010638,744.7790991530851,1659.944774917789,10
3.3499999999999996,3.3499999999999996,3.3499999999999996,4086.6628807901843,732.1601948496267,1631.8200809145158,10
3.3499999999999996,3.3499999999999996,3.3499999999999996,3883.0824810983113,695.687045619087,1550.5296505588883,10
3.3499999999999996,3.3499999999999996,3.3499999999999996,4205.660468282765,753.4796183956072,1679.3362716342233,10
3.3499999999999996,3.3499999999999996,3.3499999999999996,4066.1797038567443,728.490460581791,1623.6410702116682,10
3.3499999999999996,3.3499999999999996,3.3499999999999996,4276.5555338539725,766.181068585317,1707.6449418161098,10
3.3499999999999996,3.3499999999999996,3.3499999999999996,4010.565919208173,718.5267810240707,1601.4342738077414,10
3.3499999999999996,3.3499999999999996,3.3499999999999996,4131.157023433477,740.1316965608421,1649.5867618388693,10
3.3499999999999996,3.3499999999999996,3.3499999999999996,4344.836848241909,778.4142431595784,1734.9099311777786,10
3.3499999999999996,3.3499999999999996,3.3499999999999996,4083.289025007573,731.5557400709358,1630.4728874276116,10
3.3499999999999996,3.3499999999999996,3.3499999999999996,4431.957022613469,794.022558722638,1769.697349210361,10
3.3499999999999996,3.3499999999999996,3.3499999999999996,4348.119987070965,779.0024452293159,1736.2209010389986,10
3.3499999999999996,3.3499999999999996,3.3499999999999996,4429.194900548467,793.5277012097225,1768.5944233309608,10
3.3499999999999996,3.3499999999999996,3.3499999999999996,4192.951441034081,751.2026887495416,1674.2615085626767,10
3.3499999999999996,3.3499999999999996,3.3499999999999996,4208.1755095103645,753.9302092882176,1680.3405371925144,10
3.3499999999999996,3.3499999999999996,3.3499999999999996,4046.8192604386195,725.0218735123707,1615.9103712852627,10
3.3499999999999996,3.3499999999999996,3.3499999999999996,4485.331831112254,803.5851067796913,1791.0101138948905,10
3.3499999999999996,3.3499999999999996,3.3499999999999996,4269.7846326153385,764.9680044019491,1704.9412951172271,10
3.3499999999999996,3.3499999999999996,3.3499999999999996,4427.731041789956,793.2654385408588,1768.009898943351,10
3.3499999999999996,3.3499999999999996,3.3499999999999996,4186.554024183256,750.0565374508743,1671.7069956048724,10
3.3499999999999996,3.3499999999999996,3.3499999999999996,4224.7443998045765,756.8986660217731,1686.9565583054027,10
3.3499999999999996,3.3499999999999996,3.3499999999999996,4306.11596847494,771.4770702872586,1719.4485361477582,10
3.3499999999999996,3.3499999999999996,3.3499999999999996,4087.606612989727,732.3292724494333,1632.1969167825926,10
3.3499999999999996,3.3499999999999996,3.3499999999999996,4135.839093800432,740.9705290391173,1651.45633040078,10
3.3499999999999996,3.3499999999999996,3.3499999999999996,4263.142121483933,763.7779423914214,1702.288915078033,10
3.3499999999999996,3.3499999999999996,3.3499999999999996,4312.899887819077,772.6924667742541,1722.157381025838,10
3.3499999999999996,3.3499999999999996,3.3499999999999996,4205.989669064696,753.5385974980369,1679.4677227625093,10
3.3499999999999996,3.3499999999999996,3.3499999999999996,3943.840431945329,706.5723460288473,1574.7905321533615,10
3.3499999999999996,3.3499999999999996,3.3499999999999996,4254.8555517182895,762.293333381276,1698.9800561533004,10
3.3499999999999996,3.3499999999999996,3.3499999999999996,4409.256227362857,789.9555193903607,1760.63283505217,10
3.3499999999999996,3.3499999999999996,3.3499999999999996,4407.220081144096,789.5907265861202,1759.819794098126,10
3.3499999999999996,3.3499999999999996,3.3499999999999996,4306.803084701514,771.6001729666351,1719.722904278714,10
3.3499999999999996,3.3499999999999996,3.3499999999999996,4174.622123711389,747.9188366350148,1666.9425422204276,10
3.3499999999999996,3.3499999999999996,3.3499999999999996,4165.234342531368,737.7745311979681,1662.0671933844903,11
3.3499999999999996,3.3499999999999996,3.3499999999999996,4517.706065849303,800.2067112499052,1802.7151473160338,11
3.3499999999999996,3.3499999999999996,3.3499999999999996,4722.117270810929,836.4134090033197,1884.282024420104,11
3.3499999999999996,3.3499999999999996,3.3499999999999996,4301.423399929799,761.8972598882723,1716.4111620031508,11
3.3499999999999996,3.3499999999999996,3.3499999999999996,4070.037685555288,720.9126542430554,1624.080557467227,11
3.3499999999999996,3.3499999999999996,3.3499999999999996,4136.4680789354425,732.6792556639866,1650.5884963731758,11
3.3499999999999996,3.3499999999999996,3.3499999999999996,4300.87405352661,761.7999559308597,1716.191954496571,11
3.3499999999999996,3.3499999999999996,3.3499999999999996,4373.993819450928,774.7514243453195,1745.3691757851338,11
3.3499999999999996,3.3499999999999996,3.3499999999999996,4221.725091816278,747.7805555037621,1684.6088833339436,11
3.3499999999999996,3.3499999999999996,3.3499999999999996,4219.840099325404,747.4466728606977,1683.8567085650793,11
3.3499999999999996,3.3499999999999996,3.3499999999999996,4606.026618813916,815.8506460684708,1837.9579887775894,11
3.3499999999999996,3.3499999999999996,3.3499999999999996,4320.783386028687,765.3264318131886,1724.1364410902777,11
3.3499999999999996,3.3499999999999996,3.3499999999999996,4344.93013795477,769.6034681374863,1733.771799128439,11
3.3499999999999996,3.3499999999999996,3.3499999999999996,4318.740943397122,764.9646605342916,1723.3214384726255,11
3.3499999999999996,3.3499999999999996,3.3499999999999996,4440.067242969182,786.4547968454128,1771.734671830082,11
3.3499999999999996,3.3499999999999996,3.3499999999999996,4415.362879636959,782.0789926103747,1761.8768082739623,11
3.3499999999999996,3.3499999999999996,3.3499999999999996,4339.996821843624,768.7296457587581,1731.803241734391,11
3.3499999999999996,3.3499999999999996,3.3499999999999996,4487.417465443787,794.8417891045543,1790.6289872281125,11
3.3499999999999996,3.3499999999999996,3.3499999999999996,4662.598731358312,825.8710819861184,1860.5321453767476,11
3.3499999999999996,3.3499999999999996,3.3499999999999996,4587.5824647824975,812.5836925252031,1830.5981571800419,11
3.3499999999999996,3.3499999999999996,3.3499999999999996,4463.884223079351,790.6734217510774,1781.2384399332095,11
3.3499999999999996,3.3499999999999996,3.3499999999999996,4314.508506490806,764.2149826296187,1721.6325552186331,11
3.3499999999999996,3.3499999999999996,3.3499999999999996,4252.055036790695,753.1528008793157,1696.7115412815149,11
3.3499999999999996,3.3499999999999996,3.3499999999999996,4220.176579077278,747.506272434403,1683.990975189917,11
3.3499999999999996,3.3499999999999996,3.3499999999999996,4093.6365027211264,725.0926366497049,1633.4972712913482,11
3.3499999999999996,3.3499999999999996,3.3499999999999996,4094.22823226068,725.1974477954263,1633.7333910805776,11
3.3499999999999996,3.3499999999999996,3.3499999999999996,4030.6837230297924,713.9420137303334,1608.3770160420988,11
3.3499999999999996,3.3499999999999996,3.3499999999999996,4157.097204010638,736.3332260843222,1658.8202041706465,11
3.3499999999999996,3.3499999999999996,3.3499999999999996,4086.6628807901843,723.8574214786601,1630.7145639386947,11
3.3499999999999996,3.3499999999999996,3.3499999999999996,3883.0824810983113,687.7978815843243,1549.4792058007597,11
3.3499999999999996,3.3499999999999996,3.3499999999999996,4205.660468282765,744.9350805264514,1678.1985636368056,11
3.3499999999999996,3.3499999999999996,3.3499999999999996,4066.1797038567443,720.2293023821649,1622.541094309452,11
3.3499999999999996,3.3499999999999996,3.3499999999999996,4276.5555338539725,757.4924949393603,1706.488055408146,11
3.3499999999999996,3.3499999999999996,3.3499999999999996,4010.565919208173,710.3786119952446,1600.3493424503802,11
3.3499999999999996,3.3499999999999996,3.3499999999999996,4131.157023433477,731.7385255247193,1648.4692083845207,11
3.3499999999999996,3.3499999999999996,3.3499999999999996,4344.836848241909,769.5869440313953,1733.73457342672,11
3.3499999999999996,3.3499999999999996,3.3499999999999996,4083.289025007573,723.2598212805317,1629.368283141423,11
3.3499999999999996,3.3499999999999996,3.3499999999999996,4431.957022613469,785.0182596595574,1768.49842386038,11
3.3499999999999996,3.3499999999999996,3.3499999999999996,4348.119987070965,770.1684758279931,1735.0446551389014,11
3.3499999999999996,3.3499999999999996,3.3499999999999996,4429.194900548467,784.5290138827206,1767.3962451854645,11
3.3499999999999996,3.3499999999999996,3.3499999999999996,4192.951441034081,742.6839715012906,1673.1272385893344,11
3.3499999999999996,3.3499999999999996,3.3499999999999996,4208.1755095103645,745.3805616710986,1679.2021488304927,11
3.3499999999999996,3.3499999999999996,3.3499999999999996,4046.8192604386195,716.8000494537664,1614.8156327367217,11
3.3499999999999996,3.3499999999999996,3.3499999999999996,4485.331831112254,794.4723674190836,1789.7967496840104,11
3.3499999999999996,3.3499999999999996,3.3499999999999996,4269.7846326153385,756.2931870310122,1703.7862403617592,11
3.3499999999999996,3.3499999999999996,3.3499999999999996,4427.731041789956,784.2697253000177,1766.8121167983954,11
3.3499999999999996,3.3499999999999996,3.3499999999999996,4186.554024183256,741.5508176785153,1670.574456249674,11
3.3499999999999996,3.3499999999999996,3.3499999999999996,4224.7443998045765,748.3153557940757,1685.8136877558302,11
3.3499999999999996,3.3499999999999996,3.3499999999999996,4306.11596847494,762.7284394267568,1718.2836531021374,11
3.3499999999999996,3.3499999999999996,3.3499999999999996,4087.606612989727,724.024581720758,1631.0911445099694,11
3.3499999999999996,3.3499999999999996,3.3499999999999996,4135.839093800432,732.5678455547462,1650.3375103608519,11
3.3499999999999996,3.3499999999999996,3.3499999999999996,4263.142121483933,755.1166204484527,1701.1356572431894,11
3.3499999999999996,3.3499999999999996,3.3499999999999996,4312.899887819077,763.9300531901646,1720.990662806087,11
3.3499999999999996,3.3499999999999996,3.3499999999999996,4205.989669064696,744.9933907996757,1678.3299257102656,11
3.3499999999999996,3.3499999999999996,3.3499999999999996,3943.840431945329,698.5597415461974,1573.723651259433,11
3.3499999999999996,3.3499999999999996,3.3499999999999996,4254.8555517182895,753.6488470601322,1697.8290399869804,11
3.3499999999999996,3.3499999999999996,3.3499999999999996,4409.256227362857,780.9973409797063,1759.4400506820655,11
3.3499999999999996,3.3499999999999996,3.3499999999999996,4407.220081144096,780.6366849641113,1758.6275605427757,11
3.3499999999999996,3.3499999999999996,3.3499999999999996,4306.803084701514,762.8501461088429,1718.557835355599,11
3.3499999999999996,3.3499999999999996,3.3499999999999996,4174.622123711389,739.437358614029,1665.8132306623115,11
3.3499999999999996,3.3499999999999996,3.3499999999999996,4165.234342531368,736.9240895830344,1661.955058762523,12
3.3499999999999996,3.3499999999999996,3.3499999999999996,4517.706065849303,799.2843033068019,1802.5935236040905,12
3.3499999999999996,3.3499999999999996,3.3499999999999996,4722.117270810929,835.4492651623142,1884.154897638872,12
3.3499999999999996,3.3499999999999996,3.3499999999999996,4301.423399929799,761.0190117125584,1716.29536095879,12
3.3499999999999996,3.3499999999999996,3.3499999999999996,4070.037685555288,720.0816495173907,1623.9709856881318,12
3.3499999999999996,3.3499999999999996,3.3499999999999996,4136.4680789354425,731.834687434715,1650.4771361840085,12
3.3499999999999996,3.3499999999999996,3.3499999999999996,4300.87405352661,760.9218199185926,1716.0761682414743,12
3.3499999999999996,3.3499999999999996,3.3499999999999996,4373.993819450928,773.8583590189488,1745.2514210315967,12
3.3499999999999996,3.3499999999999996,3.3499999999999996,4221.725091816278,746.9185798237315,1684.495227892667,12
3.3499999999999996,3.3499999999999996,3.3499999999999996,4219.840099325404,746.5850820512233,1683.7431038707487,12
3.3499999999999996,3.3499999999999996,3.3499999999999996,4606.026618813916,814.910205172713,1837.8339873382472,12
3.3499999999999996,3.3499999999999996,3.3499999999999996,4320.783386028687,764.4442307895698,1724.0201188448166,12
3.3499999999999996,3.3499999999999996,3.3499999999999996,4344.93013795477,768.716336922427,1733.654826814656,12
3.3499999999999996,3.3499999999999996,3.3499999999999996,4318.740943397122,764.0828765287969,1723.2051712129144,12
3.3499999999999996,3.3499999999999996,3.3499999999999996,4440.067242969182,785.5482409001766,1771.6151382766595,12
3.3499999999999996,3.3499999999999996,3.3499999999999996,4415.362879636959,781.1774807075426,1761.757939800633,12
3.3499999999999996,3.3499999999999996,3.3499999999999996,4339.996821843624,767.843521809311,1731.686402233193,12
3.3499999999999996,3.3499999999999996,3.3499999999999996,4487.417465443787,793.9255653720197,1790.5081789326568,12
3.3499999999999996,3.3499999999999996,3.3499999999999996,4662.598731358312,824.9190904128244,1860.40662092767,12
3.3499999999999996,3.3499999999999996,3.3499999999999996,4587.5824647824975,811.6470174862618,1830.474652286169,12
3.3499999999999996,3.3499999999999996,3.3499999999999996,4463.884223079351,789.7620029459479,1781.1182651894385,12
3.3499999999999996,3.3499999999999996,3.3499999999999996,4314.508506490806,763.3340627869006,1721.516401902742,12
3.3499999999999996,3.3499999999999996,3.3499999999999996,4252.055036790695,752.2846325471402,1696.597069310691,12
3.3499999999999996,3.3499999999999996,3.3499999999999996,4220.176579077278,746.6446129237798,1683.8773614370252,12
3.3499999999999996,3.3499999999999996,3.3499999999999996,4093.6365027211264,724.2568136078229,1633.3870641951912,12
3.3499999999999996,3.3499999999999996,3.3499999999999996,4094.22823226068,724.3615039364704,1633.623168054136,12
3.3499999999999996,3.3499999999999996,3.3499999999999996,4030.6837230297924,713.1190441461977,1608.2685037332149,12
3.3499999999999996,3.3499999999999996,3.3499999999999996,4157.097204010638,735.4844458792047,1658.7082886131727,12
3.3499999999999996,3.3499999999999996,3.3499999999999996,4086.6628807901843,723.0230222842279,1630.6045445833458,12
3.3499999999999996,3.3499999999999996,3.3499999999999996,3883.0824810983113,687.0050486571521,1549.3746671481224,12
3.3499999999999996,3.3499999999999996,3.3499999999999996,4205.660468282765,744.0763848598019,1678.0853406803162,12
3.3499999999999996,3.3499999999999996,3.3499999999999996,4066.1797038567443,719.3990853644453,1622.431626393257,12
3.3499999999999996,3.3499999999999996,3.3499999999999996,4276.5555338539725,756.6193241894151,1706.3729238456278,12
3.3499999999999996,3.3499999999999996,3.3499999999999996,4010.565919208173,709.5597499873372,1600.2413717442346,12
3.3499999999999996,3.3499999999999996,3.3499999999999996,4131.157023433477,730.8950416864444,1648.3579911772727,12
3.3499999999999996,3.3499999999999996,3.3499999999999996,4344.836848241909,768.6998318638728,1733.6176036244424,12
3.3499999999999996,3.3499999999999996,3.3499999999999996,4083.289025007573,722.4261109470676,1629.2583546155474,12
3.3499999999999996,3.3499999999999996,3.3499999999999996,4431.957022613469,784.1133596280894,1768.3791086467727,12
3.3499999999999996,3.3499999999999996,3.3499999999999996,4348.119987070965,769.2806933217436,1734.927596949392,12
3.3499999999999996,3.3499999999999996,3.3499999999999996,4429.194900548467,783.6246778107702,1767.2770043325022,12
3.3499999999999996,3.3499999999999996,3.3499999999999996,4192.951441034081,741.8278707152101,1673.0143577797323,12
3.3499999999999996,3.3499999999999996,3.3499999999999996,4208.1755095103645,744.5213524929526,1679.088858165161,12
3.3499999999999996,3.3499999999999996,3.3499999999999996,4046.8192604386195,715.9737853773255,1614.7066860339385,12
3.3499999999999996,3.3499999999999996,3.3499999999999996,4485.331831112254,793.5565695233893,1789.6759975370921,12
3.3499999999999996,3.3499999999999996,3.3499999999999996,4269.7846326153385,755.4213987377815,1703.6712910824901,12
3.3499999999999996,3.3499999999999996,3.3499999999999996,4427.731041789956,783.365688113149,1766.6929153547994,12
3.3499999999999996,3.3499999999999996,3.3499999999999996,4186.554024183256,740.6960230925355,1670.4617476685376,12
3.3499999999999996,3.3499999999999996,3.3499999999999996,4224.7443998045765,747.4527636432896,1685.6999510300611,12
3.3499999999999996,3.3499999999999996,3.3499999999999996,4306.11596847494,761.8492331403473,1718.1677257264937,12
3.3499999999999996,3.3499999999999996,3.3499999999999996,4087.606612989727,723.1899898386955,1630.9810997478733,12
3.3499999999999996,3.3499999999999996,3.3499999999999996,4135.839093800432,731.7234057492537,1650.226167104948,12
3.3499999999999996,3.3499999999999996,3.3499999999999996,4263.142121483933,754.2461883977359,1701.0208867907074,12
3.3499999999999996,3.3499999999999996,3.3499999999999996,4312.899887819077,763.049461789054,1720.8745527967262,12
3.3499999999999996,3.3499999999999996,3.3499999999999996,4205.989669064696,744.1346279180705,1678.2166938911766,12
3.3499999999999996,3.3499999999999996,3.3499999999999996,3943.840431945329,697.7545032930369,1573.617476907748,12
3.3499999999999996,3.3499999999999996,3.3499999999999996,4254.8555517182895,752.7801069295316,1697.7144926219153,12
3.3499999999999996,3.3499999999999996,3.3499999999999996,4409.256227362857,780.0970759097762,1759.3213466093648,12
3.3499999999999996,3.3499999999999996,3.3499999999999996,4407.220081144096,779.7368356267273,1758.5089112863157,12
3.3499999999999996,3.3499999999999996,3.3499999999999996,4306.803084701514,761.9707995296706,1718.4418894817125,12
3.3499999999999996,3.3499999999999996,3.3499999999999996,4174.622123711389,738.5850002378445,1665.700843306595,12
3.3499999999999996,3.3499999999999996,3.3499999999999996,4165.234342531368,736.8390029153193,1661.94385085481,13
3.3499999999999996,3.3499999999999996,3.3499999999999996,4517.706065849303,799.1920164092954,1802.581367257413,13
3.3499999999999996,3.3499999999999996,3.3499999999999996,4722.117270810929,835.3528025890009,1884.1421912578542,13
3.3499999999999996,3.3499999999999996,3.3499999999999996,4301.423399929799,760.9311429989554,1716.2837865904505,13
3.3499999999999996,3.3499999999999996,3.3499999999999996,4070.037685555288,719.998507510084,1623.9600339377578,13
3.3499999999999996,3.3499999999999996,3.3499999999999996,4136.4680789354425,731.7501883991256,1650.466005681215,13
3.3499999999999996,3.3499999999999996,3.3499999999999996,4300.87405352661,760.8339624269405,1716.064595351329,13
3.3499999999999996,3.3499999999999996,3.3499999999999996,4373.993819450928,773.7690078496993,1745.239651389115,13
3.3499999999999996,3.3499999999999996,3.3499999999999996,4221.725091816278,746.8323391730185,1684.4838679783554,13
3.3499999999999996,3.3499999999999996,3.3499999999999996,4219.840099325404,746.4988799068021,1683.7317490286177,13
3.3499999999999996,3.3499999999999996,3.3499999999999996,4606.026618813916,814.8161140786292,1837.8215933366082,13
3.3499999999999996,3.3499999999999996,3.3499999999999996,4320.783386028687,764.3559665936077,1724.0084923821842,13
3.3499999999999996,3.3499999999999996,3.3499999999999996,4344.93013795477,768.6275794609035,1733.6431353773926,13
3.3499999999999996,3.3499999999999996,3.3499999999999996,4318.740943397122,763.9946540554903,1723.1935502461333,13
3.3499999999999996,3.3499999999999996,3.3499999999999996,4440.067242969182,785.4575399947604,1771.6031908423008,13
3.3499999999999996,3.3499999999999996,3.3499999999999996,4415.362879636959,781.0872844584757,1761.7460588413387,13
3.3499999999999996,3.3499999999999996,3.3499999999999996,4339.996821843624,767.7548651246932,1731.6747240706086,13
3.3499999999999996,3.3499999999999996,3.3499999999999996,4487.417465443787,793.8338972046653,1790.496104087237,13
3.3499999999999996,3.3499999999999996,3.3499999999999996,4662.598731358312,824.8238436736689,1860.394074700499,13
3.3499999999999996,3.3499999999999996,3.3499999999999996,4587.5824647824975,811.5533031660822,1830.4623079144815,13
3.3499999999999996,3.3499999999999996,3.3499999999999996,4463.884223079351,789.6708155114907,1781.1062536678048,13
3.3499999999999996,3.3499999999999996,3.3499999999999996,4314.508506490806,763.2459267730638,1721.5047923246989,13
3.3499999999999996,3.3499999999999996,3.3499999999999996,4252.055036790695,752.1977723216957,1696.5856277838707,13
3.3499999999999996,3.3499999999999996,3.3499999999999996,4220.176579077278,746.5584039058102,1683.8660056894867,13
3.3499999999999996,3.3499999999999996,3.3499999999999996,4093.6365027211264,724.173189528069,1633.3760489445813,13
3.3499999999999996,3.3499999999999996,3.3499999999999996,4094.22823226068,724.2778677689707,1633.6121512112866,13
3.3499999999999996,3.3499999999999996,3.3499999999999996,4030.6837230297924,713.0367060546512,1608.2576578773821,13
3.3499999999999996,3.3499999999999996,3.3499999999999996,4157.097204010638,735.399525435511,1658.697102601058,13
3.3499999999999996,3.3499999999999996,3.3499999999999996,4086.6628807901843,722.9395406603844,1630.593548097517,13
3.3499999999999996,3.3499999999999996,3.3499999999999996,3883.0824810983113,686.9257257375733,1549.3642184610837,13
3.3499999999999996,3.3499999999999996,3.3499999999999996,4205.660468282765,743.9904723743667,1678.0740239930608,13
3.3499999999999996,3.3499999999999996,3.3499999999999996,4066.1797038567443,719.3160221673046,1622.4206850240278,13
3.3499999999999996,3.3499999999999996,3.3499999999999996,4276.5555338539725,756.5319634721657,1706.3614163923105,13
3.3499999999999996,3.3499999999999996,3.3499999999999996,4010.565919208173,709.4778228587162,1600.2305800218485,13
3.3499999999999996,3.3499999999999996,3.3499999999999996,4131.157023433477,730.8106511441541,1648.3468749655883,13
3.3499999999999996,3.3499999999999996,3.3499999999999996,4344.836848241909,768.6110763080546,1733.605912438204,13
3.3499999999999996,3.3499999999999996,3.3499999999999996,4083.289025007573,722.3426982437514,1629.2473672081667,13
3.3499999999999996,3.3499999999999996,3.3499999999999996,4431.957022613469,784.0228243968152,1768.3671830355793,13
3.3499999999999996,3.3499999999999996,3.3499999999999996,4348.119987070965,769.1918706985484,1734.9158969288092,13
3.3499999999999996,3.3499999999999996,3.3499999999999996,4429.194900548467,783.5341990036351,1767.2650861536902,13
3.3499999999999996,3.3499999999999996,3.3499999999999996,4192.951441034081,741.7422178475268,1673.003075290217,13
3.3499999999999996,3.3499999999999996,3.3499999999999996,4208.1755095103645,744.4353886307013,1679.077534710375,13
3.3499999999999996,3.3499999999999996,3.3499999999999996,4046.8192604386195,715.8911176718855,1614.6957967602336,13
3.3499999999999996,3.3499999999999996,3.3499999999999996,4485.331831112254,793.4649439610026,1789.6639283037453,13
3.3499999999999996,3.3499999999999996,3.3499999999999996,4269.7846326153385,755.3341763353006,1703.6598018484688,13
3.3499999999999996,3.3499999999999996,3.3499999999999996,4427.731041789956,783.2752392094607,1766.681001114972,13
3.3499999999999996,3.3499999999999996,3.3499999999999996,4186.554024183256,740.6105009101477,1670.4504823933387,13
3.3499999999999996,3.3499999999999996,3.3499999999999996,4224.7443998045765,747.3664613146891,1685.6885829913272,13
3.3499999999999996,3.3499999999999996,3.3499999999999996,4306.11596847494,761.7612685677873,1718.1561387312836,13
3.3499999999999996,3.3499999999999996,3.3499999999999996,4087.606612989727,723.1064889364584,1630.9701007226279,13
3.3499999999999996,3.3499999999999996,3.3499999999999996,4135.839093800432,731.6389195624608,1650.2150382946418,13
3.3499999999999996,3.3499999999999996,3.3499999999999996,4263.142121483933,754.1591016872931,1701.0094154305066,13
3.3499999999999996,3.3499999999999996,3.3499999999999996,4312.899887819077,762.9613586357938,1720.8629475471907,13
3.3499999999999996,3.3499999999999996,3.3499999999999996,4205.989669064696,744.04870870778,1678.2053763180995,13
3.3499999999999996,3.3499999999999996,3.3499999999999996,3943.840431945329,697.6739392208241,1573.6068647318266,13
3.3499999999999996,3.3499999999999996,3.3499999999999996,4254.8555517182895,752.6931894956651,1697.7030435594056,13
3.3499999999999996,3.3499999999999996,3.3499999999999996,4409.256227362857,780.0070044063174,1759.3094820819897,13
3.3499999999999996,3.3499999999999996,3.3499999999999996,4407.220081144096,779.646805717302,1758.4970522378494,13
3.3499999999999996,3.3499999999999996,3.3499999999999996,4306.803084701514,761.8828209208222,1718.4303006375944,13
3.3499999999999996,3.3499999999999996,3.3499999999999996,4174.622123711389,738.4997217982018,1665.689610138026,13
3.3499999999999996,3.3499999999999996,3.3499999999999996,4165.234342531368,736.8304938229821,1661.9427301197145,14
3.3499999999999996,3.3499999999999996,3.3499999999999996,4517.706065849303,799.182787257967,1802.5801516831323,14
3.3499999999999996,3.3499999999999996,3.3499999999999996,4722.117270810929,835.3431558492067,1884.1409206828725,14
3.3499999999999996,3.3499999999999996,3.3499999999999996,4301.423399929799,760.9223556881149,1716.2826292111124,14
3.3499999999999996,3.3499999999999996,3.3499999999999996,4070.037685555288,719.9901928935144,1623.9589388171232,14
3.3499999999999996,3.3499999999999996,3.3499999999999996,4136.4680789354425,731.7417380729402,1650.4648926862267,14
3.3499999999999996,3.3499999999999996,3.3499999999999996,4300.87405352661,760.8251762383516,1716.063438119803,14
3.3499999999999996,3.3499999999999996,3.3499999999999996,4373.993819450928,773.7600722858795,1745.238474483333,14
3.3499999999999996,3.3499999999999996,3.3499999999999996,4221.725091816278,746.8237146766097,1684.4827320433549,14
3.3499999999999996,3.3499999999999996,3.3499999999999996,4219.840099325404,746.4902592612153,1683.73061360081,14
3.3499999999999996,3.3499999999999996,3.3499999999999996,4606.026618813916,814.8067044986192,1837.820353998012,14
3.3499999999999996,3.3499999999999996,3.3499999999999996,4320.783386028687,764.3471397325534,1724.007329793676,14
3.3499999999999996,3.3499999999999996,3.3499999999999996,4344.93013795477,768.6187032708257,1733.641966291743,14
3.3499999999999996,3.3499999999999996,3.3499999999999996,4318.740943397122,763.9858313669101,1723.192388207183,14
3.3499999999999996,3.3499999999999996,3.3499999999999996,4440.067242969182,785.4484694505734,1771.6019961582138,14
3.3499999999999996,3.3499999999999996,3.3499999999999996,4415.362879636959,781.0782643824473,1761.7448708044283,14
3.3499999999999996,3.3499999999999996,3.3499999999999996,4339.996821843624,767.7459990128099,1731.6735563123616,14
3.3499999999999996,3.3499999999999996,3.3499999999999996,4487.417465443787,793.8247299294463,1790.4948966626775,14
3.3499999999999996,3.3499999999999996,3.3499999999999996,4662.598731358312,824.8143185233716,1860.3928201401054,14
3.3499999999999996,3.3499999999999996,3.3499999999999996,4587.5824647824975,811.5439312653476,1830.4610735386334,14
3.3499999999999996,3.3499999999999996,3.3499999999999996,4463.884223079351,789.661696311966,1781.1050525753094,14
3.3499999999999996,3.3499999999999996,3.3499999999999996,4314.508506490806,763.2371127308634,1721.5036314245656,14
3.3499999999999996,3.3499999999999996,3.3499999999999996,4252.055036790695,752.1890858647147,1696.5844836880253,14
3.3499999999999996,3.3499999999999996,3.3499999999999996,4220.176579077278,746.5497825728338,1683.864870171143,14
3.3499999999999996,3.3499999999999996,3.3499999999999996,4093.6365027211264,724.1648267018429,1633.3749474742392,14
3.3499999999999996,3.3499999999999996,3.3499999999999996,4094.22823226068,724.2695037339098,1633.6110495817281,14
3.3499999999999996,3.3499999999999996,3.3499999999999996,4030.6837230297924,713.0284718336785,1608.256573345676,14
3.3499999999999996,3.3499999999999996,3.3499999999999996,4157.097204010638,735.3910329664072,1658.6959840554139,14
3.3499999999999996,3.3499999999999996,3.3499999999999996,4086.6628807901843,722.9311920804623,1630.5924485035591,14
3.3499999999999996,3.3499999999999996,3.3499999999999996,3883.0824810983113,686.9177930488773,1549.3631736442833,14
3.3499999999999996,3.3499999999999996,3.3499999999999996,4205.660468282765,743.9818806961268,1678.072892380551,14
3.3499999999999996,3.3499999999999996,3.3499999999999996,4066.1797038567443,719.3077154321453,1622.4195909414568,14
3.3499999999999996,3.3499999999999996,3.3499999999999996,4276.5555338539725,756.5232269635015,1706.3602657041426,14
3.3499999999999996,3.3499999999999996,3.3499999999999996,4010.565919208173,709.4696297360911,1600.229500903218,14
3.3499999999999996,3.3499999999999996,3.3499999999999996,4131.157023433477,730.8022116678411,1648.3457633996404,14
3.3499999999999996,3.3499999999999996,3.3499999999999996,4344.836848241909,768.6022003085569,1733.6047433776569,14
3.3499999999999996,3.3499999999999996,3.3499999999999996,4083.289025007573,722.3343565562266,1629.2462685220087,14
3.3499999999999996,3.3499999999999996,3.3499999999999996,4431.957022613469,784.0137704208712,1768.3659905337006,14
3.3499999999999996,3.3499999999999996,3.3499999999999996,4348.119987070965,769.1829879919776,1734.9147269848709,14
3.3499999999999996,3.3499999999999996,3.3499999999999996,4429.194900548467,783.5251506703869,1767.2638943950128,14
3.3499999999999996,3.3499999999999996,3.3499999999999996,4192.951441034081,741.7336521323609,1673.0019470973118,14
3.3499999999999996,3.3499999999999996,3.3499999999999996,4208.1755095103645,744.4267918145229,1679.076402421146,14
3.3499999999999996,3.3499999999999996,3.3499999999999996,4046.8192604386195,715.8828504878743,1614.6947078869555,14
3.3499999999999996,3.3499999999999996,3.3499999999999996,4485.331831112254,793.4557809464936,1789.6627214403645,14
3.3499999999999996,3.3499999999999996,3.3499999999999996,4269.7846326153385,755.3254536588049,1703.6586529821395,14
3.3499999999999996,3.3499999999999996,3.3499999999999996,4427.731041789956,783.2661938667068,1766.6798097501733,14
3.3499999999999996,3.3499999999999996,3.3499999999999996,4186.554024183256,740.6019482641653,1670.449355921779,14
3.3499999999999996,3.3499999999999996,3.3499999999999996,4224.7443998045765,747.3578306501828,1685.6874462439241,14
3.3499999999999996,3.3499999999999996,3.3499999999999996,4306.11596847494,761.7524716705717,1718.1549800893208,14
3.3499999999999996,3.3499999999999996,3.3499999999999996,4087.606612989727,723.0981384286004,1630.9690008747418,14
3.3499999999999996,3.3499999999999996,3.3499999999999996,4135.839093800432,731.6304705212194,1650.2139254688939,14
3.3499999999999996,3.3499999999999996,3.3499999999999996,4263.142121483933,754.1503925806799,1701.0082683514709,14
3.3499999999999996,3.3499999999999996,3.3499999999999996,4312.899887819077,762.9525478798151,1720.8617870798867,14
3.3499999999999996,3.3499999999999996,3.3499999999999996,4205.989669064696,744.0401163570209,1678.2042446170124,14
3.3499999999999996,3.3499999999999996,3.3499999999999996,3943.840431945329,697.6658824106571,1573.6058035669507,14
3.3499999999999996,3.3499999999999996,3.3499999999999996,4254.8555517182895,752.6844973175563,1697.701898710028,14
3.3499999999999996,3.3499999999999996,3.3499999999999996,4409.256227362857,779.9979968054743,1759.3082956881901,14
3.3499999999999996,3.3499999999999996,3.3499999999999996,4407.220081144096,779.6378022760697,1758.495866391913,14
3.3499999999999996,3.3499999999999996,3.3499999999999996,4306.803084701514,761.8740226199077,1718.4291418107503,14
3.3499999999999996,3.3499999999999996,3.3499999999999996,4174.622123711389,738.4911935277129,1665.6884868769703,14
3.3499999999999996,3.3499999999999996,3.3499999999999996,4165.234342531368,736.8296429094904,1661.9426180467626,15
3.3499999999999996,3.3499999999999996,3.3499999999999996,4517.706065849303,799.181864338216,1802.5800301263084,15
3.3499999999999996,3.3499999999999996,3.3499999999999996,4722.117270810929,835.3421911704003,1884.1407936260057,15
3.3499999999999996,3.3499999999999996,3.3499999999999996,4301.423399929799,760.9214769526335,1716.282513473754,15
3.3499999999999996,3.3499999999999996,3.3499999999999996,4070.037685555288,719.9893614276967,1623.9588293056047,15
3.3499999999999996,3.3499999999999996,3.3499999999999996,4136.4680789354425,731.7408930360931,1650.4647813872816,15
3.3499999999999996,3.3499999999999996,3.3499999999999996,4300.87405352661,760.8242976150962,1716.063322397226,15
3.3499999999999996,3.3499999999999996,3.3499999999999996,4373.993819450928,773.7591787250263,1745.2383567933398,15
3.3499999999999996,3.3499999999999996,3.3499999999999996,4221.725091816278,746.8228522226533,1684.4826184504204,15
3.3499999999999996,3.3499999999999996,3.3499999999999996,4219.840099325404,746.489397192343,1683.7305000585943,15
3.3499999999999996,3.3499999999999996,3.3499999999999996,4606.026618813916,814.8057635359099,1837.8202300647692,15
3.3499999999999996,3.3499999999999996,3.3499999999999996,4320.783386028687,764.346257042031,1724.007213535403,15
3.3499999999999996,3.3499999999999996,3.3499999999999996,4344.93013795477,768.6178156473765,1733.64184938376,15
3.3499999999999996,3.3499999999999996,3.3499999999999996,4318.740943397122,763.9849490936373,1723.192272003866,15
3.3499999999999996,3.3499999999999996,3.3499999999999996,4440.067242969182,785.447562391616,1771.601876690399,15
3.3499999999999996,3.3499999999999996,3.3499999999999996,4415.362879636959,781.0773623703312,1761.744752001328,15
3.3499999999999996,3.3499999999999996,3.3499999999999996,4339.996821843624,767.7451123971855,1731.6734395371177,15
3.3499999999999996,3.3499999999999996,3.3499999999999996,4487.417465443787,793.8238131973376,1790.4947759208217,15
3.3499999999999996,3.3499999999999996,3.3499999999999996,4662.598731358312,824.8133660035757,1860.3926946846902,15
3.3499999999999996,3.3499999999999996,3.3499999999999996,4587.5824647824975,811.5429940705843,1830.4609501016625,15
3.3499999999999996,3.3499999999999996,3.3499999999999996,4463.884223079351,789.6607843874501,1781.104932466657,15
3.3499999999999996,3.3499999999999996,3.3499999999999996,4314.508506490806,763.236231322233,1721.5035153351294,15
3.3499999999999996,3.3499999999999996,3.3499999999999996,4252.055036790695,752.1882172146704,1696.5843692790093,15
3.3499999999999996,3.3499999999999996,3.3499999999999996,4220.176579077278,746.5489204352225,1683.8647566198738,15
3.3499999999999996,3.3499999999999996,3.3499999999999996,4093.6365027211264,724.1639904150358,1633.3748373277526,15
3.3499999999999996,3.3499999999999996,3.3499999999999996,4094.22823226068,724.2686673262186,1633.6109394193202,15
3.3499999999999996,3.3499999999999996,3.3499999999999996,4030.6837230297924,713.0276484074607,1608.256464893045,15
3.3499999999999996,3.3499999999999996,3.3499999999999996,4157.097204010638,735.3901837152473,1658.6958722014058,15
3.3499999999999996,3.3499999999999996,3.3499999999999996,4086.6628807901843,722.9303572182926,1630.5923385447106,15
3.3499999999999996,3.3499999999999996,3.3499999999999996,3883.0824810983113,686.9169997760386,1549.3630691631236,15
3.3499999999999996,3.3499999999999996,3.3499999999999996,4205.660468282765,743.981021524004,1678.072779219863,15
3.3499999999999996,3.3499999999999996,3.3499999999999996,4066.1797038567443,719.3068847544729,1622.4194815337441,15
3.3499999999999996,3.3499999999999996,3.3499999999999996,4276.5555338539725,756.5223533082634,1706.360150635898,15
3.3499999999999996,3.3499999999999996,3.3499999999999996,4010.565919208173,709.4688104197286,1600.2293929918912,15
3.3499999999999996,3.3499999999999996,3.3499999999999996,4131.157023433477,730.8013677159869,1648.3456522435984,15
3.3499999999999996,3.3499999999999996,3.3499999999999996,4344.836848241909,768.6013127041658,1733.604626472183,15
3.3499999999999996,3.3499999999999996,3.3499999999999996,4083.289025007573,722.3335223833001,1629.2461586539393,15
3.3499999999999996,3.3499999999999996,3.3499999999999996,4431.957022613469,784.0128650187465,1768.3658712841059,15
3.3499999999999996,3.3499999999999996,3.3499999999999996,4348.119987070965,769.1820997168758,1734.914609991059,15
3.3499999999999996,3.3499999999999996,3.3499999999999996,4429.194900548467,783.5242458325346,1767.2637752197375,15
3.3499999999999996,3.3499999999999996,3.3499999999999996,4192.951441034081,741.7327955565581,1673.0018342785827,15
3.3499999999999996,3.3499999999999996,3.3499999999999996,4208.1755095103645,744.4259321286038,1679.0762891927857,15
3.3499999999999996,3.3499999999999996,3.3499999999999996,4046.8192604386195,715.8820237653365,1614.6945990001695,15
3.3499999999999996,3.3499999999999996,3.3499999999999996,4485.331831112254,793.4548646404578,1789.6626007546272,15
3.3499999999999996,3.3499999999999996,3.3499999999999996,4269.7846326153385,755.3245813867907,1703.658538096078,15
3.3499999999999996,3.3499999999999996,3.3499999999999996,4427.731041789956,783.2652893279056,1766.6796906142865,15
3.3499999999999996,3.3499999999999996,3.3499999999999996,4186.554024183256,740.6010929952876,1670.4492432751833,15
3.3499999999999996,3.3499999999999996,3.3499999999999996,4224.7443998045765,747.356967579414,1685.6873325697495,15
3.3499999999999996,3.3499999999999996,3.3499999999999996,4306.11596847494,761.7515919764484,1718.1548642257014,15
3.3499999999999996,3.3499999999999996,3.3499999999999996,4087.606612989727,723.0973033736364,1630.9688908905,15
3.3499999999999996,3.3499999999999996,3.3499999999999996,4135.839093800432,731.6296256128674,1650.2138141868725,15
3.3499999999999996,3.3499999999999996,3.3499999999999996,4263.142121483933,754.1495216656607,1701.0081536441376,15
3.3499999999999996,3.3499999999999996,3.3499999999999996,4312.899887819077,762.9516667998085,1720.8616710337335,15
3.3499999999999996,3.3499999999999996,3.3499999999999996,4205.989669064696,744.0392571176458,1678.2041314474664,15
3.3499999999999996,3.3499999999999996,3.3499999999999996,3943.840431945329,697.6650767256084,1573.605697450991,15
3.3499999999999996,3.3499999999999996,3.3499999999999996,4254.8555517182895,752.683628095396,1697.7017842256598,15
3.3499999999999996,3.3499999999999996,3.3499999999999996,4409.256227362857,779.9970960408824,1759.3081770494,15
3.3499999999999996,3.3499999999999996,3.3499999999999996,4407.220081144096,779.6369019274417,1758.4957478079093,15
3.3499999999999996,3.3499999999999996,3.3499999999999996,4306.803084701514,761.8731427854134,1718.4290259286422,15
3.3499999999999996,3.3499999999999996,3.3499999999999996,4174.622123711389,738.4903406963966,1665.6883745514233,15
3.3499999999999996,3.3499999999999996,3.3499999999999996,4165.234342531368,727.2217715511265,1652.1803610072752,16
3.3499999999999996,3.3499999999999996,3.3499999999999996,4517.706065849303,788.7609527769223,1791.9916684119794,16
3.3499999999999996,3.3499999999999996,3.3499999999999996,4722.117270810929,824.4497679485441,1873.0733436874646,16
3.3499999999999996,3.3499999999999996,3.3499999999999996,4301.423399929799,750.9994607379912,1706.2010636890445,16
3.3499999999999996,3.3499999999999996,3.3499999999999996,4070.037685555288,710.6010784907171,1614.4196891806234,16
3.3499999999999996,3.3499999999999996,3.3499999999999996,4136.4680789354425,722.19937630207,1640.7699452024676,16
3.3499999999999996,3.3499999999999996,3.3499999999999996,4300.87405352661,750.9035485679499,1705.9831601417047,16
3.3499999999999996,3.3499999999999996,3.3499999999999996,4373.993819450928,763.6697656251561,1734.9868202786722,16
3.3499999999999996,3.3499999999999996,3.3499999999999996,4221.725091816278,737.0846746660219,1674.5879613658165,16
3.3499999999999996,3.3499999999999996,3.3499999999999996,4219.840099325404,736.7555677140848,1673.8402609201855,16
3.3499999999999996,3.3499999999999996,3.3499999999999996,4606.026618813916,804.1811245390392,1827.024867286632,16
3.3499999999999996,3.3499999999999996,3.3499999999999996,4320.783386028687,754.3795834946573,1713.8803888341733,16
3.3499999999999996,3.3499999999999996,3.3499999999999996,4344.93013795477,758.5954432203841,1723.4584307961875,16
3.3499999999999996,3.3499999999999996,3.3499999999999996,4318.740943397122,754.0229868120523,1713.0702342721838,16
3.3499999999999996,3.3499999999999996,3.3499999999999996,4440.067242969182,775.2057389106812,1761.1954807630746,16
3.3499999999999996,3.3499999999999996,3.3499999999999996,4415.362879636959,770.892524001245,1751.3962568606132,16
3.3499999999999996,3.3499999999999996,3.3499999999999996,4339.996821843624,757.7341195619921,1721.5015833962104,16
3.3499999999999996,3.3499999999999996,3.3499999999999996,4487.417465443787,783.4727678074024,1779.9774030340604,16
3.3499999999999996,3.3499999999999996,3.3499999999999996,4662.598731358312,814.0582331292662,1849.4647411665114,16
3.3499999999999996,3.3499999999999996,3.3499999999999996,4587.5824647824975,800.960899873039,1819.7088157610451,16
3.3499999999999996,3.3499999999999996,3.3499999999999996,4463.884223079351,779.3640227056304,1770.6427155548165,16
3.3499999999999996,3.3499999999999996,3.3499999999999996,4314.508506490806,753.2840319269552,1711.391397366319,16
3.3499999999999996,3.3499999999999996,3.3499999999999996,4252.055036790695,742.3800781179054,1686.6186264656124,16
3.3499999999999996,3.3499999999999996,3.3499999999999996,4220.176579077278,736.8143148051547,1673.9737288579306,16
3.3499999999999996,3.3499999999999996,3.3499999999999996,4093.6365027211264,714.7212725097221,1623.7803875370826,16
3.3499999999999996,3.3499999999999996,3.3499999999999996,4094.22823226068,714.8245844889879,1624.0151027640982,16
3.3499999999999996,3.3499999999999996,3.3499999999999996,4030.6837230297924,703.7301425500625,1598.8095605142673,16
3.3499999999999996,3.3499999999999996,3.3499999999999996,4157.097204010638,725.8010821483771,1648.9526865589332,16
3.3499999999999996,3.3499999999999996,3.3499999999999996,4086.6628807901843,713.503725241622,1621.0142331621068,16
3.3499999999999996,3.3499999999999996,3.3499999999999996,3883.0824810983113,677.9599630563142,1540.2621048070641,16
3.3499999999999996,3.3499999999999996,3.3499999999999996,4205.660468282765,734.2798999463733,1668.2157735544304,16
3.3499999999999996,3.3499999999999996,3.3499999999999996,4066.1797038567443,709.9275009546878,1612.889383543226,16
3.3499999999999996,3.3499999999999996,3.3499999999999996,4276.5555338539725,746.6576993543162,1696.3369848469235,16
3.3499999999999996,3.3499999999999996,3.3499999999999996,4010.565919208173,700.2177099396116,1590.8296396629294,16
3.3499999999999996,3.3499999999999996,3.3499999999999996,4131.157023433477,721.2721018984412,1638.663263831154,16
3.3499999999999996,3.3499999999999996,3.3499999999999996,4344.836848241909,758.579155466881,1723.4214265321305,16
3.3499999999999996,3.3499999999999996,3.3499999999999996,4083.289025007573,712.914672819256,1619.6759607369559,16
3.3499999999999996,3.3499999999999996,3.3499999999999996,4431.957022613469,773.7897492376565,1757.9784836644174,16
3.3499999999999996,3.3499999999999996,3.3499999999999996,4348.119987070965,759.1523693221337,1724.7237152030073,16
3.3499999999999996,3.3499999999999996,3.3499999999999996,4429.194900548467,773.3075013888763,1756.882861316377,16
3.3499999999999996,3.3499999999999996,3.3499999999999996,4192.951441034081,732.0609896641581,1663.1746153623508,16
3.3499999999999996,3.3499999999999996,3.3499999999999996,4208.1755095103645,734.7190091504783,1669.2133889060883,16
3.3499999999999996,3.3499999999999996,3.3499999999999996,4046.8192604386195,706.5472983531727,1605.2098769980119,16
3.3499999999999996,3.3499999999999996,3.3499999999999996,4485.331831112254,783.1086301458311,1779.1501160678472,16
3.3499999999999996,3.3499999999999996,3.3499999999999996,4269.7846326153385,745.4755457493007,1693.6512415890797,16
3.3499999999999996,3.3499999999999996,3.3499999999999996,4427.731041789956,773.0519215409921,1756.3022076260424,16
3.3499999999999996,3.3499999999999996,3.3499999999999996,4186.554024183256,730.9440439096055,1660.6370182878766,16
3.3499999999999996,3.3499999999999996,3.3499999999999996,4224.7443998045765,737.6118254391943,1675.7855989899867,16
3.3499999999999996,3.3499999999999996,3.3499999999999996,4306.11596847494,751.8187514980993,1708.0624162458007,16
3.3499999999999996,3.3499999999999996,3.3499999999999996,4087.606612989727,713.6684945068256,1621.3885736380355,16
3.3499999999999996,3.3499999999999996,3.3499999999999996,4135.839093800432,722.0895597475752,1640.5204521843157,16
3.3499999999999996,3.3499999999999996,3.3499999999999996,4263.142121483933,744.3158081894703,1691.0164255051402,16
3.3499999999999996,3.3499999999999996,3.3499999999999996,4312.899887819077,753.0031779763717,1710.7533232607059,16
3.3499999999999996,3.3499999999999996,3.3499999999999996,4205.989669064696,734.3373761784757,1668.3463542185673,16
3.3499999999999996,3.3499999999999996,3.3499999999999996,3943.840431945329,688.5678907303023,1564.3623318073733,16
3.3499999999999996,3.3499999999999996,3.3499999999999996,4254.8555517182895,742.8690291010722,1687.729477712764,16
3.3499999999999996,3.3499999999999996,3.3499999999999996,4409.256227362857,769.8263437770801,1748.9739943588972,16
3.3499999999999996,3.3499999999999996,3.3499999999999996,4407.220081144096,769.4708464056056,1748.1663373297536,16
3.3499999999999996,3.3499999999999996,3.3499999999999996,4306.803084701514,751.9387173483875,1708.3349675218924,16
3.3499999999999996,3.3499999999999996,3.3499999999999996,4174.622123711389,728.8608147115455,1655.9041149244772,16
3.3499999999999996,3.3499999999999996,3.3499999999999996,4165.234342531368,735.8552425797267,1660.9302271445715,17
3.3499999999999996,3.3499999999999996,3.3499999999999996,4517.706065849303,798.125008008335,1801.481968374264,17
3.3499999999999996,3.3499999999999996,3.3499999999999996,4722.117270810929,834.2375155993575,1882.9930482242094,17
3.3499999999999996,3.3499999999999996,3.3499999999999996,4301.423399929799,759.9152170319016,1715.2370208175328,17
3.3499999999999996,3.3499999999999996,3.3499999999999996,4070.037685555288,719.0372310703574,1622.9695766524333,17
3.3499999999999996,3.3499999999999996,3.3499999999999996,4136.4680789354425,730.7732221852564,1649.459382337447,17
3.3499999999999996,3.3499999999999996,3.3499999999999996,4300.87405352661,759.8181662065372,1715.017963263696,17
3.3499999999999996,3.3499999999999996,3.3499999999999996,4373.993819450928,772.7359419345919,1744.1752253618538,17
3.3499999999999996,3.3499999999999996,3.3499999999999996,4221.725091816278,745.8352366449093,1683.456497055313,17
3.3499999999999996,3.3499999999999996,3.3499999999999996,4219.840099325404,745.5022225831382,1682.7048368248031,17
3.3499999999999996,3.3499999999999996,3.3499999999999996,4606.026618813916,813.728245805288,1836.7007013514572,17
3.3499999999999996,3.3499999999999996,3.3499999999999996,4320.783386028687,763.3354681139762,1722.957015291889,17
3.3499999999999996,3.3499999999999996,3.3499999999999996,4344.93013795477,767.6013779127711,1732.5857820942429,17
3.3499999999999996,3.3499999999999996,3.3499999999999996,4318.740943397122,762.974637967456,1722.1425701910846,17
3.3499999999999996,3.3499999999999996,3.3499999999999996,4440.067242969182,784.4088686159632,1770.522685626406,17
3.3499999999999996,3.3499999999999996,3.3499999999999996,4415.362879636959,780.0444478468875,1760.671565514899,17
3.3499999999999996,3.3499999999999996,3.3499999999999996,4339.996821843624,766.7298287452677,1730.6185713264374,17
3.3499999999999996,3.3499999999999996,3.3499999999999996,4487.417465443787,792.7740424765241,1789.404076036314,17
3.3499999999999996,3.3499999999999996,3.3499999999999996,4662.598731358312,823.7226139911379,1859.2594157025223,17
3.3499999999999996,3.3499999999999996,3.3499999999999996,4587.5824647824975,810.4697911007396,1829.3459043759103,17
3.3499999999999996,3.3499999999999996,3.3499999999999996,4463.884223079351,788.61651895091,1780.0199525101318,17
3.3499999999999996,3.3499999999999996,3.3499999999999996,4314.508506490806,762.2269103175141,1720.454842247329,17
3.3499999999999996,3.3499999999999996,3.3499999999999996,4252.055036790695,751.1935063558557,1695.5508759672634,17
3.3499999999999996,3.3499999999999996,3.3499999999999996,4220.176579077278,745.5616671111234,1682.8390116021992,17
3.3499999999999996,3.3499999999999996,3.3499999999999996,4093.6365027211264,723.2063394330836,1632.3798488081597,17
3.3499999999999996,3.3499999999999996,3.3499999999999996,4094.22823226068,723.310877917131,1632.6158070755027,17
3.3499999999999996,3.3499999999999996,3.3499999999999996,4030.6837230297924,712.0847243782434,1607.27677751048,17
3.3499999999999996,3.3499999999999996,3.3499999999999996,4157.097204010638,734.4176869591615,1657.6854590906983,17
3.3499999999999996,3.3499999999999996,3.3499999999999996,4086.6628807901843,721.9743376210242,1629.5990450153197,17
3.3499999999999996,3.3499999999999996,3.3499999999999996,3883.0824810983113,686.0086050642577,1548.4192573501412,17
3.3499999999999996,3.3499999999999996,3.3499999999999996,4205.660468282765,742.9971640480092,1677.0505624498921,17
3.3499999999999996,3.3499999999999996,3.3499999999999996,4066.1797038567443,718.355656919856,1621.431166591455,17
3.3499999999999996,3.3499999999999996,3.3499999999999996,4276.5555338539725,755.521910889,1705.3207022977867,17
3.3499999999999996,3.3499999999999996,3.3499999999999996,4010.565919208173,708.5305926790573,1599.2545953898014,17
3.3499999999999996,3.3499999999999996,3.3499999999999996,4131.157023433477,729.8349393148675,1647.3415440849433,17
3.3499999999999996,3.3499999999999996,3.3499999999999996,4344.836848241909,767.5848967934288,1732.5485818574186,17
3.3499999999999996,3.3499999999999996,3.3499999999999996,4083.289025007573,721.3782920540334,1628.2536851650598,17
3.3499999999999996,3.3499999999999996,3.3499999999999996,4431.957022613469,782.9760685196302,1767.2886514689378,17
3.3499999999999996,3.3499999999999996,3.3499999999999996,4348.119987070965,768.164915760143,1733.8577673852071,17
3.3499999999999996,3.3499999999999996,3.3499999999999996,4429.194900548467,782.4880954945777,1766.1872267586928,17
3.3499999999999996,3.3499999999999996,3.3499999999999996,4192.951441034081,740.7519111858736,1671.9827065313423,17
3.3499999999999996,3.3499999999999996,3.3499999999999996,4208.1755095103645,743.4414862926751,1678.0534611235107,17
3.3499999999999996,3.3499999999999996,3.3499999999999996,4046.8192604386195,714.9353250450263,1613.7109897563287,17
3.3499999999999996,3.3499999999999996,3.3499999999999996,4485.331831112254,792.4055818256329,1788.5724077989132,17
3.3499999999999996,3.3499999999999996,3.3499999999999996,4269.7846326153385,754.325722928442,1702.6207354754104,17
3.3499999999999996,3.3499999999999996,3.3499999999999996,4427.731041789956,782.229481439938,1765.6034979549004,17
3.3499999999999996,3.3499999999999996,3.3499999999999996,4186.554024183256,739.6217052138886,1669.431670467254,17
3.3499999999999996,3.3499999999999996,3.3499999999999996,4224.7443998045765,746.3686456753366,1684.6604773095858,17
3.3499999999999996,3.3499999999999996,3.3499999999999996,4306.11596847494,760.7442342926704,1717.1082310061126,17
3.3499999999999996,3.3499999999999996,3.3499999999999996,4087.606612989727,722.1410630029629,1629.9753679800435,17
3.3499999999999996,3.3499999999999996,3.3499999999999996,4135.839093800432,730.6621019046097,1649.2085680165112,17
3.3499999999999996,3.3499999999999996,3.3499999999999996,4263.142121483933,753.1522171330951,1699.9719655347521,17
3.3499999999999996,3.3499999999999996,3.3499999999999996,4312.899887819077,761.9427221097061,1719.8133889325552,17
3.3499999999999996,3.3499999999999996,3.3499999999999996,4205.989669064696,743.0553226295735,1677.1818346628202,17
3.3499999999999996,3.3499999999999996,3.3499999999999996,3943.840431945329,696.7424685116641,1572.6471179703065,17
3.3499999999999996,3.3499999999999996,3.3499999999999996,4254.8555517182895,751.6882620939302,1696.6676102281224,17
3.3499999999999996,3.3499999999999996,3.3499999999999996,4409.256227362857,778.9656100862784,1758.2364748298087,17
3.3499999999999996,3.3499999999999996,3.3499999999999996,4407.220081144096,778.6058923017506,1757.4245404886615,17
3.3499999999999996,3.3499999999999996,3.3499999999999996,4306.803084701514,760.865624360073,1717.3822257003917,17
3.3499999999999996,3.3499999999999996,3.3499999999999996,4174.622123711389,737.5137442219919,1664.6737018798344,17
3.3499999999999996,3.3499999999999996,3.3499999999999996,4165.234342531368,736.7319807789094,1661.8409969545735,18
3.3499999999999996,3.3499999999999996,3.3499999999999996,4517.706065849303,799.0759378132118,1802.4698096232478,18
3.3499999999999996,3.3499999999999996,3.3499999999999996,4722.117270810929,835.2314718217159,1884.0255860110094,18
3.3499999999999996,3.3499999999999996,3.3499999999999996,4301.423399929799,760.8206216011162,1716.1775697159915,18
3.3499999999999996,3.3499999999999996,3.3499999999999996,4070.037685555288,719.8939313704109,1623.8595307689932,18
3.3499999999999996,3.3499999999999996,3.3499999999999996,4136.4680789354425,731.6439053872723,1650.3638621185398,18
3.3499999999999996,3.3499999999999996,3.3499999999999996,4300.87405352661,760.723455144088,1715.9583920421142,18
3.3499999999999996,3.3499999999999996,3.3499999999999996,4373.993819450928,773.656621816956,1745.1316425024725,18
3.3499999999999996,3.3499999999999996,3.3499999999999996,4221.725091816278,746.7238655550881,1684.37961912806,18
3.3499999999999996,3.3499999999999996,3.3499999999999996,4219.840099325404,746.3904547221426,1683.627546725242,18
3.3499999999999996,3.3499999999999996,3.3499999999999996,4606.026618813916,814.6977661614252,1837.7078547655265,18
3.3499999999999996,3.3499999999999996,3.3499999999999996,4320.783386028687,764.2449477574726,1723.9017974433677,18
3.3499999999999996,3.3499999999999996,3.3499999999999996,4344.93013795477,768.5159401946161,1733.5358441725775,18
3.3499999999999996,3.3499999999999996,3.3499999999999996,4318.740943397122,763.8836876981727,1723.0869057422203,18
3.3499999999999996,3.3499999999999996,3.3499999999999996,4440.067242969182,785.3434562618733,1771.493550376555,18
3.3499999999999996,3.3499999999999996,3.3499999999999996,4415.362879636959,780.9738354830891,1761.637028410927,18
3.3499999999999996,3.3499999999999996,3.3499999999999996,4339.996821843624,767.6433526157466,1731.5675546862633,18
3.3499999999999996,3.3499999999999996,3.3499999999999996,4487.417465443787,793.7185968482818,1790.3852943823429,18
3.3499999999999996,3.3499999999999996,3.3499999999999996,4662.598731358312,824.7040421843851,1860.2789391702206,18
3.3499999999999996,3.3499999999999996,3.3499999999999996,4587.5824647824975,811.4354291556516,1830.3490247927266,18
3.3499999999999996,3.3499999999999996,3.3499999999999996,4463.884223079351,789.5561198216557,1780.9960250792572,18
3.3499999999999996,3.3499999999999996,3.3499999999999996,4314.508506490806,763.1350691645957,1721.3982523341476,18
3.3499999999999996,3.3499999999999996,3.3499999999999996,4252.055036790695,752.0885194017519,1696.4806299833654,18
3.3499999999999996,3.3499999999999996,3.3499999999999996,4220.176579077278,746.449970075591,1683.7617950772735,18
3.3499999999999996,3.3499999999999996,3.3499999999999996,4093.6365027211264,724.068007036958,1633.2749630402045,18
3.3499999999999996,3.3499999999999996,3.3499999999999996,4094.22823226068,724.1726700738749,1633.5110506950812,18
3.3499999999999996,3.3499999999999996,3.3499999999999996,4030.6837230297924,712.9331410814094,1608.1581264927247,18
3.3499999999999996,3.3499999999999996,3.3499999999999996,4157.097204010638,735.2927123759205,1658.5944496346383,18
3.3499999999999996,3.3499999999999996,3.3499999999999996,4086.6628807901843,722.8345373505289,1630.4926343957477,18
3.3499999999999996,3.3499999999999996,3.3499999999999996,3883.0824810983113,686.8259532520877,1549.2683318565666,18
3.3499999999999996,3.3499999999999996,3.3499999999999996,4205.660468282765,743.8824115232075,1677.970171833335,18
3.3499999999999996,3.3499999999999996,3.3499999999999996,4066.1797038567443,719.2115451551733,1622.3202771220442,18
3.3499999999999996,3.3499999999999996,3.3499999999999996,4276.5555338539725,756.4220810328908,1706.255813590628,18
3.3499999999999996,3.3499999999999996,3.3499999999999996,4010.565919208173,709.3747747952483,1600.131545414663,18
3.3499999999999996,3.3499999999999996,3.3499999999999996,4131.157023433477,730.7045045953324,1648.244862551062,18
3.3499999999999996,3.3499999999999996,3.3499999999999996,4344.836848241909,768.4994394387663,1733.4986235370318,18
3.3499999999999996,3.3499999999999996,3.3499999999999996,4083.289025007573,722.2377816222363,1629.1465368184504,18
3.3499999999999996,3.3499999999999996,3.3499999999999996,4431.957022613469,783.9089490491082,1768.257742838949,18
3.3499999999999996,3.3499999999999996,3.3499999999999996,4348.119987070965,769.0801494718139,1734.8085269556957,18
3.3499999999999996,3.3499999999999996,3.3499999999999996,4429.194900548467,783.4203946262936,1767.1557141633132,18
3.3499999999999996,3.3499999999999996,3.3499999999999996,4192.951441034081,741.6344835439605,1672.8995369598981,18
3.3499999999999996,3.3499999999999996,3.3499999999999996,4208.1755095103645,744.3272631577074,1678.9736204456685,18
3.3499999999999996,3.3499999999999996,3.3499999999999996,4046.8192604386195,715.7871381098003,1614.5958669338993,18
3.3499999999999996,3.3499999999999996,3.3499999999999996,4485.331831112254,793.3496971932104,1789.5531701003054,18
3.3499999999999996,3.3499999999999996,3.3499999999999996,4269.7846326153385,755.2244678685458,1703.5543662435255,18
3.3499999999999996,3.3499999999999996,3.3499999999999996,4427.731041789956,783.1614724447189,1766.571665272281,18
3.3499999999999996,3.3499999999999996,3.3499999999999996,4186.554024183256,740.5029309827398,1670.3471020371499,18
3.3499999999999996,3.3499999999999996,3.3499999999999996,4224.7443998045765,747.2579101182203,1685.5842595839767,18
3.3499999999999996,3.3499999999999996,3.3499999999999996,4306.11596847494,761.6506265984099,1718.049805981237,18
3.3499999999999996,3.3499999999999996,3.3499999999999996,4087.606612989727,723.0014613782106,1630.869163716879,18
3.3499999999999996,3.3499999999999996,3.3499999999999996,4135.839093800432,731.5326527118433,1650.1129102637635,18
3.3499999999999996,3.3499999999999996,3.3499999999999996,4263.142121483933,754.0495638941844,1700.904143851911,18
3.3499999999999996,3.3499999999999996,3.3499999999999996,4312.899887819077,762.8505423594075,1720.7564472789431,18
3.3499999999999996,3.3499999999999996,3.3499999999999996,4205.989669064696,743.9406393980879,1678.1015160292798,18
3.3499999999999996,3.3499999999999996,3.3499999999999996,3943.840431945329,697.5726056117212,1573.5094778054308,18
3.3499999999999996,3.3499999999999996,3.3499999999999996,4254.8555517182895,752.583864618884,1697.597976604596,18
3.3499999999999996,3.3499999999999996,3.3499999999999996,4409.256227362857,779.8937123361421,1759.200602445736,18
3.3499999999999996,3.3499999999999996,3.3499999999999996,4407.220081144096,779.5335659641632,1758.3882228810185,18
3.3499999999999996,3.3499999999999996,3.3499999999999996,4306.803084701514,761.7721612965806,1718.3239509202945,18
3.3499999999999996,3.3499999999999996,3.3499999999999996,4174.622123711389,738.392458450778,1665.586524421322,18
3.3499999999999996,3.3499999999999996,3.3499999999999996,4165.234342531368,736.8197902332342,1661.9324410129136,19
3.3499999999999996,3.3499999999999996,3.3499999999999996,4517.706065849303,799.1711779058019,1802.568991888416,19
3.3499999999999996,3.3499999999999996,3.3499999999999996,4722.117270810929,835.3310212123887,1884.1292559444848,19
3.3499999999999996,3.3499999999999996,3.3499999999999996,4301.423399929799,760.9113021272298,1716.272003685363,19
3.3499999999999996,3.3499999999999996,3.3499999999999996,4070.037685555288,719.9797339348912,1623.9488848684166,19
3.3499999999999996,3.3499999999999996,3.3499999999999996,4136.4680789354425,731.7311084051515,1650.4546746388505,19
3.3499999999999996,3.3499999999999996,3.3499999999999996,4300.87405352661,760.8141240891468,1716.0528139510684,19
3.3499999999999996,3.3499999999999996,3.3499999999999996,4373.993819450928,773.7488322375282,1745.227669691608,19
3.3499999999999996,3.3499999999999996,3.3499999999999996,4221.725091816278,746.8128659200464,1684.4723033911398,19
3.3499999999999996,3.3499999999999996,3.3499999999999996,4219.840099325404,746.4794153486017,1683.720189604969,19
3.3499999999999996,3.3499999999999996,3.3499999999999996,4606.026618813916,814.7948681851634,1837.808976030793,19
3.3499999999999996,3.3499999999999996,3.3499999999999996,4320.783386028687,764.3360364214426,1723.9966564442157,19
3.3499999999999996,3.3499999999999996,3.3499999999999996,4344.93013795477,768.6075379087224,1733.6312332941359,19
3.3499999999999996,3.3499999999999996,3.3499999999999996,4318.740943397122,763.9747333043558,1723.181719903035,19
3.3499999999999996,3.3499999999999996,3.3499999999999996,4440.067242969182,785.4370596103789,1771.5910281496194,19
3.3499999999999996,3.3499999999999996,3.3499999999999996,4415.362879636959,781.0669180261644,1761.7339638214116,19
3.3499999999999996,3.3499999999999996,3.3499999999999996,4339.996821843624,767.7348463280707,1731.6628355012035,19
3.3499999999999996,3.3499999999999996,3.3499999999999996,4487.417465443787,793.8131984112588,1790.4838116879152,19
3.3499999999999996,3.3499999999999996,3.3499999999999996,4662.598731358312,824.8023368340176,1860.3813024264855,19
3.3499999999999996,3.3499999999999996,3.3499999999999996,4587.5824647824975,811.5321423486621,1830.4497411328052,19
3.3499999999999996,3.3499999999999996,3.3499999999999996,4463.884223079351,789.6502252682077,1781.0940257331818,19
3.3499999999999996,3.3499999999999996,3.3499999999999996,4314.508506490806,763.2260255445924,1721.4929735755306,19
3.3499999999999996,3.3499999999999996,3.3499999999999996,4252.055036790695,752.1781591679296,1696.5739801137238,19
3.3499999999999996,3.3499999999999996,3.3499999999999996,4220.176579077278,746.538937795553,1683.8544453441175,19
3.3499999999999996,3.3499999999999996,3.3499999999999996,4093.6365027211264,724.1543071002792,1633.3648352309126,19
3.3499999999999996,3.3499999999999996,3.3499999999999996,4094.22823226068,724.2589826117521,1633.600935876691,19
3.3499999999999996,3.3499999999999996,3.3499999999999996,4030.6837230297924,713.0181140047,1608.2466166104969,19
3.3499999999999996,3.3499999999999996,3.3499999999999996,4157.097204010638,735.3803502870295,1658.685715049255,19
3.3499999999999996,3.3499999999999996,3.3499999999999996,4086.6628807901843,722.9206903993281,1630.5823534867168,19
3.3499999999999996,3.3499999999999996,3.3499999999999996,3883.0824810983113,686.9078145174387,1549.3535815188284,19
3.3499999999999996,3.3499999999999996,3.3499999999999996,4205.660468282765,743.971073221548,1678.0625034117274,19
3.3499999999999996,3.3499999999999996,3.3499999999999996,4066.1797038567443,719.2972663875508,1622.4095465228704,19
3.3499999999999996,3.3499999999999996,3.3499999999999996,4276.5555338539725,756.5122373066886,1706.3497016078609,19
3.3499999999999996,3.3499999999999996,3.3499999999999996,4010.565919208173,709.4593236047363,1600.2195938637378,19
3.3499999999999996,3.3499999999999996,3.3499999999999996,4131.157023433477,730.7915956481104,1648.3355584718186,19
3.3499999999999996,3.3499999999999996,3.3499999999999996,4344.836848241909,768.5910351861844,1733.5940106104965,19
3.3499999999999996,3.3499999999999996,3.3499999999999996,4083.289025007573,722.3238635450409,1629.236181839382,19
3.3499999999999996,3.3499999999999996,3.3499999999999996,4431.957022613469,784.0023814218736,1768.3550425592548,19
3.3499999999999996,3.3499999999999996,3.3499999999999996,4348.119987070965,769.1718144327755,1734.9039861075876,19
3.3499999999999996,3.3499999999999996,3.3499999999999996,4429.194900548467,783.5137687693388,1767.2529532436565,19
3.3499999999999996,3.3499999999999996,3.3499999999999996,4192.951441034081,741.7228773167402,1672.9915895227698,19
3.3499999999999996,3.3499999999999996,3.3499999999999996,4208.1755095103645,744.4159778769297,1679.0660072395797,19
3.3499999999999996,3.3499999999999996,3.3499999999999996,4046.8192604386195,715.8724511946807,1614.6847112932107,19
3.3499999999999996,3.3499999999999996,3.3499999999999996,4485.331831112254,793.4442547878539,1789.65164161761,19
3.3499999999999996,3.3499999999999996,3.3499999999999996,4269.7846326153385,755.3144814014812,1703.648105611574,19
3.3499999999999996,3.3499999999999996,3.3499999999999996,4427.731041789956,783.2548157274022,1766.6688722148924,19
3.3499999999999996,3.3499999999999996,3.3499999999999996,4186.554024183256,740.591189888274,1670.4390141503582,19
3.3499999999999996,3.3499999999999996,3.3499999999999996,4224.7443998045765,747.3469741347682,1685.6770101333093,19
3.3499999999999996,3.3499999999999996,3.3499999999999996,4306.11596847494,761.7414060509824,1718.144342971826,19
3.3499999999999996,3.3499999999999996,3.3499999999999996,4087.606612989727,723.0876343223151,1630.958903526659,19
3.3499999999999996,3.3499999999999996,3.3499999999999996,4135.839093800432,731.6198424697625,1650.203708975259,19
3.3499999999999996,3.3499999999999996,3.3499999999999996,4263.142121483933,754.1394373929153,1700.9977373894674,19
3.3499999999999996,3.3499999999999996,3.3499999999999996,4312.899887819077,762.9414648272839,1720.8511332045177,19
3.3499999999999996,3.3499999999999996,3.3499999999999996,4205.989669064696,744.0293080364803,1678.1938548349858,19
3.3499999999999996,3.3499999999999996,3.3499999999999996,3943.840431945329,697.6557477467836,1573.596061355091,19
3.3499999999999996,3.3499999999999996,3.3499999999999996,4254.8555517182895,752.6735634241618,1697.6913882177976,19
3.3499999999999996,3.3499999999999996,3.3499999999999996,4409.256227362857,779.9866661417299,1759.2974037900385,19
3.3499999999999996,3.3499999999999996,3.3499999999999996,4407.220081144096,779.6264768447022,1758.4849795235205,19
3.3499999999999996,3.3499999999999996,3.3499999999999996,4306.803084701514,761.8629552346051,1718.4185029959165,19
3.3499999999999996,3.3499999999999996,3.3499999999999996,4174.622123711389,738.4804658137618,1665.6781745801452,19
3.3499999999999996,3.3499999999999996,3.3499999999999996,4165.234342531368,736.8285725367538,1661.9415890989048,20
3.3499999999999996,3.3499999999999996,3.3499999999999996,4517.706065849303,799.1807033880724,1802.578914106514,20
3.3499999999999996,3.3499999999999996,3.3499999999999996,4722.117270810929,835.340977691116,1884.1396271100193,20
3.3499999999999996,3.3499999999999996,3.3499999999999996,4301.423399929799,760.9203715823331,1716.2814508827864,20
3.3499999999999996,3.3499999999999996,3.3499999999999996,4070.037685555288,719.9883155183868,1623.9578238744064,20
3.3499999999999996,3.3499999999999996,3.3499999999999996,4136.4680789354425,731.7398300556473,1650.4637595456231,20
3.3499999999999996,3.3499999999999996,3.3499999999999996,4300.87405352661,760.8231923859654,1716.0622599419646,20
3.3499999999999996,3.3499999999999996,3.3499999999999996,4373.993819450928,773.7580547057389,1745.2372762751268,20
3.3499999999999996,3.3499999999999996,3.3499999999999996,4221.725091816278,746.8217673330482,1684.4815755475167,20
3.3499999999999996,3.3499999999999996,3.3499999999999996,4219.840099325404,746.4883127871389,1683.7294576213458,20
3.3499999999999996,3.3499999999999996,3.3499999999999996,4606.026618813916,814.8045798893456,1837.8190922269355,20
3.3499999999999996,3.3499999999999996,3.3499999999999996,4320.783386028687,764.3451466966438,1724.0061461618914,20
3.3499999999999996,3.3499999999999996,3.3499999999999996,4344.93013795477,768.6166990968104,1733.6407760452182,20
3.3499999999999996,3.3499999999999996,3.3499999999999996,4318.740943397122,763.9838392731123,1723.1912051349032,20
3.3499999999999996,3.3499999999999996,3.3499999999999996,4440.067242969182,785.4464213929263,1771.6007798499097,20
3.3499999999999996,3.3499999999999996,3.3499999999999996,4415.362879636959,781.0762277201139,1761.7436612636166,20
3.3499999999999996,3.3499999999999996,3.3499999999999996,4339.996821843624,767.7439971143717,1731.672367417265,20
3.3499999999999996,3.3499999999999996,3.3499999999999996,4487.417465443787,793.8226600306922,1790.4936673832926,20
3.3499999999999996,3.3499999999999996,3.3499999999999996,4662.598731358312,824.8121678192348,1860.3915428717119,20
3.3499999999999996,3.3499999999999996,3.3499999999999996,4587.5824647824975,811.5418151637581,1830.4598168201328,20
3.3499999999999996,3.3499999999999996,3.3499999999999996,4463.884223079351,789.6596372683255,1781.103829742602,20
3.3499999999999996,3.3499999999999996,3.3499999999999996,4314.508506490806,763.2351225893503,1721.5024495117163,20
3.3499999999999996,3.3499999999999996,3.3499999999999996,4252.055036790695,752.1871245309426,1696.5833188836268,20
3.3499999999999996,3.3499999999999996,3.3499999999999996,4220.176579077278,746.5478359435504,1683.8637140995033,20
3.3499999999999996,3.3499999999999996,3.3499999999999996,4093.6365027211264,724.1629384413536,1633.3738260668817,20
3.3499999999999996,3.3499999999999996,3.3499999999999996,4094.22823226068,724.2676152004749,1633.6099280122728,20
3.3499999999999996,3.3499999999999996,3.3499999999999996,4030.6837230297924,713.0266126112454,1608.2554691835508,20
3.3499999999999996,3.3499999999999996,3.3499999999999996,4157.097204010638,735.3891154335743,1658.694845263685,20
3.3499999999999996,3.3499999999999996,3.3499999999999996,4086.6628807901843,722.9293070366765,1630.5913290065503,20
3.3499999999999996,3.3499999999999996,3.3499999999999996,3883.0824810983113,686.9160019100647,1549.362109915919,20
3.3499999999999996,3.3499999999999996,3.3499999999999996,4205.660468282765,743.9799407626501,1678.0717402854423,20
3.3499999999999996,3.3499999999999996,3.3499999999999996,4066.1797038567443,719.3058398365783,1622.418477055592,20
3.3499999999999996,3.3499999999999996,3.3499999999999996,4276.5555338539725,756.5212543284518,1706.3590941880993,20
3.3499999999999996,3.3499999999999996,3.3499999999999996,4010.565919208173,709.4677797933418,1600.2284022521471,20
3.3499999999999996,3.3499999999999996,3.3499999999999996,4131.157023433477,730.8003061003641,1648.3446317139426,20
3.3499999999999996,3.3499999999999996,3.3499999999999996,4344.836848241909,768.6001961775728,1733.6035531566872,20
3.3499999999999996,3.3499999999999996,3.3499999999999996,4083.289025007573,722.3324730686898,1629.245149949231,20
3.3499999999999996,3.3499999999999996,3.3499999999999996,4431.957022613469,784.0117261042028,1768.3647764471034,20
3.3499999999999996,3.3499999999999996,3.3499999999999996,4348.119987070965,769.1809823465887,1734.9135358645212,20
3.3499999999999996,3.3499999999999996,3.3499999999999996,4429.194900548467,783.5231076277954,1767.2626810650686,20
3.3499999999999996,3.3499999999999996,3.3499999999999996,4192.951441034081,741.7317180611423,1673.0007984837039,20
3.3499999999999996,3.3499999999999996,3.3499999999999996,4208.1755095103645,744.4248507209398,1679.0752496370692,20
3.3499999999999996,3.3499999999999996,3.3499999999999996,4046.8192604386195,715.8809838226462,1614.6935993046745,20
3.3499999999999996,3.3499999999999996,3.3499999999999996,4485.331831112254,793.453712009774,1789.6614927323176,20
3.3499999999999996,3.3499999999999996,3.3499999999999996,4269.7846326153385,755.3234841469505,1703.657483320911,20
3.3499999999999996,3.3499999999999996,3.3499999999999996,4427.731041789956,783.2641514993452,1766.678596821238,20
3.3499999999999996,3.3499999999999996,3.3499999999999996,4186.554024183256,740.6000171438657,1670.4482090606741,20
3.3499999999999996,3.3499999999999996,3.3499999999999996,4224.7443998045765,747.3558819139133,1685.68628892098,20
3.3499999999999996,3.3499999999999996,3.3499999999999996,4306.11596847494,761.7504854002614,1718.153800475517,20
3.3499999999999996,3.3499999999999996,3.3499999999999996,4087.606612989727,723.0962529495018,1630.9678811192075,20
3.3499999999999996,3.3499999999999996,3.3499999999999996,4135.839093800432,731.6285627940568,1650.212792500594,20
3.3499999999999996,3.3499999999999996,3.3499999999999996,4263.142121483933,754.1484261327982,1701.0071005098862,20
3.3499999999999996,3.3499999999999996,3.3499999999999996,4312.899887819077,762.9505584803053,1720.8606056077012,20
3.3499999999999996,3.3499999999999996,3.3499999999999996,4205.989669064696,744.0381762716947,1678.203092431723,20
3.3499999999999996,3.3499999999999996,3.3499999999999996,3943.840431945329,697.6640632461906,1573.6047231946038,20
3.3499999999999996,3.3499999999999996,3.3499999999999996,4254.8555517182895,752.6825346919977,1697.7007331384593,20
3.3499999999999996,3.3499999999999996,3.3499999999999996,4409.256227362857,779.9959629599397,1759.3070878202295,20
3.3499999999999996,3.3499999999999996,3.3499999999999996,4407.220081144096,779.635769369743,1758.4946590817328,20
3.3499999999999996,3.3499999999999996,3.3499999999999996,4306.803084701514,761.8720360326531,1718.427962008718,20
3.3499999999999996,3.3499999999999996,3.3499999999999996,4174.622123711389,738.489267911208,1665.6873432844798,20
3.3499999999999996,3.3499999999999996,3.3499999999999996,4165.234342531368,736.8294507806883,1661.942503944315,21
3.3499999999999996,3.3499999999999996,3.3499999999999996,4517.706065849303,799.1816559510314,1802.5799063682496,21
3.3499999999999996,3.3499999999999996,3.3499999999999996,4722.117270810929,835.3419733543875,1884.1406642683057,21
3.3499999999999996,3.3499999999999996,3.3499999999999996,4301.423399929799,760.9212785418702,1716.2823956405434,21
3.3499999999999996,3.3499999999999996,3.3499999999999996,4070.037685555288,719.9891736900088,1623.9587178109753,21
3.3499999999999996,3.3499999999999996,3.3499999999999996,4136.4680789354425,731.7407022341856,1650.464668072857,21
3.3499999999999996,3.3499999999999996,3.3499999999999996,4300.87405352661,760.8240992296721,1716.063204579064,21
3.3499999999999996,3.3499999999999996,3.3499999999999996,4373.993819450928,773.7589769668234,1745.2382369721342,21
3.3499999999999996,3.3499999999999996,3.3499999999999996,4221.725091816278,746.822657488115,1684.4825028004655,21
3.3499999999999996,3.3499999999999996,3.3499999999999996,4219.840099325404,746.4892025447532,1683.7303844602764,21
3.3499999999999996,3.3499999999999996,3.3499999999999996,4606.026618813916,814.8055510747839,1837.8201038872564,21
3.3499999999999996,3.3499999999999996,3.3499999999999996,4320.783386028687,764.3460577382538,1724.0070951718449,21
3.3499999999999996,3.3499999999999996,3.3499999999999996,4344.93013795477,768.6176152297877,1733.6417303587252,21
3.3499999999999996,3.3499999999999996,3.3499999999999996,4318.740943397122,763.9847498840712,1723.1921536962584,21
3.3499999999999996,3.3499999999999996,3.3499999999999996,4440.067242969182,785.4473575856599,1771.6017550591782,21
3.3499999999999996,3.3499999999999996,3.3499999999999996,4415.362879636959,781.0771587039073,1761.744631046859,21
3.3499999999999996,3.3499999999999996,3.3499999999999996,4339.996821843624,767.7449122071545,1731.6733206472265,21
3.3499999999999996,3.3499999999999996,3.3499999999999996,4487.417465443787,793.8236062072687,1790.4946529924891,21
3.3499999999999996,3.3499999999999996,3.3499999999999996,4662.598731358312,824.8131509329611,1860.3925669574403,21
3.3499999999999996,3.3499999999999996,3.3499999999999996,4587.5824647824975,811.5427824602274,1830.4608244294093,21
3.3499999999999996,3.3499999999999996,3.3499999999999996,4463.884223079351,789.6605784828937,1781.1048101829938,21
3.3499999999999996,3.3499999999999996,3.3499999999999996,4314.508506490806,763.2360323078957,1721.503397143465,21
3.3499999999999996,3.3499999999999996,3.3499999999999996,4252.055036790695,752.1880210811097,1696.5842527981956,21
3.3499999999999996,3.3499999999999996,3.3499999999999996,4220.176579077278,746.5487257721119,1683.8646410123383,21
3.3499999999999996,3.3499999999999996,3.3499999999999996,4093.6365027211264,724.1638015888102,1633.3747251866566,21
3.3499999999999996,3.3499999999999996,3.3499999999999996,4094.22823226068,724.2684784726983,1633.6108272620145,21
3.3499999999999996,3.3499999999999996,3.3499999999999996,4030.6837230297924,713.0274624850438,1608.256354476478,21
3.3499999999999996,3.3499999999999996,3.3499999999999996,4157.097204010638,735.389991961785,1658.695758321867,21
3.3499999999999996,3.3499999999999996,3.3499999999999996,4086.6628807901843,722.9301687137377,1630.5922265946506,21
3.3499999999999996,3.3499999999999996,3.3499999999999996,3883.0824810983113,686.9168206619895,1549.3629627899459,21
3.3499999999999996,3.3499999999999996,3.3499999999999996,4205.660468282765,743.9808275304748,1678.0726640099822,21
3.3499999999999996,3.3499999999999996,3.3499999999999996,4066.1797038567443,719.3066971947409,1622.4193701448003,21
3.3499999999999996,3.3499999999999996,3.3499999999999996,4276.5555338539725,756.5221560445739,1706.3600334839175,21
3.3499999999999996,3.3499999999999996,3.3499999999999996,4010.565919208173,709.4686254252807,1600.2292831264317,21
3.3499999999999996,3.3499999999999996,3.3499999999999996,4131.157023433477,730.8011771590609,1648.345539074665,21
3.3499999999999996,3.3499999999999996,3.3499999999999996,4344.836848241909,768.6011122908802,1733.6045074497042,21
3.3499999999999996,3.3499999999999996,3.3499999999999996,4083.289025007573,722.3333340343701,1629.2460467963022,21
3.3499999999999996,3.3499999999999996,3.3499999999999996,4431.957022613469,784.0126605868879,1768.3657498750563,21
3.3499999999999996,3.3499999999999996,3.3499999999999996,4348.119987070965,769.1818991521491,1734.914490878642,21
3.3499999999999996,3.3499999999999996,3.3499999999999996,4429.194900548467,783.5240415280842,1767.263653886354,21
3.3499999999999996,3.3499999999999996,3.3499999999999996,4192.951441034081,741.7326021492556,1673.001719416853,21
3.3499999999999996,3.3499999999999996,3.3499999999999996,4208.1755095103645,744.4257380190636,1679.076173914008,21
3.3499999999999996,3.3499999999999996,3.3499999999999996,4046.8192604386195,715.881837098639,1614.6944881415852,21
3.3499999999999996,3.3499999999999996,3.3499999999999996,4485.331831112254,793.4546577465925,1789.6624778834273,21
3.3499999999999996,3.3499999999999996,3.3499999999999996,4269.7846326153385,755.3243844354208,1703.6584211295797,21
3.3499999999999996,3.3499999999999996,3.3499999999999996,4427.731041789956,783.2650850909782,1766.6795693210033,21
3.3499999999999996,3.3499999999999996,3.3499999999999996,4186.554024183256,740.6008998830771,1670.4491285887048,21
3.3499999999999996,3.3499999999999996,3.3499999999999996,4224.7443998045765,747.3567727056045,1685.6872168370835,21
3.3499999999999996,3.3499999999999996,3.3499999999999996,4306.11596847494,761.7513933492313,1718.1547462639423,21
3.3499999999999996,3.3499999999999996,3.3499999999999996,4087.606612989727,723.0971148255499,1630.9687789145873,21
3.3499999999999996,3.3499999999999996,3.3499999999999996,4135.839093800432,731.629434839973,1650.2137008896789,21
3.3499999999999996,3.3499999999999996,3.3499999999999996,4263.142121483933,754.1493250206886,1701.0080368596045,21
3.3499999999999996,3.3499999999999996,3.3499999999999996,4312.899887819077,762.9514678596717,1720.8615528861353,21
3.3499999999999996,3.3499999999999996,3.3499999999999996,4205.989669064696,744.0390631089318,1678.2040162285678,21
3.3499999999999996,3.3499999999999996,3.3499999999999996,3943.840431945329,697.6648948089919,1573.6055894134095,21
3.3499999999999996,3.3499999999999996,3.3499999999999996,4254.8555517182895,752.6834318326562,1697.7016676681285,21
3.3499999999999996,3.3499999999999996,3.3499999999999996,4409.256227362857,779.9968926561388,1759.3080562622165,21
3.3499999999999996,3.3499999999999996,3.3499999999999996,4407.220081144096,779.6366986366187,1758.495627076504,21
3.3499999999999996,3.3499999999999996,3.3499999999999996,4306.803084701514,761.8729441265025,1718.4289079480604,21
3.3499999999999996,3.3499999999999996,3.3499999999999996,4174.622123711389,738.4901481345657,1665.6882601918073,21
3.3499999999999996,3.3499999999999996,3.3499999999999996,4165.234342531368,736.8295386052172,1661.9425954292246,22
3.3499999999999996,3.3499999999999996,3.3499999999999996,4517.706065849303,799.1817512074741,1802.5800055948228,22
3.3499999999999996,3.3499999999999996,3.3499999999999996,4722.117270810929,835.3420729208681,1884.1407679845513,22
3.3499999999999996,3.3499999999999996,3.3499999999999996,4301.423399929799,760.9213692379636,1716.2824901166994,22
3.3499999999999996,3.3499999999999996,3.3499999999999996,4070.037685555288,719.9892595073032,1623.9588072049917,22
3.3499999999999996,3.3499999999999996,3.3499999999999996,4136.4680789354425,731.7407894521739,1650.4647589259466,22
3.3499999999999996,3.3499999999999996,3.3499999999999996,4300.87405352661,760.8241899141827,1716.063299043154,22
3.3499999999999996,3.3499999999999996,3.3499999999999996,4373.993819450928,773.7590691930741,1745.238333042222,22
3.3499999999999996,3.3499999999999996,3.3499999999999996,4221.725091816278,746.822746503759,1684.482595526133,22
3.3499999999999996,3.3499999999999996,3.3499999999999996,4219.840099325404,746.4892915206518,1683.7304771445429,22
3.3499999999999996,3.3499999999999996,3.3499999999999996,4606.026618813916,814.8056481934775,1837.8202050536956,22
3.3499999999999996,3.3499999999999996,3.3499999999999996,4320.783386028687,764.3461488425553,1724.0071900732219,22
3.3499999999999996,3.3499999999999996,3.3499999999999996,4344.93013795477,768.6177068432269,1733.6418257904602,22
3.3499999999999996,3.3499999999999996,3.3499999999999996,4318.740943397122,763.9848409453076,1723.1922485527755,22
3.3499999999999996,3.3499999999999996,3.3499999999999996,4440.067242969182,785.4474512050778,1771.6018525804982,22
3.3499999999999996,3.3499999999999996,3.3499999999999996,4415.362879636959,781.0772518024302,1761.7447280255735,22
3.3499999999999996,3.3499999999999996,3.3499999999999996,4339.996821843624,767.7450037165739,1731.6734159706064,22
3.3499999999999996,3.3499999999999996,3.3499999999999996,4487.417465443787,793.8237008250724,1790.4947515538047,22
3.3499999999999996,3.3499999999999996,3.3499999999999996,4662.598731358312,824.8132492444853,1860.3926693664262,22
3.3499999999999996,3.3499999999999996,3.3499999999999996,4587.5824647824975,811.5428791900237,1830.4609251907425,22
3.3499999999999996,3.3499999999999996,3.3499999999999996,4463.884223079351,789.6606726044957,1781.1049082274278,22
3.3499999999999996,3.3499999999999996,3.3499999999999996,4314.508506490806,763.2361232798905,1721.5034919070215,22
3.3499999999999996,3.3499999999999996,3.3499999999999996,4252.055036790695,752.1881107362643,1696.5843461900283,22
3.3499999999999996,3.3499999999999996,3.3499999999999996,4220.176579077278,746.5488147551051,1683.8647337039945,22
3.3499999999999996,3.3499999999999996,3.3499999999999996,4093.6365027211264,724.163887903689,1633.3748150989961,22
3.3499999999999996,3.3499999999999996,3.3499999999999996,4094.22823226068,724.2685648000538,1633.6109171873507,22
3.3499999999999996,3.3499999999999996,3.3499999999999996,4030.6837230297924,713.0275474725545,1608.2564430061268,22
3.3499999999999996,3.3499999999999996,3.3499999999999996,4157.097204010638,735.3900796147412,1658.695849628053,22
3.3499999999999996,3.3499999999999996,3.3499999999999996,4086.6628807901843,722.930254881577,1630.5923163538216,22
3.3499999999999996,3.3499999999999996,3.3499999999999996,3883.0824810983113,686.9169025373084,1549.3630480776917,22
3.3499999999999996,3.3499999999999996,3.3499999999999996,4205.660468282765,743.980916207394,1678.072756382808,22
3.3499999999999996,3.3499999999999996,3.3499999999999996,4066.1797038567443,719.3067829306895,1622.4194594540802,22
3.3499999999999996,3.3499999999999996,3.3499999999999996,4276.5555338539725,756.5222462163254,1706.3601274138778,22
3.3499999999999996,3.3499999999999996,3.3499999999999996,4010.565919208173,709.468709988605,1600.2293712142148,22
3.3499999999999996,3.3499999999999996,3.3499999999999996,4131.157023433477,730.8012642650648,1648.345629811103,22
3.3499999999999996,3.3499999999999996,3.3499999999999996,4344.836848241909,768.6012039023523,1733.60460287939,22
3.3499999999999996,3.3499999999999996,3.3499999999999996,4083.289025007573,722.3334201310712,1629.2461364813707,22
3.3499999999999996,3.3499999999999996,3.3499999999999996,4431.957022613469,784.0127540353006,1768.3658472182437,22
3.3499999999999996,3.3499999999999996,3.3499999999999996,4348.119987070965,769.1819908328467,1734.9145863804383,22
3.3499999999999996,3.3499999999999996,3.3499999999999996,4429.194900548467,783.5241349182575,1767.2637511688743,22
3.3499999999999996,3.3499999999999996,3.3499999999999996,4192.951441034081,741.7326905582032,1673.0018115105383,22
3.3499999999999996,3.3499999999999996,3.3499999999999996,4208.1755095103645,744.425826749013,1679.0762663420742,22
3.3499999999999996,3.3499999999999996,3.3499999999999996,4046.8192604386195,715.8819224263699,1614.6945770256348,22
3.3499999999999996,3.3499999999999996,3.3499999999999996,4485.331831112254,793.4547523204202,1789.6625763989357,22
3.3499999999999996,3.3499999999999996,3.3499999999999996,4269.7846326153385,755.3244744644069,1703.6585149108244,22
3.3499999999999996,3.3499999999999996,3.3499999999999996,4427.731041789956,783.2651784502854,1766.6796665713714,22
3.3499999999999996,3.3499999999999996,3.3499999999999996,4186.554024183256,740.6009881571343,1670.449220541878,22
3.3499999999999996,3.3499999999999996,3.3499999999999996,4224.7443998045765,747.3568617849111,1685.6873096290674,22
3.3499999999999996,3.3499999999999996,3.3499999999999996,4306.11596847494,761.7514841442685,1718.1548408431656,22
3.3499999999999996,3.3499999999999996,3.3499999999999996,4087.606612989727,723.0972010132878,1630.968868694487,22
3.3499999999999996,3.3499999999999996,3.3499999999999996,4135.839093800432,731.6295220446993,1650.2137917289526,22
3.3499999999999996,3.3499999999999996,3.3499999999999996,4263.142121483933,754.1494149096162,1701.008130494953,22
3.3499999999999996,3.3499999999999996,3.3499999999999996,4312.899887819077,762.9515587977486,1720.8616476143602,22
3.3499999999999996,3.3499999999999996,3.3499999999999996,4205.989669064696,744.0391517927923,1678.2041086086242,22
3.3499999999999996,3.3499999999999996,3.3499999999999996,3943.840431945329,697.6649779654005,1573.6056760356387,22
3.3499999999999996,3.3499999999999996,3.3499999999999996,4254.8555517182895,752.6835215468606,1697.7017611214717,22
3.3499999999999996,3.3499999999999996,3.3499999999999996,4409.256227362857,779.996985625902,1759.3081531068046,22
3.3499999999999996,3.3499999999999996,3.3499999999999996,4407.220081144096,779.6367915634498,1758.4957238763702,22
3.3499999999999996,3.3499999999999996,3.3499999999999996,4306.803084701514,761.8730349360275,1718.4290025423752,22
3.3499999999999996,3.3499999999999996,3.3499999999999996,4174.622123711389,738.4902361570373,1665.688351882909,22
3.3499999999999996,3.3499999999999996,3.3499999999999996,4165.234342531368,736.8295483635002,1661.9426055942183,23
3.3499999999999996,3.3499999999999996,3.3499999999999996,4517.706065849303,799.1817617915256,1802.580016620002,23
3.3499999999999996,3.3499999999999996,3.3499999999999996,4722.117270810929,835.3420839838128,1884.1407795085834,23
3.3499999999999996,3.3499999999999996,3.3499999999999996,4301.423399929799,760.9213793153094,1716.282500614054,23
3.3499999999999996,3.3499999999999996,3.3499999999999996,4070.037685555288,719.9892690425602,1623.958817137664,23
3.3499999999999996,3.3499999999999996,3.3499999999999996,4136.4680789354425,731.7407991430636,1650.4647690207382,23
3.3499999999999996,3.3499999999999996,3.3499999999999996,4300.87405352661,760.8241999902415,1716.0633095391684,23
3.3499999999999996,3.3499999999999996,3.3499999999999996,4373.993819450928,773.7590794404375,1745.2383437166807,23
3.3499999999999996,3.3499999999999996,3.3499999999999996,4221.725091816278,746.8227563943884,1684.4826058289893,23
3.3499999999999996,3.3499999999999996,3.3499999999999996,4219.840099325404,746.4893014068648,1683.730487442799,23
3.3499999999999996,3.3499999999999996,3.3499999999999996,4606.026618813916,814.8056589844459,1837.8202162944153,23
3.3499999999999996,3.3499999999999996,3.3499999999999996,4320.783386028687,764.3461589652578,1724.0072006178239,23
3.3499999999999996,3.3499999999999996,3.3499999999999996,4344.93013795477,768.6177170224998,1733.6418363939904,23
3.3499999999999996,3.3499999999999996,3.3499999999999996,4318.740943397122,763.9848510632248,1723.1922590923925,23
3.3499999999999996,3.3499999999999996,3.3499999999999996,4440.067242969182,785.4474616072373,1771.6018634162044,23
3.3499999999999996,3.3499999999999996,3.3499999999999996,4415.362879636959,781.0772621467128,1761.7447388009905,23
3.3499999999999996,3.3499999999999996,3.3499999999999996,4339.996821843624,767.745013884289,1731.6734265620971,23
3.3499999999999996,3.3499999999999996,3.3499999999999996,4487.417465443787,793.8237113381637,1790.494762505067,23
3.3499999999999996,3.3499999999999996,3.3499999999999996,4662.598731358312,824.8132601679903,1860.3926807452067,23
3.3499999999999996,3.3499999999999996,3.3499999999999996,4587.5824647824975,811.5428899377808,1830.4609363864506,23
3.3499999999999996,3.3499999999999996,3.3499999999999996,4463.884223079351,789.6606830624538,1781.1049191212587,23
3.3499999999999996,3.3499999999999996,3.3499999999999996,4314.508506490806,763.2361333878919,1721.5035024363099,23
3.3499999999999996,3.3499999999999996,3.3499999999999996,4252.055036790695,752.1881206979505,1696.5843565669031,23
3.3499999999999996,3.3499999999999996,3.3499999999999996,4220.176579077278,746.5488246421065,1683.8647440030722,23
3.3499999999999996,3.3499999999999996,3.3499999999999996,4093.6365027211264,724.1638974942332,1633.3748250892597,23
3.3499999999999996,3.3499999999999996,3.3499999999999996,4094.22823226068,724.2685743919841,1633.6109271790588,23
3.3499999999999996,3.3499999999999996,3.3499999999999996,4030.6837230297924,713.0275569156133,1608.2564528427586,23
3.3499999999999996,3.3499999999999996,3.3499999999999996,4157.097204010638,735.3900893539603,1658.6958597731889,23
3.3499999999999996,3.3499999999999996,3.3499999999999996,4086.6628807901843,722.9302644557832,1630.5923263270663,23
3.3499999999999996,3.3499999999999996,3.3499999999999996,3883.0824810983113,686.9169116345681,1549.3630575541115,23
3.3499999999999996,3.3499999999999996,3.3499999999999996,4205.660468282765,743.9809260603871,1678.0727666464595,23
3.3499999999999996,3.3499999999999996,3.3499999999999996,4066.1797038567443,719.3067924569079,1622.4194693773375,23
3.3499999999999996,3.3499999999999996,3.3499999999999996,4276.5555338539725,756.5222562354107,1706.3601378505434,23
3.3499999999999996,3.3499999999999996,3.3499999999999996,4010.565919208173,709.468719384532,1600.22938100175,23
3.3499999999999996,3.3499999999999996,3.3499999999999996,4131.157023433477,730.8012739435117,1648.3456398929331,23
3.3499999999999996,3.3499999999999996,3.3499999999999996,4344.836848241909,768.6012140814067,1733.6046134826927,23
3.3499999999999996,3.3499999999999996,3.3499999999999996,4083.289025007573,722.3334296973732,1629.246146446382,23
3.3499999999999996,3.3499999999999996,3.3499999999999996,4431.957022613469,784.01276441846,1768.3658580341578,23
3.3499999999999996,3.3499999999999996,3.3499999999999996,4348.119987070965,769.182001019593,1734.9145969917533,23
3.3499999999999996,3.3499999999999996,3.3499999999999996,4429.194900548467,783.5241452949455,1767.2637619780473,23
3.3499999999999996,3.3499999999999996,3.3499999999999996,4192.951441034081,741.7327003814219,1673.0018217431743,23
3.3499999999999996,3.3499999999999996,3.3499999999999996,4208.1755095103645,744.4258366078982,1679.0762766118635,23
3.3499999999999996,3.3499999999999996,3.3499999999999996,4046.8192604386195,715.881931907231,1614.694586901644,23
3.3499999999999996,3.3499999999999996,3.3499999999999996,4485.331831112254,793.4547628286255,1789.6625873451069,23
3.3499999999999996,3.3499999999999996,3.3499999999999996,4269.7846326153385,755.3244844676296,1703.6585253309665,23
3.3499999999999996,3.3499999999999996,3.3499999999999996,4427.731041789956,783.265188823544,1766.6796773769724,23
3.3499999999999996,3.3499999999999996,3.3499999999999996,4186.554024183256,740.6009979653649,1670.449230758901,23
3.3499999999999996,3.3499999999999996,3.3499999999999996,4224.7443998045765,747.356871682614,1685.687319939292,23
3.3499999999999996,3.3499999999999996,3.3499999999999996,4306.11596847494,761.751494232608,1718.1548513519722,23
3.3499999999999996,3.3499999999999996,3.3499999999999996,4087.606612989727,723.097210589705,1630.968878670035,23
3.3499999999999996,3.3499999999999996,3.3499999999999996,4135.839093800432,731.6295317341152,1650.2138018222092,23
3.3499999999999996,3.3499999999999996,3.3499999999999996,4263.142121483933,754.1494248972768,1701.008140898885,23
3.3499999999999996,3.3499999999999996,3.3499999999999996,4312.899887819077,762.9515689019813,1720.861658139723,23
3.3499999999999996,3.3499999999999996,3.3499999999999996,4205.989669064696,744.0391616465565,1678.2041188730793,23
3.3499999999999996,3.3499999999999996,3.3499999999999996,3943.840431945329,697.6649872050033,1573.6056856603345,23
3.3499999999999996,3.3499999999999996,3.3499999999999996,4254.8555517182895,752.6835315151077,1697.7017715051807,23
3.3499999999999996,3.3499999999999996,3.3499999999999996,4409.256227362857,779.9969959558782,1759.3081638673184,23
3.3499999999999996,3.3499999999999996,3.3499999999999996,4407.220081144096,779.6368018886556,1758.4957346319152,23
3.3499999999999996,3.3499999999999996,3.3499999999999996,4306.803084701514,761.8730450259766,1718.4290130528589,23
3.3499999999999996,3.3499999999999996,3.3499999999999996,4174.622123711389,738.4902459373142,1665.6883620708134,23
