3.3499999999999996,3.3499999999999996,3.3499999999999996,2141.150237697353,723.4705934268077,1160.070033005885,1
3.3499999999999996,3.3499999999999996,3.3499999999999996,2157.765823018109,729.0848129058988,1169.0723170456033,1
3.3499999999999996,3.3499999999999996,3.3499999999999996,2248.935860439961,759.8901435711886,1218.4680233622494,1
3.3499999999999996,3.3499999999999996,3.3499999999999996,2232.583111266436,754.3647334713108,1209.6081433129775,1
3.3499999999999996,3.3499999999999996,3.3499999999999996,2316.899103385559,782.8541592854436,1255.2903444208016,1
3.3499999999999996,3.3499999999999996,3.3499999999999996,2525.0412104555007,853.1830372258067,1368.0612358638107,1
3.3499999999999996,3.3499999999999996,3.3499999999999996,2520.5894165211757,851.6788261047117,1365.6492646506733,1
3.3499999999999996,3.3499999999999996,3.3499999999999996,2283.693002480989,771.6341911095276,1237.2993590643564,1
3.3499999999999996,3.3499999999999996,3.3499999999999996,2611.085052221791,882.2562840103601,1414.6795817418276,1
3.3499999999999996,3.3499999999999996,3.3499999999999996,2558.170323829925,864.3769921808196,1386.0105095621639,1
3.3499999999999996,3.3499999999999996,3.3499999999999996,2372.8760564899,801.7681424182545,1285.6185225617041,1
3.3499999999999996,3.3499999999999996,3.3499999999999996,2657.6879863103536,898.0028915051907,1439.9289389959129,1
3.3499999999999996,3.3499999999999996,3.3499999999999996,2519.569242376984,851.3341207307014,1365.096536760641,1
3.3499999999999996,3.3499999999999996,3.3499999999999996,2939.8185743504187,993.3316453495303,1592.7866109225615,1
3.3499999999999996,3.3499999999999996,3.3499999999999996,2842.2338614328014,960.3588679512391,1539.915448898474,1
3.3499999999999996,3.3499999999999996,3.3499999999999996,2649.151141356203,895.1183875707006,1435.3036969959035,1
3.3499999999999996,3.3499999999999996,3.3499999999999996,2550.985965216319,861.9494781754657,1382.1180413984282,1
3.3499999999999996,3.3499999999999996,3.3499999999999996,2584.6740647220913,873.3323082598569,1400.3701724341256,1
3.3499999999999996,3.3499999999999996,3.3499999999999996,2771.1519601935343,936.341092661083,1501.4034463005446,1
3.3499999999999996,3.3499999999999996,3.3499999999999996,2579.2418206083826,871.4968140458635,1397.426995679251,1
3.3499999999999996,3.3499999999999996,3.3499999999999996,2702.826035444865,913.2545308430224,1464.3846251161015,1
3.3499999999999996,3.3499999999999996,3.3499999999999996,2635.3074245326798,890.4407512940804,1427.803204620525,1
3.3499999999999996,3.3499999999999996,3.3499999999999996,2635.702866015296,890.5743665253038,1428.0174538617573,1
3.3499999999999996,3.3499999999999996,3.3499999999999996,2656.73074894885,897.6794517624841,1439.4103101028986,1
3.3499999999999996,3.3499999999999996,3.3499999999999996,2711.994234412258,916.3523622005864,1469.3519331972689,1
3.3499999999999996,3.3499999999999996,3.3499999999999996,2769.7015952610063,935.8510306561164,1500.617642079278,1
3.3499999999999996,3.3499999999999996,3.3499999999999996,2866.035739320981,968.401254896936,1552.8112489134405,1
3.3499999999999996,3.3499999999999996,3.3499999999999996,2481.6965524670413,838.5373645940176,1344.5772047397845,1
3.3499999999999996,3.3499999999999996,3.3499999999999996,2354.149780719977,795.4407443658366,1275.472671528918,1
3.3499999999999996,3.3499999999999996,3.3499999999999996,2450.866566548504,828.1202589583988,1327.8735927501132,1
3.3499999999999996,3.3499999999999996,3.3499999999999996,2621.2487211486737,885.6904734756604,1420.186233045358,1
3.3499999999999996,3.3499999999999996,3.3499999999999996,2397.979538025365,810.2503266030848,1299.2195282924968,1
3.3499999999999996,3.3499999999999996,3.3499999999999996,2745.5491710588976,927.6901980519609,1487.5319169171596,1
3.3499999999999996,3.3499999999999996,3.3499999999999996,2276.5797783323146,769.2307126401448,1233.4454313821004,1
3.3499999999999996,3.3499999999999996,3.3499999999999996,2003.053586848927,676.8092876573395,1085.2496007507339,1
3.3499999999999996,3.3499999999999996,3.3499999999999996,2423.049392020814,818.7211484202013,1312.8023147032386,1
3.3499999999999996,3.3499999999999996,3.3499999999999996,2491.418061455386,841.8221531870713,1349.844294855378,1
3.3499999999999996,3.3499999999999996,3.3499999999999996,2405.8583365064337,812.9124840324109,1303.4882423010051,1
3.3499999999999996,3.3499999999999996,3.3499999999999996,2270.3429160088986,767.1233469790152,1230.0663144224427,1
3.3499999999999996,3.3499999999999996,3.3499999999999996,2307.140492158653,779.5568342631027,1250.0031524018693,1
3.3499999999999996,3.3499999999999996,3.3499999999999996,2411.0070241930175,814.652167717563,1306.2777888677774,1
3.3499999999999996,3.3499999999999996,3.3499999999999996,2560.050222921011,865.0121889489236,1387.029034354235,1
3.3499999999999996,3.3499999999999996,3.3499999999999996,2443.628506569603,825.6745998654497,1323.9520293162216,1
3.3499999999999996,3.3499999999999996,3.3499999999999996,2680.0752696840473,905.5673028680283,1452.0583151158073,1
3.3499999999999996,3.3499999999999996,3.3499999999999996,2690.158793787549,908.9744122985364,1457.5215441473883,1
3.3499999999999996,3.3499999999999996,3.3499999999999996,2480.349314405611,838.0821479993904,1343.8472744084727,1
3.3499999999999996,3.3499999999999996,3.3499999999999996,2316.3208432857423,782.6587716988074,1254.9770444938417,1
3.3499999999999996,3.3499999999999996,3.3499999999999996,2403.3017211325828,812.0486324403463,1302.1030742595906,1
3.3499999999999996,3.3499999999999996,3.3499999999999996,2450.599500657418,828.0300203962902,1327.728897094651,1
3.3499999999999996,3.3499999999999996,3.3499999999999996,2106.6500745164362,711.8133761562146,1141.377927830194,1
3.3499999999999996,3.3499999999999996,3.3499999999999996,2190.3263865322037,740.0866612550304,1186.713551801324,1
3.3499999999999996,3.3499999999999996,3.3499999999999996,2463.2538272013194,832.3057750691515,1334.5849806860751,1
3.3499999999999996,3.3499999999999996,3.3499999999999996,2583.6581253726918,872.9890337753975,1399.8197389456948,1
3.3499999999999996,3.3499999999999996,3.3499999999999996,2538.7286019937615,857.8078529460245,1375.4770315767869,1
3.3499999999999996,3.3499999999999996,3.3499999999999996,2433.967038364622,822.4100983780866,1318.7174691521996,1
3.3499999999999996,3.3499999999999996,3.3499999999999996,2555.57233433032,863.4991607368115,1384.6029251192351,1
3.3499999999999996,3.3499999999999996,3.3499999999999996,2493.4082017327937,842.4945992126463,1350.922548056228,1
3.3499999999999996,3.3499999999999996,3.3499999999999996,2742.610201645213,926.6971533284534,1485.939590379437,1
3.3499999999999996,3.3499999999999996,3.3499999999999996,2375.3409483772225,802.6010016754227,1286.9539950394117,1
3.3499999999999996,3.3499999999999996,3.3499999999999996,2463.8097022078405,832.4935989844279,1334.8861524234942,1
3.3499999999999996,3.3499999999999996,3.3499999999999996,2163.2439402911655,708.9971591058718,1165.0864135835357,2
3.3499999999999996,3.3499999999999996,3.3499999999999996,2180.0309754214845,714.499062980663,1174.127625344449,2
3.3499999999999996,3.3499999999999996,3.3499999999999996,2272.1417612582777,744.6881157568865,1223.7369288187977,2
3.3499999999999996,3.3499999999999996,3.3499999999999996,2255.620274379911,739.2732445799492,1214.838736832371,2
3.3499999999999996,3.3499999999999996,3.3499999999999996,2340.8062906668783,767.1927234783285,1260.7184771402965,2
3.3499999999999996,3.3499999999999996,3.3499999999999996,2551.0961357749493,836.11463283561,1373.9770130301608,2
3.3499999999999996,3.3499999999999996,3.3499999999999996,2546.5984054978762,834.6405143002588,1371.554611959168,2
3.3499999999999996,3.3499999999999996,3.3499999999999996,2307.257548828118,756.1972170482699,1242.64969507594,2
3.3499999999999996,3.3499999999999996,3.3499999999999996,2638.0278307224617,864.6062530389925,1420.7969461901273,2
3.3499999999999996,3.3499999999999996,3.3499999999999996,2584.5670956789654,847.0846464538151,1392.0039030666678,2
3.3499999999999996,3.3499999999999996,3.3499999999999996,2397.3608483373164,785.7283217878901,1291.1778005392032,2
3.3499999999999996,3.3499999999999996,3.3499999999999996,2685.1116424942543,880.0378408337484,1446.1554868398048,2
3.3499999999999996,3.3499999999999996,3.3499999999999996,2545.567704570585,834.3027049502703,1370.9994939604585,2
3.3499999999999996,3.3499999999999996,3.3499999999999996,2970.1534271402516,973.4594895791406,1599.6741466678566,2
3.3499999999999996,3.3499999999999996,3.3499999999999996,2871.56177524799,941.1463510554477,1546.5743589032973,2
3.3499999999999996,3.3499999999999996,3.3499999999999996,2676.486709133141,877.2110430156143,1441.5102443454496,2
3.3499999999999996,3.3499999999999996,3.3499999999999996,2577.308604442743,844.7056962253986,1388.0946030728355,2
3.3499999999999996,3.3499999999999996,3.3499999999999996,2611.344318440169,855.8608064202606,1406.4256600638835,2
3.3499999999999996,3.3499999999999996,3.3499999999999996,2799.7464073149185,917.6090648084618,1507.8958225131464,2
3.3499999999999996,3.3499999999999996,3.3499999999999996,2605.856021096868,854.0620322957827,1403.4697564095197,2
3.3499999999999996,3.3499999999999996,3.3499999999999996,2730.7154537297547,894.9843625866386,1470.7169243589394,2
3.3499999999999996,3.3499999999999996,3.3499999999999996,2662.500144340845,872.626985471899,1433.9773183038233,2
3.3499999999999996,3.3499999999999996,3.3499999999999996,2662.899666231439,872.7579276556056,1434.1924940026845,2
3.3499999999999996,3.3499999999999996,3.3499999999999996,2684.144527770012,879.7208716842013,1445.6346152891647,2
3.3499999999999996,3.3499999999999996,3.3499999999999996,2739.978255802404,898.0202200932982,1475.7057120982938,2
3.3499999999999996,3.3499999999999996,3.3499999999999996,2798.2810766266452,917.1288067683088,1507.1066203133776,2
3.3499999999999996,3.3499999999999996,3.3499999999999996,2895.6092555240725,949.0278455470497,1559.5259230005065,2
3.3499999999999996,3.3499999999999996,3.3499999999999996,2507.3042209962996,821.761955085504,1350.3914321425314,2
3.3499999999999996,3.3499999999999996,3.3499999999999996,2378.4413433580344,779.5275068764682,1280.988076767172,2
3.3499999999999996,3.3499999999999996,3.3499999999999996,2476.1561123566835,811.5532494810698,1333.6155903112324,2
3.3499999999999996,3.3499999999999996,3.3499999999999996,2648.2963746247565,867.9717396211025,1426.3274093824755,2
3.3499999999999996,3.3499999999999996,3.3499999999999996,2422.723363006164,794.0408151285966,1304.837619806285,2
3.3499999999999996,3.3499999999999996,3.3499999999999996,2773.879432884569,909.1312361899688,1493.9643097937544,2
3.3499999999999996,3.3499999999999996,3.3499999999999996,2300.070926065906,753.8418215114688,1238.779102220528,2
3.3499999999999996,3.3499999999999996,3.3499999999999996,2023.7223234224532,663.2693388858087,1089.942442444957,2
3.3499999999999996,3.3499999999999996,3.3499999999999996,2448.0519031453946,802.3421734121177,1318.4791409692432,2
3.3499999999999996,3.3499999999999996,3.3499999999999996,2517.1260424823713,824.9810296434721,1355.6812982352678,2
3.3499999999999996,3.3499999999999996,3.3499999999999996,2430.6834597667153,796.6497146079032,1309.124792609034,2
3.3499999999999996,3.3499999999999996,3.3499999999999996,2293.7697079682584,751.7766148803858,1235.3853732665907,2
3.3499999999999996,3.3499999999999996,3.3499999999999996,2330.946984098571,763.9613632893604,1255.4084222194706,2
3.3499999999999996,3.3499999999999996,3.3499999999999996,2435.8852747736023,798.3545949468169,1311.9264017468754,2
3.3499999999999996,3.3499999999999996,3.3499999999999996,2586.466392722934,847.707135754902,1393.0268321686856,2
3.3499999999999996,3.3499999999999996,3.3499999999999996,2468.843365631512,809.156517167695,1329.6770692333328,2
3.3499999999999996,3.3499999999999996,3.3499999999999996,2707.7299316012372,887.450921911663,1458.3373128679425,2
3.3499999999999996,3.3499999999999996,3.3499999999999996,2717.917503696663,890.7898702102406,1463.8241660215376,2
3.3499999999999996,3.3499999999999996,3.3499999999999996,2505.943081305489,821.3158453537459,1349.6583454428687,2
3.3499999999999996,3.3499999999999996,3.3499999999999996,2340.2220637243604,767.0012447297682,1260.4038224402416,2
3.3499999999999996,3.3499999999999996,3.3499999999999996,2428.1004636659436,795.8031448506421,1307.7336348171195,2
3.3499999999999996,3.3499999999999996,3.3499999999999996,2475.8862907157827,811.4648161919242,1333.4702689621006,2
3.3499999999999996,3.3499999999999996,3.3499999999999996,2128.387783247073,697.5731509941081,1146.313479914141,2
3.3499999999999996,3.3499999999999996,3.3499999999999996,2212.927518818682,725.2808131932056,1191.8451444148025,2
3.3499999999999996,3.3499999999999996,3.3499999999999996,2488.671192369391,815.6550319983929,1340.35599966412,2
3.3499999999999996,3.3499999999999996,3.3499999999999996,2610.317896004882,855.5243993340752,1405.8728463882378,2
3.3499999999999996,3.3499999999999996,3.3499999999999996,2564.924762221722,840.6469265277301,1381.4248761636586,2
3.3499999999999996,3.3499999999999996,3.3499999999999996,2459.0822044664656,805.9573238605083,1324.4198737583447,2
3.3499999999999996,3.3499999999999996,3.3499999999999996,2581.942298528811,846.2243765193767,1390.5902319401252,2
3.3499999999999996,3.3499999999999996,3.3499999999999996,2519.1367182488984,825.6400230097764,1356.7642140239457,2
3.3499999999999996,3.3499999999999996,3.3499999999999996,2770.910137380255,908.1580578821995,1492.365097709738,2
3.3499999999999996,3.3499999999999996,3.3499999999999996,2399.851174492317,786.5445192292681,1292.519047873608,2
3.3499999999999996,3.3499999999999996,3.3499999999999996,2489.232803235478,815.8390983910741,1340.6584737298563,2
3.3499999999999996,3.3499999999999996,3.3499999999999996,2143.360498823294,721.984414112271,1160.509599548714,3
3.3499999999999996,3.3499999999999996,3.3499999999999996,2159.9932360382395,727.5871006597778,1169.5152946780736,3
3.3499999999999996,3.3499999999999996,3.3499999999999996,2251.2573862346253,758.3291499068209,1218.9297177094334,3
3.3499999999999996,3.3499999999999996,3.3499999999999996,2234.8877564867416,752.8150903031056,1210.0664805293577,3
3.3499999999999996,3.3499999999999996,3.3499999999999996,2319.290786103932,781.2459921140343,1255.765991253531,3
3.3499999999999996,3.3499999999999996,3.3499999999999996,2527.6477535791964,851.4303979437695,1368.5796131433863,3
3.3499999999999996,3.3499999999999996,3.3499999999999996,2523.191364158343,849.9292768272622,1366.1667280010747,3
3.3499999999999996,3.3499999999999996,3.3499999999999996,2286.0504072899093,770.0490724003005,1237.7681888644845,3
3.3499999999999996,3.3499999999999996,3.3499999999999996,2613.780416463797,880.4439214190822,1415.2156233559238,3
3.3499999999999996,3.3499999999999996,3.3499999999999996,2560.8110653905824,862.6013578738936,1386.5356880692184,3
3.3499999999999996,3.3499999999999996,3.3499999999999996,2375.325522955166,800.1211214624028,1286.1056611596168,3
3.3499999999999996,3.3499999999999996,3.3499999999999996,2660.431457710726,896.158181666429,1440.4745479398778,3
3.3499999999999996,3.3499999999999996,3.3499999999999996,2522.170136911378,849.5852795594296,1365.613790674818,3
3.3499999999999996,3.3499999999999996,3.3499999999999996,2942.8532827972185,991.2911077558724,1593.390139747639,3
3.3499999999999996,3.3499999999999996,3.3499999999999996,2845.167835380148,958.3860642228651,1540.4989441107134,3
3.3499999999999996,3.3499999999999996,3.3499999999999996,2651.885800363961,893.2796031836699,1435.847553371853,3
3.3499999999999996,3.3499999999999996,3.3499999999999996,2553.619290525525,860.178830555122,1382.6417449955854,3
3.3499999999999996,3.3499999999999996,3.3499999999999996,2587.342165497041,871.5382776205402,1400.9007920155855,3
3.3499999999999996,3.3499999999999996,3.3499999999999996,2774.012557896514,934.4176271105729,1501.9723487835888,3
3.3499999999999996,3.3499999999999996,3.3499999999999996,2581.904313800184,869.7065539447793,1397.9565000504265,3
3.3499999999999996,3.3499999999999996,3.3499999999999996,2705.6161018358857,911.378490538168,1464.9395006569914,3
3.3499999999999996,3.3499999999999996,3.3499999999999996,2638.027792983617,888.6115758757328,1428.344218956417,3
3.3499999999999996,3.3499999999999996,3.3499999999999996,2638.4236426715624,888.7449166297422,1428.558549379643,3
3.3499999999999996,3.3499999999999996,3.3499999999999996,2659.4732322146715,895.8354063452751,1439.9557225312199,3
3.3499999999999996,3.3499999999999996,3.3499999999999996,2714.7937649284095,914.4699582191356,1469.9086909197322,3
3.3499999999999996,3.3499999999999996,3.3499999999999996,2772.5606957849595,933.9285718086029,1501.1862468102595,3
3.3499999999999996,3.3499999999999996,3.3499999999999996,2868.994283410345,966.411930208033,1553.3996305222493,3
3.3499999999999996,3.3499999999999996,3.3499999999999996,2484.258351877343,836.8148109794708,1345.0866835959207,3
3.3499999999999996,3.3499999999999996,3.3499999999999996,2356.579916472882,793.8067213786459,1275.955965723876,3
3.3499999999999996,3.3499999999999996,3.3499999999999996,2453.396540859292,826.4191045369273,1328.3767423771808,3
3.3499999999999996,3.3499999999999996,3.3499999999999996,2623.95457711701,883.8710562488633,1420.7243612056168,3
3.3499999999999996,3.3499999999999996,3.3499999999999996,2400.4549182487535,808.5858812393966,1299.7118204991552,3
3.3499999999999996,3.3499999999999996,3.3499999999999996,2748.3833395797756,925.784503480309,1488.0955632863127,3
3.3499999999999996,3.3499999999999996,3.3499999999999996,2278.929840320288,767.6505312428369,1233.9128008758507,3
3.3499999999999996,3.3499999999999996,3.3499999999999996,2005.1212939150835,675.4189616754109,1085.6608167993654,3
3.3499999999999996,3.3499999999999996,3.3499999999999996,2425.550651289374,817.039301989661,1313.2997536150922,3
3.3499999999999996,3.3499999999999996,3.3499999999999996,2493.9898961602803,840.0928518416503,1350.3557694846372,3
3.3499999999999996,3.3499999999999996,3.3499999999999996,2408.3418498358956,811.2425699691796,1303.982151982304,3
3.3499999999999996,3.3499999999999996,3.3499999999999996,2272.6865398244827,765.5474946080454,1230.53240352215,3
3.3499999999999996,3.3499999999999996,3.3499999999999996,2309.522101282629,777.9554405753508,1250.476795844587,3
3.3499999999999996,3.3499999999999996,3.3499999999999996,2413.49585239672,812.9786799335334,1306.7727555467623,3
3.3499999999999996,3.3499999999999996,3.3499999999999996,2562.6929050591243,863.2352497979498,1387.5545987943874,3
3.3499999999999996,3.3499999999999996,3.3499999999999996,2446.1510091942305,823.9784694048512,1324.453693008792,3
3.3499999999999996,3.3499999999999996,3.3499999999999996,2682.8418509724065,903.7070539433711,1452.6085200477526,3
3.3499999999999996,3.3499999999999996,3.3499999999999996,2692.935784070544,907.1071643671414,1458.0738191721982,3
3.3499999999999996,3.3499999999999996,3.3499999999999996,2482.909723092431,836.3605295071454,1344.356476683935,3
3.3499999999999996,3.3499999999999996,3.3499999999999996,2318.7119290792493,781.0510058996058,1255.4525726129054,3
3.3499999999999996,3.3499999999999996,3.3499999999999996,2405.782595325624,810.3804929321261,1302.5964590816047,3
3.3499999999999996,3.3499999999999996,3.3499999999999996,2453.1291992821066,826.3290513461185,1328.2319918945382,3
3.3499999999999996,3.3499999999999996,3.3499999999999996,2108.824721901606,710.3511435166778,1141.8104116764468,3
3.3499999999999996,3.3499999999999996,3.3499999999999996,2192.58741108809,738.5663486163204,1187.1632139410672,3
3.3499999999999996,3.3499999999999996,3.3499999999999996,2465.7965886020534,830.5960226099423,1335.090673350639,3
3.3499999999999996,3.3499999999999996,3.3499999999999996,2586.325177416352,871.1957083028732,1400.3501499603105,3
3.3499999999999996,3.3499999999999996,3.3499999999999996,2541.3492743032098,856.0457132011912,1375.9982188036856,3
3.3499999999999996,3.3499999999999996,3.3499999999999996,2436.4795676734043,820.7206739738597,1319.2171493976937,3
3.3499999999999996,3.3499999999999996,3.3499999999999996,2558.210394044979,861.7253297028115,1385.1275702731216,3
3.3499999999999996,3.3499999999999996,3.3499999999999996,2495.982090814636,840.7639165044133,1351.4344312505036,3
3.3499999999999996,3.3499999999999996,3.3499999999999996,2745.4413363342132,924.79349870499,1486.502633394093,3
3.3499999999999996,3.3499999999999996,3.3499999999999996,2377.792959294822,800.9522698301289,1287.441639666274,3
3.3499999999999996,3.3499999999999996,3.3499999999999996,2466.3530374258135,830.783460690576,1335.391959206185,3
3.3499999999999996,3.3499999999999996,3.3499999999999996,2141.37127262865,723.3215956422544,1160.1134212844115,4
3.3499999999999996,3.3499999999999996,3.3499999999999996,2157.988573207259,728.9346588804812,1169.116042022429,4
3.3499999999999996,3.3499999999999996,3.3499999999999996,2249.1680222820637,759.7336452298259,1218.513595809144,4
3.3499999999999996,3.3499999999999996,3.3499999999999996,2232.8135849837518,754.2093730806412,1209.653384387686,4
3.3499999999999996,3.3499999999999996,3.3499999999999996,2317.1382811999515,782.6929315362833,1255.337294075172,4
3.3499999999999996,3.3499999999999996,3.3499999999999996,2525.301875167695,853.0073253399055,1368.1124033108213,4
3.3499999999999996,3.3499999999999996,3.3499999999999996,2520.8496216663816,851.5034240090444,1365.700341886511,4
3.3499999999999996,3.3499999999999996,3.3499999999999996,2283.928752367671,771.4752740975498,1237.3456358301419,4
3.3499999999999996,3.3499999999999996,3.3499999999999996,2611.354599400203,882.0745845288332,1414.7324927816544,4
3.3499999999999996,3.3499999999999996,3.3499999999999996,2558.4344085222638,864.1989749151226,1386.0623483376846,4
3.3499999999999996,3.3499999999999996,3.3499999999999996,2373.1210129095325,801.6030193599973,1285.6666065333168,4
3.3499999999999996,3.3499999999999996,3.3499999999999996,2657.9623443965447,897.8179490312707,1439.982794397816,4
3.3499999999999996,3.3499999999999996,3.3499999999999996,2519.829342207711,851.1587896266373,1365.1475933236652,4
3.3499999999999996,3.3499999999999996,3.3499999999999996,2940.122057303257,993.1270700484348,1592.846183420033,4
3.3499999999999996,3.3499999999999996,3.3499999999999996,2842.5272705337743,960.1610833487944,1539.9730439388622,4
3.3499999999999996,3.3499999999999996,3.3499999999999996,2649.4246181679723,894.9340391564418,1435.3573794071401,4
3.3499999999999996,3.3499999999999996,3.3499999999999996,2551.2493082539227,861.7719608529761,1382.1697345900727,4
3.3499999999999996,3.3499999999999996,3.3499999999999996,2584.9408854450194,873.1524466589958,1400.4225482815775,4
3.3499999999999996,3.3499999999999996,3.3499999999999996,2771.438031377307,936.1482544867877,1501.4596009369502,4
3.3499999999999996,3.3499999999999996,3.3499999999999996,2579.5080805506227,871.3173304625387,1397.4792614476814,4
3.3499999999999996,3.3499999999999996,3.3499999999999996,2703.10505321603,913.0664473147285,1464.4393951956451,4
3.3499999999999996,3.3499999999999996,3.3499999999999996,2635.579472231749,890.25736623265,1427.856606502619,4
3.3499999999999996,3.3499999999999996,3.3499999999999996,2635.974954536527,890.3909539459984,1428.0708637570792,4
3.3499999999999996,3.3499999999999996,3.3499999999999996,2657.0050082176435,897.4945759005386,1439.4641461073395,4
3.3499999999999996,3.3499999999999996,3.3499999999999996,2712.274198633697,916.1636406781382,1469.4068890612402,4
3.3499999999999996,3.3499999999999996,3.3499999999999996,2769.9875167209034,935.658293409424,1500.673767325482,4
3.3499999999999996,3.3499999999999996,3.3499999999999996,2866.331605534188,968.2018139758409,1552.8693262751942,4
3.3499999999999996,3.3499999999999996,3.3499999999999996,2481.952742629374,838.3646689644719,1344.6274938504414,4
3.3499999999999996,3.3499999999999996,3.3499999999999996,2354.392803991246,795.2769244266011,1275.5203760311897,4
3.3499999999999996,3.3499999999999996,3.3499999999999996,2451.1195740739067,827.9497087175876,1327.9232571217901,4
3.3499999999999996,3.3499999999999996,3.3499999999999996,2621.5193175415798,885.5080667274844,1420.2393500418198,4
3.3499999999999996,3.3499999999999996,3.3499999999999996,2398.2270859242026,810.0834566505333,1299.2681209611774,4
3.3499999999999996,3.3499999999999996,3.3499999999999996,2745.832599219011,927.4991415176422,1487.5875527385256,4
3.3499999999999996,3.3499999999999996,3.3499999999999996,2276.8147939076052,769.0722906212882,1233.491564005478,4
3.3499999999999996,3.3499999999999996,3.3499999999999996,2003.26036580547,676.6698997052343,1085.2901906380753,4
3.3499999999999996,3.3499999999999996,3.3499999999999996,2423.2995279274237,818.5525339134198,1312.8514153875594,4
3.3499999999999996,3.3499999999999996,3.3499999999999996,2491.6752551872173,841.6487810597832,1349.8947809627382,4
3.3499999999999996,3.3499999999999996,3.3499999999999996,2406.106697748329,812.7450658121583,1303.5369946256956,4
3.3499999999999996,3.3499999999999996,3.3499999999999996,2270.5772877412624,766.9653589692497,1230.1123206620123,4
3.3499999999999996,3.3499999999999996,3.3499999999999996,2307.3786625734133,779.3962855935449,1250.049904307696,4
3.3499999999999996,3.3499999999999996,3.3499999999999996,2411.2559169435426,814.4843912118221,1306.3266455254995,4
3.3499999999999996,3.3499999999999996,3.3499999999999996,2560.314501678838,864.8340408653162,1387.0809112240402,4
3.3499999999999996,3.3499999999999996,3.3499999999999996,2443.8807668965783,825.5045533048021,1324.0015470158164,4
3.3499999999999996,3.3499999999999996,3.3499999999999996,2680.351938851243,905.3808025138778,1452.1126241737268,4
3.3499999999999996,3.3499999999999996,3.3499999999999996,2690.436503895739,908.7872102548337,1457.576057537888,4
3.3499999999999996,3.3499999999999996,3.3499999999999996,2480.6053654900466,837.909546121083,1343.8975362186916,4
3.3499999999999996,3.3499999999999996,3.3499999999999996,2316.559961405266,782.4975841894544,1255.023982430347,4
3.3499999999999996,3.3499999999999996,3.3499999999999996,2403.5498184503062,811.8813921291539,1302.151774777015,4
3.3499999999999996,3.3499999999999996,3.3499999999999996,2450.852480613111,827.8594887399885,1327.7785560545033,4
3.3499999999999996,3.3499999999999996,3.3499999999999996,2106.8675479315607,711.6667791597005,1141.4206169972506,4
3.3499999999999996,3.3499999999999996,3.3499999999999996,2190.5524980090354,739.9342414139111,1186.7579365855624,4
3.3499999999999996,3.3499999999999996,3.3499999999999996,2463.5081134867355,832.1343628269916,1334.6348960732603,4
3.3499999999999996,3.3499999999999996,3.3499999999999996,2583.9248412183065,872.8092428714493,1399.872094206147,4
3.3499999999999996,3.3499999999999996,3.3499999999999996,2538.990679680905,857.6311885856169,1375.5284763851648,4
3.3499999999999996,3.3499999999999996,3.3499999999999996,2434.2183013202202,822.2407241370792,1318.7667910717573,4
3.3499999999999996,3.3499999999999996,3.3499999999999996,2555.8361508273583,863.3213242593063,1384.6547112490844,4
3.3499999999999996,3.3499999999999996,3.3499999999999996,2493.665600910517,842.3210885960139,1350.973074491801,4
3.3499999999999996,3.3499999999999996,3.3499999999999996,2742.8933264100338,926.5063013103445,1485.9951666455127,4
3.3499999999999996,3.3499999999999996,3.3499999999999996,2375.5861592522406,802.4357070909346,1287.002128959605,4
3.3499999999999996,3.3499999999999996,3.3499999999999996,2464.06404587727,832.3221480601878,1334.9360790749326,4
3.3499999999999996,3.3499999999999996,3.3499999999999996,2141.1723412785823,723.4556898583006,1160.0743662025154,5
3.3499999999999996,3.3499999999999996,3.3499999999999996,2157.788098125807,729.0697936838939,1169.0766838683644,5
3.3499999999999996,3.3499999999999996,3.3499999999999996,2248.9590767167056,759.8744897562092,1218.4725746922402,5
3.3499999999999996,3.3499999999999996,3.3499999999999996,2232.606158730029,754.3491934803466,1209.6126615487578,5
3.3499999999999996,3.3499999999999996,3.3499999999999996,2316.923021262329,782.8380324093823,1255.2950332927965,5
3.3499999999999996,3.3499999999999996,3.3499999999999996,2525.067277030615,853.1654615676388,1368.0663459676562,5
3.3499999999999996,3.3499999999999996,3.3499999999999996,2520.615437139408,851.6612814334475,1365.6543657451105,5
3.3499999999999996,3.3499999999999996,3.3499999999999996,2283.7165775636217,771.6182953659625,1237.3039807348252,5
3.3499999999999996,3.3499999999999996,3.3499999999999996,2611.1120070470674,882.2381094403233,1414.6848659786601,5
3.3499999999999996,3.3499999999999996,3.3499999999999996,2558.196732404417,864.3591859260301,1386.0156867117314,5
3.3499999999999996,3.3499999999999996,3.3499999999999996,2372.900552229497,801.7516259121987,1285.623324718204,5
3.3499999999999996,3.3499999999999996,3.3499999999999996,2657.7154222283257,897.9843925534228,1439.9343175463873,5
3.3499999999999996,3.3499999999999996,3.3499999999999996,2519.5952524637264,851.3165831604032,1365.1016357904798,5
3.3499999999999996,3.3499999999999996,3.3499999999999996,2939.8489227666637,993.311182615645,1592.7925604405896,5
3.3499999999999996,3.3499999999999996,3.3499999999999996,2842.2632024598447,960.3390844599536,1539.9212009274415,5
3.3499999999999996,3.3499999999999996,3.3499999999999996,2649.1784891463813,895.09994804001,1435.3090582697635,5
3.3499999999999996,3.3499999999999996,3.3499999999999996,2551.012299625042,861.9317219277143,1382.1232040085024,5
3.3499999999999996,3.3499999999999996,3.3499999999999996,2584.7007469007326,873.314317524637,1400.3754032211814,5
3.3499999999999996,3.3499999999999996,3.3499999999999996,2771.180567425933,936.321803938435,1501.409054476059,5
3.3499999999999996,3.3499999999999996,3.3499999999999996,2579.268446708732,871.4788611220131,1397.432215472691,5
3.3499999999999996,3.3499999999999996,3.3499999999999996,2702.8539373331914,913.2357177059182,1464.3900950156267,5
3.3499999999999996,3.3499999999999996,3.3499999999999996,2635.334629411019,890.4224081231772,1427.8085378778792,5
3.3499999999999996,3.3499999999999996,3.3499999999999996,2635.7300749758674,890.5560206019132,1428.0227879193942,5
3.3499999999999996,3.3499999999999996,3.3499999999999996,2656.758174985043,897.6609594736075,1439.4156867161444,5
3.3499999999999996,3.3499999999999996,3.3499999999999996,2712.022230945989,916.3334852478382,1469.3574216511247,5
3.3499999999999996,3.3499999999999996,3.3499999999999996,2769.7301875209578,935.8317520287958,1500.6232473195867,5
3.3499999999999996,3.3499999999999996,3.3499999999999996,2866.065326060227,968.3813057316543,1552.8170491119454,5
3.3499999999999996,3.3499999999999996,3.3499999999999996,2481.722171585386,838.5200906382098,1344.582227123991,5
3.3499999999999996,3.3499999999999996,3.3499999999999996,2354.174083143968,795.4243582048308,1275.477435787734,5
3.3499999999999996,3.3499999999999996,3.3499999999999996,2450.8918674018873,828.1031995960367,1327.8785527415048,5
3.3499999999999996,3.3499999999999996,3.3499999999999996,2621.2757808958177,885.672228160968,1420.1915378511228,5
3.3499999999999996,3.3499999999999996,3.3499999999999996,2398.0042929139154,810.233635363164,1299.2243812526815,5
3.3499999999999996,3.3499999999999996,3.3499999999999996,2745.577513987877,927.67108753863,1487.5374732785053,5
3.3499999999999996,3.3499999999999996,3.3499999999999996,2276.6032799835157,769.2148664084832,1233.4500386570367,5
3.3499999999999996,3.3499999999999996,3.3499999999999996,2003.0742648269986,676.7953453165219,1085.2536544714392,5
3.3499999999999996,3.3499999999999996,3.3499999999999996,2423.0744057111733,818.7042826804814,1312.8072183990541,5
3.3499999999999996,3.3499999999999996,3.3499999999999996,2491.4437809310807,841.8048115642808,1349.8493369136875,5
3.3499999999999996,3.3499999999999996,3.3499999999999996,2405.883172729614,812.8957379517732,1303.49311120607,5
3.3499999999999996,3.3499999999999996,3.3499999999999996,2270.3663532755504,767.1075441593024,1230.070909075401,5
3.3499999999999996,3.3499999999999996,3.3499999999999996,2307.1643092950585,779.5407753122753,1250.0078215246751,5
3.3499999999999996,3.3499999999999996,3.3499999999999996,2411.0319135672726,814.635385799263,1306.282668192604,5
3.3499999999999996,3.3499999999999996,3.3499999999999996,2560.076650902129,864.9943696090155,1387.0342153082868,5
3.3499999999999996,3.3499999999999996,3.3499999999999996,2443.6537327028454,825.6575908839159,1323.9569746594411,5
3.3499999999999996,3.3499999999999996,3.3499999999999996,2680.102936711041,905.5486480886094,1452.0637389730045,5
3.3499999999999996,3.3499999999999996,3.3499999999999996,2690.186564909057,908.9556873323138,1457.526988411324,5
3.3499999999999996,3.3499999999999996,3.3499999999999996,2480.3749196161107,838.0648834210914,1343.8522940661794,5
3.3499999999999996,3.3499999999999996,3.3499999999999996,2316.3447551930017,782.6426488477506,1254.9817321955713,5
3.3499999999999996,3.3499999999999996,3.3499999999999996,2403.326530963241,812.0319041551405,1302.107937990652,5
3.3499999999999996,3.3499999999999996,3.3499999999999996,2450.6247987538195,828.0129628928515,1327.7338565455627,5
3.3499999999999996,3.3499999999999996,3.3499999999999996,2106.6718219446284,711.7987127275802,1141.3821912064125,5
3.3499999999999996,3.3499999999999996,3.3499999999999996,2190.3489977700096,740.0714153938197,1186.7179845191918,5
3.3499999999999996,3.3499999999999996,3.3499999999999996,2463.279255931214,832.2886294847278,1334.589965746439,5
3.3499999999999996,3.3499999999999996,3.3499999999999996,2583.68479706356,872.971050111667,1399.8249676767223,5
3.3499999999999996,3.3499999999999996,3.3499999999999996,2538.754809866934,857.7901820161778,1375.4821693807717,5
3.3499999999999996,3.3499999999999996,3.3499999999999996,2433.9921647603296,822.3931566456183,1318.7223949428248,5
3.3499999999999996,3.3499999999999996,3.3499999999999996,2555.598716085175,863.48137256544,1384.6080970110681,5
3.3499999999999996,3.3499999999999996,3.3499999999999996,2493.4339417531596,842.4772437373989,1350.927594142125,5
3.3499999999999996,3.3499999999999996,3.3499999999999996,2742.6385142345416,926.6780632719455,1485.9451407929832,5
3.3499999999999996,3.3499999999999996,3.3499999999999996,2375.3654695624596,802.584468012381,1286.9588021842872,5
3.3499999999999996,3.3499999999999996,3.3499999999999996,2463.835136676159,832.4764495308119,1334.8911386088216,5
3.3499999999999996,3.3499999999999996,3.3499999999999996,2141.1524480563594,723.4691030320648,1160.0704662692895,6
3.3499999999999996,3.3499999999999996,3.3499999999999996,2157.768050529769,729.0833109455122,1169.0727536711843,6
3.3499999999999996,3.3499999999999996,3.3499999999999996,2248.938182068563,759.8885781498913,1218.4684784361577,6
3.3499999999999996,3.3499999999999996,3.3499999999999996,2232.5854160137164,754.3631794327039,1209.6085950778947,6
3.3499999999999996,3.3499999999999996,3.3499999999999996,2316.901495174192,782.8525465568351,1255.2908132471246,6
3.3499999999999996,3.3499999999999996,3.3499999999999996,2525.0438171140536,853.1812796153037,1368.0617468078503,6
3.3499999999999996,3.3499999999999996,3.3499999999999996,2520.5920185840387,851.6770715929781,1365.6497746938892,6
3.3499999999999996,3.3499999999999996,3.3499999999999996,2283.6953599901944,771.6326014947563,1237.2998211713998,6
3.3499999999999996,3.3499999999999996,3.3499999999999996,2611.0877477053955,882.2544665071478,1414.680110096905,6
3.3499999999999996,3.3499999999999996,3.3499999999999996,2558.1729646884296,864.3752115100683,1386.0110272099055,6
3.3499999999999996,3.3499999999999996,3.3499999999999996,2372.8785060648383,801.766490725656,1285.6190027150067,6
3.3499999999999996,3.3499999999999996,3.3499999999999996,2657.6907299032473,898.0010415629804,1439.9294767811298,6
3.3499999999999996,3.3499999999999996,3.3499999999999996,2519.5718433866978,851.3323669290827,1365.097046597424,6
3.3499999999999996,3.3499999999999996,3.3499999999999996,2939.821609193256,993.329599024115,1592.7872057971208,6
3.3499999999999996,3.3499999999999996,3.3499999999999996,2842.236795536678,960.3568895518112,1539.9160240266915,6
3.3499999999999996,3.3499999999999996,3.3499999999999996,2649.1538761363136,895.1165435707491,1435.3042330536837,6
3.3499999999999996,3.3499999999999996,3.3499999999999996,2550.988598658244,861.9477025055454,1382.1185575924092,6
3.3499999999999996,3.3499999999999996,3.3499999999999996,2584.676732941022,873.3305091405934,1400.3706954449196,6
3.3499999999999996,3.3499999999999996,3.3499999999999996,2771.1548209179173,936.3391637397766,1501.4040070452843,6
3.3499999999999996,3.3499999999999996,3.3499999999999996,2579.244483219482,871.4950187078332,1397.4275175908258,6
3.3499999999999996,3.3499999999999996,3.3499999999999996,2702.8288256348123,913.2526494814797,1464.3851720350378,6
3.3499999999999996,3.3499999999999996,3.3499999999999996,2635.310145021601,890.4389169303527,1427.8037378770186,6
3.3499999999999996,3.3499999999999996,3.3499999999999996,2635.7055869124406,890.5725318863205,1428.0179871982682,6
3.3499999999999996,3.3499999999999996,3.3499999999999996,2656.7334915535653,897.6776024865799,1439.410847694418,6
3.3499999999999996,3.3499999999999996,3.3499999999999996,2711.99703406675,916.3504744573175,1469.3524819713973,6
3.3499999999999996,3.3499999999999996,3.3499999999999996,2769.704454488144,935.8491027443683,1500.6182025305359,6
3.3499999999999996,3.3499999999999996,3.3499999999999996,2866.038697996088,968.3992599296872,1552.811828857986,6
3.3499999999999996,3.3499999999999996,3.3499999999999996,2481.6991143798996,838.5356371545182,1344.577706912999,6
3.3499999999999996,3.3499999999999996,3.3499999999999996,2354.1522109633474,795.4391057080745,1275.4731478929448,6
3.3499999999999996,3.3499999999999996,3.3499999999999996,2450.8690966348536,828.1185529787892,1327.8740886848566,6
3.3499999999999996,3.3499999999999996,3.3499999999999996,2621.2514271244695,885.6886488978028,1420.186763457061,6
3.3499999999999996,3.3499999999999996,3.3499999999999996,2397.982013515209,810.2486574366552,1299.2200135255086,6
3.3499999999999996,3.3499999999999996,3.3499999999999996,2745.552005352928,927.6882869520394,1487.5324724811555,6
3.3499999999999996,3.3499999999999996,3.3499999999999996,2276.582128498374,769.2291279766895,1233.4458920497777,6
3.3499999999999996,3.3499999999999996,3.3499999999999996,2003.0556546475605,676.8078933878094,1085.2500060701745,6
3.3499999999999996,3.3499999999999996,3.3499999999999996,2423.0518933908497,818.7194618033483,1312.802805009155,6
3.3499999999999996,3.3499999999999996,3.3499999999999996,2491.420633403983,841.8204189807012,1349.8447989957472,6
3.3499999999999996,3.3499999999999996,3.3499999999999996,2405.8608201297443,812.9108093817703,1303.4887291282985,6
3.3499999999999996,3.3499999999999996,3.3499999999999996,2270.3452597365003,767.121766656865,1230.0667738280856,6
3.3499999999999996,3.3499999999999996,3.3499999999999996,2307.142873873245,779.55522832719,1250.0036192535297,6
3.3499999999999996,3.3499999999999996,3.3499999999999996,2411.0095131314374,814.6504894830651,1306.278276736911,6
3.3499999999999996,3.3499999999999996,3.3499999999999996,2560.052865720179,865.010406969627,1387.0295523823756,6
3.3499999999999996,3.3499999999999996,3.3499999999999996,2443.6310291839354,825.672898924051,1323.9525237863375,6
3.3499999999999996,3.3499999999999996,3.3499999999999996,2680.078036387852,905.5654373426567,1452.0588574311087,6
3.3499999999999996,3.3499999999999996,3.3499999999999996,2690.1615709008092,908.972539754306,1457.5220885030985,6
3.3499999999999996,3.3499999999999996,3.3499999999999996,2480.3518749276845,838.0804214976654,1343.8477763090727,6
3.3499999999999996,3.3499999999999996,3.3499999999999996,2316.3232344774237,782.6571593727093,1254.9775132031536,6
3.3499999999999996,3.3499999999999996,3.3499999999999996,2403.3042021166398,812.046959569294,1302.1035605695502,6
3.3499999999999996,3.3499999999999996,3.3499999999999996,2450.602030468069,828.0283146025778,1327.729392975353,6
3.3499999999999996,3.3499999999999996,3.3499999999999996,2106.6522492601243,711.8119097760697,1141.3783541124637,6
3.3499999999999996,3.3499999999999996,3.3499999999999996,2190.328647656888,740.0851366301467,1186.71399501556,6
3.3499999999999996,3.3499999999999996,3.3499999999999996,2463.2563700753253,832.3040604671169,1334.58547912739,6
3.3499999999999996,3.3499999999999996,3.3499999999999996,2583.6607925428443,872.9872353633009,1399.8202617509126,6
3.3499999999999996,3.3499999999999996,3.3499999999999996,2538.731222782126,857.8060858081117,1375.4775452904807,6
3.3499999999999996,3.3499999999999996,3.3499999999999996,2433.969551005197,822.4084041617652,1318.71796166731,6
3.3499999999999996,3.3499999999999996,3.3499999999999996,2555.57497250686,863.497381874448,1384.6034422412713,6
3.3499999999999996,3.3499999999999996,3.3499999999999996,2493.410775735859,842.4928636209952,1350.923052599304,6
3.3499999999999996,3.3499999999999996,3.3499999999999996,2742.613032905277,926.6952442742665,1485.94014534873,6
3.3499999999999996,3.3499999999999996,3.3499999999999996,2375.343400496726,802.5993482670818,1286.9544756914875,6
3.3499999999999996,3.3499999999999996,3.3499999999999996,2463.8122456556885,832.4918839954639,1334.8866509772904,6
3.3499999999999996,3.3499999999999996,3.3499999999999996,2141.1504587332615,723.4704443869546,1160.070076331663,7
3.3499999999999996,3.3499999999999996,3.3499999999999996,2157.766045769283,729.0846627094782,1169.0723607075947,7
3.3499999999999996,3.3499999999999996,3.3499999999999996,2248.9360926028294,759.8899870286613,1218.4680688690494,7
3.3499999999999996,3.3499999999999996,3.3499999999999996,2232.5833417411727,754.3645780670549,1209.608188488883,7
3.3499999999999996,3.3499999999999996,3.3499999999999996,2316.899342564431,782.8539980121728,1255.290391302825,7
3.3499999999999996,3.3499999999999996,3.3499999999999996,2525.0414711213652,853.1828614643097,1368.0612869575511,7
3.3499999999999996,3.3499999999999996,3.3499999999999996,2520.5896767274717,851.6786506530923,1365.6493156543331,7
3.3499999999999996,3.3499999999999996,3.3499999999999996,2283.6932382319183,771.6340321476462,1237.2994052744612,7
3.3499999999999996,3.3499999999999996,3.3499999999999996,2611.085321770161,882.2561022595772,1414.6796345766495,7
3.3499999999999996,3.3499999999999996,3.3499999999999996,2558.1705879157853,864.3768141132919,1386.010561326266,7
3.3499999999999996,3.3499999999999996,3.3499999999999996,2372.8763014474025,801.7679772485749,1285.618570576411,7
3.3499999999999996,3.3499999999999996,3.3499999999999996,2657.688260669653,898.0027065104994,1439.9289927737364,7
3.3499999999999996,3.3499999999999996,3.3499999999999996,2519.5695024779648,851.3339453500938,1365.096587743658,7
3.3499999999999996,3.3499999999999996,3.3499999999999996,2939.8188778347135,993.3314407164681,1592.7866704092453,7
3.3499999999999996,3.3499999999999996,3.3499999999999996,2842.2341548431996,960.3586701107931,1539.9155064105491,7
3.3499999999999996,3.3499999999999996,3.3499999999999996,2649.151414834224,895.1182031702367,1435.303750600986,7
3.3499999999999996,3.3499999999999996,3.3499999999999996,2550.9862285605213,861.9493006080226,1382.1180930171563,7
3.3499999999999996,3.3499999999999996,3.3499999999999996,2584.674331543994,873.3321283474734,1400.3702247345263,7
3.3499999999999996,3.3499999999999996,3.3499999999999996,2771.152246265983,936.3408997684619,1501.4035023742904,7
3.3499999999999996,3.3499999999999996,3.3499999999999996,2579.2420868695026,871.4966345116043,1397.4270478697308,7
3.3499999999999996,3.3499999999999996,3.3499999999999996,2702.82631446387,913.25434270639,1464.3846798072852,7
3.3499999999999996,3.3499999999999996,3.3499999999999996,2635.3076965815817,890.4405678572415,1427.803257945482,7
3.3499999999999996,3.3499999999999996,3.3499999999999996,2635.7031381050206,890.5741830609393,1428.017507194716,7
3.3499999999999996,3.3499999999999996,3.3499999999999996,2656.7310232093314,897.6792668344233,1439.410363861353,7
3.3499999999999996,3.3499999999999996,3.3499999999999996,2711.994514377717,916.3521734257797,1469.3519880739698,7
3.3499999999999996,3.3499999999999996,3.3499999999999996,2769.7018811837306,935.8508378644515,1500.6176981236765,7
3.3499999999999996,3.3499999999999996,3.3499999999999996,2866.036035188503,968.401055399704,1552.8113069071421,7
3.3499999999999996,3.3499999999999996,3.3499999999999996,2481.6968086583365,838.5371918496287,1344.5772549564542,7
3.3499999999999996,3.3499999999999996,3.3499999999999996,2354.1500237443233,795.4405804996442,1275.4727191647025,7
3.3499999999999996,3.3499999999999996,3.3499999999999996,2450.8668195571486,828.1200883600042,1327.8736423429439,7
3.3499999999999996,3.3499999999999996,3.3499999999999996,2621.248991746263,885.6902910174111,1420.1862860858394,7
3.3499999999999996,3.3499999999999996,3.3499999999999996,2397.979785574358,810.2501596860174,1299.2195768151678,7
3.3499999999999996,3.3499999999999996,3.3499999999999996,2745.549454488311,927.6900069414827,1487.5319724728383,7
3.3499999999999996,3.3499999999999996,3.3499999999999996,2276.5800133489292,769.2305541733965,1233.4454774482704,7
3.3499999999999996,3.3499999999999996,3.3499999999999996,2003.0537936287978,676.8091482300321,1085.249641282152,7
3.3499999999999996,3.3499999999999996,3.3499999999999996,2423.049642157827,818.7209797580873,1312.802363733194,7
3.3499999999999996,3.3499999999999996,3.3499999999999996,2491.418318650255,841.8219797659934,1349.84434526876,7
3.3499999999999996,3.3499999999999996,3.3499999999999996,2405.858584868774,812.9123165669209,1303.4882909831024,7
3.3499999999999996,3.3499999999999996,3.3499999999999996,2270.3431503816673,767.1231889463982,1230.0663603624107,7
3.3499999999999996,3.3499999999999996,3.3499999999999996,2307.140730330121,779.556673669103,1250.0031990864293,7
3.3499999999999996,3.3499999999999996,3.3499999999999996,2411.0072730868683,814.6519998936867,1306.2778376540577,7
3.3499999999999996,3.3499999999999996,3.3499999999999996,2560.0504872009374,865.0120107505409,1387.0290861563767,7
3.3499999999999996,3.3499999999999996,3.3499999999999996,2443.6287588310456,825.6744297708772,1323.9520787625913,7
3.3499999999999996,3.3499999999999996,3.3499999999999996,2680.075546354438,905.5671163150165,1452.0583693466338,7
3.3499999999999996,3.3499999999999996,3.3499999999999996,2690.159071498885,908.9742250436375,1457.5215985822529,7
3.3499999999999996,3.3499999999999996,3.3499999999999996,2480.3495704578277,838.0819753487792,1343.8473245978817,7
3.3499999999999996,3.3499999999999996,3.3499999999999996,2316.3210824049193,782.6586104657874,1254.9770913641642,7
3.3499999999999996,3.3499999999999996,3.3499999999999996,2403.3019692309977,812.0484651528159,1302.103122889955,7
3.3499999999999996,3.3499999999999996,3.3499999999999996,2450.5997536384925,828.0298498164855,1327.7289466820775,7
3.3499999999999996,3.3499999999999996,3.3499999999999996,2106.650291990813,711.8132295178276,1141.377970457868,7
3.3499999999999996,3.3499999999999996,3.3499999999999996,2190.32661264468,740.0865087921544,1186.7135961221718,7
3.3499999999999996,3.3499999999999996,3.3499999999999996,2463.2540814887293,832.3056036085125,1334.5850305295596,7
3.3499999999999996,3.3499999999999996,3.3499999999999996,2583.658392089717,872.9888539337305,1399.8197912255382,7
3.3499999999999996,3.3499999999999996,3.3499999999999996,2538.7288640726074,857.8076762317841,1375.4770829474896,7
3.3499999999999996,3.3499999999999996,3.3499999999999996,2433.967289628689,822.4099289560235,1318.7175184030712,7
3.3499999999999996,3.3499999999999996,3.3499999999999996,2555.5725981479836,863.4989828501228,1384.6029768307678,7
3.3499999999999996,3.3499999999999996,3.3499999999999996,2493.40845913311,842.4944256530401,1350.9225985098806,7
3.3499999999999996,3.3499999999999996,3.3499999999999996,2742.6104847712295,926.6969624225492,1485.9396458756462,7
3.3499999999999996,3.3499999999999996,3.3499999999999996,2375.341193589182,802.6008363341682,1286.9540431039954,7
3.3499999999999996,3.3499999999999996,3.3499999999999996,2463.8099565526345,832.4934274850957,1334.8862022782264,7
3.3499999999999996,3.3499999999999996,3.3499999999999996,2141.1502598009447,723.4705785228189,1160.070037338458,8
3.3499999999999996,3.3499999999999996,3.3499999999999996,2157.765845293228,729.0847978862535,1169.0723214117977,8
3.3499999999999996,3.3499999999999996,3.3499999999999996,2248.9358836562487,759.8901279169323,1218.4680279129245,8
3.3499999999999996,3.3499999999999996,3.3499999999999996,2232.5831343139107,754.3647179308816,1209.6081478305634,8
3.3499999999999996,3.3499999999999996,3.3499999999999996,2316.8991273034476,782.8541431581126,1255.290349108999,8
3.3499999999999996,3.3499999999999996,3.3499999999999996,2525.041236522088,853.1830196496528,1368.0612409731789,8
3.3499999999999996,3.3499999999999996,3.3499999999999996,2520.5894425418064,851.6788085595457,1365.6492697510344,8
3.3499999999999996,3.3499999999999996,3.3499999999999996,2283.693026056083,771.6341752133359,1237.2993636853623,8
3.3499999999999996,3.3499999999999996,3.3499999999999996,2611.0850791766293,882.2562658352778,1414.6795870253038,8
3.3499999999999996,3.3499999999999996,3.3499999999999996,2558.1703502385126,864.3769743740625,1386.0105147385686,8
3.3499999999999996,3.3499999999999996,3.3499999999999996,2372.8760809856512,801.7681259012828,1285.6185273631697,8
3.3499999999999996,3.3499999999999996,3.3499999999999996,2657.688013746285,898.0028730057172,1439.9289443736898,8
3.3499999999999996,3.3499999999999996,3.3499999999999996,2519.5692683870834,851.3341031926369,1365.0965418589374,8
3.3499999999999996,3.3499999999999996,3.3499999999999996,2939.81860469885,993.3316248862192,1592.7866168712235,8
3.3499999999999996,3.3499999999999996,3.3499999999999996,2842.2338907738426,960.3588481671896,1539.9154546496752,8
3.3499999999999996,3.3499999999999996,3.3499999999999996,2649.1511687040065,895.1183691306501,1435.3037023564061,8
3.3499999999999996,3.3499999999999996,3.3499999999999996,2550.9859915507404,861.9494604187176,1382.118046560296,8
3.3499999999999996,3.3499999999999996,3.3499999999999996,2584.674091404283,873.3322902686143,1400.3701776641603,8
3.3499999999999996,3.3499999999999996,3.3499999999999996,2771.1519888007806,936.3410733718166,1501.4034519079132,8
3.3499999999999996,3.3499999999999996,3.3499999999999996,2579.241847234496,871.4967960924336,1397.4270008982933,8
3.3499999999999996,3.3499999999999996,3.3499999999999996,2702.8260633467667,913.254512029355,1464.3846305852144,8
3.3499999999999996,3.3499999999999996,3.3499999999999996,2635.3074517375712,890.4407329503923,1427.803209953015,8
3.3499999999999996,3.3499999999999996,3.3499999999999996,2635.7028932242697,890.574348178863,1428.0174591950474,8
3.3499999999999996,3.3499999999999996,3.3499999999999996,2656.7307763748995,897.6794332696736,1439.4103154787385,8
3.3499999999999996,3.3499999999999996,3.3499999999999996,2711.9942624088053,916.3523433231016,1469.3519386849334,8
3.3499999999999996,3.3499999999999996,3.3499999999999996,2769.70162385328,935.8510113769454,1500.6176476837122,8
3.3499999999999996,3.3499999999999996,3.3499999999999996,2866.0357689077346,968.4012349472084,1552.8112547128046,8
3.3499999999999996,3.3499999999999996,3.3499999999999996,2481.696578086172,838.5373473195748,1344.577209761446,8
3.3499999999999996,3.3499999999999996,3.3499999999999996,2354.149805022413,795.4407279792139,1275.4726762924918,8
3.3499999999999996,3.3499999999999996,3.3499999999999996,2450.86659184937,828.1202418985556,1327.873597709391,8
3.3499999999999996,3.3499999999999996,3.3499999999999996,2621.248748208434,885.6904552298314,1420.1862383494004,8
3.3499999999999996,3.3499999999999996,3.3499999999999996,2397.9795627802655,810.2503099113741,1299.2195331447588,8
3.3499999999999996,3.3499999999999996,3.3499999999999996,2745.5491994018403,927.6901789409086,1487.5319224727218,8
3.3499999999999996,3.3499999999999996,3.3499999999999996,2276.5798018339774,769.2306967934661,1233.445435988713,8
3.3499999999999996,3.3499999999999996,3.3499999999999996,2003.0536075269151,676.8092737146058,1085.249604803871,8
3.3499999999999996,3.3499999999999996,3.3499999999999996,2423.049417034517,818.721131553986,1312.802319606229,8
3.3499999999999996,3.3499999999999996,3.3499999999999996,2491.418087174874,841.8221358449595,1349.8442998967103,8
3.3499999999999996,3.3499999999999996,3.3499999999999996,2405.858361342669,812.9124672858577,1303.4882471692101,8
3.3499999999999996,3.3499999999999996,3.3499999999999996,2270.342939446177,767.1233311757496,1230.0663190164346,8
3.3499999999999996,3.3499999999999996,3.3499999999999996,2307.140515975801,779.556818203699,1250.0031570703202,8
3.3499999999999996,3.3499999999999996,3.3499999999999996,2411.0070490824037,814.6521509351714,1306.2777937464007,8
3.3499999999999996,3.3499999999999996,3.3499999999999996,2560.050249349005,865.012171129081,1387.0290395344439,8
3.3499999999999996,3.3499999999999996,3.3499999999999996,2443.6285317957486,825.6745828559884,1323.9520342608535,8
3.3499999999999996,3.3499999999999996,3.3499999999999996,2680.0752973510876,905.5672842127225,1452.0583205388843,8
3.3499999999999996,3.3499999999999996,3.3499999999999996,2690.158821558684,908.9743935730424,1457.5215495908692,8
3.3499999999999996,3.3499999999999996,3.3499999999999996,2480.349340010834,838.0821307343255,1343.8472794274087,8
3.3499999999999996,3.3499999999999996,3.3499999999999996,2316.3208671976613,782.6587555755015,1254.9770491808688,8
3.3499999999999996,3.3499999999999996,3.3499999999999996,2403.3017459424254,812.0486157115894,1302.1030791226212,8
3.3499999999999996,3.3499999999999996,3.3499999999999996,2450.599525955527,828.0300033383058,1327.7289020533883,8
3.3499999999999996,3.3499999999999996,3.3499999999999996,2106.6500962638747,711.8133614923727,1141.3779320929566,8
3.3499999999999996,3.3499999999999996,3.3499999999999996,2190.326409143452,740.0866460087393,1186.713556233404,8
3.3499999999999996,3.3499999999999996,3.3499999999999996,2463.253852630062,832.3057579230839,1334.5849856704183,8
3.3499999999999996,3.3499999999999996,3.3499999999999996,2583.6581520443956,872.9890157912266,1399.8197441736738,8
3.3499999999999996,3.3499999999999996,3.3499999999999996,2538.7286282016476,857.8078352745962,1375.477036713852,8
3.3499999999999996,3.3499999999999996,3.3499999999999996,2433.96706349103,822.4100814358762,1318.7174740772816,8
3.3499999999999996,3.3499999999999996,3.3499999999999996,2555.5723607120876,863.4991429481383,1384.6029302903833,8
3.3499999999999996,3.3499999999999996,3.3499999999999996,2493.4082274728266,842.4945818566814,1350.922553101588,8
3.3499999999999996,3.3499999999999996,3.3499999999999996,2742.6102299578156,926.6971342378587,1485.9395959290518,8
3.3499999999999996,3.3499999999999996,3.3499999999999996,2375.3409728984193,802.6009851412936,1286.9539998458652,8
3.3499999999999996,3.3499999999999996,3.3499999999999996,2463.809727642321,832.4935818344904,1334.8861574089624,8
3.3499999999999996,3.3499999999999996,3.3499999999999996,2141.150237697353,771.8141214353592,1169.6774070834126,9
3.3499999999999996,3.3499999999999996,3.3499999999999996,2157.765823018109,777.8034925503287,1178.754245510246,9
3.3499999999999996,3.3499999999999996,3.3499999999999996,2248.935860439961,810.6672874840499,1228.5590331882804,9
3.3499999999999996,3.3499999999999996,3.3499999999999996,2232.583111266436,804.7726601411366,1219.6257781017323,9
3.3499999999999996,3.3499999999999996,3.3499999999999996,2316.899103385559,835.1657975467378,1265.686306364159,9
3.3499999999999996,3.3499999999999996,3.3499999999999996,2525.0412104555007,910.1941699951163,1379.3911346457417,9
3.3499999999999996,3.3499999999999996,3.3499999999999996,2520.5894165211757,908.5894449441893,1376.9591881646902,9
3.3499999999999996,3.3499999999999996,3.3499999999999996,2283.693002480989,823.1960921310557,1247.5463247217795,9
3.3499999999999996,3.3499999999999996,3.3499999999999996,2611.085052221791,941.2101402752736,1426.3955605663275,9
3.3499999999999996,3.3499999999999996,3.3499999999999996,2558.170323829925,922.1361239425013,1397.4890591857975,9
3.3499999999999996,3.3499999999999996,3.3499999999999996,2372.8760564899,855.3436450047087,1296.265653955353,9
3.3499999999999996,3.3499999999999996,3.3499999999999996,2657.6879863103536,958.0089627009974,1451.8540259030765,9
3.3499999999999996,3.3499999999999996,3.3499999999999996,2519.569242376984,908.221705774397,1376.401882737568,9
3.3499999999999996,3.3499999999999996,3.3499999999999996,2939.8185743504187,1059.7077450210838,1605.9776221213938,9
3.3499999999999996,3.3499999999999996,3.3499999999999996,2842.2338614328014,1024.5316708998062,1552.6685959882204,9
3.3499999999999996,3.3499999999999996,3.3499999999999996,2649.151141356203,954.9317113376351,1447.190478948341,9
3.3499999999999996,3.3499999999999996,3.3499999999999996,2550.985965216319,919.5463993478367,1393.5643546943659,9
3.3499999999999996,3.3499999999999996,3.3499999999999996,2584.6740647220913,931.6898493800196,1411.9676447511426,9
3.3499999999999996,3.3499999999999996,3.3499999999999996,2771.1519601935343,998.9089872650794,1513.837647805192,9
3.3499999999999996,3.3499999999999996,3.3499999999999996,2579.2418206083826,929.7317043399252,1409.000093433305,9
3.3499999999999996,3.3499999999999996,3.3499999999999996,2702.826035444865,974.2797423607773,1476.5122471445889,9
3.3499999999999996,3.3499999999999996,3.3499999999999996,2635.3074245326798,949.9415074979278,1439.6278696024644,9
3.3499999999999996,3.3499999999999996,3.3499999999999996,2635.702866015296,950.0840511247646,1439.8438931957169,9
3.3499999999999996,3.3499999999999996,3.3499999999999996,2656.73074894885,957.6639101679401,1451.3311018712855,9
3.3499999999999996,3.3499999999999996,3.3499999999999996,2711.994234412258,977.5845760462328,1481.520693075659,9
3.3499999999999996,3.3499999999999996,3.3499999999999996,2769.7015952610063,998.3861784885389,1513.0453357741465,9
3.3499999999999996,3.3499999999999996,3.3499999999999996,2866.035739320981,1033.1114637360781,1565.6711953956792,9
3.3499999999999996,3.3499999999999996,3.3499999999999996,2481.6965524670413,894.5698487610044,1355.7126153740712,9
3.3499999999999996,3.3499999999999996,3.3499999999999996,2354.149780719977,848.5934395185853,1286.035777834914,9
3.3499999999999996,3.3499999999999996,3.3499999999999996,2450.866566548504,883.4566545177224,1338.8706687629854,9
3.3499999999999996,3.3499999999999996,3.3499999999999996,2621.2487211486737,944.8738080858042,1431.9478164087923,9
3.3499999999999996,3.3499999999999996,3.3499999999999996,2397.979538025365,864.392623075066,1309.9792993942397,9
3.3499999999999996,3.3499999999999996,3.3499999999999996,2745.5491710588976,989.6800252546903,1499.8512383128295,9
3.3499999999999996,3.3499999999999996,3.3499999999999996,2276.5797783323146,820.6320091675057,1243.6604798932665,9
3.3499999999999996,3.3499999999999996,3.3499999999999996,2003.053586848927,722.0348283380343,1094.2373330300372,9
3.3499999999999996,3.3499999999999996,3.3499999999999996,2423.049392020814,873.4294795250922,1323.6745746257861,9
3.3499999999999996,3.3499999999999996,3.3499999999999996,2491.418061455386,898.074132480457,1361.0233260501489,9
3.3499999999999996,3.3499999999999996,3.3499999999999996,2405.8583365064337,867.2326703639345,1314.2833656928196,9
3.3499999999999996,3.3499999999999996,3.3499999999999996,2270.3429160088986,818.383825770605,1240.2533780363528,9
3.3499999999999996,3.3499999999999996,3.3499999999999996,2307.140492158653,831.648139692601,1260.355327306427,9
3.3499999999999996,3.3499999999999996,3.3499999999999996,2411.0070241930175,869.0886026536925,1317.0960145005006,9
3.3499999999999996,3.3499999999999996,3.3499999999999996,2560.050222921011,922.8137656323878,1398.5160191140296,9
3.3499999999999996,3.3499999999999996,3.3499999999999996,2443.628506569603,880.8475723500367,1334.9166280425452,9
3.3499999999999996,3.3499999999999996,3.3499999999999996,2680.0752696840473,966.0788408179922,1464.0838541080996,9
3.3499999999999996,3.3499999999999996,3.3499999999999996,2690.158793787549,969.7136190600299,1469.5923280675593,9
3.3499999999999996,3.3499999999999996,3.3499999999999996,2480.349314405611,894.0842138240254,1354.9766399648388,9
3.3499999999999996,3.3499999999999996,3.3499999999999996,2316.3208432857423,834.9573538312791,1265.37041177523,9
3.3499999999999996,3.3499999999999996,3.3499999999999996,2403.3017211325828,866.3110947482322,1312.8867260788654,9
3.3499999999999996,3.3499999999999996,3.3499999999999996,2450.599500657418,883.3603860623545,1338.7247747787587,9
3.3499999999999996,3.3499999999999996,3.3499999999999996,2106.6500745164362,759.3779492013678,1150.8304991444315,9
3.3499999999999996,3.3499999999999996,3.3499999999999996,2190.3263865322037,789.5405030036898,1196.5415800156932,9
3.3499999999999996,3.3499999999999996,3.3499999999999996,2463.2538272013194,887.9218538901988,1345.6376385281865,9
3.3499999999999996,3.3499999999999996,3.3499999999999996,2583.6581253726918,931.3236367142368,1411.412652727211,9
3.3499999999999996,3.3499999999999996,3.3499999999999996,2538.7286019937615,915.1280237195547,1386.868345895255,9
3.3499999999999996,3.3499999999999996,3.3499999999999996,2433.967038364622,877.3649313549693,1329.6387167219582,9
3.3499999999999996,3.3499999999999996,3.3499999999999996,2555.57233433032,921.1996343175173,1396.0698175239904,9
3.3499999999999996,3.3499999999999996,3.3499999999999996,2493.4082017327937,898.7915124861651,1362.1105090410601,9
3.3499999999999996,3.3499999999999996,3.3499999999999996,2742.610201645213,988.6206236041139,1498.2457245741048,9
3.3499999999999996,3.3499999999999996,3.3499999999999996,2375.3409483772225,856.2321573253072,1297.612186440904,9
3.3499999999999996,3.3499999999999996,3.3499999999999996,2463.8097022078405,888.1222285169912,1345.941304485317,9
3.3499999999999996,3.3499999999999996,3.3499999999999996,2141.150237697353,728.3786171089863,1161.0485548063025,10
3.3499999999999996,3.3499999999999996,3.3499999999999996,2157.765823018109,734.0309234466323,1170.0584322937748,10
3.3499999999999996,3.3499999999999996,3.3499999999999996,2248.935860439961,765.0452374400855,1219.4958040048384,10
3.3499999999999996,3.3499999999999996,3.3499999999999996,2232.583111266436,759.4823429643802,1210.6284506259142,10
3.3499999999999996,3.3499999999999996,3.3499999999999996,2316.899103385559,788.1650410108026,1256.3491847777807,10
3.3499999999999996,3.3499999999999996,3.3499999999999996,2525.0412104555007,858.9710299790478,1369.2151987328712,10
3.3499999999999996,3.3499999999999996,3.3499999999999996,2520.5894165211757,857.4566142914197,1366.8011930163445,10
3.3499999999999996,3.3499999999999996,3.3499999999999996,2283.693002480989,776.8689565835539,1238.3430239828874,10
3.3499999999999996,3.3499999999999996,3.3499999999999996,2611.085052221791,888.2415096366897,1415.8728672952466,10
3.3499999999999996,3.3499999999999996,3.3499999999999996,2558.170323829925,870.2409247117316,1387.1796126857919,10
3.3499999999999996,3.3499999999999996,3.3499999999999996,2372.8760564899,807.2073365836542,1286.7029448082533,10
3.3499999999999996,3.3499999999999996,3.3499999999999996,2657.6879863103536,904.0949420988385,1441.1435224415418,10
3.3499999999999996,3.3499999999999996,3.3499999999999996,2519.569242376984,857.1095704365449,1366.2479988990376,10
3.3499999999999996,3.3499999999999996,3.3499999999999996,2939.8185743504187,1000.0704061007316,1594.1301301738629,10
3.3499999999999996,3.3499999999999996,3.3499999999999996,2842.2338614328014,966.873941418108,1541.2143712002958,10
3.3499999999999996,3.3499999999999996,3.3499999999999996,2649.151141356203,901.1908696929406,1436.514379039031,10
3.3499999999999996,3.3499999999999996,3.3499999999999996,2550.985965216319,867.7969424541294,1383.283861216008,10
3.3499999999999996,3.3499999999999996,3.3499999999999996,2584.6740647220913,879.2569936448541,1401.551387967149,10
3.3499999999999996,3.3499999999999996,3.3499999999999996,2771.1519601935343,942.6932295677266,1502.6698836376252,10
3.3499999999999996,3.3499999999999996,3.3499999999999996,2579.2418206083826,877.4090474402026,1398.605728635761,10
3.3499999999999996,3.3499999999999996,3.3499999999999996,2702.826035444865,919.4500485405748,1465.6198369904735,10
3.3499999999999996,3.3499999999999996,3.3499999999999996,2635.3074245326798,896.4815003371452,1429.0075599806983,10
3.3499999999999996,3.3499999999999996,3.3499999999999996,2635.702866015296,896.6160220139448,1429.221989941669,10
3.3499999999999996,3.3499999999999996,3.3499999999999996,2656.73074894885,903.7693081412853,1440.6244560838372,10
3.3499999999999996,3.3499999999999996,3.3499999999999996,2711.994234412258,922.5688955825423,1470.591335007687,10
3.3499999999999996,3.3499999999999996,3.3499999999999996,2769.7015952610063,942.1998429826758,1501.8834165886506,10
3.3499999999999996,3.3499999999999996,3.3499999999999996,2866.035739320981,974.970887907689,1554.121048852896,10
3.3499999999999996,3.3499999999999996,3.3499999999999996,2481.6965524670413,844.2260011207983,1345.7113587733759,10
3.3499999999999996,3.3499999999999996,3.3499999999999996,2354.149780719977,800.8370134700522,1276.5485357262667,10
3.3499999999999996,3.3499999999999996,3.3499999999999996,2450.866566548504,833.7382258524063,1328.993657247718,10
3.3499999999999996,3.3499999999999996,3.3499999999999996,2621.2487211486737,891.6989966394129,1421.384163472098,10
3.3499999999999996,3.3499999999999996,3.3499999999999996,2397.979538025365,815.7470638963376,1300.315423019359,10
3.3499999999999996,3.3499999999999996,3.3499999999999996,2745.5491710588976,933.9836472994245,1488.78665358659,10
3.3499999999999996,3.3499999999999996,3.3499999999999996,2276.5797783323146,774.4491729189716,1234.4858455035699,10
3.3499999999999996,3.3499999999999996,3.3499999999999996,2003.053586848927,681.4007610942992,1086.165011340625,10
3.3499999999999996,3.3499999999999996,3.3499999999999996,2423.049392020814,824.2753517590181,1313.9096665423751,10
3.3499999999999996,3.3499999999999996,3.3499999999999996,2491.418061455386,847.5330737159272,1350.982891691866,10
3.3499999999999996,3.3499999999999996,3.3499999999999996,2405.8583365064337,818.4272813986335,1304.5877376981705,10
3.3499999999999996,3.3499999999999996,3.3499999999999996,2270.3429160088986,772.3275108915956,1231.1038782508117,10
3.3499999999999996,3.3499999999999996,3.3499999999999996,2307.140492158653,784.8453469392637,1251.057532999949,10
3.3499999999999996,3.3499999999999996,3.3499999999999996,2411.0070241930175,820.1787670959251,1307.3796372540305,10
3.3499999999999996,3.3499999999999996,3.3499999999999996,2560.050222921011,870.8804306539876,1388.1989966059198,10
3.3499999999999996,3.3499999999999996,3.3499999999999996,2443.628506569603,831.2759754109549,1325.0687859658487,10
3.3499999999999996,3.3499999999999996,3.3499999999999996,2680.0752696840473,911.7106704197496,1453.2831297187124,10
3.3499999999999996,3.3499999999999996,3.3499999999999996,2690.158793787549,915.140893676756,1458.750966996827,10
3.3499999999999996,3.3499999999999996,3.3499999999999996,2480.349314405611,843.767696337311,1344.9808127441136,10
3.3499999999999996,3.3499999999999996,3.3499999999999996,2316.3208432857423,787.9683279150009,1256.0356205815958,10
3.3499999999999996,3.3499999999999996,3.3499999999999996,2403.3017211325828,817.557569438352,1303.2014012642555,10
3.3499999999999996,3.3499999999999996,3.3499999999999996,2450.599500657418,833.647375111995,1328.84883954113,10
3.3499999999999996,3.3499999999999996,3.3499999999999996,2106.6500745164362,716.6423172897007,1142.3406827959466,10
3.3499999999999996,3.3499999999999996,3.3499999999999996,2190.3263865322037,745.107408322439,1187.7145474724898,10
3.3499999999999996,3.3499999999999996,3.3499999999999996,2463.2538272013194,837.9521364996897,1335.7107062551838,10
3.3499999999999996,3.3499999999999996,3.3499999999999996,2583.6581253726918,878.9113903866828,1401.0004901867762,10
3.3499999999999996,3.3499999999999996,3.3499999999999996,2538.7286019937615,863.6272204438462,1376.6372496869678,10
3.3499999999999996,3.3499999999999996,3.3499999999999996,2433.967038364622,827.9893275492175,1319.8298104380208,10
3.3499999999999996,3.3499999999999996,3.3499999999999996,2555.57233433032,869.3571380602069,1385.770840942076,10
3.3499999999999996,3.3499999999999996,3.3499999999999996,2493.4082017327937,848.2100816145742,1352.0620544018261,10
3.3499999999999996,3.3499999999999996,3.3499999999999996,2742.610201645213,932.9838657616432,1487.1929839176892,10
3.3499999999999996,3.3499999999999996,3.3499999999999996,2375.3409483772225,808.0458459570746,1288.0395437601362,10
3.3499999999999996,3.3499999999999996,3.3499999999999996,2463.8097022078405,838.1412346121931,1336.0121320316712,10
3.3499999999999996,3.3499999999999996,3.3499999999999996,2141.150237697353,723.9621498970882,1160.168065002115,11
3.3499999999999996,3.3499999999999996,3.3499999999999996,2157.765823018109,729.5801839139582,1169.1711097820041,11
3.3499999999999996,3.3499999999999996,3.3499999999999996,2248.935860439961,760.4064450216808,1218.5709902946535,11
3.3499999999999996,3.3499999999999996,3.3499999999999996,2232.583111266436,754.8772807248664,1209.7103615390947,11
3.3499999999999996,3.3499999999999996,3.3499999999999996,2316.899103385559,783.3860634578854,1255.3964230322738,11
3.3499999999999996,3.3499999999999996,3.3499999999999996,2525.0412104555007,853.7627258076126,1368.1768442064972,11
3.3499999999999996,3.3499999999999996,3.3499999999999996,2520.5894165211757,852.2574926619653,1365.7646691691548,11
3.3499999999999996,3.3499999999999996,3.3499999999999996,2283.693002480989,772.1584719618185,1237.4039173432984,11
3.3499999999999996,3.3499999999999996,3.3499999999999996,2611.085052221791,882.8557261836715,1414.7991295790082,11
3.3499999999999996,3.3499999999999996,3.3499999999999996,2558.170323829925,864.9642864082952,1386.1276347125277,11
3.3499999999999996,3.3499999999999996,3.3499999999999996,2372.8760564899,802.3128975494944,1285.7271640631407,11
3.3499999999999996,3.3499999999999996,3.3499999999999996,2657.6879863103536,898.6130325885467,1440.0506205360814,11
3.3499999999999996,3.3499999999999996,3.3499999999999996,2519.569242376984,851.912553080569,1365.21189457072,11
3.3499999999999996,3.3499999999999996,3.3499999999999996,2939.8185743504187,994.0065568135786,1592.9212097369393,11
3.3499999999999996,3.3499999999999996,3.3499999999999996,2842.2338614328014,961.0113763180217,1540.0455798226303,11
3.3499999999999996,3.3499999999999996,3.3499999999999996,2649.151141356203,895.7265688002833,1435.4249876788879,11
3.3499999999999996,3.3499999999999996,3.3499999999999996,2550.985965216319,862.5351230474225,1382.234837614837,11
3.3499999999999996,3.3499999999999996,3.3499999999999996,2584.6740647220913,873.9256871072217,1400.4885110512428,11
3.3499999999999996,3.3499999999999996,3.3499999999999996,2771.1519601935343,936.9772823371651,1501.530322758689,11
3.3499999999999996,3.3499999999999996,3.3499999999999996,2579.2418206083826,872.0889457809543,1397.5450855825106,11
3.3499999999999996,3.3499999999999996,3.3499999999999996,2702.826035444865,913.8750345341574,1464.5083732898881,11
3.3499999999999996,3.3499999999999996,3.3499999999999996,2635.3074245326798,891.0457543400601,1427.9238614726034,11
3.3499999999999996,3.3499999999999996,3.3499999999999996,2635.702866015296,891.1794603551136,1428.1381288190191,11
3.3499999999999996,3.3499999999999996,3.3499999999999996,2656.73074894885,898.2893730872213,1439.5319478162082,11
3.3499999999999996,3.3499999999999996,3.3499999999999996,2711.994234412258,916.9749706891541,1469.4761011346154,11
3.3499999999999996,3.3499999999999996,3.3499999999999996,2769.7015952610063,936.4868873633787,1500.744452132849,11
3.3499999999999996,3.3499999999999996,3.3499999999999996,2866.035739320981,969.059227601006,1552.9424696002682,11
3.3499999999999996,3.3499999999999996,3.3499999999999996,2481.6965524670413,839.1071022874125,1344.6908285587917,11
3.3499999999999996,3.3499999999999996,3.3499999999999996,2354.149780719977,795.9812003956605,1275.580455652781,11
3.3499999999999996,3.3499999999999996,3.3499999999999996,2450.866566548504,828.6829188303545,1327.9858050263856,11
3.3499999999999996,3.3499999999999996,3.3499999999999996,2621.2487211486737,886.2922489823062,1420.3062462234268,11
3.3499999999999996,3.3499999999999996,3.3499999999999996,2397.979538025365,810.8008448884266,1299.329319150183,11
3.3499999999999996,3.3499999999999996,3.3499999999999996,2745.5491710588976,928.3205099449547,1487.6576211583883,11
3.3499999999999996,3.3499999999999996,3.3499999999999996,2276.5797783323146,769.7533604676752,1233.54966398396,11
3.3499999999999996,3.3499999999999996,3.3499999999999996,2003.053586848927,677.2691404661705,1085.3413100284004,11
3.3499999999999996,3.3499999999999996,3.3499999999999996,2423.049392020814,819.2774221395726,1312.9132533775469,11
3.3499999999999996,3.3499999999999996,3.3499999999999996,2491.418061455386,842.3941227045387,1349.9583637710978,11
3.3499999999999996,3.3499999999999996,3.3499999999999996,2405.8583365064337,813.4648110999217,1303.598393887392,11
3.3499999999999996,3.3499999999999996,3.3499999999999996,2270.3429160088986,767.64456297333,1230.1702614712137,11
3.3499999999999996,3.3499999999999996,3.3499999999999996,2307.140492158653,780.0864980936918,1250.1087842179124,11
3.3499999999999996,3.3499999999999996,3.3499999999999996,2411.0070241930175,815.2056767996291,1306.3881761854652,11
3.3499999999999996,3.3499999999999996,3.3499999999999996,2560.050222921011,865.5999147559049,1387.1462455752803,11
3.3499999999999996,3.3499999999999996,3.3499999999999996,2443.628506569603,826.2355980533476,1324.0639101998358,11
3.3499999999999996,3.3499999999999996,3.3499999999999996,2680.0752696840473,906.1825835318773,1452.1810216518127,11
3.3499999999999996,3.3499999999999996,3.3499999999999996,2690.158793787549,909.5920078964006,1457.6447123548724,11
3.3499999999999996,3.3499999999999996,3.3499999999999996,2480.349314405611,838.6515763994092,1343.9608365445426,11
3.3499999999999996,3.3499999999999996,3.3499999999999996,2316.3208432857423,783.1905431166723,1255.0830966298286,11
3.3499999999999996,3.3499999999999996,3.3499999999999996,2403.3017211325828,812.6003725706089,1302.2131087920195,11
3.3499999999999996,3.3499999999999996,3.3499999999999996,2450.599500657418,828.5926189563565,1327.841097143382,11
3.3499999999999996,3.3499999999999996,3.3499999999999996,2106.6500745164362,712.2970122208463,1141.4743802455955,11
3.3499999999999996,3.3499999999999996,3.3499999999999996,2190.3263865322037,740.5895073834196,1186.8138353144964,11
3.3499999999999996,3.3499999999999996,3.3499999999999996,2463.2538272013194,832.8712787574897,1334.6977601097933,11
3.3499999999999996,3.3499999999999996,3.3499999999999996,2583.6581253726918,873.5821793875823,1399.9380310482982,11
3.3499999999999996,3.3499999999999996,3.3499999999999996,2538.7286019937615,858.390683822917,1375.5932665930686,11
3.3499999999999996,3.3499999999999996,3.3499999999999996,2433.967038364622,822.9688785258278,1318.8289076880517,11
3.3499999999999996,3.3499999999999996,3.3499999999999996,2555.57233433032,864.0858585285371,1384.7199313213382,11
3.3499999999999996,3.3499999999999996,3.3499999999999996,2493.4082017327937,843.0670256183383,1351.0367080899937,11
3.3499999999999996,3.3499999999999996,3.3499999999999996,2742.610201645213,927.3267905049299,1486.0651600607298,11
3.3499999999999996,3.3499999999999996,3.3499999999999996,2375.3409483772225,803.1463226864101,1287.06274939527,11
3.3499999999999996,3.3499999999999996,3.3499999999999996,2463.8097022078405,833.0592302882648,1334.9989572978025,11
3.3499999999999996,3.3499999999999996,3.3499999999999996,2141.150237697353,723.5197566329751,1160.0798380055637,12
3.3499999999999996,3.3499999999999996,3.3499999999999996,2157.765823018109,729.1343576245044,1169.0821981332674,12
3.3499999999999996,3.3499999999999996,3.3499999999999996,2248.935860439961,759.9417816559052,1218.4783219461601,12
3.3499999999999996,3.3499999999999996,3.3499999999999996,2232.583111266436,754.4159960786012,1209.618367012512,12
3.3499999999999996,3.3499999999999996,3.3499999999999996,2316.899103385559,782.907357882293,1255.3009542297555,12
3.3499999999999996,3.3499999999999996,3.3499999999999996,2525.0412104555007,853.2410149984198,1368.0727988208703,12
3.3499999999999996,3.3499999999999996,3.3499999999999996,2520.5894165211757,851.736701659153,1365.66080722157,12
3.3499999999999996,3.3499999999999996,3.3499999999999996,2283.693002480989,771.6866272571306,1237.3098168121414,12
3.3499999999999996,3.3499999999999996,3.3499999999999996,2611.085052221791,882.3162374458936,1414.6915387206734,12
3.3499999999999996,3.3499999999999996,3.3499999999999996,2558.170323829925,864.4357306349589,1386.022224227843,12
3.3499999999999996,3.3499999999999996,3.3499999999999996,2372.8760564899,801.8226263086054,1285.6293887067143,12
3.3499999999999996,3.3499999999999996,3.3499999999999996,2657.6879863103536,898.0639149962561,1439.9411093842364,12
3.3499999999999996,3.3499999999999996,3.3499999999999996,2519.569242376984,851.3919728608024,1365.1080746598398,12
3.3499999999999996,3.3499999999999996,3.3499999999999996,2939.8185743504187,993.3991468747018,1592.800073275492,12
3.3499999999999996,3.3499999999999996,3.3499999999999996,2842.2338614328014,960.4241288221697,1539.928464380343,12
3.3499999999999996,3.3499999999999996,3.3499999999999996,2649.151141356203,895.1792150462506,1435.3158282913316,12
3.3499999999999996,3.3499999999999996,3.3499999999999996,2550.985965216319,862.0080516686893,1382.1297231646715,12
3.3499999999999996,3.3499999999999996,3.3499999999999996,2584.6740647220913,873.391655269554,1400.3820084687616,12
3.3499999999999996,3.3499999999999996,3.3499999999999996,2771.1519601935343,936.4047214119956,1501.4161362760542,12
3.3499999999999996,3.3499999999999996,3.3499999999999996,2579.2418206083826,871.5560363251556,1397.4388068379342,12
3.3499999999999996,3.3499999999999996,3.3499999999999996,2702.826035444865,913.3165907542217,1464.3970022057338,12
3.3499999999999996,3.3499999999999996,3.3499999999999996,2635.3074245326798,890.5012609023956,1427.8152725212244,12
3.3499999999999996,3.3499999999999996,3.3499999999999996,2635.702866015296,890.6348852133983,1428.029523573307,12
3.3499999999999996,3.3499999999999996,3.3499999999999996,2656.73074894885,897.7404532743082,1439.4224761077314,12
3.3499999999999996,3.3499999999999996,3.3499999999999996,2711.994234412258,916.4146326238966,1469.3643522709656,12
3.3499999999999996,3.3499999999999996,3.3499999999999996,2769.7015952610063,935.9146261050266,1500.6303254131108,12
3.3499999999999996,3.3499999999999996,3.3499999999999996,2866.035739320981,968.4670622856262,1552.8243733915872,12
3.3499999999999996,3.3499999999999996,3.3499999999999996,2481.6965524670413,838.5943471247651,1344.5885692080365,12
3.3499999999999996,3.3499999999999996,3.3499999999999996,2354.149780719977,795.4947982799348,1275.4834519204278,12
3.3499999999999996,3.3499999999999996,3.3499999999999996,2450.866566548504,828.1765335981598,1327.8848160381733,12
3.3499999999999996,3.3499999999999996,3.3499999999999996,2621.2487211486737,885.7506602804096,1420.198236566837,12
3.3499999999999996,3.3499999999999996,3.3499999999999996,2397.979538025365,810.3053868974714,1299.2305093942362,12
3.3499999999999996,3.3499999999999996,3.3499999999999996,2745.5491710588976,927.7532389341762,1487.544489649454,12
3.3499999999999996,3.3499999999999996,3.3499999999999996,2276.5797783323146,769.2829854601591,1233.4558565561972,12
3.3499999999999996,3.3499999999999996,3.3499999999999996,2003.053586848927,676.8552800098244,1085.2587733624587,12
3.3499999999999996,3.3499999999999996,3.3499999999999996,2423.049392020814,818.7767843464976,1312.8134106077166,12
3.3499999999999996,3.3499999999999996,3.3499999999999996,2491.418061455386,841.8793589345468,1349.855703841474,12
3.3499999999999996,3.3499999999999996,3.3499999999999996,2405.8583365064337,812.9677252328297,1303.4992594822384,12
3.3499999999999996,3.3499999999999996,3.3499999999999996,2270.3429160088986,767.1754765936893,1230.0767110359868,12
3.3499999999999996,3.3499999999999996,3.3499999999999996,2307.140492158653,779.6098087913145,1250.0137175230764,12
3.3499999999999996,3.3499999999999996,3.3499999999999996,2411.0070241930175,814.7075271376144,1306.2888296264691,12
3.3499999999999996,3.3499999999999996,3.3499999999999996,2560.050222921011,865.0709705676499,1387.0407576285627,12
3.3499999999999996,3.3499999999999996,3.3499999999999996,2443.628506569603,825.7307083112515,1323.9632194589308,12
3.3499999999999996,3.3499999999999996,3.3499999999999996,2680.0752696840473,905.6288403961793,1452.0705880225355,12
3.3499999999999996,3.3499999999999996,3.3499999999999996,2690.158793787549,909.0361813556881,1457.5338632297412,12
3.3499999999999996,3.3499999999999996,3.3499999999999996,2480.349314405611,838.1390995960442,1343.858632707299,12
3.3499999999999996,3.3499999999999996,3.3499999999999996,2316.3208432857423,782.7119570181574,1254.9876516547615,12
3.3499999999999996,3.3499999999999996,3.3499999999999996,2403.3017211325828,812.1038149380146,1302.1140797332785,12
3.3499999999999996,3.3499999999999996,3.3499999999999996,2450.599500657418,828.0862889039196,1327.7401191597323,12
3.3499999999999996,3.3499999999999996,3.3499999999999996,2106.6500745164362,711.8617472000178,1141.3875748427856,12
3.3499999999999996,3.3499999999999996,3.3499999999999996,2190.3263865322037,740.1369536006209,1186.7235819940388,12
3.3499999999999996,3.3499999999999996,3.3499999999999996,2463.2538272013194,832.3623341342831,1334.5962606992937,12
3.3499999999999996,3.3499999999999996,3.3499999999999996,2583.6581253726918,873.0483574579902,1399.8315703280252,12
3.3499999999999996,3.3499999999999996,3.3499999999999996,2538.7286019937615,857.8661449964684,1375.488657212713,12
3.3499999999999996,3.3499999999999996,3.3499999999999996,2433.967038364622,822.4659849857636,1318.72861505201,12
3.3499999999999996,3.3499999999999996,3.3499999999999996,2555.57233433032,863.5578395382039,1384.6146278879037,12
3.3499999999999996,3.3499999999999996,3.3499999999999996,2493.4082017327937,842.5518506559703,1350.9339661558022,12
3.3499999999999996,3.3499999999999996,3.3499999999999996,2742.610201645213,926.7601267286414,1485.9521496532664,12
3.3499999999999996,3.3499999999999996,3.3499999999999996,2375.3409483772225,802.6555421624503,1286.9648724719364,12
3.3499999999999996,3.3499999999999996,3.3499999999999996,2463.8097022078405,832.5501708130714,1334.897434982239,12
3.3499999999999996,3.3499999999999996,3.3499999999999996,2141.150237697353,723.4755098230338,1160.0710135238555,13
3.3499999999999996,3.3499999999999996,3.3499999999999996,2157.765823018109,729.0897674539557,1169.073305172512,13
3.3499999999999996,3.3499999999999996,3.3499999999999996,2248.935860439961,759.8953074590762,1218.4690532395489,13
3.3499999999999996,3.3499999999999996,3.3499999999999996,2232.583111266436,754.369859810878,1209.6091657017023,13
3.3499999999999996,3.3499999999999996,3.3499999999999996,2316.899103385559,782.8594792269442,1255.2914054211767,13
3.3499999999999996,3.3499999999999996,3.3499999999999996,2525.0412104555007,853.1888350922334,1368.0623921807464,13
3.3499999999999996,3.3499999999999996,3.3499999999999996,2520.5894165211757,851.6846137491641,1365.6504189289558,13
3.3499999999999996,3.3499999999999996,3.3499999999999996,2283.693002480989,771.6394348049309,1237.300404858336,13
3.3499999999999996,3.3499999999999996,3.3499999999999996,2611.085052221791,882.2622794461176,1414.680777461666,13
3.3499999999999996,3.3499999999999996,3.3499999999999996,2558.170323829925,864.3828661165687,1386.0116810502404,13
3.3499999999999996,3.3499999999999996,3.3499999999999996,2372.8760564899,801.7735908910819,1285.619609196156,13
3.3499999999999996,3.3499999999999996,3.3499999999999996,2657.6879863103536,898.0089939481467,1439.9301560570907,13
3.3499999999999996,3.3499999999999996,3.3499999999999996,2519.569242376984,851.3399060326841,1365.097690571745,13
3.3499999999999996,3.3499999999999996,3.3499999999999996,2939.8185743504187,993.3383956058599,1592.7879571825722,13
3.3499999999999996,3.3499999999999996,3.3499999999999996,2842.2338614328014,960.3653941386985,1539.9167504705579,13
3.3499999999999996,3.3499999999999996,3.3499999999999996,2649.151141356203,895.1244704118038,1435.3049101477197,13
3.3499999999999996,3.3499999999999996,3.3499999999999996,2550.985965216319,861.9553356148701,1382.1192095965012,13
3.3499999999999996,3.3499999999999996,3.3499999999999996,2584.6740647220913,873.3382430520979,1400.371356059321,13
3.3499999999999996,3.3499999999999996,3.3499999999999996,2771.1519601935343,936.3474556340306,1501.404715321395,13
3.3499999999999996,3.3499999999999996,3.3499999999999996,2579.2418206083826,871.5027363648721,1397.428176816805,13
3.3499999999999996,3.3499999999999996,3.3499999999999996,2702.826035444865,913.2607369295862,1464.3858628477894,13
3.3499999999999996,3.3499999999999996,3.3499999999999996,2635.3074245326798,890.4468023479715,1427.804411432752,13
3.3499999999999996,3.3499999999999996,3.3499999999999996,2635.702866015296,890.5804184871868,1428.0186608550725,13
3.3499999999999996,3.3499999999999996,3.3499999999999996,2656.73074894885,897.685552007482,1439.4115267257193,13
3.3499999999999996,3.3499999999999996,3.3499999999999996,2711.994234412258,916.3585893386851,1469.353175127441,13
3.3499999999999996,3.3499999999999996,3.3499999999999996,2769.7015952610063,935.8573902988127,1500.6189104359487,13
3.3499999999999996,3.3499999999999996,3.3499999999999996,2866.035739320981,968.407835737012,1552.8125613853524,13
3.3499999999999996,3.3499999999999996,3.3499999999999996,2481.6965524670413,838.5430629347275,1344.5783412074754,13
3.3499999999999996,3.3499999999999996,3.3499999999999996,2354.149780719977,795.4461498403775,1275.4737495878621,13
3.3499999999999996,3.3499999999999996,3.3499999999999996,2450.866566548504,828.1258865089211,1327.8747150995255,13
3.3499999999999996,3.3499999999999996,3.3499999999999996,2621.2487211486737,885.6964922486983,1420.1874334195447,13
3.3499999999999996,3.3499999999999996,3.3499999999999996,2397.979538025365,810.2558327172023,1299.220626422832,13
3.3499999999999996,3.3499999999999996,3.3499999999999996,2745.5491710588976,927.6965022371348,1487.533174213473,13
3.3499999999999996,3.3499999999999996,3.3499999999999996,2276.5797783323146,769.2359400025377,1233.4464739186512,13
3.3499999999999996,3.3499999999999996,3.3499999999999996,2003.053586848927,676.8138869633209,1085.2505180287476,13
3.3499999999999996,3.3499999999999996,3.3499999999999996,2423.049392020814,818.726712098395,1312.8034243140598,13
3.3499999999999996,3.3499999999999996,3.3499999999999996,2491.418061455386,841.827873849797,1349.8454357749347,13
3.3499999999999996,3.3499999999999996,3.3499999999999996,2405.8583365064337,812.9180082374094,1303.4893440393566,13
3.3499999999999996,3.3499999999999996,3.3499999999999996,2270.3429160088986,767.1285600206539,1230.0673541028857,13
3.3499999999999996,3.3499999999999996,3.3499999999999996,2307.140492158653,779.5621317973946,1250.004208933388,13
3.3499999999999996,3.3499999999999996,3.3499999999999996,2411.0070241930175,814.6577037447069,1306.2788929639178,13
3.3499999999999996,3.3499999999999996,3.3499999999999996,2560.050222921011,865.0180672011978,1387.0302067031923,13
3.3499999999999996,3.3499999999999996,3.3499999999999996,2443.628506569603,825.6802107963206,1323.9531483510382,13
3.3499999999999996,3.3499999999999996,3.3499999999999996,2680.0752696840473,905.5734567154834,1452.0595424290138,13
3.3499999999999996,3.3499999999999996,3.3499999999999996,2690.158793787549,908.980589299248,1457.522776078242,13
3.3499999999999996,3.3499999999999996,3.3499999999999996,2480.349314405611,838.0878432466432,1343.84841025921,13
3.3499999999999996,3.3499999999999996,3.3499999999999996,2316.3208432857423,782.6640903125375,1254.9781052294084,13
3.3499999999999996,3.3499999999999996,3.3499999999999996,2403.3017211325828,812.0541507749797,1302.1041748271657,13
3.3499999999999996,3.3499999999999996,3.3499999999999996,2450.599500657418,828.0356473335902,1327.7300193217632,13
3.3499999999999996,3.3499999999999996,3.3499999999999996,2106.6500745164362,711.8182133349862,1141.3788925491656,13
3.3499999999999996,3.3499999999999996,3.3499999999999996,2190.3263865322037,740.0916905669354,1186.7145548390113,13
3.3499999999999996,3.3499999999999996,3.3499999999999996,2463.2538272013194,832.3114310626486,1334.5861087081073,13
3.3499999999999996,3.3499999999999996,3.3499999999999996,2583.6581253726918,872.9949662348923,1399.8209221056513,13
3.3499999999999996,3.3499999999999996,3.3499999999999996,2538.7286019937615,857.8136822407178,1375.4781941617248,13
3.3499999999999996,3.3499999999999996,3.3499999999999996,2433.967038364622,822.4156871248035,1318.7185837626448,13
3.3499999999999996,3.3499999999999996,3.3499999999999996,2555.57233433032,863.5050287071942,1384.604095417589,13
3.3499999999999996,3.3499999999999996,3.3499999999999996,2493.4082017327937,842.5003244450273,1350.9236898871495,13
3.3499999999999996,3.3499999999999996,3.3499999999999996,2742.610201645213,926.7034507653209,1485.9408463298794,13
3.3499999999999996,3.3499999999999996,3.3499999999999996,2375.3409483772225,802.6064558080047,1286.9550828026356,13
3.3499999999999996,3.3499999999999996,3.3499999999999996,2463.8097022078405,832.4992562542956,1334.8872807000837,13
3.3499999999999996,3.3499999999999996,3.3499999999999996,2141.150237697353,723.4710850671867,1160.070131057862,14
3.3499999999999996,3.3499999999999996,3.3499999999999996,2157.765823018109,729.0853083614667,1169.0724158584758,14
3.3499999999999996,3.3499999999999996,3.3499999999999996,2248.935860439961,759.8906599607717,1218.4681263501684,14
3.3499999999999996,3.3499999999999996,3.3499999999999996,2232.583111266436,754.3652461060557,1209.608245552038,14
3.3499999999999996,3.3499999999999996,3.3499999999999996,2316.899103385559,782.8546912804119,1255.2904505210333,14
3.3499999999999996,3.3499999999999996,3.3499999999999996,2525.0412104555007,853.1836170133413,1368.0613514957163,14
3.3499999999999996,3.3499999999999996,3.3499999999999996,2520.5894165211757,851.6794048700472,1365.6493800787136,14
3.3499999999999996,3.3499999999999996,3.3499999999999996,2283.693002480989,771.6347154798744,1237.2994636439462,14
3.3499999999999996,3.3499999999999996,3.3499999999999996,2611.085052221791,882.2568835548583,1414.6797013140308,14
3.3499999999999996,3.3499999999999996,3.3499999999999996,2558.170323829925,864.3775795752979,1386.0106267111867,14
3.3499999999999996,3.3499999999999996,3.3499999999999996,2372.8760564899,801.7686872663753,1285.6186312253485,14
3.3499999999999996,3.3499999999999996,3.3499999999999996,2657.6879863103536,898.003501750425,1439.929060702254,14
3.3499999999999996,3.3499999999999996,3.3499999999999996,2519.569242376984,851.3346992617899,1365.0966521419637,14
3.3499999999999996,3.3499999999999996,3.3499999999999996,2939.8185743504187,993.3323203762011,1592.7867455488097,14
3.3499999999999996,3.3499999999999996,3.3499999999999996,2842.2338614328014,960.3595205709886,1539.9155790559216,14
3.3499999999999996,3.3499999999999996,3.3499999999999996,2649.151141356203,895.1189958557468,1435.303818311308,14
3.3499999999999996,3.3499999999999996,3.3499999999999996,2550.985965216319,861.9500639203072,1382.1181582184502,14
3.3499999999999996,3.3499999999999996,3.3499999999999996,2584.6740647220913,873.332901739994,1400.3702907968623,14
3.3499999999999996,3.3499999999999996,3.3499999999999996,2771.1519601935343,936.3417289593569,1501.4035732028622,14
3.3499999999999996,3.3499999999999996,3.3499999999999996,2579.2418206083826,871.4974062786754,1397.427113793223,14
3.3499999999999996,3.3499999999999996,3.3499999999999996,2702.826035444865,913.2551514526333,1464.3847488894976,14
3.3499999999999996,3.3499999999999996,3.3499999999999996,2635.3074245326798,890.4413564004002,1427.8033253019692,14
3.3499999999999996,3.3499999999999996,3.3499999999999996,2635.702866015296,890.5749717224232,1428.01757456131,14
3.3499999999999996,3.3499999999999996,3.3499999999999996,2656.73074894885,897.6800617879219,1439.4104317654037,14
3.3499999999999996,3.3499999999999996,3.3499999999999996,2711.994234412258,916.3529849153543,1469.3520573905143,14
3.3499999999999996,3.3499999999999996,3.3499999999999996,2769.7015952610063,935.8516666213641,1500.6177689151782,14
3.3499999999999996,3.3499999999999996,3.3499999999999996,2866.035739320981,968.4019129819561,1552.8113801608727,14
3.3499999999999996,3.3499999999999996,3.3499999999999996,2481.6965524670413,838.5379344289655,1344.577318386762,14
3.3499999999999996,3.3499999999999996,3.3499999999999996,2354.149780719977,795.4412849141224,1275.4727793350107,14
3.3499999999999996,3.3499999999999996,3.3499999999999996,2450.866566548504,828.1208217143165,1327.8737049852605,14
3.3499999999999996,3.3499999999999996,3.3499999999999996,2621.2487211486737,885.6910753538899,1420.1863530829967,14
3.3499999999999996,3.3499999999999996,3.3499999999999996,2397.979538025365,810.2508772153435,1299.219638105732,14
3.3499999999999996,3.3499999999999996,3.3499999999999996,2745.5491710588976,927.6908284714481,1487.5320426470216,14
3.3499999999999996,3.3499999999999996,3.3499999999999996,2276.5797783323146,769.2312353771882,1233.4455356359472,14
3.3499999999999996,3.3499999999999996,3.3499999999999996,2003.053586848927,676.8097475886452,1085.2496924787033,14
3.3499999999999996,3.3499999999999996,3.3499999999999996,2423.049392020814,818.7217047888764,1312.802425664525,14
3.3499999999999996,3.3499999999999996,3.3499999999999996,2491.418061455386,841.8227252542239,1349.844408947543,14
3.3499999999999996,3.3499999999999996,3.3499999999999996,2405.8583365064337,812.9130364537602,1303.4883524750426,14
3.3499999999999996,3.3499999999999996,3.3499999999999996,2270.3429160088986,767.1238682839805,1230.0664183906777,14
3.3499999999999996,3.3499999999999996,3.3499999999999996,2307.140492158653,779.5573640173465,1250.003258055215,14
3.3499999999999996,3.3499999999999996,3.3499999999999996,2411.0070241930175,814.6527213211291,1306.277899277594,14
3.3499999999999996,3.3499999999999996,3.3499999999999996,2560.050222921011,865.0127767750554,1387.029151589346,14
3.3499999999999996,3.3499999999999996,3.3499999999999996,2443.628506569603,825.6751609594,1323.9521412199085,14
3.3499999999999996,3.3499999999999996,3.3499999999999996,2680.0752696840473,905.5679182537201,1452.0584378473532,14
3.3499999999999996,3.3499999999999996,3.3499999999999996,2690.158793787549,908.9750299995578,1457.5216673406997,14
3.3499999999999996,3.3499999999999996,3.3499999999999996,2480.349314405611,838.0827175249916,1343.847387993755,14
3.3499999999999996,3.3499999999999996,3.3499999999999996,2316.3208432857423,782.6593035609986,1254.977150567593,14
3.3499999999999996,3.3499999999999996,3.3499999999999996,2403.3017211325828,812.0491842746586,1302.1031843165497,14
3.3499999999999996,3.3499999999999996,3.3499999999999996,2450.599500657418,828.0305830908857,1327.7290093175684,14
3.3499999999999996,3.3499999999999996,3.3499999999999996,2106.6500745164362,711.813859874836,1141.3780243022682,14
3.3499999999999996,3.3499999999999996,3.3499999999999996,2190.3263865322037,740.0871641869945,1186.7136521052769,14
3.3499999999999996,3.3499999999999996,3.3499999999999996,2463.2538272013194,832.3063406693713,1334.5850934884857,14
3.3499999999999996,3.3499999999999996,3.3499999999999996,2583.6581253726918,872.9896270222594,1399.8198572619078,14
3.3499999999999996,3.3499999999999996,3.3499999999999996,2538.7286019937615,857.8084358763904,1375.4771478354946,14
3.3499999999999996,3.3499999999999996,3.3499999999999996,2433.967038364622,822.4106572536175,1318.717580613449,14
3.3499999999999996,3.3499999999999996,3.3499999999999996,2555.57233433032,863.499747534752,1384.603042149285,14
3.3499999999999996,3.3499999999999996,3.3499999999999996,2493.4082017327937,842.495171736765,1350.9226622395295,14
3.3499999999999996,3.3499999999999996,3.3499999999999996,2742.610201645213,926.6977830731088,1485.9397159747114,14
3.3499999999999996,3.3499999999999996,3.3499999999999996,2375.3409483772225,802.60154708952,1286.9541038159339,14
3.3499999999999996,3.3499999999999996,3.3499999999999996,2463.8097022078405,832.4941647122848,1334.8862652513599,14
3.3499999999999996,3.3499999999999996,3.3499999999999996,2141.150237697353,723.4706425908535,1160.0700428110847,15
3.3499999999999996,3.3499999999999996,3.3499999999999996,2157.765823018109,729.0848624514636,1169.072326926892,15
3.3499999999999996,3.3499999999999996,3.3499999999999996,2248.935860439961,759.8901952101551,1218.468033661043,15
3.3499999999999996,3.3499999999999996,3.3499999999999996,2232.583111266436,754.364784734793,1209.6081535368858,15
3.3499999999999996,3.3499999999999996,3.3499999999999996,2316.899103385559,782.8542124849489,1255.2903550308265,15
3.3499999999999996,3.3499999999999996,3.3499999999999996,2525.0412104555007,853.1830952045692,1368.0612474270029,15
3.3499999999999996,3.3499999999999996,3.3499999999999996,2520.5894165211757,851.678883981254,1365.6492761934794,15
3.3499999999999996,3.3499999999999996,3.3499999999999996,2283.693002480989,771.6342435465702,1237.2993695223176,15
3.3499999999999996,3.3499999999999996,3.3499999999999996,2611.085052221791,882.2563439648192,1414.6795936990497,15
3.3499999999999996,3.3499999999999996,3.3499999999999996,2558.170323829925,864.3770509202765,1386.010521277068,15
3.3499999999999996,3.3499999999999996,3.3499999999999996,2372.8760564899,801.7681969030751,1285.6185334280704,15
3.3499999999999996,3.3499999999999996,3.3499999999999996,2657.6879863103536,898.0029525297234,1439.928951166549,15
3.3499999999999996,3.3499999999999996,3.3499999999999996,2519.569242376984,851.3341785838195,1365.0965482987754,15
3.3499999999999996,3.3499999999999996,3.3499999999999996,2939.8185743504187,993.3317128522078,1592.7866243851888,15
3.3499999999999996,3.3499999999999996,3.3499999999999996,2842.2338614328014,960.358933213224,1539.9154619142214,15
3.3499999999999996,3.3499999999999996,3.3499999999999996,2649.151141356203,895.1184483992147,1435.303709127446,15
3.3499999999999996,3.3499999999999996,3.3499999999999996,2550.985965216319,861.9495367499592,1382.1180530804324,15
3.3499999999999996,3.3499999999999996,3.3499999999999996,2584.6740647220913,873.3323676078799,1400.3701842704015,15
3.3499999999999996,3.3499999999999996,3.3499999999999996,2771.1519601935343,936.3411562909203,1501.4034589907783,15
3.3499999999999996,3.3499999999999996,3.3499999999999996,2579.2418206083826,871.4968732691541,1397.42700749065,15
3.3499999999999996,3.3499999999999996,3.3499999999999996,2702.826035444865,913.2545929039932,1464.384637493443,15
3.3499999999999996,3.3499999999999996,3.3499999999999996,2635.3074245326798,890.440811804722,1427.8032166886715,15
3.3499999999999996,3.3499999999999996,3.3499999999999996,2635.702866015296,890.5744270450253,1428.017465931715,15
3.3499999999999996,3.3499999999999996,3.3499999999999996,2656.73074894885,897.6795127650373,1439.4103222691513,15
3.3499999999999996,3.3499999999999996,3.3499999999999996,2711.994234412258,916.3524244720732,1469.351945616596,15
3.3499999999999996,3.3499999999999996,3.3499999999999996,2769.7015952610063,935.8510942526511,1500.6176547628702,15
3.3499999999999996,3.3499999999999996,3.3499999999999996,2866.035739320981,968.4013207054485,1552.8112620381855,15
3.3499999999999996,3.3499999999999996,3.3499999999999996,2481.6965524670413,838.5374215775215,1344.5772161044843,15
3.3499999999999996,3.3499999999999996,3.3499999999999996,2354.149780719977,795.4407984206739,1275.4726823095295,15
3.3499999999999996,3.3499999999999996,3.3499999999999996,2450.866566548504,828.1203152339992,1327.87360397363,15
3.3499999999999996,3.3499999999999996,3.3499999999999996,2621.2487211486737,885.6905336634927,1420.1862450491233,15
3.3499999999999996,3.3499999999999996,3.3499999999999996,2397.979538025365,810.2503816643192,1299.219539273822,15
3.3499999999999996,3.3499999999999996,3.3499999999999996,2745.5491710588976,927.6902610939192,1487.5319294901478,15
3.3499999999999996,3.3499999999999996,3.3499999999999996,2276.5797783323146,769.2307649138572,1233.4454418074872,15
3.3499999999999996,3.3499999999999996,3.3499999999999996,2003.053586848927,676.8093336504774,1085.2496099235325,15
3.3499999999999996,3.3499999999999996,3.3499999999999996,2423.049392020814,818.7212040570776,1312.802325799369,15
3.3499999999999996,3.3499999999999996,3.3499999999999996,2491.418061455386,841.8222103937953,1349.8443062645965,15
3.3499999999999996,3.3499999999999996,3.3499999999999996,2405.8583365064337,812.9125392745544,1303.488253318411,15
3.3499999999999996,3.3499999999999996,3.3499999999999996,2270.3429160088986,767.1233991095195,1230.0663248192677,15
3.3499999999999996,3.3499999999999996,3.3499999999999996,2307.140492158653,779.5568872385353,1250.0031629672053,15
3.3499999999999996,3.3499999999999996,3.3499999999999996,2411.0070241930175,814.6522230779283,1306.277799908761,15
3.3499999999999996,3.3499999999999996,3.3499999999999996,2560.050222921011,865.0122477315459,1387.029046077748,15
3.3499999999999996,3.3499999999999996,3.3499999999999996,2443.628506569603,825.6746559748534,1323.952040506592,15
3.3499999999999996,3.3499999999999996,3.3499999999999996,2680.0752696840473,905.567364406607,1452.058327388964,15
3.3499999999999996,3.3499999999999996,3.3499999999999996,2690.158793787549,908.9744740686484,1457.5215564667214,15
3.3499999999999996,3.3499999999999996,3.3499999999999996,2480.349314405611,838.0822049519595,1343.847285767003,15
3.3499999999999996,3.3499999999999996,3.3499999999999996,2316.3208432857423,782.6588248850347,1254.9770551012186,15
3.3499999999999996,3.3499999999999996,3.3499999999999996,2403.3017211325828,812.048687623786,1302.1030852652882,15
3.3499999999999996,3.3499999999999996,3.3499999999999996,2450.599500657418,828.0300766657584,1327.7289083169444,15
3.3499999999999996,3.3499999999999996,3.3499999999999996,2106.6500745164362,711.8134245280842,1141.377937477403,15
3.3499999999999996,3.3499999999999996,3.3499999999999996,2190.3263865322037,740.0867115482347,1186.7135618317207,15
3.3499999999999996,3.3499999999999996,3.3499999999999996,2463.2538272013194,832.3058316291824,1334.584991966318,15
3.3499999999999996,3.3499999999999996,3.3499999999999996,2583.6581253726918,872.9890931000928,1399.8197507773182,15
3.3499999999999996,3.3499999999999996,3.3499999999999996,2538.7286019937615,857.8079112390702,1375.47704320266,15
3.3499999999999996,3.3499999999999996,3.3499999999999996,2433.967038364622,822.4101542656481,1318.7174802983266,15
3.3499999999999996,3.3499999999999996,3.3499999999999996,2555.57233433032,863.4992194166147,1384.602936822242,15
3.3499999999999996,3.3499999999999996,3.3499999999999996,2493.4082017327937,842.494656465067,1350.92255947456,15
3.3499999999999996,3.3499999999999996,3.3499999999999996,2742.610201645213,926.6972163029286,1485.9396029389666,15
3.3499999999999996,3.3499999999999996,3.3499999999999996,2375.3409483772225,802.601056216841,1286.9540059170658,15
3.3499999999999996,3.3499999999999996,3.3499999999999996,2463.8097022078405,832.4936555572225,1334.8861637062823,15
3.3499999999999996,3.3499999999999996,3.3499999999999996,2141.150237697353,721.2813082644453,1156.819183623322,16
3.3499999999999996,3.3499999999999996,3.3499999999999996,2157.765823018109,726.8785386253672,1165.7962406778756,16
3.3499999999999996,3.3499999999999996,3.3499999999999996,2248.935860439961,757.5906496712834,1215.053526039914,16
3.3499999999999996,3.3499999999999996,3.3499999999999996,2232.583111266436,752.0819599446418,1206.2184739189295,16
3.3499999999999996,3.3499999999999996,3.3499999999999996,2316.899103385559,780.4851742696198,1251.7726603801884,16
3.3499999999999996,3.3499999999999996,3.3499999999999996,2525.0412104555007,850.6012308868227,1364.2275353997163,16
3.3499999999999996,3.3499999999999996,3.3499999999999996,2520.5894165211757,849.101571639872,1361.8223232225907,16
3.3499999999999996,3.3499999999999996,3.3499999999999996,2283.693002480989,769.299158696716,1233.8320909313823,16
3.3499999999999996,3.3499999999999996,3.3499999999999996,2611.085052221791,879.5864994890072,1410.71524328468,16
3.3499999999999996,3.3499999999999996,3.3499999999999996,2558.170323829925,861.7613119571002,1382.1265100784767,16
3.3499999999999996,3.3499999999999996,3.3499999999999996,2372.8760564899,799.3419220386025,1282.0158502562638,16
3.3499999999999996,3.3499999999999996,3.3499999999999996,2657.6879863103536,895.285456375148,1435.8938445886029,16
3.3499999999999996,3.3499999999999996,3.3499999999999996,2519.569242376984,848.7579093744108,1361.2711442348395,16
3.3499999999999996,3.3499999999999996,3.3499999999999996,2939.8185743504187,990.3257370897792,1588.3231654206932,16
3.3499999999999996,3.3499999999999996,3.3499999999999996,2842.2338614328014,957.4527381938565,1535.6001635761904,16
3.3499999999999996,3.3499999999999996,3.3499999999999996,2649.151141356203,892.4096812013314,1431.2815638449595,16
3.3499999999999996,3.3499999999999996,3.3499999999999996,2550.985965216319,859.3411438210072,1378.2449497283783,16
3.3499999999999996,3.3499999999999996,3.3499999999999996,2584.6740647220913,870.6895284680362,1396.4459330512486,16
3.3499999999999996,3.3499999999999996,3.3499999999999996,2771.1519601935343,933.507642788071,1497.196082669456,16
3.3499999999999996,3.3499999999999996,3.3499999999999996,2579.2418206083826,868.8595886197418,1393.5110039228655,16
3.3499999999999996,3.3499999999999996,3.3499999999999996,2702.826035444865,910.4909429211352,1460.2809988530742,16
3.3499999999999996,3.3499999999999996,3.3499999999999996,2635.3074245326798,887.7461998603624,1423.802090003216,16
3.3499999999999996,3.3499999999999996,3.3499999999999996,2635.702866015296,887.879410760234,1424.015738856546,16
3.3499999999999996,3.3499999999999996,3.3499999999999996,2656.73074894885,894.9629953893336,1435.3766690426874,16
3.3499999999999996,3.3499999999999996,3.3499999999999996,2711.994234412258,913.5793999706235,1465.2343871104822,16
3.3499999999999996,3.3499999999999996,3.3499999999999996,2769.7015952610063,933.0190637535053,1496.412480497286,16
3.3499999999999996,3.3499999999999996,3.3499999999999996,2866.035739320981,965.4707881746926,1548.4598258560864,16
3.3499999999999996,3.3499999999999996,3.3499999999999996,2481.6965524670413,835.9998773387352,1340.8093132750676,16
3.3499999999999996,3.3499999999999996,3.3499999999999996,2354.149780719977,793.0336712449651,1271.8984308117674,16
3.3499999999999996,3.3499999999999996,3.3499999999999996,2450.866566548504,825.6142947740054,1324.1525096031514,16
3.3499999999999996,3.3499999999999996,3.3499999999999996,2621.2487211486737,883.0102967972393,1416.2064633698515,16
3.3499999999999996,3.3499999999999996,3.3499999999999996,2397.979538025365,807.7984383937392,1295.5787420630484,16
3.3499999999999996,3.3499999999999996,3.3499999999999996,2745.5491710588976,924.8829265411115,1483.3634252950435,16
3.3499999999999996,3.3499999999999996,3.3499999999999996,2276.5797783323146,766.9029533629644,1229.9889630612663,16
3.3499999999999996,3.3499999999999996,3.3499999999999996,2003.053586848927,674.7612036789724,1082.2084197063568,16
3.3499999999999996,3.3499999999999996,3.3499999999999996,2423.049392020814,816.2436267646789,1309.1234656055492,16
3.3499999999999996,3.3499999999999996,3.3499999999999996,2491.418061455386,839.2747258748002,1346.0616434915485,16
3.3499999999999996,3.3499999999999996,3.3499999999999996,2405.8583365064337,810.452539902323,1299.8354939090116,16
3.3499999999999996,3.3499999999999996,3.3499999999999996,2270.3429160088986,764.8019647742624,1226.6193153577474,16
3.3499999999999996,3.3499999999999996,3.3499999999999996,2307.140492158653,777.1978272405967,1246.5002845916747,16
3.3499999999999996,3.3499999999999996,3.3499999999999996,2411.0070241930175,812.1869591527993,1302.6172233651987,16
3.3499999999999996,3.3499999999999996,3.3499999999999996,2560.050222921011,862.394586564342,1383.1421806715794,16
3.3499999999999996,3.3499999999999996,3.3499999999999996,2443.628506569603,823.1760364589362,1320.2419355161999,16
3.3499999999999996,3.3499999999999996,3.3499999999999996,2680.0752696840473,902.8269771689575,1447.9892307132834,16
3.3499999999999996,3.3499999999999996,3.3499999999999996,2690.158793787549,906.2237763889464,1453.437150208182,16
3.3499999999999996,3.3499999999999996,3.3499999999999996,2480.349314405611,835.5460382692561,1340.0814284181663,16
3.3499999999999996,3.3499999999999996,3.3499999999999996,2316.3208432857423,780.2903779428746,1251.4602384095979,16
3.3499999999999996,3.3499999999999996,3.3499999999999996,2403.3017211325828,809.5913024005756,1298.4542075062425,16
3.3499999999999996,3.3499999999999996,3.3499999999999996,2450.599500657418,825.5243292816623,1324.0082194264696,16
3.3499999999999996,3.3499999999999996,3.3499999999999996,2106.6500745164362,709.6593667507893,1138.179459094351,16
3.3499999999999996,3.3499999999999996,3.3499999999999996,2190.3263865322037,737.8470944211202,1183.3880396275833,16
3.3499999999999996,3.3499999999999996,3.3499999999999996,2463.2538272013194,829.787145147683,1330.8450903027335,16
3.3499999999999996,3.3499999999999996,3.3499999999999996,2583.6581253726918,870.3472927621286,1395.8970420355263,16
3.3499999999999996,3.3499999999999996,3.3499999999999996,2538.7286019937615,855.2120515110038,1371.622549923429,16
3.3499999999999996,3.3499999999999996,3.3499999999999996,2433.967038364622,819.9214136380089,1315.0220440930236,16
3.3499999999999996,3.3499999999999996,3.3499999999999996,2555.57233433032,860.8861369076617,1380.7228700913881,16
3.3499999999999996,3.3499999999999996,3.3499999999999996,2493.4082017327937,839.9451370200088,1347.136875117276,16
3.3499999999999996,3.3499999999999996,3.3499999999999996,2742.610201645213,923.8928868576137,1481.7755609135654,16
3.3499999999999996,3.3499999999999996,3.3499999999999996,2375.3409483772225,800.172260990964,1283.3475803565666,16
3.3499999999999996,3.3499999999999996,3.3499999999999996,2463.8097022078405,829.9744006913978,1331.1454180704532,16
3.3499999999999996,3.3499999999999996,3.3499999999999996,2141.150237697353,723.2487948271711,1159.7346198374848,17
3.3499999999999996,3.3499999999999996,3.3499999999999996,2157.765823018109,728.8612931222506,1168.7343010303694,17
3.3499999999999996,3.3499999999999996,3.3499999999999996,2248.935860439961,759.657179617639,1218.115725476189,17
3.3499999999999996,3.3499999999999996,3.3499999999999996,2232.583111266436,754.1334634749636,1209.258407100225,17
3.3499999999999996,3.3499999999999996,3.3499999999999996,2316.899103385559,782.6141551196533,1254.9274000297692,17
3.3499999999999996,3.3499999999999996,3.3499999999999996,2525.0412104555007,852.9214719256968,1367.6656858188726,17
3.3499999999999996,3.3499999999999996,3.3499999999999996,2520.5894165211757,851.4177219593787,1365.2544119833801,17
3.3499999999999996,3.3499999999999996,3.3499999999999996,2283.693002480989,771.3976267148241,1236.9416164397949,17
3.3499999999999996,3.3499999999999996,3.3499999999999996,2611.085052221791,881.9858055554071,1414.270552849362,17
3.3499999999999996,3.3499999999999996,3.3499999999999996,2558.170323829925,864.1119950846477,1385.6097698109238,17
3.3499999999999996,3.3499999999999996,3.3499999999999996,2372.8760564899,801.5223396823352,1285.2468093291081,17
3.3499999999999996,3.3499999999999996,3.3499999999999996,2657.6879863103536,897.7275855209323,1439.5126097106472,17
3.3499999999999996,3.3499999999999996,3.3499999999999996,2519.569242376984,851.0731222637057,1364.7018439045723,17
3.3499999999999996,3.3499999999999996,3.3499999999999996,2939.8185743504187,993.0271138731786,1592.3260856193003,17
3.3499999999999996,3.3499999999999996,3.3499999999999996,2842.2338614328014,960.0644451315759,1539.4702103308982,17
3.3499999999999996,3.3499999999999996,3.3499999999999996,2649.151141356203,894.8439659056378,1434.8887050153087,17
3.3499999999999996,3.3499999999999996,3.3499999999999996,2550.985965216319,861.6852252964218,1381.7184270836206,17
3.3499999999999996,3.3499999999999996,3.3499999999999996,2584.6740647220913,873.0645656802009,1399.9652808473202,17
3.3499999999999996,3.3499999999999996,3.3499999999999996,2771.1519601935343,936.05403311088,1500.969342778652,17
3.3499999999999996,3.3499999999999996,3.3499999999999996,2579.2418206083826,871.2296341843746,1397.0229550585186,17
3.3499999999999996,3.3499999999999996,3.3499999999999996,2702.826035444865,912.9745490747337,1463.9612249136205,17
3.3499999999999996,3.3499999999999996,3.3499999999999996,2635.3074245326798,890.1677636792544,1427.3903812709964,17
3.3499999999999996,3.3499999999999996,3.3499999999999996,2635.702866015296,890.301337947277,1427.604568565954,17
3.3499999999999996,3.3499999999999996,3.3499999999999996,2656.73074894885,897.404244937034,1438.9941307697525,17
3.3499999999999996,3.3499999999999996,3.3499999999999996,2711.994234412258,916.0714307120696,1468.9270967879263,17
3.3499999999999996,3.3499999999999996,3.3499999999999996,2769.7015952610063,935.5641213470801,1500.1837657583953,17
3.3499999999999996,3.3499999999999996,3.3499999999999996,2866.035739320981,968.104366475798,1552.3622817596422,17
3.3499999999999996,3.3499999999999996,3.3499999999999996,2481.6965524670413,838.2802893031909,1344.1884446756771,17
3.3499999999999996,3.3499999999999996,3.3499999999999996,2354.149780719977,795.1968814572442,1275.1038917847702,17
3.3499999999999996,3.3499999999999996,3.3499999999999996,2450.866566548504,827.8663773004067,1327.489662231863,17
3.3499999999999996,3.3499999999999996,3.3499999999999996,2621.2487211486737,885.4189421812123,1419.7756120047386,17
3.3499999999999996,3.3499999999999996,3.3499999999999996,2397.979538025365,810.0019234344854,1298.8438825762607,17
3.3499999999999996,3.3499999999999996,3.3499999999999996,2745.5491710588976,927.4057906569764,1487.101824095904,17
3.3499999999999996,3.3499999999999996,3.3499999999999996,2276.5797783323146,768.9948850938546,1233.0888030506917,17
3.3499999999999996,3.3499999999999996,3.3499999999999996,2003.053586848927,676.6017942863757,1084.9358205506285,17
3.3499999999999996,3.3499999999999996,3.3499999999999996,2423.049392020814,818.4701483023496,1312.4227417711495,17
3.3499999999999996,3.3499999999999996,3.3499999999999996,2491.418061455386,841.5640708594461,1349.4540119078808,17
3.3499999999999996,3.3499999999999996,3.3499999999999996,2405.8583365064337,812.6632647106809,1303.1113623636886,17
3.3499999999999996,3.3499999999999996,3.3499999999999996,2270.3429160088986,766.8881655001071,1229.710663101295,17
3.3499999999999996,3.3499999999999996,3.3499999999999996,2307.140492158653,779.317840977477,1249.6417367063261,17
3.3499999999999996,3.3499999999999996,3.3499999999999996,2411.0070241930175,814.4024150508584,1305.9001023837645,17
3.3499999999999996,3.3499999999999996,3.3499999999999996,2560.050222921011,864.7469971167736,1386.6280001150606,17
3.3499999999999996,3.3499999999999996,3.3499999999999996,2443.628506569603,825.4214679874309,1323.5692326467724,17
3.3499999999999996,3.3499999999999996,3.3499999999999996,2680.0752696840473,905.2896778180573,1451.638478841861,17
3.3499999999999996,3.3499999999999996,3.3499999999999996,2690.158793787549,908.6957427111541,1457.100128280049,17
3.3499999999999996,3.3499999999999996,3.3499999999999996,2480.349314405611,837.8252122669703,1343.4587253904565,17
3.3499999999999996,3.3499999999999996,3.3499999999999996,2316.3208432857423,782.4188274341292,1254.6141906877897,17
3.3499999999999996,3.3499999999999996,3.3499999999999996,2403.3017211325828,811.7996779546374,1301.7265948184402,17
3.3499999999999996,3.3499999999999996,3.3499999999999996,2450.599500657418,827.7761664032607,1327.34500841252,17
3.3499999999999996,3.3499999999999996,3.3499999999999996,2106.6500745164362,711.5951513776703,1141.047919144319,17
3.3499999999999996,3.3499999999999996,3.3499999999999996,2190.3263865322037,739.8597685705628,1186.3704351436495,17
3.3499999999999996,3.3499999999999996,3.3499999999999996,2463.2538272013194,832.0506102330726,1334.1991096919671,17
3.3499999999999996,3.3499999999999996,3.3499999999999996,2583.6581253726918,872.7213964354027,1399.4150065067302,17
3.3499999999999996,3.3499999999999996,3.3499999999999996,2538.7286019937615,857.5448697891841,1375.0793373892843,17
3.3499999999999996,3.3499999999999996,3.3499999999999996,2433.967038364622,822.1579673173293,1318.3361859606953,17
3.3499999999999996,3.3499999999999996,3.3499999999999996,2555.57233433032,863.2344327625456,1384.2025923454569,17
3.3499999999999996,3.3499999999999996,3.3499999999999996,2493.4082017327937,842.2363107293208,1350.531953351413,17
3.3499999999999996,3.3499999999999996,3.3499999999999996,2742.610201645213,926.4130503769823,1485.5099579504629,17
3.3499999999999996,3.3499999999999996,3.3499999999999996,2375.3409483772225,802.3549436049832,1286.581895679218,17
3.3499999999999996,3.3499999999999996,3.3499999999999996,2463.8097022078405,832.2383765660758,1334.500194351051,17
3.3499999999999996,3.3499999999999996,3.3499999999999996,2141.150237697353,723.448384511212,1160.036385691704,18
3.3499999999999996,3.3499999999999996,3.3499999999999996,2157.765823018109,729.0624316464271,1169.0384086241866,18
3.3499999999999996,3.3499999999999996,3.3499999999999996,2248.935860439961,759.86681665754,1218.43268224039,18
3.3499999999999996,3.3499999999999996,3.3499999999999996,2232.583111266436,754.3415761752906,1209.5730591679899,18
3.3499999999999996,3.3499999999999996,3.3499999999999996,2316.899103385559,782.8301274283024,1255.2539352839344,18
3.3499999999999996,3.3499999999999996,3.3499999999999996,2525.0412104555007,853.1568464307236,1368.0215558575067,18
3.3499999999999996,3.3499999999999996,3.3499999999999996,2520.5894165211757,851.6526814855174,1365.6096546025199,18
3.3499999999999996,3.3499999999999996,3.3499999999999996,2283.693002480989,771.6105036801054,1237.2634717479998,18
3.3499999999999996,3.3499999999999996,3.3499999999999996,2611.085052221791,882.2292007321689,1414.6385495911834,18
3.3499999999999996,3.3499999999999996,3.3499999999999996,2558.170323829925,864.3504577565645,1385.9703089451782,18
3.3499999999999996,3.3499999999999996,3.3499999999999996,2372.8760564899,801.7435299444872,1285.5812337695497,18
3.3499999999999996,3.3499999999999996,3.3499999999999996,2657.6879863103536,897.975324841662,1439.8871744989171,18
3.3499999999999996,3.3499999999999996,3.3499999999999996,2519.569242376984,851.307986693185,1365.0569427441137,18
3.3499999999999996,3.3499999999999996,3.3499999999999996,2939.8185743504187,993.301152308251,1592.740412856931,18
3.3499999999999996,3.3499999999999996,3.3499999999999996,2842.2338614328014,960.3293870998629,1539.8707843373295,18
3.3499999999999996,3.3499999999999996,3.3499999999999996,2649.151141356203,895.0909094549373,1435.2620666519902,18
3.3499999999999996,3.3499999999999996,3.3499999999999996,2550.985965216319,861.9230182704159,1382.0779536807468,18
3.3499999999999996,3.3499999999999996,3.3499999999999996,2584.6740647220913,873.3054989275952,1400.3295553215198,18
3.3499999999999996,3.3499999999999996,3.3499999999999996,2771.1519601935343,936.3123491012421,1501.3598987628677,18
3.3499999999999996,3.3499999999999996,3.3499999999999996,2579.2418206083826,871.4700610591347,1397.3864639321744,18
3.3499999999999996,3.3499999999999996,3.3499999999999996,2702.826035444865,913.2264959885628,1464.342151292831,18
3.3499999999999996,3.3499999999999996,3.3499999999999996,2635.3074245326798,890.4134167712015,1427.761791825049,18
3.3499999999999996,3.3499999999999996,3.3499999999999996,2635.702866015296,890.5470279007386,1427.9760348520774,18
3.3499999999999996,3.3499999999999996,3.3499999999999996,2656.73074894885,897.651895027826,1439.3685606485026,18
3.3499999999999996,3.3499999999999996,3.3499999999999996,2711.994234412258,916.3242322496905,1469.3093152994422,18
3.3499999999999996,3.3499999999999996,3.3499999999999996,2769.7015952610063,935.8223021400735,1500.5741173335025,18
3.3499999999999996,3.3499999999999996,3.3499999999999996,2866.035739320981,968.3715271624185,1552.7662103153648,18
3.3499999999999996,3.3499999999999996,3.3499999999999996,2481.6965524670413,838.5116233880543,1344.5382058773353,18
3.3499999999999996,3.3499999999999996,3.3499999999999996,2354.149780719977,795.4163261289198,1275.4356770126496,18
3.3499999999999996,3.3499999999999996,3.3499999999999996,2450.866566548504,828.094837534085,1327.835078368484,18
3.3499999999999996,3.3499999999999996,3.3499999999999996,2621.2487211486737,885.6632847755975,1420.1450411767466,18
3.3499999999999996,3.3499999999999996,3.3499999999999996,2397.979538025365,810.2254537453927,1299.1818450092335,18
3.3499999999999996,3.3499999999999996,3.3499999999999996,2745.5491710588976,927.6617200550743,1487.4887717170088,18
3.3499999999999996,3.3499999999999996,3.3499999999999996,2276.5797783323146,769.207098992091,1233.4096558471983,18
3.3499999999999996,3.3499999999999996,3.3499999999999996,2003.053586848927,676.7885111385973,1085.2181235698376,18
3.3499999999999996,3.3499999999999996,3.3499999999999996,2423.049392020814,818.6960155273835,1312.764237457311,18
3.3499999999999996,3.3499999999999996,3.3499999999999996,2491.418061455386,841.7963111455059,1349.8051432233276,18
3.3499999999999996,3.3499999999999996,3.3499999999999996,2405.8583365064337,812.8875294524897,1303.4504352055956,18
3.3499999999999996,3.3499999999999996,3.3499999999999996,2270.3429160088986,767.0997980223343,1230.0306368973213,18
3.3499999999999996,3.3499999999999996,3.3499999999999996,2307.140492158653,779.532903626403,1249.9668966176496,18
3.3499999999999996,3.3499999999999996,3.3499999999999996,2411.0070241930175,814.6271597332758,1306.239900862813,18
3.3499999999999996,3.3499999999999996,3.3499999999999996,2560.050222921011,864.9856350255603,1386.988804195392,18
3.3499999999999996,3.3499999999999996,3.3499999999999996,2443.628506569603,825.6492535173545,1323.9136286777914,18
3.3499999999999996,3.3499999999999996,3.3499999999999996,2680.0752696840473,905.5395039941307,1452.0161988116638,18
3.3499999999999996,3.3499999999999996,3.3499999999999996,2690.158793787549,908.9465088340629,1457.479269384722,18
3.3499999999999996,3.3499999999999996,3.3499999999999996,2480.349314405611,838.0564207675499,1343.8082967173275,18
3.3499999999999996,3.3499999999999996,3.3499999999999996,2316.3208432857423,782.6347458396242,1254.940644444099,18
3.3499999999999996,3.3499999999999996,3.3499999999999996,2403.3017211325828,812.0237043787208,1302.0653073403619,18
3.3499999999999996,3.3499999999999996,3.3499999999999996,2450.599500657418,828.0046017420968,1327.6903869098549,18
3.3499999999999996,3.3499999999999996,3.3499999999999996,2106.6500745164362,711.7915250908994,1141.344822672191,18
3.3499999999999996,3.3499999999999996,3.3499999999999996,2190.3263865322037,740.0639422636265,1186.6791317037569,18
3.3499999999999996,3.3499999999999996,3.3499999999999996,2463.2538272013194,832.2802251589325,1334.5462716436307,18
3.3499999999999996,3.3499999999999996,3.3499999999999996,2583.6581253726918,872.9622349808882,1399.7791377981669,18
3.3499999999999996,3.3499999999999996,3.3499999999999996,2538.7286019937615,857.7815201795288,1375.4371364786348,18
3.3499999999999996,3.3499999999999996,3.3499999999999996,2433.967038364622,822.3848522428243,1318.6792203398536,18
3.3499999999999996,3.3499999999999996,3.3499999999999996,2555.57233433032,863.4726532600021,1384.562765328609,18
3.3499999999999996,3.3499999999999996,3.3499999999999996,2493.4082017327937,842.4687365285043,1350.8833651499244,18
3.3499999999999996,3.3499999999999996,3.3499999999999996,2742.610201645213,926.6687058158002,1485.8964913640077,18
3.3499999999999996,3.3499999999999996,3.3499999999999996,2375.3409483772225,802.5763636347547,1286.9166675124732,18
3.3499999999999996,3.3499999999999996,3.3499999999999996,2463.8097022078405,832.4680433084385,1334.8474346456976,18
3.3499999999999996,3.3499999999999996,3.3499999999999996,2141.150237697353,723.4683722443331,1160.0666672117204,19
3.3499999999999996,3.3499999999999996,3.3499999999999996,2157.765823018109,729.082574486779,1169.0689251324682,19
3.3499999999999996,3.3499999999999996,3.3499999999999996,2248.935860439961,759.8878105742641,1218.4644881338183,19
3.3499999999999996,3.3499999999999996,3.3499999999999996,2232.583111266436,754.3624174383707,1209.6046337903508,19
3.3499999999999996,3.3499999999999996,3.3499999999999996,2316.899103385559,782.8517557849354,1255.2867023571366,19
3.3499999999999996,3.3499999999999996,3.3499999999999996,2525.0412104555007,853.1804178032245,1368.0572666098922,19
3.3499999999999996,3.3499999999999996,3.3499999999999996,2520.5894165211757,851.6762113003228,1365.6453023947795,19
3.3499999999999996,3.3499999999999996,3.3499999999999996,2283.693002480989,771.6318220563029,1237.2957691992244,19
3.3499999999999996,3.3499999999999996,3.3499999999999996,2611.085052221791,882.2535753277764,1414.675477230768,19
3.3499999999999996,3.3499999999999996,3.3499999999999996,2558.170323829925,864.3743383908189,1386.0064882307336,19
3.3499999999999996,3.3499999999999996,3.3499999999999996,2372.8760564899,801.7656808484784,1285.614792504727,19
3.3499999999999996,3.3499999999999996,3.3499999999999996,2657.6879863103536,898.0001344777414,1439.924761227087,19
3.3499999999999996,3.3499999999999996,3.3499999999999996,2519.569242376984,851.3315069846195,1365.092576108416,19
3.3499999999999996,3.3499999999999996,3.3499999999999996,2939.8185743504187,993.328595645973,1592.7819896568385,19
3.3499999999999996,3.3499999999999996,3.3499999999999996,2842.2338614328014,960.355919479931,1539.9109810316354,19
3.3499999999999996,3.3499999999999996,3.3499999999999996,2649.151141356203,895.1156393991876,1435.2995326466232,19
3.3499999999999996,3.3499999999999996,3.3499999999999996,2550.985965216319,861.946831838362,1382.1140313604944,19
3.3499999999999996,3.3499999999999996,3.3499999999999996,2584.6740647220913,873.3296269754547,1400.3661094399786,19
3.3499999999999996,3.3499999999999996,3.3499999999999996,2771.1519601935343,936.3382179285863,1501.3990901713337,19
3.3499999999999996,3.3499999999999996,3.3499999999999996,2579.2418206083826,871.4941383967528,1397.4229412243528,19
3.3499999999999996,3.3499999999999996,3.3499999999999996,2702.826035444865,913.2517269903473,1464.3803763922438,19
3.3499999999999996,3.3499999999999996,3.3499999999999996,2635.3074245326798,890.438017483737,1427.7990620329597,19
3.3499999999999996,3.3499999999999996,3.3499999999999996,2635.702866015296,890.571632304738,1428.013310652575,19
3.3499999999999996,3.3499999999999996,3.3499999999999996,2656.73074894885,897.6766957280519,1439.406133838808,19
3.3499999999999996,3.3499999999999996,3.3499999999999996,2711.994234412258,916.349548837022,1469.3476700614058,19
3.3499999999999996,3.3499999999999996,3.3499999999999996,2769.7015952610063,935.8481574281965,1500.6132882299771,19
3.3499999999999996,3.3499999999999996,3.3499999999999996,2866.035739320981,968.3982817340798,1552.8067436310942,19
3.3499999999999996,3.3499999999999996,3.3499999999999996,2481.6965524670413,838.5347901362368,1344.5733036217655,19
3.3499999999999996,3.3499999999999996,3.3499999999999996,2354.149780719977,795.43830222229,1275.4689709088243,19
3.3499999999999996,3.3499999999999996,3.3499999999999996,2450.866566548504,828.1177164829714,1327.8697400954784,19
3.3499999999999996,3.3499999999999996,3.3499999999999996,2621.2487211486737,885.6877542495085,1420.1821125574565,19
3.3499999999999996,3.3499999999999996,3.3499999999999996,2397.979538025365,810.2478389915053,1299.2157587739487,19
3.3499999999999996,3.3499999999999996,3.3499999999999996,2745.5491710588976,927.6873498792381,1487.527601034409,19
3.3499999999999996,3.3499999999999996,3.3499999999999996,2276.5797783323146,769.2283509660235,1233.4418526986447,19
3.3499999999999996,3.3499999999999996,3.3499999999999996,2003.053586848927,676.807209733313,1085.2464520384415,19
3.3499999999999996,3.3499999999999996,3.3499999999999996,2423.049392020814,818.718634801703,1312.798505775981,19
3.3499999999999996,3.3499999999999996,3.3499999999999996,2491.418061455386,841.8195686444093,1349.840378455573,19
3.3499999999999996,3.3499999999999996,3.3499999999999996,2405.8583365064337,812.9099882475382,1303.484460397332,19
3.3499999999999996,3.3499999999999996,3.3499999999999996,2270.3429160088986,767.1209917748785,1230.0627455430604,19
3.3499999999999996,3.3499999999999996,3.3499999999999996,2307.140492158653,779.5544408859646,1249.9995256783125,19
3.3499999999999996,3.3499999999999996,3.3499999999999996,2411.0070241930175,814.6496665915541,1306.273998870593,19
3.3499999999999996,3.3499999999999996,3.3499999999999996,2560.050222921011,865.0095332087568,1387.0250100676865,19
3.3499999999999996,3.3499999999999996,3.3499999999999996,2443.628506569603,825.6720648986279,1323.9481880394992,19
3.3499999999999996,3.3499999999999996,3.3499999999999996,2680.0752696840473,905.5645226165004,1452.0541021551549,19
3.3499999999999996,3.3499999999999996,3.3499999999999996,2690.158793787549,908.971621586581,1457.517315335879,19
3.3499999999999996,3.3499999999999996,3.3499999999999996,2480.349314405611,838.0795749392046,1343.8433754082528,19
3.3499999999999996,3.3499999999999996,3.3499999999999996,2316.3208432857423,782.6563687981735,1254.9734033391762,19
3.3499999999999996,3.3499999999999996,3.3499999999999996,2403.3017211325828,812.0461393076503,1302.0992963748042,19
3.3499999999999996,3.3499999999999996,3.3499999999999996,2450.599500657418,828.0274781979114,1327.7250448598322,19
3.3499999999999996,3.3499999999999996,3.3499999999999996,2106.6500745164362,711.8111907634556,1141.3746162687717,19
3.3499999999999996,3.3499999999999996,3.3499999999999996,2190.3263865322037,740.0843890582936,1186.7101087044125,19
3.3499999999999996,3.3499999999999996,3.3499999999999996,2463.2538272013194,832.3032197434508,1334.5811085592106,19
3.3499999999999996,3.3499999999999996,3.3499999999999996,2583.6581253726918,872.9863535449084,1399.81567754856,19
3.3499999999999996,3.3499999999999996,3.3499999999999996,2538.7286019937615,857.8052193244414,1375.4730408068901,19
3.3499999999999996,3.3499999999999996,3.3499999999999996,2433.967038364622,822.4075734338602,1318.7136430628807,19
3.3499999999999996,3.3499999999999996,3.3499999999999996,2555.57233433032,863.4965096419083,1384.5989078717307,19
3.3499999999999996,3.3499999999999996,3.3499999999999996,2493.4082017327937,842.4920126054559,1350.9186285280105,19
3.3499999999999996,3.3499999999999996,3.3499999999999996,2742.610201645213,926.6943082045537,1485.935279116617,19
3.3499999999999996,3.3499999999999996,3.3499999999999996,2375.3409483772225,802.5985375486214,1286.9502611077328,19
3.3499999999999996,3.3499999999999996,3.3499999999999996,2463.8097022078405,832.4910430820744,1334.882279422818,19
3.3499999999999996,3.3499999999999996,3.3499999999999996,2141.150237697353,723.4703713056504,1160.0696964158383,20
3.3499999999999996,3.3499999999999996,3.3499999999999996,2157.765823018109,729.0845890610549,1169.0719778435769,20
3.3499999999999996,3.3499999999999996,3.3499999999999996,2248.935860439961,759.8899102684402,1218.4676698282408,20
3.3499999999999996,3.3499999999999996,3.3499999999999996,2232.583111266436,754.364501864983,1209.607792349631,20
3.3499999999999996,3.3499999999999996,3.3499999999999996,2316.899103385559,782.8539189322443,1255.2899802029322,20
3.3499999999999996,3.3499999999999996,3.3499999999999996,2525.0412104555007,853.1827752801173,1368.0608389258825,20
3.3499999999999996,3.3499999999999996,3.3499999999999996,2520.5894165211757,851.6785646208475,1365.6488684125698,20
3.3499999999999996,3.3499999999999996,3.3499999999999996,2283.693002480989,771.6339542011018,1237.2990000665054,20
3.3499999999999996,3.3499999999999996,3.3499999999999996,2611.085052221791,882.2560131385535,1414.6791712777583,20
3.3499999999999996,3.3499999999999996,3.3499999999999996,2558.170323829925,864.376726798343,1386.0101074163206,20
3.3499999999999996,3.3499999999999996,3.3499999999999996,2372.8760564899,801.7678962580524,1285.6181495442258,20
3.3499999999999996,3.3499999999999996,3.3499999999999996,2657.6879863103536,898.0026157988342,1439.9285212058353,20
3.3499999999999996,3.3499999999999996,3.3499999999999996,2519.569242376984,851.3338593526696,1365.0961406829097,20
3.3499999999999996,3.3499999999999996,3.3499999999999996,2939.8185743504187,993.3313403751796,1592.786148781394,20
3.3499999999999996,3.3499999999999996,3.3499999999999996,2842.2338614328014,960.3585731002457,1539.9150020976795,20
3.3499999999999996,3.3499999999999996,3.3499999999999996,2649.151141356203,895.1181127499492,1435.3032805478233,20
3.3499999999999996,3.3499999999999996,3.3499999999999996,2550.985965216319,861.949213538289,1382.11764038197,20
3.3499999999999996,3.3499999999999996,3.3499999999999996,2584.6740647220913,873.3320401279045,1400.3697661218787,20
3.3499999999999996,3.3499999999999996,3.3499999999999996,2771.1519601935343,936.3408051840679,1501.4030106738653,20
3.3499999999999996,3.3499999999999996,3.3499999999999996,2579.2418206083826,871.4965464774475,1397.4265902209559,20
3.3499999999999996,3.3499999999999996,3.3499999999999996,2702.826035444865,913.2542504540821,1464.384200230297,20
3.3499999999999996,3.3499999999999996,3.3499999999999996,2635.3074245326798,890.4404779094649,1427.802790348685,20
3.3499999999999996,3.3499999999999996,3.3499999999999996,2635.702866015296,890.5740930996656,1428.0170395277537,20
3.3499999999999996,3.3499999999999996,3.3499999999999996,2656.73074894885,897.6791761554304,1439.4098924633,20
3.3499999999999996,3.3499999999999996,3.3499999999999996,2711.994234412258,916.3520808605448,1469.3515068702181,20
3.3499999999999996,3.3499999999999996,3.3499999999999996,2769.7015952610063,935.8507433295606,1500.6172066805973,20
3.3499999999999996,3.3499999999999996,3.3499999999999996,2866.035739320981,968.4009575767558,1552.8107983709767,20
3.3499999999999996,3.3499999999999996,3.3499999999999996,2481.6965524670413,838.5371071448674,1344.5768146156613,20
3.3499999999999996,3.3499999999999996,3.3499999999999996,2354.149780719977,795.4405001482829,1275.472301455221,20
3.3499999999999996,3.3499999999999996,3.3499999999999996,2450.866566548504,828.1200047075255,1327.8732074724821,20
3.3499999999999996,3.3499999999999996,3.3499999999999996,2621.2487211486737,885.6902015494833,1420.1858209835536,20
3.3499999999999996,3.3499999999999996,3.3499999999999996,2397.979538025365,810.2500778386682,1299.2191513287362,20
3.3499999999999996,3.3499999999999996,3.3499999999999996,2745.5491710588976,927.6899132309577,1487.5314853152536,20
3.3499999999999996,3.3499999999999996,3.3499999999999996,2276.5797783323146,769.230476469639,1233.4450735024525,20
3.3499999999999996,3.3499999999999996,3.3499999999999996,2003.053586848927,676.809079862215,1085.2492858695598,20
3.3499999999999996,3.3499999999999996,3.3499999999999996,2423.049392020814,818.7208970550589,1312.8019337984836,20
3.3499999999999996,3.3499999999999996,3.3499999999999996,2491.418061455386,841.8218947294196,1349.8439032030278,20
3.3499999999999996,3.3499999999999996,3.3499999999999996,2405.8583365064337,812.9122344506544,1303.4878640986933,20
3.3499999999999996,3.3499999999999996,3.3499999999999996,2270.3429160088986,767.1231114555161,1230.0659575232328,20
3.3499999999999996,3.3499999999999996,3.3499999999999996,2307.140492158653,779.5565949222535,1250.002789718059,20
3.3499999999999996,3.3499999999999996,3.3499999999999996,2411.0070241930175,814.6519176016858,1306.277409856089,20
3.3499999999999996,3.3499999999999996,3.3499999999999996,2560.050222921011,865.011923371428,1387.0286319128702,20
3.3499999999999996,3.3499999999999996,3.3499999999999996,2443.628506569603,825.6743463654469,1323.9516451764177,20
3.3499999999999996,3.3499999999999996,3.3499999999999996,2680.0752696840473,905.5670248392336,1452.0578938064364,20
3.3499999999999996,3.3499999999999996,3.3499999999999996,2690.158793787549,908.9741332236853,1457.5211212528814,20
3.3499999999999996,3.3499999999999996,3.3499999999999996,2480.349314405611,838.0818906900013,1343.8468844961367,20
3.3499999999999996,3.3499999999999996,3.3499999999999996,2316.3208432857423,782.6585314055964,1254.976680366875,20
3.3499999999999996,3.3499999999999996,3.3499999999999996,2403.3017211325828,812.0483831238108,1302.10269645918,20
3.3499999999999996,3.3499999999999996,3.3499999999999996,2450.599500657418,828.0297661731224,1327.7285118590028,20
3.3499999999999996,3.3499999999999996,3.3499999999999996,2106.6500745164362,711.8131576140761,1141.3775966635928,20
3.3499999999999996,3.3499999999999996,3.3499999999999996,2190.3263865322037,740.0864340323803,1186.713207480758,20
3.3499999999999996,3.3499999999999996,3.3499999999999996,2463.2538272013194,832.3055195332342,1334.5845934611593,20
3.3499999999999996,3.3499999999999996,3.3499999999999996,2583.6581253726918,872.9887657488375,1399.8193327931544,20
3.3499999999999996,3.3499999999999996,3.3499999999999996,2538.7286019937615,857.8075895804164,1375.4766324871932,20
3.3499999999999996,3.3499999999999996,3.3499999999999996,2433.967038364622,822.4098458803561,1318.7170865311837,20
3.3499999999999996,3.3499999999999996,3.3499999999999996,2555.57233433032,863.4988956238483,1384.6025233817973,20
3.3499999999999996,3.3499999999999996,3.3499999999999996,2493.4082017327937,842.4943405485387,1350.9221560910273,20
3.3499999999999996,3.3499999999999996,3.3499999999999996,2742.610201645213,926.6968688123367,1485.9391592395386,20
3.3499999999999996,3.3499999999999996,3.3499999999999996,2375.3409483772225,802.6007552595148,1286.953621634451,20
3.3499999999999996,3.3499999999999996,3.3499999999999996,2463.8097022078405,832.4933433908443,1334.8857651111946,20
3.3499999999999996,3.3499999999999996,3.3499999999999996,2141.150237697353,723.4705712146629,1160.0699993467738,21
3.3499999999999996,3.3499999999999996,3.3499999999999996,2157.765823018109,729.0847905213852,1169.0722831252933,21
3.3499999999999996,3.3499999999999996,3.3499999999999996,2248.935860439961,759.8901202408832,1218.4679880087367,21
3.3499999999999996,3.3499999999999996,3.3499999999999996,2232.583111266436,754.3647103106475,1209.6081082165324,21
3.3499999999999996,3.3499999999999996,3.3499999999999996,2316.899103385559,782.8541352500921,1255.2903079988994,21
3.3499999999999996,3.3499999999999996,3.3499999999999996,2525.0412104555007,853.1830110312033,1368.0611961698921,21
3.3499999999999996,3.3499999999999996,3.3499999999999996,2520.5894165211757,851.6787999562908,1365.6492250267381,21
3.3499999999999996,3.3499999999999996,3.3499999999999996,2283.693002480989,771.634167418654,1237.2993231644584,21
3.3499999999999996,3.3499999999999996,3.3499999999999996,2611.085052221791,882.2562569231441,1414.6795406952913,21
3.3499999999999996,3.3499999999999996,3.3499999999999996,2558.170323829925,864.3769656425368,1386.0104693474525,21
3.3499999999999996,3.3499999999999996,3.3499999999999996,2372.8760564899,801.768117802202,1285.6184852598383,21
3.3499999999999996,3.3499999999999996,3.3499999999999996,2657.6879863103536,898.0028639345189,1439.9288972167735,21
3.3499999999999996,3.3499999999999996,3.3499999999999996,2519.569242376984,851.334094592864,1365.0964971527435,21
3.3499999999999996,3.3499999999999996,3.3499999999999996,2939.8185743504187,993.3316148520552,1592.7865647082988,21
3.3499999999999996,3.3499999999999996,3.3499999999999996,2842.2338614328014,960.3588384661009,1539.9154042182538,21
3.3499999999999996,3.3499999999999996,3.3499999999999996,2649.151141356203,895.1183600885892,1435.303655350964,21
3.3499999999999996,3.3499999999999996,3.3499999999999996,2550.985965216319,861.9494517117134,1382.118001296656,21
3.3499999999999996,3.3499999999999996,3.3499999999999996,2584.6740647220913,873.3322814466266,1400.3701318027727,21
3.3499999999999996,3.3499999999999996,3.3499999999999996,2771.1519601935343,936.3410639133438,1501.403402737739,21
3.3499999999999996,3.3499999999999996,3.3499999999999996,2579.2418206083826,871.496787288987,1397.4269551332934,21
3.3499999999999996,3.3499999999999996,3.3499999999999996,2702.826035444865,913.2545028040918,1464.384582627387,21
3.3499999999999996,3.3499999999999996,3.3499999999999996,2635.3074245326798,890.4407239555828,1427.8031631932104,21
3.3499999999999996,3.3499999999999996,3.3499999999999996,2635.702866015296,890.5743391827042,1428.017412428226,21
3.3499999999999996,3.3499999999999996,3.3499999999999996,2656.73074894885,897.6794242017423,1439.4102683388066,21
3.3499999999999996,3.3499999999999996,3.3499999999999996,2711.994234412258,916.3523340665456,1469.3518905644294,21
3.3499999999999996,3.3499999999999996,3.3499999999999996,2769.7015952610063,935.8510019234228,1500.6175985392729,21
3.3499999999999996,3.3499999999999996,3.3499999999999996,2866.035739320981,968.401225164879,1552.8112038590518,21
3.3499999999999996,3.3499999999999996,3.3499999999999996,2481.6965524670413,838.537338849069,1344.577165727249,21
3.3499999999999996,3.3499999999999996,3.3499999999999996,2354.149780719977,795.4407199440493,1275.4726345214312,21
3.3499999999999996,3.3499999999999996,3.3499999999999996,2450.866566548504,828.120233533278,1327.8735542222284,21
3.3499999999999996,3.3499999999999996,3.3499999999999996,2621.2487211486737,885.6904462830071,1420.1861918390468,21
3.3499999999999996,3.3499999999999996,3.3499999999999996,2397.979538025365,810.2503017266104,1299.2194905960014,21
3.3499999999999996,3.3499999999999996,3.3499999999999996,2745.5491710588976,927.6901695698231,1487.5318737568327,21
3.3499999999999996,3.3499999999999996,3.3499999999999996,2276.5797783323146,769.2306890230631,1233.4453955940228,21
3.3499999999999996,3.3499999999999996,3.3499999999999996,2003.053586848927,676.8092668777997,1085.2495692625168,21
3.3499999999999996,3.3499999999999996,3.3499999999999996,2423.049392020814,818.7211232836542,1312.8022766126435,21
3.3499999999999996,3.3499999999999996,3.3499999999999996,2491.418061455386,841.822127341272,1349.8442556900193,21
3.3499999999999996,3.3499999999999996,3.3499999999999996,2405.8583365064337,812.9124590742024,1303.4882044806548,21
3.3499999999999996,3.3499999999999996,3.3499999999999996,2270.3429160088986,767.1233234266342,1230.0662787324093,21
3.3499999999999996,3.3499999999999996,3.3499999999999996,2307.140492158653,779.5568103289864,1250.0031161333736,21
3.3499999999999996,3.3499999999999996,3.3499999999999996,2411.0070241930175,814.6521427059423,1306.2777509664886,21
3.3499999999999996,3.3499999999999996,3.3499999999999996,2560.050222921011,865.0121623911392,1387.0289941099718,21
3.3499999999999996,3.3499999999999996,3.3499999999999996,2443.628506569603,825.674574515416,1323.95199090212,21
3.3499999999999996,3.3499999999999996,3.3499999999999996,2680.0752696840473,905.5672750651122,1452.0582729847376,21
3.3499999999999996,3.3499999999999996,3.3499999999999996,2690.158793787549,908.9743843910147,1457.521501857804,21
3.3499999999999996,3.3499999999999996,3.3499999999999996,2480.349314405611,838.0821222684178,1343.8472354171163,21
3.3499999999999996,3.3499999999999996,3.3499999999999996,2316.3208432857423,782.6587476694547,1254.97700808103,21
3.3499999999999996,3.3499999999999996,3.3499999999999996,2403.3017211325828,812.0486075086599,1302.10303647943,21
3.3499999999999996,3.3499999999999996,3.3499999999999996,2450.599500657418,828.0299949739402,1327.7288585709646,21
3.3499999999999996,3.3499999999999996,3.3499999999999996,2106.6500745164362,711.813354301972,1141.377894713429,21
3.3499999999999996,3.3499999999999996,3.3499999999999996,2190.3263865322037,740.0866385327357,1186.7135173691586,21
3.3499999999999996,3.3499999999999996,3.3499999999999996,2463.2538272013194,832.3057495155261,1334.5849419634615,21
3.3499999999999996,3.3499999999999996,3.3499999999999996,2583.6581253726918,872.9890069727064,1399.8196983303128,21
3.3499999999999996,3.3499999999999996,3.3499999999999996,2538.7286019937615,857.8078266094292,1375.476991667702,21
3.3499999999999996,3.3499999999999996,3.3499999999999996,2433.967038364622,822.41007312828,1318.717430889977,21
3.3499999999999996,3.3499999999999996,3.3499999999999996,2555.57233433032,863.4991342254804,1384.6028849453644,21
3.3499999999999996,3.3499999999999996,3.3499999999999996,2493.4082017327937,842.4945733462013,1350.9225088595845,21
3.3499999999999996,3.3499999999999996,3.3499999999999996,2742.610201645213,926.6971248768045,1485.9395472653107,21
3.3499999999999996,3.3499999999999996,3.3499999999999996,2375.3409483772225,802.6009770337995,1286.9539576987977,21
3.3499999999999996,3.3499999999999996,3.3499999999999996,2463.8097022078405,832.4935734250361,1334.8861136921416,21
3.3499999999999996,3.3499999999999996,3.3499999999999996,2141.150237697353,723.4705912055928,1160.0700296399727,22
3.3499999999999996,3.3499999999999996,3.3499999999999996,2157.765823018109,729.0848106674472,1169.072313653571,22
3.3499999999999996,3.3499999999999996,3.3499999999999996,2248.935860439961,759.8901412381579,1218.4680198268968,22
3.3499999999999996,3.3499999999999996,3.3499999999999996,2232.583111266436,754.364731155244,1209.6081398033318,22
3.3499999999999996,3.3499999999999996,3.3499999999999996,2316.899103385559,782.854156881908,1255.29034077861,22
3.3499999999999996,3.3499999999999996,3.3499999999999996,2525.0412104555007,853.1830346063459,1368.0612318944177,22
3.3499999999999996,3.3499999999999996,3.3499999999999996,2520.5894165211757,851.6788234898689,1365.6492606882787,22
3.3499999999999996,3.3499999999999996,3.3499999999999996,2283.693002480989,771.6341887404396,1237.299355474366,22
3.3499999999999996,3.3499999999999996,3.3499999999999996,2611.085052221791,882.2562813016382,1414.6795776371725,22
3.3499999999999996,3.3499999999999996,3.3499999999999996,2558.170323829925,864.3769895269909,1386.0105055406914,22
3.3499999999999996,3.3499999999999996,3.3499999999999996,2372.8760564899,801.7681399566487,1285.6185188315164,22
3.3499999999999996,3.3499999999999996,3.3499999999999996,2657.6879863103536,898.0028887481229,1439.928934817998,22
3.3499999999999996,3.3499999999999996,3.3499999999999996,2519.569242376984,851.3341181169174,1365.0965327998504,22
3.3499999999999996,3.3499999999999996,3.3499999999999996,2939.8185743504187,993.3316422997821,1592.7866063011336,22
3.3499999999999996,3.3499999999999996,3.3499999999999996,2842.2338614328014,960.3588650027244,1539.915444430451,22
3.3499999999999996,3.3499999999999996,3.3499999999999996,2649.151141356203,895.1183848224887,1435.3036928314086,22
3.3499999999999996,3.3499999999999996,3.3499999999999996,2550.985965216319,861.9494755290898,1382.11803738825,22
3.3499999999999996,3.3499999999999996,3.3499999999999996,2584.6740647220913,873.3323055785336,1400.3701683709894,22
3.3499999999999996,3.3499999999999996,3.3499999999999996,2771.1519601935343,936.3410897863089,1501.4034419442626,22
3.3499999999999996,3.3499999999999996,3.3499999999999996,2579.2418206083826,871.4968113701754,1397.4269916246537,22
3.3499999999999996,3.3499999999999996,3.3499999999999996,2702.826035444865,913.254528039129,1464.3846208672285,22
3.3499999999999996,3.3499999999999996,3.3499999999999996,2635.3074245326798,890.4407485602302,1427.8032004777926,22
3.3499999999999996,3.3499999999999996,3.3499999999999996,2635.702866015296,890.5743637910433,1428.017449718403,22
3.3499999999999996,3.3499999999999996,3.3499999999999996,2656.73074894885,897.6794490064092,1439.4103059264883,22
3.3499999999999996,3.3499999999999996,3.3499999999999996,2711.994234412258,916.352359387182,1469.351928933984,22
3.3499999999999996,3.3499999999999996,3.3499999999999996,2769.7015952610063,935.8510277828465,1500.6176377252762,22
3.3499999999999996,3.3499999999999996,3.3499999999999996,2866.035739320981,968.4012519237298,1552.8112444080002,22
3.3499999999999996,3.3499999999999996,3.3499999999999996,2481.6965524670413,838.5373620195224,1344.5772008385297,22
3.3499999999999996,3.3499999999999996,3.3499999999999996,2354.149780719977,795.4407419236574,1275.4726678281681,22
3.3499999999999996,3.3499999999999996,3.3499999999999996,2450.866566548504,828.1202564158863,1327.8735888973238,22
3.3499999999999996,3.3499999999999996,3.3499999999999996,2621.2487211486737,885.6904707563945,1420.1862289247251,22
3.3499999999999996,3.3499999999999996,3.3499999999999996,2397.979538025365,810.2503241154368,1299.2195245228456,22
3.3499999999999996,3.3499999999999996,3.3499999999999996,2745.5491710588976,927.6901952037464,1487.531912601126,22
3.3499999999999996,3.3499999999999996,3.3499999999999996,2276.5797783323146,769.230710278436,1233.4454278032915,22
3.3499999999999996,3.3499999999999996,3.3499999999999996,2003.053586848927,676.8092855793852,1085.2495976019113,22
3.3499999999999996,3.3499999999999996,3.3499999999999996,2423.049392020814,818.7211459065461,1312.8023108941786,22
3.3499999999999996,3.3499999999999996,3.3499999999999996,2491.418061455386,841.8221506024906,1349.8442909388407,22
3.3499999999999996,3.3499999999999996,3.3499999999999996,2405.8583365064337,812.9124815365894,1303.488238518969,22
3.3499999999999996,3.3499999999999996,3.3499999999999996,2270.3429160088986,767.1233446237766,1230.0663108534382,22
3.3499999999999996,3.3499999999999996,3.3499999999999996,2307.140492158653,779.5568318696903,1250.0031487750184,22
3.3499999999999996,3.3499999999999996,3.3499999999999996,2411.0070241930175,814.6521652164002,1306.2777850776474,22
3.3499999999999996,3.3499999999999996,3.3499999999999996,2560.050222921011,865.0121862931445,1387.0290303298077,22
3.3499999999999996,3.3499999999999996,3.3499999999999996,2443.628506569603,825.6745973304457,1323.9520254748104,22
3.3499999999999996,3.3499999999999996,3.3499999999999996,2680.0752696840473,905.567300087736,1452.058310902699,22
3.3499999999999996,3.3499999999999996,3.3499999999999996,2690.158793787549,908.9744095077835,1457.5215399184287,22
3.3499999999999996,3.3499999999999996,3.3499999999999996,2480.349314405611,838.0821454262929,1343.847270509336,22
3.3499999999999996,3.3499999999999996,3.3499999999999996,2316.3208432857423,782.6587692958716,1254.9770408525592,22
3.3499999999999996,3.3499999999999996,3.3499999999999996,2403.3017211325828,812.0486299471773,1302.103070481573,22
3.3499999999999996,3.3499999999999996,3.3499999999999996,2450.599500657418,828.0300178540548,1327.7288932422814,22
3.3499999999999996,3.3499999999999996,3.3499999999999996,2106.6500745164362,711.8133739707898,1141.3779245185167,22
3.3499999999999996,3.3499999999999996,3.3499999999999996,2190.3263865322037,740.0866589828004,1186.7135483581062,22
3.3499999999999996,3.3499999999999996,3.3499999999999996,2463.2538272013194,832.3057725137884,1334.5849768138125,22
3.3499999999999996,3.3499999999999996,3.3499999999999996,2583.6581253726918,872.9890310951279,1399.8197348841554,22
3.3499999999999996,3.3499999999999996,3.3499999999999996,2538.7286019937615,857.8078503123644,1375.4770275858775,22
3.3499999999999996,3.3499999999999996,3.3499999999999996,2433.967038364622,822.4100958531053,1318.7174653259763,22
3.3499999999999996,3.3499999999999996,3.3499999999999996,2555.57233433032,863.4991580856778,1384.6029211018467,22
3.3499999999999996,3.3499999999999996,3.3499999999999996,2493.4082017327937,842.4945966260012,1350.9225441365627,22
3.3499999999999996,3.3499999999999996,3.3499999999999996,2742.610201645213,926.697150483288,1485.9395860680231,22
3.3499999999999996,3.3499999999999996,3.3499999999999996,2375.3409483772225,802.60099921126,1286.953991305349,22
3.3499999999999996,3.3499999999999996,3.3499999999999996,2463.8097022078405,832.4935964284881,1334.8861485503578,22
3.3499999999999996,3.3499999999999996,3.3499999999999996,2141.150237697353,723.4705934268077,1160.070033005885,23
3.3499999999999996,3.3499999999999996,3.3499999999999996,2157.765823018109,729.0848129058988,1169.0723170456033,23
3.3499999999999996,3.3499999999999996,3.3499999999999996,2248.935860439961,759.8901435711886,1218.4680233622494,23
3.3499999999999996,3.3499999999999996,3.3499999999999996,2232.583111266436,754.3647334713108,1209.6081433129775,23
3.3499999999999996,3.3499999999999996,3.3499999999999996,2316.899103385559,782.8541592854436,1255.2903444208016,23
3.3499999999999996,3.3499999999999996,3.3499999999999996,2525.0412104555007,853.1830372258067,1368.0612358638107,23
3.3499999999999996,3.3499999999999996,3.3499999999999996,2520.5894165211757,851.6788261047117,1365.6492646506733,23
3.3499999999999996,3.3499999999999996,3.3499999999999996,2283.693002480989,771.6341911095276,1237.2993590643564,23
3.3499999999999996,3.3499999999999996,3.3499999999999996,2611.085052221791,882.2562840103601,1414.6795817418276,23
3.3499999999999996,3.3499999999999996,3.3499999999999996,2558.170323829925,864.3769921808196,1386.0105095621639,23
3.3499999999999996,3.3499999999999996,3.3499999999999996,2372.8760564899,801.7681424182545,1285.6185225617041,23
3.3499999999999996,3.3499999999999996,3.3499999999999996,2657.6879863103536,898.0028915051907,1439.9289389959129,23
3.3499999999999996,3.3499999999999996,3.3499999999999996,2519.569242376984,851.3341207307014,1365.096536760641,23
3.3499999999999996,3.3499999999999996,3.3499999999999996,2939.8185743504187,993.3316453495303,1592.7866109225615,23
3.3499999999999996,3.3499999999999996,3.3499999999999996,2842.2338614328014,960.3588679512391,1539.915448898474,23
3.3499999999999996,3.3499999999999996,3.3499999999999996,2649.151141356203,895.1183875707006,1435.3036969959035,23
3.3499999999999996,3.3499999999999996,3.3499999999999996,2550.985965216319,861.9494781754657,1382.1180413984282,23
3.3499999999999996,3.3499999999999996,3.3499999999999996,2584.6740647220913,873.3323082598569,1400.3701724341256,23
3.3499999999999996,3.3499999999999996,3.3499999999999996,2771.1519601935343,936.341092661083,1501.4034463005446,23
3.3499999999999996,3.3499999999999996,3.3499999999999996,2579.2418206083826,871.4968140458635,1397.426995679251,23
3.3499999999999996,3.3499999999999996,3.3499999999999996,2702.826035444865,913.2545308430224,1464.3846251161015,23
3.3499999999999996,3.3499999999999996,3.3499999999999996,2635.3074245326798,890.4407512940804,1427.803204620525,23
3.3499999999999996,3.3499999999999996,3.3499999999999996,2635.702866015296,890.5743665253038,1428.0174538617573,23
3.3499999999999996,3.3499999999999996,3.3499999999999996,2656.73074894885,897.6794517624841,1439.4103101028986,23
3.3499999999999996,3.3499999999999996,3.3499999999999996,2711.994234412258,916.3523622005864,1469.3519331972689,23
3.3499999999999996,3.3499999999999996,3.3499999999999996,2769.7015952610063,935.8510306561164,1500.617642079278,23
3.3499999999999996,3.3499999999999996,3.3499999999999996,2866.035739320981,968.401254896936,1552.8112489134405,23
3.3499999999999996,3.3499999999999996,3.3499999999999996,2481.6965524670413,838.5373645940176,1344.5772047397845,23
3.3499999999999996,3.3499999999999996,3.3499999999999996,2354.149780719977,795.4407443658366,1275.472671528918,23
3.3499999999999996,3.3499999999999996,3.3499999999999996,2450.866566548504,828.1202589583988,1327.8735927501132,23
3.3499999999999996,3.3499999999999996,3.3499999999999996,2621.2487211486737,885.6904734756604,1420.186233045358,23
3.3499999999999996,3.3499999999999996,3.3499999999999996,2397.979538025365,810.2503266030848,1299.2195282924968,23
3.3499999999999996,3.3499999999999996,3.3499999999999996,2745.5491710588976,927.6901980519609,1487.5319169171596,23
3.3499999999999996,3.3499999999999996,3.3499999999999996,2276.5797783323146,769.2307126401448,1233.4454313821004,23
3.3499999999999996,3.3499999999999996,3.3499999999999996,2003.053586848927,676.8092876573395,1085.2496007507339,23
3.3499999999999996,3.3499999999999996,3.3499999999999996,2423.049392020814,818.7211484202013,1312.8023147032386,23
3.3499999999999996,3.3499999999999996,3.3499999999999996,2491.418061455386,841.8221531870713,1349.844294855378,23
3.3499999999999996,3.3499999999999996,3.3499999999999996,2405.8583365064337,812.9124840324109,1303.4882423010051,23
3.3499999999999996,3.3499999999999996,3.3499999999999996,2270.3429160088986,767.1233469790152,1230.0663144224427,23
3.3499999999999996,3.3499999999999996,3.3499999999999996,2307.140492158653,779.5568342631027,1250.0031524018693,23
3.3499999999999996,3.3499999999999996,3.3499999999999996,2411.0070241930175,814.652167717563,1306.2777888677774,23
3.3499999999999996,3.3499999999999996,3.3499999999999996,2560.050222921011,865.0121889489236,1387.029034354235,23
3.3499999999999996,3.3499999999999996,3.3499999999999996,2443.628506569603,825.6745998654497,1323.9520293162216,23
3.3499999999999996,3.3499999999999996,3.3499999999999996,2680.0752696840473,905.5673028680283,1452.0583151158073,23
3.3499999999999996,3.3499999999999996,3.3499999999999996,2690.158793787549,908.9744122985364,1457.5215441473883,23
3.3499999999999996,3.3499999999999996,3.3499999999999996,2480.349314405611,838.0821479993904,1343.8472744084727,23
3.3499999999999996,3.3499999999999996,3.3499999999999996,2316.3208432857423,782.6587716988074,1254.9770444938417,23
3.3499999999999996,3.3499999999999996,3.3499999999999996,2403.3017211325828,812.0486324403463,1302.1030742595906,23
3.3499999999999996,3.3499999999999996,3.3499999999999996,2450.599500657418,828.0300203962902,1327.728897094651,23
3.3499999999999996,3.3499999999999996,3.3499999999999996,2106.6500745164362,711.8133761562146,1141.377927830194,23
3.3499999999999996,3.3499999999999996,3.3499999999999996,2190.3263865322037,740.0866612550304,1186.713551801324,23
3.3499999999999996,3.3499999999999996,3.3499999999999996,2463.2538272013194,832.3057750691515,1334.5849806860751,23
3.3499999999999996,3.3499999999999996,3.3499999999999996,2583.6581253726918,872.9890337753975,1399.8197389456948,23
3.3499999999999996,3.3499999999999996,3.3499999999999996,2538.7286019937615,857.8078529460245,1375.4770315767869,23
3.3499999999999996,3.3499999999999996,3.3499999999999996,2433.967038364622,822.4100983780866,1318.7174691521996,23
3.3499999999999996,3.3499999999999996,3.3499999999999996,2555.57233433032,863.4991607368115,1384.6029251192351,23
3.3499999999999996,3.3499999999999996,3.3499999999999996,2493.4082017327937,842.4945992126463,1350.922548056228,23
3.3499999999999996,3.3499999999999996,3.3499999999999996,2742.610201645213,926.6971533284534,1485.939590379437,23
3.3499999999999996,3.3499999999999996,3.3499999999999996,2375.3409483772225,802.6010016754227,1286.9539950394117,23
3.3499999999999996,3.3499999999999996,3.3499999999999996,2463.8097022078405,832.4935989844279,1334.8861524234942,23
