3.3499999999999996,3.3499999999999996,3.3499999999999996,667.4004424570641,413.76541821419,276.9322588176798,1
3.3499999999999996,3.3499999999999996,3.3499999999999996,840.8927058317292,521.3246800089001,348.92142952733036,1
3.3499999999999996,3.3499999999999996,3.3499999999999996,527.2966917032551,326.9058908057171,218.7973735271631,1
3.3499999999999996,3.3136403781467205,3.3499999999999996,471.63589063057873,292.39810032660836,195.70138738740343,1
3.3499999999999996,3.3172763403320484,3.3499999999999996,572.0985435690603,354.6815046572431,237.3875290726634,1
3.3499999999999996,3.3205487062988435,3.3499999999999996,620.3957791918917,384.6241367335707,257.42806501603127,1
3.3499999999999996,3.323493835668959,3.3499999999999996,606.8714286717434,376.23950257234225,251.81624833098655,1
3.3499999999999996,3.326144452102063,3.3499999999999996,685.4106345404499,424.9311205203876,284.40543812369026,1
3.3499999999999996,3.3285300068918566,3.3499999999999996,839.486887060516,520.4531205150782,348.3380967288576,1
3.3499999999999996,3.3090555134296205,3.3499999999999996,483.61924512168923,299.82736972350756,200.67378059592266,1
3.3499999999999996,3.3131499620866585,3.3499999999999996,683.0917359518255,423.49348280953114,283.44323045455434,1
3.3499999999999996,3.3168349658779928,3.3499999999999996,879.4726322141842,545.2429131397331,364.9298488786562,1
3.3499999999999996,3.3201514692901934,3.3499999999999996,712.852835956861,441.94434560003646,295.79235119974106,1
3.3499999999999996,3.321994239430618,3.3499999999999996,500.5203336947146,310.30546583616143,207.6867466313875,1
3.3499999999999996,3.3247948154875564,3.3499999999999996,758.3627034778126,470.1589049107165,314.67629194852367,1
3.3499999999999996,3.3273153339388006,3.3499999999999996,646.5981094850407,400.86868417800633,268.30050388894296,1
3.3499999999999996,3.3295838005449205,3.3499999999999996,946.8105349768241,586.9901067671072,392.87115117604384,1
3.3499999999999996,3.3316254204904285,3.3499999999999996,888.1141746659594,550.60037351751,368.51558499538476,1
3.3499999999999996,3.333462878441386,3.3499999999999996,977.208978507782,605.8361007169186,405.48473231269617,1
3.3499999999999996,3.158290978480695,3.3499999999999996,359.00089014663064,222.56825737771857,148.96443139871022,1
3.3499999999999996,3.1774618806326256,3.3499999999999996,672.3425463170166,416.8293533577493,278.9829436811923,1
3.3499999999999996,3.194715692569363,3.3499999999999996,689.9019848100587,427.7156038746529,286.26908653651583,1
3.3499999999999996,3.210244123312427,3.3499999999999996,534.9131977732169,331.62786373064716,221.95777932864533,1
3.3499999999999996,3.2242197109811843,3.3499999999999996,630.0435887303063,390.60544824396845,261.4313432851909,1
3.3499999999999996,3.236797739883066,3.3499999999999996,1092.6398166048932,677.3992672384006,453.3817978491899,1
3.3499999999999996,3.2481179658947594,3.3499999999999996,1093.841401651531,678.1442088172698,453.8803855634892,1
3.3499999999999996,3.2583061693052837,3.3499999999999996,676.9679589945821,419.6969508137837,280.9022201743969,1
3.3499999999999996,3.2674755523747554,3.3499999999999996,732.9189390947188,454.3846423523104,304.1186136864385,1
3.3499999999999996,3.2757279971372797,3.3499999999999996,838.4778670283005,519.8275626504789,347.9194122645726,1
3.3499999999999996,3.2831551974235516,3.3499999999999996,1099.130389790945,681.4232003345332,456.07500717164316,1
3.3499999999999996,3.2898396776811962,3.3499999999999996,816.9590485911452,506.4866321630113,338.99035765539423,1
3.3499999999999996,3.2958557099130767,3.3499999999999996,806.459808359296,499.9774627811797,334.6337853064592,1
3.3499999999999996,3.301270138921769,3.3499999999999996,1203.308940527164,746.0103340433827,499.3030297206234,1
3.3499999999999996,3.306143125029592,3.3499999999999996,1174.9337784021066,728.4187052749842,487.5289923635603,1
3.3499999999999996,3.310528812526633,3.3499999999999996,901.039317686186,558.6135195495286,373.87876551554626,1
3.3499999999999996,3.3144759312739693,3.3499999999999996,883.2181668585872,547.5650163479235,366.48402730523264,1
3.3499999999999996,3.3180283381465725,3.3499999999999996,1072.2337884251417,664.7482286013852,444.9144862955578,1
3.3499999999999996,3.3212255043319154,3.3499999999999996,911.463463102675,565.0761327175691,378.2041778958624,1
3.3499999999999996,3.324102953898724,3.3499999999999996,1215.9098942718208,753.8224938268867,504.5316905991177,1
3.3499999999999996,3.3266926585088514,3.3499999999999996,582.3940629542678,361.0643740908767,241.6595691518549,1
3.3499999999999996,3.3290233926579664,3.3499999999999996,905.5396059473587,561.403544152469,375.7461226735802,1
3.3499999999999996,3.33112105339217,3.3499999999999996,1323.185055411477,820.3294199378921,549.0446258618879,1
3.3499999999999996,3.333008948052953,3.3499999999999996,1013.146208826751,628.1159527914016,420.39658692766153,1
3.3499999999999996,3.334708053247658,3.3499999999999996,893.2614255167039,553.7914927698001,370.6513938952861,1
3.3499999999999996,3.336237247922892,3.3499999999999996,917.645732082869,568.9089277644007,380.76945895411365,1
3.3499999999999996,3.337613523130603,3.3499999999999996,1151.2965814736106,713.7644526698706,477.7209342306831,1
3.3499999999999996,3.338852170817543,3.3499999999999996,1198.8839787042104,743.2670092524739,497.466928641186,1
3.3499999999999996,3.3399669537357886,3.3499999999999996,829.4499573903016,514.2305678489556,344.173356299658,1
3.3499999999999996,3.34097025836221,3.3499999999999996,1509.5507441199684,935.869764570201,626.3755172681748,1
3.3499999999999996,3.341873232525989,3.3499999999999996,932.2565665804368,577.9671447833882,386.8321031227727,1
3.3499999999999996,3.34268590927339,3.3499999999999996,678.5582390737349,420.68287000137957,281.5620936573259,1
3.3499999999999996,3.343417318346051,3.3499999999999996,1165.695386943367,722.6912189528609,483.69559871897144,1
3.3499999999999996,3.3440755865114458,3.3499999999999996,675.9521237154278,419.0671677294804,280.4807077801179,1
3.3499999999999996,3.344668027860301,3.3499999999999996,1232.038204985935,763.8214941319292,511.22399889386423,1
3.3499999999999996,3.345201225074271,3.3499999999999996,889.420947342103,551.4105278243678,369.05781944106985,1
3.3499999999999996,3.345681102566844,3.3499999999999996,994.0238363826411,616.2607367498066,412.46191763765586,1
3.3499999999999996,3.335785670087958,3.3499999999999996,492.9041114392146,305.5836688664781,204.52645859635408,1
3.3499999999999996,3.305292999713223,3.3499999999999996,475.234641981303,294.6292029195274,197.19465930794667,1
3.3499999999999996,3.06594480840764,3.3499999999999996,297.7526328824225,184.59643541051082,123.54997681672255,1
3.3499999999999996,3.094350327566876,3.3499999999999996,672.8569544927117,417.1482688100161,279.19639307227305,1
3.3499999999999996,3.3499999999999996,3.3499999999999996,672.1662584805616,397.7413227405859,280.54432899145996,2
3.3499999999999996,3.3499999999999996,3.3499999999999996,846.8974065729232,501.13508446158846,353.4724655603631,2
3.3499999999999996,3.3499999999999996,3.3499999999999996,531.0620458483692,314.2456466805235,221.65118142369715,2
3.3499999999999996,3.2973126818930516,3.3499999999999996,475.00377854588885,281.0742562601895,198.25395077372545,2
3.3499999999999996,3.3025814137037464,3.3499999999999996,576.1838216607608,340.9455807661674,240.48381123585932,2
3.3499999999999996,3.3073232723333716,3.3499999999999996,624.825941291422,369.7286099032428,260.78573898116696,2
3.3499999999999996,3.3115909451000345,3.3499999999999996,611.2050152188526,361.66869156502975,255.10072650537074,2
3.3499999999999996,3.315431850590031,3.3499999999999996,690.3050589024455,408.4746054391792,288.1149821280376,2
3.3499999999999996,3.318888665531028,3.3499999999999996,845.4815490405708,500.2972782780365,352.88152426220984,2
3.3499999999999996,3.2838444834882274,3.3499999999999996,487.07270454582056,288.21580871199257,203.2911996739487,2
3.3499999999999996,3.2904600351394047,3.3499999999999996,687.9696013735695,407.09264382623024,287.14022423583435,2
3.3499999999999996,3.2964140316254644,3.3499999999999996,885.7528269761222,524.1270244940215,369.6896851948887,2
3.3499999999999996,3.301772628462918,3.3499999999999996,717.9432213565043,424.8289510402897,299.65041646798534,2
3.3499999999999996,3.288633036347283,3.3499999999999996,504.09448149963174,298.288114477992,210.3956369072963,2
3.3499999999999996,3.2947697327125547,3.3499999999999996,763.77806866779,451.95083132986815,318.78066336915805,2
3.3499999999999996,3.3002927594412994,3.3499999999999996,651.2153788707218,385.34404682341426,271.79998875157673,2
3.3499999999999996,3.3052634834971695,3.3499999999999996,953.5715805676789,564.2574541604844,397.9954302086138,2
3.3499999999999996,3.3097371351474525,3.3499999999999996,894.4560775102785,529.2770038866545,373.32219062095515,2
3.3499999999999996,3.313763421632707,3.3499999999999996,984.187095260196,582.3735900964236,410.77353222991417,2
3.3499999999999996,3.128167603216401,3.3499999999999996,361.56446680296585,213.948747750725,150.90739745801517,2
3.3499999999999996,3.150350842894761,3.3499999999999996,677.1436532337578,400.68659937112295,282.62176125400407,2
3.3499999999999996,3.170315758605285,3.3499999999999996,694.8284812950562,411.1512527463773,290.0029383946145,2
3.3499999999999996,3.1882841827447566,3.3499999999999996,538.7329403549608,318.78474945332874,224.85280888560027,2
3.3499999999999996,3.204455764470281,3.3499999999999996,634.5426445289785,375.4782802409354,264.8412326263724,2
3.3499999999999996,3.219010188023253,3.3499999999999996,1100.4422093134087,651.1652949097646,459.2953265812256,2
3.3499999999999996,3.232109169220928,3.3499999999999996,1101.652374715864,651.8813867722085,459.8004174519989,2
3.3499999999999996,3.243898252298835,3.3499999999999996,681.8020953557943,403.4431419796699,284.56607116659404,2
3.3499999999999996,3.2545084270689513,3.3499999999999996,738.1526138148059,436.78746634321317,308.0852796807796,2
3.3499999999999996,3.2640575843620563,3.3499999999999996,844.4653237331836,499.69594669844133,352.4573788318672,2
3.3499999999999996,3.2726518259258506,3.3499999999999996,1106.9791308021045,655.0333911832112,462.02366384834977,2
3.3499999999999996,3.2803866433332654,3.3499999999999996,822.7928423327002,486.87167694294266,343.41186118594624,2
3.3499999999999996,3.287347978999939,3.3499999999999996,812.2186284506279,480.61459134345944,338.9984653917807,2
3.3499999999999996,3.293613181099945,3.3499999999999996,1211.9016064368082,717.1192274144132,505.8155161641738,2
3.3499999999999996,3.2992518629899505,3.3499999999999996,1183.3238211282435,700.2088782467546,493.8879082214952,2
3.3499999999999996,3.3043266766909554,3.3499999999999996,907.4735172234547,536.9798208979076,378.7553239320129,2
3.3499999999999996,3.3088940090218597,3.3499999999999996,889.5251079753211,526.359198476932,371.2641350104444,2
3.3499999999999996,3.3130046081196736,3.3499999999999996,1079.8904644546017,639.0041992260167,450.717574576757,2
3.3499999999999996,3.316704147307706,3.3499999999999996,917.9721000482773,543.1921532888339,383.13715333328184,2
3.3499999999999996,3.3200337325769356,3.3499999999999996,1224.5925418827755,724.6288418697784,511.11237527312585,2
3.3499999999999996,3.323030359319242,3.3499999999999996,586.5528599532612,347.08125769724336,244.81157219284643,2
3.3499999999999996,3.325727323387318,3.3499999999999996,912.0059414326146,539.6617948551365,380.64703731753417,2
3.3499999999999996,3.328154591048586,3.3499999999999996,1332.6337403957368,788.5601217649684,556.2058996174876,2
3.3499999999999996,3.3303391319437274,3.3499999999999996,1020.3809484658142,603.7905994560172,425.8798844650572,2
3.3499999999999996,3.332305218749355,3.3499999999999996,899.6400841810989,532.3445391048147,375.48585720582673,2
3.3499999999999996,3.3340746968744193,3.3499999999999996,924.1985157726042,546.8765138095847,385.7358937481187,2
3.3499999999999996,3.335667227186977,3.3499999999999996,1159.5178341829808,686.1221480408112,483.9519220733133,2
3.3499999999999996,3.3371005044682795,3.3499999999999996,1207.4450465617444,714.4821447027824,503.95546653510405,2
3.3499999999999996,3.3383904540214515,3.3499999999999996,835.3729470171393,494.315709448702,348.6624624811024,2
3.3499999999999996,3.3395514086193065,3.3499999999999996,1520.3302412058915,899.6258790297975,634.5454297701345,2
3.3499999999999996,3.340596267757376,3.3499999999999996,938.913684257289,555.5839288331825,391.8776139199468,2
3.3499999999999996,3.3415366409816385,3.3499999999999996,683.4037314092632,404.39087899327086,285.23455148115886,2
3.3499999999999996,3.3423829768834747,3.3499999999999996,1174.0194595693292,694.7032030852779,490.0045150322268,2
3.3499999999999996,3.3431446791951274,3.3499999999999996,680.7790061347146,402.8377488125184,284.1390609211303,2
3.3499999999999996,3.343830211275615,3.3499999999999996,1240.836022675816,734.2406060055439,517.8919723773754,2
3.3499999999999996,3.3444471901480535,3.3499999999999996,895.7721816728325,530.0557829519142,373.8714975141652,2
3.3499999999999996,3.345002471133248,3.3499999999999996,1001.1220257541229,592.3945061572812,417.84172205942957,2
3.3499999999999996,3.318483119585995,3.3499999999999996,496.4238728341825,293.74918084612864,207.19412874788787,2
3.3499999999999996,3.2733308332909754,3.3499999999999996,478.6282280918207,283.2189538531097,199.7666996702936,2
3.3499999999999996,3.0303325154824545,3.3499999999999996,299.8788440422555,177.44747908189427,125.16145822425594,2
3.3499999999999996,3.062299263934209,3.3499999999999996,677.6617347284537,400.99316402888127,282.8379946984213,2
3.3499999999999996,3.3499999999999996,3.3499999999999996,667.8774492542924,412.12326336516554,277.2906496418274,3
3.3499999999999996,3.3499999999999996,3.3499999999999996,841.4937116311033,519.2556432709155,349.37298486156584,3
3.3499999999999996,3.3499999999999996,3.3499999999999996,527.6735630537933,325.60846460688623,219.0805293117384,3
3.3499999999999996,3.311982079310885,3.3499999999999996,471.97297989713576,291.23762886824136,195.9546535898027,3
3.3499999999999996,3.3157838713797965,3.3499999999999996,572.507435857118,353.2738424237824,237.69474323597512,3
3.3499999999999996,3.319205484241817,3.3499999999999996,620.8391906504711,383.09763798963286,257.76121456232715,3
3.3499999999999996,3.322284935817635,3.3499999999999996,607.3051739588373,374.7462808183099,252.14213536617123,3
3.3499999999999996,3.3250564422358715,3.3499999999999996,685.9005136456611,423.2446511603436,284.7735003342698,3
3.3499999999999996,3.3275507980122843,3.3499999999999996,840.0868880881416,518.3875428280098,348.78889714518186,3
3.3499999999999996,3.306494991666323,3.3499999999999996,483.9648991736168,298.6374129330469,200.93348180198524,3
3.3499999999999996,3.310845492499691,3.3499999999999996,683.579957685662,421.81271915526673,283.8100474277569,3
3.3499999999999996,3.3147609432497216,3.3499999999999996,880.1012119945602,543.0789495644951,365.4021214476014,3
3.3499999999999996,3.3182848489247494,3.3499999999999996,713.3623286490192,440.19035404303713,296.17514974035026,3
3.3499999999999996,3.318605957129449,3.3499999999999996,500.87806735225377,309.0739235105583,207.95552364063707,3
3.3499999999999996,3.321745361416504,3.3499999999999996,758.9047231429355,468.29293522953,315.08352906886716,3
3.3499999999999996,3.3245708252748534,3.3499999999999996,647.0602483655064,399.277713969848,268.64772396044526,3
3.3499999999999996,3.3271137427473683,3.3499999999999996,947.48724274047,584.6604566616988,393.37958387454887,3
3.3499999999999996,3.3294023684726315,3.3499999999999996,888.7489307600232,548.4151472191189,368.99249803101867,3
3.3499999999999996,3.3314621316253685,3.3499999999999996,977.9074127541616,603.4316545096927,406.0094888290127,3
3.3499999999999996,3.155231541475246,3.3499999999999996,359.25747652853437,221.68492704849683,149.1572131481734,3
3.3499999999999996,3.1747083873277213,3.3499999999999996,672.8230853521397,415.1750383432504,279.343988391317,3
3.3499999999999996,3.192237548594949,3.3499999999999996,690.3950739889693,426.01808343919066,286.6395605805647,3
3.3499999999999996,3.208013793735454,3.3499999999999996,535.2955128198262,330.31169693534724,222.24502514030755,3
3.3499999999999996,3.2222124143619086,3.3499999999999996,630.4938957053333,389.05521083249585,261.7696736587559,3
3.3499999999999996,3.2349911729257177,3.3499999999999996,1093.4207519868419,674.7108006763029,453.968540169779,3
3.3499999999999996,3.246492055633146,3.3499999999999996,1094.6231958345807,675.4527857262501,454.4677731294628,3
3.3499999999999996,3.2568428500698317,3.3499999999999996,677.4518039209615,418.0312548600856,281.2657487088586,3
3.3499999999999996,3.2661585650628484,3.3499999999999996,733.442773502857,452.5812776656686,304.51218762781696,3
3.3499999999999996,3.2745427085565635,3.3499999999999996,839.0771468855712,517.7644676814808,348.3696708419979,3
3.3499999999999996,3.282088437700907,3.3499999999999996,1099.9159641382444,678.718763560922,456.66523489878193,3
3.3499999999999996,3.288879593930816,3.3499999999999996,817.5429484426355,504.47648476460796,339.4290607309293,3
3.3499999999999996,3.294991634537735,3.3499999999999996,807.0362041567915,497.9931490160211,335.06685034054226,3
3.3499999999999996,3.3004924710839614,3.3499999999999996,1204.1689737355389,743.049563438727,499.94920082790037,3
3.3499999999999996,3.305443223975565,3.3499999999999996,1175.7735312145678,725.5277524395585,488.1599261453991,3
3.3499999999999996,3.3098989015780087,3.3499999999999996,901.6833116840384,556.3964906257048,374.3626192907491,3
3.3499999999999996,3.3139090114202077,3.3499999999999996,883.8494236606897,545.39183679456,366.95831120824766,3
3.3499999999999996,3.3175181102781868,3.3499999999999996,1073.0001391386859,662.1099715626757,445.49027067726695,3
3.3499999999999996,3.320766299250368,3.3499999999999996,912.1149074824909,562.833454933101,378.69362938696304,3
3.3499999999999996,3.323689669325331,3.3499999999999996,1216.7789336782823,750.8307182723121,505.18462835788347,3
3.3499999999999996,3.326320702392798,3.3499999999999996,582.8103136922384,359.63137948421667,241.9723119595048,3
3.3499999999999996,3.3286886321535185,3.3499999999999996,906.1868164071034,559.1754421610835,376.2323930819111,3
3.3499999999999996,3.330819768938167,3.3499999999999996,1324.1307668993186,817.0736912678586,549.7551698656689,3
3.3499999999999996,3.3327377920443504,3.3499999999999996,1013.8703282570849,625.6230821641806,420.94064156362583,3
3.3499999999999996,3.3344640128399154,3.3499999999999996,893.8998604720431,551.5936015368269,371.1310709798435,3
3.3499999999999996,3.336017611555924,3.3499999999999996,918.3015950757667,566.6510383583362,381.2622302938897,3
3.3499999999999996,3.337415850400332,3.3499999999999996,1152.1194402253473,710.9316597262942,478.3391749515816,3
3.3499999999999996,3.3386742653602988,3.3499999999999996,1199.7408492882707,740.3171263728659,498.11072356526955,3
3.3499999999999996,3.339806838824269,3.3499999999999996,830.042784788167,512.18968626887,344.6187669330761,3
3.3499999999999996,3.3408261549418423,3.3499999999999996,1510.6296555498973,932.1554786383866,627.1861387494641,3
3.3499999999999996,3.3417435394476582,3.3499999999999996,932.9228722804788,575.6733050674468,387.33272041032455,3
3.3499999999999996,3.3425691855028923,3.3499999999999996,679.0432206106992,419.0132611252779,281.92647616453314,3
3.3499999999999996,3.343312266952603,3.3499999999999996,1166.5285368601137,719.8229974019326,484.3215715290785,3
3.3499999999999996,3.343981040257343,3.3499999999999996,676.4352426004351,417.4039712629317,280.843690815926,3
3.3499999999999996,3.3445829362316086,3.3499999999999996,1232.9187716754923,760.7900344807301,511.8855974778276,3
3.3499999999999996,3.345124642608448,3.3499999999999996,890.0566374173412,549.2220861803607,369.53543420733894,3
3.3499999999999996,3.3456121783476034,3.3499999999999996,994.7342886035236,613.8149171801459,412.9957036516896,3
3.3499999999999996,3.3340283615914865,3.3499999999999996,493.25640160353146,304.3708664390117,204.79114573092363,3
3.3499999999999996,3.3020468085454473,3.3499999999999996,475.5743033601132,293.4598766468614,197.4498580224937,3
3.3499999999999996,3.0623278974251136,3.3499999999999996,297.96544369395673,183.86380789216884,123.70986854693774,3
3.3499999999999996,3.091095107682602,3.3499999999999996,673.3378611874598,415.4926880818221,279.5577140171113,3
3.3499999999999996,3.3499999999999996,3.3499999999999996,667.4481473693243,413.6008221495083,276.96809096127134,4
3.3499999999999996,3.3499999999999996,3.3499999999999996,840.9528117444618,521.117296822743,348.9665763181677,4
3.3499999999999996,3.3499999999999996,3.3499999999999996,527.3343821823328,326.77584749910113,218.82568362342687,4
3.3499999999999996,3.3134743256997075,3.3499999999999996,471.66960254826716,292.2817842341666,195.72670910414337,4
3.3499999999999996,3.317126893129737,3.3499999999999996,572.1394364260155,354.54041219926546,237.41824454100532,4
3.3499999999999996,3.320414203816763,3.3499999999999996,620.4401242721918,384.47113308343194,257.4613735205353,4
3.3499999999999996,3.3233727834350866,3.3499999999999996,606.9148070491258,376.0898343333471,251.8488307249893,4
3.3499999999999996,3.326035505091578,3.3499999999999996,685.459626797726,424.7620827344354,284.4422372186767,4
3.3499999999999996,3.3284319545824204,3.3499999999999996,839.5468924871583,520.2460840356696,348.3831680425199,4
3.3499999999999996,3.3087991176008127,3.3499999999999996,483.6538135939111,299.7080982644442,200.69974568844043,4
3.3499999999999996,3.3129192058407315,3.3499999999999996,683.140562457258,423.32501691649054,283.47990504991225,4
3.3499999999999996,3.3166272852566583,3.3499999999999996,879.5354957696842,545.0260152699553,364.977066991857,4
3.3499999999999996,3.3199645567309926,3.3499999999999996,712.9037897468655,441.7685399456925,295.83062364241977,4
3.3499999999999996,3.3216549564527127,3.3499999999999996,500.5561102346814,310.1820261858729,207.71361912850693,4
3.3499999999999996,3.3244894608074413,3.3499999999999996,758.4169102537292,469.9718754923147,314.71700777601905,4
3.3499999999999996,3.327040514726697,3.3499999999999996,646.6443274737,400.7092184397758,268.3352191735475,4
3.3499999999999996,3.329336463254027,3.3499999999999996,946.8782117576964,586.7566018454105,392.9219846021026,4
3.3499999999999996,3.3314028169286245,3.3499999999999996,888.1776559076312,550.3813444476461,368.56326706541023,4
3.3499999999999996,3.333262535235762,3.3499999999999996,977.2788281297093,605.59509885057,405.53719780448984,4
3.3499999999999996,3.157984624167312,3.3499999999999996,359.0265510615422,222.47971962740215,148.98370584119917,4
3.3499999999999996,3.1771861617505808,3.3499999999999996,672.3906044844083,416.66353845832487,279.0190411619995,4
3.3499999999999996,3.194467545575523,3.3499999999999996,689.951298103188,427.5454584200024,286.3061267681536,4
3.3499999999999996,3.2100207910179708,3.3499999999999996,534.9514326702042,331.49594202113246,221.98649834843053,4
3.3499999999999996,3.2240187119161736,3.3499999999999996,630.0886234234358,390.45006522548977,261.4651697721156,4
3.3499999999999996,3.2366168407245564,3.3499999999999996,1092.7179170724196,677.12979751305,453.4404607213003,4
3.3499999999999996,3.2479551566521008,3.3499999999999996,1093.9195880067878,677.8744427538328,453.9391129476454,4
3.3499999999999996,3.2581596409868907,3.3499999999999996,677.016347780433,419.52999518283474,280.9385659895483,4
3.3499999999999996,3.267343676888202,3.3499999999999996,732.971327183577,454.2038879424669,304.15796346057095,4
3.3499999999999996,3.275609309199382,3.3499999999999996,838.5378003315083,519.6207750182629,347.9644294048356,4
3.3499999999999996,3.2830483782794437,3.3499999999999996,1099.2089541961684,681.1521298868338,456.1340185169276,4
3.3499999999999996,3.289743540451499,3.3499999999999996,817.0174437573064,506.2851515587894,339.03421946919485,4
3.3499999999999996,3.2957691864063494,3.3499999999999996,806.5174530534733,499.77857152739034,334.67708342527294,4
3.3499999999999996,3.3011922677657144,3.3499999999999996,1203.3949514791775,745.7135708055912,499.36763432079886,4
3.3499999999999996,3.306073040989143,3.3499999999999996,1175.0177611345782,728.1289399948254,487.5920735262026,4
3.3499999999999996,3.3104657368902286,3.3499999999999996,901.1037228002058,558.3913028466618,373.9271415251486,4
3.3499999999999996,3.314419163201206,3.3499999999999996,883.2812981400134,547.3471947444718,366.53144651289904,4
3.3499999999999996,3.3179772468810853,3.3499999999999996,1072.3104302964161,664.4837914647485,444.9720535859375,4
3.3499999999999996,3.3211795221929767,3.3499999999999996,911.5286133209993,564.8513451843521,378.25311356867695,4
3.3499999999999996,3.3240615699736793,3.3499999999999996,1215.996805923556,753.5226229085098,504.59697173343244,4
3.3499999999999996,3.3266554129763115,3.3499999999999996,582.4356917215067,360.92074252464124,241.6908373775902,4
3.3499999999999996,3.3289898716786803,3.3499999999999996,905.6043327361077,561.1802175765927,375.7947402997069,4
3.3499999999999996,3.3310908845108123,3.3499999999999996,1323.2796349516705,820.0030925351643,549.1156665053869,4
3.3499999999999996,3.332981796059731,3.3499999999999996,1013.2186271949814,627.8660879901346,420.45098185778807,4
3.3499999999999996,3.3346836164537583,3.3499999999999996,893.3252746771464,553.5711942712993,370.69935231668904,4
3.3499999999999996,3.3362152548083825,3.3499999999999996,917.7113242017083,568.6826155436344,380.8187265475199,4
3.3499999999999996,3.337593729327544,3.3499999999999996,1151.3788746501068,713.4805168578198,477.78274633298247,4
3.3499999999999996,3.33883435639479,3.3499999999999996,1198.9696733657302,742.9713373104863,497.53129566904755,4
3.3499999999999996,3.339950920755311,3.3499999999999996,829.5092453903154,514.0260067037244,344.2178887393816,4
3.3499999999999996,3.34095582867978,3.3499999999999996,1509.6586448362696,935.4974751677477,626.4565637218195,4
3.3499999999999996,3.341860245811802,3.3499999999999996,932.3232030626499,577.7372291999225,386.88215515905074,4
3.3499999999999996,3.342674221230622,3.3499999999999996,678.6067415307296,420.5155221713454,281.59852485321807,4
3.3499999999999996,3.34340679910756,3.3499999999999996,1165.778709327679,722.4037320692712,483.7581838804902,4
3.3499999999999996,3.344066119196804,3.3499999999999996,676.0004398906992,418.90046262651833,280.5169990559654,4
3.3499999999999996,3.344659507277124,3.3499999999999996,1232.1262694682625,763.5176456068493,511.29014594301617,4
3.3499999999999996,3.3451935565494115,3.3499999999999996,889.4845219901797,551.1911764747658,369.1055716705726,4
3.3499999999999996,3.34567420089447,3.3499999999999996,994.0948879086556,616.015587958676,412.5152859044006,4
3.3499999999999996,3.3356097033866074,3.3499999999999996,492.9393435815584,305.4621075490931,204.5529221851897,4
3.3499999999999996,3.304967944918977,3.3499999999999996,475.2686111330394,294.5119992934967,197.2201742384859,4
3.3499999999999996,3.06558263187691,3.3499999999999996,297.7739158518713,184.52300286761255,123.56596289407203,4
3.3499999999999996,3.094024368689219,3.3499999999999996,672.9050494293282,416.9823270458849,279.2325181712034,4
3.3499999999999996,3.3499999999999996,3.3499999999999996,667.4052129905958,413.7489548190219,276.93584198358076,5
3.3499999999999996,3.3499999999999996,3.3499999999999996,840.8987164763057,521.3039369167033,348.92594414535904,5
3.3499999999999996,3.3499999999999996,3.3499999999999996,527.3004607845877,326.8928834816966,218.8002044985039,5
3.3499999999999996,3.3136237707087006,3.3499999999999996,471.6392618522441,292.38646603998075,195.70391952483325,5
3.3499999999999996,3.3172613936378306,3.3499999999999996,572.1026328910206,354.6673921637555,237.39060057795905,5
3.3499999999999996,3.3205352542740476,3.3499999999999996,620.400213739248,384.608832846693,257.43139582143635,5
3.3499999999999996,3.3234817288466427,3.3499999999999996,606.8757665479505,376.22453230335384,251.8195065263235,5
3.3499999999999996,3.3261335559619787,3.3499999999999996,685.4155338096249,424.91421285085204,284.4091179834232,5
3.3499999999999996,3.328520200365781,3.3499999999999996,839.4928876563944,520.4324121015368,348.3426037992709,5
3.3499999999999996,3.3090298704601135,3.3499999999999996,483.62270199956754,299.8154398321906,200.67637707006017,5
3.3499999999999996,3.3131268834141023,3.3499999999999996,683.0966186456692,423.47663234245084,283.44689786449266,5
3.3499999999999996,3.316814195072692,3.3499999999999996,879.478918625483,545.2212183601637,364.93457062612003,5
3.3499999999999996,3.320132775565423,3.3499999999999996,712.8579313810485,441.926760987878,295.7961783922506,5
3.3499999999999996,3.321960306651379,3.3499999999999996,500.52391138043873,310.293119029778,207.689433844758,5
3.3499999999999996,3.3247642759862415,3.3499999999999996,758.3681242034761,470.1401976638017,314.6803634762106,5
3.3499999999999996,3.327287848387617,3.3499999999999996,646.6027313248937,400.8527339335741,268.30397537045565,5
3.3499999999999996,3.3295590635488557,3.3499999999999996,946.8173027149286,586.9667509000819,392.87623444990425,5
3.3499999999999996,3.33160315719397,3.3499999999999996,888.1205228464231,550.5784655688757,368.52035313790367,5
3.3499999999999996,3.3334428414745734,3.3499999999999996,977.215963531919,605.8119949828621,405.4899787909231,5
3.3499999999999996,3.15826033900285,3.3499999999999996,359.0034562608785,222.55940156471019,148.966358816893,5
3.3499999999999996,3.1774343051025653,3.3499999999999996,672.3473521763748,416.81276805105165,278.98655338045603,5
3.3499999999999996,3.194690874592309,3.3499999999999996,689.9069161831037,427.69858541275113,286.2727905095876,5
3.3499999999999996,3.210221787133078,3.3499999999999996,534.9170212968232,331.6146685230995,221.96065119178516,5
3.3499999999999996,3.22419960841977,3.3499999999999996,630.048092239557,390.58990636548805,261.43472588813756,5
3.3499999999999996,3.236779647577793,3.3499999999999996,1092.6476267209073,677.3723140631662,453.3876640570673,5
3.3499999999999996,3.2481016828200135,3.3499999999999996,1093.8492203563942,678.1172260014054,453.8862582224839,5
3.3499999999999996,3.258291514538012,3.3499999999999996,676.9727979160795,419.68025140767594,280.90585470675916,5
3.3499999999999996,3.267462363084211,3.3499999999999996,732.9241779500636,454.3665627506906,304.1225486106365,5
3.3499999999999996,3.27571612677579,3.3499999999999996,838.4838604117715,519.8068791273847,347.92391391771935,5
3.3499999999999996,3.283144514098211,3.3499999999999996,1099.13824630114,681.3960870502178,456.08090822636666,5
3.3499999999999996,3.2898300626883903,3.3499999999999996,816.9648881595475,506.46647946487457,338.9947437774571,5
3.3499999999999996,3.2958470564195514,3.3499999999999996,806.4655728798343,499.9575690776885,334.63811505978566,5
3.3499999999999996,3.301262350777596,3.3499999999999996,1203.317541698642,745.9806508886574,499.3094900932719,5
3.3499999999999996,3.306136115699837,3.3499999999999996,1174.9421767498316,728.3897220771022,487.5353003945157,5
3.3499999999999996,3.310522504129853,3.3499999999999996,901.045758254704,558.5912927642205,373.88360305108444,5
3.3499999999999996,3.314470253716868,3.3499999999999996,883.2244800427161,547.5432291737241,366.48876916187123,5
3.3499999999999996,3.318023228345181,3.3499999999999996,1072.2414526802368,664.721778800863,444.9202429467437,5
3.3499999999999996,3.321220905510663,3.3499999999999996,911.4699781822841,565.0536487900501,378.20907139696504,5
3.3499999999999996,3.324098814959597,3.3499999999999996,1215.9185855140697,753.7924998325698,504.5382186242651,5
3.3499999999999996,3.3266889334636374,3.3499999999999996,582.398225867909,361.0500076281175,241.66269593214233,5
3.3499999999999996,3.329020040117274,3.3499999999999996,905.5460786836348,561.3812063543126,375.75098437044414,5
3.3499999999999996,3.3311180361055466,3.3499999999999996,1323.1945134493715,820.2967796861603,549.051729830165,5
3.3499999999999996,3.333006232494992,3.3499999999999996,1013.1534507277963,628.0909605598449,420.4020263471124,5
3.3499999999999996,3.3347056092454928,3.3499999999999996,893.2678104893711,553.769457849082,370.65618967256904,5
3.3499999999999996,3.3362350483209435,3.3499999999999996,917.6522913529215,568.8862913330312,380.77438564682654,5
3.3499999999999996,3.3376115434888494,3.3499999999999996,1151.3048108642397,713.7360525529831,477.7271153573206,5
3.3499999999999996,3.3388503891399646,3.3499999999999996,1198.8925482463585,743.2374352524484,497.47336525692435,5
3.3499999999999996,3.339965350225968,3.3499999999999996,829.455886242881,514.2101070258096,344.17780948340624,5
3.3499999999999996,3.340968815203371,3.3499999999999996,1509.5615342872875,935.8325270605357,626.3836218039348,5
3.3499999999999996,3.3418719336830343,3.3499999999999996,932.2632302877529,577.9441479328061,386.8371082587118,5
3.3499999999999996,3.342684740314731,3.3499999999999996,678.5630893624474,420.6661313663356,281.56573672764677,5
3.3499999999999996,3.343416266283258,3.3499999999999996,1165.7037192556904,722.6624636470805,483.7018571504852,5
3.3499999999999996,3.344074639654932,3.3499999999999996,675.9569553758029,419.05049338193817,280.48433685862364,5
3.3499999999999996,3.344667175689439,3.3499999999999996,1232.0470115122653,763.7911022853847,511.2306135093245,5
3.3499999999999996,3.345200458120495,3.3499999999999996,889.4273048632901,551.3885876403414,369.0625945994416,5
3.3499999999999996,3.3456804123084454,3.3499999999999996,994.0309415982526,616.2362162278173,412.467254392157,5
3.3499999999999996,3.3357680710935513,3.3499999999999996,492.9076346846937,305.5715099366206,204.5291049194492,5
3.3499999999999996,3.305260489940283,3.3499999999999996,475.2380389266013,294.61747985911154,197.19721076649506,5
3.3499999999999996,3.065908585970726,3.3499999999999996,297.7547611982416,184.58909046593837,123.5515754028385,5
3.3499999999999996,3.0943177273736535,3.3499999999999996,672.861764029025,417.1316708139276,279.20000553331175,5
3.3499999999999996,3.3499999999999996,3.3499999999999996,667.4009195108399,413.7637718368036,276.932617133806,6
3.3499999999999996,3.3499999999999996,3.3499999999999996,840.8933068967194,521.3226056519667,348.92188098854865,6
3.3499999999999996,3.3499999999999996,3.3499999999999996,527.2970686117224,326.9045900433952,218.79765662393072,6
3.3499999999999996,3.313638717381018,3.3499999999999996,471.636227753044,292.3969368711841,195.70164060081862,6
3.3499999999999996,3.317274845642916,3.3499999999999996,572.0989525016188,354.6800933754323,237.38783622279533,6
3.3499999999999996,3.3205473610786242,3.3499999999999996,620.3962226470204,384.62260630968046,257.42839809614054,6
3.3499999999999996,3.3234926249707617,3.3499999999999996,606.8718624597484,376.23800551100845,251.81657415009846,6
3.3499999999999996,3.3261433624736854,3.3499999999999996,685.4111244678015,424.92942971454244,284.40580610918715,6
3.3499999999999996,3.3285290262263167,3.3499999999999996,839.4874871206355,520.45104962609,348.33854743531543,6
3.3499999999999996,3.309052949098853,3.3499999999999996,483.61959080978335,299.8261767069343,200.67404024300023,6
3.3499999999999996,3.3131476541889677,3.3499999999999996,683.0922242216425,423.4917977240632,283.4435971950734,6
3.3499999999999996,3.316832888770071,3.3499999999999996,879.4732608558711,545.2407436118732,364.93032105279127,6
3.3499999999999996,3.320149599893064,3.3499999999999996,712.8533454997313,441.9425870983721,295.79273391849665,6
3.3499999999999996,3.3219908461079455,3.3499999999999996,500.52069146360407,310.30423112712265,207.68701535237665,6
3.3499999999999996,3.324791761497151,3.3499999999999996,758.3632455508592,470.15703414299395,314.67669910076523,6
3.3499999999999996,3.327312585347436,3.3499999999999996,646.5985716694355,400.86708911687396,268.3008510366449,6
3.3499999999999996,3.329581326812692,3.3499999999999996,946.8112117512342,586.9877711266809,392.8716595027717,6
3.3499999999999996,3.331623194131423,3.3499999999999996,888.1148094845682,550.5981826722533,368.51606180901933,6
3.3499999999999996,3.3334608747182806,3.3499999999999996,977.2096770108147,605.8336900880641,405.4852569598397,6
3.3499999999999996,3.158287914492505,3.3499999999999996,359.00114675828286,222.56737177604737,148.96462414027897,6
3.3499999999999996,3.1774591230432545,3.3499999999999996,672.3430269033782,416.82769478892953,278.98330465065135,6
3.3499999999999996,3.194713210738929,3.3499999999999996,689.9024779478001,427.7139019893164,286.26945693334346,6
3.3499999999999996,3.210241889665036,3.3499999999999996,534.9135801259164,331.62654417954036,221.9580665145875,6
3.3499999999999996,3.2242177006985324,3.3499999999999996,630.0440390816304,390.60389402037043,261.43168154504764,6
3.3499999999999996,3.2367959306286793,3.3499999999999996,1092.6405976171868,677.3965718588786,453.3823844692182,6
3.3499999999999996,3.2481163375658113,3.3499999999999996,1093.8421835227102,678.1415104736167,453.8809728286284,6
3.3499999999999996,3.2583047038092303,3.3499999999999996,676.9684428871606,419.69528083476047,280.90258362716247,6
3.3499999999999996,3.2674742334283073,3.3499999999999996,732.9194629807175,454.38283435056115,304.11900717834897,6
3.3499999999999996,3.2757268100854766,3.3499999999999996,838.4784663671786,519.8254942505927,347.9198624293045,6
3.3499999999999996,3.283154129076929,3.3499999999999996,1099.1311754426606,681.420488943735,456.0755972763515,6
3.3499999999999996,3.289838716169236,3.3499999999999996,816.9596325485029,506.4846168468419,338.9907962670327,6
3.3499999999999996,3.2958548445523124,3.3499999999999996,806.4603848118606,499.9754733650705,334.63421828123137,6
3.3499999999999996,3.301269360097081,3.3499999999999996,1203.309800645074,746.0073656596323,499.30367575705185,6
3.3499999999999996,3.306142424087373,3.3499999999999996,1174.9346182376232,728.4158068885282,487.52962316583915,6
3.3499999999999996,3.310528181678636,3.3499999999999996,901.0399617436085,558.6112968198712,373.87924926847387,6
3.3499999999999996,3.3144753635107724,3.3499999999999996,883.2187981775596,547.5628375803881,366.48450149028264,6
3.3499999999999996,3.3180278271596952,3.3499999999999996,1072.2345548513304,664.7455835604924,444.9150619599311,6
3.3499999999999996,3.3212250444437257,3.3499999999999996,911.4641146112132,565.073884273099,378.2046672453392,6
3.3499999999999996,3.324102539999353,3.3499999999999996,1215.9107633968158,753.8194943584618,504.5323434007872,6
3.3499999999999996,3.326692285999418,3.3499999999999996,582.3944792460009,361.06293741155457,241.65988182947882,6
3.3499999999999996,3.329023057399476,3.3499999999999996,905.5402532215599,561.4013103212712,375.7466088426373,6
3.3499999999999996,3.3311207516595287,3.3499999999999996,1323.1860012161044,820.326155837639,549.0453362577958,6
3.3499999999999996,3.333008676493576,3.3499999999999996,1013.1469330174973,628.1134535107582,420.3971308689024,6
3.3499999999999996,3.334707808844218,3.3499999999999996,893.2620640145363,553.7892892270428,370.65187347239345,6
3.3499999999999996,3.3362370279597964,3.3499999999999996,917.6463880104554,568.9066640691948,380.76995162274704,6
3.3499999999999996,3.337613325163817,3.3499999999999996,1151.2974044134028,713.7616125928553,477.72155234254666,6
3.3499999999999996,3.3388519926474354,3.3499999999999996,1198.8848356591848,743.2640517844443,497.4675723019264,6
3.3499999999999996,3.339966793382692,3.3499999999999996,829.4505502760849,514.2285217195764,344.17380161745626,6
3.3499999999999996,3.340970114044423,3.3499999999999996,1509.5518231376566,935.8660407335796,626.3763277207016,6
3.3499999999999996,3.3418731026399806,3.3499999999999996,932.257232951759,577.9648450454321,386.83260363571856,6
3.3499999999999996,3.3426857923759825,3.3499999999999996,678.5587241030358,420.6811960993724,281.5624579638864,6
3.3499999999999996,3.3434172131383844,3.3499999999999996,1165.6962201753377,722.6883433561393,483.6962245613125,6
3.3499999999999996,3.344075491824546,3.3499999999999996,675.9526068818934,419.0655002563713,280.4810706874987,6
3.3499999999999996,3.3446679426420913,3.3499999999999996,1232.0390856393483,763.8184548773664,511.224660354554,6
3.3499999999999996,3.3452011483778823,3.3499999999999996,889.4215830947851,551.4083337554977,369.05829695628887,6
3.3499999999999996,3.345681033540094,3.3499999999999996,994.0245469048318,616.2582846412047,412.46245131241506,6
3.3499999999999996,3.3357839101653095,3.3499999999999996,492.9044637640747,305.5824529455239,204.52672322832098,6
3.3499999999999996,3.3052897486930575,3.3499999999999996,475.2349816761339,294.6280305865201,197.19491445347123,6
3.3499999999999996,3.0659411861161807,3.3499999999999996,297.75284571419303,184.5957008991585,123.55013667512722,6
3.3499999999999996,3.094347067504563,3.3499999999999996,672.8574354467692,417.146608972228,279.19675431790927,6
3.3499999999999996,3.3499999999999996,3.3499999999999996,667.4004901624459,413.7652535760733,276.9322946492878,7
3.3499999999999996,3.3499999999999996,3.3499999999999996,840.8927659382335,521.3244725727303,348.9214746734463,7
3.3499999999999996,3.3499999999999996,3.3499999999999996,527.2967293941052,326.9057607291861,218.79740183683623,7
3.3499999999999996,3.3136402120699318,3.3499999999999996,471.6359243428283,292.3979839807987,195.7014127087417,7
3.3499999999999996,3.3172761908629385,3.3499999999999996,572.0985844623199,354.681363528738,237.38755978767264,7
3.3499999999999996,3.3205485717766448,3.3499999999999996,620.3958235374085,384.62398369083024,257.4280983240379,7
3.3499999999999996,3.3234937145989805,3.3499999999999996,606.8714720505477,376.23935286586504,251.81628091289355,7
3.3499999999999996,3.3261443431390822,3.3499999999999996,685.4106835331894,424.9309514394146,284.40547492223527,7
3.3499999999999996,3.328529908825174,3.3499999999999996,839.4869470665333,520.4529134257039,348.3381417994976,7
3.3499999999999996,3.309055256996207,3.3499999999999996,483.6192796905017,299.8272504215762,200.6738065606271,7
3.3499999999999996,3.313149731296586,3.3499999999999996,683.0917847788115,423.4933143005974,283.4432671286015,7
3.3499999999999996,3.3168347581669275,3.3499999999999996,879.4726950783585,545.2426961864488,364.92989609606354,7
3.3499999999999996,3.320151282350235,3.3499999999999996,712.8528869111526,441.9441697494662,295.7923894716117,7
3.3499999999999996,3.321993900097905,3.3499999999999996,500.5203694716067,310.3053423649741,207.68677350348293,7
3.3499999999999996,3.3247945100881147,3.3499999999999996,758.3627576851221,470.15871783351463,314.6763326637425,7
3.3499999999999996,3.3273150590793032,3.3499999999999996,646.5981557034843,400.8685246715268,268.3005386037087,7
3.3499999999999996,3.329583553171373,3.3499999999999996,946.8106026542711,586.9898732025282,392.87120200871,7
3.3499999999999996,3.331625197854236,3.3499999999999996,888.1142381478259,550.6001544324811,368.515632676742,7
3.3499999999999996,3.3334626780688126,3.3499999999999996,977.2090483580915,605.8358596534796,405.4847847774038,7
3.3499999999999996,3.158290672081474,3.3499999999999996,359.00091580779815,222.56816881734812,148.96445067286464,7
3.3499999999999996,3.1774616048733266,3.3499999999999996,672.342594375657,416.82918750048646,278.9829797781335,7
3.3499999999999996,3.194715444385994,3.3499999999999996,689.9020341238372,427.71543368572844,286.26912357619375,7
3.3499999999999996,3.210243899947395,3.3499999999999996,534.9132360084902,331.6277317752334,221.95780804723577,7
3.3499999999999996,3.2242195099526554,3.3499999999999996,630.0436337654428,390.6052928212516,261.4313771111722,7
3.3499999999999996,3.23679755895739,3.3499999999999996,1092.6398947061296,677.3989976998294,453.3818565111852,7
3.3499999999999996,3.248117803061651,3.3499999999999996,1093.841479838656,678.143938982285,453.8804442899954,7
3.3499999999999996,3.258306022755486,3.3499999999999996,676.9680073838442,419.6967838154979,280.9022565196688,7
3.3499999999999996,3.2674754204799377,3.3499999999999996,732.9189914833233,454.3844615517203,304.11865303562456,7
3.3499999999999996,3.275727878431944,3.3499999999999996,838.4779269621936,519.8273558100152,347.91945728103997,7
3.3499999999999996,3.2831550905887497,3.3499999999999996,1099.1304683561234,681.4229291948308,456.0750661821063,7
3.3499999999999996,3.2898395815298747,3.3499999999999996,816.9591069868862,506.48643063093164,338.99040151655237,7
3.3499999999999996,3.2958556233768874,3.3499999999999996,806.4598660045576,499.97726383911197,334.63382860393085,7
3.3499999999999996,3.3012700610391987,3.3499999999999996,1203.3090265389626,746.0100372043261,499.3030943242578,7
3.3499999999999996,3.306143054935279,3.3499999999999996,1174.9338623856659,728.4184154356731,487.5290554437799,7
3.3499999999999996,3.310528749441751,3.3499999999999996,901.039382091934,558.6132972760524,373.8788138908329,7
3.3499999999999996,3.314475874497576,3.3499999999999996,883.2182299904902,547.5647984706696,366.48407472373157,7
3.3499999999999996,3.3180282870478184,3.3499999999999996,1072.2338650677673,664.7479640966883,444.91454386198774,7
3.3499999999999996,3.3212254583430365,3.3499999999999996,911.4635282535346,565.0759078726057,378.20422683080375,7
3.3499999999999996,3.324102912508733,3.3499999999999996,1215.9099811843282,753.8221938793554,504.53175587927615,7
3.3499999999999996,3.32669262125786,3.3499999999999996,582.3941045834448,361.0642304226145,241.65960041961324,7
3.3499999999999996,3.3290233591320737,3.3499999999999996,905.5396706747846,561.4033207688362,375.7461712904796,7
3.3499999999999996,3.3311210232188664,3.3499999999999996,1323.185149991948,820.3290935271175,549.0446969014696,7
3.3499999999999996,3.33300892089698,3.3499999999999996,1013.1462812458321,628.1157028627631,420.3966413217786,7
3.3499999999999996,3.334708028807282,3.3499999999999996,893.2614893664928,553.7912724150183,370.6514418529906,7
3.3499999999999996,3.3362372259265536,3.3499999999999996,917.6457976756335,568.9087013943602,380.76950822097064,7
3.3499999999999996,3.3376135033338983,3.3499999999999996,1151.2966637675972,713.7641686615168,477.72099604186144,7
3.3499999999999996,3.3388521530005084,3.3499999999999996,1198.8840643997155,743.2667135049919,497.4669930072517,7
3.3499999999999996,3.3399669377004577,3.3499999999999996,829.4500166788852,514.2303632355478,344.17340083143216,7
3.3499999999999996,3.340970243930412,3.3499999999999996,1509.5508520217468,935.8693921856836,626.375598313417,7
3.3499999999999996,3.3418732195373706,3.3499999999999996,932.256633217575,577.9669148090645,386.83215317406075,7
3.3499999999999996,3.3426858975836335,3.3499999999999996,678.5582875766693,420.6827026107943,281.56213008797727,7
3.3499999999999996,3.3434173078252702,3.3499999999999996,1165.6954702665716,722.6909313925286,483.69566130319737,7
3.3499999999999996,3.344075577042743,3.3499999999999996,675.9521720320787,419.0670009817866,280.4807440708513,7
3.3499999999999996,3.3446680193384686,3.3499999999999996,1232.0382930512842,763.821190205775,511.2240650399247,7
3.3499999999999996,3.3452012174046217,3.3499999999999996,889.4210109173769,551.410308416977,369.05786719258566,7
3.3499999999999996,3.3456810956641596,3.3499999999999996,994.0239074348665,616.260491538383,412.46197100512484,7
3.3499999999999996,3.3357854940954614,3.3499999999999996,492.90414667170376,305.58354727410335,204.5264850595473,7
3.3499999999999996,3.3052926746107785,3.3499999999999996,475.23467595078915,294.6290856859574,197.19468482249584,7
3.3499999999999996,3.0659444461780176,3.3499999999999996,297.7526541656015,184.59636195920694,123.54999280256095,7
3.3499999999999996,3.094350001560216,3.3499999999999996,672.8570025881218,417.14810282585614,279.196429196832,7
3.3499999999999996,3.3499999999999996,3.3499999999999996,667.4004472276024,413.76540175037195,276.9322624008406,8
3.3499999999999996,3.3499999999999996,3.3499999999999996,840.8927118423799,521.3246592652753,348.92143404194195,8
3.3499999999999996,3.3499999999999996,3.3499999999999996,527.2966954723403,326.9058777980589,218.79737635813044,8
3.3499999999999996,3.313640361539036,3.3499999999999996,471.6358940018039,292.39808869202284,195.70138991953732,8
3.3499999999999996,3.3172763253851323,3.3499999999999996,572.0985476583866,354.68149054438715,237.38753214416437,8
3.3499999999999996,3.3205486928466192,3.3499999999999996,620.3957836264436,384.6241214292907,257.428068346832,8
3.3499999999999996,3.3234938235619573,3.3499999999999996,606.871433009624,376.2394876016886,251.81625158917734,8
3.3499999999999996,3.3261444412057615,3.3499999999999996,685.410639439724,424.9311036122837,284.4054418035448,8
3.3499999999999996,3.328529997085185,3.3499999999999996,839.4868930611179,520.4530998061327,348.3381012359217,8
3.3499999999999996,3.3090554877862703,3.3499999999999996,483.61924857857065,299.8273577933097,200.6737831923931,8
3.3499999999999996,3.3131499390076433,3.3499999999999996,683.0917408345243,423.49346595863136,283.4432341219591,8
3.3499999999999996,3.316834945106879,3.3499999999999996,879.4726385006019,545.2428914443964,364.92985360039694,8
3.3499999999999996,3.320151450596191,3.3499999999999996,712.8528410522904,441.94432801497265,295.7923550269283,8
3.3499999999999996,3.321994205497335,3.3499999999999996,500.520337272404,310.3054534890379,207.68674931859707,8
3.3499999999999996,3.3247947849476014,3.3499999999999996,758.3627088985438,470.1588862029892,314.6762960200457,8
3.3499999999999996,3.3273153064528413,3.3499999999999996,646.5981141068853,400.8686682273523,268.3005073604196,8
3.3499999999999996,3.3295837758075573,3.3499999999999996,946.8105417445692,586.9900834106403,392.8711562593105,8
3.3499999999999996,3.3316253982268016,3.3499999999999996,888.1141810141463,550.6003516089986,368.5155897635206,8
3.3499999999999996,3.3334628584041215,3.3499999999999996,977.2089854928133,605.8360766105654,405.484737559167,8
3.3499999999999996,3.1582909478407633,3.3499999999999996,359.00089271274754,222.5682485216782,148.9644333261257,8
3.3499999999999996,3.177461853056687,3.3499999999999996,672.3425511228809,416.8293367720167,278.98294729088644,8
3.3499999999999996,3.1947156677510185,3.3499999999999996,689.9019897414368,427.7155868557539,286.26909024048365,8
3.3499999999999996,3.210244100975917,3.3499999999999996,534.9132015967444,331.62785053510066,221.9577822005044,8
3.3499999999999996,3.2242196908783254,3.3499999999999996,630.0435932338202,390.60543270169075,261.43134666778906,8
3.3499999999999996,3.236797721790493,3.3499999999999996,1092.6398244150173,677.3992402845332,453.3818037153895,8
3.3499999999999996,3.2481179496114434,3.3499999999999996,1093.841409470244,678.144181833761,453.88039143613986,8
3.3499999999999996,3.258306154650299,3.3499999999999996,676.9679638335085,419.69693411394866,280.902223808924,8
3.3499999999999996,3.267475539185269,3.3499999999999996,732.9189443335795,454.3846242722445,304.11861762135715,8
3.3499999999999996,3.2757279852667422,3.3499999999999996,838.47787302169,519.8275419664245,347.91941676621934,8
3.3499999999999996,3.283155186740068,3.3499999999999996,1099.130397647463,681.4231732205525,456.0750130726896,8
3.3499999999999996,3.2898396680660613,3.3499999999999996,816.9590544307196,506.4866120097956,338.99036204151,8
3.3499999999999996,3.2958557012594554,3.3499999999999996,806.4598141238224,499.9774428869653,334.6337896362064,8
3.3499999999999996,3.30127013113351,3.3499999999999996,1203.3089491283442,746.0103043594657,499.30303618098696,8
3.3499999999999996,3.306143118020159,3.3499999999999996,1174.933786800463,728.418676291042,487.52899867158226,8
3.3499999999999996,3.310528806218143,3.3499999999999996,901.0393241267611,558.6134973221724,373.878770353075,8
3.3499999999999996,3.3144759255963288,3.3499999999999996,883.2181731717778,547.5649945601898,366.4840320470826,8
3.3499999999999996,3.318028333036696,3.3499999999999996,1072.2337960894047,664.7482021509054,444.9144920522009,8
3.3499999999999996,3.3212254997330266,3.3499999999999996,911.4634696177612,565.0761102330641,378.2041827893567,8
3.3499999999999996,3.324102949759724,3.3499999999999996,1215.909902963072,753.822463832122,504.5316971271335,8
3.3499999999999996,3.3266926547837516,3.3499999999999996,582.3940671171857,361.0643597240448,241.65957227863078,8
3.3499999999999996,3.3290233893053767,3.3499999999999996,905.5396124201015,561.4035218140971,375.7461275352703,8
3.3499999999999996,3.331121050374839,3.3499999999999996,1323.1850648695245,820.329387296802,549.0446329658461,8
3.3499999999999996,3.333008945337355,3.3499999999999996,1013.1462160686594,628.1159277985281,420.3965923670734,8
3.3499999999999996,3.3347080508036195,3.3499999999999996,893.2614319016831,553.7914707343133,370.65139869105656,8
3.3499999999999996,3.3362372457232574,3.3499999999999996,917.6457386421457,568.9089051273878,380.76946388079944,8
3.3499999999999996,3.337613521150932,3.3499999999999996,1151.2965897030097,713.7644242690244,477.720940411801,8
3.3499999999999996,3.338852169035839,3.3499999999999996,1198.8839872737615,743.2669796777143,497.4669350777925,8
3.3499999999999996,3.339966952132255,3.3499999999999996,829.4499633191602,514.230547387607,344.17336075283555,8
3.3499999999999996,3.340970256919029,3.3499999999999996,1509.550754910147,935.8697273317348,626.3755253726993,8
3.3499999999999996,3.3418732312271264,3.3499999999999996,932.256573244151,577.967121785947,386.8321081279015,8
3.3499999999999996,3.342685908104414,3.3499999999999996,678.5582439240285,420.6828532623145,281.562097300391,8
3.3499999999999996,3.3434173172939725,3.3499999999999996,1165.6953952756878,722.6911901968168,483.695604977394,8
3.3499999999999996,3.344075585564575,3.3499999999999996,675.9521285470931,419.0671510547047,280.4807114091913,8
3.3499999999999996,3.3446680270081175,3.3499999999999996,1232.0382137924703,763.8214637393023,511.22400550847027,8
3.3499999999999996,3.345201224307306,3.3499999999999996,889.4209536996307,551.4105058836203,369.0578242162214,8
3.3499999999999996,3.3456811018765755,3.3499999999999996,994.023843487864,616.2607122286548,412.46192297440274,8
3.3499999999999996,3.3357856524887026,3.3499999999999996,492.9041149624637,305.58365670723583,204.5264612426734,8
3.3499999999999996,3.3052929672029676,3.3499999999999996,475.2346453782518,294.6291911961659,197.1946618594016,8
3.3499999999999996,3.0659447721846655,3.3499999999999996,297.75263501074056,184.59642806537755,123.54997841530641,8
3.3499999999999996,3.094350294966199,3.3499999999999996,672.8569593022529,417.1482522115938,279.19639668472894,8
3.3499999999999996,3.3499999999999996,3.3499999999999996,667.4004424570641,423.8788446816256,279.04478706756277,9
3.3499999999999996,3.3499999999999996,3.3499999999999996,840.8927058317292,534.0671146949235,351.58311430184165,9
3.3499999999999996,3.3499999999999996,3.3499999999999996,527.2966917032551,334.89626057297414,220.4664301930412,9
3.3499999999999996,3.327821737116145,3.3499999999999996,471.63589063057873,299.5450163246491,197.19426045015982,9
3.3499999999999996,3.330039563404531,3.3499999999999996,572.0985435690603,363.35077753217826,239.19839741814602,9
3.3499999999999996,3.3320356070640775,3.3499999999999996,620.3957791918917,394.02527987705656,259.3918090088072,9
3.3499999999999996,3.33383204635767,3.3499999999999996,606.8714286717434,385.43570499987385,253.73718358298615,9
3.3499999999999996,3.335448841721903,3.3499999999999996,685.4106345404499,435.3174637282274,286.5749741864868,9
3.3499999999999996,3.3369039575497124,3.3499999999999996,839.486887060516,533.1742521814078,350.99533165335464,9
3.3499999999999996,3.330952458352728,3.3499999999999996,483.61924512168923,307.1558750145263,202.20458467172662,9
3.3499999999999996,3.3328572125174554,3.3499999999999996,683.0917359518255,433.8446866784231,285.60542648808894,9
3.3499999999999996,3.33457149126571,3.3499999999999996,879.4726322141842,558.569967229291,367.7136510195588,9
3.3499999999999996,3.336114342139139,3.3499999999999996,712.852835956861,452.74653313232386,298.04875029414984,9
3.3499999999999996,3.337502907925225,3.3499999999999996,500.5203336947146,317.89008111097615,209.27104786540858,9
3.3499999999999996,3.3387526171327027,3.3499999999999996,758.3627034778126,481.650724438184,317.07674381046195,9
3.3499999999999996,3.3398773554194325,3.3499999999999996,646.5981094850407,410.6668833074302,270.34718633880664,9
3.3499999999999996,3.340889619877489,3.3499999999999996,946.8105349768241,601.3375631290313,395.86809854854135,9
3.3499999999999996,3.34180065788974,3.3499999999999996,888.1141746659594,564.058376882183,371.32674028349953,9
3.3499999999999996,3.3426205921007663,3.3499999999999996,977.208978507782,620.6441987023978,408.57790013490626,9
3.3499999999999996,3.177297564702289,3.3499999999999996,359.00089014663064,228.00836330703928,150.10077994438367,9
3.3499999999999996,3.19456780823206,3.3499999999999996,672.3425463170166,427.0176698024796,281.11111521410874,9
3.3499999999999996,3.2101110274088542,3.3499999999999996,689.9019848100587,438.17000658290897,288.4528391082042,9
3.3499999999999996,3.2240999246679687,3.3499999999999996,534.9131977732169,339.73364992435086,223.65094458543018,9
3.3499999999999996,3.236689932201172,3.3499999999999996,630.0435887303063,400.1527890914584,263.42562557087587,9
3.3499999999999996,3.2480209389810546,3.3499999999999996,1092.6398166048932,693.956541908378,456.8403398768622,9
3.3499999999999996,3.2582188450829492,3.3499999999999996,1093.841401651531,694.7196916591938,457.34273097844454,9
3.3499999999999996,3.2673969605746542,3.3499999999999996,676.9679589945821,429.955358268379,283.04503256507587,9
3.3499999999999996,3.275657264517189,3.3499999999999996,732.9189390947188,465.4909007926505,306.43852818636253,9
3.3499999999999996,3.28309153806547,3.3499999999999996,838.4778670283005,532.5334041712666,350.57345332945084,9
3.3499999999999996,3.289782384258923,3.3499999999999996,1099.130389790945,698.0788296510958,459.55409386536775,9
3.3499999999999996,3.295804145833031,3.3499999999999996,816.9590485911452,518.8663891113509,341.57628502276685,9
3.3499999999999996,3.3012237312497277,3.3499999999999996,806.459808359296,512.1981199038468,337.1864793401672,9
3.3499999999999996,3.306101358124755,3.3499999999999996,1203.308940527164,764.2446289485923,503.11187365971625,9
3.3499999999999996,3.3104912223122795,3.3499999999999996,1174.9337784021066,746.2230182721854,491.24802016264044,9
3.3499999999999996,3.3144421000810516,3.3499999999999996,901.039317686186,572.2673835627726,376.7308328678838,9
3.3499999999999996,3.3179978900729465,3.3499999999999996,883.2181668585872,560.9488282500295,369.27968521853813,9
3.3499999999999996,3.3211981010656517,3.3499999999999996,1072.2337884251417,680.9962813225,448.3084369501125,9
3.3499999999999996,3.3240782909590867,3.3499999999999996,911.463463102675,578.8879586101422,381.08924088361204,9
3.3499999999999996,3.326670461863178,3.3499999999999996,1215.9098942718208,772.2477367911761,508.38042044338454,9
3.3499999999999996,3.32900341567686,3.3499999999999996,582.3940629542678,369.8896597156132,243.50302599168782,9
3.3499999999999996,3.331103074109174,3.3499999999999996,905.5396059473587,575.1256031076343,378.6124348263098,9
3.3499999999999996,3.332992766698257,3.3499999999999996,1323.185055411477,840.3802528553047,553.2329146785522,9
3.3499999999999996,3.3346934900284313,3.3499999999999996,1013.146208826751,643.4686241891133,423.6035071681228,9
3.3499999999999996,3.336224141025588,3.3499999999999996,893.2614255167039,567.3274947986586,373.47884181993476,9
3.3499999999999996,3.3376017269230296,3.3499999999999996,917.645732082869,582.8144364278495,383.6740907300124,9
3.3499999999999996,3.3388415542307266,3.3499999999999996,1151.2965814736106,731.210580329117,481.365143010951,9
3.3499999999999996,3.339957398807654,3.3499999999999996,1198.8839787042104,761.4342506719936,501.261766211297,9
3.3499999999999996,3.3409616589268887,3.3499999999999996,829.4499573903016,526.799605294603,346.7988212460107,9
3.3499999999999996,3.3418654930342,3.3499999999999996,1509.5507441199684,958.7446826528363,631.1537109712611,9
3.3499999999999996,3.34267894373078,3.3499999999999996,932.2565665804368,592.0940581551934,389.7829826963455,9
3.3499999999999996,3.343411049357702,3.3499999999999996,678.5582390737349,430.9653757028742,283.70993977495317,9
3.3499999999999996,3.344069944421932,3.3499999999999996,1165.695386943367,740.3555383468944,487.38538415964337,9
3.3499999999999996,3.344662949979739,3.3499999999999996,675.9521237154278,429.31018176395605,282.62030473881947,9
3.3499999999999996,3.345196654981765,3.3499999999999996,1232.038204985935,782.4911368209932,515.1237798160732,9
3.3499999999999996,3.3456769894835885,3.3499999999999996,889.420947342103,564.8883333176119,371.8731110677588,9
3.3499999999999996,3.34610929053523,3.3499999999999996,994.0238363826411,631.3236380255739,415.6083096713269,9
3.3499999999999996,3.3464983614817068,3.3499999999999996,492.9041114392146,313.0528720156172,206.08665213782865,9
3.3499999999999996,3.3291697825526954,3.3499999999999996,475.234641981303,301.83065245522386,198.69892352870815,9
3.3499999999999996,3.0933802784675826,3.3499999999999996,297.7526328824225,189.10841827203774,124.49245573706226,9
3.3499999999999996,3.1190422506208244,3.3499999999999996,672.8569544927117,427.3443803188911,281.326192865727,9
3.3499999999999996,3.3499999999999996,3.3499999999999996,667.4004424570641,414.79792284000683,277.1494597387776,10
3.3499999999999996,3.3499999999999996,3.3499999999999996,840.8927058317292,522.6255865611801,349.1950923220066,10
3.3499999999999996,3.3499999999999996,3.3499999999999996,527.2966917032551,327.7216473421633,218.96897863834351,10
3.3499999999999996,3.3150960740423363,3.3499999999999996,471.63589063057873,293.12774658962934,195.8548780705839,10
3.3499999999999996,3.3185864666381026,3.3499999999999996,572.0985435690603,355.5665720846536,237.57371464090247,10
3.3499999999999996,3.3217278199742926,3.3499999999999996,620.3957791918917,385.5839225999009,257.62996859012765,10
3.3499999999999996,3.324555037976863,3.3499999999999996,606.8714286717434,377.1783655360417,252.01375049746716,10
3.3499999999999996,3.327099534179177,3.3499999999999996,685.4106345404499,425.99148788865244,284.62850033893886,10
3.3499999999999996,3.3293895807612595,3.3499999999999996,839.486887060516,521.7518521895906,348.6113020094051,10
3.3499999999999996,3.311303203014224,3.3499999999999996,483.61924512168923,300.57555488485355,200.83117118007377,10
3.3499999999999996,3.315172882712802,3.3499999999999996,683.0917359518255,424.5502627161056,283.6655380000764,10
3.3499999999999996,3.318655594441522,3.3499999999999996,879.4726322141842,546.6035049273222,365.21606724718737,10
3.3499999999999996,3.32179003499737,3.3499999999999996,712.852835956861,443.04716753995376,296.0243442922343,10
3.3499999999999996,3.324611031497633,3.3499999999999996,500.5203336947146,311.07979789676455,207.84963755951813,10
3.3499999999999996,3.3271499283478696,3.3499999999999996,758.3627034778126,471.33213308015723,314.92309591694044,10
3.3499999999999996,3.3294349355130826,3.3499999999999996,646.5981094850407,401.8690064682192,268.51093483268517,10
3.3499999999999996,3.3314914419617745,3.3499999999999996,946.8105349768241,588.4548739367792,393.17928420566074,10
3.3499999999999996,3.333342297765597,3.3499999999999996,888.1141746659594,551.9743342392322,368.80461569495577,10
3.3499999999999996,3.3350080679890373,3.3499999999999996,977.208978507782,607.3478959248816,405.8027583083869,10
3.3499999999999996,3.1607866241339946,3.3499999999999996,359.00089014663064,223.1236511955353,149.0812657893613,10
3.3499999999999996,3.179707961720595,3.3499999999999996,672.3425463170166,417.86950368586434,279.20175297627696,10
3.3499999999999996,3.196737165548536,3.3499999999999996,689.9019848100587,428.78291960500246,286.4936104310703,10
3.3499999999999996,3.2120634489936823,3.3499999999999996,534.9131977732169,332.45540341443575,222.1318631797676,10
3.3499999999999996,3.225857104094314,3.3499999999999996,630.0435887303063,391.5801597941066,261.6363866730858,10
3.3499999999999996,3.2382713936848826,3.3499999999999996,1092.6398166048932,679.0896402037566,453.7373900236885,10
3.3499999999999996,3.249444254316394,3.3499999999999996,1093.841401651531,679.836440699762,454.23636878564406,10
3.3499999999999996,3.259499828884755,3.3499999999999996,676.9679589945821,420.7442569057881,281.12253477848367,10
3.3499999999999996,3.2685498459962794,3.3499999999999996,732.9189390947188,455.51850764040967,304.3571371553101,10
3.3499999999999996,3.2766948613966513,3.3499999999999996,838.4778670283005,521.1247333163607,348.19228916643397,10
3.3499999999999996,3.284025375256986,3.3499999999999996,1099.130389790945,683.1236145680882,456.4327116589074,10
3.3499999999999996,3.2906228377312874,3.3499999999999996,816.9590485911452,507.750512051475,339.25623140459317,10
3.3499999999999996,3.296560553958159,3.3499999999999996,806.459808359296,501.22509977644575,334.8962421495488,10
3.3499999999999996,3.301904498562343,3.3499999999999996,1203.308940527164,747.8719181364455,499.6946384065352,10
3.3499999999999996,3.306714048706109,3.3499999999999996,1174.9337784021066,730.2363914556562,487.91136654652934,10
3.3499999999999996,3.311042643835498,3.3499999999999996,901.039317686186,560.0074761674307,374.17200261473994,10
3.3499999999999996,3.3149383794519482,3.3499999999999996,883.2181668585872,548.9314026804371,366.7714646324625,10
3.3499999999999996,3.3184445415067536,3.3499999999999996,1072.2337884251417,666.4070323361119,445.26343746739195,10
3.3499999999999996,3.3216000873560785,3.3499999999999996,911.463463102675,566.486216052923,378.5008074620701,10
3.3499999999999996,3.3244400786204706,3.3499999999999996,1215.9098942718208,755.7035722777644,504.927400179464,10
3.3499999999999996,3.3269960707584234,3.3499999999999996,582.3940629542678,361.96536924430313,241.84910532664347,10
3.3499999999999996,3.329296463682581,3.3499999999999996,905.5396059473587,562.8044629600126,376.04082436088834,10
3.3499999999999996,3.331366817314323,3.3499999999999996,1323.185055411477,822.3764588722602,549.475247411613,10
3.3499999999999996,3.3332301355828906,3.3499999999999996,1013.146208826751,629.6833448407554,420.7263084498015,10
3.3499999999999996,3.3349071220246014,3.3499999999999996,893.2614255167039,555.1734165673244,370.9420997325327,10
3.3499999999999996,3.3364164098221414,3.3499999999999996,917.645732082869,570.3285754046515,381.0681004975864,10
3.3499999999999996,3.3377747688399273,3.3499999999999996,1151.2965814736106,715.5455708268831,478.09561584916116,10
3.3499999999999996,3.3389972919559345,3.3499999999999996,1198.8839787042104,745.1217476899741,497.8570972534589,10
3.3499999999999996,3.340097562760341,3.3499999999999996,829.4499573903016,515.5137718497443,344.44329512991476,10
3.3499999999999996,3.341087806484307,3.3499999999999996,1509.5507441199684,938.2051213171503,626.866790259933,10
3.3499999999999996,3.3419790258358764,3.3499999999999996,932.2565665804368,579.4093961758188,387.13549966265987,10
3.3499999999999996,3.342781123252289,3.3499999999999996,678.5582390737349,421.7326363427837,281.7829258072158,10
3.3499999999999996,3.34350301092706,3.3499999999999996,1165.695386943367,724.4946128416652,484.0749663304631,10
3.3499999999999996,3.3441527098343538,3.3499999999999996,675.9521237154278,420.11290226929805,280.70069178754295,10
3.3499999999999996,3.3447374388509186,3.3499999999999996,1232.038204985935,765.7275239528682,511.6249573229077,10
3.3499999999999996,3.3452636949658268,3.3499999999999996,889.420947342103,552.7865101941851,369.34727542089365,10
3.3499999999999996,3.345737325469244,3.3499999999999996,994.0238363826411,617.798545453467,412.7854159141337,10
3.3499999999999996,3.3373244266823603,3.3499999999999996,492.9041114392146,306.34621821881507,204.68687087690827,10
3.3499999999999996,3.3081391197311967,3.3499999999999996,475.234641981303,295.3644166457689,197.34932118020413,10
3.3499999999999996,3.0691167022039996,3.3499999999999996,297.7526328824225,185.05707485759956,123.6468783798729,10
3.3499999999999996,3.0972050319835995,3.3499999999999996,672.8569544927117,418.1892149554353,279.4153697779894,10
3.3499999999999996,3.3499999999999996,3.3499999999999996,667.4004424570641,413.8688864799993,276.9540406952199,11
3.3499999999999996,3.3499999999999996,3.3499999999999996,840.8927058317292,521.4550450858002,348.9488736534915,11
3.3499999999999996,3.3499999999999996,3.3499999999999996,527.2966917032551,326.9876385403403,218.8145828534316,11
3.3499999999999996,3.3137863366339753,3.3499999999999996,471.63589063057873,292.4712188692291,195.71678011800375,11
3.3499999999999996,3.317407702970578,3.3499999999999996,572.0985435690603,354.77019810185215,237.40620059222525,11
3.3499999999999996,3.3206669326735203,3.3499999999999996,620.3957791918917,384.72031778366414,257.4483128073558,11
3.3499999999999996,3.323600239406168,3.3499999999999996,606.8714286717434,376.3335869185597,251.83605472951587,11
3.3499999999999996,3.3262402154655515,3.3499999999999996,685.4106345404499,425.03738093798927,284.4278077979615,11
3.3499999999999996,3.328616193918996,3.3499999999999996,839.486887060516,520.5832676454187,348.36549497346044,11
3.3499999999999996,3.309280882871532,3.3499999999999996,483.61924512168923,299.9023460666763,200.689564425994,11
3.3499999999999996,3.313352794584379,3.3499999999999996,683.0917359518255,423.59938372420135,283.465524447178,11
3.3499999999999996,3.317017515125941,3.3499999999999996,879.4726322141842,545.379259330555,364.95855213378775,11
3.3499999999999996,3.3203157636133467,3.3499999999999996,712.852835956861,442.0548604304464,295.8156165022329,11
3.3499999999999996,3.322292465871103,3.3499999999999996,500.5203336947146,310.3830623848527,207.7030820604962,11
3.3499999999999996,3.325063219283993,3.3499999999999996,758.3627034778126,470.2764752160258,314.7010425517408,11
3.3499999999999996,3.327556897355594,3.3499999999999996,646.5981094850407,400.9689274215045,268.3216068429456,11
3.3499999999999996,3.3298012076200343,3.3499999999999996,946.8105349768241,587.1368924715687,392.9020521311745,11
3.3499999999999996,3.3318210868580307,3.3499999999999996,888.1141746659594,550.7380594218749,368.544570283622,11
3.3499999999999996,3.3336389781722278,3.3499999999999996,977.208978507782,605.9875991456088,405.51662537860824,11
3.3499999999999996,3.1585602609450607,3.3499999999999996,359.00089014663064,222.6239139178772,148.97614807273155,11
3.3499999999999996,3.177704234850555,3.3499999999999996,672.3425463170166,416.9335878066224,279.00488685365264,11
3.3499999999999996,3.1949338113654995,3.3499999999999996,689.9019848100587,427.82256059419575,286.29160279451,11
3.3499999999999996,3.2104404302289495,3.3499999999999996,534.9131977732169,331.71079226561824,221.97523723401557,11
3.3499999999999996,3.224396387206055,3.3499999999999996,630.0435887303063,390.70312501096316,261.45190595105333,11
3.3499999999999996,3.2369567484854493,3.3499999999999996,1092.6398166048932,677.5686611131815,453.41745821913685,11
3.3499999999999996,3.2482610736369044,3.3499999999999996,1093.841401651531,678.3137889758964,453.91608514944,11
3.3499999999999996,3.258434966273214,3.3499999999999996,676.9679589945821,419.8019023485291,280.9243143059607,11
3.3499999999999996,3.2675914696458928,3.3499999999999996,732.9189390947188,454.49826806602397,304.1425338842128,11
3.3499999999999996,3.2758323226813033,3.3499999999999996,838.4778670283005,519.9575533506669,347.9467775778955,11
3.3499999999999996,3.283249090413173,3.3499999999999996,1099.130389790945,681.5936004543042,456.11087937373964,11
3.3499999999999996,3.289924181371856,3.3499999999999996,816.9590485911452,506.61328676288485,339.01702066131946,11
3.3499999999999996,3.29593176323467,3.3499999999999996,806.459808359296,500.1024896653523,334.66010564979314,11
3.3499999999999996,3.301338586911203,3.3499999999999996,1203.308940527164,746.1968851473212,499.34230198704415,11
3.3499999999999996,3.3062047282200826,3.3499999999999996,1174.9337784021066,728.6008573275724,487.56733855282056,11
3.3499999999999996,3.310584255398074,3.3499999999999996,901.039317686186,558.7532092615756,373.90817264030704,11
3.3499999999999996,3.3145258298582667,3.3499999999999996,883.2181668585872,547.7019432155768,366.5128528029816,11
3.3499999999999996,3.31807324687244,3.3499999999999996,1072.2337884251417,664.9144588936848,444.9494806761248,11
3.3499999999999996,3.321265922185196,3.3499999999999996,911.463463102675,565.2174385032358,378.23392523235276,11
3.3499999999999996,3.3241393299666764,3.3499999999999996,1215.9098942718208,754.0109984788725,504.57137412153094,11
3.3499999999999996,3.3267253969700086,3.3499999999999996,582.3940629542678,361.1546636679852,241.67857668519224,11
3.3499999999999996,3.3290528572730076,3.3499999999999996,905.5396059473587,561.5439315521297,375.7756766737722,11
3.3499999999999996,3.331147571545707,3.3499999999999996,1323.185055411477,820.5345556470085,549.0878105123712,11
3.3499999999999996,3.333032814391136,3.3499999999999996,1013.146208826751,628.2730226321893,420.42965287315246,11
3.3499999999999996,3.3347295329520223,3.3499999999999996,893.2614255167039,553.929976661528,370.680547173804,11
3.3499999999999996,3.33625657965682,3.3499999999999996,917.645732082869,569.0511919981136,380.79940806066185,11
3.3499999999999996,3.337630921691138,3.3499999999999996,1151.2965814736106,713.9429402061968,477.7585089752513,11
3.3499999999999996,3.338867829522024,3.3499999999999996,1198.8839787042104,743.4528743467885,497.50605649059645,11
3.3499999999999996,3.3399810465698216,3.3499999999999996,829.4499573903016,514.3591589364154,344.20042697005056,11
3.3499999999999996,3.3409829419128396,3.3499999999999996,1509.5507441199684,936.1037928802064,626.4247843158981,11
3.3499999999999996,3.341884647721556,3.3499999999999996,932.2565665804368,578.1116741605015,386.86252908157854,11
3.3499999999999996,3.3426961829494,3.3499999999999996,678.5582390737349,420.7880680800458,281.5842396906922,11
3.3499999999999996,3.34342656465446,3.3499999999999996,1165.695386943367,722.8719387613536,483.7336433958283,11
3.3499999999999996,3.344083908189014,3.3499999999999996,675.9521237154278,419.1719617774936,280.5027687579734,11
3.3499999999999996,3.3446755173701126,3.3499999999999996,1232.038204985935,764.0124991843251,511.26420879424563,11
3.3499999999999996,3.3452079656331013,3.3499999999999996,889.420947342103,551.5484163200018,369.08684737830833,11
3.3499999999999996,3.3456871690697914,3.3499999999999996,994.0238363826411,616.414842015522,412.494359488303,11
3.3499999999999996,3.3359403431084305,3.3499999999999996,492.9041114392146,305.66008465882163,204.54254545562387,11
3.3499999999999996,3.305578719718538,3.3499999999999996,475.234641981303,294.7028793829071,197.21016949061354,11
3.3499999999999996,3.066263158058582,3.3499999999999996,297.7526328824225,184.6425965254946,123.55969453785987,11
3.3499999999999996,3.094636842252724,3.3499999999999996,672.8569544927117,417.2525830084946,279.2183530334185,11
3.3499999999999996,3.3499999999999996,3.3499999999999996,667.4004424570641,413.7757672252504,276.93443762567466,12
3.3499999999999996,3.3499999999999996,3.3499999999999996,840.8927058317292,521.3377192689301,348.9241747214203,12
3.3499999999999996,3.3499999999999996,3.3499999999999996,527.2966917032551,326.914067305083,218.79909494982698,12
3.3499999999999996,3.3136549778983255,3.3499999999999996,471.63589063057873,292.4054137245898,195.70292709877282,12
3.3499999999999996,3.317289480108493,3.3499999999999996,572.0985435690603,354.6903758742493,237.38939675629263,12
3.3499999999999996,3.3205605320976437,3.3499999999999996,620.3957791918917,384.63375686920796,257.4300903717213,12
3.3499999999999996,3.3235044788878794,3.3499999999999996,606.8714286717434,376.24891299332495,251.81822953482836,12
3.3499999999999996,3.3261540309990916,3.3499999999999996,685.4106345404499,424.9417488055767,284.4076757280958,12
3.3499999999999996,3.3285386278991824,3.3499999999999996,839.486887060516,520.4661379758509,348.34083733348524,12
3.3499999999999996,3.309078056400113,3.3499999999999996,483.61924512168923,299.8348689407665,200.67535942837569,12
3.3499999999999996,3.3131702507601015,3.3499999999999996,683.0917359518255,423.5040751368372,283.44546048864,12
3.3499999999999996,3.3168532256840915,3.3499999999999996,879.4726322141842,545.2565506374319,364.93272002149683,12
3.3499999999999996,3.3201679031156823,3.3499999999999996,712.852835956861,441.95539941632796,295.7946783924717,12
3.3499999999999996,3.322024070049139,3.3499999999999996,500.5203336947146,310.31322712929204,207.68838063945108,12
3.3499999999999996,3.324821663044225,3.3499999999999996,758.3627034778126,470.17066442345714,314.67876771362086,12
3.3499999999999996,3.3273394967398024,3.3499999999999996,646.5981094850407,400.87871061874733,268.3026147852516,12
3.3499999999999996,3.3296055470658223,3.3499999999999996,946.8105349768241,587.0047884365747,392.87424215146416,12
3.3499999999999996,3.33164499235924,3.3499999999999996,888.1141746659594,550.6141450148478,368.51848434956696,12
3.3499999999999996,3.333480493123316,3.3499999999999996,977.208978507782,605.8512537583067,405.4879225274451,12
3.3499999999999996,3.158317913927652,3.3499999999999996,359.00089014663064,222.57382420678633,148.96560339974562,12
3.3499999999999996,3.1774861225348867,3.3499999999999996,672.3425463170166,416.8397790032923,278.98513862327195,12
3.3499999999999996,3.194737510281398,3.3499999999999996,689.9019848100587,427.726301804737,286.2713388034675,12
3.3499999999999996,3.2102637592532584,3.3499999999999996,534.9131977732169,331.63615833497767,221.95952561629764,12
3.3499999999999996,3.2242373833279325,3.3499999999999996,630.0435887303063,390.615217982874,261.43340013730085,12
3.3499999999999996,3.2368136449951392,3.3499999999999996,1092.6398166048932,677.4162102022162,453.38536490161664,12
3.3499999999999996,3.2481322804956254,3.3499999999999996,1093.841401651531,678.161170413403,453.88395653863296,12
3.3499999999999996,3.258319052446063,3.3499999999999996,676.9679589945821,419.70744818305343,280.90443021668545,12
3.3499999999999996,3.2674871472014564,3.3499999999999996,732.9189390947188,454.39600732261107,304.12100638734563,12
3.3499999999999996,3.275738432481311,3.3499999999999996,838.4778670283005,519.8405644649335,347.92214957513454,12
3.3499999999999996,3.2831645892331798,3.3499999999999996,1099.130389790945,681.4402439440923,456.07859541331675,12
3.3499999999999996,3.2898481303098617,3.3499999999999996,816.9590485911452,506.4993002970009,338.99302471521816,12
3.3499999999999996,3.2958633172788754,3.3499999999999996,806.459808359296,499.98996810923416,334.6364180902666,12
3.3499999999999996,3.301276985550988,3.3499999999999996,1203.308940527164,746.0289930923473,499.30695806554655,12
3.3499999999999996,3.3061492869958893,3.3499999999999996,1174.9337784021066,728.4369243259385,487.5328280743973,12
3.3499999999999996,3.3105343582963003,3.3499999999999996,901.039317686186,558.6274914699402,373.8817070653927,12
3.3499999999999996,3.3144809224666703,3.3499999999999996,883.2181668585872,547.5787119255649,366.4869106758161,12
3.3499999999999996,3.318032830220003,3.3499999999999996,1072.2337884251417,664.7648551401612,444.9179867300825,12
3.3499999999999996,3.3212295471980027,3.3499999999999996,911.463463102675,565.0902662794621,378.2071534765694,12
3.3499999999999996,3.3241065924782025,3.3499999999999996,1215.9098942718208,753.8413482719004,504.5356600813506,12
3.3499999999999996,3.3266959332303823,3.3499999999999996,582.3940629542678,361.0734049548312,241.66147044642975,12
3.3499999999999996,3.329026339907344,3.3499999999999996,905.5396059473587,561.4175858563718,375.74907891515204,12
3.3499999999999996,3.3311237059166094,3.3499999999999996,1323.185055411477,820.349937839743,549.0489455566228,12
3.3499999999999996,3.3330113353249486,3.3499999999999996,1013.146208826751,628.1316630916261,420.39989446376626,12
3.3499999999999996,3.3347102017924537,3.3499999999999996,893.2614255167039,553.8053440827218,370.6543100532799,12
3.3499999999999996,3.3362391816132084,3.3499999999999996,917.645732082869,568.9231571913334,380.77245471757175,12
3.3499999999999996,3.3376152634518874,3.3499999999999996,1151.2965814736106,713.7823051918313,477.72469277508395,12
3.3499999999999996,3.3388537371066986,3.3499999999999996,1198.8839787042104,743.2855996859923,497.4708425402958,12
3.3499999999999996,3.3399683633960286,3.3499999999999996,829.4499573903016,514.243429672588,344.1760641375369,12
3.3499999999999996,3.3409715270564257,3.3499999999999996,1509.5507441199684,935.8931723421372,626.3804453758305,12
3.3499999999999996,3.341874374350783,3.3499999999999996,932.2565665804368,577.9816007724842,386.835146585035,12
3.3499999999999996,3.3426869369157046,3.3499999999999996,678.5582390737349,420.6933920302464,281.5643088912727,12
3.3499999999999996,3.3434182432241344,3.3499999999999996,1165.695386943367,722.7092947491674,483.69940426998244,12
3.3499999999999996,3.344076418901721,3.3499999999999996,675.9521237154278,419.07764934675197,280.4829145060917,12
3.3499999999999996,3.344668777011549,3.3499999999999996,1232.038204985935,763.8405986697737,511.22802102888267,12
3.3499999999999996,3.345201899310394,3.3499999999999996,889.420947342103,551.4243195851099,369.0607230613667,12
3.3499999999999996,3.3456817093793547,3.3499999999999996,994.0238363826411,616.2761505299341,412.46516274650503,12
3.3499999999999996,3.3358011415259083,3.3499999999999996,492.9041114392146,305.5913120590451,204.5280677403557,12
3.3499999999999996,3.3053215793538078,3.3499999999999996,475.234641981303,294.6365721213638,197.19621076786714,12
3.3499999999999996,3.0659766518852933,3.3499999999999996,297.7526328824225,184.6010524965883,123.5509488655492,12
3.3499999999999996,3.094378986696764,3.3499999999999996,672.8569544927117,417.1587024322033,279.1985896936993,12
3.3499999999999996,3.3499999999999996,3.3499999999999996,667.4004424570641,413.7664531371472,276.93247670468406,13
3.3499999999999996,3.3499999999999996,3.3499999999999996,840.8927058317292,521.3259839624347,348.92170405455704,13
3.3499999999999996,3.3499999999999996,3.3499999999999996,527.2966917032551,326.90670847291767,218.79754567433173,13
3.3499999999999996,3.313641838160924,3.3499999999999996,471.63589063057873,292.39883168184815,195.70154136292518,13
3.3499999999999996,3.3172776543448315,3.3499999999999996,572.0985435690603,354.68239179767465,237.3877158463451,13
3.3499999999999996,3.320549888910348,3.3499999999999996,620.3957791918917,384.6250987674466,257.4282675573681,13
3.3499999999999996,3.3234949000193135,3.3499999999999996,606.8714286717434,376.24044363431,251.81644645701274,13
3.3499999999999996,3.326145410017382,3.3499999999999996,685.4106345404499,424.9321833713472,284.40566189050304,13
3.3499999999999996,3.328530869015644,3.3499999999999996,839.486887060516,520.4544222886409,348.3383707971251,13
3.3499999999999996,3.309057767786955,3.3499999999999996,483.61924512168923,299.82811966106743,200.67393848366416,13
3.3499999999999996,3.3131519910082594,3.3499999999999996,683.0917359518255,423.49454206462667,283.4434534643136,13
3.3499999999999996,3.3168367919074333,3.3499999999999996,879.4726322141842,545.2442769182977,364.93013600111664,13
3.3499999999999996,3.32015311271669,3.3499999999999996,712.852835956861,441.9454510050051,295.79258392564157,13
3.3499999999999996,3.3219972225722434,3.3499999999999996,500.5203336947146,310.306241981862,207.68691003684717,13
3.3499999999999996,3.324797500315019,3.3499999999999996,758.3627034778126,470.16008088682,314.6765395320839,13
3.3499999999999996,3.327317750283517,3.3499999999999996,646.5981094850407,400.8696868432507,268.3007149845852,13
3.3499999999999996,3.3295859752551653,3.3499999999999996,946.8105349768241,586.9915749650532,392.87146028238834,13
3.3499999999999996,3.331627377729649,3.3499999999999996,888.1141746659594,550.6017506963213,368.51587493905964,13
3.3499999999999996,3.3334646399566843,3.3499999999999996,977.208978507782,605.8376160530519,405.48505134325615,13
3.3499999999999996,3.158293672097422,3.3499999999999996,359.00089014663064,222.56881407237938,148.96454860215135,13
3.3499999999999996,3.17746430488768,3.3499999999999996,672.3425463170166,416.83039594431665,278.983163181651,13
3.3499999999999996,3.194717874398912,3.3499999999999996,689.9019848100587,427.7166736902492,286.26931176962495,13
3.3499999999999996,3.210246086959021,3.3499999999999996,534.9131977732169,331.6286932085937,221.9579539623836,13
3.3499999999999996,3.224221478263119,3.3499999999999996,630.0435887303063,390.6064252384871,261.43154897625936,13
3.3499999999999996,3.2367993304368072,3.3499999999999996,1092.6398166048932,677.4009615705561,453.38215456459085,13
3.3499999999999996,3.2481193973931264,3.3499999999999996,1093.841401651531,678.1459050126963,453.88074267117287,13
3.3499999999999996,3.258307457653814,3.3499999999999996,676.9679589945821,419.6980005728752,280.9024411849194,13
3.3499999999999996,3.2674767118884325,3.3499999999999996,732.9189390947188,454.3857788733369,304.11885296334304,13
3.3499999999999996,3.275729040699589,3.3499999999999996,838.4778670283005,519.8288628593767,347.91968600342403,13
3.3499999999999996,3.2831561366296302,3.3499999999999996,1099.130389790945,681.4249047314754,456.07536600602896,13
3.3499999999999996,3.289840522966667,3.3499999999999996,816.9590485911452,506.4878990031581,338.9906243689718,13
3.3499999999999996,3.2958564706700004,3.3499999999999996,806.459808359296,499.97871334038933,334.63404859233754,13
3.3499999999999996,3.3012708236030006,3.3499999999999996,1203.308940527164,746.0121999876768,499.30342256630286,13
3.3499999999999996,3.3061437412427006,3.3499999999999996,1174.9337784021066,728.4205272185478,487.5293759455671,13
3.3499999999999996,3.3105293671184306,3.3499999999999996,901.039317686186,558.6149167710704,373.8790596789078,13
3.3499999999999996,3.3144764304065877,3.3499999999999996,883.2181668585872,547.5663859346049,366.48431565050225,13
3.3499999999999996,3.318028787365929,3.3499999999999996,1072.2337884251417,664.7498912903685,444.9148363489787,13
3.3499999999999996,3.321225908629336,3.3499999999999996,911.463463102675,565.0775461036003,378.204475462407,13
3.3499999999999996,3.324103317766402,3.3499999999999996,1215.9098942718208,753.824379311198,504.5320875586452,13
3.3499999999999996,3.326692985989762,3.3499999999999996,582.3940629542678,361.06527719634005,241.65975928672685,13
3.3499999999999996,3.3290236873907855,3.3499999999999996,905.5396059473587,561.4049483525073,375.74641830615616,13
3.3499999999999996,3.331121318651707,3.3499999999999996,1323.185055411477,820.3314717713995,549.045057843663,13
3.3499999999999996,3.333009186786536,3.3499999999999996,1013.146208826751,628.1175238545953,420.3969176906913,13
3.3499999999999996,3.3347082681078826,3.3499999999999996,893.2614255167039,553.7928779303382,370.65168551939007,13
3.3499999999999996,3.3362374412970945,3.3499999999999996,917.645732082869,568.9103507371382,380.7697585389907,13
3.3499999999999996,3.3376136971673853,3.3499999999999996,1151.2965814736106,713.7662379597607,477.7213100958267,13
3.3499999999999996,3.3388523274506468,3.3499999999999996,1198.8839787042104,743.2688683350781,497.4673200422428,13
3.3499999999999996,3.339967094705582,3.3499999999999996,829.4499573903016,514.2318540584757,344.1736270911573,13
3.3499999999999996,3.340970385235024,3.3499999999999996,1509.5507441199684,935.8721053968184,626.3760100929746,13
3.3499999999999996,3.3418733467115214,3.3499999999999996,932.2565665804368,577.9685904128207,386.832407477666,13
3.3499999999999996,3.342686012040369,3.3499999999999996,678.5582390737349,420.6839222264828,281.562315187029,13
3.3499999999999996,3.343417410836332,3.3499999999999996,1165.695386943367,722.6930265706575,483.69597928490987,13
3.3499999999999996,3.3440756697526988,3.3499999999999996,675.9521237154278,419.06821591333875,280.48092845899964,13
3.3499999999999996,3.3446681027774288,3.3499999999999996,1232.038204985935,763.8234046260516,511.22440111882025,13
3.3499999999999996,3.345201292499686,3.3499999999999996,889.420947342103,551.4119070295625,369.05810981136847,13
3.3499999999999996,3.3456811632497176,3.3499999999999996,994.0238363826411,616.2622781603644,412.4622421577821,13
3.3499999999999996,3.3357872172731264,3.3499999999999996,492.9041114392146,305.5844332018728,204.52661951533673,13
3.3499999999999996,3.305295857753708,3.3499999999999996,475.234641981303,294.6299398552706,197.19481445835694,13
3.3499999999999996,3.0659479928405604,3.3499999999999996,297.7526328824225,184.59689712886725,123.55007402437343,13
3.3499999999999996,3.0943531935565045,3.3499999999999996,672.8569544927117,417.14931219426467,279.19661274067124,13
3.3499999999999996,3.3499999999999996,3.3499999999999996,667.4004424570641,413.7655217067042,276.9322806064422,14
3.3499999999999996,3.3499999999999996,3.3499999999999996,840.8927058317292,521.3248104045289,348.92145698013115,14
3.3499999999999996,3.3499999999999996,3.3499999999999996,527.2966917032551,326.9059725726097,218.79739074192895,14
3.3499999999999996,3.313640524148531,3.3499999999999996,471.63589063057873,292.3981734622867,195.70140278499946,14
3.3499999999999996,3.317276471733678,3.3499999999999996,572.0985435690603,354.6815933714735,237.38754775008476,14
3.3499999999999996,3.3205488245603103,3.3499999999999996,620.3957791918917,384.6242329371613,257.4280852702226,14
3.3499999999999996,3.3234939421042795,3.3499999999999996,606.8714286717434,376.2395966787377,251.81626814364557,14
3.3499999999999996,3.3261445478938514,3.3499999999999996,685.4106345404499,424.93122680570787,284.4054605004352,14
3.3499999999999996,3.328530093104466,3.3499999999999996,839.486887060516,520.4532506927094,348.3381241357623,14
3.3499999999999996,3.3090557388659567,3.3499999999999996,483.61924512168923,299.8274447174217,200.67379638474176,14
3.3499999999999996,3.313150164979361,3.3499999999999996,683.0917359518255,423.4935887352644,283.44325275559373,14
3.3499999999999996,3.316835148481425,3.3499999999999996,879.4726322141842,545.2430495178776,364.92987759098384,14
3.3499999999999996,3.320151633633283,3.3499999999999996,712.852835956861,441.9444561407668,295.79237447239734,14
3.3499999999999996,3.3219945377455784,3.3499999999999996,500.5203336947146,310.3055434508954,207.68676297198002,14
3.3499999999999996,3.3247950839710207,3.3499999999999996,758.3627034778126,470.15902250857505,314.6763167069503,14
3.3499999999999996,3.3273155755739188,3.3499999999999996,646.5981094850407,400.86878444474246,268.30052499856725,14
3.3499999999999996,3.329584018016527,3.3499999999999996,946.8105349768241,586.9902535872118,392.8711820867663,14
3.3499999999999996,3.3316256162148745,3.3499999999999996,888.1141746659594,550.6005112356819,368.5156139898348,14
3.3499999999999996,3.333463054593387,3.3499999999999996,977.208978507782,605.8362522508518,405.484764215843,14
3.3499999999999996,3.158291247843089,3.3499999999999996,359.00089014663064,222.56831304730227,148.96444311908772,14
3.3499999999999996,3.17746212305878,3.3499999999999996,672.3425463170166,416.8294576166261,278.9829656313006,14
3.3499999999999996,3.194715910752902,3.3499999999999996,689.9019848100587,427.71571085643836,286.2691090598908,14
3.3499999999999996,3.210244319677612,3.3499999999999996,534.9131977732169,331.62794667861687,221.95779679206885,14
3.3499999999999996,3.2242198877098507,3.3499999999999996,630.0435887303063,390.6055459436265,261.43136385435633,14
3.3499999999999996,3.2367978989388657,3.3499999999999996,1092.6398166048932,677.3994366719738,453.38183352083144,14
3.3499999999999996,3.248118109044979,3.3499999999999996,1093.841401651531,678.1443784371704,453.8804212743592,14
3.3499999999999996,3.2583062981404813,3.3499999999999996,676.9679589945821,419.6970557899145,280.90224227551204,14
3.3499999999999996,3.2674756683264334,3.3499999999999996,732.9189390947188,454.38475600465307,304.1186376141971,14
3.3499999999999996,3.2757281014937902,3.3499999999999996,838.4778670283005,519.8276926716431,347.9194396385357,14
3.3499999999999996,3.283155291344411,3.3499999999999996,1099.130389790945,681.4233707745872,456.07504305518387,14
3.3499999999999996,3.28983976220997,3.3499999999999996,816.9590485911452,506.4867588472934,338.99038432682784,14
3.3499999999999996,3.295855785988973,3.3499999999999996,806.459808359296,499.97758783736464,334.63381163512196,14
3.3499999999999996,3.301270207390076,3.3499999999999996,1203.308940527164,746.0105206382062,499.3030690053031,14
3.3499999999999996,3.3061431866510684,3.3499999999999996,1174.9337784021066,728.4188874697253,487.5290307218702,14
3.3499999999999996,3.3105288679859615,3.3499999999999996,901.039317686186,558.6136592719778,373.8787949319662,14
3.3499999999999996,3.3144759811873654,3.3499999999999996,883.2181668585872,547.5651533068807,366.4840561398417,14
3.3499999999999996,3.318028383068629,3.3499999999999996,1072.2337884251417,664.7483948706346,444.91452130099964,14
3.3499999999999996,3.321225544761766,3.3499999999999996,911.463463102675,565.0762740564707,378.2042076526016,14
3.3499999999999996,3.3241029902855894,3.3499999999999996,1215.9098942718208,753.8226823757157,504.5317302951834,14
3.3499999999999996,3.3266926912570307,3.3499999999999996,582.3940629542678,361.0644644016136,241.6595881653962,14
3.3499999999999996,3.3290234221313275,3.3499999999999996,905.5396059473587,561.4036845727692,375.74615223692206,14
3.3499999999999996,3.3311210799181947,3.3499999999999996,1323.185055411477,820.329625121676,549.0446690601882,14
3.3499999999999996,3.3330089719263754,3.3499999999999996,1013.146208826751,628.1161098980525,420.3966200040587,14
3.3499999999999996,3.334708074733738,3.3499999999999996,893.2614255167039,553.7916312861463,370.6514230577794,14
3.3499999999999996,3.336237267260364,3.3499999999999996,917.645732082869,568.9090700619748,380.7694889126866,14
3.3499999999999996,3.3376135405343277,3.3499999999999996,1151.2965814736106,713.7646311992364,477.7209718173045,14
3.3499999999999996,3.338852186480895,3.3499999999999996,1198.8839787042104,743.2671951611268,497.466967781403,14
3.3499999999999996,3.3399669678328054,3.3499999999999996,829.4499573903016,514.230696470179,344.17338337888503,14
3.3499999999999996,3.340970271049525,3.3499999999999996,1509.5507441199684,935.8699986533571,626.3755665507952,14
3.3499999999999996,3.3418732439445726,3.3499999999999996,932.2565665804368,577.9672893466367,386.83213355834863,14
3.3499999999999996,3.3426859195501155,3.3499999999999996,678.5582390737349,420.6829752241119,281.56211581035933,14
3.3499999999999996,3.343417327595104,3.3499999999999996,1165.695386943367,722.6913997150224,483.6956367756735,14
3.3499999999999996,3.344075594835594,3.3499999999999996,675.9521237154278,419.06727254808754,280.4807298480689,14
3.3499999999999996,3.3446680353520346,3.3499999999999996,1232.038204985935,763.8216851817446,511.22403911647433,14
3.3499999999999996,3.3452012318168314,3.3499999999999996,889.420947342103,551.4106657451783,369.0578484781824,14
3.3499999999999996,3.3456811086351483,3.3499999999999996,994.0238363826411,616.2608908911875,412.4619500897608,14
3.3499999999999996,3.3357858248068895,3.3499999999999996,492.9041114392146,305.5837453001789,204.52647468829812,14
3.3499999999999996,3.3052932855180366,3.3499999999999996,475.234641981303,294.62927661325733,197.19467482303187,14
3.3499999999999996,3.0659451268517848,3.3499999999999996,297.7526328824225,184.59648158244394,123.54998653751532,14
3.3499999999999996,3.0943506141666064,3.3499999999999996,672.8569544927117,417.1483731486613,279.19641503917546,14
3.3499999999999996,3.3499999999999996,3.3499999999999996,667.4004424570641,413.76542856344355,276.9322609965566,15
3.3499999999999996,3.3499999999999996,3.3499999999999996,840.8927058317292,521.3246930484657,348.9214322726111,15
3.3499999999999996,3.3499999999999996,3.3499999999999996,527.2966917032551,326.9058989824079,218.7973752486402,15
3.3499999999999996,3.313640392746905,3.3499999999999996,471.63589063057873,292.3981076401776,195.70138892716352,15
3.3499999999999996,3.3172763534722147,3.3499999999999996,572.0985435690603,354.68151352866795,237.38753094040607,15
3.3499999999999996,3.3205487181249933,3.3499999999999996,620.3957791918917,384.6241463539316,257.42806704145096,15
3.3499999999999996,3.323493846312494,3.3499999999999996,606.8714286717434,376.2395119829837,251.81625031225306,15
3.3499999999999996,3.3261444616812446,3.3499999999999996,685.4106345404499,424.9311311489217,284.4054403613653,15
3.3499999999999996,3.3285300155131203,3.3499999999999996,839.486887060516,520.453133532844,348.3380994695488,15
3.3499999999999996,3.3090555359732603,3.3499999999999996,483.61924512168923,299.82737722290045,200.673782174805,15
3.3499999999999996,3.3131499823759345,3.3499999999999996,683.0917359518255,423.4934934021067,283.4432326846589,15
3.3499999999999996,3.316834984138341,3.3499999999999996,879.4726322141842,545.2429267775505,364.9298517498897,15
3.3499999999999996,3.320151485724507,3.3499999999999996,712.852835956861,441.9443566541118,295.7923535270074,15
3.3499999999999996,3.3219942692621225,3.3499999999999996,500.5203336947146,310.30547359763654,207.68674826544722,15
3.3499999999999996,3.32479484233591,3.3499999999999996,758.3627034778126,470.1589166705048,314.6762944243671,15
3.3499999999999996,3.3273153581023194,3.3499999999999996,646.5981094850407,400.8686942046821,268.30050599990597,15
3.3499999999999996,3.3295838222920873,3.3499999999999996,946.8105349768241,586.9901214491208,392.8711542671169,15
3.3499999999999996,3.3316254400628784,3.3499999999999996,888.1141746659594,550.60038728933,368.5155878948305,15
3.3499999999999996,3.3334628960565906,3.3499999999999996,977.208978507782,605.8361158703151,405.4847355030118,15
3.3499999999999996,3.1582910054169417,3.3499999999999996,359.00089014663064,222.5682629446782,148.96443257074833,15
3.3499999999999996,3.1774619048752477,3.3499999999999996,672.3425463170166,416.8293637836392,278.98294587620376,15
3.3499999999999996,3.194715714387723,3.3499999999999996,689.9019848100587,427.7156145728338,286.2690887888539,15
3.3499999999999996,3.2102441429489508,3.3499999999999996,534.9131977732169,331.6278720254458,221.95778107498816,15
3.3499999999999996,3.224219728654056,3.3499999999999996,630.0435887303063,390.60545801393613,261.431345342108,15
3.3499999999999996,3.2367977557886505,3.3499999999999996,1092.6398166048932,677.3992841817616,453.381801416355,15
3.3499999999999996,3.2481179802097855,3.3499999999999996,1093.841401651531,678.1442257792636,453.88038913457706,15
3.3499999999999996,3.258306182188807,3.3499999999999996,676.9679589945821,419.6969613113989,280.90222238450895,15
3.3499999999999996,3.267475563969926,3.3499999999999996,732.9189390947188,454.3846537175471,304.11861607921503,15
3.3499999999999996,3.2757280075729334,3.3499999999999996,838.4778670283005,519.8275756525978,347.91941500196964,15
3.3499999999999996,3.28315520681564,3.3499999999999996,1099.130389790945,681.4232173785422,456.0750107599982,15
3.3499999999999996,3.289839686134076,3.3499999999999996,816.9590485911452,506.486644831442,338.99036032253827,15
3.3499999999999996,3.295855717520668,3.3499999999999996,806.459808359296,499.97747528680094,334.63378793932617,15
3.3499999999999996,3.3012701457686013,3.3499999999999996,1203.308940527164,746.0103527028691,499.3030336490924,15
3.3499999999999996,3.306143131191741,3.3499999999999996,1174.9337784021066,728.418723494462,487.5289961993923,15
3.3499999999999996,3.310528818072567,3.3499999999999996,901.039317686186,558.6135335217764,373.8787684571891,15
3.3499999999999996,3.3144759362653105,3.3499999999999996,883.2181668585872,547.565030043822,366.4840301886944,15
3.3499999999999996,3.3180283426387795,3.3499999999999996,1072.2337884251417,664.7482452283133,444.91448979610294,15
3.3499999999999996,3.321225508374902,3.3499999999999996,911.463463102675,565.0761468514622,378.20418087153723,15
3.3499999999999996,3.3241029575374115,3.3499999999999996,1215.9098942718208,753.8225126817736,504.5316945687254,15
3.3499999999999996,3.3266926617836705,3.3499999999999996,582.3940629542678,361.0643831219521,241.65957105320956,15
3.3499999999999996,3.3290233956053035,3.3499999999999996,905.5396059473587,561.403558194502,375.7461256299153,15
3.3499999999999996,3.3311210560447733,3.3499999999999996,1323.185055411477,820.3294404562747,549.0446301817192,15
3.3499999999999996,3.3330089504402958,3.3499999999999996,1013.146208826751,628.1159685020699,420.39659023530226,15
3.3499999999999996,3.3347080553962662,3.3499999999999996,893.2614255167039,553.7915066214375,370.65139681153624,15
3.3499999999999996,3.3362372498566395,3.3499999999999996,917.645732082869,568.908941994161,380.7694619499718,15
3.3499999999999996,3.3376135248709757,3.3499999999999996,1151.2965814736106,713.764470522811,477.72093798934634,15
3.3499999999999996,3.338852172383878,3.3499999999999996,1198.8839787042104,743.2670278433428,497.4669325552087,15
3.3499999999999996,3.3399669551454902,3.3499999999999996,829.4499573903016,514.2305807110806,344.17335900758144,15
3.3499999999999996,3.340970259630941,3.3499999999999996,1509.5507441199684,935.8697879785213,626.3755221964383,15
3.3499999999999996,3.341873233667847,3.3499999999999996,932.2565665804368,577.967159239716,386.83210616633113,15
3.3499999999999996,3.3426859103010624,3.3499999999999996,678.5582390737349,420.68288052365483,281.5620958726298,15
3.3499999999999996,3.3434173192709564,3.3499999999999996,1165.695386943367,722.691237029081,483.69560252464254,15
3.3499999999999996,3.344075587343861,3.3499999999999996,675.9521237154278,419.06717821134333,280.4807099869136,15
3.3499999999999996,3.3446680286094748,3.3499999999999996,1232.038204985935,763.8215132369148,511.22400291612627,15
3.3499999999999996,3.3452012257485273,3.3499999999999996,889.420947342103,551.4105416164517,369.0578223447819,15
3.3499999999999996,3.3456811031736744,3.3499999999999996,994.0238363826411,616.2607521639477,412.4619208828673,15
3.3499999999999996,3.335785685559855,3.3499999999999996,492.9041114392146,305.5836765098497,204.5264602055489,15
3.3499999999999996,3.305293028293711,3.3499999999999996,475.234641981303,294.62921028890196,197.1946608594556,15
3.3499999999999996,3.065944840252062,3.3499999999999996,297.7526328824225,184.59644002770506,123.54997778880211,15
3.3499999999999996,3.094350356226856,3.3499999999999996,672.8569544927117,417.14827924388277,279.1963952689639,15
3.3499999999999996,3.3499999999999996,3.3499999999999996,667.4004424570641,410.0652831296516,275.35513690257244,16
3.3499999999999996,3.3499999999999996,3.3499999999999996,840.8927058317292,516.6626863912071,346.93433118238653,16
3.3499999999999996,3.3499999999999996,3.3499999999999996,527.2966917032551,323.9825049869284,217.55132825157537,16
3.3499999999999996,3.308408698862025,3.3499999999999996,471.63589063057873,289.78330357935874,194.5868731441611,16
3.3499999999999996,3.3125678289758227,3.3499999999999996,572.0985435690603,351.5097328719564,236.03561335120838,16
3.3499999999999996,3.3163110460782406,3.3499999999999996,620.3957791918917,381.1846002231718,255.9620189705695,16
3.3499999999999996,3.3196799414704166,3.3499999999999996,606.8714286717434,372.8749464195693,250.38216143364042,16
3.3499999999999996,3.322711947323375,3.3499999999999996,685.4106345404499,421.131135122053,282.7857566493993,16
3.3499999999999996,3.3254407525910374,3.3499999999999996,839.486887060516,515.7989208978486,346.35432044882685,16
3.3499999999999996,3.300977458752398,3.3499999999999996,483.61924512168923,297.14613605538943,199.53094870441078,16
3.3499999999999996,3.305879712877158,3.3499999999999996,683.0917359518255,419.7063536178748,281.82902872757904,16
3.3499999999999996,3.3102917415894426,3.3499999999999996,879.4726322141842,540.3670285353319,362.85158300742637,16
3.3499999999999996,3.3142625674304984,3.3499999999999996,712.852835956861,437.99221788084293,294.10782155559684,16
3.3499999999999996,3.3113047268152433,3.3499999999999996,500.5203336947146,307.5305308355036,206.50397608313818,16
3.3499999999999996,3.3151742541337192,3.3499999999999996,758.3627034778126,465.95446591512194,312.88421875952235,16
3.3499999999999996,3.3186568287203473,3.3499999999999996,646.5981094850407,397.2838793167844,266.7725395906553,16
3.3499999999999996,3.3217911458483127,3.3499999999999996,946.8105349768241,581.7408940665873,390.6337603246548,16
3.3499999999999996,3.3246120312634813,3.3499999999999996,888.1141746659594,545.6765793338274,366.41689845147647,16
3.3499999999999996,3.327150828137133,3.3499999999999996,977.208978507782,600.4183559923409,403.175507449179,16
3.3499999999999996,3.148638922495155,3.3499999999999996,359.00089014663064,220.57792038584964,148.11608288801875,16
3.3499999999999996,3.1687750302456394,3.3499999999999996,672.3425463170166,413.1018187530424,277.3941431698354,16
3.3499999999999996,3.1868975272210753,3.3499999999999996,689.9019848100587,423.89071797932695,284.6387916336322,16
3.3499999999999996,3.203207774498968,3.3499999999999996,534.9131977732169,328.66225123722927,220.69373562531413,16
3.3499999999999996,3.2178869970490713,3.3499999999999996,630.0435887303063,387.1124233084936,259.9424986754971,16
3.3499999999999996,3.231098297344164,3.3499999999999996,1092.6398166048932,671.3415623539101,450.799800459823,16
3.3499999999999996,3.242988467609748,3.3499999999999996,1093.841401651531,672.0798422245975,451.2955487302301,16
3.3499999999999996,3.253689620848773,3.3499999999999996,676.9679589945821,415.9437724566307,279.3024894339957,16
3.3499999999999996,3.2633206587638957,3.3499999999999996,732.9189390947188,450.32126614194567,302.3866661968804,16
3.3499999999999996,3.271988592887506,3.3499999999999996,838.4778670283005,515.1789571416507,345.93802038153103,16
3.3499999999999996,3.2797897335987556,3.3499999999999996,1099.130389790945,675.3295110604068,453.47767202616745,16
3.3499999999999996,3.28681076023888,3.3499999999999996,816.9590485911452,501.95732914487957,337.0598165030167,16
3.3499999999999996,3.2931296842149917,3.3499999999999996,806.459808359296,495.50636860540357,332.7280547187865,16
3.3499999999999996,3.2988167157934924,3.3499999999999996,1203.308940527164,739.3390684206161,496.4595121260541,16
3.3499999999999996,3.303935044214143,3.3499999999999996,1174.9337784021066,721.9047544009486,484.7525276014215,16
3.3499999999999996,3.3085415397927287,3.3499999999999996,901.039317686186,553.618067074782,371.7495357999282,16
3.3499999999999996,3.312687385813456,3.3499999999999996,883.2181668585872,542.6683661232643,364.3969104288258,16
3.3499999999999996,3.31641864723211,3.3499999999999996,1072.2337884251417,658.8036567866392,442.3807100223235,16
3.3499999999999996,3.319776782508899,3.3499999999999996,911.463463102675,560.0228877336657,376.05031507073966,16
3.3499999999999996,3.322799104258009,3.3499999999999996,1215.9098942718208,747.0813672509599,501.65839591865245,16
3.3499999999999996,3.3255191938322084,3.3499999999999996,582.3940629542678,357.8355229120694,240.28332427474328,16
3.3499999999999996,3.3279672744489877,3.3499999999999996,905.5396059473587,556.3831416276079,373.60625840816346,16
3.3499999999999996,3.330170547004089,3.3499999999999996,1323.185055411477,812.993549094235,545.9178311882896,16
3.3499999999999996,3.33215349230368,3.3499999999999996,1013.146208826751,622.4989684525154,418.0024394451307,16
3.3499999999999996,3.333938143073312,3.3499999999999996,893.2614255167039,548.8391617104274,368.54054397598435,16
3.3499999999999996,3.335544328765981,3.3499999999999996,917.645732082869,563.8214076603439,378.60098692097483,16
3.3499999999999996,3.336989895889383,3.3499999999999996,1151.2965814736106,707.3815487896509,475.0003261011089,16
3.3499999999999996,3.3382909063004447,3.3499999999999996,1198.8839787042104,736.6202760624825,494.63386759387157,16
3.3499999999999996,3.3394618156704,3.3499999999999996,829.4499573903016,509.63201397789476,342.21329810660524,16
3.3499999999999996,3.34051563410336,3.3499999999999996,1509.5507441199684,927.5006636303726,622.8083252061599,16
3.3499999999999996,3.341464070693024,3.3499999999999996,932.2565665804368,572.7986207454117,384.62910449088116,16
3.3499999999999996,3.3423176636237217,3.3499999999999996,678.5582390737349,416.9208749717451,279.9586049548312,16
3.3499999999999996,3.3430858972613495,3.3499999999999996,1165.695386943367,716.2284866489472,480.9409650326053,16
3.3499999999999996,3.3437773075352144,3.3499999999999996,675.9521237154278,415.3196212651423,278.8833775416929,16
3.3499999999999996,3.344399576781693,3.3499999999999996,1232.038204985935,756.9909505815278,508.31259169404393,16
3.3499999999999996,3.344959619103524,3.3499999999999996,889.420947342103,546.4794887617206,366.9560448862844,16
3.3499999999999996,3.3454636571931715,3.3499999999999996,994.0238363826411,610.7497687643404,410.11295788760447,16
3.3499999999999996,3.3302416304618427,3.3499999999999996,492.9041114392146,302.85095896695356,203.36168580517133,16
3.3499999999999996,3.2950517628989546,3.3499999999999996,475.234641981303,291.99445433334233,196.07164092047373,16
3.3499999999999996,3.0545340072583147,3.3499999999999996,297.7526328824225,182.94566490849274,122.84636295504913,16
3.3499999999999996,3.084080606532483,3.3499999999999996,672.8569544927117,413.41788227471756,277.6063769722596,16
3.3499999999999996,3.3499999999999996,3.3499999999999996,667.4004424570641,413.3881256908804,276.7701037496026,17
3.3499999999999996,3.3499999999999996,3.3499999999999996,840.8927058317292,520.8493094358033,348.7171218803984,17
3.3499999999999996,3.3499999999999996,3.3499999999999996,527.2966917032551,326.60780125304444,218.66925879198973,17
3.3499999999999996,3.3131079922192432,3.3499999999999996,471.63589063057873,292.1314767466115,195.58679628873523,17
3.3499999999999996,3.316797192997319,3.3499999999999996,572.0985435690603,354.3580878757225,237.24852904752444,17
3.3499999999999996,3.320117473697587,3.3499999999999996,620.3957791918917,384.2734167248751,257.277330444386,17
3.3499999999999996,3.3231057263278285,3.3499999999999996,606.8714286717434,375.89642810298005,251.66879970558853,17
3.3499999999999996,3.325795153695046,3.3499999999999996,685.4106345404499,424.54364653721643,284.2389072060667,17
3.3499999999999996,3.3282156383255415,3.3499999999999996,839.486887060516,519.9785446746155,348.13413064693526,17
3.3499999999999996,3.308233474769086,3.3499999999999996,483.61924512168923,299.5539717547539,200.5562779593835,17
3.3499999999999996,3.312410127292177,3.3499999999999996,683.0917359518255,423.1073197381368,283.2772629485419,17
3.3499999999999996,3.3161691145629595,3.3499999999999996,879.4726322141842,544.7457326953088,364.7161676529985,17
3.3499999999999996,3.3195522031066638,3.3499999999999996,712.852835956861,441.5413580859193,295.6191527827338,17
3.3499999999999996,3.320906453697143,3.3499999999999996,500.5203336947146,310.0225134021292,207.56513761883505,17
3.3499999999999996,3.3238158083274287,3.3499999999999996,758.3627034778126,469.73018991477545,314.49203621840024,17
3.3499999999999996,3.326434227494686,3.3499999999999996,646.5981094850407,400.50315155804486,268.1434030634235,17
3.3499999999999996,3.3287908047452177,3.3499999999999996,946.8105349768241,586.4548590910309,392.6411091847768,17
3.3499999999999996,3.330911724270696,3.3499999999999996,888.1141746659594,550.0983078660201,368.299804175817,17
3.3499999999999996,3.3328205518436262,3.3499999999999996,977.208978507782,605.2836682972687,405.2473045581503,17
3.3499999999999996,3.15730876636518,3.3499999999999996,359.00089014663064,222.36530822890603,148.87720668311493,17
3.3499999999999996,3.1765778897286623,3.3499999999999996,672.3425463170166,416.44926698127875,278.8195878539653,17
3.3499999999999996,3.193920100755796,3.3499999999999996,689.9019848100587,427.32559085679077,286.1014643771693,17
3.3499999999999996,3.2095280906802164,3.3499999999999996,534.9131977732169,331.32546844095197,221.82781404770998,17
3.3499999999999996,3.2235752816121948,3.3499999999999996,630.0435887303063,390.249274168758,261.2782646317726,17
3.3499999999999996,3.2362177534509753,3.3499999999999996,1092.6398166048932,676.7815798542601,453.11632442038444,17
3.3499999999999996,3.2475959781058776,3.3499999999999996,1093.841401651531,677.5258421572026,453.6146201913575,17
3.3499999999999996,3.25783638029529,3.3499999999999996,676.9679589945821,419.3142496149226,280.73774053295,17
3.3499999999999996,3.267052742265761,3.3499999999999996,732.9189390947188,453.9703111377634,303.94053990508706,17
3.3499999999999996,3.2753474680391848,3.3499999999999996,838.4778670283005,519.353557225751,347.71569133938317,17
3.3499999999999996,3.2828127212352665,3.3499999999999996,1099.130389790945,680.801843721877,455.8079567595606,17
3.3499999999999996,3.28953144911174,3.3499999999999996,816.9590485911452,506.02479168273123,338.79186505378186,17
3.3499999999999996,3.295578304200566,3.3499999999999996,806.459808359296,499.5215576952865,334.4378436546309,17
3.3499999999999996,3.3010204737805093,3.3499999999999996,1203.308940527164,745.3300835706367,499.010667548296,17
3.3499999999999996,3.3059184264024584,3.3499999999999996,1174.9337784021066,727.7544957513239,487.24352436758227,17
3.3499999999999996,3.3103265837622127,3.3499999999999996,901.039317686186,558.1041471006291,373.659844336289,17
3.3499999999999996,3.3142939253859915,3.3499999999999996,883.2181668585872,547.0657184907327,366.2694360450791,17
3.3499999999999996,3.3178645328473926,3.3499999999999996,1072.2337884251417,664.1420770829303,444.6539708210451,17
3.3499999999999996,3.3210780795626533,3.3499999999999996,911.463463102675,564.5608673266257,377.98272401224636,17
3.3499999999999996,3.323970271606388,3.3499999999999996,1215.9098942718208,753.1351198262971,504.236266833806,17
3.3499999999999996,3.326573244445749,3.3499999999999996,582.3940629542678,360.7351370817378,241.5180676740039,17
3.3499999999999996,3.328915920001174,3.3499999999999996,905.5396059473587,560.8916276160836,375.52610808097916,17
3.3499999999999996,3.3310243280010567,3.3499999999999996,1323.185055411477,819.5814015120669,548.7231379678299,17
3.3499999999999996,3.332921895200951,3.3499999999999996,1013.146208826751,627.5432044602759,420.15042767751237,17
3.3499999999999996,3.334629705680856,3.3499999999999996,893.2614255167039,553.286517292158,370.4343624729933,17
3.3499999999999996,3.3361667351127706,3.3499999999999996,917.645732082869,568.3901674344147,380.5465029944071,17
3.3499999999999996,3.3375500616014935,3.3499999999999996,1151.2965814736106,713.1136056451029,477.4412092504921,17
3.3499999999999996,3.338795055441344,3.3499999999999996,1198.8839787042104,742.5892602839302,497.1756415805006,17
3.3499999999999996,3.33991554989721,3.3499999999999996,829.4499573903016,513.7616660510624,343.97182884215135,17
3.3499999999999996,3.340923994907489,3.3499999999999996,1509.5507441199684,935.0163905340437,626.0087490011695,17
3.3499999999999996,3.34183159541674,3.3499999999999996,932.2565665804368,577.4401247066828,386.6055972390445,17
3.3499999999999996,3.342648435875066,3.3499999999999996,678.5582390737349,420.299269790852,281.3972276331947,17
3.3499999999999996,3.343383592287559,3.3499999999999996,1165.695386943367,722.0322320448946,483.41237533042954,17
3.3499999999999996,3.3440452330588033,3.3499999999999996,675.9521237154278,418.6850407991264,280.3164749512716,17
3.3499999999999996,3.344640709752923,3.3499999999999996,1232.038204985935,763.1250025301832,510.9246565106503,17
3.3499999999999996,3.3451766387776307,3.3499999999999996,889.420947342103,550.9077234326421,368.84172112124475,17
3.3499999999999996,3.3456589748998677,3.3499999999999996,994.0238363826411,615.6987986125198,412.22040445815367,17
3.3499999999999996,3.335221497760546,3.3499999999999996,492.9041114392146,305.3050220090233,204.4067000606065,17
3.3499999999999996,3.3042508314029773,3.3499999999999996,475.234641981303,294.3605449057911,197.07919383801175,17
3.3499999999999996,3.064783622940688,3.3499999999999996,297.7526328824225,184.428110915896,123.47763329492709,17
3.3499999999999996,3.0933052606466194,3.3499999999999996,672.8569544927117,416.76789163008453,279.0329122617716,17
3.3499999999999996,3.3499999999999996,3.3499999999999996,667.4004424570641,413.72761503332396,276.915997799206,18
3.3499999999999996,3.3499999999999996,3.3499999999999996,840.8927058317292,521.2770498051647,348.90094142011,18
3.3499999999999996,3.3499999999999996,3.3499999999999996,527.2966917032551,326.8760234413307,218.78452609599668,18
3.3499999999999996,3.3135870461804737,3.3499999999999996,471.63589063057873,292.37138572508553,195.68989611553346,18
3.3499999999999996,3.3172283415624264,3.3499999999999996,572.0985435690603,354.64909960723134,237.37359005735271,18
3.3499999999999996,3.320505507406184,3.3499999999999996,620.3957791918917,384.5889960109141,257.41294925256346,18
3.3499999999999996,3.323454956665566,3.3499999999999996,606.8714286717434,376.20512790172324,251.80146208440198,18
3.3499999999999996,3.3261094609990094,3.3499999999999996,685.4106345404499,424.89229719853057,284.3887382921029,18
3.3499999999999996,3.3284985148991084,3.3499999999999996,839.486887060516,520.4055699403298,348.3176428740045,18
3.3499999999999996,3.3089731653887835,3.3499999999999996,483.61924512168923,299.7999763557023,200.66199735309135,18
3.3499999999999996,3.313075848849905,3.3499999999999996,683.0917359518255,423.45479083571837,283.4265871222595,18
3.3499999999999996,3.3167682639649145,3.3499999999999996,879.4726322141842,545.1930976753323,364.90842078270373,18
3.3499999999999996,3.320091437568423,3.3499999999999996,712.852835956861,441.9039678852882,295.7749827468646,18
3.3499999999999996,3.3218852700739405,3.3499999999999996,500.5203336947146,310.27711514967996,207.6745515984284,18
3.3499999999999996,3.3246967430665464,3.3499999999999996,758.3627034778126,470.1159494066177,314.65781466090664,18
3.3499999999999996,3.3272270687598917,3.3499999999999996,646.5981094850407,400.832059291768,268.2847497132869,18
3.3499999999999996,3.3295043618839024,3.3499999999999996,946.8105349768241,586.9364771204624,392.8480824115946,18
3.3499999999999996,3.3315539256955122,3.3499999999999996,888.1141746659594,550.5500685751715,368.4939463507536,18
3.3499999999999996,3.333398533125961,3.3499999999999996,977.208978507782,605.780749228654,405.46092289897496,18
3.3499999999999996,3.1581925850020394,3.3499999999999996,359.00089014663064,222.54792269599247,148.9556844460033,18
3.3499999999999996,3.1773733265018356,3.3499999999999996,672.3425463170166,416.79127024412605,278.96656224978943,18
3.3499999999999996,3.194635993851652,3.3499999999999996,689.9019848100587,427.676526151816,286.25227727448,18
3.3499999999999996,3.2101723944664866,3.3499999999999996,534.9131977732169,331.5975649488714,221.94474632351452,18
3.3499999999999996,3.224155155019838,3.3499999999999996,630.0435887303063,390.5697610459639,261.41599245563816,18
3.3499999999999996,3.2367396395178543,3.3499999999999996,1092.6398166048932,677.3373774673113,453.35517599653195,18
3.3499999999999996,3.248065675566069,3.3499999999999996,1093.841401651531,678.0822509854873,453.8537344345595,18
3.3499999999999996,3.258259108009462,3.3499999999999996,676.9679589945821,419.65860570556043,280.8857260461539,18
3.3499999999999996,3.2674331972085158,3.3499999999999996,732.9189390947188,454.3431280447791,304.10075632877107,18
3.3499999999999996,3.275689877487664,3.3499999999999996,838.4778670283005,519.7800692290741,347.89898299420025,18
3.3499999999999996,3.283120889738898,3.3499999999999996,1099.130389790945,681.3609429216259,456.0482271780495,18
3.3499999999999996,3.2898088007650084,3.3499999999999996,816.9590485911452,506.44035761970974,338.9704526848004,18
3.3499999999999996,3.2958279206885077,3.3499999999999996,806.459808359296,499.931782940327,334.6141361468126,18
3.3499999999999996,3.301245128619657,3.3499999999999996,1203.308940527164,745.9421757045168,499.2737114468154,18
3.3499999999999996,3.3061206157576914,3.3499999999999996,1174.9337784021066,728.3521541741684,487.50036544235877,18
3.3499999999999996,3.310508554181922,3.3499999999999996,901.039317686186,558.5624824957195,373.856811953549,18
3.3499999999999996,3.31445769876373,3.3499999999999996,883.2181668585872,547.51498872735,366.46250795041357,18
3.3499999999999996,3.318011928887357,3.3499999999999996,1072.2337884251417,664.6874946772582,444.88836162986604,18
3.3499999999999996,3.3212107359986214,3.3499999999999996,911.463463102675,565.0245052148639,378.1819703525814,18
3.3499999999999996,3.3240896623987592,3.3499999999999996,1215.9098942718208,753.7536217394173,504.5020653067215,18
3.3499999999999996,3.3266806961588835,3.3499999999999996,582.3940629542678,361.0313858776593,241.64537928919637,18
3.3499999999999996,3.3290126265429953,3.3499999999999996,905.5396059473587,561.3522521914106,375.7240594633631,18
3.3499999999999996,3.331111363888696,3.3499999999999996,1323.185055411477,820.2544715249354,549.0123868412619,18
3.3499999999999996,3.3330002274998263,3.3499999999999996,1013.146208826751,628.0585657311907,420.3719019137325,18
3.3499999999999996,3.3347002047498435,3.3499999999999996,893.2614255167039,553.7408962746807,370.6296298393789,18
3.3499999999999996,3.3362301842748594,3.3499999999999996,917.645732082869,568.8569500829758,380.7471007816395,18
3.3499999999999996,3.3376071658473734,3.3499999999999996,1151.2965814736106,713.6992404372572,477.6928832229385,18
3.3499999999999996,3.338846449262636,3.3499999999999996,1198.8839787042104,743.1991015541852,497.4377181802911,18
3.3499999999999996,3.339961804336373,3.3499999999999996,829.4499573903016,514.1835857902637,344.15314699168914,18
3.3499999999999996,3.3409656239027354,3.3499999999999996,1509.5507441199684,935.7842599523193,626.3387375015226,18
3.3499999999999996,3.3418690615124618,3.3499999999999996,932.2565665804368,577.9143395088366,386.8093889615479,18
3.3499999999999996,3.342682155361216,3.3499999999999996,678.5582390737349,420.6444348158327,281.54556078236936,18
3.3499999999999996,3.343413939825094,3.3499999999999996,1165.695386943367,722.6251911369593,483.66719688850196,18
3.3499999999999996,3.3440725458425846,3.3499999999999996,675.9521237154278,419.02888016063275,280.46423840240715,18
3.3499999999999996,3.3446652912583263,3.3499999999999996,1232.038204985935,763.7517084977973,511.193980639849,18
3.3499999999999996,3.345198762132494,3.3499999999999996,889.420947342103,551.3601488632532,369.03614895730095,18
3.3499999999999996,3.3456788859192446,3.3499999999999996,994.0238363826411,616.2044328271818,412.43769853479273,18
3.3499999999999996,3.3357291539068012,3.3499999999999996,492.9041114392146,305.5557495813098,204.5144491304442,18
3.3499999999999996,3.305188600099566,3.3499999999999996,475.234641981303,294.6022844759939,197.1830803535424,18
3.3499999999999996,3.065828486204266,3.3499999999999996,297.7526328824225,184.5795699787279,123.54272216006386,18
3.3499999999999996,3.0942456375838394,3.3499999999999996,672.8569544927117,417.1101565590653,279.179999107464,18
3.3499999999999996,3.3499999999999996,3.3499999999999996,667.4004424570641,413.7616371556671,276.9306322596151,19
3.3499999999999996,3.3499999999999996,3.3499999999999996,840.8927058317292,521.3199160556123,348.9193801417962,19
3.3499999999999996,3.3499999999999996,3.3499999999999996,527.2966917032551,326.9029034842778,218.79608842360034,19
3.3499999999999996,3.313635044015159,3.3499999999999996,471.63589063057873,292.3954283432074,195.7002379378186,19
3.3499999999999996,3.3172715396136434,3.3499999999999996,572.0985435690603,354.67826351753683,237.38613478006081,19
3.3499999999999996,3.320544385652279,3.3499999999999996,620.3957791918917,384.6206219730172,257.4265530155983,19
3.3499999999999996,3.323489947087051,3.3499999999999996,606.8714286717434,376.23606443199685,251.81476929148675,19
3.3499999999999996,3.326140952378346,3.3499999999999996,685.4106345404499,424.9272374277844,284.40376767200286,19
3.3499999999999996,3.3285268571405116,3.3499999999999996,839.486887060516,520.4483645262485,348.33605076952114,19
3.3499999999999996,3.309047277181934,3.3499999999999996,483.61924512168923,299.8246298501836,200.67260194105012,19
3.3499999999999996,3.3131425494637408,3.3499999999999996,683.0917359518255,423.4896128543051,283.44156565438135,19
3.3499999999999996,3.3168282945173666,3.3499999999999996,879.4726322141842,545.2379306175769,364.92770546787654,19
3.3499999999999996,3.32014546506563,3.3499999999999996,712.852835956861,441.940307037699,295.79061386716603,19
3.3499999999999996,3.3219833405846617,3.3499999999999996,500.5203336947146,310.30263021221936,207.68552678594907,19
3.3499999999999996,3.3247850065261955,3.3499999999999996,758.3627034778126,470.15460851895375,314.6744437013652,19
3.3499999999999996,3.327306505873576,3.3499999999999996,646.5981094850407,400.86502097202504,268.2989280293799,19
3.3499999999999996,3.3295758552862185,3.3499999999999996,946.8105349768241,586.9847427520195,392.86884365238416,19
3.3499999999999996,3.3316182697575965,3.3499999999999996,888.1141746659594,550.5953420379726,368.5134205238301,19
3.3499999999999996,3.333456442781837,3.3499999999999996,977.208978507782,605.8305644839438,405.4823507033298,19
3.3499999999999996,3.1582811374079416,3.3499999999999996,359.00089014663064,222.56622351125847,148.96355645803595,19
3.3499999999999996,3.1774530236671477,3.3499999999999996,672.3425463170166,416.8255443004677,278.9813050784564,19
3.3499999999999996,3.194707721300433,3.3499999999999996,689.9019848100587,427.71169533696894,286.2674051387134,19
3.3499999999999996,3.2102369491703895,3.3499999999999996,534.9131977732169,331.62483325901906,221.95647566247965,19
3.3499999999999996,3.2242132542533506,3.3499999999999996,630.0435887303063,390.6018788251766,261.4298077715544,19
3.3499999999999996,3.2367919288280156,3.3499999999999996,1092.6398166048932,677.3930770490807,453.3791349170244,19
3.3499999999999996,3.248112735945214,3.3499999999999996,1093.841401651531,678.1380118205474,453.877719702875,19
3.3499999999999996,3.2583014623506927,3.3499999999999996,676.9679589945821,419.6931155519105,280.900570298815,19
3.3499999999999996,3.2674713161156235,3.3499999999999996,732.9189390947188,454.38049010843264,304.1168274496677,19
3.3499999999999996,3.275724184504061,3.3499999999999996,838.4778670283005,519.8228123781031,347.917368764374,19
3.3499999999999996,3.2831517660536553,3.3499999999999996,1099.130389790945,681.4169733738306,456.0723284209471,19
3.3499999999999996,3.28983658944829,3.3499999999999996,816.9590485911452,506.4820038023195,338.98836659988314,19
3.3499999999999996,3.295852930503461,3.3499999999999996,806.459808359296,499.9728939023812,334.6318198392198,19
3.3499999999999996,3.301267637453115,3.3499999999999996,1203.308940527164,746.0035168745052,499.30009707069235,19
3.3499999999999996,3.3061408737078035,3.3499999999999996,1174.9337784021066,728.4120488613918,487.5261288682864,19
3.3499999999999996,3.3105267863370234,3.3499999999999996,901.039317686186,558.6084148445046,373.87656954341975,19
3.3499999999999996,3.314474107703321,3.3499999999999996,883.2181668585872,547.5600126059944,366.48187476600606,19
3.3499999999999996,3.318026696932989,3.3499999999999996,1072.2337884251417,664.7421540194006,444.91187309603794,19
3.3499999999999996,3.32122402723969,3.3499999999999996,911.463463102675,565.0709689560906,378.20195651848195,19
3.3499999999999996,3.324101624515721,3.3499999999999996,1215.9098942718208,753.8156052691685,504.52872723871405,19
3.3499999999999996,3.326691462064149,3.3499999999999996,582.3940629542678,361.0610746234275,241.65814976747978,19
3.3499999999999996,3.3290223158577343,3.3499999999999996,905.5396059473587,561.3984139517273,375.74391573355547,19
3.3499999999999996,3.331120084271961,3.3499999999999996,1323.185055411477,820.321923628611,549.0414010553308,19
3.3499999999999996,3.3330080758447647,3.3499999999999996,1013.146208826751,628.1102129613622,420.3941177337086,19
3.3499999999999996,3.334707268260288,3.3499999999999996,893.2614255167039,553.786432129274,370.6492168790853,19
3.3499999999999996,3.336236541434259,3.3499999999999996,917.645732082869,568.9037289781912,380.7672225095879,19
3.3499999999999996,3.3376128872908333,3.3499999999999996,1151.2965814736106,713.7579301693225,477.71812834291256,19
3.3499999999999996,3.33885159856175,3.3499999999999996,1198.8839787042104,743.2602171525631,497.46400677557097,19
3.3499999999999996,3.339966438705575,3.3499999999999996,829.4499573903016,514.2258687228671,344.171334801871,19
3.3499999999999996,3.3409697948350177,3.3499999999999996,1509.5507441199684,935.8612124336669,626.3718382596204,19
3.3499999999999996,3.341872815351516,3.3499999999999996,932.2565665804368,577.9618632216567,386.8298310693841,19
3.3499999999999996,3.3426855338163644,3.3499999999999996,678.5582390737349,420.67902573000976,281.5604399059856,19
3.3499999999999996,3.343416980434728,3.3499999999999996,1165.695386943367,722.6846148780095,483.6927577390857,19
3.3499999999999996,3.3440752823912554,3.3499999999999996,675.9521237154278,419.06333822267186,280.4790603802838,19
3.3499999999999996,3.34466775415213,3.3499999999999996,1232.038204985935,763.8145142016517,511.2209962262739,19
3.3499999999999996,3.345200978736917,3.3499999999999996,889.420947342103,551.4054889415032,369.05565178470823,19
3.3499999999999996,3.3456808808632252,3.3499999999999996,994.0238363826411,616.2551052547408,412.45949504788103,19
3.3499999999999996,3.3357800174790846,3.3499999999999996,492.9041114392146,305.58087639111693,204.5252573128268,19
3.3499999999999996,3.3052825579216782,3.3499999999999996,475.234641981303,294.6265105479329,197.19350108764837,19
3.3499999999999996,3.065933174148115,3.3499999999999996,297.7526328824225,184.5947485369958,123.54925114752083,19
3.3499999999999996,3.0943398567333036,3.3499999999999996,672.8569544927117,417.14445683843115,279.19475321584486,19
3.3499999999999996,3.3499999999999996,3.3499999999999996,667.4004424570641,413.7650401009321,276.93209615731007,20
3.3499999999999996,3.3499999999999996,3.3499999999999996,840.8927058317292,521.3242036042407,348.92122458302737,20
3.3499999999999996,3.3499999999999996,3.3499999999999996,527.2966917032551,326.90559206772207,218.79724501320152,20
3.3499999999999996,3.3136398447242135,3.3499999999999996,471.63589063057873,292.39783312303484,195.70127243922025,20
3.3499999999999996,3.317275860251792,3.3499999999999996,572.0985435690603,354.6811805369244,237.38738963949152,20
3.3499999999999996,3.320548274226613,3.3499999999999996,620.3957791918917,384.6237852506313,257.4279138117461,20
3.3499999999999996,3.3234934468039516,3.3499999999999996,606.8714286717434,376.2391587515737,251.81610042288716,20
3.3499999999999996,3.3261441021235565,3.3499999999999996,685.4106345404499,424.9307322035217,284.4052710738351,20
3.3499999999999996,3.328529691911201,3.3499999999999996,839.486887060516,520.4526449068802,348.33789212718415,20
3.3499999999999996,3.309054689790414,3.3499999999999996,483.61924512168923,299.8270957308088,200.67366272712871,20
3.3499999999999996,3.3131492208113724,3.3499999999999996,683.0917359518255,423.49309580642887,283.4430639698665,20
3.3499999999999996,3.3168342987302353,3.3499999999999996,879.4726322141842,545.2424148777588,364.92963453156483,20
3.3499999999999996,3.320150868857212,3.3499999999999996,712.852835956861,441.94394173589285,295.79217746160964,20
3.3499999999999996,3.321993149526917,3.3499999999999996,500.5203336947146,310.30518226821334,207.6866246434214,20
3.3499999999999996,3.3247938345742254,3.3499999999999996,758.3627034778126,470.15847526312524,314.6761071186227,20
3.3499999999999996,3.327314451116803,3.3499999999999996,646.5981094850407,400.8683178502334,268.30034629856567,20
3.3499999999999996,3.3295830060051226,3.3499999999999996,946.8105349768241,586.9895703550925,392.8709204172042,20
3.3499999999999996,3.3316247054046104,3.3499999999999996,888.1141746659594,550.5998703597015,368.51536854215686,20
3.3499999999999996,3.3334622348641494,3.3499999999999996,977.208978507782,605.8355470827778,405.4844941450779,20
3.3499999999999996,3.158289994356169,3.3499999999999996,359.00089014663064,222.56805398708903,148.96434390218815,20
3.3499999999999996,3.177460994920552,3.3499999999999996,672.3425463170166,416.8289724445607,278.9827798163216,20
3.3499999999999996,3.194714895428497,3.3499999999999996,689.9019848100587,427.71521301322935,286.2689183920184,20
3.3499999999999996,3.2102434058856475,3.3499999999999996,534.9131977732169,331.62756067754884,221.9576489583713,20
3.3499999999999996,3.2242190652970826,3.3499999999999996,630.0435887303063,390.60509129509813,261.4311897295194,20
3.3499999999999996,3.2367971587673745,3.3499999999999996,1092.6398166048932,677.3986482073445,453.38153154850255,20
3.3499999999999996,3.248117442890637,3.3499999999999996,1093.841401651531,678.1435891054603,453.8801189699487,20
3.3499999999999996,3.2583056986015735,3.3499999999999996,676.9679589945821,419.69656728008465,280.90205518221,20
3.3499999999999996,3.2674751287414163,3.3499999999999996,732.9189390947188,454.3842271197901,304.1184350577502,20
3.3499999999999996,3.275727615867275,3.3499999999999996,838.4778670283005,519.8270876139374,347.9192079088198,20
3.3499999999999996,3.2831548542805473,3.3499999999999996,1099.130389790945,681.422577626267,456.0747392890584,20
3.3499999999999996,3.2898393688524927,3.3499999999999996,816.9590485911452,506.48616931787706,338.99015854425727,20
3.3499999999999996,3.2958554319672433,3.3499999999999996,806.459808359296,499.97700588435146,334.6335887542212,20
3.3499999999999996,3.301269888770519,3.3499999999999996,1203.308940527164,746.009652313143,499.30273644740276,20
3.3499999999999996,3.306142899893467,3.3499999999999996,1174.9337784021066,728.4180396205877,487.5287060059994,20
3.3499999999999996,3.3105286099041207,3.3499999999999996,901.039317686186,558.6130090690281,373.87854591217285,20
3.3499999999999996,3.3144757489137087,3.3499999999999996,883.2181668585872,547.5645159639303,366.4838120452711,20
3.3499999999999996,3.318028174022338,3.3499999999999996,1072.2337884251417,664.7476211312892,444.9142249682746,20
3.3499999999999996,3.321225356620104,3.3499999999999996,911.463463102675,565.0756163313075,378.20395575189235,20
3.3499999999999996,3.324102820958094,3.3499999999999996,1215.9098942718208,753.8218049576229,504.5313942547636,20
3.3499999999999996,3.3266925388622846,3.3499999999999996,582.3940629542678,361.0640441376694,241.6594272094353,20
3.3499999999999996,3.329023284976056,3.3499999999999996,905.5396059473587,561.4030311223466,375.7459019733862,20
3.3499999999999996,3.3311209564784505,3.3499999999999996,1323.185055411477,820.3286702922819,549.044303372185,20
3.3499999999999996,3.3330088608306054,3.3499999999999996,1013.146208826751,628.1153787971557,420.3963400013389,20
3.3499999999999996,3.3347079747475448,3.3499999999999996,893.2614255167039,553.7909866958356,370.65117618755846,20
3.3499999999999996,3.3362371772727903,3.3499999999999996,917.645732082869,568.9084078755973,380.7692353033868,20
3.3499999999999996,3.337613459545511,3.3499999999999996,1151.2965814736106,713.763800407041,477.7206536340342,20
3.3499999999999996,3.33885211359096,3.3499999999999996,1198.8839787042104,743.2663300291796,497.4666364464272,20
3.3499999999999996,3.339966902231864,3.3499999999999996,829.4499573903016,514.230097927143,344.1731541442081,20
3.3499999999999996,3.3409702120086777,3.3499999999999996,1509.5507441199684,935.8689093397976,626.3751493569981,20
3.3499999999999996,3.34187319080781,3.3499999999999996,932.2565665804368,577.9666166168707,386.8318759110596,20
3.3499999999999996,3.342685871727029,3.3499999999999996,678.5582390737349,420.68248556671307,281.56192827755234,20
3.3499999999999996,3.3434172845543264,3.3499999999999996,1165.695386943367,722.690558532441,483.69531461301244,20
3.3499999999999996,3.3440755560988937,3.3499999999999996,675.9521237154278,419.06678477129907,280.4805430355127,20
3.3499999999999996,3.3446680004890044,3.3499999999999996,1232.038204985935,763.8207961252307,511.2236986186812,20
3.3499999999999996,3.345201200440104,3.3499999999999996,889.420947342103,551.4100239262123,369.0576026693524,20
3.3499999999999996,3.3456810803960937,3.3499999999999996,994.0238363826411,616.26017358927,412.46167537188177,20
3.3499999999999996,3.335785104817162,3.3499999999999996,492.9041114392146,305.58338961347255,204.52633846463118,20
3.3499999999999996,3.3052919555157643,3.3499999999999996,475.234641981303,294.62893367709466,197.1945434826675,20
3.3499999999999996,3.0659436449612927,3.3499999999999996,297.7526328824225,184.59626671985535,123.54990424776656,20
3.3499999999999996,3.0943492804651633,3.3499999999999996,672.8569544927117,417.1478876053914,279.19622908202973,20
3.3499999999999996,3.3499999999999996,3.3499999999999996,667.4004424570641,413.7653804027901,276.9322425515972,21
3.3499999999999996,3.3499999999999996,3.3499999999999996,840.8927058317292,521.3246323683409,348.9214090328426,21
3.3499999999999996,3.3499999999999996,3.3499999999999996,527.2966917032551,326.90586093185897,218.7973606757309,21
3.3499999999999996,3.313640324804376,3.3499999999999996,471.63589063057873,292.39807360619864,195.7013758925529,21
3.3499999999999996,3.3172762923239385,3.3499999999999996,572.0985435690603,354.68147224514763,237.38751512930708,21
3.3499999999999996,3.320548663091545,3.3499999999999996,620.3957791918917,384.62410158520794,257.4280498955603,21
3.3499999999999996,3.3234937967823903,3.3499999999999996,606.8714286717434,376.23946819019784,251.81623354013513,21
3.3499999999999996,3.3261444171041514,3.3499999999999996,685.4106345404499,424.9310816886249,284.4054214186579,21
3.3499999999999996,3.3285299753937365,3.3499999999999996,839.486887060516,520.4530729541652,348.3380762686329,21
3.3499999999999996,3.309055431065556,3.3499999999999996,483.61924512168923,299.82734232418386,200.6737688090102,21
3.3499999999999996,3.3131498879590002,3.3499999999999996,683.0917359518255,423.4934441091451,283.44321380603895,21
3.3499999999999996,3.3168348991631,3.3499999999999996,879.4726322141842,545.2428633134381,364.9298274438868,21
3.3499999999999996,3.32015140924679,3.3499999999999996,712.852835956861,441.94430521354303,295.7923338258792,21
3.3499999999999996,3.3219941304400566,3.3499999999999996,500.5203336947146,310.3054374793111,207.68673443255668,21
3.3499999999999996,3.324794717396051,3.3499999999999996,758.3627034778126,470.1588619458731,314.6762734654817,21
3.3499999999999996,3.327315245656446,3.3499999999999996,646.5981094850407,400.8686475451573,268.30048812986104,21
3.3499999999999996,3.3295837210908013,3.3499999999999996,946.8105349768241,586.9900531258006,392.8711281000951,21
3.3499999999999996,3.331625348981721,3.3499999999999996,888.1141746659594,550.6003232016304,368.5155633500013,21
3.3499999999999996,3.333462814083549,3.3499999999999996,977.208978507782,605.8360453533959,405.48470849586755,21
3.3499999999999996,3.15829088006807,3.3499999999999996,359.00089014663064,222.56823703861582,148.96442264903348,21
3.3499999999999996,3.177461792061263,3.3499999999999996,672.3425463170166,416.8293152663557,278.9829272946592,21
3.3499999999999996,3.194715612855137,3.3499999999999996,689.9019848100587,427.71556478843405,286.2690697220189,21
3.3499999999999996,3.210244051569623,3.3499999999999996,534.9131977732169,331.62783342527797,221.95776629158132,21
3.3499999999999996,3.224219646412661,3.3499999999999996,630.0435887303063,390.6054125490114,261.43132792958073,21
3.3499999999999996,3.236797681771395,3.3499999999999996,1092.6398166048932,677.3992053351736,453.3817712190464,21
3.3499999999999996,3.2481179135942555,3.3499999999999996,1093.841401651531,678.1441468459675,453.88035890406024,21
3.3499999999999996,3.25830612223483,3.3499999999999996,676.9679589945821,419.69691246033864,280.9022036751319,21
3.3499999999999996,3.267475510011347,3.3499999999999996,732.9189390947188,454.38460082897694,304.11859582351957,21
3.3499999999999996,3.2757279590102124,3.3499999999999996,838.4778670283005,519.8275151467316,347.91939182894004,21
3.3499999999999996,3.2831551631091913,3.3499999999999996,1099.130389790945,681.4231380635845,456.07498038330954,21
3.3499999999999996,3.289839646798272,3.3499999999999996,816.9590485911452,506.48658587840714,338.99033774422475,21
3.3499999999999996,3.295855682118445,3.3499999999999996,806.459808359296,499.97741709140746,334.6337656511802,21
3.3499999999999996,3.3012701139066003,3.3499999999999996,1203.308940527164,746.0102658702252,499.3030003932191,21
3.3499999999999996,3.3061431025159402,3.3499999999999996,1174.9337784021066,728.418638709414,487.52896372772386,21
3.3499999999999996,3.3105287922643463,3.3499999999999996,901.039317686186,558.6134685013784,373.87874355514737,21
3.3499999999999996,3.314475913037912,3.3499999999999996,883.2181668585872,547.564966309426,366.4840057791761,21
3.3499999999999996,3.3180283217341207,3.3499999999999996,1072.2337884251417,664.7481678542565,444.91446016275614,21
3.3499999999999996,3.3212254895607085,3.3499999999999996,911.463463102675,565.0760810788416,378.20415568140317,21
3.3499999999999996,3.3241029406046376,3.3499999999999996,1215.9098942718208,753.8224249398249,504.5316609645991,21
3.3499999999999996,3.3266926465441737,3.3499999999999996,582.3940629542678,361.0643410954912,241.6595549575731,21
3.3499999999999996,3.3290233818897565,3.3499999999999996,905.5396059473587,561.4034928493561,375.746100603499,21
3.3499999999999996,3.3311210437007808,3.3499999999999996,1323.185055411477,820.3293449731843,549.0445936128272,21
3.3499999999999996,3.3330089393307025,3.3499999999999996,1013.146208826751,628.1158953918645,420.39656223496,21
3.3499999999999996,3.3347080453976323,3.3499999999999996,893.2614255167039,553.7914421623043,370.6513721244523,21
3.3499999999999996,3.3362372408578693,3.3499999999999996,917.645732082869,568.9088757754182,380.7694365889782,21
3.3499999999999996,3.3376135167720826,3.3499999999999996,1151.2965814736106,713.76438744346,477.72090617093954,21
3.3499999999999996,3.3388521650948744,3.3499999999999996,1198.8839787042104,743.2669413300115,497.46689942162806,21
3.3499999999999996,3.339966948585387,3.3499999999999996,829.4499573903016,514.2305208566822,344.1733360840563,21
3.3499999999999996,3.3409702537268484,3.3499999999999996,1509.5507441199684,935.8696790469932,626.375480476954,21
3.3499999999999996,3.3418732283541637,3.3499999999999996,932.2565665804368,577.967091966633,386.83208040153767,21
3.3499999999999996,3.3426859055187474,3.3499999999999996,678.5582390737349,420.6828315578376,281.5620771193021,21
3.3499999999999996,3.3434173149668727,3.3499999999999996,1165.695386943367,722.6911529106895,483.6955703082958,21
3.3499999999999996,3.3440755834701856,3.3499999999999996,675.9521237154278,419.0671294335872,280.4806913056112,21
3.3499999999999996,3.344668025123167,3.3499999999999996,1232.038204985935,763.8214243311224,511.22396886626166,21
3.3499999999999996,3.3452012226108505,3.3499999999999996,889.420947342103,551.4104774344535,369.0577977638372,21
3.3499999999999996,3.3456811003497653,3.3499999999999996,994.0238363826411,616.2606804336425,412.46189341101046,21
3.3499999999999996,3.335785613560779,3.3499999999999996,492.9041114392146,305.58364094112267,204.52644658314807,21
3.3499999999999996,3.3052928952932934,3.3499999999999996,475.234641981303,294.62917599523144,197.19464772538632,21
3.3499999999999996,3.065944692062801,3.3499999999999996,297.7526328824225,184.59641854141216,123.54996955980661,21
3.3499999999999996,3.0943502228565207,3.3499999999999996,672.8569544927117,417.14823068947885,279.19637667320274,21
3.3499999999999996,3.3499999999999996,3.3499999999999996,667.4004424570641,413.76541443304916,276.93225719107113,22
3.3499999999999996,3.3499999999999996,3.3499999999999996,840.8927058317292,521.3246752448432,348.92142747788097,22
3.3499999999999996,3.3499999999999996,3.3499999999999996,527.2966917032551,326.90588781833054,218.79737224201952,22
3.3499999999999996,3.313640372812485,3.3499999999999996,471.63589063057873,292.39809765456675,195.70138623791811,22
3.3499999999999996,3.3172763355312362,3.3499999999999996,572.0985435690603,354.6815014160329,237.3875276783274,22
3.3499999999999996,3.3205487019781126,3.3499999999999996,620.3957791918917,384.6241332187337,257.42806350398376,22
3.3499999999999996,3.3234938317803016,3.3499999999999996,606.8714286717434,376.2394991341271,251.816246851901,22
3.3499999999999996,3.3261444486022715,3.3499999999999996,685.4106345404499,424.9311166372104,284.4054364531866,22
3.3499999999999996,3.328530003742044,3.3499999999999996,839.486887060516,520.453115758986,348.3380946828345,22
3.3499999999999996,3.3090555051932125,3.3499999999999996,483.61924512168923,299.82736698357456,200.6737794172311,22
3.3499999999999996,3.313149954673891,3.3499999999999996,683.0917359518255,423.4934789394918,283.44322878970235,22
3.3499999999999996,3.3168349592065023,3.3499999999999996,879.4726322141842,545.2429081571025,364.9298467351785,22
3.3499999999999996,3.320151463285852,3.3499999999999996,712.852835956861,441.94434156138635,295.7923494623545,22
3.3499999999999996,3.32199422853156,3.3499999999999996,500.5203336947146,310.3054630004758,207.6867454115041,22
3.3499999999999996,3.3247948056784042,3.3499999999999996,758.3627034778126,470.15890061423136,314.67629010021903,22
3.3499999999999996,3.327315325110564,3.3499999999999996,646.5981094850407,400.8686805147206,268.3005023130344,22
3.3499999999999996,3.3295837925995073,3.3499999999999996,946.8105349768241,586.9901014029754,392.87114886844824,22
3.3499999999999996,3.3316254133395566,3.3499999999999996,888.1141746659594,550.600368485921,368.51558283084586,22
3.3499999999999996,3.333462872005601,3.3499999999999996,977.208978507782,605.8360951805652,405.4847299310127,22
3.3499999999999996,3.1582909686394314,3.3499999999999996,359.00089014663064,222.56825534380792,148.9644305237423,22
3.3499999999999996,3.1774618717754883,3.3499999999999996,672.3425463170166,416.82934954860923,278.98294204253847,22
3.3499999999999996,3.1947156845979396,3.3499999999999996,689.9019848100587,427.71559996603014,286.2690848550657,22
3.3499999999999996,3.2102441161381456,3.3499999999999996,534.9131977732169,331.62786070010947,221.95777802493856,22
3.3499999999999996,3.224219704524331,3.3499999999999996,630.0435887303063,390.6054446744719,261.43134174962944,22
3.3499999999999996,3.236797734071898,3.3499999999999996,1092.6398166048932,677.3992610480765,453.38179518617477,22
3.3499999999999996,3.2481179606647084,3.3499999999999996,1093.841401651531,678.1442026201382,453.88038289754553,22
3.3499999999999996,3.2583061645982374,3.3499999999999996,676.9679589945821,419.69694697843835,280.90221852446996,22
3.3499999999999996,3.267475548138414,3.3499999999999996,732.9189390947188,454.3846381999762,304.1186119001461,22
3.3499999999999996,3.2757279933245727,3.3499999999999996,838.4778670283005,519.827557900103,347.91941022100883,22
3.3499999999999996,3.2831551939921155,3.3499999999999996,1099.130389790945,681.4231941074371,456.07500449280906,22
3.3499999999999996,3.289839674592904,3.3499999999999996,816.9590485911452,506.4866275345499,338.99035566427665,22
3.3499999999999996,3.2958557071336134,3.3499999999999996,806.459808359296,499.97745821220167,334.6337833409308,22
3.3499999999999996,3.301270136420252,3.3499999999999996,1203.308940527164,746.0103272260657,499.3030267878822,22
3.3499999999999996,3.3061431227782268,3.3499999999999996,1174.9337784021066,728.4186986184254,487.5289894999759,22
3.3499999999999996,3.3105288105004043,3.3499999999999996,901.039317686186,558.6135144447126,373.87876331950577,22
3.3499999999999996,3.314475929450364,3.3499999999999996,883.2181668585872,547.5650113440727,366.4840251526265,22
3.3499999999999996,3.3180283365053276,3.3499999999999996,1072.2337884251417,664.7482225266712,444.91448368227697,22
3.3499999999999996,3.321225502854795,3.3499999999999996,911.463463102675,565.0761275536953,378.2041756744159,22
3.3499999999999996,3.3241029525693153,3.3499999999999996,1215.9098942718208,753.8224869381789,504.531687635665,22
3.3499999999999996,3.3266926573123836,3.3499999999999996,582.3940629542678,361.0643707913374,241.65956773242632,22
3.3499999999999996,3.329023391581145,3.3499999999999996,905.5396059473587,561.4035390221566,375.7461204665715,22
3.3499999999999996,3.331121052423031,3.3499999999999996,1323.185055411477,820.3294124414199,549.0446226369809,22
3.3499999999999996,3.3330089471807276,3.3499999999999996,1013.146208826751,628.1159470514466,420.39658445839075,22
3.3499999999999996,3.3347080524626547,3.3499999999999996,893.2614255167039,553.7914877090494,370.6513917182021,22
3.3499999999999996,3.3362372472163893,3.3499999999999996,917.645732082869,568.9089225655013,380.76945671759955,22
3.3499999999999996,3.3376135224947503,3.3499999999999996,1151.2965814736106,713.764446147228,477.72093142470806,22
3.3499999999999996,3.3388521702452754,3.3499999999999996,1198.8839787042104,743.267002460226,497.4669257192294,22
3.3499999999999996,3.3399669532207477,3.3499999999999996,829.4499573903016,514.2305631497273,344.17335427809724,22
3.3499999999999996,3.340970257898673,3.3499999999999996,1509.5507441199684,935.8697560178783,626.3755135890518,22
3.3499999999999996,3.3418732321088056,3.3499999999999996,932.2565665804368,577.9671395017116,386.8321008506486,22
3.3499999999999996,3.3426859088979253,3.3499999999999996,678.5582390737349,420.68286615702436,281.5620920035231,22
3.3499999999999996,3.343417318008133,3.3499999999999996,1165.695386943367,722.6912123486422,483.69559587790303,22
3.3499999999999996,3.3440755862073197,3.3499999999999996,675.9521237154278,419.0671638998902,280.4807061326668,22
3.3499999999999996,3.3446680275865877,3.3499999999999996,1232.038204985935,763.8214871518472,511.2239958911031,22
3.3499999999999996,3.345201224827929,3.3499999999999996,889.420947342103,551.4105227853754,369.057817273346,22
3.3499999999999996,3.3456811023451363,3.3499999999999996,994.0238363826411,616.2607311181889,412.46191521499054,22
3.3499999999999996,3.3357856644352393,3.3499999999999996,492.9041114392146,305.5836660739418,204.52645739503313,22
3.3499999999999996,3.305292989271228,3.3499999999999996,475.234641981303,294.6292002270972,197.19465814969035,22
3.3499999999999996,3.065944796773154,3.3499999999999996,297.7526328824225,184.59643372360063,123.54997609103079,22
3.3499999999999996,3.094350317095839,3.3499999999999996,672.8569544927117,417.14826499796163,279.1963914323656,22
3.3499999999999996,3.3499999999999996,3.3499999999999996,667.4004424570641,413.76541821419,276.9322588176798,23
3.3499999999999996,3.3499999999999996,3.3499999999999996,840.8927058317292,521.3246800089001,348.92142952733036,23
3.3499999999999996,3.3499999999999996,3.3499999999999996,527.2966917032551,326.9058908057171,218.7973735271631,23
3.3499999999999996,3.3136403781467205,3.3499999999999996,471.63589063057873,292.39810032660836,195.70138738740343,23
3.3499999999999996,3.3172763403320484,3.3499999999999996,572.0985435690603,354.6815046572431,237.3875290726634,23
3.3499999999999996,3.3205487062988435,3.3499999999999996,620.3957791918917,384.6241367335707,257.42806501603127,23
3.3499999999999996,3.323493835668959,3.3499999999999996,606.8714286717434,376.23950257234225,251.81624833098655,23
3.3499999999999996,3.326144452102063,3.3499999999999996,685.4106345404499,424.9311205203876,284.40543812369026,23
3.3499999999999996,3.3285300068918566,3.3499999999999996,839.486887060516,520.4531205150782,348.3380967288576,23
3.3499999999999996,3.3090555134296205,3.3499999999999996,483.61924512168923,299.82736972350756,200.67378059592266,23
3.3499999999999996,3.3131499620866585,3.3499999999999996,683.0917359518255,423.49348280953114,283.44323045455434,23
3.3499999999999996,3.3168349658779928,3.3499999999999996,879.4726322141842,545.2429131397331,364.9298488786562,23
3.3499999999999996,3.3201514692901934,3.3499999999999996,712.852835956861,441.94434560003646,295.79235119974106,23
3.3499999999999996,3.321994239430618,3.3499999999999996,500.5203336947146,310.30546583616143,207.6867466313875,23
3.3499999999999996,3.3247948154875564,3.3499999999999996,758.3627034778126,470.1589049107165,314.67629194852367,23
3.3499999999999996,3.3273153339388006,3.3499999999999996,646.5981094850407,400.86868417800633,268.30050388894296,23
3.3499999999999996,3.3295838005449205,3.3499999999999996,946.8105349768241,586.9901067671072,392.87115117604384,23
3.3499999999999996,3.3316254204904285,3.3499999999999996,888.1141746659594,550.60037351751,368.51558499538476,23
3.3499999999999996,3.333462878441386,3.3499999999999996,977.208978507782,605.8361007169186,405.48473231269617,23
3.3499999999999996,3.158290978480695,3.3499999999999996,359.00089014663064,222.56825737771857,148.96443139871022,23
3.3499999999999996,3.1774618806326256,3.3499999999999996,672.3425463170166,416.8293533577493,278.9829436811923,23
3.3499999999999996,3.194715692569363,3.3499999999999996,689.9019848100587,427.7156038746529,286.26908653651583,23
3.3499999999999996,3.210244123312427,3.3499999999999996,534.9131977732169,331.62786373064716,221.95777932864533,23
3.3499999999999996,3.2242197109811843,3.3499999999999996,630.0435887303063,390.60544824396845,261.4313432851909,23
3.3499999999999996,3.236797739883066,3.3499999999999996,1092.6398166048932,677.3992672384006,453.3817978491899,23
3.3499999999999996,3.2481179658947594,3.3499999999999996,1093.841401651531,678.1442088172698,453.8803855634892,23
3.3499999999999996,3.2583061693052837,3.3499999999999996,676.9679589945821,419.6969508137837,280.9022201743969,23
3.3499999999999996,3.2674755523747554,3.3499999999999996,732.9189390947188,454.3846423523104,304.1186136864385,23
3.3499999999999996,3.2757279971372797,3.3499999999999996,838.4778670283005,519.8275626504789,347.9194122645726,23
3.3499999999999996,3.2831551974235516,3.3499999999999996,1099.130389790945,681.4232003345332,456.07500717164316,23
3.3499999999999996,3.2898396776811962,3.3499999999999996,816.9590485911452,506.4866321630113,338.99035765539423,23
3.3499999999999996,3.2958557099130767,3.3499999999999996,806.459808359296,499.9774627811797,334.6337853064592,23
3.3499999999999996,3.301270138921769,3.3499999999999996,1203.308940527164,746.0103340433827,499.3030297206234,23
3.3499999999999996,3.306143125029592,3.3499999999999996,1174.9337784021066,728.4187052749842,487.5289923635603,23
3.3499999999999996,3.310528812526633,3.3499999999999996,901.039317686186,558.6135195495286,373.87876551554626,23
3.3499999999999996,3.3144759312739693,3.3499999999999996,883.2181668585872,547.5650163479235,366.48402730523264,23
3.3499999999999996,3.3180283381465725,3.3499999999999996,1072.2337884251417,664.7482286013852,444.9144862955578,23
3.3499999999999996,3.3212255043319154,3.3499999999999996,911.463463102675,565.0761327175691,378.2041778958624,23
3.3499999999999996,3.324102953898724,3.3499999999999996,1215.9098942718208,753.8224938268867,504.5316905991177,23
3.3499999999999996,3.3266926585088514,3.3499999999999996,582.3940629542678,361.0643740908767,241.6595691518549,23
3.3499999999999996,3.3290233926579664,3.3499999999999996,905.5396059473587,561.403544152469,375.7461226735802,23
3.3499999999999996,3.33112105339217,3.3499999999999996,1323.185055411477,820.3294199378921,549.0446258618879,23
3.3499999999999996,3.333008948052953,3.3499999999999996,1013.146208826751,628.1159527914016,420.39658692766153,23
3.3499999999999996,3.334708053247658,3.3499999999999996,893.2614255167039,553.7914927698001,370.6513938952861,23
3.3499999999999996,3.336237247922892,3.3499999999999996,917.645732082869,568.9089277644007,380.76945895411365,23
3.3499999999999996,3.337613523130603,3.3499999999999996,1151.2965814736106,713.7644526698706,477.7209342306831,23
3.3499999999999996,3.338852170817543,3.3499999999999996,1198.8839787042104,743.2670092524739,497.466928641186,23
3.3499999999999996,3.3399669537357886,3.3499999999999996,829.4499573903016,514.2305678489556,344.173356299658,23
3.3499999999999996,3.34097025836221,3.3499999999999996,1509.5507441199684,935.869764570201,626.3755172681748,23
3.3499999999999996,3.341873232525989,3.3499999999999996,932.2565665804368,577.9671447833882,386.8321031227727,23
3.3499999999999996,3.34268590927339,3.3499999999999996,678.5582390737349,420.68287000137957,281.5620936573259,23
3.3499999999999996,3.343417318346051,3.3499999999999996,1165.695386943367,722.6912189528609,483.69559871897144,23
3.3499999999999996,3.3440755865114458,3.3499999999999996,675.9521237154278,419.0671677294804,280.4807077801179,23
3.3499999999999996,3.344668027860301,3.3499999999999996,1232.038204985935,763.8214941319292,511.22399889386423,23
3.3499999999999996,3.345201225074271,3.3499999999999996,889.420947342103,551.4105278243678,369.05781944106985,23
3.3499999999999996,3.345681102566844,3.3499999999999996,994.0238363826411,616.2607367498066,412.46191763765586,23
3.3499999999999996,3.335785670087958,3.3499999999999996,492.9041114392146,305.5836688664781,204.52645859635408,23
3.3499999999999996,3.305292999713223,3.3499999999999996,475.234641981303,294.6292029195274,197.19465930794667,23
3.3499999999999996,3.06594480840764,3.3499999999999996,297.7526328824225,184.59643541051082,123.54997681672255,23
3.3499999999999996,3.094350327566876,3.3499999999999996,672.8569544927117,417.1482688100161,279.19639307227305,23
