3.3499999999999996,3.3499999999999996,3.3499999999999996,2568.800424108371,1013.5169618626895,683.2837732163265,1
3.3499999999999996,3.3499999999999996,3.3499999999999996,2439.158825927014,962.3670330917928,648.7999730970944,1
3.3499999999999996,3.3499999999999996,3.3499999999999996,1625.0707185741976,641.1695988694894,432.2579683145915,1
3.3499999999999996,3.3499999999999996,3.3499999999999996,1592.0571648899927,628.1441429733118,423.476583308221,1
3.3499999999999996,3.3499999999999996,3.3499999999999996,1546.1650610621436,610.037471388954,411.2695898921357,1
3.3499999999999996,3.3499999999999996,3.3499999999999996,1697.7995813920256,669.8646798072929,451.60336056130393,1
3.3499999999999996,3.3499999999999996,3.3499999999999996,1804.2598030560066,711.8684257610323,479.9210691981128,1
3.3499999999999996,3.3499999999999996,3.3499999999999996,2075.594327072835,818.9231194028897,552.0942421834862,1
3.3499999999999996,3.3499999999999996,3.3499999999999996,1832.5882860979877,723.0453929545242,487.45625667346445,1
3.3499999999999996,3.3499999999999996,3.3499999999999996,2226.051449329733,878.2857868990785,592.1148328210975,1
3.3499999999999996,3.3499999999999996,3.3499999999999996,1958.651137484034,772.7833316987852,520.988134023323,1
3.3499999999999996,3.3499999999999996,3.3499999999999996,2071.5570128778218,817.3302021880635,551.0203435454532,1
3.3499999999999996,3.3499999999999996,3.3499999999999996,1853.13905731633,731.1536737745024,492.9226246983173,1
3.3499999999999996,3.3499999999999996,3.3499999999999996,1497.3602789358504,590.7816062618763,398.28784348268874,1
3.3499999999999996,3.3499999999999996,3.3499999999999996,1511.1201042511782,596.2105279556248,401.9478652080113,1
3.3499999999999996,3.3499999999999996,3.3499999999999996,2060.73578126291,813.0606989261414,548.1419681375037,1
3.3499999999999996,3.3499999999999996,3.3499999999999996,1733.885158788863,684.1021987780388,461.20188337802267,1
3.3499999999999996,3.3499999999999996,3.3499999999999996,1715.0657073252132,676.6770079798937,456.19603485617523,1
3.3499999999999996,3.3499999999999996,3.3499999999999996,2036.9552739575536,803.6781298135393,541.8165118630083,1
3.3499999999999996,3.3499999999999996,3.3499999999999996,1916.4054672907757,756.1153558979845,509.7510676242387,1
3.3499999999999996,3.3499999999999996,3.3499999999999996,1505.5284549147577,594.0043497745316,400.4605237932271,1
3.3499999999999996,3.3499999999999996,3.3499999999999996,1276.8686908100406,503.78692873992844,339.63855220917264,1
3.3499999999999996,3.3499999999999996,3.3499999999999996,1020.8192530046518,402.7629465513383,271.53111017061417,1
3.3499999999999996,3.3499999999999996,3.3499999999999996,997.4432725823814,393.53998300937104,265.31325534792825,1
3.3499999999999996,3.3499999999999996,3.3499999999999996,1189.4613568216344,469.30047554682153,316.3887845690462,1
3.3499999999999996,3.3499999999999996,3.3499999999999996,1313.7827525947343,518.351325179181,349.45744634523265,1
3.3499999999999996,3.3499999999999996,3.3499999999999996,1369.8771129631778,540.4832841919132,364.37817192943606,1
3.3499999999999996,3.3499999999999996,3.3499999999999996,1470.3751227024115,580.134646963511,391.10997197544,1
3.3499999999999996,3.3499999999999996,3.3499999999999996,1628.326427489277,642.4541347086118,433.1239651632028,1
3.3499999999999996,3.3499999999999996,3.3499999999999996,1711.4711105557183,675.2587643659685,455.23989609942294,1
3.3499999999999996,3.3499999999999996,3.3499999999999996,937.9775766977374,370.0778678281287,249.49577701070106,1
3.3499999999999996,3.3499999999999996,3.3499999999999996,1392.1716686047553,549.2795729529498,370.3083749759596,1
3.3499999999999996,3.3499999999999996,3.3499999999999996,1722.8399445189013,679.7443234425502,458.26393007829057,1
3.3499999999999996,3.3499999999999996,3.3499999999999996,1748.4514519126676,689.8493113267157,465.0764201594711,1
3.3499999999999996,3.3499999999999996,3.3499999999999996,1451.1824104290347,572.5621865844728,386.00483856868254,1
3.3499999999999996,3.3499999999999996,3.3499999999999996,1341.900180299929,529.4450207561952,356.93649450920645,1
3.3499999999999996,3.3499999999999996,3.3499999999999996,1264.9773238761984,499.0952049399508,336.4755279465635,1
3.3499999999999996,3.3499999999999996,3.3499999999999996,1179.0693529732082,465.200323557872,313.62458088308017,1
3.3499999999999996,3.3499999999999996,3.3499999999999996,685.2992761525469,270.38396358639335,182.28503499039257,1
3.3499999999999996,3.3499999999999996,3.3499999999999996,996.3133990201756,393.0941928229056,265.0127165191443,1
3.3499999999999996,3.3499999999999996,3.3499999999999996,1191.0281721440783,469.9186605527487,316.80554699068284,1
3.3499999999999996,3.3499999999999996,3.3499999999999996,1622.5520405778473,640.1758576481731,431.5880167727308,1
3.3499999999999996,3.3499999999999996,3.3499999999999996,1649.3062542820364,650.7316988633997,438.7044591080984,1
3.3499999999999996,3.3499999999999996,3.3499999999999996,1592.454700926573,628.3009903142902,423.58232524150424,1
3.3499999999999996,3.3499999999999996,3.3499999999999996,1465.2608909097999,578.1168332711497,389.74962044187475,1
3.3499999999999996,3.3499999999999996,3.3499999999999996,1403.5450357130335,553.7669205762018,373.3336147411766,1
3.3499999999999996,3.3499999999999996,3.3499999999999996,1520.7976430261444,600.0287886525088,404.5220259515038,1
3.3499999999999996,3.3499999999999996,3.3499999999999996,1564.2063800841997,617.155651015375,416.06846037638843,1
3.3499999999999996,3.3499999999999996,3.3499999999999996,1498.0870112080088,591.0683375616895,398.48114941816675,1
3.3499999999999996,3.3499999999999996,3.3499999999999996,1205.910492140852,475.7904611048816,320.7641448117409,1
3.3499999999999996,3.3499999999999996,3.3499999999999996,1428.5098032808621,563.6167380791464,379.97407634384683,1
3.3499999999999996,3.3499999999999996,3.3499999999999996,1579.131180759651,623.0442122656093,420.03835777453435,1
3.3499999999999996,3.3499999999999996,3.3499999999999996,1619.9990800107637,639.1685902818871,430.90894629579634,1
3.3499999999999996,3.3499999999999996,3.3499999999999996,1545.4435038059933,609.7527818851686,411.077660476387,1
3.3499999999999996,3.3499999999999996,3.3499999999999996,1855.04329595534,731.904988723674,493.4291394707985,1
3.3499999999999996,3.3499999999999996,3.3499999999999996,2363.1057653853463,932.3603941419004,628.5703664356124,1
3.3499999999999996,3.3499999999999996,3.3499999999999996,1865.3498032392156,735.9714081510978,496.1706016410458,1
3.3499999999999996,3.3499999999999996,3.3499999999999996,1524.5520096865246,601.5100692750265,405.52066243321184,1
3.3499999999999996,3.3499999999999996,3.3499999999999996,2007.5025558271525,792.0575970862903,533.9822853552782,1
3.3499999999999996,3.3499999999999996,3.3499999999999996,2115.6860919305664,834.7412745748412,562.7583841346466,1
3.3499999999999996,3.3499999999999996,3.3499999999999996,2937.444229149671,1022.4319265027549,683.1879115849431,2
3.3499999999999996,3.3499999999999996,3.3499999999999996,2789.198004623393,970.8320794537304,648.708949387326,2
3.3499999999999996,3.3499999999999996,3.3499999999999996,1858.2816163668235,646.8093705924028,432.1973244713663,2
3.3499999999999996,3.3499999999999996,3.3499999999999996,1820.5303485597692,633.6693418936923,423.4171714537033,2
3.3499999999999996,3.3499999999999996,3.3499999999999996,1768.0523536608684,615.403402785457,411.2118906237336,2
3.3499999999999996,3.3499999999999996,3.3499999999999996,1941.4476639787163,675.7568554282469,451.5400026468055,2
3.3499999999999996,3.3499999999999996,3.3499999999999996,2063.185795452827,718.130069209382,479.85373843682135,2
3.3499999999999996,3.3499999999999996,3.3499999999999996,2373.4590359358644,826.1264232716196,552.0167858515671,2
3.3499999999999996,3.3499999999999996,3.3499999999999996,2095.5796467817463,729.4053497721242,487.38786875935835,2
3.3499999999999996,3.3499999999999996,3.3499999999999996,2545.507981957584,886.0112488584791,592.0317617808277,2
3.3499999999999996,3.3499999999999996,3.3499999999999996,2239.7335451690165,779.5807868334925,520.9150417380725,2
3.3499999999999996,3.3499999999999996,3.3499999999999996,2368.842334236462,824.5194946478292,550.9430378766693,2
3.3499999999999996,3.3499999999999996,3.3499999999999996,2119.0796212263735,737.584951585753,492.85346987743367,2
3.3499999999999996,3.3499999999999996,3.3499999999999996,1712.243687379778,595.9781617493602,398.23196549475296,2
3.3499999999999996,3.3499999999999996,3.3499999999999996,1727.9781598157388,601.4548366103023,401.89147373553635,2
3.3499999999999996,3.3499999999999996,3.3499999999999996,2356.468167656142,820.2124365426802,548.0650662918061,2
3.3499999999999996,3.3499999999999996,3.3499999999999996,1982.7118159482748,690.1196085913768,461.13717883406775,2
3.3499999999999996,3.3499999999999996,3.3499999999999996,1961.191619759095,682.6291053062168,456.13203261018856,2
3.3499999999999996,3.3499999999999996,3.3499999999999996,2329.2749636630306,810.7473377092946,541.7404974502947,2
3.3499999999999996,3.3499999999999996,3.3499999999999996,2191.425276861711,762.7661983755021,509.6795518487184,2
3.3499999999999996,3.3499999999999996,3.3499999999999996,1721.5840632091883,599.2292527347669,400.4043409880437,2
3.3499999999999996,3.3499999999999996,3.3499999999999996,1460.1097586254584,508.2182730832825,339.5909024522608,2
3.3499999999999996,3.3499999999999996,3.3499999999999996,1167.3151388489841,406.30567702546335,271.4930155806171,2
3.3499999999999996,3.3499999999999996,3.3499999999999996,1140.5845146449074,397.00158766424795,265.2760330949167,2
3.3499999999999996,3.3499999999999996,3.3499999999999996,1360.1587595521378,473.4284746849676,316.3443966496647,2
3.3499999999999996,3.3499999999999996,3.3499999999999996,1502.3212892474064,522.910778951529,349.40841904176233,2
3.3499999999999996,3.3499999999999996,3.3499999999999996,1566.4656476824603,545.237412192161,364.3270513154673,2
3.3499999999999996,3.3499999999999996,3.3499999999999996,1681.3859412089635,585.2375510675049,391.05510101050027,2
3.3499999999999996,3.3499999999999996,3.3499999999999996,1862.0045460559645,648.1052052967793,433.06319982452595,2
3.3499999999999996,3.3499999999999996,3.3499999999999996,1957.081169045378,681.1983867242892,455.17602799539117,2
3.3499999999999996,3.3499999999999996,3.3499999999999996,1072.5850065595928,373.3330981103087,249.46077387855445,2
3.3499999999999996,3.3499999999999996,3.3499999999999996,1591.9596538326423,554.1110737118382,370.25642238125204,2
3.3499999999999996,3.3499999999999996,3.3499999999999996,1970.0815233757087,685.7234010858475,458.1996377159318,2
3.3499999999999996,3.3499999999999996,3.3499999999999996,1999.3684908985965,695.9172731358092,465.0111720354821,2
3.3499999999999996,3.3499999999999996,3.3499999999999996,1659.4389182405562,577.5984828081274,385.950683830933,2
3.3499999999999996,3.3499999999999996,3.3499999999999996,1534.4737970779145,534.1020554349493,356.8864179290136,2
3.3499999999999996,3.3499999999999996,3.3499999999999996,1446.5118835828148,503.48528055929563,336.4283219476886,2
3.3499999999999996,3.3499999999999996,3.3499999999999996,1348.2754184224134,469.2922574781918,313.5805807690078,2
3.3499999999999996,3.3499999999999996,3.3499999999999996,783.6453097260237,272.76227945609855,182.2594612221927,2
3.3499999999999996,3.3499999999999996,3.3499999999999996,1139.2924950143351,396.551876276758,264.97553643037486,2
3.3499999999999996,3.3499999999999996,3.3499999999999996,1361.9504256480564,474.0520972885634,316.76110060141343,2
3.3499999999999996,3.3499999999999996,3.3499999999999996,1855.4014875424782,645.8068883552152,431.52746692068536,2
3.3499999999999996,3.3499999999999996,3.3499999999999996,1885.9951490481537,656.4555794730296,438.64291085129213,2
3.3499999999999996,3.3499999999999996,3.3499999999999996,1820.9849342588263,633.8275688746288,423.52289855187024,2
3.3499999999999996,3.3499999999999996,3.3499999999999996,1675.5377754562833,583.2019885476502,389.6949403281194,2
3.3499999999999996,3.3499999999999996,3.3499999999999996,1604.9651918513491,558.6378923522454,373.2812377189755,2
3.3499999999999996,3.3499999999999996,3.3499999999999996,1739.044504308719,605.3066829898934,404.4652733358873,2
3.3499999999999996,3.3499999999999996,3.3499999999999996,1788.6827490587443,622.5841944075911,416.0100878481032,2
3.3499999999999996,3.3499999999999996,3.3499999999999996,1713.0747116582522,596.2674151573328,398.42524431028005,2
3.3499999999999996,3.3499999999999996,3.3499999999999996,1378.9684799042782,479.9755466006732,320.7191430490527,2
3.3499999999999996,3.3499999999999996,3.3499999999999996,1633.5126071102184,568.5743495248296,379.9207676948351,2
3.3499999999999996,3.3499999999999996,3.3499999999999996,1805.7493803173913,628.5245518460509,419.9794282875508,2
3.3499999999999996,3.3499999999999996,3.3499999999999996,1852.4821563189832,644.7907609961603,430.8484917142756,2
3.3499999999999996,3.3499999999999996,3.3499999999999996,1767.227247055393,615.1162091332903,411.01998813481634,2
3.3499999999999996,3.3499999999999996,3.3499999999999996,2121.2571336358965,738.3428751526955,493.3599135881771,2
3.3499999999999996,3.3499999999999996,3.3499999999999996,2702.230709811133,940.561500051659,628.4821808484115,2
3.3499999999999996,3.3499999999999996,3.3499999999999996,2133.042708746979,742.4450630840236,496.1009911436472,2
3.3499999999999996,3.3499999999999996,3.3499999999999996,1743.337653195314,606.8009930582604,405.4637697134016,2
3.3499999999999996,3.3499999999999996,3.3499999999999996,2295.595540344285,799.0245899799683,533.9073700492071,2
3.3499999999999996,3.3499999999999996,3.3499999999999996,2419.304295930574,842.0837160202822,562.6794316717131,2
3.3499999999999996,3.3499999999999996,3.3499999999999996,2606.910339420982,1016.6754182166364,683.4086594857963,3
3.3499999999999996,3.3499999999999996,3.3499999999999996,2475.3454192558243,965.3660892347817,648.9185566365375,3
3.3499999999999996,3.3499999999999996,3.3499999999999996,1649.1797567387184,643.1676968488118,432.336973681362,3
3.3499999999999996,3.3499999999999996,3.3499999999999996,1615.676424353426,630.1016492945896,423.5539836691986,3
3.3499999999999996,3.3499999999999996,3.3499999999999996,1569.1034797043192,611.9385512920602,411.3447591363666,3
3.3499999999999996,3.3499999999999996,3.3499999999999996,1722.98760209515,671.952201214269,451.68590175603333,3
3.3499999999999996,3.3499999999999996,3.3499999999999996,1831.027234130485,714.086844827633,480.0087861238196,3
3.3499999999999996,3.3499999999999996,3.3499999999999996,2106.387191822356,821.4751565440527,552.1951504634787,3
3.3499999999999996,3.3499999999999996,3.3499999999999996,1859.7759896387633,725.2986431728259,487.54535083289255,3
3.3499999999999996,3.3499999999999996,3.3499999999999996,2259.076448632634,881.0228178799065,592.2230558105308,3
3.3499999999999996,3.3499999999999996,3.3499999999999996,1987.7090698465197,775.1915818969295,521.0833569263782,3
3.3499999999999996,3.3499999999999996,3.3499999999999996,2102.2899813035106,819.8772752687441,551.1210555450715,3
3.3499999999999996,3.3499999999999996,3.3499999999999996,1880.6316456365494,733.4321920958936,493.0127179657835,3
3.3499999999999996,3.3499999999999996,3.3499999999999996,1519.574645177447,592.6226784770502,398.36064000574027,3
3.3499999999999996,3.3499999999999996,3.3499999999999996,1533.538606934268,598.0685184986253,402.0213306865941,3
3.3499999999999996,3.3499999999999996,3.3499999999999996,2091.3082092991817,815.5944668129149,548.2421540459413,3
3.3499999999999996,3.3499999999999996,3.3499999999999996,1759.6085337708537,686.2340890352167,461.2861789298054,3
3.3499999999999996,3.3499999999999996,3.3499999999999996,1740.5098828432135,678.7857588699588,456.27941547075034,3
3.3499999999999996,3.3499999999999996,3.3499999999999996,2067.17490186541,806.1826584905657,541.9155416447124,3
3.3499999999999996,3.3499999999999996,3.3499999999999996,1944.8366561747569,758.4716631331037,509.84423668764845,3
3.3499999999999996,3.3499999999999996,3.3499999999999996,1527.8640016466304,595.8554651316635,400.53371742499,3
3.3499999999999996,3.3499999999999996,3.3499999999999996,1295.8119131855137,505.35689657074767,339.7006291871663,3
3.3499999999999996,3.3499999999999996,3.3499999999999996,1035.9638064376004,404.01809001270817,271.58073890280923,3
3.3499999999999996,3.3499999999999996,3.3499999999999996,1012.2410273205456,394.7663846451008,265.3617476200999,3
3.3499999999999996,3.3499999999999996,3.3499999999999996,1207.107831475978,470.76297210551445,316.44661210213815,3
3.3499999999999996,3.3499999999999996,3.3499999999999996,1333.2736203829288,519.9666805192439,349.52131795835027,3
3.3499999999999996,3.3499999999999996,3.3499999999999996,1390.2001790424863,542.1676100861941,364.44477065803494,3
3.3499999999999996,3.3499999999999996,3.3499999999999996,1492.1891456518233,581.9425397080777,391.1814565727141,3
3.3499999999999996,3.3499999999999996,3.3499999999999996,1652.4837663274786,644.4562357293593,433.2031288113786,3
3.3499999999999996,3.3499999999999996,3.3499999999999996,1736.8619577663953,677.363095536658,455.3231019570271,3
3.3499999999999996,3.3499999999999996,3.3499999999999996,951.8931170712119,371.2311537000777,249.54137826461735,3
3.3499999999999996,3.3499999999999996,3.3499999999999996,1412.8254897008644,550.9913110121711,370.37605758941686,3
3.3499999999999996,3.3499999999999996,3.3499999999999996,1748.3994561752372,681.862633109012,458.34768864962405,3
3.3499999999999996,3.3499999999999996,3.3499999999999996,1774.3909278389576,691.9991115003818,465.16142387448485,3
3.3499999999999996,3.3499999999999996,3.3499999999999996,1472.7116963344577,574.3464810208717,386.0753900820884,3
3.3499999999999996,3.3499999999999996,3.3499999999999996,1361.8081894038119,531.0949477458726,357.00173309525826,3
3.3499999999999996,3.3499999999999996,3.3499999999999996,1283.744129671175,500.6505517970669,336.5370268070665,3
3.3499999999999996,3.3499999999999996,3.3499999999999996,1196.5616551263038,466.65004267761833,313.68190319257417,3
3.3499999999999996,3.3499999999999996,3.3499999999999996,695.4661607158083,271.2265700546909,182.3183518916457,3
3.3499999999999996,3.3499999999999996,3.3499999999999996,1011.0943913094685,394.3192052279664,265.061153860737,3
3.3499999999999996,3.3499999999999996,3.3499999999999996,1208.6978915778482,471.3830835817757,316.86345069696387,3
3.3499999999999996,3.3499999999999996,3.3499999999999996,1646.6237124276324,642.1708587989344,431.66689969001254,3
3.3499999999999996,3.3499999999999996,3.3499999999999996,1673.7748432332644,652.7595955304793,438.7846427235233,3
3.3499999999999996,3.3499999999999996,3.3499999999999996,1616.0798581096365,630.2589854241128,423.659744929321,3
3.3499999999999996,3.3499999999999996,3.3499999999999996,1486.9990407245466,579.9184378363198,389.82085640273334,3
3.3499999999999996,3.3499999999999996,3.3499999999999996,1424.3675885071164,555.4926427049021,373.4018502887488,3
3.3499999999999996,3.3499999999999996,3.3499999999999996,1543.3597186313218,601.8986781673202,404.59596191884214,3
3.3499999999999996,3.3499999999999996,3.3499999999999996,1587.4124540621522,619.0789135365482,416.14450672769544,3
3.3499999999999996,3.3499999999999996,3.3499999999999996,1520.3121590210687,592.9103033270751,398.5539812724497,3
3.3499999999999996,3.3499999999999996,3.3499999999999996,1223.8010009942318,477.2731826197364,320.82277204539616,3
3.3499999999999996,3.3499999999999996,3.3499999999999996,1449.702725516214,565.3731555191715,380.04352559282637,3
3.3499999999999996,3.3499999999999996,3.3499999999999996,1602.5586743872036,624.9858255045269,420.11512971848043,3
3.3499999999999996,3.3499999999999996,3.3499999999999996,1644.032876940374,641.1604524521157,430.98770509688796,3
3.3499999999999996,3.3499999999999996,3.3499999999999996,1568.371217651616,611.6529746009793,411.152794640978,3
3.3499999999999996,3.3499999999999996,3.3499999999999996,1882.5641349612051,734.1858483926343,493.51932531581883,3
3.3499999999999996,3.3499999999999996,3.3499999999999996,2398.1640594234427,935.2659396057219,628.6852525360006,3
3.3499999999999996,3.3499999999999996,3.3499999999999996,1893.023546346182,738.2649401371102,496.2612885531142,3
3.3499999999999996,3.3499999999999996,3.3499999999999996,1547.169783894885,603.3845749535237,405.5947809249854,3
3.3499999999999996,3.3499999999999996,3.3499999999999996,2037.2852324704645,794.5259123137054,534.0798832468059,3
3.3499999999999996,3.3499999999999996,3.3499999999999996,2147.0737454963464,837.3426063549599,562.8612415387914,3
3.3499999999999996,3.3499999999999996,3.3499999999999996,2572.6229168303626,1013.8595671165137,683.2979339676306,4
3.3499999999999996,3.3499999999999996,3.3499999999999996,2442.7884060113147,962.6923478265737,648.8134191870282,4
3.3499999999999996,3.3499999999999996,3.3499999999999996,1627.4888982568903,641.3863372975876,432.2669266681018,4
3.3499999999999996,3.3499999999999996,3.3499999999999996,1594.4262188922703,628.3564783279625,423.48535967144556,4
3.3499999999999996,3.3499999999999996,3.3499999999999996,1548.4658255113548,610.2436860361597,411.2781132708687,4
3.3499999999999996,3.3499999999999996,3.3499999999999996,1700.3259849547017,670.0911182067365,451.61271983943647,4
3.3499999999999996,3.3499999999999996,3.3499999999999996,1806.9446243060486,712.1090629401567,479.9310153481206,4
3.3499999999999996,3.3499999999999996,3.3499999999999996,2078.6829065259453,819.1999449260362,552.1056840902991,4
3.3499999999999996,3.3499999999999996,3.3499999999999996,1835.3152614286803,723.2898083513069,487.4663589868705,4
3.3499999999999996,3.3499999999999996,3.3499999999999996,2229.3639158740325,878.5826791428925,592.1271041367934,4
3.3499999999999996,3.3499999999999996,3.3499999999999996,1961.5657001132236,773.0445603111027,520.9989312699245,4
3.3499999999999996,3.3499999999999996,3.3499999999999996,2074.639584622438,817.606489247793,551.031763196196,4
3.3499999999999996,3.3499999999999996,3.3499999999999996,1855.8966131361396,731.4008300623731,492.93284029976127,4
3.3499999999999996,3.3499999999999996,3.3499999999999996,1499.5884196332413,590.9813117328098,398.29609782052023,4
3.3499999999999996,3.3499999999999996,3.3499999999999996,1513.368720199052,596.4120685977148,401.95619539816,4
3.3499999999999996,3.3499999999999996,3.3499999999999996,2063.8022505191034,813.3355427399225,548.1533281352002,4
3.3499999999999996,3.3499999999999996,3.3499999999999996,1736.4652593439848,684.3334499719244,461.2114415812574,4
3.3499999999999996,3.3499999999999996,3.3499999999999996,1717.6178036743343,676.905749191733,456.20548931543294,4
3.3499999999999996,3.3499999999999996,3.3499999999999996,2039.9863567293603,803.9498019808719,541.8277407684463,4
3.3499999999999996,3.3499999999999996,3.3499999999999996,1919.2571664272107,756.3709501338736,509.76163198765306,4
3.3499999999999996,3.3499999999999996,3.3499999999999996,1507.7687502322344,594.2051446488998,400.4688231588884,4
3.3499999999999996,3.3499999999999996,3.3499999999999996,1278.7687299223644,503.95722687512404,339.64559106661295,4
3.3499999999999996,3.3499999999999996,3.3499999999999996,1022.3382788224841,402.8990949402913,271.53673753170943,4
3.3499999999999996,3.3499999999999996,3.3499999999999996,998.9275138703626,393.67301370431,265.31875384675686,4
3.3499999999999996,3.3499999999999996,3.3499999999999996,1191.2313298163713,469.45911601816493,316.3953415854269,4
3.3499999999999996,3.3499999999999996,3.3499999999999996,1315.7377215222307,518.5265466051815,349.46468869487256,4
3.3499999999999996,3.3499999999999996,3.3499999999999996,1371.9155528688943,540.6659870175553,364.3857235044558,4
3.3499999999999996,3.3499999999999996,3.3499999999999996,1472.5631082509883,580.3307533785531,391.1180775550873,4
3.3499999999999996,3.3499999999999996,3.3499999999999996,1630.7494518159972,642.6713073561103,433.1329414641114,4
3.3499999999999996,3.3499999999999996,3.3499999999999996,1714.017857980158,675.4870261603617,455.24933074313157,4
3.3499999999999996,3.3499999999999996,3.3499999999999996,939.3733303057907,370.2029674827107,249.50094769934918,4
3.3499999999999996,3.3499999999999996,3.3499999999999996,1394.2432838307031,549.4652492411553,370.31604945179146,4
3.3499999999999996,3.3499999999999996,3.3499999999999996,1725.4036092891472,679.9741015175425,458.27342739375416,4
3.3499999999999996,3.3499999999999996,3.3499999999999996,1751.0532277793197,690.0825052517322,465.0860586607518,4
3.3499999999999996,3.3499999999999996,3.3499999999999996,1453.3418363424246,572.7557332350432,386.0128383467181,4
3.3499999999999996,3.3499999999999996,3.3499999999999996,1343.896989248065,529.6239922510468,356.94389185878225,4
3.3499999999999996,3.3499999999999996,3.3499999999999996,1266.8596680897156,499.263917103442,336.4825012517374,4
3.3499999999999996,3.3499999999999996,3.3499999999999996,1180.8238621901037,465.3575780300998,313.631080612573,4
3.3499999999999996,3.3499999999999996,3.3499999999999996,686.319032872802,270.4753631090065,182.2888127664032,4
3.3499999999999996,3.3499999999999996,3.3499999999999996,997.7959590045306,393.22707282469804,265.0182087894397,4
3.3499999999999996,3.3499999999999996,3.3499999999999996,1192.8004766317995,470.07750999289965,316.8121126442786,4
3.3499999999999996,3.3499999999999996,3.3499999999999996,1624.966472352287,640.3922601559304,431.59696124179465,4
3.3499999999999996,3.3499999999999996,3.3499999999999996,1651.760497552226,650.9516696258532,438.7135510622538,4
3.3499999999999996,3.3499999999999996,3.3499999999999996,1594.8243464806862,628.513378688994,423.5911037961831,4
3.3499999999999996,3.3499999999999996,3.3499999999999996,1467.441266247158,578.3122575924546,389.7576978288437,4
3.3499999999999996,3.3499999999999996,3.3499999999999996,1405.6335750303151,553.9541137495995,373.3413519137526,4
3.3499999999999996,3.3499999999999996,3.3499999999999996,1523.0606595950967,600.2316200043003,404.5304094899851,4
3.3499999999999996,3.3499999999999996,3.3499999999999996,1566.5339908426881,617.3642718637884,416.077083209571,4
3.3499999999999996,3.3499999999999996,3.3499999999999996,1500.3162333163164,591.2681399581344,398.48940776217745,4
3.3499999999999996,3.3499999999999996,3.3499999999999996,1207.7049422025696,475.95129542520164,320.7707925055102,4
3.3499999999999996,3.3499999999999996,3.3499999999999996,1430.6354913160585,563.8072608457849,379.98195113702633,4
3.3499999999999996,3.3499999999999996,3.3499999999999996,1581.481000305332,623.2548236599115,420.0470628820691,4
3.3499999999999996,3.3499999999999996,3.3499999999999996,1622.4097128629141,639.3846522969791,430.9178766914274,4
3.3499999999999996,3.3499999999999996,3.3499999999999996,1547.743194544949,609.9589002970636,411.08617987746845,4
3.3499999999999996,3.3499999999999996,3.3499999999999996,1857.8036853694882,732.1523989830702,493.4393655695353,4
3.3499999999999996,3.3499999999999996,3.3499999999999996,2366.622175031151,932.6755655514679,628.5833932759751,4
3.3499999999999996,3.3499999999999996,3.3499999999999996,1868.1255292084,736.2201930067885,496.1808845553625,4
3.3499999999999996,3.3499999999999996,3.3499999999999996,1526.8206129250757,601.7134013530441,405.52906666798884,4
3.3499999999999996,3.3499999999999996,3.3499999999999996,2010.4898116049897,792.3253410948311,533.993351899868,4
3.3499999999999996,3.3499999999999996,3.3499999999999996,2118.83432976661,835.0234472044219,562.7700470510429,4
3.3499999999999996,3.3499999999999996,3.3499999999999996,2569.182787421316,1013.5514937213853,683.285206409602,5
3.3499999999999996,3.3499999999999996,3.3499999999999996,2439.5218922208087,962.3998222050002,648.8013339603184,5
3.3499999999999996,3.3499999999999996,3.3499999999999996,1625.3126086867544,641.1914443627778,432.25887497919797,5
3.3499999999999996,3.3499999999999996,3.3499999999999996,1592.294140968886,628.1655446721503,423.47747155380114,5
3.3499999999999996,3.3499999999999996,3.3499999999999996,1546.395206148371,610.0582561696276,411.27045253344767,5
3.3499999999999996,3.3499999999999996,3.3499999999999996,1698.052297121346,669.8875029798087,451.60430780302823,5
3.3499999999999996,3.3499999999999996,3.3499999999999996,1804.5283652803175,711.8926800565334,479.9220758364613,5
3.3499999999999996,3.3499999999999996,3.3499999999999996,2075.903277163228,818.9510211929002,552.0954002056527,5
3.3499999999999996,3.3499999999999996,3.3499999999999996,1832.8610649879943,723.0700280640287,487.4572791169302,5
3.3499999999999996,3.3499999999999996,3.3499999999999996,2226.3827948087214,878.31571125341,592.1160747867785,5
3.3499999999999996,3.3499999999999996,3.3499999999999996,1958.942680700394,772.8096614454166,520.9892268001745,5
3.3499999999999996,3.3499999999999996,3.3499999999999996,2071.8653620181303,817.358049705285,551.0214993151087,5
3.3499999999999996,3.3499999999999996,3.3499999999999996,1853.4148951675904,731.178585143821,492.9236586075344,5
3.3499999999999996,3.3499999999999996,3.3499999999999996,1497.5831594802291,590.8017349698457,398.2886788946821,5
3.3499999999999996,3.3499999999999996,3.3499999999999996,1511.3450329314664,596.2308416341117,401.94870829693,5
3.3499999999999996,3.3499999999999996,3.3499999999999996,2061.042519673973,813.0884009757598,548.1431178697429,5
3.3499999999999996,3.3499999999999996,3.3499999999999996,1734.1432458194313,684.1255070415909,461.2028507527267,5
3.3499999999999996,3.3499999999999996,3.3499999999999996,1715.3209930997002,676.7000632574093,456.19699173107114,5
3.3499999999999996,3.3499999999999996,3.3499999999999996,2037.2584726644525,803.7055121866617,541.8176483275515,5
3.3499999999999996,3.3499999999999996,3.3499999999999996,1916.6907222823827,756.1411177447123,509.7521368312517,5
3.3499999999999996,3.3499999999999996,3.3499999999999996,1505.7525512837676,594.0245882856203,400.4613637624349,5
3.3499999999999996,3.3499999999999996,3.3499999999999996,1277.0587514072872,503.8040934245768,339.63926460380014,5
3.3499999999999996,3.3499999999999996,3.3499999999999996,1020.9712009052491,402.7766692157648,271.5316797093277,5
3.3499999999999996,3.3499999999999996,3.3499999999999996,997.5917409922274,393.5533914352739,265.3138118446407,5
3.3499999999999996,3.3499999999999996,3.3499999999999996,1189.6384069267128,469.3164652325566,316.3894481970968,5
3.3499999999999996,3.3499999999999996,3.3499999999999996,1313.9783078122814,518.3689860920117,349.45817933507055,5
3.3499999999999996,3.3499999999999996,3.3499999999999996,1370.081017768831,540.5016991697573,364.3789362156173,5
3.3499999999999996,3.3499999999999996,3.3499999999999996,1470.5939865339149,580.1544129155446,391.11079233178924,5
3.3499999999999996,3.3499999999999996,3.3499999999999996,1628.5688022107722,642.4760239677296,433.1248736442448,5
3.3499999999999996,3.3499999999999996,3.3499999999999996,1711.7258612781566,675.2817713220549,455.2408509688099,5
3.3499999999999996,3.3499999999999996,3.3499999999999996,938.1171936996376,370.09047686884446,249.496300330124,5
3.3499999999999996,3.3499999999999996,3.3499999999999996,1392.3788919321885,549.2982876319454,370.30915170079004,5
3.3499999999999996,3.3499999999999996,3.3499999999999996,1723.0963874806346,679.7674832275463,458.26489129061366,5
3.3499999999999996,3.3499999999999996,3.3499999999999996,1748.7117071210528,689.872815401967,465.0773956610475,5
3.3499999999999996,3.3499999999999996,3.3499999999999996,1451.3984174449677,572.5816945328008,386.0056482169731,5
3.3499999999999996,3.3499999999999996,3.3499999999999996,1342.0999207678008,529.4630596458554,356.9372431864087,5
3.3499999999999996,3.3499999999999996,3.3499999999999996,1265.1656144556525,499.11220977138555,336.4762337067218,5
3.3499999999999996,3.3499999999999996,3.3499999999999996,1179.2448562391542,465.2161735460249,313.62523871319115,5
3.3499999999999996,3.3499999999999996,3.3499999999999996,685.4012822481271,270.3931759243961,182.28541733473702,5
3.3499999999999996,3.3499999999999996,3.3499999999999996,996.4616992494987,393.1075860601493,265.01327238547407,5
3.3499999999999996,3.3499999999999996,3.3499999999999996,1191.2054554680133,469.93467130086174,316.806211492896,5
3.3499999999999996,3.3499999999999996,3.3499999999999996,1622.7935557877634,640.1976692833883,431.58892203210866,5
3.3499999999999996,3.3499999999999996,3.3499999999999996,1649.5517518292688,650.7538701500379,438.7053792942717,5
3.3499999999999996,3.3499999999999996,3.3499999999999996,1592.6917361782985,628.3223973571246,423.58321370887893,5
3.3499999999999996,3.3499999999999996,3.3499999999999996,1465.4789934931373,578.1365304736115,389.7504379448757,5
3.3499999999999996,3.3499999999999996,3.3499999999999996,1403.7539519545155,553.785788145045,373.33439781147206,5
3.3499999999999996,3.3499999999999996,3.3499999999999996,1521.0240121981708,600.0492324241701,404.52287443974564,5
3.3499999999999996,3.3499999999999996,3.3499999999999996,1564.439210602291,617.1766783218102,416.0693330833704,5
3.3499999999999996,3.3499999999999996,3.3499999999999996,1498.3099999257422,591.0884760389724,398.4819852356208,5
3.3499999999999996,3.3499999999999996,3.3499999999999996,1206.0899906828806,475.8066719129785,320.76481761714535,5
3.3499999999999996,3.3499999999999996,3.3499999999999996,1428.7224355024355,563.6359412442538,379.9748733425644,5
3.3499999999999996,3.3499999999999996,3.3499999999999996,1579.3662328190414,623.0654402030871,420.03923880840847,5
3.3499999999999996,3.3499999999999996,3.3499999999999996,1620.2402152151133,639.1903675981758,430.9098501308182,5
3.3499999999999996,3.3499999999999996,3.3499999999999996,1545.6735414891618,609.7735569660955,411.0785227151255,5
3.3499999999999996,3.3499999999999996,3.3499999999999996,1855.319417250572,731.9299256912831,493.43017444243446,5
3.3499999999999996,3.3499999999999996,3.3499999999999996,2363.45751125895,932.3921608893704,628.571684867072,5
3.3499999999999996,3.3499999999999996,3.3499999999999996,1865.627458647504,735.9964836669765,496.1716423629209,5
3.3499999999999996,3.3499999999999996,3.3499999999999996,1524.7789376921842,601.5305635158709,405.5215130161017,5
3.3499999999999996,3.3499999999999996,3.3499999999999996,2007.8013705271142,792.0845835325468,533.9834053874679,5
3.3499999999999996,3.3499999999999996,3.3499999999999996,2116.0010096391084,834.7697153102467,562.7595645249376,5
3.3499999999999996,3.3499999999999996,3.3499999999999996,2568.8386615791,1013.5204177655895,683.2839167072419,6
3.3499999999999996,3.3499999999999996,3.3499999999999996,2439.195133638323,962.3703145830215,648.8001093463448,6
3.3499999999999996,3.3499999999999996,3.3499999999999996,1625.0949083062806,641.1717851376621,432.2580590896016,6
3.3499999999999996,3.3499999999999996,3.3499999999999996,1592.0808632040657,628.1462848271208,423.47667223912333,6
3.3499999999999996,3.3499999999999996,3.3499999999999996,1546.1880762565938,610.0395515024065,411.2696762595457,6
3.3499999999999996,3.3499999999999996,3.3499999999999996,1697.8248537180452,669.8669639203138,451.60345539888397,6
3.3499999999999996,3.3499999999999996,3.3499999999999996,1804.2866600787474,711.8708530989553,479.92116998246627,6
3.3499999999999996,3.3499999999999996,3.3499999999999996,2075.625223002539,818.9259117772552,552.094358124346,6
3.3499999999999996,3.3499999999999996,3.3499999999999996,1832.6155647998637,723.0478584038108,487.4563590402221,6
3.3499999999999996,3.3499999999999996,3.3499999999999996,2226.0845848650342,878.2887816890154,592.1149571663587,6
3.3499999999999996,3.3499999999999996,3.3499999999999996,1958.6802926744626,772.7859667451215,520.9882434318398,6
3.3499999999999996,3.3499999999999996,3.3499999999999996,2071.587848710726,817.3329891308799,551.0204592607922,6
3.3499999999999996,3.3499999999999996,3.3499999999999996,1853.1666419234468,731.1561668715068,492.9227282130228,6
3.3499999999999996,3.3499999999999996,3.3499999999999996,1497.3825676544675,590.7836207164371,398.28792712390697,6
3.3499999999999996,3.3499999999999996,3.3499999999999996,1511.1425977894896,596.2125609217912,401.9479496178413,6
3.3499999999999996,3.3499999999999996,3.3499999999999996,2060.7664560180906,813.0634713107518,548.1420832483781,6
3.3499999999999996,3.3499999999999996,3.3499999999999996,1733.9109682610137,684.1045314383315,461.20198023131115,6
3.3499999999999996,3.3499999999999996,3.3499999999999996,1715.0912366634082,676.6793153216773,456.19613065822557,6
3.3499999999999996,3.3499999999999996,3.3499999999999996,2036.9855947317692,803.6808702053473,541.8166256455248,6
3.3499999999999996,3.3499999999999996,3.3499999999999996,1916.4339936399901,756.1179341096471,509.7511746729496,6
3.3499999999999996,3.3499999999999996,3.3499999999999996,1505.550865219461,594.006375218044,400.4606078907123,6
3.3499999999999996,3.3499999999999996,3.3499999999999996,1276.8876974361417,503.7886465589426,339.63862353392614,6
3.3499999999999996,3.3499999999999996,3.3499999999999996,1020.834448247513,402.7643198975055,271.531167192673,6
3.3499999999999996,3.3499999999999996,3.3499999999999996,997.4581198657986,393.5413249069611,265.31331106422556,6
3.3499999999999996,3.3499999999999996,3.3499999999999996,1189.4790623597478,469.302075773493,316.3888510113035,6
3.3499999999999996,3.3499999999999996,3.3499999999999996,1313.8023086992393,518.3530926600574,349.45751973197287,6
3.3499999999999996,3.3499999999999996,3.3499999999999996,1369.8975040513749,540.4851271386224,364.37824844955765,6
3.3499999999999996,3.3499999999999996,3.3499999999999996,1470.3970097377714,580.1366251139361,391.1100541092913,6
3.3499999999999996,3.3499999999999996,3.3499999999999996,1628.3506656836978,642.4563253568111,433.124056120074,6
3.3499999999999996,3.3499999999999996,3.3499999999999996,1711.496586387114,675.2610668718072,455.2399917006823,6
3.3499999999999996,3.3499999999999996,3.3499999999999996,937.9915388139831,370.07912972430296,249.4958294052973,6
3.3499999999999996,3.3499999999999996,3.3499999999999996,1392.1923915550199,549.281445893355,370.30845274143536,6
3.3499999999999996,3.3499999999999996,3.3499999999999996,1722.8655895792692,679.7466412433047,458.26402631460326,6
3.3499999999999996,3.3499999999999996,3.3499999999999996,1748.477478209061,689.8516635835849,465.0765178264198,6
3.3499999999999996,3.3499999999999996,3.3499999999999996,1451.2040117743243,572.564138914227,386.00491963044584,6
3.3499999999999996,3.3499999999999996,3.3499999999999996,1341.9201549419386,529.4468260644944,356.93656946656137,6
3.3499999999999996,3.3499999999999996,3.3499999999999996,1264.9961534952456,499.09690676106584,336.47559860707577,6
3.3499999999999996,3.3499999999999996,3.3499999999999996,1179.0869038227988,465.20190980379374,313.6246467448495,6
3.3499999999999996,3.3499999999999996,3.3499999999999996,685.3094770660808,270.38488554503743,182.2850732706028,6
3.3499999999999996,3.3499999999999996,3.3499999999999996,996.3282294850394,393.0955332004347,265.0127721723278,6
3.3499999999999996,3.3499999999999996,3.3499999999999996,1191.0459010047723,469.9202628873153,316.805613520461,6
3.3499999999999996,3.3499999999999996,3.3499999999999996,1622.576192818549,640.1780405278744,431.58810740704996,6
3.3499999999999996,3.3499999999999996,3.3499999999999996,1649.3308047683372,650.7339177365415,438.704551236884,6
3.3499999999999996,3.3499999999999996,3.3499999999999996,1592.4784051581055,628.3031327029194,423.58241419461257,6
3.3499999999999996,3.3499999999999996,3.3499999999999996,1465.2827018180744,578.1188045412082,389.74970229004964,6
3.3499999999999996,3.3499999999999996,3.3499999999999996,1403.5659279597476,553.7688088176213,373.3336931419585,6
3.3499999999999996,3.3499999999999996,3.3499999999999996,1520.8202806179224,600.0308346382287,404.5221109019123,6
3.3499999999999996,3.3499999999999996,3.3499999999999996,1564.229663829839,617.1577554004859,416.0685477515707,6
3.3499999999999996,3.3499999999999996,3.3499999999999996,1498.1093107442837,591.0703529939506,398.4812330999794,6
3.3499999999999996,3.3499999999999996,3.3499999999999996,1205.9284425299568,475.79208346118753,320.76421217283234,6
3.3499999999999996,3.3499999999999996,3.3499999999999996,1428.531067136659,563.6186599065976,379.9741561391385,6
3.3499999999999996,3.3499999999999996,3.3499999999999996,1579.15468666604,623.0463367296105,420.03844598340265,6
3.3499999999999996,3.3499999999999996,3.3499999999999996,1620.0231942497765,639.1707697269956,430.9090367875092,6
3.3499999999999996,3.3499999999999996,3.3499999999999996,1545.4665082598176,609.7548610278832,411.07774680349144,6
3.3499999999999996,3.3499999999999996,3.3499999999999996,1855.0709089076988,731.9074843825216,493.4292430918731,6
3.3499999999999996,3.3499999999999996,3.3499999999999996,2363.140941020902,932.363573316114,628.5704984366062,6
3.3499999999999996,3.3499999999999996,3.3499999999999996,1865.3775696074515,735.9739176756738,496.1707058378326,6
3.3499999999999996,3.3499999999999996,3.3499999999999996,1524.5747031633312,601.5121203116358,405.52074759333607,6
3.3499999999999996,3.3499999999999996,3.3499999999999996,2007.53243818761,792.0602978542594,533.9823974925922,6
3.3499999999999996,3.3499999999999996,3.3499999999999996,2115.7175846398686,834.7441208861516,562.7585023149967,6
3.3499999999999996,3.3499999999999996,3.3499999999999996,2568.804247866837,1013.5173074801536,683.2837875671347,7
3.3499999999999996,3.3499999999999996,3.3499999999999996,2439.1624567089634,962.3673612667183,648.799986723649,7
3.3499999999999996,3.3499999999999996,3.3499999999999996,1625.0731375546136,641.1698175134974,432.25797739317807,7
3.3499999999999996,3.3499999999999996,3.3499999999999996,1592.0595347284614,628.1443571755342,423.47659220237483,7
3.3499999999999996,3.3499999999999996,3.3499999999999996,1546.1673625884464,610.0376794166556,411.2695985299096,7
3.3499999999999996,3.3499999999999996,3.3499999999999996,1697.8021086321578,669.864908236555,451.60337004619635,7
3.3499999999999996,3.3499999999999996,3.3499999999999996,1804.262488766283,711.868668513911,479.9210792777535,7
3.3499999999999996,3.3499999999999996,3.3499999999999996,2075.597416675011,818.923398662283,552.094253778959,7
3.3499999999999996,3.3499999999999996,3.3499999999999996,1832.5910139763034,723.045639518839,487.4562669113646,7
3.3499999999999996,3.3499999999999996,3.3499999999999996,2226.0547628931363,878.2860864016207,592.114845257111,7
3.3499999999999996,3.3499999999999996,3.3499999999999996,1958.654053011764,772.7835952241383,520.9881449654835,7
3.3499999999999996,3.3499999999999996,3.3499999999999996,2071.5600964703,817.3304809042593,551.0203551183713,7
3.3499999999999996,3.3499999999999996,3.3499999999999996,1853.1418157852609,731.1539231038064,492.92263505102585,7
3.3499999999999996,3.3499999999999996,3.3499999999999996,1497.3625078143532,590.7818077231722,398.28785184781094,7
3.3499999999999996,3.3499999999999996,3.3499999999999996,1511.1223536117116,596.2107312682268,401.94787365000394,7
3.3499999999999996,3.3499999999999996,3.3499999999999996,2060.738848747568,813.060976186402,548.1419796499678,7
3.3499999999999996,3.3499999999999996,3.3499999999999996,1733.8877397437684,684.1024320624099,461.20189306451,7
3.3499999999999996,3.3499999999999996,3.3499999999999996,1715.0682602666395,676.677238732215,456.1960444375261,7
3.3499999999999996,3.3499999999999996,3.3499999999999996,2036.9583060440098,803.6784038742679,541.8165232426209,7
3.3499999999999996,3.3499999999999996,3.3499999999999996,1916.408319934197,756.1156137394237,509.75107833039,7
3.3499999999999996,3.3499999999999996,3.3499999999999996,1505.5306959519055,594.0045523348091,400.46053220398136,7
3.3499999999999996,3.3499999999999996,3.3499999999999996,1276.8705914783138,503.78710053533723,339.6385593425011,7
3.3499999999999996,3.3499999999999996,3.3499999999999996,1020.8207725334656,402.7630838967537,271.5311158735021,7
3.3499999999999996,3.3499999999999996,3.3499999999999996,997.4447573151471,393.54011720968157,265.3132609202244,7
3.3499999999999996,3.3499999999999996,3.3499999999999996,1189.4631273807213,469.3006355820714,316.3887912140666,7
3.3499999999999996,3.3499999999999996,3.3499999999999996,1313.7847082110118,518.3515019411665,349.45745368478435,7
3.3499999999999996,3.3499999999999996,3.3499999999999996,1369.8791520780733,540.4834685010754,364.37817958236354,7
3.3499999999999996,3.3499999999999996,3.3499999999999996,1470.377311412469,580.134844794108,391.1099801898074,7
3.3499999999999996,3.3499999999999996,3.3499999999999996,1628.328851315941,642.4543537906571,433.12397425997773,7
3.3499999999999996,3.3499999999999996,3.3499999999999996,1711.4736581464488,675.2589946346574,455.23990566069216,7
3.3499999999999996,3.3499999999999996,3.3499999999999996,937.9789729135222,370.0779940276685,249.49578225078736,7
3.3499999999999996,3.3499999999999996,3.3499999999999996,1392.1737409059565,549.2797602617175,370.30838275343746,7
3.3499999999999996,3.3499999999999996,3.3499999999999996,1722.8425090325793,679.7445552408509,458.26393970307294,7
3.3499999999999996,3.3499999999999996,3.3499999999999996,1748.4540545500618,689.8495465708987,465.0764299273341,7
3.3499999999999996,3.3499999999999996,3.3499999999999996,1451.18457057,572.5623818327995,386.0048466758284,7
3.3499999999999996,3.3499999999999996,3.3499999999999996,1341.9021777700816,529.4452013012203,356.93650200583846,7
3.3499999999999996,3.3499999999999996,3.3499999999999996,1264.9792068437137,499.0953751354438,336.4755350134598,7
3.3499999999999996,3.3499999999999996,3.3499999999999996,1179.0711080633967,465.20048219493697,313.624587470045,7
3.3499999999999996,3.3499999999999996,3.3499999999999996,685.3002962469398,270.38405578950716,182.28503881887147,7
3.3499999999999996,3.3499999999999996,3.3499999999999996,996.3148820710809,393.0943268711981,265.01272208512825,7
3.3499999999999996,3.3499999999999996,3.3499999999999996,1191.02994503543,469.91882079880463,316.80555364445644,7
3.3499999999999996,3.3499999999999996,3.3499999999999996,1622.554455809114,640.1760759533073,431.58802583724685,7
3.3499999999999996,3.3499999999999996,3.3499999999999996,1649.3087093379818,650.731920768161,438.70446832207875,7
3.3499999999999996,3.3499999999999996,3.3499999999999996,1592.4570713567891,628.3012045699988,423.58233413787906,7
3.3499999999999996,3.3499999999999996,3.3499999999999996,1465.263072007126,578.1170304136559,389.74962862767126,7
3.3499999999999996,3.3499999999999996,3.3499999999999996,1403.54712494393,553.7671094151912,373.3336225821925,7
3.3499999999999996,3.3499999999999996,3.3499999999999996,1520.7999067920673,600.0289932671684,404.52203444756066,7
3.3499999999999996,3.3499999999999996,3.3499999999999996,1564.2087084657014,617.1558614704333,416.0684691149517,7
3.3499999999999996,3.3499999999999996,3.3499999999999996,1498.0892411682808,591.068539120763,398.48115778734893,7
3.3499999999999996,3.3499999999999996,3.3499999999999996,1205.9122871851112,475.7906233532689,320.7641515486557,7
3.3499999999999996,3.3499999999999996,3.3499999999999996,1428.5119296727776,563.616930277003,379.9740843243304,7
3.3499999999999996,3.3499999999999996,3.3499999999999996,1579.1335313572938,623.0444247287143,420.0383665964763,7
3.3499999999999996,3.3499999999999996,3.3499999999999996,1620.00149144185,639.1688082435351,430.90895534605,7
3.3499999999999996,3.3499999999999996,3.3499999999999996,1545.4458042582303,609.7529898157886,411.07766911013005,7
3.3499999999999996,3.3499999999999996,3.3499999999999996,1855.0460572588036,731.9052383091823,493.4291498341454,7
3.3499999999999996,3.3499999999999996,3.3499999999999996,2363.109282959383,932.3607120843201,628.5703796372907,7
3.3499999999999996,3.3499999999999996,3.3499999999999996,1865.3525798843125,735.971659123288,496.1706120619707,7
3.3499999999999996,3.3499999999999996,3.3499999999999996,1524.554279040967,601.510274394815,405.5206709502428,7
3.3499999999999996,3.3499999999999996,3.3499999999999996,2007.505544072102,792.0578671843236,533.9822965703511,7
3.3499999999999996,3.3499999999999996,3.3499999999999996,2115.6892412108805,834.7415592283533,562.7583959540951,7
3.3499999999999996,3.3499999999999996,3.3499999999999996,2568.800806484331,1013.5169964247077,683.2837746514247,8
3.3499999999999996,3.3499999999999996,3.3499999999999996,2439.159189005317,962.3670659095434,648.7999744597661,8
3.3499999999999996,3.3499999999999996,3.3499999999999996,1625.070960472311,641.1696207340622,432.257969222461,8
3.3499999999999996,3.3499999999999996,3.3499999999999996,1592.05740187391,628.1441643937023,423.476584197647,8
3.3499999999999996,3.3499999999999996,3.3499999999999996,1546.1652912148422,610.0374921918878,411.2695907559234,8
3.3499999999999996,3.3499999999999996,3.3499999999999996,1697.799834116114,669.8647026503987,451.60336150980464,8
3.3499999999999996,3.3499999999999996,3.3499999999999996,1804.260071627114,711.868450036511,479.92107020608887,8
3.3499999999999996,3.3499999999999996,3.3499999999999996,2075.5946360331445,818.9231473290487,552.0942433430475,8
3.3499999999999996,3.3499999999999996,3.3499999999999996,1832.5885588859005,723.0454176111498,487.45625769726666,8
3.3499999999999996,3.3499999999999996,3.3499999999999996,2226.0517806861717,878.2858168495684,592.1148340647138,8
3.3499999999999996,3.3499999999999996,3.3499999999999996,1958.6514290368937,772.7833580515277,520.9881351175522,8
3.3499999999999996,3.3499999999999996,3.3499999999999996,2071.557321237161,817.3302300599023,551.020344702759,8
3.3499999999999996,3.3499999999999996,3.3499999999999996,1853.139333163305,731.1536987076288,492.9226257336005,8
3.3499999999999996,3.3499999999999996,3.3499999999999996,1497.3605018237668,590.7816264081644,398.28784431921093,8
3.3499999999999996,3.3499999999999996,3.3499999999999996,1511.1203291872982,596.2105482870447,401.9478660522207,8
3.3499999999999996,3.3499999999999996,3.3499999999999996,2060.7360880114675,813.0607266523856,548.1419692887638,8
3.3499999999999996,3.3499999999999996,3.3499999999999996,1733.8854168844302,684.1022221066595,461.20188434668296,8
3.3499999999999996,3.3499999999999996,3.3499999999999996,1715.0659626194317,676.6770310553075,456.1960358143216,8
3.3499999999999996,3.3499999999999996,3.3499999999999996,2036.9555771662895,803.6781572198275,541.816513000983,8
3.3499999999999996,3.3499999999999996,3.3499999999999996,1916.4057525552028,756.1153816823312,509.7510686948664,8
3.3499999999999996,3.3499999999999996,3.3499999999999996,1505.5286790185392,594.0043700307186,400.46052463431255,8
3.3499999999999996,3.3499999999999996,3.3499999999999996,1276.8688808769243,503.7869459196044,339.638552922514,8
3.3499999999999996,3.3499999999999996,3.3499999999999996,1020.8194049575784,402.7629602859878,271.5311107409098,8
3.3499999999999996,3.3499999999999996,3.3499999999999996,997.4434210557021,393.53999642950777,265.31325590516457,8
3.3499999999999996,3.3499999999999996,3.3499999999999996,1189.4615338775957,469.3004915504723,316.3887852335561,8
3.3499999999999996,3.3499999999999996,3.3499999999999996,1313.7829481564202,518.3513428555186,349.45744707919664,8
3.3499999999999996,3.3499999999999996,3.3499999999999996,1369.877316874728,540.4833026229744,364.3781726947381,8
3.3499999999999996,3.3499999999999996,3.3499999999999996,1470.3753415734823,580.1346667467265,391.1099727968865,8
3.3499999999999996,3.3499999999999996,3.3499999999999996,1628.3266698720154,642.4541566169887,433.1239660728911,8
3.3499999999999996,3.3499999999999996,3.3499999999999996,1711.471365314867,675.2587873930185,455.2398970555613,8
3.3499999999999996,3.3499999999999996,3.3499999999999996,937.9777163193573,370.0778804481818,249.495777534716,8
3.3499999999999996,3.3499999999999996,3.3499999999999996,1392.171875834937,549.279591683974,370.3083757537167,8
3.3499999999999996,3.3499999999999996,3.3499999999999996,1722.8402009703452,679.7443466225626,458.2639310407803,8
3.3499999999999996,3.3499999999999996,3.3499999999999996,1748.4517121764843,689.849334851319,465.07642113626906,8
3.3499999999999996,3.3499999999999996,3.3499999999999996,1451.1826264431954,572.562206109459,386.0048393794068,8
3.3499999999999996,3.3499999999999996,3.3499999999999996,1341.9003800470036,529.4450388108396,356.93649525887855,8
3.3499999999999996,3.3499999999999996,3.3499999999999996,1264.9775121730058,499.0952219596339,336.47552865326156,8
3.3499999999999996,3.3499999999999996,3.3499999999999996,1179.069528482279,465.20033942170335,313.6245815417846,8
3.3499999999999996,3.3499999999999996,3.3499999999999996,685.2993781620164,270.3839728067772,182.28503537324508,8
3.3499999999999996,3.3499999999999996,3.3499999999999996,996.3135473253102,393.0942062278403,265.0127170757493,8
3.3499999999999996,3.3499999999999996,3.3499999999999996,1191.0283494332662,469.91867657748026,316.80554765606803,8
3.3499999999999996,3.3499999999999996,3.3499999999999996,1622.5522821010459,640.175879478858,431.5880176791933,8
3.3499999999999996,3.3499999999999996,3.3499999999999996,1649.306499787704,650.7317210540504,438.7044600295074,8
3.3499999999999996,3.3499999999999996,3.3499999999999996,1592.454937969665,628.3010117400297,423.58232613115234,8
3.3499999999999996,3.3499999999999996,3.3499999999999996,1465.2611090195971,578.1168529855554,389.74962126046415,8
3.3499999999999996,3.3499999999999996,3.3499999999999996,1403.545244636185,553.7669394602492,373.3336155252875,8
3.3499999999999996,3.3499999999999996,3.3499999999999996,1520.797869402804,600.0288091141357,404.5220268011196,8
3.3499999999999996,3.3499999999999996,3.3499999999999996,1564.206612922419,617.1556720610465,416.06846125025527,8
3.3499999999999996,3.3499999999999996,3.3499999999999996,1498.0872342041023,591.0683577177554,398.4811502550949,8
3.3499999999999996,3.3499999999999996,3.3499999999999996,1205.9106716453314,475.79047732984793,320.76414548544034,8
3.3499999999999996,3.3499999999999996,3.3499999999999996,1428.5100159201168,563.6167572990831,379.9740771419048,8
3.3499999999999996,3.3499999999999996,3.3499999999999996,1579.1314158194853,623.0442335120867,420.03835865673915,8
3.3499999999999996,3.3499999999999996,3.3499999999999996,1619.999321153944,639.1686120782234,430.9089472008324,8
3.3499999999999996,3.3499999999999996,3.3499999999999996,1545.4437338512855,609.7528026783941,411.0776613397716,8
3.3499999999999996,3.3499999999999996,3.3499999999999996,1855.0435720857683,731.9050136824211,493.4291405071456,8
3.3499999999999996,3.3499999999999996,3.3499999999999996,2363.1061171428546,932.3604259363924,628.570367755796,8
3.3499999999999996,3.3499999999999996,3.3499999999999996,1865.3500809038078,735.9714332485142,496.1706026831506,8
3.3499999999999996,3.3499999999999996,3.3499999999999996,1524.5522366220362,601.5100897871666,405.5206632849252,8
3.3499999999999996,3.3499999999999996,3.3499999999999996,2007.5028546517362,792.057624096306,533.9822864767991,8
3.3499999999999996,3.3499999999999996,3.3499999999999996,2115.6864068586915,834.7413030404163,562.7583853166055,8
3.3499999999999996,3.3499999999999996,3.3499999999999996,2568.800424108371,1081.585521422899,755.7209101268008,9
3.3499999999999996,3.3499999999999996,3.3499999999999996,2439.158825927014,1027.0003250599896,717.5813701109919,9
3.3499999999999996,3.3499999999999996,3.3499999999999996,1625.0707185741976,684.2310301736419,478.08304254994016,9
3.3499999999999996,3.3499999999999996,3.3499999999999996,1592.0571648899927,670.330774886995,468.37071433533896,9
3.3499999999999996,3.3499999999999996,3.3499999999999996,1546.1650610621436,651.0080456543154,454.86961781303773,9
3.3499999999999996,3.3499999999999996,3.3499999999999996,1697.7995813920256,714.8532942760074,499.4793027986335,9
3.3499999999999996,3.3499999999999996,3.3499999999999996,1804.2598030560066,759.6780433217419,530.7990639031303,9
3.3499999999999996,3.3499999999999996,3.3499999999999996,2075.594327072835,873.92261050747,610.6235498828047,9
3.3499999999999996,3.3499999999999996,3.3499999999999996,1832.5882860979877,771.6056640175832,539.1330811300346,9
3.3499999999999996,3.3499999999999996,3.3499999999999996,2226.051449329733,937.272119290154,654.8868536022865,9
3.3499999999999996,3.3499999999999996,3.3499999999999996,1958.651137484034,824.6840400443082,576.2197819451474,9
3.3499999999999996,3.3499999999999996,3.3499999999999996,2071.5570128778218,872.2227117773937,609.4358037545773,9
3.3499999999999996,3.3499999999999996,3.3499999999999996,1853.13905731633,780.2585030607521,545.178956622415,9
3.3499999999999996,3.3499999999999996,3.3499999999999996,1497.3602789358504,630.4589421783925,440.5116342107014,9
3.3499999999999996,3.3499999999999996,3.3499999999999996,1511.1201042511782,636.2524743261974,444.55966675262016,9
3.3499999999999996,3.3499999999999996,3.3499999999999996,2060.73578126291,867.6664654731621,606.2522824004214,9
3.3499999999999996,3.3499999999999996,3.3499999999999996,1733.885158788863,730.0470157026735,510.0953962626693,9
3.3499999999999996,3.3499999999999996,3.3499999999999996,1715.0657073252132,722.1231435196994,504.5588614448143,9
3.3499999999999996,3.3499999999999996,3.3499999999999996,2036.9552739575536,857.6537559795887,599.2562439166925,9
3.3499999999999996,3.3499999999999996,3.3499999999999996,1916.4054672907757,806.8966304834057,563.7914375600647,9
3.3499999999999996,3.3499999999999996,3.3499999999999996,1505.5284549147577,633.8981275632542,442.9146474331077,9
3.3499999999999996,3.3499999999999996,3.3499999999999996,1276.8686908100406,537.6216368454202,375.6447406638514,9
3.3499999999999996,3.3499999999999996,3.3499999999999996,1020.8192530046518,429.81280821876396,300.317007002756,9
3.3499999999999996,3.3499999999999996,3.3499999999999996,997.4432725823814,419.9704235256951,293.43997715098925,9
3.3499999999999996,3.3499999999999996,3.3499999999999996,1189.4613568216344,500.8190475820485,349.93018947741456,9
3.3499999999999996,3.3499999999999996,3.3499999999999996,1313.7827525947343,553.164189076621,386.5045677281078,9
3.3499999999999996,3.3499999999999996,3.3499999999999996,1369.8771129631778,576.7825470613778,403.00708799895955,9
3.3499999999999996,3.3499999999999996,3.3499999999999996,1470.3751227024115,619.0969251055584,432.5728131807543,9
3.3499999999999996,3.3499999999999996,3.3499999999999996,1628.326427489277,685.6018364034561,479.040846543322,9
3.3499999999999996,3.3499999999999996,3.3499999999999996,1711.4711105557183,720.6096496006112,503.5013593061946,9
3.3499999999999996,3.3499999999999996,3.3499999999999996,937.9775766977374,394.9325750861876,275.9456364488052,9
3.3499999999999996,3.3499999999999996,3.3499999999999996,1392.1716686047553,586.1696011751118,409.56597117345683,9
3.3499999999999996,3.3499999999999996,3.3499999999999996,1722.8399445189013,725.3964621901129,506.8459809704952,9
3.3499999999999996,3.3499999999999996,3.3499999999999996,1748.4514519126676,736.1801086419498,514.3806853000674,9
3.3499999999999996,3.3499999999999996,3.3499999999999996,1451.1824104290347,611.0158926061478,426.92646796416443,9
3.3499999999999996,3.3499999999999996,3.3499999999999996,1341.900180299929,565.0029455717465,394.7764941324996,9
3.3499999999999996,3.3499999999999996,3.3499999999999996,1264.9773238761984,532.6148133550221,372.146393903412,9
3.3499999999999996,3.3499999999999996,3.3499999999999996,1179.0693529732082,496.44352630934,346.87294356112267,9
3.3499999999999996,3.3499999999999996,3.3499999999999996,685.2992761525469,288.5431534392016,201.60966489368343,9
3.3499999999999996,3.3499999999999996,3.3499999999999996,996.3133990201756,419.494693735848,293.1075772227018,9
3.3499999999999996,3.3499999999999996,3.3499999999999996,1191.0281721440783,501.4787503567734,350.39113423994456,9
3.3499999999999996,3.3499999999999996,3.3499999999999996,1622.5520405778473,683.1705485463375,477.3420672644122,9
3.3499999999999996,3.3499999999999996,3.3499999999999996,1649.3062542820364,694.435327977207,485.21294681601256,9
3.3499999999999996,3.3499999999999996,3.3499999999999996,1592.454700926573,670.4981562130698,468.48766631516327,9
3.3499999999999996,3.3499999999999996,3.3499999999999996,1465.2608909097999,616.9435935317327,431.06824635312574,9
3.3499999999999996,3.3499999999999996,3.3499999999999996,1403.5450357130335,590.9583224314199,412.9119264534422,9
3.3499999999999996,3.3499999999999996,3.3499999999999996,1520.7976430261444,640.3271722761734,447.4067226555104,9
3.3499999999999996,3.3499999999999996,3.3499999999999996,1564.2063800841997,658.6042875649342,460.1772321778122,9
3.3499999999999996,3.3499999999999996,3.3499999999999996,1498.0870112080088,630.7649305674242,440.7254331376167,9
3.3499999999999996,3.3499999999999996,3.3499999999999996,1205.910492140852,507.74490543936616,354.76939590138295,9
3.3499999999999996,3.3499999999999996,3.3499999999999996,1428.5098032808621,601.469661067789,420.2563650055389,9
3.3499999999999996,3.3499999999999996,3.3499999999999996,1579.131180759651,664.8883290066877,464.5679913212858,9
3.3499999999999996,3.3499999999999996,3.3499999999999996,1619.9990800107637,682.0956323480191,476.5910063158204,9
3.3499999999999996,3.3499999999999996,3.3499999999999996,1545.4435038059933,650.7042361898644,454.65734133518885,9
3.3499999999999996,3.3499999999999996,3.3499999999999996,1855.04329595534,781.0602768855919,545.7391686746497,9
3.3499999999999996,3.3499999999999996,3.3499999999999996,2363.1057653853463,994.9784177254332,695.2071569992718,9
3.3499999999999996,3.3499999999999996,3.3499999999999996,1865.3498032392156,785.3998000926343,548.7712621731168,9
3.3499999999999996,3.3499999999999996,3.3499999999999996,1524.5520096865246,641.9079368166454,448.51122784124004,9
3.3499999999999996,3.3499999999999996,3.3499999999999996,2007.5025558271525,845.2527795559538,590.591485556206,9
3.3499999999999996,3.3499999999999996,3.3499999999999996,2115.6860919305664,890.8031248485032,622.4182322343505,9
3.3499999999999996,3.3499999999999996,3.3499999999999996,2568.800424108371,979.1633213593487,687.6116178998483,10
3.3499999999999996,3.3499999999999996,3.3499999999999996,2439.158825927014,929.7471438041568,652.9094011624206,10
3.3499999999999996,3.3499999999999996,3.3499999999999996,1625.0707185741976,619.4368497098185,434.99584300649906,10
3.3499999999999996,3.3499999999999996,3.3499999999999996,1592.0571648899927,606.8528978496729,426.1588376679863,10
3.3499999999999996,3.3499999999999996,3.3499999999999996,1546.1650610621436,589.3599605290002,413.87452649077676,10
3.3499999999999996,3.3499999999999996,3.3499999999999996,1697.7995813920256,647.1592972020603,454.46376685174727,10
3.3499999999999996,3.3499999999999996,3.3499999999999996,1804.2598030560066,687.7393061661036,482.9608367577346,10
3.3499999999999996,3.3499999999999996,3.3499999999999996,2075.594327072835,791.1653299406026,555.5911467266595,10
3.3499999999999996,3.3499999999999996,3.3499999999999996,1832.5882860979877,698.5374247292015,490.5437512863736,10
3.3499999999999996,3.3499999999999996,3.3499999999999996,2226.051449329733,848.5158715274871,595.8652234080079,10
3.3499999999999996,3.3499999999999996,3.3499999999999996,1958.651137484034,746.589472332719,524.2880158797255,10
3.3499999999999996,3.3499999999999996,3.3499999999999996,2071.5570128778218,789.6264054140184,554.510446132114,10
3.3499999999999996,3.3499999999999996,3.3499999999999996,1853.13905731633,706.3708715060692,496.0447426883969,10
3.3499999999999996,3.3499999999999996,3.3499999999999996,1497.3602789358504,570.7567821284877,400.8105551194865,10
3.3499999999999996,3.3499999999999996,3.3499999999999996,1511.1201042511782,576.0016879337945,404.49375902209243,10
3.3499999999999996,3.3499999999999996,3.3499999999999996,2060.73578126291,785.5016190001679,551.6138394091603,10
3.3499999999999996,3.3499999999999996,3.3499999999999996,1733.885158788863,660.9142286811459,464.1230856621223,10
3.3499999999999996,3.3499999999999996,3.3499999999999996,1715.0657073252132,653.7407182642344,459.08553064326577,10
3.3499999999999996,3.3499999999999996,3.3499999999999996,2036.9552739575536,776.4370765397292,545.2483183864863,10
3.3499999999999996,3.3499999999999996,3.3499999999999996,1916.4054672907757,730.4864655162821,512.979775131154,10
3.3499999999999996,3.3499999999999996,3.3499999999999996,1505.5284549147577,573.8702892136986,402.9969969494689,10
3.3499999999999996,3.3499999999999996,3.3499999999999996,1276.8686908100406,486.7108306661417,341.7897856499704,10
3.3499999999999996,3.3499999999999996,3.3499999999999996,1020.8192530046518,389.11110450573324,273.2509585229775,10
3.3499999999999996,3.3499999999999996,3.3499999999999996,997.4432725823814,380.2007577090387,266.99372048793947,10
3.3499999999999996,3.3499999999999996,3.3499999999999996,1189.4613568216344,453.3933122415797,318.3927565246184,10
3.3499999999999996,3.3499999999999996,3.3499999999999996,1313.7827525947343,500.7815599461366,351.67087158751985,10
3.3499999999999996,3.3499999999999996,3.3499999999999996,1369.8771129631778,522.1633456591928,366.68610341557843,10
3.3499999999999996,3.3499999999999996,3.3499999999999996,1470.3751227024115,560.4707065902891,393.58721975921003,10
3.3499999999999996,3.3499999999999996,3.3499999999999996,1628.326427489277,620.6778455944149,435.86732498442876,10
3.3499999999999996,3.3499999999999996,3.3499999999999996,1711.4711105557183,652.3705466935924,458.12333580820854,10
3.3499999999999996,3.3499999999999996,3.3499999999999996,937.9775766977374,357.53390210480734,251.07605597300426,10
3.3499999999999996,3.3499999999999996,3.3499999999999996,1392.1716686047553,530.661480020026,372.6538677195666,10
3.3499999999999996,3.3499999999999996,3.3499999999999996,1722.8399445189013,656.7040656072841,461.16652368753654,10
3.3499999999999996,3.3499999999999996,3.3499999999999996,1748.4514519126676,666.4665401106914,468.0221633357564,10
3.3499999999999996,3.3499999999999996,3.3499999999999996,1451.1824104290347,553.154918365123,388.449750995842,10
3.3499999999999996,3.3499999999999996,3.3499999999999996,1341.900180299929,511.4992294238876,359.19729122452287,10
3.3499999999999996,3.3499999999999996,3.3499999999999996,1264.9773238761984,482.17813508061954,338.6067271376463,10
3.3499999999999996,3.3499999999999996,3.3499999999999996,1179.0693529732082,449.4321368585851,315.61104467484785,10
3.3499999999999996,3.3499999999999996,3.3499999999999996,685.2992761525469,261.21917026527893,183.43960846409772,10
3.3499999999999996,3.3499999999999996,3.3499999999999996,996.3133990201756,379.7700777934242,266.6912780790862,10
3.3499999999999996,3.3499999999999996,3.3499999999999996,1191.0281721440783,453.9905435720803,318.81215867384907,10
3.3499999999999996,3.3499999999999996,3.3499999999999996,1622.5520405778473,618.4767918208538,434.32164806485025,10
3.3499999999999996,3.3499999999999996,3.3499999999999996,1649.3062542820364,628.674837766772,441.4831651675895,10
3.3499999999999996,3.3499999999999996,3.3499999999999996,1592.454700926573,607.0044287752695,426.26524935910925,10
3.3499999999999996,3.3499999999999996,3.3499999999999996,1465.2608909097999,558.5212876547977,392.21825190782346,10
3.3499999999999996,3.3499999999999996,3.3499999999999996,1403.5450357130335,534.996726856746,375.6982690225625,10
3.3499999999999996,3.3499999999999996,3.3499999999999996,1520.7976430261444,579.6905268644283,407.0842242181782,10
3.3499999999999996,3.3499999999999996,3.3499999999999996,1564.2063800841997,596.2368660641866,418.7037924957874,10
3.3499999999999996,3.3499999999999996,3.3499999999999996,1498.0870112080088,571.0337945342266,401.00508543361633,10
3.3499999999999996,3.3499999999999996,3.3499999999999996,1205.910492140852,459.6633166457736,322.79582982052324,10
3.3499999999999996,3.3499999999999996,3.3499999999999996,1428.5098032808621,544.512680100628,382.3807905827054,10
3.3499999999999996,3.3499999999999996,3.3499999999999996,1579.131180759651,601.9258317241304,422.69883478983456,10
3.3499999999999996,3.3499999999999996,3.3499999999999996,1619.9990800107637,617.5036662620503,433.63827642979,10
3.3499999999999996,3.3499999999999996,3.3499999999999996,1545.4435038059933,589.0849207116395,413.68138141510155,10
3.3499999999999996,3.3499999999999996,3.3499999999999996,1855.04329595534,707.0967202769332,496.5544656700456,10
3.3499999999999996,3.3499999999999996,3.3499999999999996,2363.1057653853463,900.7575941837845,632.5516623850135,10
3.3499999999999996,3.3499999999999996,3.3499999999999996,1865.3498032392156,711.0253064796532,499.3132919618242,10
3.3499999999999996,3.3499999999999996,3.3499999999999996,1524.5520096865246,581.1215987742106,408.08918595413286,10
3.3499999999999996,3.3499999999999996,3.3499999999999996,2007.5025558271525,765.2104273080614,537.3644707449466,10
3.3499999999999996,3.3499999999999996,3.3499999999999996,2115.6860919305664,806.4473212034623,566.3228341865188,10
3.3499999999999996,3.3499999999999996,3.3499999999999996,2568.800424108371,1010.0825630655793,683.6830659693327,11
3.3499999999999996,3.3499999999999996,3.3499999999999996,2439.158825927014,959.1059607020869,649.1791144400663,11
3.3499999999999996,3.3499999999999996,3.3499999999999996,1625.0707185741976,638.9969345905868,432.51056830443855,11
3.3499999999999996,3.3499999999999996,3.3499999999999996,1592.0571648899927,626.0156166928294,423.7240516916524,11
3.3499999999999996,3.3499999999999996,3.3499999999999996,1546.1650610621436,607.9703012904093,411.50992483526284,11
3.3499999999999996,3.3499999999999996,3.3499999999999996,1697.7995813920256,667.5947795124534,451.8672654807147,11
3.3499999999999996,3.3499999999999996,3.3499999999999996,1804.2598030560066,709.4561917707483,480.2015222286943,11
3.3499999999999996,3.3499999999999996,3.3499999999999996,2075.594327072835,816.1481203826127,552.4168712850711,11
3.3499999999999996,3.3499999999999996,3.3499999999999996,1832.5882860979877,720.5952847459203,487.7411130659718,11
3.3499999999999996,3.3499999999999996,3.3499999999999996,2226.051449329733,875.3096318236849,592.4608488849358,11
3.3499999999999996,3.3499999999999996,3.3499999999999996,1958.651137484034,770.164681745522,521.2925855476707,11
3.3499999999999996,3.3499999999999996,3.3499999999999996,2071.5570128778218,814.5606009195483,551.3423450894106,11
3.3499999999999996,3.3499999999999996,3.3499999999999996,1853.13905731633,728.6760898837514,493.2106754900232,11
3.3499999999999996,3.3499999999999996,3.3499999999999996,1497.3602789358504,588.7796864970884,398.5205922405942,11
3.3499999999999996,3.3499999999999996,3.3499999999999996,1511.1201042511782,594.1902117723889,402.18275278467416,11
3.3499999999999996,3.3499999999999996,3.3499999999999996,2060.73578126291,810.3055652762441,548.4622876358951,11
3.3499999999999996,3.3499999999999996,3.3499999999999996,1733.885158788863,681.7840532935609,461.47139741731974,11
3.3499999999999996,3.3499999999999996,3.3499999999999996,1715.0657073252132,674.3840234619364,456.46262361154805,11
3.3499999999999996,3.3499999999999996,3.3499999999999996,2036.9552739575536,800.9547898930876,542.1331349340167,11
3.3499999999999996,3.3499999999999996,3.3499999999999996,1916.4054672907757,753.553186968912,510.0489525076765,11
3.3499999999999996,3.3499999999999996,3.3499999999999996,1505.5284549147577,591.9915094362757,400.69454220736696,11
3.3499999999999996,3.3499999999999996,3.3499999999999996,1276.8686908100406,502.079798729115,339.8370278906603,11
3.3499999999999996,3.3499999999999996,3.3499999999999996,1020.8192530046518,401.39814593012886,271.6897856854687,11
3.3499999999999996,3.3499999999999996,3.3499999999999996,997.4432725823814,392.20643527892344,265.46829731480864,11
3.3499999999999996,3.3499999999999996,3.3499999999999996,1189.4613568216344,467.7102061686563,316.57367370846794,11
3.3499999999999996,3.3499999999999996,3.3499999999999996,1313.7827525947343,516.5948423232808,349.66165992570865,11
3.3499999999999996,3.3499999999999996,3.3499999999999996,1369.8771129631778,538.6518050840792,364.5911047826782,11
3.3499999999999996,3.3499999999999996,3.3499999999999996,1470.3751227024115,578.1688054347894,391.33852617731,11
3.3499999999999996,3.3499999999999996,3.3499999999999996,1628.326427489277,640.2771176576227,433.37707121843493,11
3.3499999999999996,3.3499999999999996,3.3499999999999996,1711.4711105557183,672.9705857016328,455.50592611289164,11
3.3499999999999996,3.3499999999999996,3.3499999999999996,937.9775766977374,368.8238237105343,249.64157566650272,11
3.3499999999999996,3.3499999999999996,3.3499999999999996,1392.1716686047553,547.4182867825044,370.52477328117527,11
3.3499999999999996,3.3499999999999996,3.3499999999999996,1722.8399445189013,677.4409450338819,458.5317272562962,11
3.3499999999999996,3.3499999999999996,3.3499999999999996,1748.4514519126676,687.5116912037594,465.348198374384,11
3.3499999999999996,3.3499999999999996,3.3499999999999996,1451.1824104290347,570.622005059279,386.23040946719834,11
3.3499999999999996,3.3499999999999996,3.3499999999999996,1341.900180299929,527.6509458557817,357.1450786452969,11
3.3499999999999996,3.3499999999999996,3.3499999999999996,1264.9773238761984,497.40397328227925,336.6721552413117,11
3.3499999999999996,3.3499999999999996,3.3499999999999996,1179.0693529732082,463.6239479353998,313.8078546958356,11
3.3499999999999996,3.3499999999999996,3.3499999999999996,685.2992761525469,269.4677417625451,182.39155748705676,11
3.3499999999999996,3.3499999999999996,3.3499999999999996,996.3133990201756,391.76215569498146,265.16758285917524,11
3.3499999999999996,3.3499999999999996,3.3499999999999996,1191.0281721440783,468.32629639578784,316.9906796749116,11
3.3499999999999996,3.3499999999999996,3.3499999999999996,1622.5520405778473,638.0065607560864,431.84022526082424,11
3.3499999999999996,3.3499999999999996,3.3499999999999996,1649.3062542820364,648.5266324975536,438.9608262546629,11
3.3499999999999996,3.3499999999999996,3.3499999999999996,1592.454700926573,626.171932541648,423.82985541769193,11
3.3499999999999996,3.3499999999999996,3.3499999999999996,1465.2608909097999,576.1578292963899,389.97737969071034,11
3.3499999999999996,3.3499999999999996,3.3499999999999996,1403.5450357130335,551.890428600763,373.5517809155583,11
3.3499999999999996,3.3499999999999996,3.3499999999999996,1520.7976430261444,597.9955339290827,404.75841779882285,11
3.3499999999999996,3.3499999999999996,3.3499999999999996,1564.2063800841997,615.0643602869184,416.3115996510133,11
3.3499999999999996,3.3499999999999996,3.3499999999999996,1498.0870112080088,589.0654461805714,398.7140111388881,11
3.3499999999999996,3.3499999999999996,3.3499999999999996,1205.910492140852,474.1781997922618,320.95159079460774,11
3.3499999999999996,3.3499999999999996,3.3499999999999996,1428.5098032808621,561.7068690585701,380.1961230262962,11
3.3499999999999996,3.3499999999999996,3.3499999999999996,1579.131180759651,620.9329675862713,420.2838169509677,11
3.3499999999999996,3.3499999999999996,3.3499999999999996,1619.9990800107637,637.0027066112474,431.16075795327424,11
3.3499999999999996,3.3499999999999996,3.3499999999999996,1545.4435038059933,607.6865764841338,411.31788326109955,11
3.3499999999999996,3.3499999999999996,3.3499999999999996,1855.04329595534,729.4248589306295,493.71748625618363,11
3.3499999999999996,3.3499999999999996,3.3499999999999996,2363.1057653853463,929.2010021074254,628.9376861377775,11
3.3499999999999996,3.3499999999999996,3.3499999999999996,1865.3498032392156,733.4774989083593,496.46055046356406,11
3.3499999999999996,3.3499999999999996,3.3499999999999996,1524.5520096865246,599.4717950910689,405.7576378569683,11
3.3499999999999996,3.3499999999999996,3.3499999999999996,2007.5025558271525,789.3736344482346,534.2943303139524,11
3.3499999999999996,3.3499999999999996,3.3499999999999996,2115.6860919305664,831.9126742285487,563.0872450754248,11
3.3499999999999996,3.3499999999999996,3.3499999999999996,2568.800424108371,1013.1735325095246,683.3233653091206,12
3.3499999999999996,3.3499999999999996,3.3499999999999996,2439.158825927014,962.0409358481171,648.8375670657299,12
3.3499999999999996,3.3499999999999996,3.3499999999999996,1625.0707185741976,640.9523391008871,432.2830150056783,12
3.3499999999999996,3.3499999999999996,3.3499999999999996,1592.0571648899927,627.9312968692672,423.501121172048,12
3.3499999999999996,3.3499999999999996,3.3499999999999996,1546.1650610621436,609.8307607150444,411.2934204357612,12
3.3499999999999996,3.3499999999999996,3.3499999999999996,1697.7995813920256,669.6376967351285,451.62952819890677,12
3.3499999999999996,3.3499999999999996,3.3499999999999996,1804.2598030560066,711.627209755581,479.94887767279084,12
3.3499999999999996,3.3499999999999996,3.3499999999999996,2075.594327072835,818.645628006326,552.1262326497089,12
3.3499999999999996,3.3499999999999996,3.3499999999999996,1832.5882860979877,722.8003896433266,487.4845017659191,12
3.3499999999999996,3.3499999999999996,3.3499999999999996,2226.051449329733,877.9881805135531,592.1491422344403,12
3.3499999999999996,3.3499999999999996,3.3499999999999996,1958.651137484034,772.5214747297077,521.0183220818653,12
3.3499999999999996,3.3499999999999996,3.3499999999999996,2071.5570128778218,817.0532505501317,551.0522717858538,12
3.3499999999999996,3.3499999999999996,3.3499999999999996,1853.13905731633,730.905922979304,492.9511865331835,12
3.3499999999999996,3.3499999999999996,3.3499999999999996,1497.3602789358504,590.5814204213478,398.3109218139415,12
3.3499999999999996,3.3499999999999996,3.3499999999999996,1511.1201042511782,596.0085025296372,401.9711556150157,12
3.3499999999999996,3.3499999999999996,3.3499999999999996,2060.73578126291,812.7851940057276,548.1737295937497,12
3.3499999999999996,3.3499999999999996,3.3499999999999996,1733.885158788863,683.8703913347837,461.22860719099646,12
3.3499999999999996,3.3499999999999996,3.3499999999999996,1715.0657073252132,676.4477165561715,456.2224686110106,12
3.3499999999999996,3.3499999999999996,3.3499999999999996,2036.9552739575536,803.4058041686211,541.8479067979617,12
3.3499999999999996,3.3499999999999996,3.3499999999999996,1916.4054672907757,755.8591468582099,509.78060456388545,12
3.3499999999999996,3.3499999999999996,3.3499999999999996,1505.5284549147577,593.8030719101284,400.4837280179428,12
3.3499999999999996,3.3499999999999996,3.3499999999999996,1276.8686908100406,503.6162209712571,339.6582321746607,12
3.3499999999999996,3.3499999999999996,3.3499999999999996,1020.8192530046518,402.62647067237646,271.5468437286639,12
3.3499999999999996,3.3499999999999996,3.3499999999999996,997.4432725823814,393.4066323236943,265.32862861952776,12
3.3499999999999996,3.3499999999999996,3.3499999999999996,1189.4613568216344,469.14145348323336,316.4071173534744,12
3.3499999999999996,3.3499999999999996,3.3499999999999996,1313.7827525947343,518.1756822772692,349.4776952552545,12
3.3499999999999996,3.3499999999999996,3.3499999999999996,1369.8771129631778,540.300141894674,364.3992854037504,12
3.3499999999999996,3.3499999999999996,3.3499999999999996,1470.3751227024115,579.9380688360083,391.1326343931792,12
3.3499999999999996,3.3499999999999996,3.3499999999999996,1628.326427489277,642.2364396761424,433.1490620334815,12
3.3499999999999996,3.3499999999999996,3.3499999999999996,1711.4711105557183,675.0299535128784,455.2662744518971,12
3.3499999999999996,3.3499999999999996,3.3499999999999996,937.9775766977374,369.95246726005604,249.5102337567008,12
3.3499999999999996,3.3499999999999996,3.3499999999999996,1392.1716686047553,549.0934500408091,370.32983206907255,12
3.3499999999999996,3.3499999999999996,3.3499999999999996,1722.8399445189013,679.5139926616146,458.29048365493765,12
3.3499999999999996,3.3499999999999996,3.3499999999999996,1748.4514519126676,689.6155564793032,465.1033684780248,12
3.3499999999999996,3.3499999999999996,3.3499999999999996,1451.1824104290347,572.368174378674,386.0272051753349,12
3.3499999999999996,3.3499999999999996,3.3499999999999996,1341.900180299929,529.2656187650529,356.9571767840769,12
3.3499999999999996,3.3499999999999996,3.3499999999999996,1264.9773238761984,498.9260869578647,336.49502463424653,12
3.3499999999999996,3.3499999999999996,3.3499999999999996,1179.0693529732082,465.0426908272683,313.64275349890335,12
3.3499999999999996,3.3499999999999996,3.3499999999999996,685.2992761525469,270.2923442122588,182.29559728720568,12
3.3499999999999996,3.3499999999999996,3.3499999999999996,996.3133990201756,392.9609931928511,265.0280723763668,12
3.3499999999999996,3.3499999999999996,3.3499999999999996,1191.0281721440783,469.7594290177015,316.82390392393046,12
3.3499999999999996,3.3499999999999996,3.3499999999999996,1622.5520405778473,639.9589346079313,431.6130246442458,12
3.3499999999999996,3.3499999999999996,3.3499999999999996,1649.3062542820364,650.5111989854165,438.7298793336839,12
3.3499999999999996,3.3499999999999996,3.3499999999999996,1592.454700926573,628.0880910626586,423.6068692324261,12
3.3499999999999996,3.3499999999999996,3.3499999999999996,1465.2608909097999,577.9209388780858,389.7722040356081,12
3.3499999999999996,3.3499999999999996,3.3499999999999996,1403.5450357130335,553.579277130168,373.3552471283302,12
3.3499999999999996,3.3499999999999996,3.3499999999999996,1520.7976430261444,599.8254694121592,404.5454655152933,12
3.3499999999999996,3.3499999999999996,3.3499999999999996,1564.2063800841997,616.9465283524048,416.09256898504805,12
3.3499999999999996,3.3499999999999996,3.3499999999999996,1498.0870112080088,590.8680545625061,398.50423895030957,12
3.3499999999999996,3.3499999999999996,3.3499999999999996,1205.910492140852,475.62923991525395,320.7827311213888,12
3.3499999999999996,3.3499999999999996,3.3499999999999996,1428.5098032808621,563.4257570309006,379.99609350491454,12
3.3499999999999996,3.3499999999999996,3.3499999999999996,1579.131180759651,622.8330942687104,420.0626964143351,12
3.3499999999999996,3.3499999999999996,3.3499999999999996,1619.9990800107637,638.9520085533284,430.933914819353,12
3.3499999999999996,3.3499999999999996,3.3499999999999996,1545.4435038059933,609.5461676780532,411.1014798988833,12
3.3499999999999996,3.3499999999999996,3.3499999999999996,1855.04329595534,731.6569833460495,493.457730655081,12
3.3499999999999996,3.3499999999999996,3.3499999999999996,2363.1057653853463,932.0444646220941,628.6067882229445,12
3.3499999999999996,3.3499999999999996,3.3499999999999996,1865.3498032392156,735.7220248707384,496.19935167620224,12
3.3499999999999996,3.3499999999999996,3.3499999999999996,1524.5520096865246,601.3062481040085,405.5441598618445,12
3.3499999999999996,3.3499999999999996,3.3499999999999996,2007.5025558271525,791.7892090489191,534.0132263449825,12
3.3499999999999996,3.3499999999999996,3.3499999999999996,2115.6860919305664,834.4584232099658,562.790992522316,12
3.3499999999999996,3.3499999999999996,3.3499999999999996,2568.800424108371,1013.4826190335125,683.2877290517418,13
3.3499999999999996,3.3499999999999996,3.3499999999999996,2439.158825927014,962.334423468208,648.8037292903649,13
3.3499999999999996,3.3499999999999996,3.3499999999999996,1625.0707185741976,641.147872959775,432.2604708493311,13
3.3499999999999996,3.3499999999999996,3.3499999999999996,1592.0571648899927,628.122858428689,423.47903500359456,13
3.3499999999999996,3.3499999999999996,3.3499999999999996,1546.1650610621436,610.0168003854485,411.2719709157639,13
3.3499999999999996,3.3499999999999996,3.3499999999999996,1697.7995813920256,669.8419815702272,451.60597509517316,13
3.3499999999999996,3.3499999999999996,3.3499999999999996,1804.2598030560066,711.8443042350367,479.9238476758644,13
3.3499999999999996,3.3499999999999996,3.3499999999999996,2075.594327072835,818.8953703489941,552.0974385040215,13
3.3499999999999996,3.3499999999999996,3.3499999999999996,1832.5882860979877,723.0208926991246,487.45907877578713,13
3.3499999999999996,3.3499999999999996,3.3499999999999996,2226.051449329733,878.2560263525035,592.1182608387344,13
3.3499999999999996,3.3499999999999996,3.3499999999999996,1958.651137484034,772.7571460828062,520.9911502566836,13
3.3499999999999996,3.3499999999999996,3.3499999999999996,2071.5570128778218,817.3025071098643,551.0235336487091,13
3.3499999999999996,3.3499999999999996,3.3499999999999996,1853.13905731633,731.1288987715518,492.92547844788976,13
3.3499999999999996,3.3499999999999996,3.3499999999999996,1497.3602789358504,590.7615877396923,398.29014934917996,13
3.3499999999999996,3.3499999999999996,3.3499999999999996,1511.1201042511782,596.1903254754635,401.95019226400575,13
3.3499999999999996,3.3499999999999996,3.3499999999999996,2060.73578126291,813.0331485192469,548.1451415765564,13
3.3499999999999996,3.3499999999999996,3.3499999999999996,1733.885158788863,684.0790181053551,461.2045534820341,13
3.3499999999999996,3.3499999999999996,3.3499999999999996,1715.0657073252132,676.6540789083857,456.19867597909024,13
3.3499999999999996,3.3499999999999996,3.3499999999999996,2036.9552739575536,803.6508973332117,541.8196486811651,13
3.3499999999999996,3.3499999999999996,3.3499999999999996,1916.4054672907757,756.0897350731904,509.754018801195,13
3.3499999999999996,3.3499999999999996,3.3499999999999996,1505.5284549147577,593.9842220502977,400.4628422383364,13
3.3499999999999996,3.3499999999999996,3.3499999999999996,1276.8686908100406,503.7698580158198,339.6405185286812,13
3.3499999999999996,3.3499999999999996,3.3499999999999996,1020.8192530046518,402.74929900562097,271.53268218567445,13
3.3499999999999996,3.3499999999999996,3.3499999999999996,997.4432725823814,393.5266479820164,265.31479136504555,13
3.3499999999999996,3.3499999999999996,3.3499999999999996,1189.4613568216344,469.28457338960965,316.39061628524973,13
3.3499999999999996,3.3499999999999996,3.3499999999999996,1313.7827525947343,518.3337609432735,349.45946951071176,13
3.3499999999999996,3.3499999999999996,3.3499999999999996,1369.8771129631778,540.4649700187907,364.38028147766994,13
3.3499999999999996,3.3499999999999996,3.3499999999999996,1470.3751227024115,580.1149892115146,391.11223628602215,13
3.3499999999999996,3.3499999999999996,3.3499999999999996,1628.326427489277,642.4323652726451,433.1264727115855,13
3.3499999999999996,3.3499999999999996,3.3499999999999996,1711.4711105557183,675.2358833513753,455.24253168682293,13
3.3499999999999996,3.3499999999999996,3.3499999999999996,937.9775766977374,370.0653278100774,249.49722145336068,13
3.3499999999999996,3.3499999999999996,3.3499999999999996,1392.1716686047553,549.2609607192584,370.3105188567917,13
3.3499999999999996,3.3499999999999996,3.3499999999999996,1722.8399445189013,679.7212904356421,458.2665831731762,13
3.3499999999999996,3.3499999999999996,3.3499999999999996,1748.4514519126676,689.8259359142181,465.0791126949092,13
3.3499999999999996,3.3499999999999996,3.3499999999999996,1451.1824104290347,572.5427854238538,386.0070733233638,13
3.3499999999999996,3.3499999999999996,3.3499999999999996,1341.900180299929,529.4270806125264,356.93856097424083,13
3.3499999999999996,3.3499999999999996,3.3499999999999996,1264.9773238761984,499.07829319400935,336.47747595390956,13
3.3499999999999996,3.3499999999999996,3.3499999999999996,1179.0693529732082,465.1845603335292,313.6263965960721,13
3.3499999999999996,3.3499999999999996,3.3499999999999996,685.2992761525469,270.3748016772955,182.28609032000136,13
3.3499999999999996,3.3499999999999996,3.3499999999999996,996.3133990201756,393.0808729010665,265.0142507963078,13
3.3499999999999996,3.3499999999999996,3.3499999999999996,1191.0281721440783,469.9027374484557,316.8073811197104,13
3.3499999999999996,3.3499999999999996,3.3499999999999996,1622.5520405778473,640.1541654111905,431.59051542882145,13
3.3499999999999996,3.3499999999999996,3.3499999999999996,1649.3062542820364,650.7096489437484,438.70699896445683,13
3.3499999999999996,3.3499999999999996,3.3499999999999996,1592.454700926573,628.2797004549252,423.58477754906534,13
3.3499999999999996,3.3499999999999996,3.3499999999999996,1465.2608909097999,578.097243892386,389.75187687677345,13
3.3499999999999996,3.3499999999999996,3.3499999999999996,1403.5450357130335,553.748156289591,373.33577613647486,13
3.3499999999999996,3.3499999999999996,3.3499999999999996,1520.7976430261444,600.0084567913111,404.524367910466,13
3.3499999999999996,3.3499999999999996,3.3499999999999996,1564.2063800841997,617.134738813709,416.07086918282465,13
3.3499999999999996,3.3499999999999996,3.3499999999999996,1498.0870112080088,591.0483093236701,398.4834564037925,13
3.3499999999999996,3.3499999999999996,3.3499999999999996,1205.910492140852,475.7743390357454,320.766001858862,13
3.3499999999999996,3.3499999999999996,3.3499999999999996,1428.5098032808621,563.5976400333459,379.97627618374787,13
3.3499999999999996,3.3499999999999996,3.3499999999999996,1579.131180759651,623.023100531167,420.0407895644824,13
3.3499999999999996,3.3499999999999996,3.3499999999999996,1619.9990800107637,639.1469321759674,430.91144102044404,13
3.3499999999999996,3.3499999999999996,3.3499999999999996,1545.4435038059933,609.7321205283126,411.0800403888501,13
3.3499999999999996,3.3499999999999996,3.3499999999999996,1855.04329595534,731.8801882625595,493.43199615281156,13
3.3499999999999996,3.3499999999999996,3.3499999999999996,2363.1057653853463,932.32880128756,628.5740055106407,13
3.3499999999999996,3.3499999999999996,3.3499999999999996,1865.3498032392156,735.9464699001356,496.1734741946097,13
3.3499999999999996,3.3499999999999996,3.3499999999999996,1524.5520096865246,601.4896872209171,405.52301017372747,13
3.3499999999999996,3.3499999999999996,3.3499999999999996,2007.5025558271525,792.0307583655004,533.9853768175936,13
3.3499999999999996,3.3499999999999996,3.3499999999999996,2115.6860919305664,834.7129895257709,562.76164219467,13
3.3499999999999996,3.3499999999999996,3.3499999999999996,2568.800424108371,1013.513527580834,683.2841687661274,14
3.3499999999999996,3.3499999999999996,3.3499999999999996,2439.158825927014,962.3637721304428,648.8003486843835,14
3.3499999999999996,3.3499999999999996,3.3499999999999996,1625.0707185741976,641.1674262791898,432.2582185467205,14
3.3499999999999996,3.3499999999999996,3.3499999999999996,1592.0571648899927,628.1420145195077,423.47682845684693,14
3.3499999999999996,3.3499999999999996,3.3499999999999996,1546.1650610621436,610.0354042892428,411.26982797418987,14
3.3499999999999996,3.3499999999999996,3.3499999999999996,1697.7995813920256,669.8624099842882,451.60362199239063,14
3.3499999999999996,3.3499999999999996,3.3499999999999996,1804.2598030560066,711.8660136091787,479.92134702218925,14
3.3499999999999996,3.3499999999999996,3.3499999999999996,2075.594327072835,818.9203444983583,552.0945617882772,14
3.3499999999999996,3.3499999999999996,3.3499999999999996,1832.5882860979877,723.0429429297419,487.456538859626,14
3.3499999999999996,3.3499999999999996,3.3499999999999996,2226.051449329733,878.2828108453414,592.1151755936227,14
3.3499999999999996,3.3499999999999996,3.3499999999999996,1958.651137484034,772.780713137997,520.9884356209326,14
3.3499999999999996,3.3499999999999996,3.3499999999999996,2071.5570128778218,817.3274326811,551.0206625285695,14
3.3499999999999996,3.3499999999999996,3.3499999999999996,1853.13905731633,731.1511962749735,492.92291004893383,14
3.3499999999999996,3.3499999999999996,3.3499999999999996,1497.3602789358504,590.779604410277,398.2880740496704,14
3.3499999999999996,3.3499999999999996,3.3499999999999996,1511.1201042511782,596.2085077082335,401.9480978937627,14
3.3499999999999996,3.3499999999999996,3.3499999999999996,2060.73578126291,813.057943886304,548.1422854543415,14
3.3499999999999996,3.3499999999999996,3.3499999999999996,1733.885158788863,684.0998807114873,461.2021503656497,14
3.3499999999999996,3.3499999999999996,3.3499999999999996,1715.0657073252132,676.674715073452,456.1962989459397,14
3.3499999999999996,3.3499999999999996,3.3499999999999996,2036.9552739575536,803.6754065663487,541.816825518069,14
3.3499999999999996,3.3499999999999996,3.3499999999999996,1916.4054672907757,756.1127938162974,509.7513627167626,14
3.3499999999999996,3.3499999999999996,3.3499999999999996,1505.5284549147577,594.0023370027308,400.4607556179631,14
3.3499999999999996,3.3499999999999996,3.3499999999999996,1276.8686908100406,503.7852216680455,339.6387488243521,14
3.3499999999999996,3.3499999999999996,3.3499999999999996,1020.8192530046518,402.7615817971886,271.5312673587119,14
3.3499999999999996,3.3499999999999996,3.3499999999999996,997.4432725823814,393.538649507048,265.3134089365388,14
3.3499999999999996,3.3499999999999996,3.3499999999999996,1189.4613568216344,469.29888533159215,316.38896772504324,14
3.3499999999999996,3.3499999999999996,3.3499999999999996,1313.7827525947343,518.3495687561334,349.45764864452417,14
3.3499999999999996,3.3499999999999996,3.3499999999999996,1369.8771129631778,540.4814527751673,364.37838286626646,14
3.3499999999999996,3.3499999999999996,3.3499999999999996,1470.3751227024115,580.1326811889193,391.110198387185,14
3.3499999999999996,3.3499999999999996,3.3499999999999996,1628.326427489277,642.4519577656885,433.12421589665314,14
3.3499999999999996,3.3499999999999996,3.3499999999999996,1711.4711105557183,675.2564762652169,455.240159635683,14
3.3499999999999996,3.3499999999999996,3.3499999999999996,937.9775766977374,370.0766138267114,249.4959214426469,14
3.3499999999999996,3.3499999999999996,3.3499999999999996,1392.1716686047553,549.2777117301563,370.30858934575696,14
3.3499999999999996,3.3499999999999996,3.3499999999999996,1722.8399445189013,679.7420201425717,458.26419536515004,14
3.3499999999999996,3.3499999999999996,3.3499999999999996,1748.4514519126676,689.8469737861889,465.0766893900494,14
3.3499999999999996,3.3499999999999996,3.3499999999999996,1451.1824104290347,572.5602464690108,386.00506202508956,14
3.3499999999999996,3.3499999999999996,3.3499999999999996,1341.900180299929,529.4432267423831,356.93670113808423,14
3.3499999999999996,3.3499999999999996,3.3499999999999996,1264.9773238761984,499.09351376587966,336.4757227306829,14
3.3499999999999996,3.3499999999999996,3.3499999999999996,1179.0693529732082,465.1987472359252,313.6247624388925,14
3.3499999999999996,3.3499999999999996,3.3499999999999996,685.2992761525469,270.38304739576694,182.2851405143522,14
3.3499999999999996,3.3499999999999996,3.3499999999999996,996.3133990201756,393.09286083113363,265.01286993377425,14
3.3499999999999996,3.3499999999999996,3.3499999999999996,1191.0281721440783,469.91706824281187,316.8057303879417,14
3.3499999999999996,3.3499999999999996,3.3499999999999996,1622.5520405778473,640.1736884251457,431.588266617028,14
3.3499999999999996,3.3499999999999996,3.3499999999999996,1649.3062542820364,650.7294938721164,438.7047130720709,14
3.3499999999999996,3.3499999999999996,3.3499999999999996,1592.454700926573,628.2988613290121,423.5825704513437,14
3.3499999999999996,3.3499999999999996,3.3499999999999996,1465.2608909097999,578.1148743338792,389.74984606611866,14
3.3499999999999996,3.3499999999999996,3.3499999999999996,1403.5450357130335,553.765044148121,373.33383086227104,14
3.3499999999999996,3.3499999999999996,3.3499999999999996,1520.7976430261444,600.0267554670178,404.52226012742466,14
3.3499999999999996,3.3499999999999996,3.3499999999999996,1564.2063800841997,617.1535597958552,416.0687012364867,14
3.3499999999999996,3.3499999999999996,3.3499999999999996,1498.0870112080088,591.066334738507,398.4813800970523,14
3.3499999999999996,3.3499999999999996,3.3499999999999996,1205.910492140852,475.7888488984666,320.76433050061365,14
3.3499999999999996,3.3499999999999996,3.3499999999999996,1428.5098032808621,563.6148282751569,379.9742963090737,14
3.3499999999999996,3.3499999999999996,3.3499999999999996,1579.131180759651,623.042101092818,420.0386009327876,14
3.3499999999999996,3.3499999999999996,3.3499999999999996,1619.9990800107637,639.166424471965,430.9091957469827,14
3.3499999999999996,3.3499999999999996,3.3499999999999996,1545.4435038059933,609.750715750122,411.0778984473342,14
3.3499999999999996,3.3499999999999996,3.3499999999999996,1855.04329595534,731.9025086783296,493.4294251146342,14
3.3499999999999996,3.3499999999999996,3.3499999999999996,2363.1057653853463,932.3572348574434,628.5707303120763,14
3.3499999999999996,3.3499999999999996,3.3499999999999996,1865.3498032392156,735.9689143267728,496.1708888719012,14
3.3499999999999996,3.3499999999999996,3.3499999999999996,1524.5520096865246,601.5080310702458,405.52089718723886,14
3.3499999999999996,3.3499999999999996,3.3499999999999996,2007.5025558271525,792.0549132150413,533.9825944751418,14
3.3499999999999996,3.3499999999999996,3.3499999999999996,2115.6860919305664,834.7384460708089,562.7587099128597,14
3.3499999999999996,3.3499999999999996,3.3499999999999996,2568.800424108371,1013.5166184345148,683.2838127709693,15
3.3499999999999996,3.3499999999999996,3.3499999999999996,2439.158825927014,962.3667069956681,648.800010655503,15
3.3499999999999996,3.3499999999999996,3.3499999999999996,1625.0707185741976,641.1693816104663,432.2579933375909,15
3.3499999999999996,3.3499999999999996,3.3499999999999996,1592.0571648899927,628.1439301279381,423.47660782287437,15
3.3499999999999996,3.3499999999999996,3.3499999999999996,1546.1650610621436,610.0372646789895,411.26961370013805,15
3.3499999999999996,3.3499999999999996,3.3499999999999996,1697.7995813920256,669.8644528249995,451.6033867041897,15
3.3499999999999996,3.3499999999999996,3.3499999999999996,1804.2598030560066,711.8681845458545,479.92109698028355,15
3.3499999999999996,3.3499999999999996,3.3499999999999996,2075.594327072835,818.9228419124453,552.0942741436928,15
3.3499999999999996,3.3499999999999996,3.3499999999999996,1832.5882860979877,723.0451479520538,487.45628489184,15
3.3499999999999996,3.3499999999999996,3.3499999999999996,2226.051449329733,878.2854892937142,592.1148670980577,15
3.3499999999999996,3.3499999999999996,3.3499999999999996,1958.651137484034,772.7830698427147,520.9881641828268,15
3.3499999999999996,3.3499999999999996,3.3499999999999996,2071.5570128778218,817.3299252373758,551.0203754434931,15
3.3499999999999996,3.3499999999999996,3.3499999999999996,1853.13905731633,731.1534260245572,492.9226532331356,15
3.3499999999999996,3.3499999999999996,3.3499999999999996,1497.3602789358504,590.7814060767226,398.28786653919025,15
3.3499999999999996,3.3499999999999996,3.3499999999999996,1511.1201042511782,596.210325930892,401.94788847638813,15
3.3499999999999996,3.3499999999999996,3.3499999999999996,2060.73578126291,813.0604234221663,548.1419998689169,15
3.3499999999999996,3.3499999999999996,3.3499999999999996,1733.885158788863,684.1019669713909,461.2019100765577,15
3.3499999999999996,3.3499999999999996,3.3499999999999996,1715.0657073252132,676.6767786892568,456.1960612649264,15
3.3499999999999996,3.3499999999999996,3.3499999999999996,2036.9552739575536,803.6778574888287,541.8165432282468,15
3.3499999999999996,3.3499999999999996,3.3499999999999996,1916.4054672907757,756.1150996898239,509.75109713323945,15
3.3499999999999996,3.3499999999999996,3.3499999999999996,1505.5284549147577,594.004148497358,400.46054697550295,15
3.3499999999999996,3.3499999999999996,3.3499999999999996,1276.8686908100406,503.7867580327455,339.6385718705228,15
3.3499999999999996,3.3499999999999996,3.3499999999999996,1020.8192530046518,402.76281007592763,271.53112588928985,15
3.3499999999999996,3.3499999999999996,3.3499999999999996,997.4432725823814,393.539849659143,265.31327070665833,15
3.3499999999999996,3.3499999999999996,3.3499999999999996,1189.4613568216344,469.30031652530363,316.3888028844897,15
3.3499999999999996,3.3499999999999996,3.3499999999999996,1313.7827525947343,518.3511495368817,349.45746657498927,15
3.3499999999999996,3.3499999999999996,3.3499999999999996,1369.8771129631778,540.4831010502444,364.3781930229392,15
3.3499999999999996,3.3499999999999996,3.3499999999999996,1470.3751227024115,580.134450386058,391.1099946164213,15
3.3499999999999996,3.3499999999999996,3.3499999999999996,1628.326427489277,642.4539170143264,433.12399023633395,15
3.3499999999999996,3.3499999999999996,3.3499999999999996,1711.4711105557183,675.2585355559006,455.2399224528241,15
3.3499999999999996,3.3499999999999996,3.3499999999999996,937.9775766977374,370.0777424279909,249.49579145377248,15
3.3499999999999996,3.3499999999999996,3.3499999999999996,1392.1716686047553,549.2793868306763,370.3083964127565,15
3.3499999999999996,3.3499999999999996,3.3499999999999996,1722.8399445189013,679.7440931125597,458.26395660675036,15
3.3499999999999996,3.3499999999999996,3.3499999999999996,1748.4514519126676,689.8490775726704,465.07644708229924,15
3.3499999999999996,3.3499999999999996,3.3499999999999996,1451.1824104290347,572.5619925729327,386.0048609141327,15
3.3499999999999996,3.3499999999999996,3.3499999999999996,1341.900180299929,529.4448413548196,356.9365151719179,15
3.3499999999999996,3.3499999999999996,3.3499999999999996,1264.9773238761984,499.095035822549,336.47554742480924,15
3.3499999999999996,3.3499999999999996,3.3499999999999996,1179.0693529732082,465.2001659256823,313.62459903850674,15
3.3499999999999996,3.3499999999999996,3.3499999999999996,685.2992761525469,270.3838719673336,182.28504554269853,15
3.3499999999999996,3.3499999999999996,3.3499999999999996,996.3133990201756,393.0940596237326,265.01273186047644,15
3.3499999999999996,3.3499999999999996,3.3499999999999996,1191.0281721440783,469.91850132176006,316.8055653302523,15
3.3499999999999996,3.3499999999999996,3.3499999999999996,1622.5520405778473,640.1756407258772,431.5880417569476,15
3.3499999999999996,3.3499999999999996,3.3499999999999996,1649.3062542820364,650.7314783642784,438.7044845042789,15
3.3499999999999996,3.3499999999999996,3.3499999999999996,1592.454700926573,628.3007774157692,423.5823497622791,15
3.3499999999999996,3.3499999999999996,3.3499999999999996,1465.2608909097999,578.1166373774289,389.7496430041067,15
3.3499999999999996,3.3499999999999996,3.3499999999999996,1403.5450357130335,553.7667329333996,373.3336363531018,15
3.3499999999999996,3.3499999999999996,3.3499999999999996,1520.7976430261444,600.0285853339661,404.52204936889615,15
3.3499999999999996,3.3499999999999996,3.3499999999999996,1564.2063800841997,617.1554418934297,416.0684844621929,15
3.3499999999999996,3.3499999999999996,3.3499999999999996,1498.0870112080088,591.0681372793775,398.4811724858585,15
3.3499999999999996,3.3499999999999996,3.3499999999999996,1205.910492140852,475.7902998842452,320.76416338046977,15
3.3499999999999996,3.3499999999999996,3.3499999999999996,1428.5098032808621,563.6165470987535,379.9740983401819,15
3.3499999999999996,3.3499999999999996,3.3499999999999996,1579.131180759651,623.0440011483369,420.03838209015225,15
3.3499999999999996,3.3499999999999996,3.3499999999999996,1619.9990800107637,639.1683737009017,430.90897124070216,15
3.3499999999999996,3.3499999999999996,3.3499999999999996,1545.4435038059933,609.7525752716705,411.0776842732788,15
3.3499999999999996,3.3499999999999996,3.3499999999999996,1855.04329595534,731.9047407191474,493.4291680349385,15
3.3499999999999996,3.3499999999999996,3.3499999999999996,2363.1057653853463,932.3600782134646,628.5704028229484,15
3.3499999999999996,3.3499999999999996,3.3499999999999996,1865.3498032392156,735.9711587686731,496.17063036388635,15
3.3499999999999996,3.3499999999999996,3.3499999999999996,1524.5520096865246,601.5098654545548,405.52068590841446,15
3.3499999999999996,3.3499999999999996,3.3499999999999996,2007.5025558271525,792.0573286991738,533.9823162670011,15
3.3499999999999996,3.3499999999999996,3.3499999999999996,2115.6860919305664,834.7409917244469,562.7584167121901,15
3.3499999999999996,3.3499999999999996,3.3499999999999996,2568.800424108371,1052.5955649639766,639.8605564135775,16
3.3499999999999996,3.3499999999999996,3.3499999999999996,2439.158825927014,999.4734267083729,607.5682286919869,16
3.3499999999999996,3.3499999999999996,3.3499999999999996,1625.0707185741976,665.8914468677539,404.78763723313324,16
3.3499999999999996,3.3499999999999996,3.3499999999999996,1592.0571648899927,652.3637629474447,396.56431609408565,16
3.3499999999999996,3.3499999999999996,3.3499999999999996,1546.1650610621436,633.5589447518751,385.1330866320033,16
3.3499999999999996,3.3499999999999996,3.3499999999999996,1697.7995813920256,695.6929362043538,422.90361471164636,16
3.3499999999999996,3.3499999999999996,3.3499999999999996,1804.2598030560066,739.316238395097,449.4217108745555,16
3.3499999999999996,3.3499999999999996,3.3499999999999996,2075.594327072835,850.4986852373263,517.0082224159818,16
3.3499999999999996,3.3499999999999996,3.3499999999999996,1832.5882860979877,750.924160650286,456.4780313078124,16
3.3499999999999996,3.3499999999999996,3.3499999999999996,2226.051449329733,912.1502242664138,554.4854732993782,16
3.3499999999999996,3.3499999999999996,3.3499999999999996,1958.651137484034,802.5798661812921,487.8789316945972,16
3.3499999999999996,3.3499999999999996,3.3499999999999996,2071.5570128778218,848.8443492382531,516.0025708741208,16
3.3499999999999996,3.3499999999999996,3.3499999999999996,1853.13905731633,759.3450758907236,461.59700738049065,16
3.3499999999999996,3.3499999999999996,3.3499999999999996,1497.3602789358504,613.5606230710458,372.9763403336557,16
3.3499999999999996,3.3499999999999996,3.3499999999999996,1511.1201042511782,619.198869999715,376.4037648232304,16
3.3499999999999996,3.3499999999999996,3.3499999999999996,2060.73578126291,844.4102249293327,513.3071184687044,16
3.3499999999999996,3.3499999999999996,3.3499999999999996,1733.885158788863,710.4794172289589,431.89214391576303,16
3.3499999999999996,3.3499999999999996,3.3499999999999996,1715.0657073252132,702.7679302018697,427.2044209724329,16
3.3499999999999996,3.3499999999999996,3.3499999999999996,2036.9552739575536,834.6658881224357,507.38364987480446,16
3.3499999999999996,3.3499999999999996,3.3499999999999996,1916.4054672907757,785.2692161724306,477.35598963096623,16
3.3499999999999996,3.3499999999999996,3.3499999999999996,1505.5284549147577,616.9076272713537,375.01094511559836,16
3.3499999999999996,3.3499999999999996,3.3499999999999996,1276.8686908100406,523.211654893166,318.0542572716115,16
3.3499999999999996,3.3499999999999996,3.3499999999999996,1020.8192530046518,418.2924482019648,254.27509630374183,16
3.3499999999999996,3.3499999999999996,3.3499999999999996,997.4432725823814,408.7138709453424,248.4523910054513,16
3.3499999999999996,3.3499999999999996,3.3499999999999996,1189.4613568216344,487.39549290640684,296.2820305016545,16
3.3499999999999996,3.3499999999999996,3.3499999999999996,1313.7827525947343,538.3376169393853,327.24915302581854,16
3.3499999999999996,3.3499999999999996,3.3499999999999996,1369.8771129631778,561.3229272769173,341.2216548598115,16
3.3499999999999996,3.3499999999999996,3.3499999999999996,1470.3751227024115,602.5031444500522,366.25462815999435,16
3.3499999999999996,3.3499999999999996,3.3499999999999996,1628.326427489277,667.225511099706,405.59859930646996,16
3.3499999999999996,3.3499999999999996,3.3499999999999996,1711.4711105557183,701.2950027677668,426.3090455795353,16
3.3499999999999996,3.3499999999999996,3.3499999999999996,937.9775766977374,384.34711704409335,233.64012575542674,16
3.3499999999999996,3.3499999999999996,3.3499999999999996,1392.1716686047553,570.4583782722248,346.7749888767056,16
3.3499999999999996,3.3499999999999996,3.3499999999999996,1722.8399445189013,705.953513446973,429.1408998400626,16
3.3499999999999996,3.3499999999999996,3.3499999999999996,1748.4514519126676,716.4481236322225,435.5204508623084,16
3.3499999999999996,3.3499999999999996,3.3499999999999996,1451.1824104290347,594.6387095064158,361.4739299636403,16
3.3499999999999996,3.3499999999999996,3.3499999999999996,1341.900180299929,549.8590568390832,334.25290184472857,16
3.3499999999999996,3.3499999999999996,3.3499999999999996,1264.9773238761984,518.3390303099364,315.0922456682978,16
3.3499999999999996,3.3499999999999996,3.3499999999999996,1179.0693529732082,483.1372496192746,293.6934941162271,16
3.3499999999999996,3.3499999999999996,3.3499999999999996,685.2992761525469,280.8092726789284,170.70067882015093,16
3.3499999999999996,3.3499999999999996,3.3499999999999996,996.3133990201756,408.2508922376989,248.1709516536803,16
3.3499999999999996,3.3499999999999996,3.3499999999999996,1191.0281721440783,488.0375135336397,296.67230734628885,16
3.3499999999999996,3.3499999999999996,3.3499999999999996,1622.5520405778473,664.8593895449469,404.16026163437266,16
3.3499999999999996,3.3499999999999996,3.3499999999999996,1649.3062542820364,675.822236804248,410.8244485079451,16
3.3499999999999996,3.3499999999999996,3.3499999999999996,1592.454700926573,652.5266579178328,396.66333804502176,16
3.3499999999999996,3.3499999999999996,3.3499999999999996,1465.2608909097999,600.4075290598573,364.980728027568,16
3.3499999999999996,3.3499999999999996,3.3499999999999996,1403.5450357130335,575.1187464598531,349.6079722949192,16
3.3499999999999996,3.3499999999999996,3.3499999999999996,1520.7976430261444,623.1643529927476,378.8143356434269,16
3.3499999999999996,3.3499999999999996,3.3499999999999996,1564.2063800841997,640.951583047358,389.6269851534872,16
3.3499999999999996,3.3499999999999996,3.3499999999999996,1498.0870112080088,613.8584099911238,373.15736152614016,16
3.3499999999999996,3.3499999999999996,3.3499999999999996,1205.910492140852,494.1357155885604,300.3793331878024,16
3.3499999999999996,3.3499999999999996,3.3499999999999996,1428.5098032808621,585.3483475513328,355.8264273826596,16
3.3499999999999996,3.3499999999999996,3.3499999999999996,1579.131180759651,647.0671920497211,393.34459247515,16
3.3499999999999996,3.3499999999999996,3.3499999999999996,1619.9990800107637,663.8132845438656,403.5243466159754,16
3.3499999999999996,3.3499999999999996,3.3499999999999996,1545.4435038059933,633.2632783542199,384.9533544803455,16
3.3499999999999996,3.3499999999999996,3.3499999999999996,1855.04329595534,760.1253596088527,462.0713327440596,16
3.3499999999999996,3.3499999999999996,3.3499999999999996,2363.1057653853463,968.3098090614776,588.6242293145193,16
3.3499999999999996,3.3499999999999996,3.3499999999999996,1865.3498032392156,764.3485696937861,464.63857285483226,16
3.3499999999999996,3.3499999999999996,3.3499999999999996,1524.5520096865246,624.7027479801029,379.7495079977078,16
3.3499999999999996,3.3499999999999996,3.3499999999999996,2007.5025558271525,822.5972975891891,500.0472945729512,16
3.3499999999999996,3.3499999999999996,3.3499999999999996,2115.6860919305664,866.9267477231359,526.9946498272801,16
3.3499999999999996,3.3499999999999996,3.3499999999999996,2568.800424108371,1017.9811468468047,679.0697110812895,17
3.3499999999999996,3.3499999999999996,3.3499999999999996,2439.158825927014,966.6059206684153,644.7985852301297,17
3.3499999999999996,3.3499999999999996,3.3499999999999996,1625.0707185741976,643.9937249603679,429.59207456993494,17
3.3499999999999996,3.3499999999999996,3.3499999999999996,1592.0571648899927,630.9108965220316,420.8648475920427,17
3.3499999999999996,3.3499999999999996,3.3499999999999996,1546.1650610621436,612.7244714313778,408.7331391904034,17
3.3499999999999996,3.3499999999999996,3.3499999999999996,1697.7995813920256,672.8151976155876,448.81815667326373,17
3.3499999999999996,3.3499999999999996,3.3499999999999996,1804.2598030560066,715.0039552652526,476.96121959420003,17
3.3499999999999996,3.3499999999999996,3.3499999999999996,2075.594327072835,822.5301870991859,548.6892740982557,17
3.3499999999999996,3.3499999999999996,3.3499999999999996,1832.5882860979877,726.2301530597022,484.4499347992227,17
3.3499999999999996,3.3499999999999996,3.3499999999999996,2226.051449329733,882.1543262222201,588.4630430459066,17
3.3499999999999996,3.3499999999999996,3.3499999999999996,1958.651137484034,776.1871698930704,517.7750087385576,17
3.3499999999999996,3.3499999999999996,3.3499999999999996,2071.5570128778218,820.9302536454819,547.6219985877793,17
3.3499999999999996,3.3499999999999996,3.3499999999999996,1853.13905731633,734.3741479987777,489.88258972358545,17
3.3499999999999996,3.3499999999999996,3.3499999999999996,1497.3602789358504,593.3837910055028,395.8314559818331,17
3.3499999999999996,3.3499999999999996,3.3499999999999996,1511.1201042511782,598.836625185788,399.46890500812395,17
3.3499999999999996,3.3499999999999996,3.3499999999999996,2060.73578126291,816.6419447265566,544.7613751787685,17
3.3499999999999996,3.3499999999999996,3.3499999999999996,1733.885158788863,687.1154278391217,458.357481872331,17
3.3499999999999996,3.3499999999999996,3.3499999999999996,1715.0657073252132,679.6575316926574,453.38250625795854,17
3.3499999999999996,3.3499999999999996,3.3499999999999996,2036.9552739575536,807.2180487040742,538.4749303177123,17
3.3499999999999996,3.3499999999999996,3.3499999999999996,1916.4054672907757,759.4457775338052,506.6072454575588,17
3.3499999999999996,3.3499999999999996,3.3499999999999996,1505.5284549147577,596.6207295674155,397.99073657444006,17
3.3499999999999996,3.3499999999999996,3.3499999999999996,1276.8686908100406,506.00593259196177,337.54387644111443,17
3.3499999999999996,3.3499999999999996,3.3499999999999996,1020.8192530046518,404.5369753696109,269.85647802697576,17
3.3499999999999996,3.3499999999999996,3.3499999999999996,997.4432725823814,395.27338792404635,263.6769710000323,17
3.3499999999999996,3.3499999999999996,3.3499999999999996,1189.4613568216344,471.3675787279305,314.43749866227444,17
3.3499999999999996,3.3499999999999996,3.3499999999999996,1313.7827525947343,520.6344800640371,347.3022138486108,17
3.3499999999999996,3.3499999999999996,3.3499999999999996,1369.8771129631778,542.8639225554,362.1309178347954,17
3.3499999999999996,3.3499999999999996,3.3499999999999996,1470.3751227024115,582.689935604147,388.69785304602493,17
3.3499999999999996,3.3499999999999996,3.3499999999999996,1628.326427489277,645.2839187271031,430.45273049772845,17
3.3499999999999996,3.3499999999999996,3.3499999999999996,1711.4711105557183,678.2330412154993,452.43226436029835,17
3.3499999999999996,3.3499999999999996,3.3499999999999996,937.9775766977374,371.7079303950891,247.95704486460687,17
3.3499999999999996,3.3499999999999996,3.3499999999999996,1392.1716686047553,551.6989558680135,368.0245471397917,17
3.3499999999999996,3.3499999999999996,3.3499999999999996,1722.8399445189013,682.7383575987948,455.4376480102913,17
3.3499999999999996,3.3499999999999996,3.3499999999999996,1748.4514519126676,692.887854392899,462.2081229615626,17
3.3499999999999996,3.3499999999999996,3.3499999999999996,1451.1824104290347,575.0841212061933,383.62420487311476,17
3.3499999999999996,3.3499999999999996,3.3499999999999996,1341.900180299929,531.7770394598887,354.73513597402007,17
3.3499999999999996,3.3499999999999996,3.3499999999999996,1264.9773238761984,501.2935434023304,334.40035971153884,17
3.3499999999999996,3.3499999999999996,3.3499999999999996,1179.0693529732082,467.2493670146444,311.69034283627997,17
3.3499999999999996,3.3499999999999996,3.3499999999999996,685.2992761525469,271.57490964413824,181.1608161901698,17
3.3499999999999996,3.3499999999999996,3.3499999999999996,996.3133990201756,394.82563418893653,263.37828570465285,17
3.3499999999999996,3.3499999999999996,3.3499999999999996,1191.0281721440783,471.9884866209179,314.85169075689737,17
3.3499999999999996,3.3499999999999996,3.3499999999999996,1622.5520405778473,642.9956066592342,428.92625486543915,17
3.3499999999999996,3.3499999999999996,3.3499999999999996,1649.3062542820364,653.5979426344117,435.998807485644,17
3.3499999999999996,3.3499999999999996,3.3499999999999996,1592.454700926573,631.0684347202633,420.9699373759634,17
3.3499999999999996,3.3499999999999996,3.3499999999999996,1465.2608909097999,580.6632341536869,387.3458913002942,17
3.3499999999999996,3.3499999999999996,3.3499999999999996,1403.5450357130335,556.2060686758969,371.0311291396061,17
3.3499999999999996,3.3499999999999996,3.3499999999999996,1520.7976430261444,602.6717039752248,402.02718995631164,17
3.3499999999999996,3.3499999999999996,3.3499999999999996,1564.2063800841997,619.8740041301186,413.5024132768034,17
3.3499999999999996,3.3499999999999996,3.3499999999999996,1498.0870112080088,593.6717852556278,396.0235697285674,17
3.3499999999999996,3.3499999999999996,3.3499999999999996,1205.910492140852,477.8861503848578,318.785874450415,17
3.3499999999999996,3.3499999999999996,3.3499999999999996,1428.5098032808621,566.0992711531904,377.6306365752144,17
3.3499999999999996,3.3499999999999996,3.3499999999999996,1579.131180759651,625.7885024171271,417.44782685876424,17
3.3499999999999996,3.3499999999999996,3.3499999999999996,1619.9990800107637,641.98390263523,428.251372465693,17
3.3499999999999996,3.3499999999999996,3.3499999999999996,1545.4435038059933,612.4385279706722,408.5423934738955,17
3.3499999999999996,3.3499999999999996,3.3499999999999996,1855.04329595534,735.1287722254858,490.3859806333215,17
3.3499999999999996,3.3499999999999996,3.3499999999999996,2363.1057653853463,936.4671130503461,624.693741987275,17
3.3499999999999996,3.3499999999999996,3.3499999999999996,1865.3498032392156,739.2131027972024,493.110535198882,17
3.3499999999999996,3.3499999999999996,3.3499999999999996,1524.5520096865246,604.1595091167799,403.0196674798399,17
3.3499999999999996,3.3499999999999996,3.3499999999999996,2007.5025558271525,795.5463316260347,530.6890203639205,17
3.3499999999999996,3.3499999999999996,3.3499999999999996,2115.6860919305664,838.4180156692672,559.2876463669494,17
3.3499999999999996,3.3499999999999996,3.3499999999999996,2568.800424108371,1013.969695873729,682.8634480002694,18
3.3499999999999996,3.3499999999999996,3.3499999999999996,2439.158825927014,962.79691863232,648.4008607523266,18
3.3499999999999996,3.3499999999999996,3.3499999999999996,1625.0707185741976,641.4560067888194,431.9920627991287,18
3.3499999999999996,3.3499999999999996,3.3499999999999996,1592.0571648899927,628.4247324731033,423.21607970290864,18
3.3499999999999996,3.3499999999999996,3.3499999999999996,1546.1650610621436,610.3099727102925,411.0165954760447,18
3.3499999999999996,3.3499999999999996,3.3499999999999996,1697.7995813920256,670.1639057055803,451.32555463711725,18
3.3499999999999996,3.3499999999999996,3.3499999999999996,1804.2598030560066,712.1864145662073,479.6258435027157,18
3.3499999999999996,3.3499999999999996,3.3499999999999996,2075.594327072835,819.2889291155353,551.7546188224082,18
3.3499999999999996,3.3499999999999996,3.3499999999999996,1832.5882860979877,723.3683744666586,487.1563956721701,18
3.3499999999999996,3.3499999999999996,3.3499999999999996,2226.051449329733,878.678113680084,591.750590606088,18
3.3499999999999996,3.3499999999999996,3.3499999999999996,1958.651137484034,773.1285309510814,520.667645730493,18
3.3499999999999996,3.3499999999999996,3.3499999999999996,2071.5570128778218,817.6953003509009,550.6813807981565,18
3.3499999999999996,3.3499999999999996,3.3499999999999996,1853.13905731633,731.4802772235516,492.61940103510824,18
3.3499999999999996,3.3499999999999996,3.3499999999999996,1497.3602789358504,591.0455060645592,398.042834848755,18
3.3499999999999996,3.3499999999999996,3.3499999999999996,1511.1201042511782,596.4768528361175,401.70060509455647,18
3.3499999999999996,3.3499999999999996,3.3499999999999996,2060.73578126291,813.4238899187885,547.8047760363316,18
3.3499999999999996,3.3499999999999996,3.3499999999999996,1733.885158788863,684.4077845196377,460.9181728775312,18
3.3499999999999996,3.3499999999999996,3.3499999999999996,1715.0657073252132,676.9792769181837,455.91540372686734,18
3.3499999999999996,3.3499999999999996,3.3499999999999996,2036.9552739575536,804.0371296497399,541.4832108959148,18
3.3499999999999996,3.3499999999999996,3.3499999999999996,1916.4054672907757,756.4531096315335,509.43749186547865,18
3.3499999999999996,3.3499999999999996,3.3499999999999996,1505.5284549147577,594.2696891639724,400.21417862481553,18
3.3499999999999996,3.3499999999999996,3.3499999999999996,1276.8686908100406,504.0119683648585,339.4296219616903,18
3.3499999999999996,3.3499999999999996,3.3499999999999996,1020.8192530046518,402.94285916370865,271.3640765353625,18
3.3499999999999996,3.3499999999999996,3.3499999999999996,997.4432725823814,393.71577576047105,265.15004665521764,18
3.3499999999999996,3.3499999999999996,3.3499999999999996,1189.4613568216344,469.5101102097547,316.19415652511344,18
3.3499999999999996,3.3499999999999996,3.3499999999999996,1313.7827525947343,518.5828706622924,349.2424759589955,18
3.3499999999999996,3.3499999999999996,3.3499999999999996,1369.8771129631778,540.724715933423,364.15402298891325,18
3.3499999999999996,3.3499999999999996,3.3499999999999996,1470.3751227024115,580.3937908116616,390.86937884281076,18
3.3499999999999996,3.3499999999999996,3.3499999999999996,1628.326427489277,642.7411164250117,432.85752692571924,18
3.3499999999999996,3.3499999999999996,3.3499999999999996,1711.4711105557183,675.5603997804557,454.9598531433532,18
3.3499999999999996,3.3499999999999996,3.3499999999999996,937.9775766977374,370.2431801453403,249.34229851393573,18
3.3499999999999996,3.3499999999999996,3.3499999999999996,1392.1716686047553,549.5249339617959,370.08057804323437,18
3.3499999999999996,3.3499999999999996,3.3499999999999996,1722.8399445189013,680.047962538504,457.9820268735434,18
3.3499999999999996,3.3499999999999996,3.3499999999999996,1748.4514519126676,690.1574642807185,464.7903262195162,18
3.3499999999999996,3.3499999999999996,3.3499999999999996,1451.1824104290347,572.8179478445761,385.7673858827993,18
3.3499999999999996,3.3499999999999996,3.3499999999999996,1341.900180299929,529.6815217491647,356.7169233514324,18
3.3499999999999996,3.3499999999999996,3.3499999999999996,1264.9773238761984,499.31814879044913,336.26854344828325,18
3.3499999999999996,3.3499999999999996,3.3499999999999996,1179.0693529732082,465.4081266991576,313.4316532520024,18
3.3499999999999996,3.3499999999999996,3.3499999999999996,685.2992761525469,270.50474303159405,182.1729014966383,18
3.3499999999999996,3.3499999999999996,3.3499999999999996,996.3133990201756,393.2697864412957,264.849692704303,18
3.3499999999999996,3.3499999999999996,3.3499999999999996,1191.0281721440783,470.12857135647454,316.61066257339274,18
3.3499999999999996,3.3499999999999996,3.3499999999999996,1622.5520405778473,640.461821667237,431.32252338109976,18
3.3499999999999996,3.3499999999999996,3.3499999999999996,1649.3062542820364,651.0223781349094,438.43458800360537,18
3.3499999999999996,3.3499999999999996,3.3499999999999996,1592.454700926573,628.5816498771676,423.32175658854595,18
3.3499999999999996,3.3499999999999996,3.3499999999999996,1465.2608909097999,578.3750757699189,389.5098641358682,18
3.3499999999999996,3.3499999999999996,3.3499999999999996,1403.5450357130335,554.0142860654511,373.1039568180287,18
3.3499999999999996,3.3499999999999996,3.3499999999999996,1520.7976430261444,600.296819134926,404.2731823310007,18
3.3499999999999996,3.3499999999999996,3.3499999999999996,1564.2063800841997,617.4313319993485,415.81251391262407,18
3.3499999999999996,3.3499999999999996,3.3499999999999996,1498.0870112080088,591.3323654461082,398.2360218711805,18
3.3499999999999996,3.3499999999999996,3.3499999999999996,1205.910492140852,476.0029948186485,320.56682524444483,18
3.3499999999999996,3.3499999999999996,3.3499999999999996,1428.5098032808621,563.8685034428464,379.74033350961605,18
3.3499999999999996,3.3499999999999996,3.3499999999999996,1579.131180759651,623.3225236465611,419.779969209776,18
3.3499999999999996,3.3499999999999996,3.3499999999999996,1619.9990800107637,639.4541043586098,430.6438706375521,18
3.3499999999999996,3.3499999999999996,3.3499999999999996,1545.4435038059933,610.0251560368337,410.82478412657593,18
3.3499999999999996,3.3499999999999996,3.3499999999999996,1855.04329595534,732.2319277821342,493.1256042226529,18
3.3499999999999996,3.3499999999999996,3.3499999999999996,2363.1057653853463,932.7768758357031,628.183698428211,18
3.3499999999999996,3.3499999999999996,3.3499999999999996,1865.3498032392156,736.3001636630039,495.8653799695951,18
3.3499999999999996,3.3499999999999996,3.3499999999999996,1524.5520096865246,601.7787614396285,405.2712044967961,18
3.3499999999999996,3.3499999999999996,3.3499999999999996,2007.5025558271525,792.4114060765653,533.6538036493448,18
3.3499999999999996,3.3499999999999996,3.3499999999999996,2115.6860919305664,835.1141501947264,562.4122006766581,18
3.3499999999999996,3.3499999999999996,3.3499999999999996,2568.800424108371,1013.5622992609184,683.2417512940608,19
3.3499999999999996,3.3499999999999996,3.3499999999999996,2439.158825927014,962.4100824131791,648.7600719270324,19
3.3499999999999996,3.3499999999999996,3.3499999999999996,1625.0707185741976,641.1982801471886,432.2313844683838,19
3.3499999999999996,3.3499999999999996,3.3499999999999996,1592.0571648899927,628.1722415865828,423.45053951680853,19
3.3499999999999996,3.3499999999999996,3.3499999999999996,1546.1650610621436,610.0647600410592,411.2442968302859,19
3.3499999999999996,3.3499999999999996,3.3499999999999996,1697.7995813920256,669.8946446947991,451.57558697431665,19
3.3499999999999996,3.3499999999999996,3.3499999999999996,1804.2598030560066,711.9002695914957,479.8915540732786,19
3.3499999999999996,3.3499999999999996,3.3499999999999996,2075.594327072835,818.9597520839203,552.0602884116598,19
3.3499999999999996,3.3499999999999996,3.3499999999999996,1832.5882860979877,723.0777367614377,487.42627813492913,19
3.3499999999999996,3.3499999999999996,3.3499999999999996,2226.051449329733,878.3250750353188,592.0784177846916,19
3.3499999999999996,3.3499999999999996,3.3499999999999996,1958.651137484034,772.817900420348,520.9560932757926,19
3.3499999999999996,3.3499999999999996,3.3499999999999996,2071.5570128778218,817.3667636135309,550.9864558183464,19
3.3499999999999996,3.3499999999999996,3.3499999999999996,1853.13905731633,731.1863802870935,492.8923099783867,19
3.3499999999999996,3.3499999999999996,3.3499999999999996,1497.3602789358504,590.8080335462311,398.2633487976774,19
3.3499999999999996,3.3499999999999996,3.3499999999999996,1511.1201042511782,596.2371980905621,401.9231454318235,19
3.3499999999999996,3.3499999999999996,3.3499999999999996,2060.73578126291,813.097069364998,548.1082574303587,19
3.3499999999999996,3.3499999999999996,3.3499999999999996,1733.885158788863,684.1328005488847,461.17351948230043,19
3.3499999999999996,3.3499999999999996,3.3499999999999996,1715.0657073252132,676.7072776015553,456.16797881991886,19
3.3499999999999996,3.3499999999999996,3.3499999999999996,2036.9552739575536,803.7140805443019,541.7831901711484,19
3.3499999999999996,3.3499999999999996,3.3499999999999996,1916.4054672907757,756.1491790151964,509.7197179558017,19
3.3499999999999996,3.3499999999999996,3.3499999999999996,1505.5284549147577,594.0309212210578,400.4358954884714,19
3.3499999999999996,3.3499999999999996,3.3499999999999996,1276.8686908100406,503.80946451334944,339.6176644530179,19
3.3499999999999996,3.3499999999999996,3.3499999999999996,1020.8192530046518,402.78096324448376,271.5144110191757,19
3.3499999999999996,3.3499999999999996,3.3499999999999996,997.4432725823814,393.5575871340184,265.2969385942904,19
3.3499999999999996,3.3499999999999996,3.3499999999999996,1189.4613568216344,469.32146864644346,316.36932667258776,19
3.3499999999999996,3.3499999999999996,3.3499999999999996,1313.7827525947343,518.3745124580688,349.4359547275165,19
3.3499999999999996,3.3499999999999996,3.3499999999999996,1369.8771129631778,540.5074614941328,364.355762687747,19
3.3499999999999996,3.3499999999999996,3.3499999999999996,1470.3751227024115,580.1605979801249,391.0859187292134,19
3.3499999999999996,3.3499999999999996,3.3499999999999996,1628.326427489277,642.4828734471284,433.09732805822676,19
3.3499999999999996,3.3499999999999996,3.3499999999999996,1711.4711105557183,675.2889705456968,455.2118988656584,19
3.3499999999999996,3.3499999999999996,3.3499999999999996,937.9775766977374,370.09442242790436,249.48043303129143,19
3.3499999999999996,3.3499999999999996,3.3499999999999996,1392.1716686047553,549.3041437373324,370.2856010270419,19
3.3499999999999996,3.3499999999999996,3.3499999999999996,1722.8399445189013,679.7747302736598,458.2357468665683,19
3.3499999999999996,3.3499999999999996,3.3499999999999996,1748.4514519126676,689.8801701816953,465.0478179799058,19
3.3499999999999996,3.3499999999999996,3.3499999999999996,1451.1824104290347,572.5877988641294,385.9810992879379,19
3.3499999999999996,3.3499999999999996,3.3499999999999996,1341.900180299929,529.4687042865647,356.9145429303543,19
3.3499999999999996,3.3499999999999996,3.3499999999999996,1264.9773238761984,499.11753083967614,336.454834716263,19
3.3499999999999996,3.3499999999999996,3.3499999999999996,1179.0693529732082,465.2211332464308,313.6052929850281,19
3.3499999999999996,3.3499999999999996,3.3499999999999996,685.2992761525469,270.39605860393436,182.27382446868717,19
3.3499999999999996,3.3499999999999996,3.3499999999999996,996.3133990201756,393.1117770061331,264.9964182486313,19
3.3499999999999996,3.3499999999999996,3.3499999999999996,1191.0281721440783,469.9396813054843,316.7860634633537,19
3.3499999999999996,3.3499999999999996,3.3499999999999996,1622.5520405778473,640.2044944730974,431.561474128514,19
3.3499999999999996,3.3499999999999996,3.3499999999999996,1649.3062542820364,650.7608078801027,438.67747880298805,19
3.3499999999999996,3.3499999999999996,3.3499999999999996,1592.454700926573,628.3290959437738,423.55627494696745,19
3.3499999999999996,3.3499999999999996,3.3499999999999996,1465.2608909097999,578.1426940254136,389.72565085720817,19
3.3499999999999996,3.3499999999999996,3.3499999999999996,1403.5450357130335,553.791692091972,373.310654740145,19
3.3499999999999996,3.3499999999999996,3.3499999999999996,1520.7976430261444,600.0556295887374,404.4971478645424,19
3.3499999999999996,3.3499999999999996,3.3499999999999996,1564.2063800841997,617.1832580832113,416.0428721842134,19
3.3499999999999996,3.3499999999999996,3.3499999999999996,1498.0870112080088,591.0947776723231,398.4566428448488,19
3.3499999999999996,3.3499999999999996,3.3499999999999996,1205.910492140852,475.81174451938796,320.7444178308184,19
3.3499999999999996,3.3499999999999996,3.3499999999999996,1428.5098032808621,563.6419502043146,379.9507079547162,19
3.3499999999999996,3.3499999999999996,3.3499999999999996,1579.131180759651,623.0720827449685,420.01252543384237,19
3.3499999999999996,3.3499999999999996,3.3499999999999996,1619.9990800107637,639.1971820489749,430.88244541438405,19
3.3499999999999996,3.3499999999999996,3.3499999999999996,1545.4435038059933,609.7800578023301,411.0523792181881,19
3.3499999999999996,3.3499999999999996,3.3499999999999996,1855.04329595534,731.9377288446469,493.39879360023167,19
3.3499999999999996,3.3499999999999996,3.3499999999999996,2363.1057653853463,932.4021011838868,628.5317093854784,19
3.3499999999999996,3.3499999999999996,3.3499999999999996,1865.3498032392156,736.0043301741838,496.1400871706747,19
3.3499999999999996,3.3499999999999996,3.3499999999999996,1524.5520096865246,601.536976473007,405.4957229301505,19
3.3499999999999996,3.3499999999999996,3.3499999999999996,2007.5025558271525,792.093027998698,533.9494454680073,19
3.3499999999999996,3.3499999999999996,3.3499999999999996,2115.6860919305664,834.7786148454114,562.723774518555,19
3.3499999999999996,3.3499999999999996,3.3499999999999996,2568.800424108371,1013.5214962433356,683.279571129882,20
3.3499999999999996,3.3499999999999996,3.3499999999999996,2439.158825927014,962.3713386324137,648.7959830805314,20
3.3499999999999996,3.3499999999999996,3.3499999999999996,1625.0707185741976,641.1724674026559,432.2553099968902,20
3.3499999999999996,3.3499999999999996,3.3499999999999996,1592.0571648899927,628.1469532317997,423.4739789946398,20
3.3499999999999996,3.3499999999999996,3.3499999999999996,1546.1650610621436,610.0402006398772,411.26706064962093,20
3.3499999999999996,3.3499999999999996,3.3499999999999996,1697.7995813920256,669.8676767195832,451.6005832725197,20
3.3499999999999996,3.3499999999999996,3.3499999999999996,1804.2598030560066,711.8716105941767,479.9181177599277,20
3.3499999999999996,3.3499999999999996,3.3499999999999996,2075.594327072835,818.9267831887788,552.0908468917754,20
3.3499999999999996,3.3499999999999996,3.3499999999999996,1832.5882860979877,723.0486277923806,487.4532588950759,20
3.3499999999999996,3.3499999999999996,3.3499999999999996,2226.051449329733,878.2897162680224,592.1111914091246,20
3.3499999999999996,3.3499999999999996,3.3499999999999996,1958.651137484034,772.7867890595544,520.9849300292262,20
3.3499999999999996,3.3499999999999996,3.3499999999999996,2071.5570128778218,817.3338588473893,551.0169548580482,20
3.3499999999999996,3.3499999999999996,3.3499999999999996,1853.13905731633,731.1569448880529,492.9195933026354,20
3.3499999999999996,3.3499999999999996,3.3499999999999996,1497.3602789358504,590.7842493638492,398.285394075848,20
3.3499999999999996,3.3499999999999996,3.3499999999999996,1511.1201042511782,596.2131953460886,401.9453932926197,20
3.3499999999999996,3.3499999999999996,3.3499999999999996,2060.73578126291,813.0643364841065,548.138597151649,20
3.3499999999999996,3.3499999999999996,3.3499999999999996,1733.885158788863,684.1052593876653,461.1990470598508,20
3.3499999999999996,3.3499999999999996,3.3499999999999996,1715.0657073252132,676.6800353699069,456.19322932317493,20
3.3499999999999996,3.3499999999999996,3.3499999999999996,2036.9552739575536,803.6817253947625,541.8131797777029,20
3.3499999999999996,3.3499999999999996,3.3499999999999996,1916.4054672907757,756.1187386877799,509.7479327363114,20
3.3499999999999996,3.3499999999999996,3.3499999999999996,1505.5284549147577,594.0070072947593,400.4580610247483,20
3.3499999999999996,3.3499999999999996,3.3499999999999996,1276.8686908100406,503.7891826358033,339.6364634861378,20
3.3499999999999996,3.3499999999999996,3.3499999999999996,1020.8192530046518,402.7647484753104,271.52944029750705,20
3.3499999999999996,3.3499999999999996,3.3499999999999996,997.4432725823814,393.5417436706621,265.31162371363865,20
3.3499999999999996,3.3499999999999996,3.3499999999999996,1189.4613568216344,469.3025751535114,316.38683882838177,20
3.3499999999999996,3.3499999999999996,3.3499999999999996,1313.7827525947343,518.3536442348113,349.4552972375619,20
3.3499999999999996,3.3499999999999996,3.3499999999999996,1369.8771129631778,540.4857022638703,364.3759310616779,20
3.3499999999999996,3.3499999999999996,3.3499999999999996,1470.3751227024115,580.137242431978,391.10756671136653,20
3.3499999999999996,3.3499999999999996,3.3499999999999996,1628.326427489277,642.4570089886723,433.1213015197586,20
3.3499999999999996,3.3499999999999996,3.3499999999999996,1711.4711105557183,675.2617854108917,455.2370964465238,20
3.3499999999999996,3.3499999999999996,3.3499999999999996,937.9775766977374,370.0795235220978,249.49424265138555,20
3.3499999999999996,3.3499999999999996,3.3499999999999996,1392.1716686047553,549.2820303786849,370.30609763839675,20
3.3499999999999996,3.3499999999999996,3.3499999999999996,1722.8399445189013,679.7473645554479,458.2611118280639,20
3.3499999999999996,3.3499999999999996,3.3499999999999996,1748.4514519126676,689.8523976483893,465.07356001351474,20
3.3499999999999996,3.3499999999999996,3.3499999999999996,1451.1824104290347,572.5647481744561,386.0024647003669,20
3.3499999999999996,3.3499999999999996,3.3499999999999996,1341.900180299929,529.4473894439878,356.9342994065799,20
3.3499999999999996,3.3499999999999996,3.3499999999999996,1264.9773238761984,499.0974378454896,336.47345867562456,20
3.3499999999999996,3.3499999999999996,3.3499999999999996,1179.0693529732082,465.20240482086325,313.62265214182855,20
3.3499999999999996,3.3499999999999996,3.3499999999999996,685.2992761525469,270.38517325910493,182.28391396644227,20
3.3499999999999996,3.3499999999999996,3.3499999999999996,996.3133990201756,393.0959514897728,265.0110867331205,20
3.3499999999999996,3.3499999999999996,3.3499999999999996,1191.0281721440783,469.92076292514093,316.80359868699577,20
3.3499999999999996,3.3499999999999996,3.3499999999999996,1622.5520405778473,640.1787217354338,431.5853625751251,20
3.3499999999999996,3.3499999999999996,3.3499999999999996,1649.3062542820364,650.7346101765127,438.7017611455048,20
3.3499999999999996,3.3499999999999996,3.3499999999999996,1592.454700926573,628.3038012744986,423.5797202776269,20
3.3499999999999996,3.3499999999999996,3.3499999999999996,1465.2608909097999,578.1194197121059,389.7472235437467,20
3.3499999999999996,3.3499999999999996,3.3499999999999996,1403.5450357130335,553.7693980779127,373.3313187988707,20
3.3499999999999996,3.3499999999999996,3.3499999999999996,1520.7976430261444,600.0314731255158,404.5195382054332,20
3.3499999999999996,3.3499999999999996,3.3499999999999996,1564.2063800841997,617.1584121123717,416.0659016215842,20
3.3499999999999996,3.3499999999999996,3.3499999999999996,1498.0870112080088,591.0709819464715,398.4786988225253,20
3.3499999999999996,3.3499999999999996,3.3499999999999996,1205.910492140852,475.79258974716345,320.7621721633073,20
3.3499999999999996,3.3499999999999996,3.3499999999999996,1428.5098032808621,563.6192596480249,379.971739563759,20
3.3499999999999996,3.3499999999999996,3.3499999999999996,1579.131180759651,623.0469997074814,420.03577460549286,20
3.3499999999999996,3.3499999999999996,3.3499999999999996,1619.9990800107637,639.1714498627274,430.9062962743657,20
3.3499999999999996,3.3499999999999996,3.3499999999999996,1545.4435038059933,609.7555098624174,411.07513241420764,20
3.3499999999999996,3.3499999999999996,3.3499999999999996,1855.04329595534,731.9082631985377,493.42610496013157,20
3.3499999999999996,3.3499999999999996,3.3499999999999996,2363.1057653853463,932.3645654356088,628.5665008279104,20
3.3499999999999996,3.3499999999999996,3.3499999999999996,1865.3498032392156,735.9747008187442,496.1675502708227,20
3.3499999999999996,3.3499999999999996,3.3499999999999996,1524.5520096865246,601.5127603751455,405.51816854568597,20
3.3499999999999996,3.3499999999999996,3.3499999999999996,2007.5025558271525,792.0611406783306,533.9790014492193,20
3.3499999999999996,3.3499999999999996,3.3499999999999996,2115.6860919305664,834.7450091296859,562.7549232601602,20
3.3499999999999996,3.3499999999999996,3.3499999999999996,2568.800424108371,1013.5174153071631,683.2833530087397,21
3.3499999999999996,3.3499999999999996,3.3499999999999996,2439.158825927014,962.3674636519404,648.7995740964421,21
3.3499999999999996,3.3499999999999996,3.3499999999999996,1625.0707185741976,641.1698857268606,432.2577024834903,21
3.3499999999999996,3.3499999999999996,3.3499999999999996,1592.0571648899927,628.1444240031327,423.47632287751827,21
3.3499999999999996,3.3499999999999996,3.3499999999999996,1546.1650610621436,610.0377443179041,411.26933696852063,21
3.3499999999999996,3.3499999999999996,3.3499999999999996,1697.7995813920256,669.8649795027578,451.6030828331245,21
3.3499999999999996,3.3499999999999996,3.3499999999999996,1804.2598030560066,711.8687442488483,479.92077405503704,21
3.3499999999999996,3.3499999999999996,3.3499999999999996,2075.594327072835,818.9234857866571,552.0939026551697,21
3.3499999999999996,3.3499999999999996,3.3499999999999996,1832.5882860979877,723.0457164428823,487.45595689638,21
3.3499999999999996,3.3499999999999996,3.3499999999999996,2226.051449329733,878.286179841527,592.1144686808166,21
3.3499999999999996,3.3499999999999996,3.3499999999999996,1958.651137484034,772.7836774397489,520.9878136247197,21
3.3499999999999996,3.3499999999999996,3.3499999999999996,2071.5570128778218,817.3305678591647,551.0200046775657,21
3.3499999999999996,3.3499999999999996,3.3499999999999996,1853.13905731633,731.154000890481,492.922321559512,21
3.3499999999999996,3.3499999999999996,3.3499999999999996,1497.3602789358504,590.7818705758094,398.2875985426211,21
3.3499999999999996,3.3499999999999996,3.3499999999999996,1511.1201042511782,596.2107946984414,401.9476180170943,21
3.3499999999999996,3.3499999999999996,3.3499999999999996,2060.73578126291,813.0610626870794,548.1416310397665,21
3.3499999999999996,3.3499999999999996,3.3499999999999996,1733.885158788863,684.1025048433276,461.2015997469194,21
3.3499999999999996,3.3499999999999996,3.3499999999999996,1715.0657073252132,676.6773107231741,456.1957543035812,21
3.3499999999999996,3.3499999999999996,3.3499999999999996,2036.9552739575536,803.6784893767439,541.8161786553162,21
3.3499999999999996,3.3499999999999996,3.3499999999999996,1916.4054672907757,756.1156941817455,509.7507541362348,21
3.3499999999999996,3.3499999999999996,3.3499999999999996,1505.5284549147577,594.0046155303107,400.46027751699904,21
3.3499999999999996,3.3499999999999996,3.3499999999999996,1276.8686908100406,503.7871541327018,339.6383433373948,21
3.3499999999999996,3.3499999999999996,3.3499999999999996,1020.8192530046518,402.76312674628235,271.5309431837237,21
3.3499999999999996,3.3499999999999996,3.3499999999999996,997.4432725823814,393.54015907798885,265.3130921849099,21
3.3499999999999996,3.3499999999999996,3.3499999999999996,1189.4613568216344,469.30068551045815,316.3885899954694,21
3.3499999999999996,3.3499999999999996,3.3499999999999996,1313.7827525947343,518.351557088022,349.45723143500646,21
3.3499999999999996,3.3499999999999996,3.3499999999999996,1369.8771129631778,540.4835260025269,364.37794784322426,21
3.3499999999999996,3.3499999999999996,3.3499999999999996,1470.3751227024115,580.1349065140263,391.1097314496379,21
3.3499999999999996,3.3499999999999996,3.3499999999999996,1628.326427489277,642.4544221406807,433.12369879952877,21
3.3499999999999996,3.3499999999999996,3.3499999999999996,1711.4711105557183,675.2590664747311,455.2396161348376,21
3.3499999999999996,3.3499999999999996,3.3499999999999996,937.9775766977374,370.07803339986583,249.49562357515566,21
3.3499999999999996,3.3499999999999996,3.3499999999999996,1392.1716686047553,549.2798186989968,370.3081472427765,21
3.3499999999999996,3.3499999999999996,3.3499999999999996,1722.8399445189013,679.7446275581387,458.2636482539773,21
3.3499999999999996,3.3499999999999996,3.3499999999999996,1748.4514519126676,689.8496199632455,465.0761341455953,21
3.3499999999999996,3.3499999999999996,3.3499999999999996,1451.1824104290347,572.5624427470918,386.00460118244837,21
3.3499999999999996,3.3499999999999996,3.3499999999999996,1341.900180299929,529.4452576283225,356.93627499949633,21
3.3499999999999996,3.3499999999999996,3.3499999999999996,1264.9773238761984,499.09542823366075,336.4753210199903,21
3.3499999999999996,3.3499999999999996,3.3499999999999996,1179.0693529732082,465.20053168711297,313.62438800944045,21
3.3499999999999996,3.3499999999999996,3.3499999999999996,685.2992761525469,270.38408455537433,182.28492288827965,21
3.3499999999999996,3.3499999999999996,3.3499999999999996,996.3133990201756,393.0943686920781,265.01255354095207,21
3.3499999999999996,3.3499999999999996,3.3499999999999996,1191.0281721440783,469.9188707929595,316.8053521608045,21
3.3499999999999996,3.3499999999999996,3.3499999999999996,1622.5520405778473,640.1761440609473,431.58775135363817,21
3.3499999999999996,3.3499999999999996,3.3499999999999996,1649.3062542820364,650.731989998826,438.7041893125178,21
3.3499999999999996,3.3499999999999996,3.3499999999999996,1592.454700926573,628.3012714142841,423.582064745772,21
3.3499999999999996,3.3499999999999996,3.3499999999999996,1465.2608909097999,578.1170919189012,389.74938075266516,21
3.3499999999999996,3.3499999999999996,3.3499999999999996,1403.5450357130335,553.7671683298748,373.33338514752387,21
3.3499999999999996,3.3499999999999996,3.3499999999999996,1520.7976430261444,600.0290571036039,404.5217771775228,21
3.3499999999999996,3.3499999999999996,3.3499999999999996,1564.2063800841997,617.1559271289774,416.068204501552,21
3.3499999999999996,3.3499999999999996,3.3499999999999996,1498.0870112080088,591.0686020039055,398.48090435921927,21
3.3499999999999996,3.3499999999999996,3.3499999999999996,1205.910492140852,475.79067397211844,320.76394754739397,21
3.3499999999999996,3.3499999999999996,3.3499999999999996,1428.5098032808621,563.6169902395983,379.9738426664261,21
3.3499999999999996,3.3499999999999996,3.3499999999999996,1579.131180759651,623.0444910137363,420.03809945828027,21
3.3499999999999996,3.3499999999999996,3.3499999999999996,1619.9990800107637,639.1688762440132,430.90868129432016,21
3.3499999999999996,3.3499999999999996,3.3499999999999996,1545.4435038059933,609.7530546867495,411.07740767080526,21
3.3499999999999996,3.3499999999999996,3.3499999999999996,1855.04329595534,731.9053161757887,493.4288360204955,21
3.3499999999999996,3.3499999999999996,3.3499999999999996,2363.1057653853463,932.3608112771672,628.5699798758151,21
3.3499999999999996,3.3499999999999996,3.3499999999999996,1865.3498032392156,735.9717374225165,496.17029650479134,21
3.3499999999999996,3.3499999999999996,3.3499999999999996,1524.5520096865246,601.510338388842,405.520413045087,21
3.3499999999999996,3.3499999999999996,3.3499999999999996,2007.5025558271525,792.0579514505031,533.981956965499,21
3.3499999999999996,3.3499999999999996,3.3499999999999996,2115.6860919305664,834.7416480356043,562.7580380480689,21
3.3499999999999996,3.3499999999999996,3.3499999999999996,2568.800424108371,1013.517007207201,683.2837311955785,22
3.3499999999999996,3.3499999999999996,3.3499999999999996,2439.158825927014,962.3670761478683,648.7999331970393,22
3.3499999999999996,3.3499999999999996,3.3499999999999996,1625.0707185741976,641.1696275552671,432.2579417314879,22
3.3499999999999996,3.3499999999999996,3.3499999999999996,1592.0571648899927,628.1441710763336,423.4765572651572,22
3.3499999999999996,3.3499999999999996,3.3499999999999996,1546.1650610621436,610.0374986818877,411.2695645997806,22
3.3499999999999996,3.3499999999999996,3.3499999999999996,1697.7995813920256,669.8647097768817,451.6033327884931,22
3.3499999999999996,3.3499999999999996,3.3499999999999996,1804.2598030560066,711.868457609859,479.9210396838126,22
3.3499999999999996,3.3499999999999996,3.3499999999999996,2075.594327072835,818.9231560413182,552.0942082306632,22
3.3499999999999996,3.3499999999999996,3.3499999999999996,1832.5882860979877,723.0454253034059,487.4562266957636,22
3.3499999999999996,3.3499999999999996,3.3499999999999996,2226.051449329733,878.2858261933791,592.1147964070788,22
3.3499999999999996,3.3499999999999996,3.3499999999999996,1958.651137484034,772.7833662729303,520.9881019834709,22
3.3499999999999996,3.3499999999999996,3.3499999999999996,2071.5570128778218,817.3302387552253,551.0203096586731,22
3.3499999999999996,3.3499999999999996,3.3499999999999996,1853.13905731633,731.1537064861465,492.9225943844444,22
3.3499999999999996,3.3499999999999996,3.3499999999999996,1497.3602789358504,590.7816326933071,398.2878189886882,22
3.3499999999999996,3.3499999999999996,3.3499999999999996,1511.1201042511782,596.2105546299442,401.9478404889259,22
3.3499999999999996,3.3499999999999996,3.3499999999999996,2060.73578126291,813.0607353022867,548.1419344277384,22
3.3499999999999996,3.3499999999999996,3.3499999999999996,1733.885158788863,684.1022293846111,461.20185501491954,22
3.3499999999999996,3.3499999999999996,3.3499999999999996,1715.0657073252132,676.6770382542645,456.19600680092293,22
3.3499999999999996,3.3499999999999996,3.3499999999999996,2036.9552739575536,803.6781657699105,541.8164785422474,22
3.3499999999999996,3.3499999999999996,3.3499999999999996,1916.4054672907757,756.1153897264086,509.7510362754461,22
3.3499999999999996,3.3499999999999996,3.3499999999999996,1505.5284549147577,594.0043763501471,400.46049916561054,22
3.3499999999999996,3.3499999999999996,3.3499999999999996,1276.8686908100406,503.78695127923766,339.6385313220002,22
3.3499999999999996,3.3499999999999996,3.3499999999999996,1020.8192530046518,402.7629645708582,271.53109347192935,22
3.3499999999999996,3.3499999999999996,3.3499999999999996,997.4432725823814,393.5400006162579,265.3132390316306,22
3.3499999999999996,3.3499999999999996,3.3499999999999996,1189.4613568216344,469.30049654321476,316.38876511169343,22
3.3499999999999996,3.3499999999999996,3.3499999999999996,1313.7827525947343,518.351348370098,349.4574248542155,22
3.3499999999999996,3.3499999999999996,3.3499999999999996,1369.8771129631778,540.4833083730089,364.37814952082067,22
3.3499999999999996,3.3499999999999996,3.3499999999999996,1470.3751227024115,580.1346729185993,391.1099479228657,22
3.3499999999999996,3.3499999999999996,3.3499999999999996,1628.326427489277,642.4541634518594,433.1239385268421,22
3.3499999999999996,3.3499999999999996,3.3499999999999996,1711.4711105557183,675.2587945768876,455.2398681029714,22
3.3499999999999996,3.3499999999999996,3.3499999999999996,937.9775766977374,370.0778843853258,249.49576166715045,22
3.3499999999999996,3.3499999999999996,3.3499999999999996,1392.1716686047553,549.2795975275893,370.3083522026472,22
3.3499999999999996,3.3499999999999996,3.3499999999999996,1722.8399445189013,679.7443538541522,458.26390189586647,22
3.3499999999999996,3.3499999999999996,3.3499999999999996,1748.4514519126676,689.8493421904124,465.0763915580907,22
3.3499999999999996,3.3499999999999996,3.3499999999999996,1451.1824104290347,572.5622122007708,386.00481483006524,22
3.3499999999999996,3.3499999999999996,3.3499999999999996,1341.900180299929,529.4450444434415,356.936472558241,22
3.3499999999999996,3.3499999999999996,3.3499999999999996,1264.9773238761984,499.0952272693533,336.47550725391136,22
3.3499999999999996,3.3499999999999996,3.3499999999999996,1179.0693529732082,465.2003443708254,313.6245615957213,22
3.3499999999999996,3.3499999999999996,3.3499999999999996,685.2992761525469,270.38397568330856,182.28502378018413,22
3.3499999999999996,3.3499999999999996,3.3499999999999996,996.3133990201756,393.0942104098478,265.0127002213292,22
3.3499999999999996,3.3499999999999996,3.3499999999999996,1191.0281721440783,469.91868157679943,316.80552750769994,22
3.3499999999999996,3.3499999999999996,3.3499999999999996,1622.5520405778473,640.175886289491,431.5879902308284,22
3.3499999999999996,3.3499999999999996,3.3499999999999996,1649.3062542820364,650.7317279769836,438.704432128547,22
3.3499999999999996,3.3499999999999996,3.3499999999999996,1592.454700926573,628.3010184243293,423.5822991919375,22
3.3499999999999996,3.3499999999999996,3.3499999999999996,1465.2608909097999,578.1168591359614,389.74959647295975,22
3.3499999999999996,3.3499999999999996,3.3499999999999996,1403.5450357130335,553.766945351604,373.3335917818172,22
3.3499999999999996,3.3499999999999996,3.3499999999999996,1520.7976430261444,600.0288154976564,404.5220010741119,22
3.3499999999999996,3.3499999999999996,3.3499999999999996,1564.2063800841997,617.1556786267744,416.0684347889113,22
3.3499999999999996,3.3499999999999996,3.3499999999999996,1498.0870112080088,591.0683640059485,398.4811249122781,22
3.3499999999999996,3.3499999999999996,3.3499999999999996,1205.910492140852,475.79048239163535,320.7641250853112,22
3.3499999999999996,3.3499999999999996,3.3499999999999996,1428.5098032808621,563.6167632952271,379.9740529761108,22
3.3499999999999996,3.3499999999999996,3.3499999999999996,1579.131180759651,623.0442401404614,420.0383319429155,22
3.3499999999999996,3.3499999999999996,3.3499999999999996,1619.9990800107637,639.1686188781401,430.9089197956554,22
3.3499999999999996,3.3499999999999996,3.3499999999999996,1545.4435038059933,609.7528091653652,411.0776351958352,22
3.3499999999999996,3.3499999999999996,3.3499999999999996,1855.04329595534,731.9050214689317,493.4291091257759,22
3.3499999999999996,3.3499999999999996,3.3499999999999996,2363.1057653853463,932.3604358554861,628.5703277796425,22
3.3499999999999996,3.3499999999999996,3.3499999999999996,1865.3498032392156,735.9714410782863,496.17057112742793,22
3.3499999999999996,3.3499999999999996,3.3499999999999996,1524.5520096865246,601.510096186446,405.5206374944056,22
3.3499999999999996,3.3499999999999996,3.3499999999999996,2007.5025558271525,792.0576325227617,533.9822525163088,22
3.3499999999999996,3.3499999999999996,3.3499999999999996,2115.6860919305664,834.7413119209705,562.7583495259977,22
3.3499999999999996,3.3499999999999996,3.3499999999999996,2568.800424108371,1013.5169618626895,683.2837732163265,23
3.3499999999999996,3.3499999999999996,3.3499999999999996,2439.158825927014,962.3670330917928,648.7999730970944,23
3.3499999999999996,3.3499999999999996,3.3499999999999996,1625.0707185741976,641.1695988694894,432.2579683145915,23
3.3499999999999996,3.3499999999999996,3.3499999999999996,1592.0571648899927,628.1441429733118,423.476583308221,23
3.3499999999999996,3.3499999999999996,3.3499999999999996,1546.1650610621436,610.037471388954,411.2695898921357,23
3.3499999999999996,3.3499999999999996,3.3499999999999996,1697.7995813920256,669.8646798072929,451.60336056130393,23
3.3499999999999996,3.3499999999999996,3.3499999999999996,1804.2598030560066,711.8684257610323,479.9210691981128,23
3.3499999999999996,3.3499999999999996,3.3499999999999996,2075.594327072835,818.9231194028897,552.0942421834862,23
3.3499999999999996,3.3499999999999996,3.3499999999999996,1832.5882860979877,723.0453929545242,487.45625667346445,23
3.3499999999999996,3.3499999999999996,3.3499999999999996,2226.051449329733,878.2857868990785,592.1148328210975,23
3.3499999999999996,3.3499999999999996,3.3499999999999996,1958.651137484034,772.7833316987852,520.988134023323,23
3.3499999999999996,3.3499999999999996,3.3499999999999996,2071.5570128778218,817.3302021880635,551.0203435454532,23
3.3499999999999996,3.3499999999999996,3.3499999999999996,1853.13905731633,731.1536737745024,492.9226246983173,23
3.3499999999999996,3.3499999999999996,3.3499999999999996,1497.3602789358504,590.7816062618763,398.28784348268874,23
3.3499999999999996,3.3499999999999996,3.3499999999999996,1511.1201042511782,596.2105279556248,401.9478652080113,23
3.3499999999999996,3.3499999999999996,3.3499999999999996,2060.73578126291,813.0606989261414,548.1419681375037,23
3.3499999999999996,3.3499999999999996,3.3499999999999996,1733.885158788863,684.1021987780388,461.20188337802267,23
3.3499999999999996,3.3499999999999996,3.3499999999999996,1715.0657073252132,676.6770079798937,456.19603485617523,23
3.3499999999999996,3.3499999999999996,3.3499999999999996,2036.9552739575536,803.6781298135393,541.8165118630083,23
3.3499999999999996,3.3499999999999996,3.3499999999999996,1916.4054672907757,756.1153558979845,509.7510676242387,23
3.3499999999999996,3.3499999999999996,3.3499999999999996,1505.5284549147577,594.0043497745316,400.4605237932271,23
3.3499999999999996,3.3499999999999996,3.3499999999999996,1276.8686908100406,503.78692873992844,339.63855220917264,23
3.3499999999999996,3.3499999999999996,3.3499999999999996,1020.8192530046518,402.7629465513383,271.53111017061417,23
3.3499999999999996,3.3499999999999996,3.3499999999999996,997.4432725823814,393.53998300937104,265.31325534792825,23
3.3499999999999996,3.3499999999999996,3.3499999999999996,1189.4613568216344,469.30047554682153,316.3887845690462,23
3.3499999999999996,3.3499999999999996,3.3499999999999996,1313.7827525947343,518.351325179181,349.45744634523265,23
3.3499999999999996,3.3499999999999996,3.3499999999999996,1369.8771129631778,540.4832841919132,364.37817192943606,23
3.3499999999999996,3.3499999999999996,3.3499999999999996,1470.3751227024115,580.134646963511,391.10997197544,23
3.3499999999999996,3.3499999999999996,3.3499999999999996,1628.326427489277,642.4541347086118,433.1239651632028,23
3.3499999999999996,3.3499999999999996,3.3499999999999996,1711.4711105557183,675.2587643659685,455.23989609942294,23
3.3499999999999996,3.3499999999999996,3.3499999999999996,937.9775766977374,370.0778678281287,249.49577701070106,23
3.3499999999999996,3.3499999999999996,3.3499999999999996,1392.1716686047553,549.2795729529498,370.3083749759596,23
3.3499999999999996,3.3499999999999996,3.3499999999999996,1722.8399445189013,679.7443234425502,458.26393007829057,23
3.3499999999999996,3.3499999999999996,3.3499999999999996,1748.4514519126676,689.8493113267157,465.0764201594711,23
3.3499999999999996,3.3499999999999996,3.3499999999999996,1451.1824104290347,572.5621865844728,386.00483856868254,23
3.3499999999999996,3.3499999999999996,3.3499999999999996,1341.900180299929,529.4450207561952,356.93649450920645,23
3.3499999999999996,3.3499999999999996,3.3499999999999996,1264.9773238761984,499.0952049399508,336.4755279465635,23
3.3499999999999996,3.3499999999999996,3.3499999999999996,1179.0693529732082,465.200323557872,313.62458088308017,23
3.3499999999999996,3.3499999999999996,3.3499999999999996,685.2992761525469,270.38396358639335,182.28503499039257,23
3.3499999999999996,3.3499999999999996,3.3499999999999996,996.3133990201756,393.0941928229056,265.0127165191443,23
3.3499999999999996,3.3499999999999996,3.3499999999999996,1191.0281721440783,469.9186605527487,316.80554699068284,23
3.3499999999999996,3.3499999999999996,3.3499999999999996,1622.5520405778473,640.1758576481731,431.5880167727308,23
3.3499999999999996,3.3499999999999996,3.3499999999999996,1649.3062542820364,650.7316988633997,438.7044591080984,23
3.3499999999999996,3.3499999999999996,3.3499999999999996,1592.454700926573,628.3009903142902,423.58232524150424,23
3.3499999999999996,3.3499999999999996,3.3499999999999996,1465.2608909097999,578.1168332711497,389.74962044187475,23
3.3499999999999996,3.3499999999999996,3.3499999999999996,1403.5450357130335,553.7669205762018,373.3336147411766,23
3.3499999999999996,3.3499999999999996,3.3499999999999996,1520.7976430261444,600.0287886525088,404.5220259515038,23
3.3499999999999996,3.3499999999999996,3.3499999999999996,1564.2063800841997,617.155651015375,416.06846037638843,23
3.3499999999999996,3.3499999999999996,3.3499999999999996,1498.0870112080088,591.0683375616895,398.48114941816675,23
3.3499999999999996,3.3499999999999996,3.3499999999999996,1205.910492140852,475.7904611048816,320.7641448117409,23
3.3499999999999996,3.3499999999999996,3.3499999999999996,1428.5098032808621,563.6167380791464,379.97407634384683,23
3.3499999999999996,3.3499999999999996,3.3499999999999996,1579.131180759651,623.0442122656093,420.03835777453435,23
3.3499999999999996,3.3499999999999996,3.3499999999999996,1619.9990800107637,639.1685902818871,430.90894629579634,23
3.3499999999999996,3.3499999999999996,3.3499999999999996,1545.4435038059933,609.7527818851686,411.077660476387,23
3.3499999999999996,3.3499999999999996,3.3499999999999996,1855.04329595534,731.904988723674,493.4291394707985,23
3.3499999999999996,3.3499999999999996,3.3499999999999996,2363.1057653853463,932.3603941419004,628.5703664356124,23
3.3499999999999996,3.3499999999999996,3.3499999999999996,1865.3498032392156,735.9714081510978,496.1706016410458,23
3.3499999999999996,3.3499999999999996,3.3499999999999996,1524.5520096865246,601.5100692750265,405.52066243321184,23
3.3499999999999996,3.3499999999999996,3.3499999999999996,2007.5025558271525,792.0575970862903,533.9822853552782,23
3.3499999999999996,3.3499999999999996,3.3499999999999996,2115.6860919305664,834.7412745748412,562.7583841346466,23
