3.3499999999999996,3.3499999999999996,3.3499999999999996,2202.28515691599,630.2647999629265,562.16846862026,1
3.3499999999999996,3.3499999999999996,3.3499999999999996,2197.165930953664,628.7997453958656,560.861704411854,1
3.3499999999999996,3.3499999999999996,3.3499999999999996,2338.718735399145,669.3102804180229,596.9953191048103,1
3.3499999999999996,3.3499999999999996,3.3499999999999996,2034.1686707409172,582.1520915805197,519.2540498012147,1
3.3499999999999996,3.3499999999999996,3.3499999999999996,2657.623383379695,760.5765605977317,678.4008251211903,1
3.3499999999999996,3.3499999999999996,3.3499999999999996,2513.7329738408357,719.397034004731,641.6704993840459,1
3.3499999999999996,3.3499999999999996,3.3499999999999996,2367.9112725096493,677.6647973181538,604.4471805638112,1
3.3499999999999996,3.3499999999999996,3.3499999999999996,2880.8484813258683,824.4606226874788,735.3825974752027,1
3.3499999999999996,3.3499999999999996,3.3499999999999996,2137.923790441134,611.8454305914228,545.7392016309909,1
3.3499999999999996,3.3499999999999996,3.3499999999999996,3042.3460688473674,870.6790900708177,776.6074366735768,1
3.3499999999999996,3.3499999999999996,3.3499999999999996,2578.441048525972,737.9156266671475,658.1882691827802,1
3.3499999999999996,3.3499999999999996,3.3499999999999996,2208.0847102737803,631.9245552064485,563.6488972648393,1
3.3499999999999996,3.3499999999999996,3.3499999999999996,2574.256713671034,736.7181255342704,657.1201508647649,1
3.3499999999999996,3.3499999999999996,3.3499999999999996,3103.1892808053462,888.0916102857283,792.1386385185971,1
3.3499999999999996,3.3499999999999996,3.3499999999999996,3121.4439147297635,893.3158443785019,796.7984254523129,1
3.3499999999999996,3.3499999999999996,3.3499999999999996,3397.6448761334523,972.3608958978243,867.3031332628094,1
3.3499999999999996,3.3499999999999996,3.3499999999999996,3109.6697187997916,889.9462256807489,793.7928738440659,1
3.3499999999999996,3.3499999999999996,3.3499999999999996,2586.12737893948,740.1153524770891,660.1503278127908,1
3.3499999999999996,3.3499999999999996,3.3499999999999996,2861.0380872108503,818.7911506643494,730.3256778989937,1
3.3499999999999996,3.3499999999999996,3.3499999999999996,2099.2471894272653,600.7767004023733,535.8663813492382,1
3.3499999999999996,3.3499999999999996,3.3499999999999996,2641.760984534982,756.0369524532554,674.3516944084066,1
3.3499999999999996,3.3499999999999996,3.3499999999999996,2346.6641466015312,671.5841517131952,599.0235122450931,1
3.3499999999999996,3.3499999999999996,3.3499999999999996,2536.5654634731986,725.9313896787023,647.4988571201475,1
3.3499999999999996,3.3499999999999996,3.3499999999999996,2862.0339899504806,819.0761648183995,730.5798979831976,1
3.3499999999999996,3.3499999999999996,3.3499999999999996,2472.183849693912,707.5062257972386,631.0644216829645,1
3.3499999999999996,3.3499999999999996,3.3499999999999996,2513.2478493724902,719.2581978167658,641.5466636134581,1
3.3499999999999996,3.3499999999999996,3.3499999999999996,2943.931146423832,842.5140446860968,751.4854555102941,1
3.3499999999999996,3.3499999999999996,3.3499999999999996,2623.8253562935206,750.9040135555313,669.7733387714987,1
3.3499999999999996,3.3499999999999996,3.3499999999999996,2867.424447939602,820.6188423938047,731.955898499475,1
3.3499999999999996,3.3499999999999996,3.3499999999999996,2729.6672729933207,781.1945661876475,696.7911788727702,1
3.3499999999999996,3.3499999999999996,3.3499999999999996,3770.38541696354,1079.0342945113491,962.4511109772737,1
3.3499999999999996,3.3499999999999996,3.3499999999999996,4160.984483091964,1190.8185661829978,1062.1577625706648,1
3.3499999999999996,3.3499999999999996,3.3499999999999996,4070.524136336342,1164.9300148419222,1039.0663139238966,1
3.3499999999999996,3.3499999999999996,3.3499999999999996,4199.535322820607,1201.8513051603613,1071.9984802752808,1
3.3499999999999996,3.3499999999999996,3.3499999999999996,4094.997218350585,1171.9338862941477,1045.3134590745417,1
3.3499999999999996,3.3499999999999996,3.3499999999999996,3271.3858967125802,936.2272507346088,835.0735117318786,1
3.3499999999999996,3.3499999999999996,3.3499999999999996,3579.889537688293,1024.5169006724386,913.8239945503518,1
3.3499999999999996,3.3499999999999996,3.3499999999999996,3086.9791260043276,883.4524789993243,788.0007375424369,1
3.3499999999999996,3.3499999999999996,3.3499999999999996,3274.268745435555,937.0522837999242,835.8094049229895,1
3.3499999999999996,3.3499999999999996,3.3499999999999996,3612.4651879788444,1033.8396196898018,922.1394496950406,1
3.3499999999999996,3.3499999999999996,3.3499999999999996,2728.703254140515,780.9186767790869,696.545097660035,1
3.3499999999999996,3.3499999999999996,3.3499999999999996,3220.619499107984,921.6985811249448,822.1145777313843,1
3.3499999999999996,3.3499999999999996,3.3499999999999996,2652.362792225002,759.0710491877368,677.0579751890712,1
3.3499999999999996,3.3499999999999996,3.3499999999999996,2728.987163982601,780.9999280100039,696.6175701827917,1
3.3499999999999996,3.3499999999999996,3.3499999999999996,2417.5463710624545,691.8697041451752,617.1173324084166,1
3.3499999999999996,3.3499999999999996,3.3499999999999996,2976.1355726234215,851.7305242926834,759.7061497753228,1
3.3499999999999996,3.3499999999999996,3.3499999999999996,2743.114256190799,785.0429144128757,700.2237361544414,1
3.3499999999999996,3.3499999999999996,3.3499999999999996,2643.3219588723778,756.4836826032617,674.7501580451674,1
3.3499999999999996,3.3499999999999996,3.3499999999999996,2310.9395809998673,661.3602549022,589.9042461621597,1
3.3499999999999996,3.3499999999999996,3.3499999999999996,3403.7944611901266,974.1208255706135,868.8729130904143,1
3.3499999999999996,3.3499999999999996,3.3499999999999996,3630.770862030221,1039.0784607898952,926.8122654365471,1
3.3499999999999996,3.3499999999999996,3.3499999999999996,3189.38836165223,912.7606438467723,814.142330966866,1
3.3499999999999996,3.3499999999999996,3.3499999999999996,3514.01003725414,1005.6630614988894,897.0071996152224,1
3.3499999999999996,3.3499999999999996,3.3499999999999996,2826.7539365000093,808.9794814888977,721.5741007281018,1
3.3499999999999996,3.3499999999999996,3.3499999999999996,2477.9026998578256,709.1428848571508,632.5242495480434,1
3.3499999999999996,3.3499999999999996,3.3499999999999996,2428.7549972857855,695.0774642948189,619.9785133138588,1
3.3499999999999996,3.3499999999999996,3.3499999999999996,2470.1278618996175,706.9178293619142,630.5395979533075,1
3.3499999999999996,3.3499999999999996,3.3499999999999996,2241.6358025816476,641.526432790534,572.2133495674939,1
3.3499999999999996,3.3499999999999996,3.3499999999999996,2812.935831981168,805.02492326419,718.0468088003526,1
3.3499999999999996,3.3499999999999996,3.3499999999999996,2955.986984220359,845.9642655502528,754.5629007043116,1
3.3499999999999996,3.3499999999999996,3.3499999999999996,2194.0840462457827,643.7558300926178,585.0920000752066,2
3.3499999999999996,3.3499999999999996,3.3499999999999996,2188.983883817773,642.2594155395523,583.73194997101,2
3.3499999999999996,3.3499999999999996,3.3499999999999996,2330.0095584266433,683.6370921958071,621.3389842867847,2
3.3499999999999996,3.3499999999999996,3.3499999999999996,2026.5936106547035,594.6132529971773,540.4276609305273,2
3.3499999999999996,3.3499999999999996,3.3499999999999996,2647.726634351359,776.8569578142105,706.0639608568091,2
3.3499999999999996,3.3499999999999996,3.3499999999999996,2504.372059678981,734.7959695974204,667.8358834235363,2
3.3499999999999996,3.3499999999999996,3.3499999999999996,2359.0933851701743,692.1704403415117,629.0947101389144,2
3.3499999999999996,3.3499999999999996,3.3499999999999996,2870.1204622293144,842.1084797502165,765.3692777065165,2
3.3499999999999996,3.3499999999999996,3.3499999999999996,2129.962355676514,624.9421879215295,567.992797222166,2
3.3499999999999996,3.3499999999999996,3.3499999999999996,3031.0166473465533,889.3162689805847,808.2751412789689,2
3.3499999999999996,3.3499999999999996,3.3499999999999996,2568.839167348523,753.7109589673522,685.0271979631849,2
3.3499999999999996,3.3499999999999996,3.3499999999999996,2199.8620025915893,645.4511129556412,586.6327961265247,2
3.3499999999999996,3.3499999999999996,3.3499999999999996,2564.6704145780027,752.4878249197623,683.9155250076769,2
3.3499999999999996,3.3499999999999996,3.3499999999999996,3091.6332846880564,907.101510050074,824.4396586048474,2
3.3499999999999996,3.3499999999999996,3.3499999999999996,3109.8199400073477,912.4375706315778,829.2894575693172,2
3.3499999999999996,3.3499999999999996,3.3499999999999996,3384.9923540203517,993.1746080776298,902.6691343213881,2
3.3499999999999996,3.3499999999999996,3.3499999999999996,3098.0895901177355,908.9958241117099,826.1613486483128,2
3.3499999999999996,3.3499999999999996,3.3499999999999996,2576.4968745630003,755.9577706484715,687.0692634154066,2
3.3499999999999996,3.3499999999999996,3.3499999999999996,2850.3838402296137,836.3176507706335,760.1061522304018,2
3.3499999999999996,3.3499999999999996,3.3499999999999996,2091.429782825514,613.6365278381139,557.7173931618651,2
3.3499999999999996,3.3499999999999996,3.3499999999999996,2631.9233056447756,772.2201778298062,701.849718828751,2
3.3499999999999996,3.3499999999999996,3.3499999999999996,2337.9253816365813,685.9596364712187,623.4498810147699,2
3.3499999999999996,3.3499999999999996,3.3499999999999996,2527.1195231857473,741.4701953534283,673.9019039766619,2
3.3499999999999996,3.3499999999999996,3.3499999999999996,2851.3760343175472,836.6087657485591,760.370738641467,2
3.3499999999999996,3.3499999999999996,3.3499999999999996,2462.977660711178,722.6506346389447,656.7973219220188,2
3.3499999999999996,3.3499999999999996,3.3499999999999996,2503.888741770263,734.6541615741326,667.706998004417,2
3.3499999999999996,3.3499999999999996,3.3499999999999996,2932.9682131899262,860.5483413217596,782.1287616345327,2
3.3499999999999996,3.3499999999999996,3.3499999999999996,2614.05446806014,766.9773666477232,697.0846716833134,2
3.3499999999999996,3.3499999999999996,3.3499999999999996,2856.7464187288247,838.1844648565828,761.8028483009597,2
3.3499999999999996,3.3499999999999996,3.3499999999999996,2719.502239038313,797.9162987518151,725.2042176645434,2
3.3499999999999996,3.3499999999999996,3.3499999999999996,3756.3448428004945,1102.1313866844785,1001.6969590599399,2
3.3499999999999996,3.3499999999999996,3.3499999999999996,4145.489353346532,1216.3084383070884,1105.4693466233298,2
3.3499999999999996,3.3499999999999996,3.3499999999999996,4055.365872737729,1189.8657338129617,1081.436298475804,2
3.3499999999999996,3.3499999999999996,3.3499999999999996,4183.896633235954,1227.5773367748207,1115.7113390604022,2
3.3499999999999996,3.3499999999999996,3.3499999999999996,4079.74781920878,1197.0195254904509,1087.9381833287946,2
3.3499999999999996,3.3499999999999996,3.3499999999999996,3259.203551615424,956.2675100805876,869.1252862121534,2
3.3499999999999996,3.3499999999999996,3.3499999999999996,3566.558352944346,1046.4470296851375,951.0869757609009,2
3.3499999999999996,3.3499999999999996,3.3499999999999996,3075.4834950368854,902.3630765973996,820.133026530308,2
3.3499999999999996,3.3499999999999996,3.3499999999999996,3262.0756648705838,957.110203256293,869.891186903961,2
3.3499999999999996,3.3499999999999996,3.3499999999999996,3599.012694460533,1055.9693046401972,959.7415100397134,2
3.3499999999999996,3.3499999999999996,3.3499999999999996,2718.5418101044943,797.6345038376263,724.9481020035325,2
3.3499999999999996,3.3499999999999996,3.3499999999999996,3208.6262034823626,941.427849408977,855.6379260409203,2
3.3499999999999996,3.3499999999999996,3.3499999999999996,2642.485633162168,775.3192204258743,704.6663535621263,2
3.3499999999999996,3.3499999999999996,3.3499999999999996,2718.8246626920154,797.7174942784826,725.0235297367783,2
3.3499999999999996,3.3499999999999996,3.3499999999999996,2408.5436471067583,706.6794079791703,642.2815124905494,2
3.3499999999999996,3.3499999999999996,3.3499999999999996,2965.0527130200785,869.9621027757053,790.6846709713503,2
3.3499999999999996,3.3499999999999996,3.3499999999999996,2732.899146886994,801.847022165788,728.7767442600584,2
3.3499999999999996,3.3499999999999996,3.3499999999999996,2633.4784670549698,772.6764703889997,702.2644306085879,2
3.3499999999999996,3.3499999999999996,3.3499999999999996,2302.333851084999,675.5168937086044,613.9587588165136,2
3.3499999999999996,3.3499999999999996,3.3499999999999996,3391.119038578665,994.9722096372881,904.3029250269843,2
3.3499999999999996,3.3499999999999996,3.3499999999999996,3617.250199837968,1061.320284896928,964.6048690873869,2
3.3499999999999996,3.3499999999999996,3.3499999999999996,3177.511367956822,932.2985925757151,847.3405951429545,2
3.3499999999999996,3.3499999999999996,3.3499999999999996,3500.9241818092905,1027.1896177396902,933.5844427433545,2
3.3499999999999996,3.3499999999999996,3.3499999999999996,2816.227360594124,826.2959595148176,750.9977121869805,2
3.3499999999999996,3.3499999999999996,3.3499999999999996,2468.6752143945,724.3223269367761,658.3166771562973,2
3.3499999999999996,3.3499999999999996,3.3499999999999996,2419.7105334201465,709.9558313142405,645.2593637077316,2
3.3499999999999996,3.3499999999999996,3.3499999999999996,2460.9293292294115,722.0496433799243,656.2510974665178,2
3.3499999999999996,3.3499999999999996,3.3499999999999996,2233.288153667274,655.2585219604821,595.546480915014,2
3.3499999999999996,3.3499999999999996,3.3499999999999996,2802.460713446303,822.2567526405859,747.3265879527788,2
3.3499999999999996,3.3499999999999996,3.3499999999999996,2944.9791561372635,864.0724153245252,785.3316957444958,2
3.3499999999999996,3.3499999999999996,3.3499999999999996,2201.4668729548052,631.6008697520884,564.4321322351774,3
3.3499999999999996,3.3499999999999996,3.3499999999999996,2196.3495490987916,630.1327094822394,563.12010612619,3
3.3499999999999996,3.3499999999999996,3.3499999999999996,2337.849757998608,670.7291209518661,599.3992187497875,3
3.3499999999999996,3.3499999999999996,3.3499999999999996,2033.4128523618194,583.3861694193961,521.3449114646559,3
3.3499999999999996,3.3499999999999996,3.3499999999999996,2656.635913349913,762.1888723832211,681.1325173982863,3
3.3499999999999996,3.3499999999999996,3.3499999999999996,2512.7989679203333,720.9220511778351,644.2542909755354,3
3.3499999999999996,3.3499999999999996,3.3499999999999996,2367.0314482917374,679.1013482137911,606.8810863521239,3
3.3499999999999996,3.3499999999999996,3.3499999999999996,2879.7780694859352,826.208359401303,738.3437362118412,3
3.3499999999999996,3.3499999999999996,3.3499999999999996,2137.129420673686,613.1424539941229,547.9367101056271,3
3.3499999999999996,3.3499999999999996,3.3499999999999996,3041.2156507520117,872.5248032192707,779.7345739920158,3
3.3499999999999996,3.3499999999999996,3.3499999999999996,2577.482999588375,739.4799005656715,660.8385722856408,3
3.3499999999999996,3.3499999999999996,3.3499999999999996,2207.2642714229437,633.2641434355401,565.9185220686962,3
3.3499999999999996,3.3499999999999996,3.3499999999999996,2573.3002194703836,738.2798609044073,659.7661530138938,3
3.3499999999999996,3.3499999999999996,3.3499999999999996,3102.03625572636,889.9742354467411,795.3283147706035,3
3.3499999999999996,3.3499999999999996,3.3499999999999996,3120.2841069350557,895.2095441566331,800.0068651012792,3
3.3499999999999996,3.3499999999999996,3.3499999999999996,3396.38244274729,974.4221596987664,870.7954716906289,3
3.3499999999999996,3.3499999999999996,3.3499999999999996,3108.5142858407653,891.8327823568964,796.9892111461415,3
3.3499999999999996,3.3499999999999996,3.3499999999999996,2585.166474058874,741.6842894746776,662.8085314667834,3
3.3499999999999996,3.3499999999999996,3.3499999999999996,2859.975036146936,820.5268689213425,733.2664541189004,3
3.3499999999999996,3.3499999999999996,3.3499999999999996,2098.4671903884146,602.0502597055221,538.0241352924555,3
3.3499999999999996,3.3499999999999996,3.3499999999999996,2640.779408358918,757.6396409291503,677.0670821960512,3
3.3499999999999996,3.3499999999999996,3.3499999999999996,2345.7922169935873,673.0078125237571,601.4355787426634,3
3.3499999999999996,3.3499999999999996,3.3499999999999996,2535.622973882904,727.4702587362971,650.1061175507456,3
3.3499999999999996,3.3499999999999996,3.3499999999999996,2860.970568847638,820.8124872639823,733.521697862002,3
3.3499999999999996,3.3499999999999996,3.3499999999999996,2471.265281820469,709.0060361848523,633.6055061616772,3
3.3499999999999996,3.3499999999999996,3.3499999999999996,2512.3140237054713,720.7829206773263,644.1299565598908,3
3.3499999999999996,3.3499999999999996,3.3499999999999996,2942.8372955061227,844.30005203113,754.5114350479822,3
3.3499999999999996,3.3499999999999996,3.3499999999999996,2622.8504443030083,752.4958209468548,672.4702910586662,3
3.3499999999999996,3.3499999999999996,3.3499999999999996,2866.3590239511195,822.3584350916739,734.9032390702189,3
3.3499999999999996,3.3499999999999996,3.3499999999999996,2728.6530342414285,782.8505851488878,699.5969229278946,3
3.3499999999999996,3.3499999999999996,3.3499999999999996,3768.9844876131806,1081.3216904161359,966.3265783552347,3
3.3499999999999996,3.3499999999999996,3.3499999999999996,4159.438422240325,1193.3429284998272,1066.4347151474155,3
3.3499999999999996,3.3499999999999996,3.3499999999999996,4069.0116870497823,1167.399497191896,1043.2502849923715,3
3.3499999999999996,3.3499999999999996,3.3499999999999996,4197.9749379684,1204.3990552806033,1076.315058117154,3
3.3499999999999996,3.3499999999999996,3.3499999999999996,4093.475675813576,1174.4182158338344,1049.5225852983906,3
3.3499999999999996,3.3499999999999996,3.3499999999999996,3270.170376278399,938.2119164585554,838.4360722983372,3
3.3499999999999996,3.3499999999999996,3.3499999999999996,3578.5593892366705,1026.6887276244674,917.5036568622191,3
3.3499999999999996,3.3499999999999996,3.3499999999999996,3085.832123991719,885.3252698761444,791.1737518569552,3
3.3499999999999996,3.3499999999999996,3.3499999999999996,3273.0521538463217,939.0386984740801,839.1749286841737,3
3.3499999999999996,3.3499999999999996,3.3499999999999996,3611.1229356758777,1036.0312094514188,925.8525955519717,3
3.3499999999999996,3.3499999999999996,3.3499999999999996,2727.6893735807325,782.5741108948716,699.3498508287639,3
3.3499999999999996,3.3499999999999996,3.3499999999999996,3219.422841503077,923.6524481805488,825.4249570229714,3
3.3499999999999996,3.3499999999999996,3.3499999999999996,2651.3772768273684,760.68016950781,679.784260260496,3
3.3499999999999996,3.3499999999999996,3.3499999999999996,2727.973177932905,782.6555343665913,699.4226151740295,3
3.3499999999999996,3.3499999999999996,3.3499999999999996,2416.648104362228,693.3363673791035,619.6022566428483,3
3.3499999999999996,3.3499999999999996,3.3499999999999996,2975.0297557868776,853.5360692351925,762.7652312878384,3
3.3499999999999996,3.3499999999999996,3.3499999999999996,2742.0950210601945,786.7070913131314,703.043301964891,3
3.3499999999999996,3.3499999999999996,3.3499999999999996,2642.3398026986415,758.0873180821585,677.4671503120502,3
3.3499999999999996,3.3499999999999996,3.3499999999999996,2310.080925258371,662.7622425372053,592.2795924379833,3
3.3499999999999996,3.3499999999999996,3.3499999999999996,3402.5297428560752,976.1858201667183,872.371572494378,3
3.3499999999999996,3.3499999999999996,3.3499999999999996,3629.421808046996,1041.2811561333635,930.5442271530717,3
3.3499999999999996,3.3499999999999996,3.3499999999999996,3188.203308329715,914.6955637741605,817.4206086982673,3
3.3499999999999996,3.3499999999999996,3.3499999999999996,3512.7043670760995,1007.7949210516105,900.6191463419243,3
3.3499999999999996,3.3499999999999996,3.3499999999999996,2825.7036241000965,810.6944004330192,724.4796372860201,3
3.3499999999999996,3.3499999999999996,3.3499999999999996,2476.982007080915,710.6461647241408,635.0712122632755,3
3.3499999999999996,3.3499999999999996,3.3499999999999996,2427.8525658936996,696.5509275141299,622.4749585628493,3
3.3499999999999996,3.3499999999999996,3.3499999999999996,2469.2100579516955,708.4163924345877,633.0785691431266,3
3.3499999999999996,3.3499999999999996,3.3499999999999996,2240.8028974429512,642.8863756048095,574.5174605443423,3
3.3499999999999996,3.3499999999999996,3.3499999999999996,2811.8906538542924,806.7314591195305,720.9381421383434,3
3.3499999999999996,3.3499999999999996,3.3499999999999996,2954.8886538197467,847.7575868621503,757.6012720802147,3
3.3499999999999996,3.3499999999999996,3.3499999999999996,2202.2033468242817,630.3982331318781,562.3945021313993,4
3.3499999999999996,3.3499999999999996,3.3499999999999996,2197.084311030038,628.9328683985607,561.0872125066478,4
3.3499999999999996,3.3499999999999996,3.3499999999999996,2338.6318570974763,669.4519798937565,597.2353555985719,4
3.3499999999999996,3.3499999999999996,3.3499999999999996,2034.0931058101085,582.2753388226248,519.4628285261011,4
3.3499999999999996,3.3499999999999996,3.3499999999999996,2657.5246584656948,760.7375820298613,678.6735926793536,4
3.3499999999999996,3.3499999999999996,3.3499999999999996,2513.639594141811,719.5493373318203,641.9284986210473,4
3.3499999999999996,3.3499999999999996,3.3499999999999996,2367.8233097688785,677.8082655261172,604.6902132597866,4
3.3499999999999996,3.3499999999999996,3.3499999999999996,2880.7414640862003,824.6351689949474,735.6782759413858,4
3.3499999999999996,3.3499999999999996,3.3499999999999996,2137.8443712338562,611.9749642012913,545.9586293555907,4
3.3499999999999996,3.3499999999999996,3.3499999999999996,3042.2330523244527,870.8634212759472,776.9196905894164,4
3.3499999999999996,3.3499999999999996,3.3499999999999996,2578.345265063062,738.0718505598525,658.4529097910292,4
3.3499999999999996,3.3499999999999996,3.3499999999999996,2208.00268474131,632.0583397616774,563.8755260183361,4
3.3499999999999996,3.3499999999999996,3.3499999999999996,2574.16108564704,736.8740959043749,657.3843620100556,4
3.3499999999999996,3.3499999999999996,3.3499999999999996,3103.07400408977,888.2796278902125,792.457137132034,4
3.3499999999999996,3.3499999999999996,3.3499999999999996,3121.32795989434,893.5049680039955,797.1187976464656,4
3.3499999999999996,3.3499999999999996,3.3499999999999996,3397.518661034542,972.5667541271141,867.6518535902135,4
3.3499999999999996,3.3499999999999996,3.3499999999999996,3109.554201350074,890.1346359252935,794.1120375830653,4
3.3499999999999996,3.3499999999999996,3.3499999999999996,2586.0313099461546,740.2720420730752,660.4157573144518,4
3.3499999999999996,3.3499999999999996,3.3499999999999996,2860.931805884129,818.9644966896216,730.6193231076193,4
3.3499999999999996,3.3499999999999996,3.3499999999999996,2099.169206971385,600.903890654743,536.0818394662242,4
3.3499999999999996,3.3499999999999996,3.3499999999999996,2641.6628488745123,756.1970128063265,674.6228339150458,4
3.3499999999999996,3.3499999999999996,3.3499999999999996,2346.5769731451605,671.7263325895283,599.2643642232556,4
3.3499999999999996,3.3499999999999996,3.3499999999999996,2536.4712355969677,726.0850763922423,647.7591997901889,4
3.3499999999999996,3.3499999999999996,3.3499999999999996,2861.927671628144,819.2495711839316,730.8736454071935,4
3.3499999999999996,3.3499999999999996,3.3499999999999996,2472.0920134542553,707.6560117249415,631.3181564883658,4
3.3499999999999996,3.3499999999999996,3.3499999999999996,2513.1544876947814,719.4104717508877,641.8046130592752,4
3.3499999999999996,3.3499999999999996,3.3499999999999996,2943.8217858007015,842.6924130780412,751.7876085223548,4
3.3499999999999996,3.3499999999999996,3.3499999999999996,2623.727886902533,751.0629872156708,670.0426374388564,4
3.3499999999999996,3.3499999999999996,3.3499999999999996,2867.3179293735047,820.7925753591368,732.2501991779584,4
3.3499999999999996,3.3499999999999996,3.3499999999999996,2729.565871805906,781.3599526514645,697.0713407201218,4
3.3499999999999996,3.3499999999999996,3.3499999999999996,3770.245355366263,1079.2627365333885,962.8380878641988,4
3.3499999999999996,3.3499999999999996,3.3499999999999996,4160.829911591043,1191.070674019167,1062.5848289428627,4
3.3499999999999996,3.3499999999999996,3.3499999999999996,4070.3729252400635,1165.176641820767,1039.4840958173197,4
3.3499999999999996,3.3499999999999996,3.3499999999999996,4199.379319240047,1202.1057487343408,1072.4295033474702,4
3.3499999999999996,3.3499999999999996,3.3499999999999996,4094.8450981326714,1172.1819960604853,1045.733752784674,4
3.3499999999999996,3.3499999999999996,3.3499999999999996,3271.26437185946,936.42545912088,835.4092733557553,4
3.3499999999999996,3.3499999999999996,3.3499999999999996,3579.756552597573,1024.7338008336237,914.1914197219531,4
3.3499999999999996,3.3499999999999996,3.3499999999999996,3086.8644514606576,883.639514454736,788.3175724121056,4
3.3499999999999996,3.3499999999999996,3.3499999999999996,3274.1471134908907,937.2506668536946,836.145462430629,4
3.3499999999999996,3.3499999999999996,3.3499999999999996,3612.330992773744,1034.0584935609918,922.5102182977091,4
3.3499999999999996,3.3499999999999996,3.3499999999999996,2728.601888764299,781.0840048344409,696.8251605644476,4
3.3499999999999996,3.3499999999999996,3.3499999999999996,3220.4998601158436,921.8937136509956,822.4451289005376,4
3.3499999999999996,3.3499999999999996,3.3499999999999996,2652.264262730493,759.2317518885038,677.3302028217462,4
3.3499999999999996,3.3499999999999996,3.3499999999999996,2728.8857880597534,781.1652732670315,696.8976622265454,4
3.3499999999999996,3.3499999999999996,3.3499999999999996,2417.4565644859968,692.0161796696389,617.3654594472232,4
3.3499999999999996,3.3499999999999996,3.3499999999999996,2976.025015676076,851.91084390272,760.0116081175336,4
3.3499999999999996,3.3499999999999996,3.3499999999999996,2743.0123554772786,785.2091156093238,700.5052781449672,4
3.3499999999999996,3.3499999999999996,3.3499999999999996,2643.223765225115,756.6438375334369,675.0214577638071,4
3.3499999999999996,3.3499999999999996,3.3499999999999996,2310.8537346332146,661.5002712804512,590.1414315175093,4
3.3499999999999996,3.3499999999999996,3.3499999999999996,3403.6680176475397,974.3270563940787,869.222264585993,4
3.3499999999999996,3.3499999999999996,3.3499999999999996,3630.6359868092436,1039.2984437745404,927.1849128584806,4
3.3499999999999996,3.3499999999999996,3.3499999999999996,3189.2698828287494,912.9538841248425,814.4696767002317,4
3.3499999999999996,3.3499999999999996,3.3499999999999996,3513.879499443217,1005.8759701195219,897.3678631852441,4
3.3499999999999996,3.3499999999999996,3.3499999999999996,2826.648928754734,809.1507502886756,721.8642271521879,4
3.3499999999999996,3.3499999999999996,3.3499999999999996,2477.8106511753545,709.2930172814453,632.7785713127575,4
3.3499999999999996,3.3499999999999996,3.3499999999999996,2428.6647743333033,695.2246189332077,620.227790760065,4
3.3499999999999996,3.3499999999999996,3.3499999999999996,2470.0361020354244,707.0674907203869,630.7931217405586,4
3.3499999999999996,3.3499999999999996,3.3499999999999996,2241.552530699253,641.6622501563435,572.4434218674237,4
3.3499999999999996,3.3499999999999996,3.3499999999999996,2812.8313375483463,805.1953548456496,718.3355169908954,4
3.3499999999999996,3.3499999999999996,3.3499999999999996,2955.8771757491404,846.1433643874063,754.8662910780913,4
3.3499999999999996,3.3499999999999996,3.3499999999999996,2202.276976089897,630.2781414979769,562.1910685962046,5
3.3499999999999996,3.3499999999999996,3.3499999999999996,2197.157769143954,628.8130559184323,560.8842518540094,5
3.3499999999999996,3.3499999999999996,3.3499999999999996,2338.710047763398,669.3244484733647,597.0193191699224,5
3.3499999999999996,3.3499999999999996,3.3499999999999996,2034.1611144169385,582.1644146589066,519.2749245561854,5
3.3499999999999996,3.3499999999999996,3.3499999999999996,2657.613511109226,760.5926605906908,678.4280978039967,5
3.3499999999999996,3.3499999999999996,3.3499999999999996,2513.7236360799025,719.4122623036064,641.6962954552591,5
3.3499999999999996,3.3499999999999996,3.3499999999999996,2367.902476432419,677.6791422230992,604.4714802044048,5
3.3499999999999996,3.3499999999999996,3.3499999999999996,2880.837779841389,824.4780749873629,735.412160906702,5
3.3499999999999996,3.3499999999999996,3.3499999999999996,2137.9158486981337,611.858382222639,545.7611411269203,5
3.3499999999999996,3.3499999999999996,3.3499999999999996,3042.3347674479887,870.6975207298019,776.6386574025341,5
3.3499999999999996,3.3499999999999996,3.3499999999999996,2578.431470394029,737.9312469702298,658.2147292919484,5
3.3499999999999996,3.3499999999999996,3.3499999999999996,2208.076507904093,631.9379318754345,563.6715567561315,5
3.3499999999999996,3.3499999999999996,3.3499999999999996,2574.247151082635,736.7337204884781,657.1465680340502,5
3.3499999999999996,3.3499999999999996,3.3499999999999996,3103.1777533917593,888.1104095354204,792.1704836240675,5
3.3499999999999996,3.3499999999999996,3.3499999999999996,3121.4323195057095,893.3347542155253,796.8304578878781,5
3.3499999999999996,3.3499999999999996,3.3499999999999996,3397.6322549060105,972.3814789717565,867.3380000884009,5
3.3499999999999996,3.3499999999999996,3.3499999999999996,3109.6581673133296,889.9650641892036,793.8247854521608,5
3.3499999999999996,3.3499999999999996,3.3499999999999996,2586.1177722551347,740.1310193442805,660.1768667995202,5
3.3499999999999996,3.3499999999999996,3.3499999999999996,2861.027459316019,818.8084829520423,730.3550380350978,5
3.3499999999999996,3.3499999999999996,3.3499999999999996,2099.2393913561896,600.7894177291324,535.887923943681,5
3.3499999999999996,3.3499999999999996,3.3499999999999996,2641.751171188547,756.0529563511428,674.3788043103709,5
3.3499999999999996,3.3499999999999996,3.3499999999999996,2346.6554294509747,671.5983679021683,599.0475938464682,5
3.3499999999999996,3.3499999999999996,3.3499999999999996,2536.5560408964425,725.9467562977494,647.5248874996723,5
3.3499999999999996,3.3499999999999996,3.3499999999999996,2862.0233583561703,819.0935031393126,730.6092683393126,5
3.3499999999999996,3.3499999999999996,3.3499999999999996,2472.1746662754617,707.5212023897922,631.089791374695,5
3.3499999999999996,3.3499999999999996,3.3499999999999996,2513.2385134136475,719.2734231767369,641.5724547062966,5
3.3499999999999996,3.3499999999999996,3.3499999999999996,2943.9202106062507,842.5318791433888,751.515666299702,5
3.3499999999999996,3.3499999999999996,3.3499999999999996,2623.815609572543,750.9199087986373,669.8002646170228,5
3.3499999999999996,3.3499999999999996,3.3499999999999996,2867.413796321364,820.6362133703365,731.9853241727775,5
3.3499999999999996,3.3499999999999996,3.3499999999999996,2729.657133101499,781.2111026254856,696.8191908740829,5
3.3499999999999996,3.3499999999999996,3.3499999999999996,3770.371411117248,1079.0571356629757,962.489802887564,5
3.3499999999999996,3.3499999999999996,3.3499999999999996,4160.9690262877775,1190.8437736000083,1062.2004628308598,5
3.3499999999999996,3.3499999999999996,3.3499999999999996,4070.5090155651005,1164.9546742463906,1039.1080858748514,5
3.3499999999999996,3.3499999999999996,3.3499999999999996,4199.519722811662,1201.8767461199618,1072.0415761463928,5
3.3499999999999996,3.3499999999999996,3.3499999999999996,4094.9820066692146,1171.958693957564,1045.3554821696605,5
3.3499999999999996,3.3499999999999996,3.3499999999999996,3271.3737444992216,936.2470689263937,835.1070828806189,5
3.3499999999999996,3.3499999999999996,3.3499999999999996,3579.8762394768205,1024.538587792108,913.8607315810591,5
3.3499999999999996,3.3499999999999996,3.3499999999999996,3086.967658806584,883.4711800472247,788.0324162983736,5
3.3499999999999996,3.3499999999999996,3.3499999999999996,3274.2565825132815,937.0721194561264,835.8430056556879,5
3.3499999999999996,3.3499999999999996,3.3499999999999996,3612.451768758642,1033.8615041541152,922.1765210189299,5
3.3499999999999996,3.3499999999999996,3.3499999999999996,2728.693117829733,780.9352073768586,696.5730997685312,5
3.3499999999999996,3.3499999999999996,3.3499999999999996,3220.607535476503,921.7180917717822,822.1476279124556,5
3.3499999999999996,3.3499999999999996,3.3499999999999996,2652.352939496044,759.0871173118161,677.0851938873911,5
3.3499999999999996,3.3499999999999996,3.3499999999999996,2728.9770266171795,781.0164603277133,696.6455752047871,5
3.3499999999999996,3.3499999999999996,3.3499999999999996,2417.537390605781,691.8843497416113,617.1421414072237,5
3.3499999999999996,3.3499999999999996,3.3499999999999996,2976.1245171760957,851.7485538457285,759.7366910483901,5
3.3499999999999996,3.3499999999999996,3.3499999999999996,2743.1040663474846,785.059532313097,700.2518861494632,5
3.3499999999999996,3.3499999999999996,3.3499999999999996,2643.312139727393,756.4996959575966,674.7772839659397,5
3.3499999999999996,3.3499999999999996,3.3499999999999996,2310.9309965553125,661.3742546702694,589.927961156004,5
3.3499999999999996,3.3499999999999996,3.3499999999999996,3403.7818171188283,974.1414458989874,868.9078430233985,5
3.3499999999999996,3.3499999999999996,3.3499999999999996,3630.7573748099526,1039.100456150743,926.8495246143084,5
3.3499999999999996,3.3499999999999996,3.3499999999999996,3189.3765140350188,912.7799652940802,814.1750606522226,5
3.3499999999999996,3.3499999999999996,3.3499999999999996,3513.9969837651706,1005.6843495178059,897.0432605867371,5
3.3499999999999996,3.3499999999999996,3.3499999999999996,2826.7434359604727,808.9966060817802,721.6031090382951,5
3.3499999999999996,3.3499999999999996,3.3499999999999996,2477.893495195569,709.1578960947365,632.5496779269406,5
3.3499999999999996,3.3499999999999996,3.3499999999999996,2428.745975192442,695.092177793579,620.0034373362279,5
3.3499999999999996,3.3499999999999996,3.3499999999999996,2470.118686118542,706.9327934992081,630.5649465463739,5
3.3499999999999996,3.3499999999999996,3.3499999999999996,2241.627475579757,641.5400127134321,572.2363533620096,5
3.3499999999999996,3.3499999999999996,3.3499999999999996,2812.925382771728,805.0419641464206,718.075675308369,5
3.3499999999999996,3.3499999999999996,3.3499999999999996,2955.976003618971,845.9821730423117,754.593235211415,5
3.3499999999999996,3.3499999999999996,3.3499999999999996,2202.284338835212,630.2661340985676,562.170728584054,6
3.3499999999999996,3.3499999999999996,3.3499999999999996,2197.16511477452,628.8010764302999,560.8639591223476,6
3.3499999999999996,3.3499999999999996,3.3499999999999996,2338.7178666375153,669.3116972045865,596.9977190754271,6
3.3499999999999996,3.3499999999999996,3.3499999999999996,2034.1679151102107,582.1533238718582,519.2561372454917,6
3.3499999999999996,3.3499999999999996,3.3499999999999996,2657.622396154858,760.5781705754704,678.403552348682,6
3.3499999999999996,3.3499999999999996,3.3499999999999996,2513.7320400668327,719.3985568142283,641.6730789525867,6
3.3499999999999996,3.3499999999999996,3.3499999999999996,2367.910392903895,677.6662317894411,604.4496104915282,6
3.3499999999999996,3.3499999999999996,3.3499999999999996,2880.847411179816,824.4623678940992,735.3855537741376,6
3.3499999999999996,3.3499999999999996,3.3499999999999996,2137.9229962686118,611.8467257372025,545.7413955477712,6
3.3499999999999996,3.3499999999999996,3.3499999999999996,3042.3449387099595,870.6809331120379,776.6105586997788,6
3.3499999999999996,3.3499999999999996,3.3499999999999996,2578.4400907149216,737.9171886765405,658.1909151541236,6
3.3499999999999996,3.3499999999999996,3.3499999999999996,2208.0838900386475,631.9258928554361,563.6511631800793,6
3.3499999999999996,3.3499999999999996,3.3499999999999996,2574.2557574143348,736.7196850088101,657.1227925421841,6
3.3499999999999996,3.3499999999999996,3.3499999999999996,3103.188128066568,888.0934901855259,792.1418229815168,6
3.3499999999999996,3.3499999999999996,3.3499999999999996,3121.4427552099537,893.3177353368843,796.8016286479619,6
3.3499999999999996,3.3499999999999996,3.3499999999999996,3397.6436140135334,972.3629541776575,867.306619893222,6
3.3499999999999996,3.3499999999999996,3.3499999999999996,3109.6685636537313,889.94810950637,793.7960649571488,6
3.3499999999999996,3.3499999999999996,3.3499999999999996,2586.126418273196,740.1169191428307,660.1529816717723,6
3.3499999999999996,3.3499999999999996,3.3499999999999996,2861.0370244237465,818.7928838699112,730.3286138686932,6
3.3499999999999996,3.3499999999999996,3.3499999999999996,2099.2464096219032,600.777972118021,535.8685355764635,6
3.3499999999999996,3.3499999999999996,3.3499999999999996,2641.7600032025352,756.0385528216154,674.3544053580574,6
3.3499999999999996,3.3499999999999996,3.3499999999999996,2346.663274888427,671.5855733130574,599.0259203692142,6
3.3499999999999996,3.3499999999999996,3.3499999999999996,2536.5645212176323,725.9329263200315,647.5014601191691,6
3.3499999999999996,3.3499999999999996,3.3499999999999996,2862.0329267934294,819.0778986272753,730.5828349748829,6
3.3499999999999996,3.3499999999999996,3.3499999999999996,2472.182931354123,707.5077234364406,631.0669586141947,6
3.3499999999999996,3.3499999999999996,3.3499999999999996,2513.246915778696,719.2597203323764,641.5492426841691,6
3.3499999999999996,3.3499999999999996,3.3499999999999996,2943.930052844522,842.5158281079459,751.4884765440519,6
3.3499999999999996,3.3499999999999996,3.3499999999999996,2623.8243816236045,750.9056030585588,669.7760313157811,6
3.3499999999999996,3.3499999999999996,3.3499999999999996,2867.4233827801627,820.6205794681986,731.9588410227964,6
3.3499999999999996,3.3499999999999996,3.3499999999999996,2729.6662590064084,781.1962198092897,696.7939800310068,6
3.3499999999999996,3.3499999999999996,3.3499999999999996,3770.3840163820464,1079.036578595928,962.4549801104354,6
3.3499999999999996,3.3499999999999996,3.3499999999999996,4160.982937415005,1190.8210868909466,1062.1620325328222,6
3.3499999999999996,3.3499999999999996,3.3499999999999996,4070.5226242626027,1164.9324807493506,1039.0704910565182,6
3.3499999999999996,3.3499999999999996,3.3499999999999996,4199.533762823205,1201.8538492222565,1072.002789797938,6
3.3499999999999996,3.3499999999999996,3.3499999999999996,4094.9956971858533,1171.9363670272724,1045.317661321204,6
3.3499999999999996,3.3499999999999996,3.3499999999999996,3271.3846814939648,936.229232527251,835.0768687965441,6
3.3499999999999996,3.3499999999999996,3.3499999999999996,3579.8882078701226,1024.5190693553675,913.8276681984788,6
3.3499999999999996,3.3499999999999996,3.3499999999999996,3086.97797928712,883.4543490790742,788.003905370652,6
3.3499999999999996,3.3499999999999996,3.3499999999999996,3274.2675291460505,937.0542673389849,835.8127649460062,6
3.3499999999999996,3.3499999999999996,3.3499999999999996,3612.463846059828,1033.8418081069306,922.1431567719859,6
3.3499999999999996,3.3499999999999996,3.3499999999999996,2728.702240511706,780.92032981673,696.5478978290048,6
3.3499999999999996,3.3499999999999996,3.3499999999999996,3220.6183027475145,921.7005321635044,822.1178827000618,6
3.3499999999999996,3.3499999999999996,3.3499999999999996,2652.3618069543118,759.07265597863,677.0606970181951,6
3.3499999999999996,3.3499999999999996,3.3499999999999996,2728.986150248328,781.0015812196385,696.6203706431072,6
3.3499999999999996,3.3499999999999996,3.3499999999999996,2417.5454730187976,691.8711686852088,617.1198132711932,6
3.3499999999999996,3.3499999999999996,3.3499999999999996,2976.1344670811636,851.7323272238469,759.7092038569522,6
3.3499999999999996,3.3499999999999996,3.3499999999999996,2743.1132372087486,785.0445761806468,700.2265511118428,6
3.3499999999999996,3.3499999999999996,3.3499999999999996,2643.320976960077,756.4852839172537,674.7528705966753,6
3.3499999999999996,3.3499999999999996,3.3499999999999996,2310.938722557333,661.3616548602616,589.9066176260761,6
3.3499999999999996,3.3499999999999996,3.3499999999999996,3403.793196785827,974.1228875758409,868.8764060314717,6
3.3499999999999996,3.3499999999999996,3.3499999999999996,3630.7695133112134,1039.0806602965288,926.815991298599,6
3.3499999999999996,3.3499999999999996,3.3499999999999996,3189.387176893161,912.7625759656322,814.1456038864513,6
3.3499999999999996,3.3499999999999996,3.3499999999999996,3514.008731908165,1005.6651902722771,897.0108056584412,6
3.3499999999999996,3.3499999999999996,3.3499999999999996,2826.7528864484066,808.9811939252569,721.5770015157365,6
3.3499999999999996,3.3499999999999996,3.3499999999999996,2477.9017793936605,709.1443859608098,632.5267923479025,6
3.3499999999999996,3.3499999999999996,3.3499999999999996,2428.754095078471,695.078935624994,619.9810056788197,6
3.3499999999999996,3.3499999999999996,3.3499999999999996,2470.126944323564,706.9193257556068,630.5421327747031,6
3.3499999999999996,3.3499999999999996,3.3499999999999996,2241.634969883323,641.5277907646407,572.2156499125412,6
3.3499999999999996,3.3499999999999996,3.3499999999999996,2812.9347870625634,805.0266273295957,718.0496954079816,6
3.3499999999999996,3.3499999999999996,3.3499999999999996,2955.985886162678,845.9660562754812,754.565934109654,6
3.3499999999999996,3.3499999999999996,3.3499999999999996,2202.2850751079304,630.2649333763114,562.1686946163007,7
3.3499999999999996,3.3499999999999996,3.3499999999999996,2197.1658493357677,628.7998784991302,560.8619298825655,7
3.3499999999999996,3.3499999999999996,3.3499999999999996,2338.7186485230013,669.3104220964889,596.9955591015123,7
3.3499999999999996,3.3499999999999996,3.3499999999999996,2034.1685951778634,582.152214809488,519.2542585453297,7
3.3499999999999996,3.3499999999999996,3.3499999999999996,2657.6232846572334,760.5767215952893,678.4010978435308,7
3.3499999999999996,3.3499999999999996,3.3499999999999996,2513.7328804634567,719.3971862854764,641.6707573405134,7
3.3499999999999996,3.3499999999999996,3.3499999999999996,2367.911184549094,677.6649407650899,604.4474235562188,7
3.3499999999999996,3.3499999999999996,3.3499999999999996,2880.848374311287,824.4607972079064,735.3828931046532,7
3.3499999999999996,3.3499999999999996,3.3499999999999996,2137.9237110238996,611.8455601058268,545.7394210223404,7
3.3499999999999996,3.3499999999999996,3.3499999999999996,3042.3459558336517,870.6792743746922,776.6077488757292,7
3.3499999999999996,3.3499999999999996,3.3499999999999996,2578.4409527448884,737.915782867877,658.1885337795181,7
3.3499999999999996,3.3499999999999996,3.3499999999999996,2208.0846282502853,631.9246889711676,563.6491238560238,7
3.3499999999999996,3.3499999999999996,3.3499999999999996,2574.2566180453855,736.7182814815151,657.1204150321113,7
3.3499999999999996,3.3499999999999996,3.3499999999999996,3103.189165531494,888.0917982754555,792.138956964412,7
3.3499999999999996,3.3499999999999996,3.3499999999999996,3121.4437987778088,893.3160334740861,796.7987457713976,7
3.3499999999999996,3.3499999999999996,3.3499999999999996,3397.6447499214887,972.361101725531,867.3034819253281,7
3.3499999999999996,3.3499999999999996,3.3499999999999996,3109.6696032852115,889.946414063058,793.7931929548961,7
3.3499999999999996,3.3499999999999996,3.3499999999999996,2586.1272828728734,740.1155091434526,660.1505931982914,7
3.3499999999999996,3.3499999999999996,3.3499999999999996,2861.037980932164,818.7913239846725,730.3259714955236,7
3.3499999999999996,3.3499999999999996,3.3499999999999996,2099.2471114467467,600.7768275737673,535.8665967716379,7
3.3499999999999996,3.3499999999999996,3.3499999999999996,2641.7608864017593,756.0371124898762,674.3519655029654,7
3.3499999999999996,3.3499999999999996,3.3499999999999996,2346.6640594302403,671.5842938729903,599.0237530571444,7
3.3499999999999996,3.3499999999999996,3.3499999999999996,2536.565369247663,725.9315433426291,647.4991174196597,7
3.3499999999999996,3.3499999999999996,3.3499999999999996,2862.033883634799,819.076338199054,730.5801916819261,7
3.3499999999999996,3.3499999999999996,3.3499999999999996,2472.183757859954,707.5063755609575,631.0646753757073,7
3.3499999999999996,3.3499999999999996,3.3499999999999996,2513.2477560131315,719.258350068122,641.5469215201429,7
3.3499999999999996,3.3499999999999996,3.3499999999999996,2943.931037065926,842.5142230280419,751.4857576132173,7
3.3499999999999996,3.3499999999999996,3.3499999999999996,2623.825258826551,750.9041725056207,669.7736080255236,7
3.3499999999999996,3.3499999999999996,3.3499999999999996,2867.424341423682,820.6190161010109,731.9561927513662,7
3.3499999999999996,3.3499999999999996,3.3499999999999996,2729.6671715946522,781.1947315495898,696.7914589881741,7
3.3499999999999996,3.3499999999999996,3.3499999999999996,3770.3852769054224,1079.0345229195002,962.4514978900102,7
3.3499999999999996,3.3499999999999996,3.3499999999999996,4160.984328524302,1190.818818253454,1062.1581895662407,7
3.3499999999999996,3.3499999999999996,3.3499999999999996,4070.523985129002,1164.930261432334,1039.0667316365332,7
3.3499999999999996,3.3499999999999996,3.3499999999999996,4199.535166820901,1201.851559566209,1071.9989112269006,7
3.3499999999999996,3.3499999999999996,3.3499999999999996,4094.997066234146,1171.9341343671267,1045.3138792985783,7
3.3499999999999996,3.3499999999999996,3.3499999999999996,3271.385775190746,936.2274489136067,835.0738474378422,7
3.3499999999999996,3.3499999999999996,3.3499999999999996,3579.8894047065055,1024.5171175404403,913.8243619146142,7
3.3499999999999996,3.3499999999999996,3.3499999999999996,3086.9790113326326,883.4526660070482,788.0010543247838,7
3.3499999999999996,3.3499999999999996,3.3499999999999996,3274.268623806632,937.0524821535638,835.8097409247879,7
3.3499999999999996,3.3499999999999996,3.3499999999999996,3612.465053786973,1033.8398385312207,922.1398204021795,7
3.3499999999999996,3.3499999999999996,3.3499999999999996,2728.703152777657,780.918842082629,696.5453776765123,7
3.3499999999999996,3.3499999999999996,3.3499999999999996,3220.6193794719643,921.6987762285388,822.1149082277568,7
3.3499999999999996,3.3499999999999996,3.3499999999999996,2652.362693697955,759.0712098666102,677.0582473715758,7
3.3499999999999996,3.3499999999999996,3.3499999999999996,2728.9870626091965,781.0000933307452,696.6178502284037,7
3.3499999999999996,3.3499999999999996,3.3499999999999996,2417.5462812581086,691.8698505989818,617.1175804943226,7
3.3499999999999996,3.3499999999999996,3.3499999999999996,2976.1354620692205,851.7307045855574,759.7064551830282,7
3.3499999999999996,3.3499999999999996,3.3499999999999996,2743.1141542926166,785.0430805894295,700.22401764976,7
3.3499999999999996,3.3499999999999996,3.3499999999999996,2643.3218606811697,756.4838427344458,674.7504292999117,7
3.3499999999999996,3.3499999999999996,3.3499999999999996,2310.9394951556333,661.3603948978179,589.9044833081961,7
3.3499999999999996,3.3499999999999996,3.3499999999999996,3403.794334749725,974.1210317708592,868.8732623839968,7
3.3499999999999996,3.3499999999999996,3.3499999999999996,3630.7707271583504,1039.078680740263,926.8126380221943,7
3.3499999999999996,3.3499999999999996,3.3499999999999996,3189.3882431763495,912.7608370583988,814.1426582583341,7
3.3499999999999996,3.3499999999999996,3.3499999999999996,3514.0099067195715,1005.6632743759421,897.0075602190038,7
3.3499999999999996,3.3499999999999996,3.3499999999999996,2826.753831494873,808.9796527323037,721.5743908064306,7
3.3499999999999996,3.3499999999999996,3.3499999999999996,2477.90260781143,709.1430349673151,632.5245038276485,7
3.3499999999999996,3.3499999999999996,3.3499999999999996,2428.7549070650743,695.0776114276389,619.9787625499815,7
3.3499999999999996,3.3499999999999996,3.3499999999999996,2470.1277701420327,706.9179790010821,630.5398514350672,7
3.3499999999999996,3.3499999999999996,3.3499999999999996,2241.635719311834,641.5265685877624,572.2135796016539,7
3.3499999999999996,3.3499999999999996,3.3499999999999996,2812.935727489331,805.0250936705015,718.0470974606831,7
3.3499999999999996,3.3499999999999996,3.3499999999999996,2955.9868744146156,845.9644446225352,754.5632040443915,7
3.3499999999999996,3.3499999999999996,3.3499999999999996,2202.285148735184,630.2648133042626,562.1684912198606,8
3.3499999999999996,3.3499999999999996,3.3499999999999996,2197.1659227918744,628.7997587061894,560.8617269589216,8
3.3499999999999996,3.3499999999999996,3.3499999999999996,2338.7187267115305,669.3102945858668,596.9953431044769,8
3.3499999999999996,3.3499999999999996,3.3499999999999996,2034.1686631846117,582.152103903414,519.254070675623,8
3.3499999999999996,3.3499999999999996,3.3499999999999996,2657.6233735074493,760.5765766974845,678.4008523934203,8
3.3499999999999996,3.3499999999999996,3.3499999999999996,2513.732964503098,719.3970492328028,641.6705251796885,8
3.3499999999999996,3.3499999999999996,3.3499999999999996,2367.9112637135936,677.6648116628448,604.4472048630485,8
3.3499999999999996,3.3499999999999996,3.3499999999999996,2880.84847062441,824.4606401395183,735.3826270381435,8
3.3499999999999996,3.3499999999999996,3.3499999999999996,2137.9237824994107,611.8454435428606,545.7392235701226,8
3.3499999999999996,3.3499999999999996,3.3499999999999996,3042.346057545996,870.6791085012015,776.6074678937873,8
3.3499999999999996,3.3499999999999996,3.3499999999999996,2578.4410389478635,737.9156422872177,658.1882956424502,8
3.3499999999999996,3.3499999999999996,3.3499999999999996,2208.0847020714305,631.924568582918,563.6489199239545,8
3.3499999999999996,3.3499999999999996,3.3499999999999996,2574.256704108469,736.7181411289919,657.1201772814958,8
3.3499999999999996,3.3499999999999996,3.3499999999999996,3103.189269277961,888.0916290846976,792.1386703631739,8
3.3499999999999996,3.3499999999999996,3.3499999999999996,3121.4439031345682,893.3158632880568,796.7984574842167,8
3.3499999999999996,3.3499999999999996,3.3499999999999996,3397.644863512256,972.3609164805911,867.3031681290562,8
3.3499999999999996,3.3499999999999996,3.3499999999999996,3109.669707248334,889.9462445189762,793.7929057551443,8
3.3499999999999996,3.3499999999999996,3.3499999999999996,2586.1273693328194,740.1153681437224,660.1503543513371,8
3.3499999999999996,3.3499999999999996,3.3499999999999996,2861.038076582982,818.7911679963786,730.3257072586423,8
3.3499999999999996,3.3499999999999996,3.3499999999999996,2099.2471816292136,600.7767131195103,535.866402891475,8
3.3499999999999996,3.3499999999999996,3.3499999999999996,2641.7609747216597,756.0369684569146,674.3517215178583,8
3.3499999999999996,3.3499999999999996,3.3499999999999996,2346.6641378844024,671.584165929172,599.0235363262947,8
3.3499999999999996,3.3499999999999996,3.3499999999999996,2536.5654540506453,725.9314050450921,647.4988831500948,8
3.3499999999999996,3.3499999999999996,3.3499999999999996,2862.0339793189123,819.0761821564618,730.5799273530661,8
3.3499999999999996,3.3499999999999996,3.3499999999999996,2472.1838405105163,707.5062407736077,631.064447052235,8
3.3499999999999996,3.3499999999999996,3.3499999999999996,2513.2478400365544,719.2582130418987,641.5466894041228,8
3.3499999999999996,3.3499999999999996,3.3499999999999996,2943.9311354880415,842.5140625202878,751.4854857205818,8
3.3499999999999996,3.3499999999999996,3.3499999999999996,2623.8253465468238,750.9040294505373,669.7733656968971,8
3.3499999999999996,3.3499999999999996,3.3499999999999996,2867.4244372880103,820.618859764522,731.9559279246597,8
3.3499999999999996,3.3499999999999996,3.3499999999999996,2729.667262853454,781.1945827238388,696.7912068843065,8
3.3499999999999996,3.3499999999999996,3.3499999999999996,3770.3854029577287,1079.03431735216,962.4511496685416,8
3.3499999999999996,3.3499999999999996,3.3499999999999996,4160.984467635198,1190.8185913900388,1062.157805270216,8
3.3499999999999996,3.3499999999999996,3.3499999999999996,4070.524121215608,1164.9300395009589,1039.0663556951538,8
3.3499999999999996,3.3499999999999996,3.3499999999999996,4199.535307220636,1201.8513306009415,1071.9985233704363,8
3.3499999999999996,3.3499999999999996,3.3499999999999996,4094.997203138941,1171.9339111014406,1045.313501096939,8
3.3499999999999996,3.3499999999999996,3.3499999999999996,3271.385884560397,936.2272705525048,835.07354530247,8
3.3499999999999996,3.3499999999999996,3.3499999999999996,3579.8895243901143,1024.5169223592347,913.8240312867727,8
3.3499999999999996,3.3499999999999996,3.3499999999999996,3086.9791145371582,883.4524977000932,788.0007692206669,8
3.3499999999999996,3.3499999999999996,3.3499999999999996,3274.268733272663,937.0523036352844,835.8094385231643,8
3.3499999999999996,3.3499999999999996,3.3499999999999996,3612.4651745596575,1033.8396415739396,922.1394867657489,8
3.3499999999999996,3.3499999999999996,3.3499999999999996,2728.7032440042294,780.9186933094378,696.5451256616785,8
3.3499999999999996,3.3499999999999996,3.3499999999999996,3220.619487144382,921.6986006353007,822.1146107810165,8
3.3499999999999996,3.3499999999999996,3.3499999999999996,2652.3627823722973,759.0710652556212,677.0580024073175,8
3.3499999999999996,3.3499999999999996,3.3499999999999996,2728.9871538452608,780.999944542075,696.6175981873487,8
3.3499999999999996,3.3499999999999996,3.3499999999999996,2417.5463620820196,691.8697187905532,617.1173572170035,8
3.3499999999999996,3.3499999999999996,3.3499999999999996,2976.1355615680013,851.7305423219676,759.7061803160888,8
3.3499999999999996,3.3499999999999996,3.3499999999999996,2743.114246000981,785.0429310305279,700.223764303969,8
3.3499999999999996,3.3499999999999996,3.3499999999999996,2643.321949053257,756.4836986163772,674.7501851706378,8
3.3499999999999996,3.3499999999999996,3.3499999999999996,2310.9395724154438,661.3602689017591,589.9042698767599,8
3.3499999999999996,3.3499999999999996,3.3499999999999996,3403.794448546086,974.1208461906341,868.8729480197674,8
3.3499999999999996,3.3499999999999996,3.3499999999999996,3630.770848543034,1039.078482784928,926.8123026951064,8
3.3499999999999996,3.3499999999999996,3.3499999999999996,3189.388349804642,912.7606631679313,814.1423636960078,8
3.3499999999999996,3.3499999999999996,3.3499999999999996,3514.0100242006833,1005.6630827865906,897.0072356755951,8
3.3499999999999996,3.3499999999999996,3.3499999999999996,2826.753925999496,808.9794986132351,721.5741297359302,8
3.3499999999999996,3.3499999999999996,3.3499999999999996,2477.902690653186,709.1428998681642,632.524274976,8
3.3499999999999996,3.3499999999999996,3.3499999999999996,2428.7549882637145,695.0774790080982,619.9785382374674,8
3.3499999999999996,3.3499999999999996,3.3499999999999996,2470.127852723859,706.917844325828,630.5396233014798,8
3.3499999999999996,3.3499999999999996,3.3499999999999996,2241.635794254666,641.5264463702543,572.2133725709064,8
3.3499999999999996,3.3499999999999996,3.3499999999999996,2812.9358215319844,805.024940304818,718.0468376663814,8
3.3499999999999996,3.3499999999999996,3.3499999999999996,2955.9869732397847,845.9642834574777,754.5629310383152,8
3.3499999999999996,3.3499999999999996,3.3499999999999996,2202.28515691599,637.8622574480545,567.0693357859308,9
3.3499999999999996,3.3499999999999996,3.3499999999999996,2197.165930953664,636.379542542375,565.751179480387,9
3.3499999999999996,3.3499999999999996,3.3499999999999996,2338.718735399145,677.378407338857,602.1997994710619,9
3.3499999999999996,3.3499999999999996,3.3499999999999996,2034.1686707409172,589.1695797314072,523.7807980365935,9
3.3499999999999996,3.3499999999999996,3.3499999999999996,2657.623383379695,769.7448468222933,684.3149816678219,9
3.3499999999999996,3.3499999999999996,3.3499999999999996,2513.7329738408357,728.0689261698967,647.2644486308418,9
3.3499999999999996,3.3499999999999996,3.3499999999999996,2367.9112725096493,685.8336328410887,609.7166247001534,9
3.3499999999999996,3.3499999999999996,3.3499999999999996,2880.8484813258683,834.3989922892695,741.7935091989024,9
3.3499999999999996,3.3499999999999996,3.3499999999999996,2137.923790441134,619.2208538209314,550.4968418822435,9
3.3499999999999996,3.3499999999999996,3.3499999999999996,3042.3460688473674,881.174595087744,783.3777379257095,9
3.3499999999999996,3.3499999999999996,3.3499999999999996,2578.441048525972,746.810749164144,663.9262168929824,9
3.3499999999999996,3.3499999999999996,3.3499999999999996,2208.0847102737803,639.5420200280154,568.562670497891,9
3.3499999999999996,3.3499999999999996,3.3499999999999996,2574.256713671034,745.598812885998,662.8487869428037,9
3.3499999999999996,3.3499999999999996,3.3499999999999996,3103.1892808053462,898.7970126062157,799.044337540997,9
3.3499999999999996,3.3499999999999996,3.3499999999999996,3121.4439147297635,904.0842216523969,803.7447475228864,9
3.3499999999999996,3.3499999999999996,3.3499999999999996,3397.6448761334523,984.0821130231012,874.864100634251,9
3.3499999999999996,3.3499999999999996,3.3499999999999996,3109.6697187997916,900.6739842578696,800.7129941441494,9
3.3499999999999996,3.3499999999999996,3.3499999999999996,2586.12737893948,749.0369913261346,665.905380339883,9
3.3499999999999996,3.3499999999999996,3.3499999999999996,2861.0380872108503,828.6611782412303,736.6925044551788,9
3.3499999999999996,3.3499999999999996,3.3499999999999996,2099.2471894272653,608.0186968451875,540.5379524175816,9
3.3499999999999996,3.3499999999999996,3.3499999999999996,2641.760984534982,765.1505164723585,680.2305514801166,9
3.3499999999999996,3.3499999999999996,3.3499999999999996,2346.6641466015312,679.6796887646484,604.245673975067,9
3.3499999999999996,3.3499999999999996,3.3499999999999996,2536.5654634731986,734.6820495133121,653.1436167710361,9
3.3499999999999996,3.3499999999999996,3.3499999999999996,2862.0339899504806,828.9496280669508,736.9489407769222,9
3.3499999999999996,3.3499999999999996,3.3499999999999996,2472.183849693912,716.034781526948,636.5659093619867,9
3.3499999999999996,3.3499999999999996,3.3499999999999996,2513.2478493724902,727.9284163964231,647.1395332858992,9
3.3499999999999996,3.3499999999999996,3.3499999999999996,2943.931146423832,852.6700372712804,758.0367485833982,9
3.3499999999999996,3.3499999999999996,3.3499999999999996,2623.8253562935206,759.9557031290817,675.6122826960542,9
3.3499999999999996,3.3499999999999996,3.3499999999999996,2867.424447939602,830.5109016789634,738.3369369779925,9
3.3499999999999996,3.3499999999999996,3.3499999999999996,2729.6672729933207,790.611389885517,702.8656586781705,9
3.3499999999999996,3.3499999999999996,3.3499999999999996,3770.38541696354,1092.0413943494289,970.841558523947,9
3.3499999999999996,3.3499999999999996,3.3499999999999996,4160.984483091964,1205.1731571892044,1071.4174318582734,9
3.3499999999999996,3.3499999999999996,3.3499999999999996,4070.524136336342,1178.9725351626378,1048.124676790392,9
3.3499999999999996,3.3499999999999996,3.3499999999999996,4199.535322820607,1216.3388891011725,1081.3439388822435,9
3.3499999999999996,3.3499999999999996,3.3499999999999996,4094.997218350585,1186.0608340104475,1054.426283246245,9
3.3499999999999996,3.3499999999999996,3.3499999999999996,3271.3858967125802,947.5128988214014,842.3535080017027,9
3.3499999999999996,3.3499999999999996,3.3499999999999996,3579.889537688293,1036.866826602162,921.790521063455,9
3.3499999999999996,3.3499999999999996,3.3499999999999996,3086.9791260043276,894.1019594236207,794.8703632093201,9
3.3499999999999996,3.3499999999999996,3.3499999999999996,3274.268745435555,948.3478771567651,843.0958165557857,9
3.3499999999999996,3.3499999999999996,3.3499999999999996,3612.4651879788444,1046.3019253072125,930.1784686074172,9
3.3499999999999996,3.3499999999999996,3.3499999999999996,2728.703254140515,790.3321747985234,702.6174321808759,9
3.3499999999999996,3.3499999999999996,3.3499999999999996,3220.619499107984,932.8090949670817,829.2816007241746,9
3.3499999999999996,3.3499999999999996,3.3499999999999996,2652.362792225002,768.2211873911309,682.9604250507712,9
3.3499999999999996,3.3499999999999996,3.3499999999999996,2728.987163982601,790.4144054634379,702.6905365039329,9
3.3499999999999996,3.3499999999999996,3.3499999999999996,2417.5463710624545,700.2097711500281,622.4972322793391,9
3.3499999999999996,3.3499999999999996,3.3499999999999996,2976.1355726234215,861.9976159143002,766.3291091421654,9
3.3499999999999996,3.3499999999999996,3.3499999999999996,2743.114256190799,794.5061275997832,706.3281402765103,9
3.3499999999999996,3.3499999999999996,3.3499999999999996,2643.3219588723778,765.6026316816641,680.632488839548,9
3.3499999999999996,3.3499999999999996,3.3499999999999996,2310.9395809998673,669.3325491176923,595.0469080371693,9
3.3499999999999996,3.3499999999999996,3.3499999999999996,3403.7944611901266,985.8632575739332,876.4475654741677,9
3.3499999999999996,3.3499999999999996,3.3499999999999996,3630.770862030221,1051.6039174392715,934.8920209795199,9
3.3499999999999996,3.3499999999999996,3.3499999999999996,3189.38836165223,923.7634163102382,821.2398535792794,9
3.3499999999999996,3.3499999999999996,3.3499999999999996,3514.01003725414,1017.7857159047056,904.8271208263036,9
3.3499999999999996,3.3499999999999996,3.3499999999999996,2826.7539365000093,818.7312353823636,727.8646328643777,9
3.3499999999999996,3.3499999999999996,3.3499999999999996,2477.9026998578256,717.691169512902,638.038463701158,9
3.3499999999999996,3.3499999999999996,3.3499999999999996,2428.7549972857855,703.4561988904385,625.3833563616708,9
3.3499999999999996,3.3499999999999996,3.3499999999999996,2470.1278618996175,715.4392923317197,636.0365103287897,9
3.3499999999999996,3.3499999999999996,3.3499999999999996,2241.6358025816476,649.2596423859274,577.2017859049794,9
3.3499999999999996,3.3499999999999996,3.3499999999999996,2812.935831981168,814.7290073718982,724.3065907431237,9
3.3499999999999996,3.3499999999999996,3.3499999999999996,2955.986984220359,856.1618484421322,761.1410223011549,9
3.3499999999999996,3.3499999999999996,3.3499999999999996,2202.28515691599,631.0355685808428,562.661177079801,10
3.3499999999999996,3.3499999999999996,3.3499999999999996,2197.165930953664,629.5687223571895,561.3532675674228,10
3.3499999999999996,3.3499999999999996,3.3499999999999996,2338.718735399145,670.1287988563448,597.5185513037829,10
3.3499999999999996,3.3499999999999996,3.3499999999999996,2034.1686707409172,582.8640218090062,519.7091462309663,10
3.3499999999999996,3.3499999999999996,3.3499999999999996,2657.623383379695,761.5066911467737,678.9954045829612,10
3.3499999999999996,3.3499999999999996,3.3499999999999996,2513.7329738408357,720.2768049480957,642.2328868193646,10
3.3499999999999996,3.3499999999999996,3.3499999999999996,2367.9112725096493,678.4935327310632,604.9769438924812,10
3.3499999999999996,3.3499999999999996,3.3499999999999996,2880.8484813258683,825.4688788596663,736.0271181963036,10
3.3499999999999996,3.3499999999999996,3.3499999999999996,2137.923790441134,612.593673642507,546.2175107791484,10
3.3499999999999996,3.3499999999999996,3.3499999999999996,3042.3460688473674,871.7438681116378,777.2880886047151,10
3.3499999999999996,3.3499999999999996,3.3499999999999996,2578.441048525972,738.8180445203079,658.7651334971252,10
3.3499999999999996,3.3499999999999996,3.3499999999999996,2208.0847102737803,632.6973535859114,564.1429032352826,10
3.3499999999999996,3.3499999999999996,3.3499999999999996,2574.256713671034,737.6190789294867,657.6960790345903,10
3.3499999999999996,3.3499999999999996,3.3499999999999996,3103.1892808053462,889.1776825891206,792.8329026584648,10
3.3499999999999996,3.3499999999999996,3.3499999999999996,3121.4439147297635,894.4083055452602,797.4967736284973,10
3.3499999999999996,3.3499999999999996,3.3499999999999996,3397.6448761334523,973.5500234897365,868.0632747766047,10
3.3499999999999996,3.3499999999999996,3.3499999999999996,3109.6697187997916,891.0345660456687,794.4885878264355,10
3.3499999999999996,3.3499999999999996,3.3499999999999996,2586.12737893948,741.0204604370463,660.7289117591307,10
3.3499999999999996,3.3499999999999996,3.3499999999999996,2861.0380872108503,819.7924734791358,730.9657665197659,10
3.3499999999999996,3.3499999999999996,3.3499999999999996,2099.2471894272653,601.5114071908099,536.3360375359723,10
3.3499999999999996,3.3499999999999996,3.3499999999999996,2641.760984534982,756.9615313873325,674.9427250390577,10
3.3499999999999996,3.3499999999999996,3.3499999999999996,2346.6641466015312,672.4054509329213,599.5485220391704,10
3.3499999999999996,3.3499999999999996,3.3499999999999996,2536.5654634731986,726.8191516701027,648.0663527771507,10
3.3499999999999996,3.3499999999999996,3.3499999999999996,2862.0339899504806,820.0778361850415,731.2202094133111,10
3.3499999999999996,3.3499999999999996,3.3499999999999996,2472.183849693912,708.3714551355373,631.6175134987357,10
3.3499999999999996,3.3499999999999996,3.3499999999999996,2513.2478493724902,720.1377989734361,642.1089425138179,10
3.3499999999999996,3.3499999999999996,3.3499999999999996,2943.931146423832,843.5443788977421,752.1440894640281,10
3.3499999999999996,3.3499999999999996,3.3499999999999996,2623.8253562935206,751.8223152737139,670.3603567357003,10
3.3499999999999996,3.3499999999999996,3.3499999999999996,2867.424447939602,821.6224003444074,732.5974159152182,10
3.3499999999999996,3.3499999999999996,3.3499999999999996,2729.6672729933207,782.1499110778266,697.401876426133,10
3.3499999999999996,3.3499999999999996,3.3499999999999996,3770.38541696354,1080.3538760140978,963.294644243088,10
3.3499999999999996,3.3499999999999996,3.3499999999999996,4160.984483091964,1192.2748518275394,1063.0886830050147,10
3.3499999999999996,3.3499999999999996,3.3499999999999996,4070.524136336342,1166.3546406461264,1039.9769960262759,10
3.3499999999999996,3.3499999999999996,3.3499999999999996,4199.535322820607,1203.3210830528817,1072.9380255349838,10
3.3499999999999996,3.3499999999999996,3.3499999999999996,4094.997218350585,1173.3670773304887,1046.2296164417846,10
3.3499999999999996,3.3499999999999996,3.3499999999999996,3271.3858967125802,937.3721894717024,835.8054058286407,10
3.3499999999999996,3.3499999999999996,3.3499999999999996,3579.889537688293,1025.769811315092,914.624908934169,10
3.3499999999999996,3.3499999999999996,3.3499999999999996,3086.9791260043276,884.5328779780918,788.6913750491342,10
3.3499999999999996,3.3499999999999996,3.3499999999999996,3274.268745435555,938.1982314932465,836.5419439879785,10
3.3499999999999996,3.3499999999999996,3.3499999999999996,3612.4651879788444,1035.103931348746,922.9476520989505,10
3.3499999999999996,3.3499999999999996,3.3499999999999996,2728.703254140515,781.8736842763188,697.1555795373113,10
3.3499999999999996,3.3499999999999996,3.3499999999999996,3220.619499107984,922.8257523417902,822.8351140648333,10
3.3499999999999996,3.3499999999999996,3.3499999999999996,2652.362792225002,759.9993386043709,677.6513777198003,10
3.3499999999999996,3.3499999999999996,3.3499999999999996,2728.987163982601,781.95503487166,697.2281155780828,10
3.3499999999999996,3.3499999999999996,3.3499999999999996,2417.5463710624545,692.7158111396852,617.6582003993824,10
3.3499999999999996,3.3499999999999996,3.3499999999999996,2976.1355726234215,852.7721295974454,760.3719886966667,10
3.3499999999999996,3.3499999999999996,3.3499999999999996,2743.114256190799,786.0029655567481,700.8374421476316,10
3.3499999999999996,3.3499999999999996,3.3499999999999996,2643.3219588723778,757.4088078562515,675.3415379063705,10
3.3499999999999996,3.3499999999999996,3.3499999999999996,2310.9395809998673,662.1690510298682,590.4212634419025,10
3.3499999999999996,3.3499999999999996,3.3499999999999996,3403.7944611901266,975.3121054302101,869.6344304263052,10
3.3499999999999996,3.3499999999999996,3.3499999999999996,3630.770862030221,1040.3491791755273,927.6245632957773,10
3.3499999999999996,3.3499999999999996,3.3499999999999996,3189.38836165223,913.8768846077786,814.8558800827072,10
3.3499999999999996,3.3499999999999996,3.3499999999999996,3514.01003725414,1006.8929152493232,897.7933750416106,10
3.3499999999999996,3.3499999999999996,3.3499999999999996,2826.7539365000093,809.96880533644,722.2065190928082,10
3.3499999999999996,3.3499999999999996,3.3499999999999996,2477.9026998578256,710.010115712021,633.0786208193138,10
3.3499999999999996,3.3499999999999996,3.3499999999999996,2428.7549972857855,695.9274941497796,620.5218889659886,10
3.3499999999999996,3.3499999999999996,3.3499999999999996,2470.1278618996175,707.7823391336001,631.0922297911436,10
3.3499999999999996,3.3499999999999996,3.3499999999999996,2241.6358025816476,642.3109735771809,572.7148617897751,10
3.3499999999999996,3.3499999999999996,3.3499999999999996,2812.935831981168,806.0094109708316,718.6761356957414,10
3.3499999999999996,3.3499999999999996,3.3499999999999996,2955.986984220359,846.9988191344022,755.2242318624702,10
3.3499999999999996,3.3499999999999996,3.3499999999999996,2202.28515691599,630.3419895885054,562.2177629170104,11
3.3499999999999996,3.3499999999999996,3.3499999999999996,2197.165930953664,628.8767555936653,560.9108841236956,11
3.3499999999999996,3.3499999999999996,3.3499999999999996,2338.718735399145,669.3922520114622,597.0476672283022,11
3.3499999999999996,3.3499999999999996,3.3499999999999996,2034.1686707409172,582.2233887590735,519.2995811048158,11
3.3499999999999996,3.3499999999999996,3.3499999999999996,2657.623383379695,760.6697097311439,678.4603113667838,11
3.3499999999999996,3.3499999999999996,3.3499999999999996,2513.7329738408357,719.4851398099431,641.7267648947927,11
3.3499999999999996,3.3499999999999996,3.3499999999999996,2367.9112725096493,677.7477921038,604.5001821111265,11
3.3499999999999996,3.3499999999999996,3.3499999999999996,2880.8484813258683,824.5615958130185,735.4470802237175,11
3.3499999999999996,3.3499999999999996,3.3499999999999996,2137.923790441134,611.9203643648185,545.787055311258,11
3.3499999999999996,3.3499999999999996,3.3499999999999996,3042.3460688473674,870.785723652395,776.6755342627849,11
3.3499999999999996,3.3499999999999996,3.3499999999999996,2578.441048525972,738.006000476592,658.2459830704668,11
3.3499999999999996,3.3499999999999996,3.3499999999999996,2208.0847102737803,632.0019481051374,563.698321374436,11
3.3499999999999996,3.3499999999999996,3.3499999999999996,2574.256713671034,736.8083526836697,657.177771093443,11
3.3499999999999996,3.3499999999999996,3.3499999999999996,3103.1892808053462,888.2003764089228,792.2080979765609,11
3.3499999999999996,3.3499999999999996,3.3499999999999996,3121.4439147297635,893.4252503227264,796.8682935082908,11
3.3499999999999996,3.3499999999999996,3.3499999999999996,3397.6448761334523,972.4799826269046,867.3791835936446,11
3.3499999999999996,3.3499999999999996,3.3499999999999996,3109.6697187997916,890.0552189419144,793.8624783552862,11
3.3499999999999996,3.3499999999999996,3.3499999999999996,2586.12737893948,740.205995690777,660.2082137455238,11
3.3499999999999996,3.3499999999999996,3.3499999999999996,2861.0380872108503,818.891429439796,730.3897172265268,11
3.3499999999999996,3.3499999999999996,3.3499999999999996,2099.2471894272653,600.8502785691429,535.9133693215193,11
3.3499999999999996,3.3499999999999996,3.3499999999999996,2641.760984534982,756.1295456129674,674.410825601979,11
3.3499999999999996,3.3499999999999996,3.3499999999999996,2346.6641466015312,671.6664017916045,599.0760382127014,11
3.3499999999999996,3.3499999999999996,3.3499999999999996,2536.5654634731986,726.0202957578119,647.555633696192,11
3.3499999999999996,3.3499999999999996,3.3499999999999996,2862.0339899504806,819.1764785000248,730.6439596022698,11
3.3499999999999996,3.3499999999999996,3.3499999999999996,2472.183849693912,707.5928753145008,631.119757189325,11
3.3499999999999996,3.3499999999999996,3.3499999999999996,2513.2478493724902,719.3462866184683,641.6029182655433,11
3.3499999999999996,3.3499999999999996,3.3499999999999996,2943.931146423832,842.6172288456091,751.5513502538014,11
3.3499999999999996,3.3499999999999996,3.3499999999999996,2623.8253562935206,750.9959780752945,669.8320685074408,11
3.3499999999999996,3.3499999999999996,3.3499999999999996,2867.424447939602,820.7193450098342,732.0200807745098,11
3.3499999999999996,3.3499999999999996,3.3499999999999996,2729.6672729933207,781.2902404440426,696.8522776946744,11
3.3499999999999996,3.3499999999999996,3.3499999999999996,3770.38541696354,1079.1664457169775,962.5355044523983,11
3.3499999999999996,3.3499999999999996,3.3499999999999996,4160.984483091964,1190.9644078026818,1062.250898921895,11
3.3499999999999996,3.3499999999999996,3.3499999999999996,4070.524136336342,1165.0726858457238,1039.1574254786724,11
3.3499999999999996,3.3499999999999996,3.3499999999999996,4199.535322820607,1201.998497978765,1072.0924795195508,11
3.3499999999999996,3.3499999999999996,3.3499999999999996,4094.997218350585,1172.07741507426,1045.405118416403,11
3.3499999999999996,3.3499999999999996,3.3499999999999996,3271.3858967125802,936.3419121133584,835.1467359765553,11
3.3499999999999996,3.3499999999999996,3.3499999999999996,3579.889537688293,1024.6423750380816,913.9041241088019,11
3.3499999999999996,3.3499999999999996,3.3499999999999996,3086.9791260043276,883.5606769600463,788.0698341644713,11
3.3499999999999996,3.3499999999999996,3.3499999999999996,3274.268745435555,937.1670462219073,835.8826936951865,11
3.3499999999999996,3.3499999999999996,3.3499999999999996,3612.4651879788444,1033.9662358250473,922.2203084023781,11
3.3499999999999996,3.3499999999999996,3.3499999999999996,2728.703254140515,781.0143172468265,696.6061749040654,11
3.3499999999999996,3.3499999999999996,3.3499999999999996,3220.619499107984,921.8114631522739,822.1866656591492,11
3.3499999999999996,3.3499999999999996,3.3499999999999996,2652.362792225002,759.1640139385497,677.1173436855438,11
3.3499999999999996,3.3499999999999996,3.3499999999999996,2728.987163982601,781.095578428723,696.6786537816469,11
3.3499999999999996,3.3499999999999996,3.3499999999999996,2417.5463710624545,691.9544386304514,617.1714449504955,11
3.3499999999999996,3.3499999999999996,3.3499999999999996,2976.1355726234215,851.8348372104732,759.7727653585166,11
3.3499999999999996,3.3499999999999996,3.3499999999999996,2743.114256190799,785.139059983167,700.2851359635173,11
3.3499999999999996,3.3499999999999996,3.3499999999999996,2643.3219588723778,756.5763304747918,674.8093241784169,11
3.3499999999999996,3.3499999999999996,3.3499999999999996,2310.9395809998673,661.4412528421956,589.9559724979252,11
3.3499999999999996,3.3499999999999996,3.3499999999999996,3403.7944611901266,974.2401278413402,868.9491010689422,11
3.3499999999999996,3.3499999999999996,3.3499999999999996,3630.770862030221,1039.2057185351166,926.893533884343,11
3.3499999999999996,3.3499999999999996,3.3499999999999996,3189.38836165223,912.8724312293867,814.2137198403086,11
3.3499999999999996,3.3499999999999996,3.3499999999999996,3514.01003725414,1005.786226802077,897.0858545764188,11
3.3499999999999996,3.3499999999999996,3.3499999999999996,2826.7539365000093,809.0785586121656,721.6373726649573,11
3.3499999999999996,3.3499999999999996,3.3499999999999996,2477.9026998578256,709.2297348188928,632.5797130608506,11
3.3499999999999996,3.3499999999999996,3.3499999999999996,2428.7549972857855,695.1625916400565,620.0328767414078,11
3.3499999999999996,3.3499999999999996,3.3499999999999996,2470.1278618996175,707.0044068172422,630.5948874399818,11
3.3499999999999996,3.3499999999999996,3.3499999999999996,2241.6358025816476,641.6050016478606,572.2635246595394,11
3.3499999999999996,3.3499999999999996,3.3499999999999996,2812.935831981168,805.123516065838,718.109771443136,11
3.3499999999999996,3.3499999999999996,3.3499999999999996,2955.986984220359,846.0678722643119,754.6290652966367,11
3.3499999999999996,3.3499999999999996,3.3499999999999996,2202.28515691599,630.2725200557696,562.1733982815314,12
3.3499999999999996,3.3499999999999996,3.3499999999999996,2197.165930953664,628.8074475433033,560.8666226140961,12
3.3499999999999996,3.3499999999999996,3.3499999999999996,2338.718735399145,669.3184787776742,597.0005541631033,12
3.3499999999999996,3.3499999999999996,3.3499999999999996,2034.1686707409172,582.1592223423771,519.2586031454917,12
3.3499999999999996,3.3499999999999996,3.3499999999999996,2657.623383379695,760.5858768750526,678.4067740252302,12
3.3499999999999996,3.3499999999999996,3.3499999999999996,2513.7329738408357,719.4058458753826,641.6761261994692,12
3.3499999999999996,3.3499999999999996,3.3499999999999996,2367.9112725096493,677.6730980120083,604.4524809675567,12
3.3499999999999996,3.3499999999999996,3.3499999999999996,2880.8484813258683,824.4707214785789,735.3890460530095,12
3.3499999999999996,3.3499999999999996,3.3499999999999996,2137.923790441134,611.8529250660152,545.7439872238457,12
3.3499999999999996,3.3499999999999996,3.3499999999999996,3042.3460688473674,870.6897549904071,776.6142467524363,12
3.3499999999999996,3.3499999999999996,3.3499999999999996,2578.441048525972,737.9246653714326,658.1940408427025,12
3.3499999999999996,3.3499999999999996,3.3499999999999996,2208.0847102737803,631.9322956295791,563.6538399080054,12
3.3499999999999996,3.3499999999999996,3.3499999999999996,2574.256713671034,736.7271495704034,657.1259131583465,12
3.3499999999999996,3.3499999999999996,3.3499999999999996,3103.1892808053462,888.1024884907065,792.1455847907306,12
3.3499999999999996,3.3499999999999996,3.3499999999999996,3121.4439147297635,893.3267865749519,796.8054125861676,12
3.3499999999999996,3.3499999999999996,3.3499999999999996,3397.6448761334523,972.3728063145154,867.3107386531954,12
3.3499999999999996,3.3499999999999996,3.3499999999999996,3109.6697187997916,889.9571266028499,793.7998346222065,12
3.3499999999999996,3.3499999999999996,3.3499999999999996,2586.12737893948,740.1244181257432,660.1561166780261,12
3.3499999999999996,3.3499999999999996,3.3499999999999996,2861.0380872108503,818.8011800102729,730.3320821326189,12
3.3499999999999996,3.3499999999999996,3.3499999999999996,2099.2471894272653,600.7840592964529,535.871080367227,12
3.3499999999999996,3.3499999999999996,3.3499999999999996,2641.760984534982,756.0462131250652,674.3576078055761,12
3.3499999999999996,3.3499999999999996,3.3499999999999996,2346.6641466015312,671.5923779254211,599.0287650886335,12
3.3499999999999996,3.3499999999999996,3.3499999999999996,2536.5654634731986,725.9402815884622,647.5045350445018,12
3.3499999999999996,3.3499999999999996,3.3499999999999996,2862.0339899504806,819.086197655452,730.5863044460816,12
3.3499999999999996,3.3499999999999996,3.3499999999999996,2472.183849693912,707.5148920177708,631.0699554935799,12
3.3499999999999996,3.3499999999999996,3.3499999999999996,2513.2478493724902,719.2670079868172,641.5522893429645,12
3.3499999999999996,3.3499999999999996,3.3499999999999996,2943.931146423832,842.52436461297,751.4920452942341,12
3.3499999999999996,3.3499999999999996,3.3499999999999996,2623.8253562935206,750.9132113541413,669.7792120210191,12
3.3499999999999996,3.3499999999999996,3.3499999999999996,2867.424447939602,820.6288941270642,731.9623170285222,12
3.3499999999999996,3.3499999999999996,3.3499999999999996,2729.6672729933207,781.2041350142421,696.7972890420175,12
3.3499999999999996,3.3499999999999996,3.3499999999999996,3770.38541696354,1079.0475115669976,962.4595507212869,12
3.3499999999999996,3.3499999999999996,3.3499999999999996,4160.984483091964,1190.8331524805203,1062.1670766433645,12
3.3499999999999996,3.3499999999999996,3.3499999999999996,4070.524136336342,1164.9442840314289,1039.075425507438,12
3.3499999999999996,3.3499999999999996,3.3499999999999996,4199.535322820607,1201.8660265975413,1072.007880641339,12
3.3499999999999996,3.3499999999999996,3.3499999999999996,4094.997218350585,1171.9482412738457,1045.322625439365,12
3.3499999999999996,3.3499999999999996,3.3499999999999996,3271.3858967125802,936.2387185514663,835.0808345003715,12
3.3499999999999996,3.3499999999999996,3.3499999999999996,3579.889537688293,1024.5294499463203,913.8320078826646,12
3.3499999999999996,3.3499999999999996,3.3499999999999996,3086.9791260043276,883.4633003797358,788.0076475292727,12
3.3499999999999996,3.3499999999999996,3.3499999999999996,3274.268745435555,937.0637617225848,835.8167341445373,12
3.3499999999999996,3.3499999999999996,3.3499999999999996,3612.4651879788444,1033.852283157362,922.1475359456679,12
3.3499999999999996,3.3499999999999996,3.3499999999999996,2728.703254140515,780.928242226321,696.5512056713934,12
3.3499999999999996,3.3499999999999996,3.3499999999999996,3220.619499107984,921.7098709806054,822.1217868628472,12
3.3499999999999996,3.3499999999999996,3.3499999999999996,2652.362792225002,759.0803470240979,677.0639123176459,12
3.3499999999999996,3.3499999999999996,3.3499999999999996,2728.987163982601,781.0094944524817,696.6236788296626,12
3.3499999999999996,3.3499999999999996,3.3499999999999996,2417.5463710624545,691.8781788344671,617.1227439168581,12
3.3499999999999996,3.3499999999999996,3.3499999999999996,2976.1355726234215,851.740957111913,759.7128116466181,12
3.3499999999999996,3.3499999999999996,3.3499999999999996,2743.114256190799,785.0525303777612,700.22987642382,12
3.3499999999999996,3.3499999999999996,3.3499999999999996,2643.3219588723778,756.4929487470545,674.7560749364688,12
3.3499999999999996,3.3499999999999996,3.3499999999999996,2310.9395809998673,661.3683558822495,589.9094190387589,12
3.3499999999999996,3.3499999999999996,3.3499999999999996,3403.7944611901266,974.1327575446252,868.8805322462163,12
3.3499999999999996,3.3499999999999996,3.3499999999999996,3630.770862030221,1039.091188427848,926.8203926631454,12
3.3499999999999996,3.3499999999999996,3.3499999999999996,3189.38836165223,912.7718242219325,814.1494701896123,12
3.3499999999999996,3.3499999999999996,3.3499999999999996,3514.01003725414,1005.6753798327136,897.0150654808817,12
3.3499999999999996,3.3499999999999996,3.3499999999999996,2826.7539365000093,808.9893906520074,721.580428219054,12
3.3499999999999996,3.3499999999999996,3.3499999999999996,2477.9026998578256,709.1515711250661,632.5297961599048,12
3.3499999999999996,3.3499999999999996,3.3499999999999996,2428.7549972857855,695.0859782758596,619.9839499120261,12
3.3499999999999996,3.3499999999999996,3.3499999999999996,2470.1278618996175,706.9264883751977,630.545127161738,12
3.3499999999999996,3.3499999999999996,3.3499999999999996,2241.6358025816476,641.5342908267478,572.2183673124329,12
3.3499999999999996,3.3499999999999996,3.3499999999999996,2812.935831981168,805.0347839880458,718.0531053604443,12
3.3499999999999996,3.3499999999999996,3.3499999999999996,2955.986984220359,845.9746277387686,754.5695174744013,12
3.3499999999999996,3.3499999999999996,3.3499999999999996,2202.28515691599,630.2655719835162,562.1689615887002,13
3.3499999999999996,3.3499999999999996,3.3499999999999996,2197.165930953664,628.8005156218883,560.8621962343859,13
3.3499999999999996,3.3499999999999996,3.3499999999999996,2338.718735399145,669.3111002659937,596.9958426130961,13
3.3499999999999996,3.3499999999999996,3.3499999999999996,2034.1686707409172,582.1528046671477,519.2545051377789,13
3.3499999999999996,3.3499999999999996,3.3499999999999996,2657.623383379695,760.5774922391067,678.4014200143856,13
3.3499999999999996,3.3499999999999996,3.3499999999999996,2513.7329738408357,719.3979152047006,641.6710620682284,13
3.3499999999999996,3.3499999999999996,3.3499999999999996,2367.9112725096493,677.665627399695,604.4477106066729,13
3.3499999999999996,3.3499999999999996,3.3499999999999996,2880.8484813258683,824.4616325813776,735.3832423360094,13
3.3499999999999996,3.3499999999999996,3.3499999999999996,2137.923790441134,611.846180049857,545.739680192522,13
3.3499999999999996,3.3499999999999996,3.3499999999999996,3042.3460688473674,870.6801565783944,776.6081176846582,13
3.3499999999999996,3.3499999999999996,3.3499999999999996,2578.441048525972,737.9165305508125,658.1888463514807,13
3.3499999999999996,3.3499999999999996,3.3499999999999996,2208.0847102737803,631.9253292600966,563.6493915314752,13
3.3499999999999996,3.3499999999999996,3.3499999999999996,2574.256713671034,736.7190279510985,657.1207270968273,13
3.3499999999999996,3.3499999999999996,3.3499999999999996,3103.1892808053462,888.0926981221562,792.1393331490699,13
3.3499999999999996,3.3499999999999996,3.3499999999999996,3121.4439147297635,893.3169386141706,796.7991241689768,13
3.3499999999999996,3.3499999999999996,3.3499999999999996,3397.6448761334523,972.3620869569353,867.3038938054167,13
3.3499999999999996,3.3499999999999996,3.3499999999999996,3109.6697187997916,889.9473157889224,793.7935699251461,13
3.3499999999999996,3.3499999999999996,3.3499999999999996,2586.12737893948,740.1162590552302,660.1509067020307,13
3.3499999999999996,3.3499999999999996,3.3499999999999996,2861.0380872108503,818.7921536136289,730.3263183253612,13
3.3499999999999996,3.3499999999999996,3.3499999999999996,2099.2471894272653,600.7774363025577,535.8668512532421,13
3.3499999999999996,3.3499999999999996,3.3499999999999996,2641.760984534982,756.0378785339977,674.3522857508982,13
3.3499999999999996,3.3499999999999996,3.3499999999999996,2346.6641466015312,671.5849743464643,599.0240375319119,13
3.3499999999999996,3.3499999999999996,3.3499999999999996,2536.5654634731986,725.9322788826997,647.4994249152472,13
3.3499999999999996,3.3499999999999996,3.3499999999999996,2862.0339899504806,819.077168116797,730.5805386324922,13
3.3499999999999996,3.3499999999999996,3.3499999999999996,2472.183849693912,707.5070924319828,631.0649750666225,13
3.3499999999999996,3.3499999999999996,3.3499999999999996,2513.2478493724902,719.2590788466725,641.5472261890486,13
3.3499999999999996,3.3499999999999996,3.3499999999999996,2943.931146423832,842.5150766938966,751.4861144917803,13
3.3499999999999996,3.3499999999999996,3.3499999999999996,2623.8253562935206,750.9049333488617,669.7739260992066,13
3.3499999999999996,3.3499999999999996,3.3499999999999996,2867.424447939602,820.6198475818504,731.9565403553914,13
3.3499999999999996,3.3499999999999996,3.3499999999999996,2729.6672729933207,781.1955230843199,696.791789892562,13
3.3499999999999996,3.3499999999999996,3.3499999999999996,3770.38541696354,1079.035616236269,962.4519549556353,13
3.3499999999999996,3.3499999999999996,3.3499999999999996,4160.984483091964,1190.8200248341104,1062.158693982305,13
3.3499999999999996,3.3499999999999996,3.3499999999999996,4070.524136336342,1164.9314417817689,1039.0672250865262,13
3.3499999999999996,3.3499999999999996,3.3499999999999996,4199.535322820607,1201.8527773256376,1071.9994203162973,13
3.3499999999999996,3.3499999999999996,3.3499999999999996,4094.997218350585,1171.935321813139,1045.314375715325,13
3.3499999999999996,3.3499999999999996,3.3499999999999996,3271.3858967125802,936.2283975330881,835.0742440121642,13
3.3499999999999996,3.3499999999999996,3.3499999999999996,3579.889537688293,1024.5181556182044,913.8247958873433,13
3.3499999999999996,3.3499999999999996,3.3499999999999996,3086.9791260043276,883.4535611532124,788.0014285443627,13
3.3499999999999996,3.3499999999999996,3.3499999999999996,3274.268745435555,937.0534316089986,835.8101378485833,13
3.3499999999999996,3.3499999999999996,3.3499999999999996,3612.4651879788444,1033.8408860551024,922.1402583238976,13
3.3499999999999996,3.3499999999999996,3.3499999999999996,2728.703254140515,780.919633337818,696.5457084640368,13
3.3499999999999996,3.3499999999999996,3.3499999999999996,3220.619499107984,921.699710127044,822.1152986479133,13
3.3499999999999996,3.3499999999999996,3.3499999999999996,2652.362792225002,759.0719789849886,677.0585689047144,13
3.3499999999999996,3.3499999999999996,3.3499999999999996,2728.987163982601,781.0008846682609,696.6181810503451,13
3.3499999999999996,3.3499999999999996,3.3499999999999996,2417.5463710624545,691.8705516265147,617.1178735618,13
3.3499999999999996,3.3499999999999996,3.3499999999999996,2976.1355726234215,851.7315675898843,759.7068159655784,13
3.3499999999999996,3.3499999999999996,3.3499999999999996,2743.114256190799,785.0438760234459,700.2243501842606,13
3.3499999999999996,3.3499999999999996,3.3499999999999996,2643.3219588723778,756.4846092312105,674.7507497370739,13
3.3499999999999996,3.3499999999999996,3.3499999999999996,2310.9395809998673,661.361065012068,589.9047634522468,13
3.3499999999999996,3.3499999999999996,3.3499999999999996,3403.7944611901266,974.1220187854882,868.8736750095695,13
3.3499999999999996,3.3499999999999996,3.3499999999999996,3630.770862030221,1039.079733572329,926.8130781630207,13
3.3499999999999996,3.3499999999999996,3.3499999999999996,3189.38836165223,912.7617619006608,814.1430448924906,13
3.3499999999999996,3.3499999999999996,3.3499999999999996,3514.01003725414,1005.6642933503109,897.0079862054791,13
3.3499999999999996,3.3499999999999996,3.3499999999999996,2826.7539365000093,808.9804724197198,721.5747334801661,13
3.3499999999999996,3.3499999999999996,3.3499999999999996,2477.9026998578256,709.1437534966624,632.5248042118321,13
3.3499999999999996,3.3499999999999996,3.3499999999999996,2428.7549972857855,695.0783157053911,619.9790569762266,13
3.3499999999999996,3.3499999999999996,3.3499999999999996,2470.1278618996175,706.9186952759227,630.5401508767451,13
3.3499999999999996,3.3499999999999996,3.3499999999999996,2241.6358025816476,641.5272186056627,572.2138513443422,13
3.3499999999999996,3.3499999999999996,3.3499999999999996,2812.935831981168,805.0259093510156,718.0474384593164,13
3.3499999999999996,3.3499999999999996,3.3499999999999996,2955.986984220359,845.9653017842788,754.5635623844255,13
3.3499999999999996,3.3499999999999996,3.3499999999999996,2202.28515691599,630.2648771650984,562.1685179171272,14
3.3499999999999996,3.3499999999999996,3.3499999999999996,2197.165930953664,628.7998224185804,560.86175359413,14
3.3499999999999996,3.3499999999999996,3.3499999999999996,2338.718735399145,669.31036240294,596.9953714556634,14
3.3499999999999996,3.3499999999999996,3.3499999999999996,2034.1686707409172,582.152162889287,519.2540953348926,14
3.3499999999999996,3.3499999999999996,3.3499999999999996,2657.623383379695,760.5766537620057,678.4008846105377,14
3.3499999999999996,3.3499999999999996,3.3499999999999996,2513.7329738408357,719.397122124857,641.6705556524904,14
3.3499999999999996,3.3499999999999996,3.3499999999999996,2367.9112725096493,677.6648803264294,604.4472335681223,14
3.3499999999999996,3.3499999999999996,3.3499999999999996,2880.8484813258683,824.4607236770164,735.3826619613137,14
3.3499999999999996,3.3499999999999996,3.3499999999999996,2137.923790441134,611.845505537376,545.7392494871665,14
3.3499999999999996,3.3499999999999996,3.3499999999999996,3042.3460688473674,870.6791967217314,776.6075047747169,14
3.3499999999999996,3.3499999999999996,3.3499999999999996,2578.441048525972,737.9157170556463,658.1883268996773,14
3.3499999999999996,3.3499999999999996,3.3499999999999996,2208.0847102737803,631.9246326119267,563.6489466915262,14
3.3499999999999996,3.3499999999999996,3.3499999999999996,2574.256713671034,736.7182157760853,657.1202084879984,14
3.3499999999999996,3.3499999999999996,3.3499999999999996,3103.1892808053462,888.0917190695303,792.1387079816772,14
3.3499999999999996,3.3499999999999996,3.3499999999999996,3121.4439147297635,893.3159538022288,796.7984953240123,14
3.3499999999999996,3.3499999999999996,3.3499999999999996,3397.6448761334523,972.3610150039098,867.3032093171058,14
3.3499999999999996,3.3499999999999996,3.3499999999999996,3109.6697187997916,889.9463346917255,793.7929434522068,14
3.3499999999999996,3.3499999999999996,3.3499999999999996,2586.12737893948,740.1154431350357,660.150385701742,14
3.3499999999999996,3.3499999999999996,3.3499999999999996,2861.0380872108503,818.7912509594241,730.3257419416605,14
3.3499999999999996,3.3499999999999996,3.3499999999999996,2099.2471894272653,600.7767739924994,535.8664283396606,14
3.3499999999999996,3.3499999999999996,3.3499999999999996,2641.760984534982,756.0370450614652,674.3517535426835,14
3.3499999999999996,3.3499999999999996,3.3499999999999996,2346.6641466015312,671.5842339766424,599.0235647737996,14
3.3499999999999996,3.3499999999999996,3.3499999999999996,2536.5654634731986,725.9314785992322,647.4989138996841,14
3.3499999999999996,3.3499999999999996,3.3499999999999996,2862.0339899504806,819.076265148386,730.5799620481572,14
3.3499999999999996,3.3499999999999996,3.3499999999999996,2472.183849693912,707.5063124608398,631.0644770213562,14
3.3499999999999996,3.3499999999999996,3.3499999999999996,2513.2478493724902,719.2582859198853,641.5467198710437,14
3.3499999999999996,3.3499999999999996,3.3499999999999996,2943.931146423832,842.5141478870278,751.4855214084736,14
3.3499999999999996,3.3499999999999996,3.3499999999999996,2623.8253562935206,750.9041055349988,669.7733975042969,14
3.3499999999999996,3.3499999999999996,3.3499999999999996,2867.424447939602,820.6189429127564,731.9559626850969,14
3.3499999999999996,3.3499999999999996,3.3499999999999996,2729.6672729933207,781.1946618774548,696.7912399747781,14
3.3499999999999996,3.3499999999999996,3.3499999999999996,3770.38541696354,1079.0344266840343,962.4511953751495,14
3.3499999999999996,3.3499999999999996,3.3499999999999996,4160.984483091964,1190.8187120483226,1062.1578557118726,14
3.3499999999999996,3.3499999999999996,3.3499999999999996,4070.524136336342,1164.9301575361158,1039.0664050402024,14
3.3499999999999996,3.3499999999999996,3.3499999999999996,4199.535322820607,1201.8514523771044,1071.9985742794267,14
3.3499999999999996,3.3499999999999996,3.3499999999999996,4094.997218350585,1171.9340298462564,1045.313550738663,14
3.3499999999999996,3.3499999999999996,3.3499999999999996,3271.3858967125802,936.2273654146245,835.0735849599416,14
3.3499999999999996,3.3499999999999996,3.3499999999999996,3579.889537688293,1024.5170261671988,913.8240746840887,14
3.3499999999999996,3.3499999999999996,3.3499999999999996,3086.9791260043276,883.4525872148715,788.0008066426622,14
3.3499999999999996,3.3499999999999996,3.3499999999999996,3274.268745435555,937.0523985809995,835.8094782155833,14
3.3499999999999996,3.3499999999999996,3.3499999999999996,3612.4651879788444,1033.8397463265171,922.1395305579642,14
3.3499999999999996,3.3499999999999996,3.3499999999999996,2728.703254140515,780.9187724351,696.5451587404639,14
3.3499999999999996,3.3499999999999996,3.3499999999999996,3220.619499107984,921.69869402532,822.1146498230712,14
3.3499999999999996,3.3499999999999996,3.3499999999999996,2652.362792225002,759.071142167598,677.0580345606636,14
3.3499999999999996,3.3499999999999996,3.3499999999999996,2728.987163982601,781.0000236759695,696.6176312695758,14
3.3499999999999996,3.3499999999999996,3.3499999999999996,2417.5463710624545,691.8697888934332,617.1173865237804,14
3.3499999999999996,3.3499999999999996,3.3499999999999996,2976.1355726234215,851.7306286225562,759.7062163943796,14
3.3499999999999996,3.3499999999999996,3.3499999999999996,2743.114256190799,785.0430105740734,700.2237975574525,14
3.3499999999999996,3.3499999999999996,3.3499999999999996,2643.3219588723778,756.4837752661923,674.7502172143859,14
3.3499999999999996,3.3499999999999996,3.3499999999999996,2310.9395809998673,661.3603359133053,589.9042978911928,14
3.3499999999999996,3.3499999999999996,3.3499999999999996,3403.7944611901266,974.1209448922755,868.8729892823657,14
3.3499999999999996,3.3499999999999996,3.3499999999999996,3630.770862030221,1039.078588068325,926.8123467092329,14
3.3499999999999996,3.3499999999999996,3.3499999999999996,3189.38836165223,912.7607556523246,814.1424023594622,14
3.3499999999999996,3.3499999999999996,3.3499999999999996,3514.01003725414,1005.6631846842118,897.007278274285,14
3.3499999999999996,3.3499999999999996,3.3499999999999996,2826.7539365000093,808.9795805821251,721.574164003338,14
3.3499999999999996,3.3499999999999996,3.3499999999999996,2477.9026998578256,709.1429717212291,632.5243050144484,14
3.3499999999999996,3.3499999999999996,3.3499999999999996,2428.7549972857855,695.0775494360007,619.9785676801213,14
3.3499999999999996,3.3499999999999996,3.3499999999999996,2470.1278618996175,706.9179159534416,630.5396532456773,14
3.3499999999999996,3.3499999999999996,3.3499999999999996,2241.6358025816476,641.526511372162,572.2133997452022,14
3.3499999999999996,3.3499999999999996,3.3499999999999996,2812.935831981168,805.0250218730168,718.0468717662785,14
3.3499999999999996,3.3499999999999996,3.3499999999999996,2955.986984220359,845.9643691738071,754.5629668723543,14
3.3499999999999996,3.3499999999999996,3.3499999999999996,2202.28515691599,630.2648076831448,562.168473549947,15
3.3499999999999996,3.3499999999999996,3.3499999999999996,2197.165930953664,628.7997530981379,560.8617093300818,15
3.3499999999999996,3.3499999999999996,3.3499999999999996,2338.718735399145,669.3102886165157,596.9953243398959,15
3.3499999999999996,3.3499999999999996,3.3499999999999996,2034.1686707409172,582.1520987113973,519.2540543545828,15
3.3499999999999996,3.3499999999999996,3.3499999999999996,2657.623383379695,760.5765699141606,678.4008310701253,15
3.3499999999999996,3.3499999999999996,3.3499999999999996,2513.7329738408357,719.3970428167447,641.6705050108906,15
3.3499999999999996,3.3499999999999996,3.3499999999999996,2367.9112725096493,677.6648056189825,604.4471858642428,15
3.3499999999999996,3.3499999999999996,3.3499999999999996,2880.8484813258683,824.4606327864341,735.3826039238141,15
3.3499999999999996,3.3499999999999996,3.3499999999999996,2137.923790441134,611.845438086019,545.7392064166089,15
3.3499999999999996,3.3499999999999996,3.3499999999999996,3042.3460688473674,870.6791007359103,776.6074434836912,15
3.3499999999999996,3.3499999999999996,3.3499999999999996,2578.441048525972,737.9156357059987,658.1882749544703,15
3.3499999999999996,3.3499999999999996,3.3499999999999996,2208.0847102737803,631.9245629469973,563.6489022075083,15
3.3499999999999996,3.3499999999999996,3.3499999999999996,2574.256713671034,736.718134558453,657.1201566270889,15
3.3499999999999996,3.3499999999999996,3.3499999999999996,3103.1892808053462,888.0916211641099,792.1386454649056,15
3.3499999999999996,3.3499999999999996,3.3499999999999996,3121.4439147297635,893.3158553208757,796.7984324394832,15
3.3499999999999996,3.3499999999999996,3.3499999999999996,3397.6448761334523,972.3609078084344,867.3031408682396,15
3.3499999999999996,3.3499999999999996,3.3499999999999996,3109.6697187997916,889.9462365818479,793.7928808048805,15
3.3499999999999996,3.3499999999999996,3.3499999999999996,2586.12737893948,740.1153615428848,660.1503336016864,15
3.3499999999999996,3.3499999999999996,3.3499999999999996,2861.0380872108503,818.7911606938583,730.3256843032607,15
3.3499999999999996,3.3499999999999996,3.3499999999999996,2099.2471894272653,600.7767077613868,535.8663860482807,15
3.3499999999999996,3.3499999999999996,3.3499999999999996,2641.760984534982,756.0369617140777,674.3517003218344,15
3.3499999999999996,3.3499999999999996,3.3499999999999996,2346.6641466015312,671.5841599395409,599.023517497964,15
3.3499999999999996,3.3499999999999996,3.3499999999999996,2536.5654634731986,725.9313985707564,647.4988627981015,15
3.3499999999999996,3.3499999999999996,3.3499999999999996,2862.0339899504806,819.0761748513995,730.5799043896938,15
3.3499999999999996,3.3499999999999996,3.3499999999999996,2472.183849693912,707.5062344635998,631.0644272168039,15
3.3499999999999996,3.3499999999999996,3.3499999999999996,2513.2478493724902,719.2582066270786,641.5466692392172,15
3.3499999999999996,3.3499999999999996,3.3499999999999996,2943.931146423832,842.514055006191,751.4854621001124,15
3.3499999999999996,3.3499999999999996,3.3499999999999996,2623.8253562935206,750.9040227534794,669.7733446447788,15
3.3499999999999996,3.3499999999999996,3.3499999999999996,2867.424447939602,820.6188524457012,731.9559049180375,15
3.3499999999999996,3.3499999999999996,3.3499999999999996,2729.6672729933207,781.1945757566297,696.7911849829715,15
3.3499999999999996,3.3499999999999996,3.3499999999999996,3770.38541696354,1079.0343077286195,962.4511194170618,15
3.3499999999999996,3.3499999999999996,3.3499999999999996,4160.984483091964,1190.8185807695322,1062.157771884786,15
3.3499999999999996,3.3499999999999996,3.3499999999999996,4070.524136336342,1164.9300291113432,1039.0663230355278,15
3.3499999999999996,3.3499999999999996,3.3499999999999996,4199.535322820607,1201.8513198820376,1071.9984896756962,15
3.3499999999999996,3.3499999999999996,3.3499999999999996,4094.997218350585,1171.9339006493603,1045.3134682409545,15
3.3499999999999996,3.3499999999999996,3.3499999999999996,3271.3858967125802,936.2272622026119,835.0735190546852,15
3.3499999999999996,3.3499999999999996,3.3499999999999996,3579.889537688293,1024.5169132219166,913.824002563726,15
3.3499999999999996,3.3499999999999996,3.3499999999999996,3086.9791260043276,883.4524898208806,788.0007444524598,15
3.3499999999999996,3.3499999999999996,3.3499999999999996,3274.268745435555,937.0522952780331,835.8094122522493,15
3.3499999999999996,3.3499999999999996,3.3499999999999996,3612.4651879788444,1033.839632353475,922.1394577813335,15
3.3499999999999996,3.3499999999999996,3.3499999999999996,2728.703254140515,780.9186863446894,696.5451037680781,15
3.3499999999999996,3.3499999999999996,3.3499999999999996,3220.619499107984,921.6985924149838,822.1145849405534,15
3.3499999999999996,3.3499999999999996,3.3499999999999996,2652.362792225002,759.071058485724,677.0579811262309,15
3.3499999999999996,3.3499999999999996,3.3499999999999996,2728.987163982601,780.9999375766017,696.6175762914706,15
3.3499999999999996,3.3499999999999996,3.3499999999999996,2417.5463710624545,691.8697126200021,617.1173378199531,15
3.3499999999999996,3.3499999999999996,3.3499999999999996,2976.1355726234215,851.7305347256722,759.706156437229,15
3.3499999999999996,3.3499999999999996,3.3499999999999996,2743.114256190799,785.0429240289967,700.223742294743,15
3.3499999999999996,3.3499999999999996,3.3499999999999996,2643.3219588723778,756.483691869556,674.7501639620896,15
3.3499999999999996,3.3499999999999996,3.3499999999999996,2310.9395809998673,661.3602630033116,589.9042513350633,15
3.3499999999999996,3.3499999999999996,3.3499999999999996,3403.7944611901266,974.1208375027815,868.8729207096097,15
3.3499999999999996,3.3499999999999996,3.3499999999999996,3630.770862030221,1039.07847351774,926.8122735638163,15
3.3499999999999996,3.3499999999999996,3.3499999999999996,3189.38836165223,912.7606550273291,814.142338106126,15
3.3499999999999996,3.3499999999999996,3.3499999999999996,3514.01003725414,1005.6630738174234,897.0072074811292,15
3.3499999999999996,3.3499999999999996,3.3499999999999996,2826.7539365000093,808.979491398222,721.5741070556259,15
3.3499999999999996,3.3499999999999996,3.3499999999999996,2477.9026998578256,709.1428935435596,632.5242550946841,15
3.3499999999999996,3.3499999999999996,3.3499999999999996,2428.7549972857855,695.0774728089384,619.9785187504855,15
3.3499999999999996,3.3499999999999996,3.3499999999999996,2470.1278618996175,706.9178380210681,630.5396034825447,15
3.3499999999999996,3.3499999999999996,3.3499999999999996,2241.6358025816476,641.5264406486979,572.213354585265,15
3.3499999999999996,3.3499999999999996,3.3499999999999996,2812.935831981168,805.024933125074,718.0468150969456,15
3.3499999999999996,3.3499999999999996,3.3499999999999996,2955.986984220359,845.9642759126097,754.5629073211164,15
3.3499999999999996,3.3499999999999996,3.3499999999999996,2202.28515691599,627.3387701016039,559.9646907470936,16
3.3499999999999996,3.3499999999999996,3.3499999999999996,2197.165930953664,625.8805171097093,558.6630492344785,16
3.3499999999999996,3.3499999999999996,3.3499999999999996,2338.718735399145,666.202980332236,594.6550151780247,16
3.3499999999999996,3.3499999999999996,3.3499999999999996,2034.1686707409172,579.4494269165622,517.2185023641405,16
3.3499999999999996,3.3499999999999996,3.3499999999999996,2657.623383379695,757.0455531096699,675.7414003917863,16
3.3499999999999996,3.3499999999999996,3.3499999999999996,2513.7329738408357,716.0572041367636,639.155062593582,16
3.3499999999999996,3.3499999999999996,3.3499999999999996,2367.9112725096493,674.5187110492766,602.0776643131157,16
3.3499999999999996,3.3499999999999996,3.3499999999999996,2880.8484813258683,820.6330308536814,732.4997963451341,16
3.3499999999999996,3.3499999999999996,3.3499999999999996,2137.923790441134,609.0049133984437,543.5998287486491,16
3.3499999999999996,3.3499999999999996,3.3499999999999996,3042.3460688473674,866.6369271302151,773.5630284923812,16
3.3499999999999996,3.3499999999999996,3.3499999999999996,2578.441048525972,734.4898234826899,655.6080804582817,16
3.3499999999999996,3.3499999999999996,3.3499999999999996,2208.0847102737803,628.9908198641832,561.4393159073586,16
3.3499999999999996,3.3499999999999996,3.3499999999999996,2574.256713671034,733.2978817973242,654.5441493112776,16
3.3499999999999996,3.3499999999999996,3.3499999999999996,3103.1892808053462,883.9686090147721,789.0333458857111,16
3.3499999999999996,3.3499999999999996,3.3499999999999996,3121.4439147297635,889.1685893891737,793.6748658124504,16
3.3499999999999996,3.3499999999999996,3.3499999999999996,3397.6448761334523,967.8466710552713,863.9031854516071,16
3.3499999999999996,3.3499999999999996,3.3499999999999996,3109.6697187997916,885.814614282704,790.6810963807229,16
3.3499999999999996,3.3499999999999996,3.3499999999999996,2586.12737893948,736.6793369764633,657.5624475480583,16
3.3499999999999996,3.3499999999999996,3.3499999999999996,2861.0380872108503,814.9898795840487,727.4627005905915,16
3.3499999999999996,3.3499999999999996,3.3499999999999996,2099.2471894272653,597.9875702376113,533.7657112830399,16
3.3499999999999996,3.3499999999999996,3.3499999999999996,2641.760984534982,752.5270202798708,671.7081428294345,16
3.3499999999999996,3.3499999999999996,3.3499999999999996,2346.6641466015312,668.466295087822,596.6752575216788,16
3.3499999999999996,3.3499999999999996,3.3499999999999996,2536.5654634731986,722.5612237998587,644.9605723641135,16
3.3499999999999996,3.3499999999999996,3.3499999999999996,2862.0339899504806,815.2735705483448,727.7159240970296,16
3.3499999999999996,3.3499999999999996,3.3499999999999996,2472.183849693912,704.2215994879855,628.5905621787829,16
3.3499999999999996,3.3499999999999996,3.3499999999999996,2513.2478493724902,715.919012501424,639.0317122762818,16
3.3499999999999996,3.3499999999999996,3.3499999999999996,2943.931146423832,838.6026391094562,748.5395289574861,16
3.3499999999999996,3.3499999999999996,3.3499999999999996,2623.8253562935206,747.4179112588782,667.1477349775969,16
3.3499999999999996,3.3499999999999996,3.3499999999999996,2867.424447939602,816.8090861806236,729.0865305016474,16
3.3499999999999996,3.3499999999999996,3.3499999999999996,2729.6672729933207,777.5678387735474,694.0596614221632,16
3.3499999999999996,3.3499999999999996,3.3499999999999996,3770.38541696354,1074.0248340951607,958.6781699804552,16
3.3499999999999996,3.3499999999999996,3.3499999999999996,4160.984483091964,1185.2901427579966,1057.9939577583634,16
3.3499999999999996,3.3499999999999996,3.3499999999999996,4070.524136336342,1159.5217800650807,1034.993030772677,16
3.3499999999999996,3.3499999999999996,3.3499999999999996,4199.535322820607,1196.2716617978008,1067.796098493363,16
3.3499999999999996,3.3499999999999996,3.3499999999999996,4094.997218350585,1166.4931357604128,1041.2156862533707,16
3.3499999999999996,3.3499999999999996,3.3499999999999996,3271.3858967125802,931.88077780324,831.7999084788562,16
3.3499999999999996,3.3499999999999996,3.3499999999999996,3579.889537688293,1019.760539465255,910.2416785515533,16
3.3499999999999996,3.3499999999999996,3.3499999999999996,3086.9791260043276,879.3510150832632,784.911666051649,16
3.3499999999999996,3.3499999999999996,3.3499999999999996,3274.268745435555,932.7019806191335,832.5329168672395,16
3.3499999999999996,3.3499999999999996,3.3499999999999996,3612.4651879788444,1029.0399773819834,918.5245359660665,16
3.3499999999999996,3.3499999999999996,3.3499999999999996,2728.703254140515,777.29323019274,693.8145448816958,16
3.3499999999999996,3.3499999999999996,3.3499999999999996,3220.619499107984,917.4195581306909,818.8917752856005,16
3.3499999999999996,3.3499999999999996,3.3499999999999996,2652.362792225002,755.5470310973731,674.4038146164684,16
3.3499999999999996,3.3499999999999996,3.3499999999999996,2728.987163982601,777.3741042115269,693.8867333021757,16
3.3499999999999996,3.3499999999999996,3.3499999999999996,2417.5463710624545,688.6576710210148,614.6981474163323,16
3.3499999999999996,3.3499999999999996,3.3499999999999996,2976.1355726234215,847.776330836176,756.7279969680474,16
3.3499999999999996,3.3499999999999996,3.3499999999999996,2743.114256190799,781.3983208862707,697.4787626062267,16
3.3499999999999996,3.3499999999999996,3.3499999999999996,2643.3219588723778,752.9716764670621,672.1050444338242,16
3.3499999999999996,3.3499999999999996,3.3499999999999996,2310.9395809998673,658.2898631318686,587.5917402185772,16
3.3499999999999996,3.3499999999999996,3.3499999999999996,3403.7944611901266,969.5984301832726,865.4668115259461,16
3.3499999999999996,3.3499999999999996,3.3499999999999996,3630.770862030221,1034.254496950082,923.1790336258747,16
3.3499999999999996,3.3499999999999996,3.3499999999999996,3189.38836165223,908.5231155883438,810.9507808271076,16
3.3499999999999996,3.3499999999999996,3.3499999999999996,3514.01003725414,1000.9942300037023,893.4908077702038,16
3.3499999999999996,3.3499999999999996,3.3499999999999996,2826.7539365000093,805.2237614801444,718.7454308083227,16
3.3499999999999996,3.3499999999999996,3.3499999999999996,2477.9026998578256,705.8506602919228,630.0446673174421,16
3.3499999999999996,3.3499999999999996,3.3499999999999996,2428.7549972857855,691.8505390142407,617.548112098307,16
3.3499999999999996,3.3499999999999996,3.3499999999999996,2470.1278618996175,703.6359347069438,628.0677958304757,16
3.3499999999999996,3.3499999999999996,3.3499999999999996,2241.6358025816476,638.5481203426815,569.9701943766626,16
3.3499999999999996,3.3499999999999996,3.3499999999999996,2812.935831981168,801.2875624521654,715.2319663510498,16
3.3499999999999996,3.3499999999999996,3.3499999999999996,2955.986984220359,842.0368421835069,751.6049101422201,16
3.3499999999999996,3.3499999999999996,3.3499999999999996,2202.28515691599,629.9685781246203,561.9426567461774,17
3.3499999999999996,3.3499999999999996,3.3499999999999996,2197.165930953664,628.504212127121,560.6364174389198,17
3.3499999999999996,3.3499999999999996,3.3499999999999996,2338.718735399145,668.9957073660703,596.7555179787232,17
3.3499999999999996,3.3499999999999996,3.3499999999999996,2034.1686707409172,581.8784825153269,519.045475794212,17
3.3499999999999996,3.3499999999999996,3.3499999999999996,2657.623383379695,760.2190927731507,678.128325025132,17
3.3499999999999996,3.3499999999999996,3.3499999999999996,2513.7329738408357,719.0589203866178,641.412753128079,17
3.3499999999999996,3.3499999999999996,3.3499999999999996,2367.9112725096493,677.346297677957,604.2043861734355,17
3.3499999999999996,3.3499999999999996,3.3499999999999996,2880.8484813258683,824.0731296190451,735.0872089364053,17
3.3499999999999996,3.3499999999999996,3.3499999999999996,2137.923790441134,611.5578657802201,545.5199890661469,17
3.3499999999999996,3.3499999999999996,3.3499999999999996,3042.3460688473674,870.2698745146726,776.2954889381722,17
3.3499999999999996,3.3499999999999996,3.3499999999999996,2578.441048525972,737.5688093873964,657.9238880677591,17
3.3499999999999996,3.3499999999999996,3.3499999999999996,2208.0847102737803,631.6275532900714,563.4224907320638,17
3.3499999999999996,3.3499999999999996,3.3499999999999996,2574.256713671034,736.371871075078,656.856198791593,17
3.3499999999999996,3.3499999999999996,3.3499999999999996,3103.1892808053462,887.6742109174018,791.8204522088308,17
3.3499999999999996,3.3499999999999996,3.3499999999999996,3121.4439147297635,892.8959896418492,796.4783673989695,17
3.3499999999999996,3.3499999999999996,3.3499999999999996,3397.6448761334523,971.9038903152554,866.9547548729637,17
3.3499999999999996,3.3499999999999996,3.3499999999999996,3109.6697187997916,889.527954650889,793.4740230609258,17
3.3499999999999996,3.3499999999999996,3.3499999999999996,2586.12737893948,739.7675013353431,659.8851585779073,17
3.3499999999999996,3.3499999999999996,3.3499999999999996,2861.0380872108503,818.4063222242195,730.0323206240438,17
3.3499999999999996,3.3499999999999996,3.3499999999999996,2099.2471894272653,600.4943378483878,535.6511344996106,17
3.3499999999999996,3.3499999999999996,3.3499999999999996,2641.760984534982,755.6816182256478,674.080820767487,17
3.3499999999999996,3.3499999999999996,3.3499999999999996,2346.6641466015312,671.2685099511779,598.7828964342283,17
3.3499999999999996,3.3499999999999996,3.3499999999999996,2536.5654634731986,725.5902049405615,647.238769728993,17
3.3499999999999996,3.3499999999999996,3.3499999999999996,2862.0339899504806,818.691202422801,730.2864385931047,17
3.3499999999999996,3.3499999999999996,3.3499999999999996,2472.183849693912,707.1737008095969,630.8109356771112,17
3.3499999999999996,3.3499999999999996,3.3499999999999996,2513.2478493724902,718.9201494510842,641.2889670998532,17
3.3499999999999996,3.3499999999999996,3.3499999999999996,2943.931146423832,842.1180665843046,751.1835987742321,17
3.3499999999999996,3.3499999999999996,3.3499999999999996,2623.8253562935206,750.551091787887,669.5043041648266,17
3.3499999999999996,3.3499999999999996,3.3499999999999996,2867.424447939602,820.2331549461529,731.661886397388,17
3.3499999999999996,3.3499999999999996,3.3499999999999996,2729.6672729933207,780.8274079860721,696.5112917379904,17
3.3499999999999996,3.3499999999999996,3.3499999999999996,3770.38541696354,1078.5271528744781,962.0645135403589,17
3.3499999999999996,3.3499999999999996,3.3499999999999996,4160.984483091964,1190.2588864027146,1061.731114958204,17
3.3499999999999996,3.3499999999999996,3.3499999999999996,4070.524136336342,1164.382502573246,1038.6489416863196,17
3.3499999999999996,3.3499999999999996,3.3499999999999996,4199.535322820607,1201.2864400385806,1071.567879842569,17
3.3499999999999996,3.3499999999999996,3.3499999999999996,4094.997218350585,1171.3830822349778,1044.8935774832155,17
3.3499999999999996,3.3499999999999996,3.3499999999999996,3271.3858967125802,935.7872278151924,834.7380793389095,17
3.3499999999999996,3.3499999999999996,3.3499999999999996,3579.889537688293,1024.0353819842449,913.4569296573355,17
3.3499999999999996,3.3499999999999996,3.3499999999999996,3086.9791260043276,883.0372600034348,787.6842133450557,17
3.3499999999999996,3.3499999999999996,3.3499999999999996,3274.268745435555,936.611873118394,835.4736769363864,17
3.3499999999999996,3.3499999999999996,3.3499999999999996,3612.4651879788444,1033.3537193623897,921.7690446493566,17
3.3499999999999996,3.3499999999999996,3.3499999999999996,2728.703254140515,780.5516482443874,696.2653093711759,17
3.3499999999999996,3.3499999999999996,3.3499999999999996,3220.619499107984,921.2653866199037,821.7843506840297,17
3.3499999999999996,3.3499999999999996,3.3499999999999996,2652.362792225002,758.7142889472656,676.7860144890781,17
3.3499999999999996,3.3499999999999996,3.3499999999999996,2728.987163982601,780.6328612875633,696.3377527831642,17
3.3499999999999996,3.3499999999999996,3.3499999999999996,2417.5463710624545,691.544528257767,616.869448670465,17
3.3499999999999996,3.3499999999999996,3.3499999999999996,2976.1355726234215,851.3302144837548,759.4009909501508,17
3.3499999999999996,3.3499999999999996,3.3499999999999996,2743.114256190799,784.6739475036176,699.9424702297867,17
3.3499999999999996,3.3499999999999996,3.3499999999999996,2643.3219588723778,756.1281384143392,674.4791243493434,17
3.3499999999999996,3.3499999999999996,3.3499999999999996,2310.9395809998673,661.049418329221,589.6672933788024,17
3.3499999999999996,3.3499999999999996,3.3499999999999996,3403.7944611901266,973.6629928284078,868.5239041512857,17
3.3499999999999996,3.3499999999999996,3.3499999999999996,3630.770862030221,1038.5900982289247,926.4399834138742,17
3.3499999999999996,3.3499999999999996,3.3499999999999996,3189.38836165223,912.3316501351296,813.8153062122102,17
3.3499999999999996,3.3499999999999996,3.3499999999999996,3514.01003725414,1005.1904040368016,896.6468896937002,17
3.3499999999999996,3.3499999999999996,3.3499999999999996,2826.7539365000093,808.5992644925296,721.2842587873489,17
3.3499999999999996,3.3499999999999996,3.3499999999999996,2477.9026998578256,708.8095906465484,632.2701771584201,17
3.3499999999999996,3.3499999999999996,3.3499999999999996,2428.7549972857855,694.7507807734631,619.7294802965391,17
3.3499999999999996,3.3499999999999996,3.3499999999999996,2470.1278618996175,706.585580918153,630.2863227586909,17
3.3499999999999996,3.3499999999999996,3.3499999999999996,2241.6358025816476,641.2249180315717,571.9835028648531,17
3.3499999999999996,3.3499999999999996,3.3499999999999996,2812.935831981168,804.6465648937628,717.7583837024948,17
3.3499999999999996,3.3499999999999996,3.3499999999999996,2955.986984220359,845.5666658589845,754.2598078198255,17
3.3499999999999996,3.3499999999999996,3.3499999999999996,2202.28515691599,630.2351411828331,562.1458319163706,18
3.3499999999999996,3.3499999999999996,3.3499999999999996,2197.165930953664,628.7701555577966,560.8391203271281,18
3.3499999999999996,3.3499999999999996,3.3499999999999996,2338.718735399145,669.278784249393,596.971280036424,18
3.3499999999999996,3.3499999999999996,3.3499999999999996,2034.1686707409172,582.1246968713971,519.2331411220114,18
3.3499999999999996,3.3499999999999996,3.3499999999999996,2657.623383379695,760.5407696524715,678.3735081166735,18
3.3499999999999996,3.3499999999999996,3.3499999999999996,2513.7329738408357,719.3631808712028,641.6446613908109,18
3.3499999999999996,3.3499999999999996,3.3499999999999996,2367.9112725096493,677.6329080055951,604.4228414330936,18
3.3499999999999996,3.3499999999999996,3.3499999999999996,2880.8484813258683,824.4218255084115,735.3529859992244,18
3.3499999999999996,3.3499999999999996,3.3499999999999996,2137.923790441134,611.8166385835585,545.7172264804841,18
3.3499999999999996,3.3499999999999996,3.3499999999999996,3042.3460688473674,870.6381179593085,776.5761652068128,18
3.3499999999999996,3.3499999999999996,3.3499999999999996,2578.441048525972,737.8809020921751,658.1617660724414,18
3.3499999999999996,3.3499999999999996,3.3499999999999996,2208.0847102737803,631.8948183221745,563.6262009488823,18
3.3499999999999996,3.3499999999999996,3.3499999999999996,2574.256713671034,736.6834573108866,657.0936907640922,18
3.3499999999999996,3.3499999999999996,3.3499999999999996,3103.1892808053462,888.0498187819446,792.1067416606261,18
3.3499999999999996,3.3499999999999996,3.3499999999999996,3121.4439147297635,893.2738070345409,796.7663409598108,18
3.3499999999999996,3.3499999999999996,3.3499999999999996,3397.6448761334523,972.3151388795288,867.2682097740233,18
3.3499999999999996,3.3499999999999996,3.3499999999999996,3109.6697187997916,889.904346903124,793.7609103753952,18
3.3499999999999996,3.3499999999999996,3.3499999999999996,2586.12737893948,740.0805243881899,660.1237456967043,18
3.3499999999999996,3.3499999999999996,3.3499999999999996,2861.0380872108503,818.7526202773097,730.2962700487917,18
3.3499999999999996,3.3499999999999996,3.3499999999999996,2099.2471894272653,600.7484292629354,535.8448037452354,18
3.3499999999999996,3.3499999999999996,3.3499999999999996,2641.760984534982,756.0013751312844,674.3245404492723,18
3.3499999999999996,3.3499999999999996,3.3499999999999996,2346.6641466015312,671.5525485415264,598.9993915079364,18
3.3499999999999996,3.3499999999999996,3.3499999999999996,2536.5654634731986,725.8972290537544,647.4727844378193,18
3.3499999999999996,3.3499999999999996,3.3499999999999996,2862.0339899504806,819.0376210192637,730.5504798963764,18
3.3499999999999996,3.3499999999999996,3.3499999999999996,2472.183849693912,707.4729322171958,631.0390107621356,18
3.3499999999999996,3.3499999999999996,3.3499999999999996,2513.2478493724902,719.224351216542,641.520830606689,18
3.3499999999999996,3.3499999999999996,3.3499999999999996,2943.931146423832,842.4743979554235,751.4551956243649,18
3.3499999999999996,3.3499999999999996,3.3499999999999996,2623.8253562935206,750.8686777776002,669.746369167921,18
3.3499999999999996,3.3499999999999996,3.3499999999999996,2867.424447939602,820.5802259998882,731.9264250055686,18
3.3499999999999996,3.3499999999999996,3.3499999999999996,2729.6672729933207,781.1578050075055,696.7631213482572,18
3.3499999999999996,3.3499999999999996,3.3499999999999996,3770.38541696354,1078.983517693643,962.4123561875209,18
3.3499999999999996,3.3499999999999996,3.3499999999999996,4160.984483091964,1190.762529060208,1062.1149929169098,18
3.3499999999999996,3.3499999999999996,3.3499999999999996,4070.524136336342,1164.8751959735093,1039.0244740880069,18
3.3499999999999996,3.3499999999999996,3.3499999999999996,4199.535322820607,1201.794748862807,1071.9553143676885,18
3.3499999999999996,3.3499999999999996,3.3499999999999996,4094.997218350585,1171.8787378400061,1045.2713676863452,18
3.3499999999999996,3.3499999999999996,3.3499999999999996,3271.3858967125802,936.183194080725,835.0398860255898,18
3.3499999999999996,3.3499999999999996,3.3499999999999996,3579.889537688293,1024.468689315148,913.7871978171194,18
3.3499999999999996,3.3499999999999996,3.3499999999999996,3086.9791260043276,883.4109058021551,787.9690073043395,18
3.3499999999999996,3.3499999999999996,3.3499999999999996,3274.268745435555,937.0081883219236,835.7757495846645,18
3.3499999999999996,3.3499999999999996,3.3499999999999996,3612.4651879788444,1033.790969627266,922.1023181253555,18
3.3499999999999996,3.3499999999999996,3.3499999999999996,2728.703254140515,780.8819285816519,696.5170500444157,18
3.3499999999999996,3.3499999999999996,3.3499999999999996,3220.619499107984,921.6552081561043,822.0814738394056,18
3.3499999999999996,3.3499999999999996,3.3499999999999996,2652.362792225002,759.0353290883047,677.0307122567732,18
3.3499999999999996,3.3499999999999996,3.3499999999999996,2728.987163982601,780.9631759890767,696.5895196489384,18
3.3499999999999996,3.3499999999999996,3.3499999999999996,2417.5463710624545,691.8371463830889,617.092483091711,18
3.3499999999999996,3.3499999999999996,3.3499999999999996,2976.1355726234215,851.6904438561426,759.6755588686548,18
3.3499999999999996,3.3499999999999996,3.3499999999999996,2743.114256190799,785.0059721385112,700.1955404119616,18
3.3499999999999996,3.3499999999999996,3.3499999999999996,2643.3219588723778,756.4480842592197,674.7229880411926,18
3.3499999999999996,3.3499999999999996,3.3499999999999996,2310.9395809998673,661.3291328430847,589.8804926283193,18
3.3499999999999996,3.3499999999999996,3.3499999999999996,3403.7944611901266,974.0749857341643,868.8379263916775,18
3.3499999999999996,3.3499999999999996,3.3499999999999996,3630.770862030221,1039.029564199811,926.7749457077033,18
3.3499999999999996,3.3499999999999996,3.3499999999999996,3189.38836165223,912.7176914762521,814.1095480914495,18
3.3499999999999996,3.3499999999999996,3.3499999999999996,3514.01003725414,1005.6157373589552,896.9710800398678,18
3.3499999999999996,3.3499999999999996,3.3499999999999996,2826.7539365000093,808.941412815948,721.5450452755745,18
3.3499999999999996,3.3499999999999996,3.3499999999999996,2477.9026998578256,709.1095142597794,632.4987798446734,18
3.3499999999999996,3.3499999999999996,3.3499999999999996,2428.7549972857855,695.0447555830797,619.9535487866631,18
3.3499999999999996,3.3499999999999996,3.3499999999999996,2470.1278618996175,706.8845634704247,630.5142081654305,18
3.3499999999999996,3.3499999999999996,3.3499999999999996,2241.6358025816476,641.4962440644694,572.190308388775,18
3.3499999999999996,3.3499999999999996,3.3499999999999996,2812.935831981168,804.9870406834552,718.0178953804498,18
3.3499999999999996,3.3499999999999996,3.3499999999999996,2955.986984220359,845.9244564602952,754.5325168996296,18
3.3499999999999996,3.3499999999999996,3.3499999999999996,2202.28515691599,630.261833718543,562.1662043935114,19
3.3499999999999996,3.3499999999999996,3.3499999999999996,2197.165930953664,628.7967860465361,560.8594454483149,19
3.3499999999999996,3.3499999999999996,3.3499999999999996,2338.718735399145,669.3071304120888,596.992914607145,19
3.3499999999999996,3.3499999999999996,3.3499999999999996,2034.1686707409172,582.1493517712013,519.2519584194057,19
3.3499999999999996,3.3499999999999996,3.3499999999999996,2657.623383379695,760.5729810610811,678.3980927493477,19
3.3499999999999996,3.3499999999999996,3.3499999999999996,2513.7329738408357,719.3936482731915,641.6679149496823,19
3.3499999999999996,3.3499999999999996,3.3499999999999996,2367.9112725096493,677.6616079929704,604.444746052538,19
3.3499999999999996,3.3499999999999996,3.3499999999999996,2880.8484813258683,824.4567424903117,735.379635599821,19
3.3499999999999996,3.3499999999999996,3.3499999999999996,2137.923790441134,611.8425510349695,545.7370035758403,19
3.3499999999999996,3.3499999999999996,3.3499999999999996,3042.3460688473674,870.6749923535393,776.6043087583175,19
3.3499999999999996,3.3499999999999996,3.3499999999999996,2578.441048525972,737.9121537806986,658.1856182203592,19
3.3499999999999996,3.3499999999999996,3.3499999999999996,2208.0847102737803,631.9215811506822,563.6466270754189,19
3.3499999999999996,3.3499999999999996,3.3499999999999996,2574.256713671034,736.7146582836765,657.1175042043677,19
3.3499999999999996,3.3499999999999996,3.3499999999999996,3103.1892808053462,888.0874306191007,792.1354480488466,19
3.3499999999999996,3.3499999999999996,3.3499999999999996,3121.4439147297635,893.3116401248195,796.7952162144975,19
3.3499999999999996,3.3499999999999996,3.3499999999999996,3397.6448761334523,972.3563196307597,867.2996400555895,19
3.3499999999999996,3.3499999999999996,3.3499999999999996,3109.6697187997916,889.942037285659,793.7896767116084,19
3.3499999999999996,3.3499999999999996,3.3499999999999996,2586.12737893948,740.1118692379688,660.1476689478533,19
3.3499999999999996,3.3499999999999996,3.3499999999999996,2861.0380872108503,818.7872971496806,730.3227363911942,19
3.3499999999999996,3.3499999999999996,3.3499999999999996,2099.2471894272653,600.773872939197,535.8642230585085,19
3.3499999999999996,3.3499999999999996,3.3499999999999996,2641.760984534982,756.0333942815727,674.3489783451096,19
3.3499999999999996,3.3499999999999996,3.3499999999999996,2346.6641466015312,671.580991005635,599.0210995785437,19
3.3499999999999996,3.3499999999999996,3.3499999999999996,2536.5654634731986,725.9279731942224,647.4962492111064,19
3.3499999999999996,3.3499999999999996,3.3499999999999996,2862.0339899504806,819.0723099623555,730.5769554514848,19
3.3499999999999996,3.3499999999999996,3.3499999999999996,2472.183849693912,707.5028960279597,631.0618799663378,19
3.3499999999999996,3.3499999999999996,3.3499999999999996,2513.2478493724902,719.2548127386374,641.5440796778637,19
3.3499999999999996,3.3499999999999996,3.3499999999999996,2943.931146423832,842.5100795232744,751.4824287779808,19
3.3499999999999996,3.3499999999999996,3.3499999999999996,2623.8253562935206,750.9004795412365,669.7706411482883,19
3.3499999999999996,3.3499999999999996,3.3499999999999996,2867.424447939602,820.6149802773859,731.9529504256917,19
3.3499999999999996,3.3499999999999996,3.3499999999999996,2729.6672729933207,781.1908896155237,696.7883724307277,19
3.3499999999999996,3.3499999999999996,3.3499999999999996,3770.38541696354,1079.029216202334,962.4472345457923,19
3.3499999999999996,3.3499999999999996,3.3499999999999996,4160.984483091964,1190.812961778494,1062.1534845541066,19
3.3499999999999996,3.3499999999999996,3.3499999999999996,4070.524136336342,1164.924532277905,1039.062128911978,19
3.3499999999999996,3.3499999999999996,3.3499999999999996,4199.535322820607,1201.8456488319678,1071.9941626236002,19
3.3499999999999996,3.3499999999999996,3.3499999999999996,4094.997218350585,1171.928370767486,1045.30924890121,19
3.3499999999999996,3.3499999999999996,3.3499999999999996,3271.3858967125802,936.2228445249896,835.070148334805,19
3.3499999999999996,3.3499999999999996,3.3499999999999996,3579.889537688293,1024.512078941156,913.8203139726471,19
3.3499999999999996,3.3499999999999996,3.3499999999999996,3086.9791260043276,883.4483211660549,787.9975637387688,19
3.3499999999999996,3.3499999999999996,3.3499999999999996,3274.268745435555,937.047873707414,835.806038561984,19
3.3499999999999996,3.3499999999999996,3.3499999999999996,3612.4651879788444,1033.8347540825753,922.135735625461,19
3.3499999999999996,3.3499999999999996,3.3499999999999996,2728.703254140515,780.9150015053939,696.5422922091253,19
3.3499999999999996,3.3499999999999996,3.3499999999999996,3220.619499107984,921.6942432922758,822.1112665285668,19
3.3499999999999996,3.3499999999999996,3.3499999999999996,2652.362792225002,759.0674767365443,677.0552482257796,19
3.3499999999999996,3.3499999999999996,3.3499999999999996,2728.987163982601,780.9962523539145,696.6147644399871,19
3.3499999999999996,3.3499999999999996,3.3499999999999996,2417.5463710624545,691.8664479667814,617.1148468660053,19
3.3499999999999996,3.3499999999999996,3.3499999999999996,2976.1355726234215,851.7265157539167,759.7030899327999,19
3.3499999999999996,3.3499999999999996,3.3499999999999996,2743.114256190799,785.0392197290922,700.2209158872053,19
3.3499999999999996,3.3499999999999996,3.3499999999999996,2643.3219588723778,756.4801223291121,674.7474403769918,19
3.3499999999999996,3.3499999999999996,3.3499999999999996,2310.9395809998673,661.3571423118384,589.9018702249668,19
3.3499999999999996,3.3499999999999996,3.3499999999999996,3403.7944611901266,974.1162410207104,868.8694135606457,19
3.3499999999999996,3.3499999999999996,3.3499999999999996,3630.770862030221,1039.0735705268687,926.8085325464274,19
3.3499999999999996,3.3499999999999996,3.3499999999999996,3189.38836165223,912.7563480791309,814.1390518735947,19
3.3499999999999996,3.3499999999999996,3.3499999999999996,3514.01003725414,1005.6583285003022,897.0035867699485,19
3.3499999999999996,3.3499999999999996,3.3499999999999996,2826.7539365000093,808.9756741513417,721.5711944687309,19
3.3499999999999996,3.3499999999999996,3.3499999999999996,2477.9026998578256,709.1395473851875,632.5217019517181,19
3.3499999999999996,3.3499999999999996,3.3499999999999996,2428.7549972857855,695.0741930195952,619.976016247567,19
3.3499999999999996,3.3499999999999996,3.3499999999999996,2470.1278618996175,706.9145023618327,630.5370583504956,19
3.3499999999999996,3.3499999999999996,3.3499999999999996,2241.6358025816476,641.523413545007,572.2110448833213,19
3.3499999999999996,3.3499999999999996,3.3499999999999996,2812.935831981168,805.0211345381541,718.043916747735,19
3.3499999999999996,3.3499999999999996,3.3499999999999996,2955.986984220359,845.9602841494966,754.5598615770775,19
3.3499999999999996,3.3499999999999996,3.3499999999999996,2202.28515691599,630.264503334824,562.1682421920203,20
3.3499999999999996,3.3499999999999996,3.3499999999999996,2197.165930953664,628.7994494572769,560.8614785099483,20
3.3499999999999996,3.3499999999999996,3.3499999999999996,2338.718735399145,669.3099654135383,596.9950786491343,20
3.3499999999999996,3.3499999999999996,3.3499999999999996,2034.1686707409172,582.1518175962033,519.2538406578938,20
3.3499999999999996,3.3499999999999996,3.3499999999999996,2657.623383379695,760.5762026396449,678.4005518772907,20
3.3499999999999996,3.3499999999999996,3.3499999999999996,2513.7329738408357,719.3966954273948,641.6702409342575,20
3.3499999999999996,3.3499999999999996,3.3499999999999996,2367.9112725096493,677.6644783816957,604.4469371067006,20
3.3499999999999996,3.3499999999999996,3.3499999999999996,2880.8484813258683,824.460234662969,735.3823012803851,20
3.3499999999999996,3.3499999999999996,3.3499999999999996,2137.923790441134,611.8451426322202,545.7389818200736,20
3.3499999999999996,3.3499999999999996,3.3499999999999996,3042.3460688473674,870.6786802940278,776.6071238743633,20
3.3499999999999996,3.3499999999999996,3.3499999999999996,2578.441048525972,737.9152793742127,658.188004080023,20
3.3499999999999996,3.3499999999999996,3.3499999999999996,2208.0847102737803,631.924257797198,563.6486702403179,20
3.3499999999999996,3.3499999999999996,3.3499999999999996,2574.256713671034,736.717778804928,657.1198861922207,20
3.3499999999999996,3.3499999999999996,3.3499999999999996,3103.1892808053462,888.0911923139024,792.1383194637809,20
3.3499999999999996,3.3499999999999996,3.3499999999999996,3121.4439147297635,893.3154239479402,796.798104520644,20
3.3499999999999996,3.3499999999999996,3.3499999999999996,3397.6448761334523,972.360438265465,867.3027839335022,20
3.3499999999999996,3.3499999999999996,3.3499999999999996,3109.6697187997916,889.9458068360659,793.7925541229627,20
3.3499999999999996,3.3499999999999996,3.3499999999999996,2586.12737893948,740.1150041488739,660.1500619197626,20
3.3499999999999996,3.3499999999999996,3.3499999999999996,2861.0380872108503,818.7907653081223,730.3253837409843,20
3.3499999999999996,3.3499999999999996,3.3499999999999996,2099.2471894272653,600.7764176525628,535.8661655148608,20
3.3499999999999996,3.3499999999999996,3.3499999999999996,2641.760984534982,756.0365966316917,674.3514227954016,20
3.3499999999999996,3.3499999999999996,3.3499999999999996,2346.6641466015312,671.5838356385347,599.0232709725085,20
3.3499999999999996,3.3499999999999996,3.3499999999999996,2536.5654634731986,725.931048026034,647.498596322834,20
3.3499999999999996,3.3499999999999996,3.3499999999999996,2862.0339899504806,819.075779328033,730.5796037227944,20
3.3499999999999996,3.3499999999999996,3.3499999999999996,2472.183849693912,707.5058928161974,631.064167505055,20
3.3499999999999996,3.3499999999999996,3.3499999999999996,2513.2478493724902,719.2578593047714,641.5464052135483,20
3.3499999999999996,3.3499999999999996,3.3499999999999996,2943.931146423832,842.5136481649163,751.485152829624,20
3.3499999999999996,3.3499999999999996,3.3499999999999996,2623.8253562935206,750.9036601497364,669.7730690025477,20
3.3499999999999996,3.3499999999999996,3.3499999999999996,2867.424447939602,820.6184561773921,731.9556036848511,20
3.3499999999999996,3.3499999999999996,3.3499999999999996,2729.6672729933207,781.1941985258936,696.7908982216686,20
3.3499999999999996,3.3499999999999996,3.3499999999999996,3770.38541696354,1079.0337866741745,962.4507233245984,20
3.3499999999999996,3.3499999999999996,3.3499999999999996,4160.984483091964,1190.8180057356244,1062.1573347584947,20
3.3499999999999996,3.3499999999999996,3.3499999999999996,4070.524136336342,1164.9294665787477,1039.0658954124192,20
3.3499999999999996,3.3499999999999996,3.3499999999999996,4199.535322820607,1201.8507395205347,1071.9980484995015,20
3.3499999999999996,3.3499999999999996,3.3499999999999996,4094.997218350585,1171.933334734668,1045.313038046861,20
3.3499999999999996,3.3499999999999996,3.3499999999999996,3271.3858967125802,936.2268101082036,835.0731753839052,20
3.3499999999999996,3.3499999999999996,3.3499999999999996,3579.889537688293,1024.5164184933544,913.8236264835356,20
3.3499999999999996,3.3499999999999996,3.3499999999999996,3086.9791260043276,883.4520632108613,788.0004201542698,20
3.3499999999999996,3.3499999999999996,3.3499999999999996,3274.268745435555,937.0518427852253,835.8090682786153,20
3.3499999999999996,3.3499999999999996,3.3499999999999996,3612.4651879788444,1033.8391331230687,922.1390782789545,20
3.3499999999999996,3.3499999999999996,3.3499999999999996,2728.703254140515,780.9183092471776,696.5448171080491,20
3.3499999999999996,3.3499999999999996,3.3499999999999996,3220.619499107984,921.6981473363195,822.1142466029645,20
3.3499999999999996,3.3499999999999996,3.3499999999999996,2652.362792225002,759.0706919382044,677.05770248604,20
3.3499999999999996,3.3499999999999996,3.3499999999999996,2728.987163982601,780.9995604398545,696.6172896016157,20
3.3499999999999996,3.3499999999999996,3.3499999999999996,2417.5463710624545,691.8693785233133,617.1170838480666,20
3.3499999999999996,3.3499999999999996,3.3499999999999996,2976.1355726234215,851.7301234338549,759.7058437835506,20
3.3499999999999996,3.3499999999999996,3.3499999999999996,2743.114256190799,785.0425449399334,700.2234541207865,20
3.3499999999999996,3.3499999999999996,3.3499999999999996,2643.3219588723778,756.4833265714487,674.7498862716707,20
3.3499999999999996,3.3499999999999996,3.3499999999999996,2310.9395809998673,661.3599436393188,589.904008562601,20
3.3499999999999996,3.3499999999999996,3.3499999999999996,3403.7944611901266,974.1203671099601,868.8725631288368,20
3.3499999999999996,3.3499999999999996,3.3499999999999996,3630.770862030221,1039.0779717575515,926.8118921383611,20
3.3499999999999996,3.3499999999999996,3.3499999999999996,3189.38836165223,912.7602142647015,814.1420030494797,20
3.3499999999999996,3.3499999999999996,3.3499999999999996,3514.01003725414,1005.662588193184,897.0068383218156,20
3.3499999999999996,3.3499999999999996,3.3499999999999996,2826.7539365000093,808.9791007504391,721.5738100950219,20
3.3499999999999996,3.3499999999999996,3.3499999999999996,2477.9026998578256,709.1425511058317,632.5239947821497,20
3.3499999999999996,3.3499999999999996,3.3499999999999996,2428.7549972857855,695.0771371632557,619.9782636010926,20
3.3499999999999996,3.3499999999999996,3.3499999999999996,2470.1278618996175,706.9174966577962,630.5393439867848,20
3.3499999999999996,3.3499999999999996,3.3499999999999996,2241.6358025816476,641.5261308622516,572.2131190934124,20
3.3499999999999996,3.3499999999999996,3.3499999999999996,2812.935831981168,805.0245443869062,718.0465195879831,20
3.3499999999999996,3.3499999999999996,3.3499999999999996,2955.986984220359,845.9638674052591,754.5625967841191,20
3.3499999999999996,3.3499999999999996,3.3499999999999996,2202.28515691599,630.2647703000795,562.1684459773802,21
3.3499999999999996,3.3499999999999996,3.3499999999999996,2197.165930953664,628.79971580197,560.8616818216078,21
3.3499999999999996,3.3499999999999996,3.3499999999999996,2338.718735399145,669.3102489175354,596.9952950591835,21
3.3499999999999996,3.3499999999999996,3.3499999999999996,2034.1686707409172,582.1520641820542,519.2540288868313,21
3.3499999999999996,3.3499999999999996,3.3499999999999996,2657.623383379695,760.5765248018789,678.4007977967332,21
3.3499999999999996,3.3499999999999996,3.3499999999999996,2513.7329738408357,719.3970001469555,641.6704735390035,21
3.3499999999999996,3.3499999999999996,3.3499999999999996,2367.9112725096493,677.6647654244687,604.4471562180405,21
3.3499999999999996,3.3499999999999996,3.3499999999999996,2880.8484813258683,824.4605838849799,735.3825678556482,21
3.3499999999999996,3.3499999999999996,3.3499999999999996,2137.923790441134,611.845401795467,545.7391796498451,21
3.3499999999999996,3.3499999999999996,3.3499999999999996,3042.3460688473674,870.6790490930881,776.6074053935783,21
3.3499999999999996,3.3499999999999996,3.3499999999999996,2578.441048525972,737.915591937811,658.1882426724393,21
3.3499999999999996,3.3499999999999996,3.3499999999999996,2208.0847102737803,631.9245254654868,563.6488745623315,21
3.3499999999999996,3.3499999999999996,3.3499999999999996,2574.256713671034,736.7180908612934,657.1201243974456,21
3.3499999999999996,3.3499999999999996,3.3499999999999996,3103.1892808053462,888.0915684884941,792.1386066130373,21
3.3499999999999996,3.3499999999999996,3.3499999999999996,3121.4439147297635,893.3158023353936,796.7983933590671,21
3.3499999999999996,3.3499999999999996,3.3499999999999996,3397.6448761334523,972.3608501345319,867.3030983297926,21
3.3499999999999996,3.3499999999999996,3.3499999999999996,3109.6697187997916,889.9461837962289,793.792841871877,21
3.3499999999999996,3.3499999999999996,3.3499999999999996,2586.12737893948,740.1153176442244,660.1503012234226,21
3.3499999999999996,3.3499999999999996,3.3499999999999996,2861.0380872108503,818.791112128679,730.3256484831203,21
3.3499999999999996,3.3499999999999996,3.3499999999999996,2099.2471894272653,600.7766721273572,535.8663597657475,21
3.3499999999999996,3.3499999999999996,3.3499999999999996,2641.760984534982,756.0369168710548,674.3516672470392,21
3.3499999999999996,3.3499999999999996,3.3499999999999996,2346.6641466015312,671.58412010569,599.0234881177754,21
3.3499999999999996,3.3499999999999996,3.3499999999999996,2536.5654634731986,725.9313555133932,647.4988310403521,21
3.3499999999999996,3.3499999999999996,3.3499999999999996,2862.0339899504806,819.0761262693153,730.579868557085,21
3.3499999999999996,3.3499999999999996,3.3499999999999996,2472.183849693912,707.5061924990935,631.0643962651109,21
3.3499999999999996,3.3499999999999996,3.3499999999999996,2513.2478493724902,719.2581639655242,641.5466377734037,21
3.3499999999999996,3.3499999999999996,3.3499999999999996,2943.931146423832,842.5140050339295,751.4854252421527,21
3.3499999999999996,3.3499999999999996,3.3499999999999996,2623.8253562935206,750.9039782149081,669.7733117945373,21
3.3499999999999996,3.3499999999999996,3.3499999999999996,2867.424447939602,820.6188037721158,731.95586901794,21
3.3499999999999996,3.3499999999999996,3.3499999999999996,2729.6672729933207,781.1945294214268,696.7911508075911,21
3.3499999999999996,3.3499999999999996,3.3499999999999996,3770.38541696354,1079.034243727569,962.4510722119107,21
3.3499999999999996,3.3499999999999996,3.3499999999999996,4160.984483091964,1190.8185101381912,1062.1577197893425,21
3.3499999999999996,3.3499999999999996,3.3499999999999996,4070.524136336342,1164.929960015537,1039.066272072646,21
3.3499999999999996,3.3499999999999996,3.3499999999999996,4199.535322820607,1201.8512485963088,1071.998437097597,21
3.3499999999999996,3.3499999999999996,3.3499999999999996,4094.997218350585,1171.9338311381314,1045.31341697167,21
3.3499999999999996,3.3499999999999996,3.3499999999999996,3271.3858967125802,936.2272066719136,835.0734780969987,21
3.3499999999999996,3.3499999999999996,3.3499999999999996,3579.889537688293,1024.5168524544708,913.8239577435797,21
3.3499999999999996,3.3499999999999996,3.3499999999999996,3086.9791260043276,883.4524374204267,788.0007058035421,21
3.3499999999999996,3.3499999999999996,3.3499999999999996,3274.268745435555,937.0522396983997,835.8093712584692,21
3.3499999999999996,3.3499999999999996,3.3499999999999996,3612.4651879788444,1033.839571033068,922.1394125533405,21
3.3499999999999996,3.3499999999999996,3.3499999999999996,2728.703254140515,780.9186400258506,696.5450696047674,21
3.3499999999999996,3.3499999999999996,3.3499999999999996,3220.619499107984,921.6985377460287,822.1145446184609,21
3.3499999999999996,3.3499999999999996,3.3499999999999996,2652.362792225002,759.0710134627394,677.0579479187011,21
3.3499999999999996,3.3499999999999996,3.3499999999999996,2728.987163982601,780.9998912529436,696.6175421246053,21
3.3499999999999996,3.3499999999999996,3.3499999999999996,2417.5463710624545,691.8696715829489,617.1173075523204,21
3.3499999999999996,3.3499999999999996,3.3499999999999996,2976.1355726234215,851.7304842067509,759.7061191760705,21
3.3499999999999996,3.3499999999999996,3.3499999999999996,2743.114256190799,785.0428774655356,700.2237079510066,21
3.3499999999999996,3.3499999999999996,3.3499999999999996,2643.3219588723778,756.4836470000364,674.750130867751,21
3.3499999999999996,3.3499999999999996,3.3499999999999996,2310.9395809998673,661.3602237758735,589.9042224021453,21
3.3499999999999996,3.3499999999999996,3.3499999999999996,3403.7944611901266,974.1207797244915,868.8728780941705,21
3.3499999999999996,3.3499999999999996,3.3499999999999996,3630.770862030221,1039.0784118866002,926.8122281066369,21
3.3499999999999996,3.3499999999999996,3.3499999999999996,3189.38836165223,912.760600888512,814.1422981750467,21
3.3499999999999996,3.3499999999999996,3.3499999999999996,3514.01003725414,1005.6630141682604,897.007163485793,21
3.3499999999999996,3.3499999999999996,3.3499999999999996,2826.7539365000093,808.9794434150049,721.5740716647224,21
3.3499999999999996,3.3499999999999996,3.3499999999999996,2477.9026998578256,709.1428514819776,632.5242240713914,21
3.3499999999999996,3.3499999999999996,3.3499999999999996,2428.7549972857855,695.077431581622,619.978488342521,21
3.3499999999999996,3.3499999999999996,3.3499999999999996,2470.1278618996175,706.917796091461,630.5395725565927,21
3.3499999999999996,3.3499999999999996,3.3499999999999996,2241.6358025816476,641.5264025976685,572.2133265200291,21
3.3499999999999996,3.3499999999999996,3.3499999999999996,2812.935831981168,805.0248853764148,718.0467798790446,21
3.3499999999999996,3.3499999999999996,3.3499999999999996,2955.986984220359,845.9642257357042,754.5628703122177,21
3.3499999999999996,3.3499999999999996,3.3499999999999996,2202.28515691599,630.2647969966413,562.1684663559714,22
3.3499999999999996,3.3499999999999996,3.3499999999999996,2197.165930953664,628.7997424364755,560.8617021528287,22
3.3499999999999996,3.3499999999999996,3.3499999999999996,2338.718735399145,669.3102772679738,596.9953167002469,22
3.3499999999999996,3.3499999999999996,3.3499999999999996,2034.1686707409172,582.1520888406728,519.2540477097758,22
3.3499999999999996,3.3499999999999996,3.3499999999999996,2657.623383379695,760.576557018146,678.4008223887439,22
3.3499999999999996,3.3499999999999996,3.3499999999999996,2513.7329738408357,719.3970306189531,641.6704967995408,22
3.3499999999999996,3.3499999999999996,3.3499999999999996,2367.9112725096493,677.664794128785,604.4471781292335,22
3.3499999999999996,3.3499999999999996,3.3499999999999996,2880.8484813258683,824.4606188072285,735.3825945132465,22
3.3499999999999996,3.3499999999999996,3.3499999999999996,2137.923790441134,611.8454277118268,545.7391994328758,22
3.3499999999999996,3.3499999999999996,3.3499999999999996,3042.3460688473674,870.679085973044,776.607433545576,22
3.3499999999999996,3.3499999999999996,3.3499999999999996,2578.441048525972,737.9156231942136,658.1882665317456,22
3.3499999999999996,3.3499999999999996,3.3499999999999996,2208.0847102737803,631.9245522323521,563.648894994588,22
3.3499999999999996,3.3499999999999996,3.3499999999999996,2574.256713671034,736.7181220669723,657.1201482180325,22
3.3499999999999996,3.3499999999999996,3.3499999999999996,3103.1892808053462,888.0916061060043,792.1386353280404,22
3.3499999999999996,3.3499999999999996,3.3499999999999996,3121.4439147297635,893.3158401741905,796.7984222429876,22
3.3499999999999996,3.3499999999999996,3.3499999999999996,3397.6448761334523,972.3608913214944,867.3031297695069,22
3.3499999999999996,3.3499999999999996,3.3499999999999996,3109.6697187997916,889.9462214922964,793.7928706468464,22
3.3499999999999996,3.3499999999999996,3.3499999999999996,2586.12737893948,740.1153489938021,660.1503251538535,22
3.3499999999999996,3.3499999999999996,3.3499999999999996,2861.0380872108503,818.791146810782,730.3256749574055,22
3.3499999999999996,3.3499999999999996,3.3499999999999996,2099.2471894272653,600.7766975748714,535.8663791908886,22
3.3499999999999996,3.3499999999999996,3.3499999999999996,2641.760984534982,756.0369488950349,674.351691692269,22
3.3499999999999996,3.3499999999999996,3.3499999999999996,2346.6641466015312,671.5841485524443,599.0235098323607,22
3.3499999999999996,3.3499999999999996,3.3499999999999996,2536.5654634731986,725.9313862621709,647.4988545121673,22
3.3499999999999996,3.3499999999999996,3.3499999999999996,2862.0339899504806,819.0761609634906,730.5798950405855,22
3.3499999999999996,3.3499999999999996,3.3499999999999996,2472.183849693912,707.5062224674235,631.0644191411784,22
3.3499999999999996,3.3499999999999996,3.3499999999999996,2513.2478493724902,719.2581944316412,641.5466610294523,22
3.3499999999999996,3.3499999999999996,3.3499999999999996,2943.931146423832,842.5140407208795,751.4854524834793,22
3.3499999999999996,3.3499999999999996,3.3499999999999996,2623.8253562935206,750.9040100214686,669.7733360738019,22
3.3499999999999996,3.3499999999999996,3.3499999999999996,2867.424447939602,820.6188385316353,731.9558955513209,22
3.3499999999999996,3.3499999999999996,3.3499999999999996,2729.6672729933207,781.1945625110252,696.7911760662515,22
3.3499999999999996,3.3499999999999996,3.3499999999999996,3770.38541696354,1079.0342894329706,962.4511071007365,22
3.3499999999999996,3.3499999999999996,3.3499999999999996,4160.984483091964,1190.8185605785168,1062.1577582925315,22
3.3499999999999996,3.3499999999999996,3.3499999999999996,4070.524136336342,1164.9300093592833,1039.0663097387705,22
3.3499999999999996,3.3499999999999996,3.3499999999999996,4199.535322820607,1201.8512995039555,1071.9984759575113,22
3.3499999999999996,3.3499999999999996,3.3499999999999996,4094.997218350585,1171.933880778545,1045.3134548642536,22
3.3499999999999996,3.3499999999999996,3.3499999999999996,3271.3858967125802,936.2272463283387,835.07350836839,22
3.3499999999999996,3.3499999999999996,3.3499999999999996,3579.889537688293,1024.5168958506415,913.8239908696738,22
3.3499999999999996,3.3499999999999996,3.3499999999999996,3086.9791260043276,883.4524748414341,788.0007343685468,22
3.3499999999999996,3.3499999999999996,3.3499999999999996,3274.268745435555,937.0522793897711,835.8094015565367,22
3.3499999999999996,3.3499999999999996,3.3499999999999996,3612.4651879788444,1033.839614824128,922.1394459808695,22
3.3499999999999996,3.3499999999999996,3.3499999999999996,2728.703254140515,780.9186731037627,696.5450948545075,22
3.3499999999999996,3.3499999999999996,3.3499999999999996,3220.619499107984,921.698576787053,822.1145744200912,22
3.3499999999999996,3.3499999999999996,3.3499999999999996,2652.362792225002,759.0710456152366,677.0579724620335,22
3.3499999999999996,3.3499999999999996,3.3499999999999996,2728.987163982601,780.9999243342975,696.6175673769724,22
3.3499999999999996,3.3499999999999996,3.3499999999999996,2417.5463710624545,691.8697008889521,617.1173299228064,22
3.3499999999999996,3.3499999999999996,3.3499999999999996,2976.1355726234215,851.7305202840897,759.7061467153968,22
3.3499999999999996,3.3499999999999996,3.3499999999999996,2743.114256190799,785.0429107181412,700.2237333340975,22
3.3499999999999996,3.3499999999999996,3.3499999999999996,2643.3219588723778,756.4836790429387,674.750155327425,22
3.3499999999999996,3.3499999999999996,3.3499999999999996,2310.9395809998673,661.360251789567,589.9042437861577,22
3.3499999999999996,3.3499999999999996,3.3499999999999996,3403.7944611901266,974.1208209860009,868.8729095907892,22
3.3499999999999996,3.3499999999999996,3.3499999999999996,3630.770862030221,1039.0784558995651,926.8122617035554,22
3.3499999999999996,3.3499999999999996,3.3499999999999996,3189.38836165223,912.7606395509458,814.1423276876832,22
3.3499999999999996,3.3499999999999996,3.3499999999999996,3514.01003725414,1005.6630567658259,897.0071960022785,22
3.3499999999999996,3.3499999999999996,3.3499999999999996,2826.7539365000093,808.979477681508,721.5740978217632,22
3.3499999999999996,3.3499999999999996,3.3499999999999996,2477.9026998578256,709.142881519633,632.5242470003776,22
3.3499999999999996,3.3499999999999996,3.3499999999999996,2428.7549972857855,695.0774610234989,619.9785108167246,22
3.3499999999999996,3.3499999999999996,3.3499999999999996,2470.1278618996175,706.9178260348683,630.5395954136353,22
3.3499999999999996,3.3499999999999996,3.3499999999999996,2241.6358025816476,641.5264297712472,572.2133472627468,22
3.3499999999999996,3.3499999999999996,3.3499999999999996,2812.935831981168,805.0249194754119,718.0468059082211,22
3.3499999999999996,3.3499999999999996,3.3499999999999996,2955.986984220359,845.9642615687975,754.5628976651017,22
3.3499999999999996,3.3499999999999996,3.3499999999999996,2202.28515691599,630.2647999629265,562.16846862026,23
3.3499999999999996,3.3499999999999996,3.3499999999999996,2197.165930953664,628.7997453958656,560.861704411854,23
3.3499999999999996,3.3499999999999996,3.3499999999999996,2338.718735399145,669.3102804180229,596.9953191048103,23
3.3499999999999996,3.3499999999999996,3.3499999999999996,2034.1686707409172,582.1520915805197,519.2540498012147,23
3.3499999999999996,3.3499999999999996,3.3499999999999996,2657.623383379695,760.5765605977317,678.4008251211903,23
3.3499999999999996,3.3499999999999996,3.3499999999999996,2513.7329738408357,719.397034004731,641.6704993840459,23
3.3499999999999996,3.3499999999999996,3.3499999999999996,2367.9112725096493,677.6647973181538,604.4471805638112,23
3.3499999999999996,3.3499999999999996,3.3499999999999996,2880.8484813258683,824.4606226874788,735.3825974752027,23
3.3499999999999996,3.3499999999999996,3.3499999999999996,2137.923790441134,611.8454305914228,545.7392016309909,23
3.3499999999999996,3.3499999999999996,3.3499999999999996,3042.3460688473674,870.6790900708177,776.6074366735768,23
3.3499999999999996,3.3499999999999996,3.3499999999999996,2578.441048525972,737.9156266671475,658.1882691827802,23
3.3499999999999996,3.3499999999999996,3.3499999999999996,2208.0847102737803,631.9245552064485,563.6488972648393,23
3.3499999999999996,3.3499999999999996,3.3499999999999996,2574.256713671034,736.7181255342704,657.1201508647649,23
3.3499999999999996,3.3499999999999996,3.3499999999999996,3103.1892808053462,888.0916102857283,792.1386385185971,23
3.3499999999999996,3.3499999999999996,3.3499999999999996,3121.4439147297635,893.3158443785019,796.7984254523129,23
3.3499999999999996,3.3499999999999996,3.3499999999999996,3397.6448761334523,972.3608958978243,867.3031332628094,23
3.3499999999999996,3.3499999999999996,3.3499999999999996,3109.6697187997916,889.9462256807489,793.7928738440659,23
3.3499999999999996,3.3499999999999996,3.3499999999999996,2586.12737893948,740.1153524770891,660.1503278127908,23
3.3499999999999996,3.3499999999999996,3.3499999999999996,2861.0380872108503,818.7911506643494,730.3256778989937,23
3.3499999999999996,3.3499999999999996,3.3499999999999996,2099.2471894272653,600.7767004023733,535.8663813492382,23
3.3499999999999996,3.3499999999999996,3.3499999999999996,2641.760984534982,756.0369524532554,674.3516944084066,23
3.3499999999999996,3.3499999999999996,3.3499999999999996,2346.6641466015312,671.5841517131952,599.0235122450931,23
3.3499999999999996,3.3499999999999996,3.3499999999999996,2536.5654634731986,725.9313896787023,647.4988571201475,23
3.3499999999999996,3.3499999999999996,3.3499999999999996,2862.0339899504806,819.0761648183995,730.5798979831976,23
3.3499999999999996,3.3499999999999996,3.3499999999999996,2472.183849693912,707.5062257972386,631.0644216829645,23
3.3499999999999996,3.3499999999999996,3.3499999999999996,2513.2478493724902,719.2581978167658,641.5466636134581,23
3.3499999999999996,3.3499999999999996,3.3499999999999996,2943.931146423832,842.5140446860968,751.4854555102941,23
3.3499999999999996,3.3499999999999996,3.3499999999999996,2623.8253562935206,750.9040135555313,669.7733387714987,23
3.3499999999999996,3.3499999999999996,3.3499999999999996,2867.424447939602,820.6188423938047,731.955898499475,23
3.3499999999999996,3.3499999999999996,3.3499999999999996,2729.6672729933207,781.1945661876475,696.7911788727702,23
3.3499999999999996,3.3499999999999996,3.3499999999999996,3770.38541696354,1079.0342945113491,962.4511109772737,23
3.3499999999999996,3.3499999999999996,3.3499999999999996,4160.984483091964,1190.8185661829978,1062.1577625706648,23
3.3499999999999996,3.3499999999999996,3.3499999999999996,4070.524136336342,1164.9300148419222,1039.0663139238966,23
3.3499999999999996,3.3499999999999996,3.3499999999999996,4199.535322820607,1201.8513051603613,1071.9984802752808,23
3.3499999999999996,3.3499999999999996,3.3499999999999996,4094.997218350585,1171.9338862941477,1045.3134590745417,23
3.3499999999999996,3.3499999999999996,3.3499999999999996,3271.3858967125802,936.2272507346088,835.0735117318786,23
3.3499999999999996,3.3499999999999996,3.3499999999999996,3579.889537688293,1024.5169006724386,913.8239945503518,23
3.3499999999999996,3.3499999999999996,3.3499999999999996,3086.9791260043276,883.4524789993243,788.0007375424369,23
3.3499999999999996,3.3499999999999996,3.3499999999999996,3274.268745435555,937.0522837999242,835.8094049229895,23
3.3499999999999996,3.3499999999999996,3.3499999999999996,3612.4651879788444,1033.8396196898018,922.1394496950406,23
3.3499999999999996,3.3499999999999996,3.3499999999999996,2728.703254140515,780.9186767790869,696.545097660035,23
3.3499999999999996,3.3499999999999996,3.3499999999999996,3220.619499107984,921.6985811249448,822.1145777313843,23
3.3499999999999996,3.3499999999999996,3.3499999999999996,2652.362792225002,759.0710491877368,677.0579751890712,23
3.3499999999999996,3.3499999999999996,3.3499999999999996,2728.987163982601,780.9999280100039,696.6175701827917,23
3.3499999999999996,3.3499999999999996,3.3499999999999996,2417.5463710624545,691.8697041451752,617.1173324084166,23
3.3499999999999996,3.3499999999999996,3.3499999999999996,2976.1355726234215,851.7305242926834,759.7061497753228,23
3.3499999999999996,3.3499999999999996,3.3499999999999996,2743.114256190799,785.0429144128757,700.2237361544414,23
3.3499999999999996,3.3499999999999996,3.3499999999999996,2643.3219588723778,756.4836826032617,674.7501580451674,23
3.3499999999999996,3.3499999999999996,3.3499999999999996,2310.9395809998673,661.3602549022,589.9042461621597,23
3.3499999999999996,3.3499999999999996,3.3499999999999996,3403.7944611901266,974.1208255706135,868.8729130904143,23
3.3499999999999996,3.3499999999999996,3.3499999999999996,3630.770862030221,1039.0784607898952,926.8122654365471,23
3.3499999999999996,3.3499999999999996,3.3499999999999996,3189.38836165223,912.7606438467723,814.142330966866,23
3.3499999999999996,3.3499999999999996,3.3499999999999996,3514.01003725414,1005.6630614988894,897.0071996152224,23
3.3499999999999996,3.3499999999999996,3.3499999999999996,2826.7539365000093,808.9794814888977,721.5741007281018,23
3.3499999999999996,3.3499999999999996,3.3499999999999996,2477.9026998578256,709.1428848571508,632.5242495480434,23
3.3499999999999996,3.3499999999999996,3.3499999999999996,2428.7549972857855,695.0774642948189,619.9785133138588,23
3.3499999999999996,3.3499999999999996,3.3499999999999996,2470.1278618996175,706.9178293619142,630.5395979533075,23
3.3499999999999996,3.3499999999999996,3.3499999999999996,2241.6358025816476,641.526432790534,572.2133495674939,23
3.3499999999999996,3.3499999999999996,3.3499999999999996,2812.935831981168,805.02492326419,718.0468088003526,23
3.3499999999999996,3.3499999999999996,3.3499999999999996,2955.986984220359,845.9642655502528,754.5629007043116,23
