0.004365001897928586,0.0,0.0,33.679977681372094,18.798371839028928,10.865914022946981,1
0.003928501708135727,0.0,0.0,0.550624314981248,0.3073292005877125,0.17764371823914388,1
0.0035356515373221546,0.0,0.0,0.0,0.0,0.0,1
0.003182086383589939,0.0,0.0,1.1024793647345092,0.6153453318527077,0.35568449904003474,1
0.0028638777452309454,0.0,0.0,0.40032942556816153,0.223442588683704,0.1291552257021028,1
0.002577489970707851,0.0,0.0,1.0491997651603633,0.5856074937310598,0.3384953086662563,1
0.0023197409736370658,0.0,0.0,6.0260666300266745,3.3634298190363427,1.9441438625012815,1
0.0020877668762733594,0.0,0.0,20.615858187125998,11.506675320531123,6.651136906616047,1
0.0029592138366742633,0.0001687332381237205,0.0,39.87790968266569,22.25772776543663,12.865505497836118,1
0.002663292453006837,0.00015185991431134843,0.0,0.31805917753611984,0.1775237128332954,0.10261300378557478,1
0.0023969632077061537,0.0001366739228802136,0.0,7.76355984383136,4.333206100062644,2.5046980307749003,1
0.0021572668869355386,0.00012300653059219225,0.0,1.7076961007602434,0.9531451176675205,0.5509409532193809,1
0.0019415401982419847,0.00011070587753297302,0.0,17.732129551142723,9.897131404115415,5.72078155660538,1
0.0017473861784177863,9.963528977967572e-05,0.0,8.169551982458954,4.559809313931911,2.635680174351549,1
0.0015726475605760076,8.967176080170815e-05,0.0,24.913851297147932,13.905586430512749,8.037765604726701,1
0.0017969196400864555,8.070458472153733e-05,0.0,33.17501840041472,18.51653043115129,10.70300286594207,1
0.00161722767607781,7.26341262493836e-05,0.0,24.792882305430282,13.838067974627357,7.998738302633994,1
0.001455504908470029,6.537071362444524e-05,0.0,0.8718418499359375,0.48661574051420015,0.28127567876182175,1
0.0013099544176230261,5.883364226200072e-05,0.0,1.3715941909215668,0.7655509114976716,0.44250696048323834,1
0.0011789589758607235,5.295027803580065e-05,0.0,6.313920334815657,3.5240944438486745,2.0370119052599263,1
0.0010610630782746512,4.765525023222058e-05,0.0,10.114017670007748,5.645106619309643,3.26300829141148,1
0.000954956770447186,4.288972520899853e-05,0.0,16.15013126666488,9.014144120641989,5.21039353003928,1
0.0008594610934024675,3.8600752688098674e-05,0.0,7.62352184445484,4.2550443385324535,2.4595186403499363,1
0.0007735149840622207,3.4740677419288805e-05,0.0,11.644839014049813,6.499529657135492,3.7568854924659556,1
0.0006961634856559987,3.126660967735992e-05,0.0,16.689595410090995,9.315244307164864,5.384436727347363,1
0.0006265471370903988,2.813994870962393e-05,0.0,0.1574324718540315,0.08787043071843786,0.05079123625821348,1
0.0005638924233813589,2.532595383866154e-05,0.0,0.17007901403945658,0.09492905779737068,0.054871293595971274,1
0.000507503181043223,2.2793358454795387e-05,0.0,0.0,0.0,0.0,1
0.0004567528629389007,2.0514022609315848e-05,0.0,4.948215453578111,2.761830631717955,1.5964049677899594,1
0.00041107757664501064,1.8462620348384265e-05,0.0,0.0,0.0,0.0,1
0.0003699698189805096,1.6616358313545838e-05,0.0,0.0,0.0,0.0,1
0.00033297283708245864,1.4954722482191255e-05,0.0,0.0,0.0,0.0,1
0.0002996755533742128,1.345925023397213e-05,0.0,0.0,0.0,0.0,1
0.0002697079980367915,1.2113325210574916e-05,0.0,0.0,0.0,0.0,1
0.00024273719823311236,1.0901992689517425e-05,0.0,0.0,0.0,0.0,1
0.00021846347840980113,9.811793420565683e-06,0.0,0.0,0.0,0.0,1
0.000196617130568821,8.830614078509115e-06,0.0,0.0,0.0,0.0,1
0.0001769554175119389,7.947552670658204e-06,0.0,0.0,0.0,0.0,1
0.000159259875760745,7.152797403592384e-06,0.0,0.02792060122458511,0.01558379428734868,0.009007810374622864,1
0.00014333388818467052,6.437517663233146e-06,0.0,0.2755793556730339,0.15381373610490615,0.08890806322886859,1
0.00012900049936620346,5.793765896909831e-06,0.0,0.0,0.0,0.0,1
0.00011610044942958312,5.214389307218849e-06,0.0,3.499644289891672,1.953315269033096,1.1290635143708054,1
0.00010449040448662482,4.692950376496964e-06,0.0,25.51017714861178,14.238423797541143,8.23015366070961,1
0.0005972050049545156,4.223655338847268e-06,0.0,34.29754638193011,19.143065834347592,11.065155497125215,1
0.000537484504459064,3.8012898049625413e-06,0.0,6.027008188396152,3.3639553468292958,1.944447630288396,1
0.0004837360540131576,3.421160824466287e-06,0.0,22.968985217697874,12.820065647675724,7.410308312285011,1
0.00043536244861184186,3.0790447420196583e-06,0.0,0.0,0.0,0.0,1
0.0003918262037506577,2.7711402678176927e-06,0.0,8.561058085369547,4.778327193290037,2.761988798838506,1
0.00035264358337559195,2.4940262410359235e-06,0.0,0.09001089726695015,0.05023929446736584,0.029039528472488856,1
0.00031737922503803276,2.244623616932331e-06,0.0,6.45561660494428,3.603181763896234,2.082726290915278,1
0.0002856413025342295,2.020161255239098e-06,0.0,9.673471607791793,5.399217243488116,3.1208782793172625,1
0.00025707717228080657,1.8181451297151882e-06,0.0,26.293184792908157,14.675457010256912,8.482769438033605,1
0.00023136945505272593,1.6363306167436693e-06,0.0,8.65340187925985,4.829868586547453,2.7917809719348603,1
0.00020823250954745334,1.4726975550693024e-06,0.0,5.552065245304583,3.0988674619434295,1.7912204151678623,1
0.00018740925859270802,1.325427799562372e-06,0.0,3.016019450281154e-07,1.683381611368663e-07,9.730353252703152e-08,1
0.00016866833273343723,1.1928850196061349e-06,0.0,13.413424524232965,7.486660003956647,4.327470730902997,1
0.0001518014994600935,1.0735965176455214e-06,0.0,18.44597063484663,10.295559522221422,5.951082654633244,1
0.00013662134951408414,9.662368658809693e-07,0.0,11.332794864904969,6.325363213163573,3.6562130713602006,1
0.00012295921456267575,8.696131792928724e-07,0.0,5.002176685615914,2.791948920819428,1.613814068040621,1
0.00011066329310640817,7.826518613635852e-07,0.0,0.0,0.0,0.0,1
0.006187425196004432,0.0,0.0,26.240151927800316,17.99768144804261,10.777746884967518,2
0.005568682676403989,0.0,0.0,0.4289927332178773,0.29423894256498373,0.17620229893616582,2
0.0050118144087635905,0.0,0.0,0.0,0.0,0.0,2
0.004510632967887232,0.0,0.0,0.858944334868091,0.5891355569545534,0.3527984386278326,2
0.004059569671098509,0.0,0.0,0.3118976220072612,0.21392536372251333,0.12810724698800677,2
0.0036536127039886583,0.0,0.0,0.8174340702027076,0.5606643605099932,0.33574872310322385,2
0.0032882514335897924,0.0,0.0,4.69492306066474,3.2201692239209754,1.928368880312476,2
0.002959426290230813,0.0,0.0,16.06186488809258,11.016564557735158,6.597168901335727,2
0.003942010432344909,1.7245864361044665e-05,0.0,31.068975714167316,21.309690940780698,12.761113470068569,2
0.0035478093891104182,1.55212779249402e-05,0.0,0.24780067313390783,0.1699623382496348,0.10178039137541357,2
0.0031930284501993766,1.396915013244618e-05,0.0,6.048608218507742,4.148639238836928,2.484374654719295,2
0.002873725605179439,1.2572235119201561e-05,0.0,1.3304701551285425,0.9125472327300912,0.5464705619629758,2
0.002586353044661495,1.1315011607281406e-05,0.0,13.81514494538308,9.475576916234113,5.67436254981162,2
0.0023277177401953455,1.0183510446553265e-05,0.0,6.3649176739315445,4.365590605329976,2.6142939957833176,2
0.002094945966175811,9.165159401897939e-06,0.0,19.41044169709657,13.31329739977739,7.972546352335973,2
0.002447859208380419,8.248643461708146e-06,0.0,25.846736932843154,17.727844681258468,10.61615760575657,2
0.0022030732875423773,7.423779115537331e-06,0.0,19.316194463584306,13.2486547982109,7.93383572176499,2
0.0019827659587881396,6.681401203983598e-06,0.0,0.6792540902420657,0.4658890227500865,0.2789933791294771,2
0.0017844893629093256,6.013261083585238e-06,0.0,1.068612345695712,0.7329433397411451,0.4389164137368342,2
0.0016060404266183932,5.4119349752267144e-06,0.0,4.919190577053882,3.3739905634551866,2.020483382271654,2
0.0014454363839565539,4.870741477704043e-06,0.0,7.879855585778652,5.404661187924453,3.236531908324935,2
0.0013008927455608985,4.383667329933639e-06,0.0,12.58260626240237,8.630199242746826,5.168115863906439,2
0.0011708034710048087,3.945300596940275e-06,0.0,5.9395042750886375,4.073806668363053,2.439561854490151,2
0.0010537231239043279,3.550770537246248e-06,0.0,9.072522190905298,6.222691269909091,3.7264017392457673,2
0.0009483508115138951,3.195693483521623e-06,0.0,13.002904079016757,8.918474487400397,5.340746856906717,2
0.0008535157303625056,2.876124135169461e-06,0.0,0.12265601892318825,0.08412771245908265,0.05037911097120419,2
0.0007681641573262551,2.588511721652515e-06,0.0,0.1325089704734035,0.09088568717705285,0.05442606230632819,2
0.0006913477415936296,2.3296605494872636e-06,0.0,0.0,0.0,0.0,2
0.0006222129674342667,2.096694494538537e-06,0.0,3.8551666067520185,2.644194313674867,1.5834515745669868,2
0.00055999167069084,1.8870250450846834e-06,0.0,0.0,0.0,0.0,2
0.000503992503621756,1.698322540576215e-06,0.0,0.0,0.0,0.0,2
0.0004535932532595804,1.5284902865185936e-06,0.0,0.0,0.0,0.0,2
0.0004082339279336224,1.3756412578667341e-06,0.0,0.0,0.0,0.0,2
0.00036741053514026016,1.2380771320800608e-06,0.0,0.0,0.0,0.0,2
0.00033066948162623414,1.1142694188720548e-06,0.0,0.0,0.0,0.0,2
0.00029760253346361074,1.0028424769848493e-06,0.0,0.0,0.0,0.0,2
0.00026784228011724967,9.025582292863644e-07,0.0,0.0,0.0,0.0,2
0.0002410580521055247,8.123024063577279e-07,0.0,0.0,0.0,0.0,2
0.00021695224689497223,7.310721657219552e-07,0.0,0.02175300782499787,0.014920024337065995,0.008934720079732346,2
0.000195257022205475,6.579649491497597e-07,0.0,0.21470454135797198,0.14726225486198247,0.08818665410841793,2
0.0001757313199849275,5.921684542347837e-07,0.0,0.0,0.0,0.0,2
0.00015815818798643475,5.329516088113053e-07,0.0,2.7265813157235796,1.8701165335322643,1.1199021775105202,2
0.0001423423691877913,4.796564479301749e-07,0.0,19.875040607728884,13.631958024063229,8.163373351951085,2
0.0008151773450197613,4.3169080313715737e-07,0.0,26.721301193450195,18.327693684097987,10.975371693441602,2
0.0007336596105177852,3.8852172282344164e-07,0.0,4.695656631063678,3.220672367591643,1.9286701832966904,2
0.0006602936494660067,3.496695505410975e-07,0.0,17.895191838952485,12.274012858433847,7.350180312554858,2
0.0005942642845194061,3.1470259548698774e-07,0.0,0.0,0.0,0.0,2
0.0005348378560674655,2.8323233593828897e-07,0.0,6.669941023953446,4.574801020841818,2.739577739169649,2
0.000481354070460719,2.549091023444601e-07,0.0,0.07012770738113434,0.048099421893591385,0.02880389876768118,2
0.0004332186634146471,2.294181921100141e-07,0.0,5.029586483219644,3.4497092695741998,2.065826836725157,2
0.0003898967970731824,2.064763728990127e-07,0.0,7.536625085060877,5.169245126608664,3.095555153688936,2
0.00035090711736586417,1.8582873560911143e-07,0.0,20.485083753877696,14.050376417529762,8.413939379014948,2
0.00031581640562927774,1.672458620482003e-07,0.0,6.7418862967263316,4.624147080446263,2.7691281755257213,2
0.00028423476506634997,1.5052127584338027e-07,0.0,4.325627437408593,2.966875530888702,1.776686269474989,2
0.00025581128855971496,1.3546914825904225e-07,0.0,2.3497880355291892e-07,1.6116803229737007e-07,9.6514001709828e-08,2
0.00023023015970374347,1.2192223343313802e-07,0.0,10.450431431925363,7.167776178427459,4.292357190686513,2
0.00020720714373336912,1.0973001008982422e-07,0.0,14.37130025717998,9.857034545172334,5.90279496116998,2
0.0001864864293600322,9.87570090808418e-08,0.0,8.829407840913595,6.055943202343102,3.626546184463786,2
0.00016783778642402898,8.888130817275762e-08,0.0,3.897207932915556,2.6730297563211796,1.6007194155972406,2
0.00015105400778162609,7.999317735548186e-08,0.0,0.0,0.0,0.0,2
0.00460416943783861,0.0,0.0,32.94499962495557,18.699378090558078,10.853698587175998,3
0.004143752494054749,0.0,0.0,0.5386083691077319,0.3057107801286831,0.1774440115761161,3
0.0037293772446492742,0.0,0.0,0.0,0.0,0.0,3
0.0033564395201843467,0.0,0.0,1.0784206153969154,0.6121048735020719,0.3552846393371525,3
0.003020795568165912,0.0,0.0,0.3915932753867686,0.2222659219164308,0.12901002969183437,3
0.0027187160113493207,0.0,0.0,1.026303704732843,0.5825236372442603,0.338114773012002,3
0.0024468444102143886,0.0,0.0,5.894563373656553,3.3457177252254438,1.9419582604035854,3
0.00220215996919295,0.0,0.0,20.165970615195896,11.446080236437117,6.643659713669809,3
0.0030881921285270224,0.00015018117243707532,0.0,39.00767785443232,22.14051676850499,12.851042125888004,3
0.0027793729156743202,0.0001351630551933678,0.0,0.3111183618876514,0.1765888585849427,0.10249764648067032,3
0.0025014356241068883,0.00012164674967403102,0.0,7.594140309802142,4.31038708581954,2.5018822549592588,3
0.0022512920616961996,0.00010948207470662792,0.0,1.6704300677194606,0.9481257782884208,0.5503215866558828,3
0.00202616285552658,9.853386723596513e-05,0.0,17.34517186854209,9.845012308632487,5.714350267022471,3
0.001823546569973922,8.868048051236862e-05,0.0,7.991272724240134,4.535796988813346,2.63271714870873,3
0.0016411919129765298,7.981243246113177e-05,0.0,24.37017118614965,13.832358486240267,8.028729566959473,3
0.0018823463438293986,7.18311892150186e-05,0.0,32.45105976908211,18.419020882358957,10.690970574522364,3
0.0016941117094464587,6.464807029351674e-05,0.0,24.2518420285572,13.765195588011474,7.9897461392708005,3
0.001524700538501813,5.818326326416507e-05,0.0,0.8528161654645695,0.4840531826165844,0.28095946928504884,3
0.0013722304846516317,5.236493693774856e-05,0.0,1.3416627093103635,0.7615194584003835,0.4420094951671516,3
0.0012350074361864684,4.7128443243973704e-05,0.0,6.176135418805507,3.5055362771122565,2.0347219011202937,3
0.0011115066925678216,4.2415598919576334e-05,0.0,9.89330549733383,5.61537903068929,3.2593400249297324,3
0.0010003560233110395,3.81740390276187e-05,0.0,15.797696588662994,8.966674907701634,5.204536017512183,3
0.0009003204209799356,3.435663512485683e-05,0.0,7.457158276126665,4.232636930455418,2.456753655102005,3
0.000810288378881942,3.092097161237115e-05,0.0,11.39072064061148,6.465302607603391,3.7526620103607917,3
0.0007292595409937479,2.7828874451134033e-05,0.0,16.325388327980274,9.266189476257994,5.37838355585466,3
0.0006563335868943731,2.504598700602063e-05,0.0,0.1539969169592276,0.08740769791417946,0.050734136866212864,3
0.0005907002282049358,2.2541388305418567e-05,0.0,0.1663674812006122,0.09442915369127906,0.05480960741281383,3
0.0005316302053844423,2.028724947487671e-05,0.0,0.0,0.0,0.0,3
0.00047846718484599804,1.825852452738904e-05,0.0,4.840233500288026,2.7472866079473572,1.5946102929648747,3
0.0004306204663613982,1.6432672074650135e-05,0.0,0.0,0.0,0.0,3
0.00038755841972525843,1.4789404867185122e-05,0.0,0.0,0.0,0.0,3
0.0003488025777527326,1.3310464380466609e-05,0.0,0.0,0.0,0.0,3
0.00031392231997745936,1.1979417942419949e-05,0.0,0.0,0.0,0.0,3
0.00028253008797971343,1.0781476148177954e-05,0.0,0.0,0.0,0.0,3
0.0002542770791817421,9.70332853336016e-06,0.0,0.0,0.0,0.0,3
0.00022884937126356787,8.732995680024144e-06,0.0,0.0,0.0,0.0,3
0.0002059644341372111,7.85969611202173e-06,0.0,0.0,0.0,0.0,3
0.00018536799072348998,7.073726500819557e-06,0.0,0.0,0.0,0.0,3
0.000166831191651141,6.366353850737601e-06,0.0,0.027311306604019602,0.01550172876459418,0.008997683814736965,3
0.0001501480724860269,5.729718465663841e-06,0.0,0.2695655518297757,0.15300374051413285,0.08880811298689156,3
0.0001351332652374242,5.156746619097457e-06,0.0,0.0,0.0,0.0,3
0.0001216199387136818,4.641071957187711e-06,0.0,3.423273640758006,1.943028952639169,1.1277942237421443,3
0.00010945794484231362,4.17696476146894e-06,0.0,24.953483774379,14.163443104739402,8.220901340728478,3
0.0006258108224925582,3.759268285322046e-06,0.0,33.54909149225871,19.04225689938271,11.052716074543213,3
0.0005632297402433024,3.3833414567898416e-06,0.0,5.895484384959552,3.3462404855464793,1.942261686695646,3
0.0005069067662189722,3.0450073111108576e-06,0.0,22.46774675866824,12.752554143755425,7.401977660575384,3
0.00045621608959707494,2.7405065799997717e-06,0.0,0.0,0.0,0.0,3
0.00041059448063736744,2.4664559219997946e-06,0.0,8.374235223074898,4.753164135322331,2.7588837773280157,3
0.0003695350325736307,2.219810329799815e-06,0.0,0.08804664316454437,0.04997473027412386,0.0290068823007884,3
0.0003325815293162676,1.9978292968198336e-06,0.0,6.314739535779937,3.584207116927642,2.080384894767518,3
0.00029932337638464084,1.7980463671378503e-06,0.0,9.462373208963948,5.370784528233936,3.1173697950710633,3
0.00026939103874617674,1.6182417304240653e-06,0.0,25.719404310067148,14.598174865164328,8.473233127971554,3
0.00024245193487155907,1.4564175573816589e-06,0.0,8.4645638534518,4.804434107428826,2.7886424581312985,3
0.00021820674138440317,1.310775801643493e-06,0.0,5.430905838321109,3.0825485749302888,1.789206729261002,3
0.00019638606724596287,1.1796982214791438e-06,0.0,2.9502026574479423e-07,1.6745167874762927e-07,9.719414411761064e-08,3
0.00017674746052136659,1.0617283993312294e-06,0.0,13.12071136450415,7.447234646076463,4.32260579817368,3
0.00015907271446922994,9.555555593981066e-07,0.0,18.04343522421855,10.241342272002264,5.944392461081006,3
0.00014316544302230694,8.60000003458296e-07,0.0,11.085486044739632,6.292053338230114,3.6521027649613167,3
0.00012884889872007626,7.740000031124664e-07,0.0,4.893017168557224,2.7772462916993232,1.611999821944726,3
0.00011596400884806864,6.966000028012198e-07,0.0,0.0,0.0,0.0,3
0.0043894825482038435,0.0,0.0,33.60658874772094,18.788404725972082,10.864672949404559,4
0.003950534293383459,0.0,0.0,0.5494245003109068,0.30716625110920676,0.17762342828302802,4
0.0035554808640451134,0.0,0.0,0.0,0.0,0.0,4
0.003199932777640602,0.0,0.0,1.1000770536131745,0.6150190686771468,0.3556438737764559,4
0.002879939499876542,0.0,0.0,0.39945710463227574,0.2233241168520904,0.12914047396256703,4
0.002591945549888888,0.0,0.0,1.0469135507014165,0.5852969978994561,0.3384566467027131,4
0.0023327509948999994,0.0,0.0,6.012935783911742,3.3616464898442104,1.943921807964009,4
0.0020994758954099996,0.0,0.0,20.570936071589873,11.500574348871972,6.650377232830262,4
0.0029724157638970597,0.0001668675520193878,0.0,39.791015406917204,22.24592646206173,12.864036036689127,4
0.0026751741875073536,0.00015018079681744902,0.0,0.31736612411137693,0.17742958771803377,0.10260128362251827,4
0.0024076567687566185,0.00013516271713570412,0.0,7.746642986472787,4.330908584327358,2.5044119513478784,4
0.0021668910918809566,0.00012164644542213371,0.0,1.703975017657972,0.9526397491585495,0.5508780263234901,4
0.001950201982692861,0.00010948180087992034,0.0,17.6934911027615,9.891883831161335,5.720128145339943,4
0.001755181784423575,9.853362079192831e-05,0.0,8.15175046506864,4.55739165056517,2.6353791345196704,4
0.0015796636059812175,8.868025871273548e-05,0.0,24.85956382115437,13.89821352857946,8.036847554187084,4
0.0018056637249204,7.981223284146193e-05,0.0,33.10272977696915,18.506712753651975,10.701780399644864,4
0.0016250973524283602,7.183100955731574e-05,0.0,24.73885842181172,13.830730871756293,7.997824709680911,4
0.0014625876171855243,6.464790860158417e-05,0.0,0.8699420997554426,0.48635773124922355,0.2812435522603327,4
0.0013163288554669719,5.8183117741425755e-05,0.0,1.3686054764982336,0.7651450075954079,0.442456418607071,4
0.0011846959699202747,5.236480596728318e-05,0.0,6.300162253236323,3.5222259284237416,2.036779243601102,4
0.0010662263729282473,4.712832537055487e-05,0.0,10.091979146741702,5.642113518823366,3.2626355999608934,4
0.0009596037356354225,4.241549283349938e-05,0.0,16.11494000486537,9.009364717705902,5.209798413830731,4
0.0008636433620718803,3.817394355014944e-05,0.0,7.606910130987456,4.2527882650625175,2.4592377211833396,4
0.0007772790258646923,3.435654919513449e-05,0.0,11.6194648191538,6.496083531722947,3.756456391777623,4
0.0006995511232782231,3.0920894275621046e-05,0.0,16.653228651721875,9.3103052574452,5.383821732423875,4
0.0006295960109504008,2.7828804848058943e-05,0.0,0.1570894252718533,0.08782384080496963,0.05078543502884853,4
0.0005666364098553607,2.504592436325305e-05,0.0,0.16970841054337116,0.09487872531860347,0.0548650263541565,4
0.0005099727688698247,2.2541331926927746e-05,0.0,0.0,0.0,0.0,4
0.00045897549198284224,2.028719873423497e-05,0.0,4.937433253570446,2.7603662773373787,1.5962226309921228,4
0.000413077942784558,1.8258478860811474e-05,0.0,0.0,0.0,0.0,4
0.0003717701485061022,1.6432630974730328e-05,0.0,0.0,0.0,0.0,4
0.000334593133655492,1.4789367877257296e-05,0.0,0.0,0.0,0.0,4
0.00030113382028994283,1.3310431089531567e-05,0.0,0.0,0.0,0.0,4
0.00027102043826094855,1.1979387980578412e-05,0.0,0.0,0.0,0.0,4
0.0002439183944348537,1.0781449182520571e-05,0.0,0.0,0.0,0.0,4
0.00021952655499136834,9.703304264268515e-06,0.0,0.0,0.0,0.0,4
0.00019757389949223153,8.732973837841663e-06,0.0,0.0,0.0,0.0,4
0.00017781650954300837,7.859676454057496e-06,0.0,0.0,0.0,0.0,4
0.00016003485858870754,7.073708808651747e-06,0.0,0.027859762017084542,0.015575531580299009,0.009006781528351169,4
0.0001440313727298368,6.366337927786573e-06,0.0,0.274978866110943,0.1537321822921302,0.08889790840482449,4
0.0001296282354568531,5.729704135007916e-06,0.0,0.0,0.0,0.0,4
0.00011666541191116781,5.1567337215071245e-06,0.0,3.492018537730454,1.952279598801183,1.1289345559737078,4
0.00010499887072005103,4.641060349356412e-06,0.0,25.45459027394398,14.23087442140599,8.229213636157894,4
0.0006001330319570523,4.176954314420771e-06,0.0,34.22281176127111,19.13291596056813,11.063891666792923,4
0.0005401197287613471,3.7592588829786943e-06,0.0,6.0138752906182,3.3621717389962806,1.9442255410556382,4
0.0004861077558852124,3.383332994680825e-06,0.0,22.918935620037114,12.81326830135229,7.409461928118145,4
0.00043749698029669115,3.044999695212743e-06,0.0,0.0,0.0,0.0,4
0.00039374728226702205,2.7404997256914686e-06,0.0,8.54240347313213,4.775793669229234,2.76167333239772,4
0.00035437255404031985,2.466449753122322e-06,0.0,0.08981476282084394,0.05021265701534923,0.029036211660815624,4
0.00031893529863628785,2.21980477781009e-06,0.0,6.441549766088873,3.6012713154641762,2.082488407890407,4
0.00028704176877265906,1.997824300029081e-06,0.0,9.652393037826076,5.396354516378283,3.1205218215491075,4
0.0002583375918953932,1.798041870026173e-06,0.0,26.23589173848575,14.66767591408355,8.481800560432164,4
0.00023250383270585388,1.6182376830235556e-06,0.0,8.634546049176416,4.827307734646872,2.79146210271749,4
0.0002092534494352685,1.4564139147212e-06,0.0,5.539967251898254,3.0972244067572765,1.7910158271082457,4
0.00018832810449174165,1.3107725232490802e-06,0.0,3.009447520411685e-07,1.6824890630680972e-07,9.72924187965576e-08,4
0.00016949529404256748,1.1796952709241721e-06,0.0,13.384196567737371,7.482690490675574,4.326976459604845,4
0.00015254576463831073,1.061725743831755e-06,0.0,18.405776721184964,10.290100698094516,5.950402939036761,4
0.00013729118817447966,9.555531694485796e-07,0.0,11.308100616639992,6.322009432803707,3.655795469187135,4
0.0001235620693570317,8.599978525037217e-07,0.0,4.9912769036634135,2.790468597375407,1.6136297428252726,4
0.00011120586242132853,7.739980672533496e-07,0.0,0.0,0.0,0.0,4
0.004367455595762343,0.0,0.0,33.672639895414854,18.79737457168517,10.86578973471677,5
0.003930710036186109,0.0,0.0,0.5505043516189082,0.3073128965493546,0.17764168628644283,5
0.0035376390325674986,0.0,0.0,0.0,0.0,0.0,5
0.003183875129310749,0.0,0.0,1.1022391698722316,0.6153126873338183,0.35568043059288845,5
0.002865487616379674,0.0,0.0,0.4002422066375258,0.22343073489132204,0.12915374837820795,5
0.002578938854741707,0.0,0.0,1.0489711782124749,0.585576426826183,0.3384914368352479,5
0.0023210449692675364,0.0,0.0,6.024753743554078,3.3632513866300533,1.9441216246849848,5
0.002088940472340783,0.0,0.0,20.61136665342805,11.506064883008627,6.651060828521443,5
0.00296053706705678,0.0001685465877035078,0.0,39.869221566288594,22.256546976736587,12.865358337559886,5
0.002664483360351102,0.000151691928933157,0.0,0.3179898826515277,0.17751429507078553,0.10261183006115451,5
0.0023980350243159917,0.0001365227360398413,0.0,7.761868413363704,4.332976220316974,2.504669381138542,5
0.0021582315218843925,0.00012287046243585718,0.0,1.7073240485995815,0.9530945526234915,0.550934651358729,5
0.0019424083696959534,0.00011058341619227146,0.0,17.728266289342397,9.896606354072214,5.720716120249673,5
0.0017481675327263582,9.952507457304432e-05,0.0,8.167772099337267,4.559567412720386,2.635650026494352,5
0.0015733507794537223,8.95725671157399e-05,0.0,24.908423368723557,13.904848729005316,8.037673665874639,5
0.0017977960605154058,8.061531040416591e-05,0.0,33.16779062887482,18.515548115699886,10.702880441148228,5
0.0016180164544638653,7.255377936374933e-05,0.0,24.78748073226591,13.837333855023276,7.998646810190242,5
0.0014562148090174788,6.52984014273744e-05,0.0,0.8716519035843122,0.48658992519406863,0.28127246142950707,5
0.001310593328115731,5.876856128463696e-05,0.0,1.371295364577666,0.7655102984631729,0.44250189892957076,5
0.001179533995304158,5.289170515617326e-05,0.0,6.312544734261338,3.523907488066796,2.0369886051855755,5
0.0010615805957737423,4.760253464055594e-05,0.0,10.11181415023311,5.644807142284094,3.2629709679497956,5
0.0009554225361963681,4.2842281176500344e-05,0.0,16.14661267150614,9.013665913718516,5.21033393168527,5
0.0008598802825767313,3.855805305885031e-05,0.0,7.62186092377181,4.25481860532527,2.459490507491685,5
0.0007738922543190582,3.470224775296528e-05,0.0,11.642301977446047,6.499184852344293,3.7568425198593274,5
0.0006965030288871524,3.1232022977668754e-05,0.0,16.685959283013037,9.314750126656774,5.384375138224706,5
0.0006268527259984373,2.810882067990188e-05,0.0,0.15739817237224107,0.08786576912796673,0.050790655289796885,5
0.0005641674533985936,2.5297938611911693e-05,0.0,0.17004195928209756,0.09492402174158214,0.05487066595839232,5
0.0005077507080587342,2.2768144750720524e-05,0.0,0.0,0.0,0.0,5
0.0004569756372528608,2.0491330275648472e-05,0.0,4.947137396276168,2.7616841145875575,1.5963867075361293,5
0.00041127807352757476,1.8442197248083624e-05,0.0,0.0,0.0,0.0,5
0.0003701502661748173,1.659797752327526e-05,0.0,0.0,0.0,0.0,5
0.0003331352395573356,1.4938179770947735e-05,0.0,0.0,0.0,0.0,5
0.00029982171560160204,1.344436179385296e-05,0.0,0.0,0.0,0.0,5
0.00026983954404144185,1.2099925614467665e-05,0.0,0.0,0.0,0.0,5
0.00024285558963729767,1.0889933053020899e-05,0.0,0.0,0.0,0.0,5
0.0002185700306735679,9.80093974771881e-06,0.0,0.0,0.0,0.0,5
0.0001967130276062111,8.82084577294693e-06,0.0,0.0,0.0,0.0,5
0.00017704172484559,7.938761195652237e-06,0.0,0.0,0.0,0.0,5
0.000159337552361031,7.144885076087013e-06,0.0,0.027914518221872884,0.015582967555689803,0.009007707340050054,5
0.0001434037971249279,6.430396568478312e-06,0.0,0.2755193157779575,0.1538055761739636,0.08890704626648449,5
0.0001290634174124351,5.7873569116304804e-06,0.0,0.0,0.0,0.0,5
0.0001161570756711916,5.2086212204674325e-06,0.0,3.498881829744915,1.9532116442326843,1.1290505997365,5
0.00010454136810407244,4.687759098420689e-06,0.0,25.504619299927356,14.237668438768509,8.23005952125381,5
0.0005974984813708896,4.21898318857862e-06,0.0,34.29007404757793,19.142050280735848,11.065028929899405,5
0.0005377486332338006,3.7970848697207582e-06,0.0,6.025695096788213,3.363776886543374,1.9444253889974936,5
0.00048397376991042053,3.4173763827486824e-06,0.0,22.963981013158993,12.819385533837956,7.410223550514992,5
0.0004355763929193785,3.0756387444738143e-06,0.0,0.0,0.0,0.0,5
0.0003920187536274406,2.768074870026433e-06,0.0,8.55919290563599,4.778073699545553,2.7619572062178634,5
0.0003528168782646966,2.4912673830237895e-06,0.0,0.08999128678192511,0.05023662923613332,0.029039196307924287,5
0.00031753519043822696,2.2421406447214105e-06,0.0,6.45421013332137,3.602990612474316,2.082702467943353,5
0.00028578167139440425,2.0179265802492696e-06,0.0,9.6713640688619,5.39893081107339,3.120842581589743,5
0.0002572035042549638,1.8161339222243427e-06,0.0,26.2874563519938,14.674678466553424,8.482672409067746,5
0.00023148315382946744,1.6345205300019085e-06,0.0,8.651516580777983,4.829612358494446,2.7917490385406323,5
0.0002083348384465207,1.4710684770017177e-06,0.0,5.550855628517538,3.0987030647632436,1.7911999265449212,5
0.00018750135460186864,1.3239616293015458e-06,0.0,3.015362356461841e-07,1.6832923067457692e-07,9.730241953425193e-08,5
0.00016875121914168177,1.1915654663713914e-06,0.0,13.41050216962087,7.486262831180212,4.327421231737322,5
0.0001518760972275136,1.0724089197342524e-06,0.0,18.441951849989568,10.295013335275812,5.951014584010798,5
0.00013668848750476224,9.65168027760827e-07,0.0,11.330325812704201,6.32502764802932,3.6561712502809094,5
0.00012301963875428602,8.686512249847443e-07,0.0,5.001086871893749,2.791800805891816,1.613795608655245,5
0.00011071767487885742,7.817861024862699e-07,0.0,0.0,0.0,0.0,5
0.004365247324033786,0.0,0.0,33.679243913869115,18.79827210685455,10.86590159232952,6
0.003928722591630408,0.0,0.0,0.5506123188263661,0.3073275700949397,0.17764351501453696,6
0.003535850332467367,0.0,0.0,0.0,0.0,0.0,6
0.0031822652992206306,0.0,0.0,1.1024553456113912,0.6153420672227459,0.3556840921365809,6
0.0028640387692985677,0.0,0.0,0.4003207038069494,0.22344140323980444,0.12915507794838407,6
0.002577634892368711,0.0,0.0,1.049176906811136,0.5856043868711049,0.33849492142725507,6
0.0023198714031318402,0.0,0.0,6.025935343364145,3.3634119748223816,1.9441416383985881,6
0.002087884262818656,0.0,0.0,20.615409040546187,11.506614273448994,6.651129297708191,6
0.0029593461900857543,0.00016871457228634563,0.0,39.87704088416206,22.257609680125533,12.86549077968383,6
0.002663411571077179,0.00015184311505771108,0.0,0.31805224815241573,0.17752277100567138,0.10261288639618682,6
0.0023970704139694614,0.00013665880355193997,0.0,7.76339070334158,4.333183110834105,2.504695165397628,6
0.002157363372572515,0.00012299292319674598,0.0,1.7076588961066195,0.9531400608872899,0.5509403229423311,6
0.0019416270353152638,0.00011069363087707139,0.0,17.7317432308029,9.897078896246997,5.720775012025055,6
0.0017474643317837374,9.962426778936424e-05,0.0,8.169373996837487,4.559785122491211,2.635677159130562,6
0.0015727178986053637,8.966184101042782e-05,0.0,24.913308512511055,13.905512656337912,8.037756409514106,6
0.0017970073022465789,8.069565690938504e-05,0.0,33.17429563418717,18.51643219424771,10.702990621695147,6
0.001617306572021921,7.262609121844654e-05,0.0,24.792342156279563,13.837994558662391,7.998729152068672,6
0.0014555759148197288,6.536348209660189e-05,0.0,0.8718228555879225,0.4866131588413668,0.28127535698213924,6
0.001310018323337756,5.88271338869417e-05,0.0,1.3715643087389213,0.7655468499726814,0.4425064542547943,6
0.0011790164910039803,5.294442049824753e-05,0.0,6.313782776839761,3.52407574725066,2.03700957491609,6
0.0010611148419035824,4.764997844842278e-05,0.0,10.11379732136141,5.645076669973469,3.263004558526445,6
0.0009550033577132241,4.2884980603580505e-05,0.0,16.14977941246817,9.014096297341068,5.210387569343412,6
0.0008595030219419017,3.8596482543222456e-05,0.0,7.623355754897399,4.255021763980381,2.459515826657936,6
0.0007735527197477116,3.473683428890021e-05,0.0,11.64458531422475,6.499495174775495,3.7568811945848646,6
0.0006961974477729404,3.1263150860010196e-05,0.0,16.68923180288004,9.315194886418345,5.384430567545889,6
0.0006265777029956464,2.8136835774009177e-05,0.0,0.15742904195770402,0.08786996453396222,0.05079117815298396,6
0.0005639199326960818,2.532315219660826e-05,0.0,0.17007530861973744,0.09492855416432062,0.054871230823151707,6
0.0005075279394264736,2.2790836976947436e-05,0.0,0.0,0.0,0.0,6
0.00045677514548382624,2.0511753279252692e-05,0.0,4.948107649477648,2.7618159792056782,1.5964031415009392,6
0.0004110976309354436,1.8460577951327424e-05,0.0,0.0,0.0,0.0,6
0.00036998786784189926,1.661452015619468e-05,0.0,0.0,0.0,0.0,6
0.0003329890810577093,1.4953068140575213e-05,0.0,0.0,0.0,0.0,6
0.0002996901729519384,1.3457761326517691e-05,0.0,0.0,0.0,0.0,6
0.00026972115565674455,1.2111985193865922e-05,0.0,0.0,0.0,0.0,6
0.0002427490400910701,1.090078667447933e-05,0.0,0.0,0.0,0.0,6
0.00021847413608196308,9.810708007031398e-06,0.0,0.0,0.0,0.0,6
0.00019662672247376678,8.829637206328258e-06,0.0,0.0,0.0,0.0,6
0.0001769640502263901,7.946673485695432e-06,0.0,0.0,0.0,0.0,6
0.0001592676452037511,7.152006137125889e-06,0.0,0.027919992933509743,0.015583711609673047,0.009007800069677996,6
0.000143340880683376,6.4368055234133e-06,0.0,0.2755733517742903,0.15381292006730027,0.0889079615179475,6
0.00012900679261503839,5.79312497107197e-06,0.0,0.0,0.0,0.0,6
0.00011610611335353456,5.213812473964774e-06,0.0,3.49956804502963,1.953304905987791,1.1290622227209164,6
0.0001044955020181811,4.692431226568296e-06,0.0,25.509621372145304,14.238348257543466,8.230144245404865,6
0.0005972343593325687,4.223188103911467e-06,0.0,34.29679915979104,19.142964273446665,11.065142838575285,6
0.0005375109233993118,3.8008692935203203e-06,0.0,6.026876881220398,3.363937499827219,1.944445405838192,6
0.00048375983105938066,3.4207823641682884e-06,0.0,22.96848480480899,12.819997632581991,7.410299834884239,6
0.0004353838479534426,3.0787041277514598e-06,0.0,0.0,0.0,0.0,6
0.00039184546315809834,2.770833714976314e-06,0.0,8.560871570215838,4.778301842532803,2.7619856391203155,6
0.00035266091684228853,2.4937503434786826e-06,0.0,0.09000893624809339,0.05023902792970399,0.029039495251236683,6
0.0003173948251580597,2.2443753091308142e-06,0.0,6.455475959908194,3.603162647711329,2.082723908274135,6
0.0002856553426422537,2.0199377782177327e-06,0.0,9.673260857084832,5.399188598684182,3.1208747090291156,6
0.00025708980837802837,1.8179440003959595e-06,0.0,26.292611957476574,14.675379151639678,8.482759733736138,6
0.00023138082754022552,1.6361496003563635e-06,0.0,8.653213352261725,4.829842962344452,2.7917777781343904,6
0.00020824274478620298,1.4725346403207273e-06,0.0,5.551944285454492,3.0988510213286404,1.7912183660097585,6
0.0001874184703075827,1.3252811762886546e-06,0.0,3.015953741892571e-07,1.6833726804192255e-07,9.730342121168441e-08,6
0.00016867662327682442,1.1927530586597891e-06,0.0,13.413132293189566,7.486620284512462,4.327465780271774,6
0.00015180896094914198,1.0734777527938102e-06,0.0,18.445568762436242,10.295504900547462,5.951075846588212,6
0.00013662806485422778,9.661299775144293e-07,0.0,11.332547963417431,6.325329654819672,3.656208888648469,6
0.000122965258368805,8.695169797629864e-07,0.0,5.0020677058912,2.791934108518714,1.6138122218355713,6
0.0001106687325319245,7.825652817866878e-07,0.0,0.0,0.0,0.0,6
0.004365026441102312,0.0,0.0,33.679904304732744,18.798361865757208,10.865912779867303,7
0.003928523796992081,0.0,0.0,0.5506231153675736,0.3073290375375478,0.17764369791639004,7
0.0035356714172928728,0.0,0.0,0.0,0.0,0.0,7
0.0031821042755635857,0.0,0.0,1.1024769628258293,0.6153450053879348,0.35568445834910245,7
0.002863893848007227,0.0,0.0,0.4003285533933591,0.22344247013866886,0.1291552109265178,7
0.0025775044632065044,0.0,0.0,1.0491974793288967,0.5856071830433732,0.33849526994179774,7
0.002319754016885854,0.0,0.0,6.0260535013802725,3.363428034605234,1.944143640087804,7
0.0020877786151972688,0.0,0.0,20.615813272535927,11.506669215789685,6.651136145714286,7
0.0029592270723191394,0.0001687313715320504,0.0,39.87782280294669,22.257715956841245,12.865504025999659,7
0.0026633043650872257,0.00015185823437884537,0.0,0.31805848459879715,0.17752361865002037,0.10261299204646666,7
0.0023969739285785033,0.00013667241094096085,0.0,7.763542929807956,4.3332038011272775,2.5046977442330403,7
0.0021572765357206532,0.00012300516984686477,0.0,1.7076923803005064,0.953144611986745,0.5509408901907666,7
0.0019415488821485879,0.00011070465286217829,0.0,17.732090919167153,9.897126153299997,5.720780902137908,7
0.001747393993933729,9.963418757596046e-05,0.0,8.16953418392372,4.559806894774674,2.6356798728251007,7
0.0015726545945403561,8.967076881836441e-05,0.0,24.913797018766314,13.905579053055112,8.03776468519218,7
0.001796928406503637,8.070369193652797e-05,0.0,33.17494612390124,18.516520607407465,10.703001641499714,7
0.0016172355658532732,7.263332274287518e-05,0.0,24.79282829059688,13.8380606329909,7.998737387564261,7
0.001455512009267946,6.536999046858767e-05,0.0,0.871839950504008,0.4866154823455115,0.2812756465833893,7
0.0013099608083411514,5.883299142172891e-05,0.0,1.3715912027078203,0.7655505053429621,0.44250690985966373,7
0.0011789647275070362,5.294969227955602e-05,0.0,6.313906579038866,3.5240925741786966,2.037011672222181,7
0.0010610682547563326,4.765472305160042e-05,0.0,10.113995635176432,5.645103624359724,3.263007918117592,7
0.0009549614292806994,4.288925074644038e-05,0.0,16.150096081298408,9.014139338285869,5.210392933961092,7
0.0008594652863526294,3.8600325671796344e-05,0.0,7.623505235524208,4.2550420810649605,2.4595183589766774,7
0.0007735187577173666,3.474029310461671e-05,0.0,11.644813644105666,6.499526208880725,3.7568850626716475,7
0.0006961668819456299,3.126626379415504e-05,0.0,16.68955904942488,9.315239365063311,5.384436111358329,7
0.000626550193751067,2.8139637414739537e-05,0.0,0.15743212886491736,0.08787038409973658,0.050791230447606715,7
0.0005638951743759603,2.5325673673265585e-05,0.0,0.1700786434980449,0.09492900743379158,0.05487128731859877,7
0.0005075056569383643,2.2793106305939027e-05,0.0,0.0,0.0,0.0,7
0.00045675509124452787,2.0513795675345125e-05,0.0,4.948204673184365,2.761829166458752,1.596404785158423,7
0.0004110795821200751,1.8462416107810613e-05,0.0,0.0,0.0,0.0,7
0.0003699716239080676,1.6616174497029553e-05,0.0,0.0,0.0,0.0,7
0.00033297446151726086,1.4954557047326597e-05,0.0,0.0,0.0,0.0,7
0.0002996770153655348,1.3459101342593938e-05,0.0,0.0,0.0,0.0,7
0.00026970931382898133,1.2113191208334545e-05,0.0,0.0,0.0,0.0,7
0.0002427383824460832,1.090187208750109e-05,0.0,0.0,0.0,0.0,7
0.0002184645442014749,9.811684878750981e-06,0.0,0.0,0.0,0.0,7
0.0001966180897813274,8.830516390875883e-06,0.0,0.0,0.0,0.0,7
0.00017695628080319467,7.947464751788295e-06,0.0,0.0,0.0,0.0,7
0.0001592606527228752,7.1527182766094656e-06,0.0,0.027920540395569547,0.015583786019536113,0.009007809344113514,7
0.0001433345874505877,6.437446448948519e-06,0.0,0.2755787552840673,0.15381365450070145,0.08890805305762976,7
0.00012900112870552893,5.7937018040536675e-06,0.0,0.0,0.0,0.0,7
0.00011610101583497605,5.214331623648301e-06,0.0,3.499636665416996,1.953314232722925,1.1290633852039529,7
0.00010449091425147845,4.69289846128347e-06,0.0,25.51012157104917,14.238416243500263,8.230152719165552,7
0.0005972079404596842,4.223608615155123e-06,0.0,34.297471659829185,19.14305567820222,11.065154231251961,7
0.0005374871464137158,3.801247753639611e-06,0.0,6.02699505769843,3.3639535621193737,1.944447407840167,7
0.0004837384317723442,3.4211229782756502e-06,0.0,22.96893517648465,12.820058846129333,7.410307464532705,7
0.0004353645885951098,3.0790106804480854e-06,0.0,0.0,0.0,0.0,7
0.0003918281297355988,2.771109612403277e-06,0.0,8.561039433882378,4.778324658200516,2.7619884828621295,7
0.00035264531676203897,2.4939986511629493e-06,0.0,0.09001070116536099,0.05023926781345457,0.029039525150315715,7
0.0003173807850858351,2.2445987860466543e-06,0.0,6.455602540461937,3.6031798522673393,2.0827260526477267,7
0.0002856427065772516,2.0201389074419887e-06,0.0,9.673450532752963,5.399214378992134,3.120877922283298,7
0.00025707843591952644,1.8181250166977899e-06,0.0,26.29312750945161,14.675449224352809,8.48276846758986,7
0.0002313705923275738,1.6363125150280108e-06,0.0,8.653383026588543,4.8298660241132065,2.7917806525502065,7
0.00020823353309481642,1.4726812635252098e-06,0.0,5.552053149337863,3.0988658178730026,1.791220210249096,7
0.00018741017978533478,1.3254131371726888e-06,0.0,3.016012879452231e-07,1.6833807182688585e-07,9.730352139533622e-08,7
0.0001686691618068013,1.19287182345542e-06,0.0,13.41339530117281,7.48665603199061,4.3274702358327355,7
0.00015180224562612118,1.073584641109878e-06,0.0,18.445930447666356,10.295554060024298,5.951081973818922,7
0.00013662202106350907,9.662261769988903e-07,0.0,11.332770174793547,6.325359857310919,3.6562126530829935,7
0.00012295981895715818,8.696035592990014e-07,0.0,5.00216578765992,2.791947439581295,1.6138138834174527,7
0.00011066383706144236,7.826432033691012e-07,0.0,0.0,0.0,0.0,7
0.00436500435225158,0.0,0.0,33.679970343709265,18.798370841701214,10.865913898638835,8
0.003928503917026422,0.0,0.0,0.5506241950198986,0.3073291842826872,0.17764371620686553,8
0.0035356535253237794,0.0,0.0,0.0,0.0,0.0,8
0.0031820881727914014,0.0,0.0,1.1024791245436776,0.6153452992062126,0.3556844949709357,8
0.0028638793555122613,0.0,0.0,0.40032933835069445,0.22344257682919405,0.12915522422454218,8
0.002577491419961035,0.0,0.0,1.049199536577251,0.585607462662274,0.33849530479380485,8
0.0023197422779649315,0.0,0.0,6.0260653171622325,3.363429640593134,1.9441438402599023,8
0.0020877680501684382,0.0,0.0,20.615853695667667,11.506674710056645,6.651136830525761,8
0.002959215160241783,0.0001687330514644728,0.0,39.877900994695096,22.257726584576446,12.865505350652256,8
0.0026632936442176048,0.00015185974631802554,0.0,0.318059108242398,0.17752370341496276,0.10261300261166224,8
0.002396964279795844,0.00013667377168622298,0.0,7.763558152429275,4.333205870168983,2.504698002120672,8
0.00215726785181626,0.00012300639451760068,0.0,1.7076957287143257,0.9531450670994154,0.5509409469165104,8
0.001941541066634634,0.00011070575506584061,0.0,17.73212568794575,9.897130879033586,5.720781491158539,8
0.0017473869599711706,9.963517955925656e-05,0.0,8.169550202605699,4.559809072016055,2.6356801441988607,8
0.0015726482639740536,8.96716616033309e-05,0.0,24.91384586931059,13.905585692766584,8.037765512773118,8
0.0017969205167301823,8.070449544299782e-05,0.0,33.175011172764464,18.516529448776367,10.70300274349766,8
0.001617228465057164,7.263404589869803e-05,0.0,24.792876903947757,13.838067240463308,7.998738211126889,8
0.0014555056185514476,6.537064130882823e-05,0.0,0.8718416599927732,0.4866157146973171,0.2812756755439738,8
0.0013099550566963028,5.883357717794541e-05,0.0,1.371593892100237,0.7655508708821785,0.4425069554208736,8
0.0011789595510266727,5.295021946015087e-05,0.0,6.313918959238186,3.5240942568815745,2.0370118819561176,8
0.0010610635959240053,4.765519751413579e-05,0.0,10.114015466524949,5.645106319814488,3.2630082540820378,8
0.0009549572363316049,4.288967776272221e-05,0.0,16.150127748128764,9.014143642406117,5.210393470431373,8
0.0008594615126984444,3.860070998644999e-05,0.0,7.623520183562027,4.255044112785582,2.4595186122125696,8
0.0007735153614286,3.474063898780499e-05,0.0,11.644836477055781,6.4995293123098286,3.756885449486462,8
0.00069616382528574,3.126657508902449e-05,0.0,16.689591774024933,9.315243812954439,5.384436665748369,8
0.000626547442757166,2.8139917580122045e-05,0.0,0.1574324375551253,0.08787042605656518,0.05079123567715197,8
0.0005638926984814494,2.5325925822109842e-05,0.0,0.170078976985321,0.09492905276101005,0.05487129296823312,8
0.0005075034286333045,2.2793333239898858e-05,0.0,0.0,0.0,0.0,8
0.00045675308576997403,2.051399991590897e-05,0.0,4.9482143755389,2.7618304851919557,1.5964049495267796,8
0.0004110777771929766,1.8462599924318075e-05,0.0,0.0,0.0,0.0,8
0.00036996999947367894,1.6616339931886267e-05,0.0,0.0,0.0,0.0,8
0.00033297299952631107,1.4954705938697641e-05,0.0,0.0,0.0,0.0,8
0.00029967569957367997,1.3459235344827877e-05,0.0,0.0,0.0,0.0,8
0.000269708129616312,1.211331181034509e-05,0.0,0.0,0.0,0.0,8
0.0002427373166546808,1.0901980629310582e-05,0.0,0.0,0.0,0.0,8
0.00021846358498921274,9.811782566379524e-06,0.0,0.0,0.0,0.0,8
0.00019661722649029148,8.830604309741572e-06,0.0,0.0,0.0,0.0,8
0.00017695550384126235,7.947543878767415e-06,0.0,0.0,0.0,0.0,8
0.0001592599534571361,7.152789490890674e-06,0.0,0.027920595141684473,0.015583793460566972,0.00900781027157178,8
0.0001433339581114225,6.437510541801606e-06,0.0,0.2755792956341463,0.15381372794448125,0.08890806221174322,8
0.00012900056230028025,5.793759487621446e-06,0.0,0.0,0.0,0.0,8
0.00011610050607025222,5.214383538859301e-06,0.0,3.4996435274443196,1.953315165402022,1.1290635014541013,8
0.000104490455463227,4.692945184973371e-06,0.0,25.51017159085636,14.238423042136645,8.230153566555066,8
0.0005972052985057062,4.2236506664760345e-06,0.0,34.29753890972115,19.143064818732498,11.065155370537708,8
0.0005374847686551356,3.801285599828431e-06,0.0,6.027006875326578,3.363955168358206,1.9444476080435416,8
0.00048373629178962205,3.421157039845588e-06,0.0,22.968980213577307,12.820064967520715,7.410308227509658,8
0.0004353626626106599,3.079041335861029e-06,0.0,0.0,0.0,0.0,8
0.0003918263963495939,2.7711372022749262e-06,0.0,8.561056220221111,4.778326939780946,2.761988767240823,8
0.0003526437567146345,2.494023482047434e-06,0.0,0.09001087765679419,0.05023929180197326,0.02903952814027105,8
0.00031737938104317104,2.2446211338426906e-06,0.0,6.4556151984962575,3.6031815727332406,2.0827262670884887,8
0.00028564144293885394,2.0201590204584216e-06,0.0,9.673469500288228,5.399216957038362,3.1208782436138143,8
0.00025707729864496854,1.8181431184125795e-06,0.0,26.29317906456337,14.675456231666073,8.482769340989089,8
0.00023136956878047168,1.6363288065713216e-06,0.0,8.653399993993004,4.829868330303888,2.7917809399963485,8
0.00020823261190242452,1.4726959259141896e-06,0.0,5.552064035708093,3.098867297536297,1.791220394675956,8
0.00018740935071218207,1.3254263333227706e-06,0.0,3.016018793198361e-07,1.6833815220586342e-07,9.730353141386035e-08,8
0.00016866841564096386,1.1928836999904935e-06,0.0,13.413421601927391,7.486659606759825,4.3274706813959005,8
0.00015180157407686747,1.0735953299914443e-06,0.0,18.44596661612921,10.295558976001411,5.9510825865517125,8
0.00013662141666918073,9.662357969923e-07,0.0,11.332792395894199,6.325362877578124,3.6562130295324193,8
0.00012295927500226267,8.6961221729307e-07,0.0,5.0021755958204785,2.7919487726955343,1.6138140495782771,8
0.0001106633475020364,7.826509955637629e-07,0.0,0.0,0.0,0.0,8
0.004365001897928586,0.0,0.0,33.679977681372094,15.503459963497871,10.938859362080537,9
0.003928501708135727,0.0,0.0,0.550624314981248,0.2534616294286227,0.17883628070968563,9
0.0035356515373221546,0.0,0.0,0.0,0.0,0.0,9
0.003182086383589939,0.0,0.0,1.1024793647345092,0.5074897867642443,0.35807228955192655,9
0.0028638777452309454,0.0,0.0,0.40032942556816153,0.18427836503403663,0.13002227395223753,9
0.002577489970707851,0.0,0.0,1.0491997651603633,0.482964291329435,0.3407677042542975,9
0.0023197409736370658,0.0,0.0,6.0260666300266745,2.7738997816397317,1.9571953400921305,9
0.0020877668762733594,0.0,0.0,20.615858187125998,9.489826122837167,6.695787493419168,9
0.0029592138366742633,0.00020424945954656163,0.0,39.87790968266569,18.356472264978198,12.951874546926913,9
0.002663292453006837,0.00018382451359190546,0.0,0.31805917753611984,0.1464079867155485,0.10330186809508837,9
0.0023969632077061537,0.00016544206223271493,0.0,7.76355984383136,3.5736971191530738,2.5215126353167894,9
0.0021572668869355386,0.00014889785600944344,0.0,1.7076961007602434,0.7860812254219786,0.5546395444828751,9
0.0019415401982419847,0.0001340080704084991,0.0,17.732129551142723,8.162397349679571,5.759186457460872,9
0.0017473861784177863,0.00012060726336764919,0.0,8.169551982458954,3.7605821262114083,2.6533740916565858,9
0.0015726475605760076,0.00010854653703088427,0.0,24.913851297147932,11.468264610386074,8.091724943690236,9
0.0017969196400864555,9.769188332779585e-05,0.0,33.17501840041472,15.27101871696316,10.774854545621736,9
0.00161722767607781,8.792269499501627e-05,0.0,24.792882305430282,11.41258054973551,8.052435642489067,9
0.001455504908470029,7.913042549551465e-05,0.0,0.8718418499359375,0.4013234611630857,0.2831639460289814,9
0.0013099544176230261,7.121738294596318e-05,0.0,1.3715941909215668,0.631367865688338,0.44547760982145723,9
0.0011789589758607235,6.409564465136686e-05,0.0,6.313920334815657,2.9064036814273138,2.05068682703222,9
0.0010610630782746512,5.768608018623018e-05,0.0,10.114017670007748,4.6556523730655615,3.284913604292657,9
0.000954956770447186,5.191747216760716e-05,0.0,16.15013126666488,7.434176942357573,5.245372080602566,9
0.0008594610934024675,4.672572495084645e-05,0.0,7.62352184445484,3.509235273683888,2.4760299454225465,9
0.0007735149840622207,4.2053152455761806e-05,0.0,11.644839014049813,5.360315174304605,3.782106314732276,9
0.0006961634856559987,3.7847837210185624e-05,0.0,16.689595410090995,7.68250135719159,5.420583669269601,9
0.0006265471370903988,3.4063053489167064e-05,0.0,0.1574324718540315,0.0724688135910917,0.05113220931819203,9
0.0005638924233813589,3.065674814025036e-05,0.0,0.17007901403945658,0.07829022957608105,0.05523965700392778,9
0.000507503181043223,2.7591073326225324e-05,0.0,0.0,0.0,0.0,9
0.0004567528629389007,2.4831965993602793e-05,0.0,4.948215453578111,2.277746763999174,1.607121995508383,9
0.00041107757664501064,2.2348769394242514e-05,0.0,0.0,0.0,0.0,9
0.0003699698189805096,2.0113892454818263e-05,0.0,0.0,0.0,0.0,9
0.00033297283708245864,1.8102503209336437e-05,0.0,0.0,0.0,0.0,9
0.0002996755533742128,1.6292252888402794e-05,0.0,0.0,0.0,0.0,9
0.0002697079980367915,1.4663027599562514e-05,0.0,0.0,0.0,0.0,9
0.00024273719823311236,1.3196724839606263e-05,0.0,0.0,0.0,0.0,9
0.00021846347840980113,1.1877052355645637e-05,0.0,0.0,0.0,0.0,9
0.000196617130568821,1.0689347120081074e-05,0.0,0.0,0.0,0.0,9
0.0001769554175119389,9.620412408072967e-06,0.0,0.0,0.0,0.0,9
0.000159259875760745,8.65837116726567e-06,0.0,0.02792060122458511,0.01285232215226665,0.009068281843589028,9
0.00014333388818467052,7.792534050539103e-06,0.0,0.2755793556730339,0.12685381052988168,0.08950492317182797,9
0.00012900049936620346,7.0132806454851934e-06,0.0,0.0,0.0,0.0,9
0.00011610044942958312,6.311952580936674e-06,0.0,3.499644289891672,1.6109451035897808,1.1366431731813913,9
0.00010449040448662482,5.680757322843007e-06,0.0,25.51017714861178,11.742763425404052,8.285404544218709,9
0.0005972050049545156,5.112681590558706e-06,0.0,34.29754638193011,15.787737219094337,11.139438389351193,9
0.000537484504459064,4.601413431502836e-06,0.0,6.027008188396152,2.774333196786933,1.9575011471411234,9
0.0004837360540131576,4.141272088352552e-06,0.0,22.968985217697874,10.573010056408275,7.460055388488846,9
0.00043536244861184186,3.727144879517297e-06,0.0,0.0,0.0,0.0,9
0.0003918262037506577,3.3544303915655675e-06,0.0,8.561058085369547,3.9407989674861135,2.780530654515707,9
0.00035264358337559195,3.0189873524090107e-06,0.0,0.09001089726695015,0.04143352929917473,0.029234477397009215,9
0.00031737922503803276,2.7170886171681097e-06,0.0,6.45561660494428,2.971628856802982,2.0967081037008706,9
0.0002856413025342295,2.4453797554512986e-06,0.0,9.673471607791793,4.45286161404973,3.1418294412718466,9
0.00025707717228080657,2.2008417799061688e-06,0.0,26.293184792908157,12.103195008206905,8.539716188407512,9
0.00023136945505272593,1.980757601915552e-06,0.0,8.65340187925985,3.983306368322298,2.8105228292102193,9
0.00020823250954745334,1.7826818417239967e-06,0.0,5.552065245304583,2.5557089752145257,1.803245283059457,9
0.00018740925859270802,1.604413657551597e-06,0.0,3.016019450281154e-07,1.388324459087344e-07,9.795675315477507e-08,9
0.00016866833273343723,1.4439722917964374e-06,0.0,13.413424524232965,6.1744248185729305,4.356522020963789,9
0.0001518014994600935,1.2995750626167937e-06,0.0,18.44597063484663,8.490990401795056,5.991033618862972,9
0.00013662134951408414,1.1696175563551143e-06,0.0,11.332794864904969,5.216676006283822,3.680758056887573,9
0.00012295921456267575,1.0526558007196028e-06,0.0,5.002176685615914,2.3025860263167908,1.6246479669876508,9
0.00011066329310640817,9.473902206476426e-07,0.0,0.0,0.0,0.0,9
0.004365001897928586,0.0,0.0,33.679977681372094,18.237929898437468,10.838190537571831,10
0.003928501708135727,0.0,0.0,0.550624314981248,0.29816669571480664,0.17719047491196588,10
0.0035356515373221546,0.0,0.0,0.0,0.0,0.0,10
0.003182086383589939,0.0,0.0,1.1024793647345092,0.5969998424204036,0.3547769993132304,10
0.0028638777452309454,0.0,0.0,0.40032942556816153,0.21678102250738865,0.1288256967730762,10
0.002577489970707851,0.0,0.0,1.0491997651603633,0.5681485880863627,0.3376316657440366,10
0.0023197409736370658,0.0,0.0,6.0260666300266745,3.2631547978289057,1.9391835394373023,10
0.0020877668762733594,0.0,0.0,20.615858187125998,11.163623086985803,6.634167078181064,10
0.0029592138366742633,0.000177729028660761,0.0,39.87790968266569,21.5941509275682,12.832680219377261,10
0.002663292453006837,0.00015995612579468492,0.0,0.31805917753611984,0.17223114095668587,0.10235119515136858,10
0.0023969632077061537,0.00014396051321521642,0.0,7.76355984383136,4.204018824882789,2.4983074998836456,10
0.0021572668869355386,0.00012956446189369477,0.0,1.7076961007602434,0.9247286939482174,0.5495352727191584,10
0.0019415401982419847,0.0001166080157043253,0.0,17.732129551142723,9.602065024010358,5.706185453278588,10
0.0017473861784177863,0.00010494721413389277,0.0,8.169551982458954,4.4238662438346745,2.628955453300664,10
0.0015726475605760076,9.44524927205035e-05,0.0,24.913851297147932,13.491014684038484,8.017257907286714,10
0.0017969196400864555,8.500724344845315e-05,0.0,33.17501840041472,17.9644911196238,10.675695034976586,10
0.00161722767607781,7.650651910360784e-05,0.0,24.792882305430282,13.42550917771948,7.978330180143384,10
0.001455504908470029,6.885586719324705e-05,0.0,0.8718418499359375,0.47210810803031067,0.280558027016182,10
0.0013099544176230261,6.197028047392234e-05,0.0,1.3715941909215668,0.7427272945304545,0.4413779403914678,10
0.0011789589758607235,5.5773252426530114e-05,0.0,6.313920334815657,3.419029476209426,2.0318146370277987,10
0.0010610630782746512,5.01959271838771e-05,0.0,10.114017670007748,5.476807229571908,3.2546829942984252,10
0.000954956770447186,4.517633446548939e-05,0.0,16.15013126666488,8.745402526050535,5.19709963975782,10
0.0008594610934024675,4.0658701018940457e-05,0.0,7.62352184445484,4.128187325233103,2.45324338095513,10
0.0007735149840622207,3.659283091704641e-05,0.0,11.644839014049813,6.305757076979692,3.747300108320035,10
0.0006961634856559987,3.293354782534177e-05,0.0,16.689595410090995,9.0375259153118,5.37069878017156,10
0.0006265471370903988,2.9640193042807594e-05,0.0,0.1574324718540315,0.08525072114283493,0.050661646598971134,10
0.0005638924233813589,2.6676173738526834e-05,0.0,0.17007901403945658,0.09209890708931735,0.054731294006216485,10
0.000507503181043223,2.400855636467415e-05,0.0,0.0,0.0,0.0,10
0.0004567528629389007,2.1607700728206737e-05,0.0,4.948215453578111,2.6794912816891756,1.5923318718972552,10
0.00041107757664501064,1.9446930655386065e-05,0.0,0.0,0.0,0.0,10
0.0003699698189805096,1.750223758984746e-05,0.0,0.0,0.0,0.0,10
0.00033297283708245864,1.5752013830862715e-05,0.0,0.0,0.0,0.0,10
0.0002996755533742128,1.4176812447776445e-05,0.0,0.0,0.0,0.0,10
0.0002697079980367915,1.27591312029988e-05,0.0,0.0,0.0,0.0,10
0.00024273719823311236,1.1483218082698921e-05,0.0,0.0,0.0,0.0,10
0.00021846347840980113,1.033489627442903e-05,0.0,0.0,0.0,0.0,10
0.000196617130568821,9.301406646986127e-06,0.0,0.0,0.0,0.0,10
0.0001769554175119389,8.371265982287514e-06,0.0,0.0,0.0,0.0,10
0.000159259875760745,7.534139384058762e-06,0.0,0.02792060122458511,0.015119189587166784,0.008984827687786249,10
0.00014333388818467052,6.780725445652886e-06,0.0,0.2755793556730339,0.14922803743427543,0.08868122162258923,10
0.00012900049936620346,6.102652901087598e-06,0.0,0.0,0.0,0.0,10
0.00011610044942958312,5.492387610978838e-06,0.0,3.499644289891672,1.8950804490530488,1.126182801734742,10
0.00010449040448662482,4.943148849880954e-06,0.0,25.51017714861178,13.813929062976419,8.209155100978135,10
0.0005972050049545156,4.448833964892859e-06,0.0,34.29754638193011,18.572347420171035,11.036923663526082,10
0.000537484504459064,4.003950568403573e-06,0.0,6.027008188396152,3.263664657891768,1.9394865321859076,10
0.0004837360540131576,3.6035555115632153e-06,0.0,22.968985217697874,12.437856883447745,7.391401520487549,10
0.00043536244861184186,3.243199960406894e-06,0.0,0.0,0.0,0.0,10
0.0003918262037506577,2.9188799643662044e-06,0.0,8.561058085369547,4.635869378968669,2.754941811727323,10
0.00035264358337559195,2.626991967929584e-06,0.0,0.09001089726695015,0.0487414941298505,0.02896543650551689,10
0.00031737922503803276,2.3642927711366257e-06,0.0,6.45561660494428,3.495758940401001,2.077412386190402,10
0.0002856413025342295,2.127863494022963e-06,0.0,9.673471607791793,5.238248633252791,3.1129156152329007,10
0.00025707717228080657,1.9150771446206666e-06,0.0,26.293184792908157,14.237932863148657,8.461126349936325,10
0.00023136945505272593,1.7235694301586e-06,0.0,8.65340187925985,4.685874151996134,2.7846579725458898,10
0.00020823250954745334,1.55121248714274e-06,0.0,5.552065245304583,3.0064799238694397,1.7866502636942991,10
0.00018740925859270802,1.3960912384284662e-06,0.0,3.016019450281154e-07,1.633194410843526e-07,9.705527057177702e-08,10
0.00016866833273343723,1.2564821145856196e-06,0.0,13.413424524232965,7.2634577874511415,4.316429545479827,10
0.0001518014994600935,1.1308339031270576e-06,0.0,18.44597063484663,9.98861467574653,5.935898957008394,10
0.00013662134951408414,1.017750512814352e-06,0.0,11.332794864904969,6.1367831135417985,3.6468845446114857,10
0.00012295921456267575,9.159754615329167e-07,0.0,5.002176685615914,2.708711644494911,1.6096965542613795,10
0.00011066329310640817,8.243779153796251e-07,0.0,0.0,0.0,0.0,10
0.004365001897928586,0.0,0.0,33.679977681372094,18.74236044203843,10.86280796435681,11
0.003928501708135727,0.0,0.0,0.550624314981248,0.3064134862903098,0.17759293817629215,11
0.0035356515373221546,0.0,0.0,0.0,0.0,0.0,11
0.003182086383589939,0.0,0.0,1.1024793647345092,0.6135118564877245,0.35558282541264347,11
0.0028638777452309454,0.0,0.0,0.40032942556816153,0.2227768219009998,0.12911830624025075,11
0.002577489970707851,0.0,0.0,1.0491997651603633,0.5838626248619441,0.3383985486275707,11
0.0023197409736370658,0.0,0.0,6.0260666300266745,3.353408185010964,1.9435881223461604,11
0.0020877668762733594,0.0,0.0,20.615858187125998,11.472390172597143,6.64923565644238,11
0.0029592138366742633,0.00016968709993640045,0.0,39.87790968266569,22.191408914173778,12.861827849201672,11
0.002663292453006837,0.0001527183899427604,0.0,0.31805917753611984,0.17699476536699998,0.10258367150840064,11
0.0023969632077061537,0.00013744655094848437,0.0,7.76355984383136,4.32029493258545,2.503982054298567,11
0.0021572668869355386,0.00012370189585363594,0.0,1.7076961007602434,0.9503051382250248,0.5507834648684873,11
0.0019415401982419847,0.00011133170626827235,0.0,17.732129551142723,9.86764203339278,5.719146251682218,11
0.0017473861784177863,0.00010019853564144512,0.0,8.169551982458954,4.546222962312173,2.634926756182658,11
0.0015726475605760076,9.017868207730061e-05,0.0,24.913851297147932,13.864153516608571,8.035467982009495,11
0.0017969196400864555,8.116081386957055e-05,0.0,33.17501840041472,18.461358805345238,10.699943376061865,11
0.00161722767607781,7.304473248261349e-05,0.0,24.792882305430282,13.796836237881989,7.996451836004223,11
0.001455504908470029,6.574025923435214e-05,0.0,0.8718418499359375,0.4851658262526267,0.28119527514953657,11
0.0013099544176230261,5.916623331091693e-05,0.0,1.3715941909215668,0.7632698854392707,0.4423804683590676,11
0.0011789589758607235,5.3249609979825234e-05,0.0,6.313920334815657,3.5135940954878335,2.0364296184579826,11
0.0010610630782746512,4.792464898184271e-05,0.0,10.114017670007748,5.628286529218043,3.262075549360335,11
0.000954956770447186,4.313218408365844e-05,0.0,16.15013126666488,8.98728568794397,5.208904121274587,11
0.0008594610934024675,3.88189656752926e-05,0.0,7.62352184445484,4.242366060876359,2.458815578556478,11
0.0007735149840622207,3.493706910776334e-05,0.0,11.644839014049813,6.4801637386934745,3.7558115739321334,11
0.0006961634856559987,3.144336219698701e-05,0.0,16.689595410090995,9.287488720062962,5.3828975677410105,11
0.0006265471370903988,2.829902597728831e-05,0.0,0.1574324718540315,0.0876086130663113,0.05077671741006577,11
0.0005638924233813589,2.546912337955948e-05,0.0,0.17007901403945658,0.0946462083470165,0.054855608449515335,11
0.000507503181043223,2.2922211041603533e-05,0.0,0.0,0.0,0.0,11
0.0004567528629389007,2.062998993744318e-05,0.0,4.948215453578111,2.7536015152147635,1.5959486299841268,11
0.00041107757664501064,1.8566990943698864e-05,0.0,0.0,0.0,0.0,11
0.0003699698189805096,1.671029184932898e-05,0.0,0.0,0.0,0.0,11
0.00033297283708245864,1.5039262664396082e-05,0.0,0.0,0.0,0.0,11
0.0002996755533742128,1.3535336397956474e-05,0.0,0.0,0.0,0.0,11
0.0002697079980367915,1.2181802758160827e-05,0.0,0.0,0.0,0.0,11
0.00024273719823311236,1.0963622482344744e-05,0.0,0.0,0.0,0.0,11
0.00021846347840980113,9.867260234110271e-06,0.0,0.0,0.0,0.0,11
0.000196617130568821,8.880534210699244e-06,0.0,0.0,0.0,0.0,11
0.0001769554175119389,7.99248078962932e-06,0.0,0.0,0.0,0.0,11
0.000159259875760745,7.193232710666388e-06,0.0,0.02792060122458511,0.015537361006002752,0.009005235461299083,11
0.00014333388818467052,6.473909439599749e-06,0.0,0.2755793556730339,0.15335543459298068,0.08888264855570402,11
0.00012900049936620346,5.826518495639775e-06,0.0,0.0,0.0,0.0,11
0.00011610044942958312,5.243866646075798e-06,0.0,3.499644289891672,1.947495194937409,1.1287407677136665,11
0.00010449040448662482,4.719479981468218e-06,0.0,25.51017714861178,14.195999165521295,8.227801043210306,11
0.0005972050049545156,4.2475319833213966e-06,0.0,34.29754638193011,19.086027391377932,11.06199248467998,11
0.000537484504459064,3.822778784989257e-06,0.0,6.027008188396152,3.3539321469477836,1.9438918033002164,11
0.0004837360540131576,3.4405009064903313e-06,0.0,22.968985217697874,12.781867138114093,7.408190050375281,11
0.00043536244861184186,3.0964508158412984e-06,0.0,0.0,0.0,0.0,11
0.0003918262037506577,2.7868057342571685e-06,0.0,8.561058085369547,4.7640897484907905,2.7611992749184315,11
0.00035264358337559195,2.5081251608314517e-06,0.0,0.09001089726695015,0.05008960208490684,0.02903122742421293,11
0.00031737922503803276,2.2573126447483067e-06,0.0,6.45561660494428,3.5924457679315456,2.08213093650025,11
0.0002856413025342295,2.031581380273476e-06,0.0,9.673471607791793,5.383129802349459,3.1199861656149186,11
0.00025707717228080657,1.8284232422461285e-06,0.0,26.293184792908157,14.631730199464078,8.480344609452612,11
0.00023136945505272593,1.6455809180215157e-06,0.0,8.65340187925985,4.815477569648245,2.7909829318204764,11
0.00020823250954745334,1.481022826219364e-06,0.0,5.552065245304583,3.0896341146557944,1.7907083887018256,11
0.00018740925859270802,1.3329205435974276e-06,0.0,3.016019450281154e-07,1.6783658282716864e-07,9.72757179803287e-08,11
0.00016866833273343723,1.1996284892376849e-06,0.0,13.413424524232965,7.464352844102308,4.32623370863234,11
0.0001518014994600935,1.0796656403139164e-06,0.0,18.44597063484663,10.264882999989789,5.9493815173555875,11
0.00013662134951408414,9.716990762825249e-07,0.0,11.332794864904969,6.306516238910939,3.655167930381372,11
0.00012295921456267575,8.745291686542724e-07,0.0,5.002176685615914,2.7836300642333196,1.613352753784094,11
0.00011066329310640817,7.870762517888452e-07,0.0,0.0,0.0,0.0,11
0.004365001897928586,0.0,0.0,33.679977681372094,18.792771041557003,10.865600116311922,12
0.003928501708135727,0.0,0.0,0.550624314981248,0.3072376347529455,0.17763858626941595,12
0.0035356515373221546,0.0,0.0,0.0,0.0,0.0,12
0.003182086383589939,0.0,0.0,1.1024793647345092,0.6151619955186617,0.3556742236297932,12
0.0028638777452309454,0.0,0.0,0.40032942556816153,0.22337601607323876,0.12915149452199082,12
0.002577489970707851,0.0,0.0,1.0491997651603633,0.5854330175052187,0.33848552983650476,12
0.0023197409736370658,0.0,0.0,6.0260666300266745,3.362427716865539,1.9440876979065083,12
0.0020877668762733594,0.0,0.0,20.615858187125998,11.50324701521844,6.650944761159968,12
0.0029592138366742633,0.00016882916689684843,0.0,39.87790968266569,22.25109628551555,12.865133824773858,12
0.002663292453006837,0.00015194625020716358,0.0,0.31805917753611984,0.17747082131851113,0.1026100393867526,12
0.0023969632077061537,0.00013675162518644721,0.0,7.76355984383136,4.3319150622015785,2.504625672266539,12
0.0021572668869355386,0.0001230764626678025,0.0,1.7076961007602434,0.952861137075418,0.5509250370230647,12
0.0019415401982419847,0.00011076881640102225,0.0,17.732129551142723,9.894182647221884,5.720616288291593,12
0.0017473861784177863,9.969193476092003e-05,0.0,8.169551982458954,4.558450761781936,2.6356040318850362,12
0.0015726475605760076,8.972274128482803e-05,0.0,24.913851297147932,13.901443392275576,8.037533400795303,12
0.0017969196400864555,8.075046715634522e-05,0.0,33.17501840041472,18.511013605666843,10.702693665666093,12
0.00161722767607781,7.267542044071071e-05,0.0,24.792882305430282,13.833945052876881,7.998507226166797,12
0.001455504908470029,6.540787839663964e-05,0.0,0.8718418499359375,0.4864707579469539,0.2812675529565137,12
0.0013099544176230261,5.886709055697567e-05,0.0,1.3715941909215668,0.7653228228287984,0.4424941768489613,12
0.0011789589758607235,5.298038150127811e-05,0.0,6.313920334815657,3.523044473169248,2.036953057789625,12
0.0010610630782746512,4.76823433511503e-05,0.0,10.114017670007748,5.643424713070479,3.262914025991125,12
0.000954956770447186,4.291410901603527e-05,0.0,16.15013126666488,9.011458441476005,5.2102430063836636,12
0.0008594610934024675,3.8622698114431746e-05,0.0,7.62352184445484,4.253776588230552,2.4594475870341617,12
0.0007735149840622207,3.4760428302988574e-05,0.0,11.644839014049813,6.497593183616183,3.756776959370558,12
0.0006961634856559987,3.128438547268972e-05,0.0,16.689595410090995,9.312468918040066,5.384281175737879,12
0.0006265471370903988,2.8155946925420746e-05,0.0,0.1574324718540315,0.08784425055291932,0.05078976894437036,12
0.0005638924233813589,2.5340352232878672e-05,0.0,0.17007901403945658,0.09490077458053271,0.05486970841288428,12
0.000507503181043223,2.2806317009590807e-05,0.0,0.0,0.0,0.0,12
0.0004567528629389007,2.0525685308631726e-05,0.0,4.948215453578111,2.7610077703471685,1.5963588490639533,12
0.00041107757664501064,1.8473116777768554e-05,0.0,0.0,0.0,0.0,12
0.0003699698189805096,1.66258050999917e-05,0.0,0.0,0.0,0.0,12
0.00033297283708245864,1.496322458999253e-05,0.0,0.0,0.0,0.0,12
0.0002996755533742128,1.3466902130993278e-05,0.0,0.0,0.0,0.0,12
0.0002697079980367915,1.212021191789395e-05,0.0,0.0,0.0,0.0,12
0.00024273719823311236,1.0908190726104555e-05,0.0,0.0,0.0,0.0,12
0.00021846347840980113,9.8173716534941e-06,0.0,0.0,0.0,0.0,12
0.000196617130568821,8.835634488144691e-06,0.0,0.0,0.0,0.0,12
0.0001769554175119389,7.952071039330222e-06,0.0,0.0,0.0,0.0,12
0.000159259875760745,7.1568639353972e-06,0.0,0.02792060122458511,0.015579151242919352,0.009007550146956976,12
0.00014333388818467052,6.44117754185748e-06,0.0,0.2755793556730339,0.15376790875391527,0.08890549475364425,12
0.00012900049936620346,5.7970597876717326e-06,0.0,0.0,0.0,0.0,12
0.00011610044942958312,5.2173538089045596e-06,0.0,3.499644289891672,1.9527332971839189,1.129030896725588,12
0.00010449040448662482,4.695618428014104e-06,0.0,25.51017714861178,14.234181593551757,8.22991589885762,12
0.0005972050049545156,4.226056585212694e-06,0.0,34.29754638193011,19.137362338552954,11.064835834580382,12
0.000537484504459064,3.8034509266914247e-06,0.0,6.027008188396152,3.3629530880824463,1.94439145691804,12
0.0004837360540131576,3.423105834022282e-06,0.0,22.968985217697874,12.816246030110742,7.410094235039219,12
0.00043536244861184186,3.080795250620054e-06,0.0,0.0,0.0,0.0,12
0.0003918262037506577,2.772715725558049e-06,0.0,8.561058085369547,4.776903535800261,2.7619090074276706,12
0.00035264358337559195,2.495444153002244e-06,0.0,0.09001089726695015,0.05022432614373368,0.0290386895462239,12
0.00031737922503803276,2.24589973770202e-06,0.0,6.45561660494428,3.602108229896219,2.0826661227968533,12
0.0002856413025342295,2.021309763931818e-06,0.0,9.673471607791793,5.397608597667794,3.1207881199071097,12
0.00025707717228080657,1.8191787875386362e-06,0.0,26.293184792908157,14.67108459634648,8.482524378335485,12
0.00023136945505272593,1.6372609087847727e-06,0.0,8.65340187925985,4.828429572785999,2.7917003198545225,12
0.00020823250954745334,1.4735348179062955e-06,0.0,5.552065245304583,3.0979441836300037,1.791168668396078,12
0.00018740925859270802,1.3261813361156661e-06,0.0,3.016019450281154e-07,1.682880063705175e-07,9.73007215141328e-08,12
0.00016866833273343723,1.1935632025040996e-06,0.0,13.413424524232965,7.484429424266959,4.327345714105277,12
0.0001518014994600935,1.0742068822536898e-06,0.0,18.44597063484663,10.292492057430435,5.95091073312465,12
0.00013662134951408414,9.667861940283209e-07,0.0,11.332794864904969,6.323478630892477,3.656107446601909,12
0.00012295921456267575,8.701075746254888e-07,0.0,5.002176685615914,2.791117085988658,1.613767446381123,12
0.00011066329310640817,7.8309681716294e-07,0.0,0.0,0.0,0.0,12
0.004365001897928586,0.0,0.0,33.679977681372094,18.79781176271826,10.8658825993143,13
0.003928501708135727,0.0,0.0,0.550624314981248,0.30732004406041863,0.17764320450316748,13
0.0035356515373221546,0.0,0.0,0.0,0.0,0.0,13
0.003182086383589939,0.0,0.0,1.1024793647345092,0.6153269983317943,0.3556834704197987,13
0.0028638777452309454,0.0,0.0,0.40032942556816153,0.223435931463505,0.12915485219221096,13
0.002577489970707851,0.0,0.0,1.0491997651603633,0.5855900462155305,0.3384943297562245,13
0.0023197409736370658,0.0,0.0,6.0260666300266745,3.36332960943413,1.9441382401429153,13
0.0020877668762733594,0.0,0.0,20.615858187125998,11.506332492103388,6.651117671889673,13
0.0029592138366742633,0.00016874283642670756,0.0,39.87790968266569,22.257064621513454,12.865468291493588,13
0.002663292453006837,0.00015186855278403682,0.0,0.31805917753611984,0.17751842371427004,0.10261270703434591,13
0.0023969632077061537,0.00013668169750563315,0.0,7.76355984383136,4.33307699706869,2.5046907873243507,13
0.0021572668869355386,0.00012301352775506984,0.0,1.7076961007602434,0.9531167197825545,0.5509393599280934,13
0.0019415401982419847,0.00011071217497956286,0.0,17.732129551142723,9.896836530235355,5.720765012416102,13
0.0017473861784177863,9.964095748160658e-05,0.0,8.169551982458954,4.559673459550491,2.6356725521077604,13
0.0015726475605760076,8.967686173344593e-05,0.0,24.913851297147932,13.905172129231108,8.03774235994551,13
0.0017969196400864555,8.070917556010133e-05,0.0,33.17501840041472,18.51597875198785,10.702971913439601,13
0.00161722767607781,7.26382580040912e-05,0.0,24.792882305430282,13.837655684982044,7.998715170717637,13
0.001455504908470029,6.537443220368208e-05,0.0,0.8718418499359375,0.4866012423464336,0.28127486532784896,13
0.0013099544176230261,5.8836988983313874e-05,0.0,1.3715941909215668,0.7655281027707345,0.4425056807771635,13
0.0011789589758607235,5.295329008498249e-05,0.0,6.313920334815657,3.523989447424971,2.037006014332228,13
0.0010610630782746512,4.765796107648424e-05,0.0,10.114017670007748,5.644938429717707,3.2629988549688798,13
0.000954956770447186,4.2892164968835815e-05,0.0,16.15013126666488,9.013875554373264,5.210378461864428,13
0.0008594610934024675,3.860294847195224e-05,0.0,7.62352184445484,4.254917564280127,2.4595115275557284,13
0.0007735149840622207,3.4742653624757014e-05,0.0,11.644839014049813,6.499336010971739,3.7568746277573366,13
0.0006961634856559987,3.1268388262281314e-05,0.0,16.689595410090995,9.314966769955301,5.384421155849045,13
0.0006265471370903988,2.8141549436053184e-05,0.0,0.1574324718540315,0.08786781271794959,0.050791089372719256,13
0.0005638924233813589,2.5327394492447867e-05,0.0,0.17007901403945658,0.09492622949304085,0.054871134911173014,13
0.000507503181043223,2.2794655043203082e-05,0.0,0.0,0.0,0.0,13
0.0004567528629389007,2.0515189538882774e-05,0.0,4.948215453578111,2.7617483460857657,1.5964003510735734,13
0.00041107757664501064,1.8463670584994498e-05,0.0,0.0,0.0,0.0,13
0.0003699698189805096,1.661730352649505e-05,0.0,0.0,0.0,0.0,13
0.00033297283708245864,1.4955573173845544e-05,0.0,0.0,0.0,0.0,13
0.0002996755533742128,1.346001585646099e-05,0.0,0.0,0.0,0.0,13
0.0002697079980367915,1.2114014270814891e-05,0.0,0.0,0.0,0.0,13
0.00024273719823311236,1.0902612843733402e-05,0.0,0.0,0.0,0.0,13
0.00021846347840980113,9.812351559360062e-06,0.0,0.0,0.0,0.0,13
0.000196617130568821,8.831116403424056e-06,0.0,0.0,0.0,0.0,13
0.0001769554175119389,7.94800476308165e-06,0.0,0.0,0.0,0.0,13
0.000159259875760745,7.153204286773485e-06,0.0,0.02792060122458511,0.015583329985754617,0.009007784324524927,13
0.00014333388818467052,6.437883858096137e-06,0.0,0.2755793556730339,0.1538091533979257,0.0889078061115828,13
0.00012900049936620346,5.794095472286523e-06,0.0,0.0,0.0,0.0,13
0.00011610044942958312,5.214685925057871e-06,0.0,3.499644289891672,1.9532570722052633,1.1290602491804975,13
0.00010449040448662482,4.693217332552084e-06,0.0,25.51017714861178,14.237999579745127,8.230129859552616,13
0.0005972050049545156,4.223895599296876e-06,0.0,34.29754638193011,19.14249548826767,11.065123497297021,13
0.000537484504459064,3.8015060393671883e-06,0.0,6.027008188396152,3.363855121569575,1.9444420070515498,13
0.0004837360540131576,3.4213554354304695e-06,0.0,22.968985217697874,12.81968368826286,7.410286882076199,13
0.00043536244861184186,3.079219891887423e-06,0.0,0.0,0.0,0.0,13
0.0003918262037506577,2.7712979026986805e-06,0.0,8.561058085369547,4.7781848284145845,2.7619808113170423,13
0.00035264358337559195,2.4941681124288127e-06,0.0,0.09001089726695015,0.05023779764418686,0.0290394444917511,13
0.00031737922503803276,2.2447513011859313e-06,0.0,6.45561660494428,3.6030744111549295,2.0827202677840617,13
0.0002856413025342295,2.0202761710673383e-06,0.0,9.673471607791793,5.399056379893114,3.120869253906931,13
0.00025707717228080657,1.8182485539606045e-06,0.0,26.293184792908157,14.675019771548685,8.482744906325516,13
0.00023136945505272593,1.636423698564544e-06,0.0,8.65340187925985,4.829724686054254,2.7917728982560517,13
0.00020823250954745334,1.4727813287080896e-06,0.0,5.552065245304583,3.0987751346785903,1.7912152350557926,13
0.00018740925859270802,1.3255031958372807e-06,0.0,3.016019450281154e-07,1.6833314569100527e-07,9.730325113050489e-08,13
0.00016866833273343723,1.1929528762535528e-06,0.0,13.413424524232965,7.486436947356313,4.327458216092886,13
0.0001518014994600935,1.0736575886281974e-06,0.0,18.44597063484663,10.295252777624453,5.951065444425709,13
0.00013662134951408414,9.662918297653778e-07,0.0,11.332794864904969,6.325174756092801,3.6562024977907503,13
0.00012295921456267575,8.6966264678884e-07,0.0,5.002176685615914,2.7918657378467464,1.6138094009780635,13
0.00011066329310640817,7.82696382109956e-07,0.0,0.0,0.0,0.0,13
0.004365001897928586,0.0,0.0,33.679977681372094,18.798315831432244,10.865910880254058,14
0.003928501708135727,0.0,0.0,0.550624314981248,0.30732828493554526,0.1776436668601568,14
0.0035356515373221546,0.0,0.0,0.0,0.0,0.0,14
0.003182086383589939,0.0,0.0,1.1024793647345092,0.6153434985017419,0.3556843961672202,14
0.0028638777452309454,0.0,0.0,0.40032942556816153,0.2234419229620928,0.12915518834719522,14
0.002577489970707851,0.0,0.0,1.0491997651603633,0.5856057489805779,0.3384952107649837,14
0.0023197409736370658,0.0,0.0,6.0260666300266745,3.3634197980822735,1.9441433002064625,14
0.0020877668762733594,0.0,0.0,20.615858187125998,11.506641037709397,6.651134982941625,14
0.0029592138366742633,0.00016873419800827544,0.0,39.87790968266569,22.257661451085024,12.865501776811545,14
0.002663292453006837,0.0001518607782074479,0.0,0.31805917753611984,0.17752318392171756,0.10261297410733876,14
0.0023969632077061537,0.0001366747003867031,0.0,7.76355984383136,4.333193189771174,2.5046973063538562,14
0.0021572668869355386,0.00012300723034803279,0.0,1.7076961007602434,0.9531422778807673,0.5509407938735372,14
0.0019415401982419847,0.0001107065073132295,0.0,17.732129551142723,9.89710191674551,5.720779902012893,14
0.0017473861784177863,9.963585658190655e-05,0.0,8.169551982458954,4.559795728502109,2.635679412047207,14
0.0015726475605760076,8.96722709237159e-05,0.0,24.913851297147932,13.905545000410019,8.037763280004729,14
0.0017969196400864555,8.070504383134431e-05,0.0,33.17501840041472,18.516475263268813,10.702999770367112,14
0.00161722767607781,7.263453944820988e-05,0.0,24.792882305430282,13.838026745688136,7.998735989199687,14
0.001455504908470029,6.53710855033889e-05,0.0,0.8718418499359375,0.4866142906983135,0.281275597409891,14
0.0013099544176230261,5.883397695305001e-05,0.0,1.3715941909215668,0.7655486306263781,0.4425068324992059,14
0.0011789589758607235,5.295057925774501e-05,0.0,6.313920334815657,3.5240839442127503,2.0370113161053562,14
0.0010610630782746512,4.765552133197051e-05,0.0,10.114017670007748,5.645089800360775,3.2630073476682258,14
0.000954956770447186,4.288996919877346e-05,0.0,16.15013126666488,9.014117264031604,5.210392023063717,14
0.0008594610934024675,3.860097227889612e-05,0.0,7.62352184445484,4.255031661115004,2.4595179289958966,14
0.0007735149840622207,3.4740875051006504e-05,0.0,11.644839014049813,6.499510292531005,3.7568844058811157,14
0.0006961634856559987,3.126678754590586e-05,0.0,16.689595410090995,9.315216553460946,5.384435170034176,14
0.0006265471370903988,2.8140108791315273e-05,0.0,0.1574324718540315,0.08787016891854976,0.05079122156812313,14
0.0005638924233813589,2.5326097912183747e-05,0.0,0.17007901403945658,0.09492877496711133,0.05487127772582673,14
0.000507503181043223,2.2793488120965373e-05,0.0,0.0,0.0,0.0,14
0.0004567528629389007,2.0514139308868837e-05,0.0,4.948215453578111,2.7618224031597873,1.5964045060698882,14
0.00041107757664501064,1.8462725377981955e-05,0.0,0.0,0.0,0.0,14
0.0003699698189805096,1.661645284018376e-05,0.0,0.0,0.0,0.0,14
0.00033297283708245864,1.4954807556165383e-05,0.0,0.0,0.0,0.0,14
0.0002996755533742128,1.3459326800548844e-05,0.0,0.0,0.0,0.0,14
0.0002697079980367915,1.211339412049396e-05,0.0,0.0,0.0,0.0,14
0.00024273719823311236,1.0902054708444565e-05,0.0,0.0,0.0,0.0,14
0.00021846347840980113,9.811849237600108e-06,0.0,0.0,0.0,0.0,14
0.000196617130568821,8.830664313840098e-06,0.0,0.0,0.0,0.0,14
0.0001769554175119389,7.947597882456089e-06,0.0,0.0,0.0,0.0,14
0.000159259875760745,7.15283809421048e-06,0.0,0.02792060122458511,0.015583747857217776,0.009007807769339784,14
0.00014333388818467052,6.437554284789432e-06,0.0,0.2755793556730339,0.15381327783448942,0.08890803751444266,14
0.00012900049936620346,5.793798856310489e-06,0.0,0.0,0.0,0.0,14
0.00011610044942958312,5.21441897067944e-06,0.0,3.499644289891672,1.9533094493538854,1.1290631878175201,14
0.00010449040448662482,4.692977073611497e-06,0.0,25.51017714861178,14.238381375787585,8.23015128034422,14
0.0005972050049545156,4.223679366250347e-06,0.0,34.29754638193011,19.143008799774616,11.065152296806694,14
0.000537484504459064,3.8013114296253125e-06,0.0,6.027008188396152,3.3639453243094763,1.94444706790572,14
0.0004837360540131576,3.4211802866627815e-06,0.0,22.968985217697874,12.820027451757888,7.410306169039312,14
0.00043536244861184186,3.0790622579965034e-06,0.0,0.0,0.0,0.0,14
0.0003918262037506577,2.771156032196853e-06,0.0,8.561058085369547,4.778312956811232,2.7619880000025656,14
0.00035264358337559195,2.4940404289771676e-06,0.0,0.09001089726695015,0.05023914478513983,0.029039520073534057,14
0.00031737922503803276,2.244636386079451e-06,0.0,6.45561660494428,3.603171028628694,2.0827256885389693,14
0.0002856413025342295,2.020172747471506e-06,0.0,9.673471607791793,5.399201157138491,3.1208773766815465,14
0.00025707717228080657,1.8181554727243555e-06,0.0,26.293184792908157,14.675413286412931,8.48276698460544,14
0.00023136945505272593,1.63633992545192e-06,0.0,8.65340187925985,4.829854196506966,2.791780164482281,14
0.00020823250954745334,1.472705932906728e-06,0.0,5.552065245304583,3.0988582292226137,1.791219897102312,14
0.00018740925859270802,1.3254353396160553e-06,0.0,3.016019450281154e-07,1.6833765959258808e-07,9.730350438442679e-08,14
0.00016866833273343723,1.19289180565445e-06,0.0,13.413424524232965,7.486637698310307,4.327469479290698,14
0.0001518014994600935,1.073602625089005e-06,0.0,18.44597063484663,10.295528847780558,5.9510809334319426,14
0.00013662134951408414,9.662423625801046e-07,0.0,11.332794864904969,6.325344367468065,3.6562120138923313,14
0.00012295921456267575,8.696181263220941e-07,0.0,5.002176685615914,2.7919406025272666,1.6138136012854043,14
0.00011066329310640817,7.826563136898847e-07,0.0,0.0,0.0,0.0,14
0.004365001897928586,0.0,0.0,33.679977681372094,18.798366238269608,10.865913708674393,15
0.003928501708135727,0.0,0.0,0.550624314981248,0.3073291090225015,0.17764371310119123,15
0.0035356515373221546,0.0,0.0,0.0,0.0,0.0,15
0.003182086383589939,0.0,0.0,1.1024793647345092,0.6153451485176226,0.3556844887526453,15
0.0028638777452309454,0.0,0.0,0.40032942556816153,0.22344252211154705,0.12915522196657284,15
0.002577489970707851,0.0,0.0,1.0491997651603633,0.5856073192560225,0.33849529887602636,15
0.0023197409736370658,0.0,0.0,6.0260666300266745,3.3634288169409983,1.94414380627121,15
0.0020877668762733594,0.0,0.0,20.615858187125998,11.506671892249164,6.651136714246588,15
0.0029592138366742633,0.00016873333411271732,0.0,39.87790968266569,22.257721134001883,12.865505125729754,15
0.002663292453006837,0.0001518600007014456,0.0,0.31805917753611984,0.17752365994214092,0.10261300081772005,15
0.0023969632077061537,0.00013667400063130104,0.0,7.76355984383136,4.333204809033577,2.5046979583320357,15
0.0021572668869355386,0.00012300660056817095,0.0,1.7076961007602434,0.9531448336888629,0.5509409372846292,15
0.0019415401982419847,0.00011070594051135386,0.0,17.732129551142723,9.897128455378608,5.7207813911443965,15
0.0017473861784177863,9.963534646021848e-05,0.0,8.169551982458954,4.559807955389015,2.6356800981203143,15
0.0015726475605760076,8.967181181419664e-05,0.0,24.913851297147932,13.905582287502734,8.037765372252064,15
0.0017969196400864555,8.070463063277697e-05,0.0,33.17501840041472,18.516524914363387,10.703002556381326,15
0.00161722767607781,7.263416756949927e-05,0.0,24.792882305430282,13.838063851733692,7.998738071288136,15
0.001455504908470029,6.537075081254935e-05,0.0,0.8718418499359375,0.4866155955326205,0.2812756706265433,15
0.0013099544176230261,5.883367573129441e-05,0.0,1.3715941909215668,0.7655506834105564,0.4425069476847009,15
0.0011789589758607235,5.295030815816497e-05,0.0,6.313920334815657,3.5240933938851478,2.037011846343851,15
0.0010610630782746512,4.765527734234847e-05,0.0,10.114017670007748,5.645104937414861,3.2630081970361644,15
0.000954956770447186,4.288974960811363e-05,0.0,16.15013126666488,9.014141434981118,5.2103933793401405,15
0.0008594610934024675,3.860077464730227e-05,0.0,7.62352184445484,4.255043070790788,2.459518569213786,15
0.0007735149840622207,3.474069718257204e-05,0.0,11.644839014049813,6.499527720675164,3.756885383806331,15
0.0006961634856559987,3.1266627464314836e-05,0.0,16.689595410090995,9.315241531794644,5.38443657161441,15
0.0006265471370903988,2.8139964717883353e-05,0.0,0.1574324718540315,0.08787040453845069,0.05079123478918903,15
0.0005638924233813589,2.5325968246095018e-05,0.0,0.17007901403945658,0.09492902951434651,0.05487129200894016,15
0.000507503181043223,2.2793371421485517e-05,0.0,0.0,0.0,0.0,15
0.0004567528629389007,2.0514034279336965e-05,0.0,4.948215453578111,2.7618298088621893,1.5964049216174678,15
0.00041107757664501064,1.846263085140327e-05,0.0,0.0,0.0,0.0,15
0.0003699698189805096,1.6616367766262944e-05,0.0,0.0,0.0,0.0,15
0.00033297283708245864,1.495473098963665e-05,0.0,0.0,0.0,0.0,15
0.0002996755533742128,1.3459257890672985e-05,0.0,0.0,0.0,0.0,15
0.0002697079980367915,1.2113332101605687e-05,0.0,0.0,0.0,0.0,15
0.00024273719823311236,1.0901998891445119e-05,0.0,0.0,0.0,0.0,15
0.00021846347840980113,9.811799002300606e-06,0.0,0.0,0.0,0.0,15
0.000196617130568821,8.830619102070547e-06,0.0,0.0,0.0,0.0,15
0.0001769554175119389,7.947557191863492e-06,0.0,0.0,0.0,0.0,15
0.000159259875760745,7.1528014726771425e-06,0.0,0.02792060122458511,0.015583789644335879,0.009007810114091823,15
0.00014333388818467052,6.4375213254094286e-06,0.0,0.2755793556730339,0.15381369027786732,0.088908060657399,15
0.00012900049936620346,5.793769192868486e-06,0.0,0.0,0.0,0.0,15
0.00011610044942958312,5.214392273581638e-06,0.0,3.499644289891672,1.9533146870652112,1.129063481715134,15
0.00010449040448662482,4.692953046223474e-06,0.0,25.51017714861178,14.238419555366052,8.23015342267057,15
0.0005972050049545156,4.223657741601127e-06,0.0,34.29754638193011,19.14306013089065,11.065155177090002,15
0.000537484504459064,3.8012919674410146e-06,0.0,6.027008188396152,3.363954344577376,1.9444475740495386,15
0.0004837360540131576,3.421162770696913e-06,0.0,22.968985217697874,12.820061828084178,7.410308097958191,15
0.00043536244861184186,3.079046493627222e-06,0.0,0.0,0.0,0.0,15
0.0003918262037506577,2.7711418442645e-06,0.0,8.561058085369547,4.778325769642245,2.7619887189540737,15
0.00035264358337559195,2.49402765983805e-06,0.0,0.09001089726695015,0.05023927949914417,0.029039527632584557,15
0.00031737922503803276,2.244624893854245e-06,0.0,6.45561660494428,3.603180690369547,2.082726230677015,15
0.0002856413025342295,2.0201624044688206e-06,0.0,9.673471607791793,5.399215634853254,3.1208781890527435,15
0.00025707717228080657,1.8181461640219385e-06,0.0,26.293184792908157,14.675452637872786,8.482769192688211,15
0.00023136945505272593,1.6363315476197447e-06,0.0,8.65340187925985,4.829867147543493,2.791780891188755,15
0.00020823250954745334,1.4726983928577701e-06,0.0,5.552065245304583,3.098866538671406,1.7912203633607635,15
0.00018740925859270802,1.325428553571993e-06,0.0,3.016019450281154e-07,1.683381109824416e-07,9.730352971274148e-08,15
0.00016866833273343723,1.1928856982147938e-06,0.0,13.413424524232965,7.486657773392152,4.327470605740453,15
0.0001518014994600935,1.0735971283933144e-06,0.0,18.44597063484663,10.295556454777527,5.951082482511307,15
0.00013662134951408414,9.662374155539829e-07,0.0,11.332794864904969,6.3253613285941395,3.6562129656123035,15
0.00012295921456267575,8.696136739985847e-07,0.0,5.002176685615914,2.7919480889902637,1.6138140213646095,15
0.00011066329310640817,7.826523065987262e-07,0.0,0.0,0.0,0.0,15
0.004365001897928586,0.0,0.0,33.679977681372094,19.35697220202347,10.004632436876479,16
0.003928501708135727,0.0,0.0,0.550624314981248,0.3164615980355964,0.16356287211084222,16
0.0035356515373221546,0.0,0.0,0.0,0.0,0.0,16
0.003182086383589939,0.0,0.0,1.1024793647345092,0.6336305391399829,0.32749133380543555,16
0.0028638777452309454,0.0,0.0,0.40032942556816153,0.2300822653650652,0.11891779722557674,16
0.002577489970707851,0.0,0.0,1.0491997651603633,0.6030090304902875,0.31166463655622356,16
0.0023197409736370658,0.0,0.0,6.0260666300266745,3.463375342718325,1.7900422097633557,16
0.0020877668762733594,0.0,0.0,20.615858187125998,11.848600305628189,6.123937654716512,16
0.0029592138366742633,0.0002725152039659371,0.0,39.87790968266569,22.919124130806587,11.845727230000184,16
0.002663292453006837,0.0002452636835693434,0.0,0.31805917753611984,0.1827988936456535,0.09447943209843852,16
0.0023969632077061537,0.00022073731521240906,0.0,7.76355984383136,4.461968873836471,2.3061643144195405,16
0.0021572668869355386,0.00019866358369116814,0.0,1.7076961007602434,0.981468166773834,0.5072708765909548,16
0.0019415401982419847,0.00017879722532205134,0.0,17.732129551142723,10.191228214322418,5.267326485800427,16
0.0017473861784177863,0.00016091750278984622,0.0,8.169551982458954,4.695305683498343,2.42676421972996,16
0.0015726475605760076,0.0001448257525108616,0.0,24.913851297147932,14.318795919837207,7.400655878487178,16
0.0017969196400864555,0.00013034317725977546,0.0,33.17501840041472,19.066755775601916,9.854634356433511,16
0.00161722767607781,0.00011730885953379792,0.0,24.792882305430282,14.249271128813355,7.364722057216744,16
0.001455504908470029,0.00010557797358041813,0.0,0.8718418499359375,0.5010757018139192,0.2589804938178371,16
0.0013099544176230261,9.502017622237631e-05,0.0,1.3715941909215668,0.788299531469405,0.40743185350490463,16
0.0011789589758607235,8.551815860013868e-05,0.0,6.313920334815657,3.628814174494379,1.8755491106066935,16
0.0010610630782746512,7.696634274012481e-05,0.0,10.114017670007748,5.812852987648963,3.004367467394922,16
0.000954956770447186,6.926970846611233e-05,0.0,16.15013126666488,9.282002646954439,4.797394127124197,16
0.0008594610934024675,6.23427376195011e-05,0.0,7.62352184445484,4.381484507522371,2.264566047217229,16
0.0007735149840622207,5.6108463857550994e-05,0.0,11.644839014049813,6.692665512562707,3.459097723411,16
0.0006961634856559987,5.04976174717959e-05,0.0,16.689595410090995,9.59205013353764,4.957641871909305,16
0.0006265471370903988,4.544785572461631e-05,0.0,0.1574324718540315,0.09048153209020124,0.046765292703849576,16
0.0005638924233813589,4.090307015215468e-05,0.0,0.17007901403945658,0.09774990880502267,0.05052194620759014,16
0.000507503181043223,3.681276313693921e-05,0.0,0.0,0.0,0.0,16
0.0004567528629389007,3.3131486823245295e-05,0.0,4.948215453578111,2.8438994197288427,1.4698666756807732,16
0.00041107757664501064,2.9818338140920766e-05,0.0,0.0,0.0,0.0,16
0.0003699698189805096,2.683650432682869e-05,0.0,0.0,0.0,0.0,16
0.00033297283708245864,2.4152853894145823e-05,0.0,0.0,0.0,0.0,16
0.0002996755533742128,2.1737568504731242e-05,0.0,0.0,0.0,0.0,16
0.0002697079980367915,1.956381165425812e-05,0.0,0.0,0.0,0.0,16
0.00024273719823311236,1.7607430488832308e-05,0.0,0.0,0.0,0.0,16
0.00021846347840980113,1.584668743994908e-05,0.0,0.0,0.0,0.0,16
0.000196617130568821,1.4262018695954171e-05,0.0,0.0,0.0,0.0,16
0.0001769554175119389,1.2835816826358754e-05,0.0,0.0,0.0,0.0,16
0.000159259875760745,1.1552235143722878e-05,0.0,0.02792060122458511,0.01604687232518554,0.008293810504009735,16
0.00014333388818467052,1.0397011629350591e-05,0.0,0.2755793556730339,0.15838436645297496,0.08186080723636735,16
0.00012900049936620346,9.357310466415533e-06,0.0,0.0,0.0,0.0,16
0.00011610044942958312,8.42157941977398e-06,0.0,3.499644289891672,2.0113587329919955,1.0395688236914946,16
0.00010449040448662482,7.5794214777965825e-06,0.0,25.51017714861178,14.661523668630164,7.5777943853159115,16
0.0005972050049545156,6.821479330016925e-06,0.0,34.29754638193011,19.711908903069837,10.188081128917023,16
0.000537484504459064,6.139331397015232e-06,0.0,6.027008188396152,3.463916486758175,1.7903218995390913,16
0.0004837360540131576,5.525398257313709e-06,0.0,22.968985217697874,13.20101849751442,6.8229336944665935,16
0.00043536244861184186,4.9728584315823385e-06,0.0,0.0,0.0,0.0,16
0.0003918262037506577,4.475572588424104e-06,0.0,8.561058085369547,4.920316900033512,2.5430610502525277,16
0.00035264358337559195,4.028015329581694e-06,0.0,0.09001089726695015,0.05173217312549487,0.026737723848533127,16
0.00031737922503803276,3.6252137966235248e-06,0.0,6.45561660494428,3.710251602629232,1.917639966893018,16
0.0002856413025342295,3.2626924169611725e-06,0.0,9.673471607791793,5.559656920813634,2.8735033241439703,16
0.00025707717228080657,2.936423175265055e-06,0.0,26.293184792908157,15.111543480044698,7.81038669136077,16
0.00023136945505272593,2.6427808577385495e-06,0.0,8.65340187925985,4.973389864281723,2.5704917607013096,16
0.00020823250954745334,2.3785027719646945e-06,0.0,5.552065245304583,3.1909514202743123,1.6492401678624233,16
0.00018740925859270802,2.140652494768225e-06,0.0,3.016019450281154e-07,1.7334038998530602e-07,8.959081359255797e-08,16
0.00016866833273343723,1.9265872452914023e-06,0.0,13.413424524232965,7.709128791766462,3.9844557901520723,16
0.0001518014994600935,1.733928520762262e-06,0.0,18.44597063484663,10.60149576689153,5.479372875152673,16
0.00013662134951408414,1.5605356686860358e-06,0.0,11.332794864904969,6.513323650227044,3.3664050546151203,16
0.00012295921456267575,1.4044821018174324e-06,0.0,5.002176685615914,2.874912684595713,1.4858958517534704,16
0.00011066329310640817,1.2640338916356892e-06,0.0,0.0,0.0,0.0,16
0.004365001897928586,0.0,0.0,33.679977681372094,18.858081652324294,10.785825288335763,17
0.003928501708135727,0.0,0.0,0.550624314981248,0.3083053792346956,0.1763343704405731,17
0.0035356515373221546,0.0,0.0,0.0,0.0,0.0,17
0.003182086383589939,0.0,0.0,1.1024793647345092,0.6172998710644931,0.3530628768379096,17
0.0028638777452309454,0.0,0.0,0.40032942556816153,0.22415231585405596,0.12820326909973473,17
0.002577489970707851,0.0,0.0,1.0491997651603633,0.5874675757857435,0.33600038178889796,17
0.0023197409736370658,0.0,0.0,6.0260666300266745,3.3741131786510183,1.9298142790423036,17
0.0020877668762733594,0.0,0.0,20.615858187125998,11.543224306843483,6.602113774512118,17
0.0029592138366742633,0.00017989963017191388,0.0,39.87790968266569,22.328425631221698,12.77067849540637,17
0.002663292453006837,0.0001619096671547225,0.0,0.31805917753611984,0.17808758654744175,0.1018566803312857,17
0.0023969632077061537,0.00014571870043925025,0.0,7.76355984383136,4.3469697881852465,2.4862368046466288,17
0.0021572668869355386,0.00013114683039532524,0.0,1.7076961007602434,0.9561726201292583,0.5468801660922549,17
0.0019415401982419847,0.00011803214735579271,0.0,17.732129551142723,9.928567949437523,5.678615738351329,17
0.0017473861784177863,0.00010622893262021344,0.0,8.169551982458954,4.574292768410245,2.6162535260679425,17
0.0015726475605760076,9.56060393581921e-05,0.0,24.913851297147932,13.949755147710091,7.978522132431164,17
0.0017969196400864555,8.604543542237289e-05,0.0,33.17501840041472,18.575345023414357,10.624114890732315,17
0.00161722767607781,7.74408918801356e-05,0.0,24.792882305430282,13.882022230996418,7.939782486511078,17
0.001455504908470029,6.969680269212204e-05,0.0,0.8718418499359375,0.4881613921941167,0.2792024971462326,17
0.0013099544176230261,6.272712242290985e-05,0.0,1.3715941909215668,0.7679825530454105,0.4392454012212272,17
0.0011789589758607235,5.6454410180618866e-05,0.0,6.313920334815657,3.5352881271675973,2.0219978249408905,17
0.0010610630782746512,5.080896916255698e-05,0.0,10.114017670007748,5.663037335073633,3.238957833757097,17
0.000954956770447186,4.572807224630129e-05,0.0,16.15013126666488,9.042776007864457,5.171989597911151,17
0.0008594610934024675,4.115526502167116e-05,0.0,7.62352184445484,4.268559759186588,2.4413904152192805,17
0.0007735149840622207,3.7039738519504044e-05,0.0,11.644839014049813,6.520174301557811,3.7291948440275977,17
0.0006961634856559987,3.333576466755364e-05,0.0,16.689595410090995,9.344832587636406,5.344749985562295,17
0.0006265471370903988,3.0002188200798277e-05,0.0,0.1574324718540315,0.08814953611423011,0.05041687236828491,17
0.0005638924233813589,2.700196938071845e-05,0.0,0.17007901403945658,0.09523058371493012,0.05446685707445071,17
0.000507503181043223,2.4301772442646603e-05,0.0,0.0,0.0,0.0,17
0.0004567528629389007,2.1871595198381942e-05,0.0,4.948215453578111,2.770603114398127,1.5846384423483482,17
0.00041107757664501064,1.968443567854375e-05,0.0,0.0,0.0,0.0,17
0.0003699698189805096,1.7715992110689374e-05,0.0,0.0,0.0,0.0,17
0.00033297283708245864,1.5944392899620436e-05,0.0,0.0,0.0,0.0,17
0.0002996755533742128,1.4349953609658392e-05,0.0,0.0,0.0,0.0,17
0.0002697079980367915,1.2914958248692554e-05,0.0,0.0,0.0,0.0,17
0.00024273719823311236,1.1623462423823299e-05,0.0,0.0,0.0,0.0,17
0.00021846347840980113,1.0461116181440969e-05,0.0,0.0,0.0,0.0,17
0.000196617130568821,9.415004563296873e-06,0.0,0.0,0.0,0.0,17
0.0001769554175119389,8.473504106967185e-06,0.0,0.0,0.0,0.0,17
0.000159259875760745,7.626153696270467e-06,0.0,0.02792060122458511,0.015633293544800277,0.008941417052073297,17
0.00014333388818467052,6.86353832664342e-06,0.0,0.2755793556730339,0.15430229913279664,0.08825275395017404,17
0.00012900049936620346,6.177184493979078e-06,0.0,0.0,0.0,0.0,17
0.00011610044942958312,5.5594660445811704e-06,0.0,3.499644289891672,1.9595196409340074,1.1207415942846815,17
0.00010449040448662482,5.003519440123053e-06,0.0,25.51017714861178,14.283649715713825,8.169492165417989,17
0.0005972050049545156,4.503167496110748e-06,0.0,34.29754638193011,19.20387050917037,10.98359822544336,17
0.000537484504459064,4.052850746499674e-06,0.0,6.027008188396152,3.374640375693131,1.9301158078665814,17
0.0004837360540131576,3.6475656718497063e-06,0.0,22.968985217697874,12.860786393749478,7.355689601465416,17
0.00043536244861184186,3.282809104664736e-06,0.0,0.0,0.0,0.0,17
0.0003918262037506577,2.9545281941982623e-06,0.0,8.561058085369547,4.793504732441762,2.7416311752237608,17
0.00035264358337559195,2.6590753747784363e-06,0.0,0.09001089726695015,0.05039887099444087,0.02882548857817747,17
0.00031737922503803276,2.393167837300593e-06,0.0,6.45561660494428,3.6146266545619694,2.0673752663416742,17
0.0002856413025342295,2.1538510535705335e-06,0.0,9.673471607791793,5.416366933701207,3.097875410737747,17
0.00025707717228080657,1.93846594821348e-06,0.0,26.293184792908157,14.722071089689438,8.420246002926708,17
0.00023136945505272593,1.7446193533921322e-06,0.0,8.65340187925985,4.845209838120376,2.771203760953643,17
0.00020823250954745334,1.570157418052919e-06,0.0,5.552065245304583,3.108710484475604,1.7780179753033807,17
0.00018740925859270802,1.4131416762476272e-06,0.0,3.016019450281154e-07,1.688728585169394e-07,9.658634327108539e-08,17
0.00016866833273343723,1.2718275086228645e-06,0.0,13.413424524232965,7.510440099109039,4.295574504393823,17
0.0001518014994600935,1.144644757760578e-06,0.0,18.44597063484663,10.328261606322497,5.9072193700195585,17
0.00013662134951408414,1.0301802819845202e-06,0.0,11.332794864904969,6.345454647662131,3.629264443040866,17
0.00012295921456267575,9.271622537860682e-07,0.0,5.002176685615914,2.8008170690941756,1.6019192263978275,17
0.00011066329310640817,8.344460284074614e-07,0.0,0.0,0.0,0.0,17
0.004365001897928586,0.0,0.0,33.679977681372094,18.804384211124887,10.857960552666995,18
0.003928501708135727,0.0,0.0,0.550624314981248,0.3074274951382039,0.1775136892300372,18
0.0035356515373221546,0.0,0.0,0.0,0.0,0.0,18
0.003182086383589939,0.0,0.0,1.1024793647345092,0.6155421406579751,0.355424150385868,18
0.0028638777452309454,0.0,0.0,0.40032942556816153,0.2235140533827085,0.12906068857922867,18
0.002577489970707851,0.0,0.0,1.0491997651603633,0.5857947913430361,0.33824754190022943,18
0.0023197409736370658,0.0,0.0,6.0260666300266745,3.3645055606890697,1.942720816966615,18
0.0020877668762733594,0.0,0.0,20.615858187125998,11.51035555487306,6.646268506258454,18
0.0029592138366742633,0.00016985842003850807,0.0,39.87790968266569,22.264846559685534,12.856088396302093,18
0.002663292453006837,0.00015287257803465727,0.0,0.31805917753611984,0.17758049108124957,0.10253789464388402,18
0.0023969632077061537,0.00013758532023119154,0.0,7.76355984383136,4.334592009845957,2.5028646791299267,18
0.0021572668869355386,0.00012382678820807238,0.0,1.7076961007602434,0.9534499665745396,0.5505376836473775,18
0.0019415401982419847,0.00011144410938726514,0.0,17.732129551142723,9.90029685042075,5.7165941439318875,18
0.0017473861784177863,0.00010029969844853863,0.0,8.169551982458954,4.561267699291917,2.633750948343503,18
0.0015726475605760076,9.026972860368476e-05,0.0,24.913851297147932,13.910033919930916,8.031882240499844,18
0.0017969196400864555,8.12427557433163e-05,0.0,33.17501840041472,18.522452660577944,10.695168640949943,18
0.00161722767607781,7.311848016898467e-05,0.0,24.792882305430282,13.842493869298716,7.992883505031783,18
0.001455504908470029,6.58066321520862e-05,0.0,0.8718418499359375,0.48677137712596485,0.28106979477021365,18
0.0013099544176230261,5.922596893687758e-05,0.0,1.3715941909215668,0.7657957612632652,0.4421830608139185,18
0.0011789589758607235,5.330337204318982e-05,0.0,6.313920334815657,3.5252215716275668,2.0355208835553316,18
0.0010610630782746512,4.797303483887084e-05,0.0,10.114017670007748,5.64691212043534,3.2606198830903503,18
0.000954956770447186,4.3175731354983755e-05,0.0,16.15013126666488,9.017027156951942,5.20657970360915,18
0.0008594610934024675,3.885815821948538e-05,0.0,7.62352184445484,4.256405249470228,2.457718358443804,18
0.0007735149840622207,3.497234239753684e-05,0.0,11.644839014049813,6.501608432418908,3.754135583250169,18
0.0006961634856559987,3.147510815778316e-05,0.0,16.689595410090995,9.318223645770304,5.380495507363935,18
0.0006265471370903988,2.832759734200484e-05,0.0,0.1574324718540315,0.0878985347335215,0.050754058843850515,18
0.0005638924233813589,2.5494837607804358e-05,0.0,0.17007901403945658,0.09495941940650815,0.0548311297218675,18
0.000507503181043223,2.294535384702392e-05,0.0,0.0,0.0,0.0,18
0.0004567528629389007,2.065081846232153e-05,0.0,4.948215453578111,2.762713961059778,1.595236455004074,18
0.00041107757664501064,1.858573661608938e-05,0.0,0.0,0.0,0.0,18
0.0003699698189805096,1.6727162954480443e-05,0.0,0.0,0.0,0.0,18
0.00033297283708245864,1.50544466590324e-05,0.0,0.0,0.0,0.0,18
0.0002996755533742128,1.3549001993129159e-05,0.0,0.0,0.0,0.0,18
0.0002697079980367915,1.2194101793816244e-05,0.0,0.0,0.0,0.0,18
0.00024273719823311236,1.097469161443462e-05,0.0,0.0,0.0,0.0,18
0.00021846347840980113,9.87722245299116e-06,0.0,0.0,0.0,0.0,18
0.000196617130568821,8.889500207692043e-06,0.0,0.0,0.0,0.0,18
0.0001769554175119389,8.000550186922839e-06,0.0,0.0,0.0,0.0,18
0.000159259875760745,7.200495168230555e-06,0.0,0.02792060122458511,0.015588778525915975,0.009001216971440119,18
0.00014333388818467052,6.4804456514074994e-06,0.0,0.2755793556730339,0.15386293107896304,0.08884298562591232,18
0.00012900049936620346,5.8324010862667495e-06,0.0,0.0,0.0,0.0,18
0.00011610044942958312,5.249160977640075e-06,0.0,3.499644289891672,1.9539400070858757,1.1282370792373406,18
0.00010449040448662482,4.724244879876067e-06,0.0,25.51017714861178,14.242977739907207,8.224129475132402,18
0.0005972050049545156,4.25182039188846e-06,0.0,34.29754638193011,19.149188451552906,11.057056189031668,18
0.000537484504459064,3.826638352699615e-06,0.0,6.027008188396152,3.36503125656406,1.9430243624062986,18
0.0004837360540131576,3.4439745174296534e-06,0.0,22.968985217697874,12.824165949852343,7.4048842249231175,18
0.00043536244861184186,3.099577065686688e-06,0.0,0.0,0.0,0.0,18
0.0003918262037506577,2.789619359118019e-06,0.0,8.561058085369547,4.779855468255993,2.7599671193204443,18
0.00035264358337559195,2.510657423206217e-06,0.0,0.09001089726695015,0.05025536273831839,0.029018272549962403,18
0.00031737922503803276,2.2595916808855956e-06,0.0,6.45561660494428,3.6043341865464207,2.081201807873984,18
0.0002856413025342295,2.033632512797036e-06,0.0,9.673471607791793,5.400944100652809,3.1185939052103455,18
0.00025707717228080657,1.8302692615173324e-06,0.0,26.293184792908157,14.680150731020573,8.47656034651356,18
0.00023136945505272593,1.6472423353655991e-06,0.0,8.65340187925985,4.831413346240769,2.7897374855846433,18
0.00020823250954745334,1.4825181018290393e-06,0.0,5.552065245304583,3.0998585873673132,1.7899093042657457,18
0.00018740925859270802,1.3342662916461355e-06,0.0,3.016019450281154e-07,1.6839200152641554e-07,9.723230973321431e-08,18
0.00016866833273343723,1.200839662481522e-06,0.0,13.413424524232965,7.489054497803517,4.324303173183227,18
0.0001518014994600935,1.0807556962333698e-06,0.0,18.44597063484663,10.298852399674521,5.946726669584273,18
0.00013662134951408414,9.726801266100328e-07,0.0,11.332794864904969,6.327386283970198,3.6535368508472317,18
0.00012295921456267575,8.754121139490296e-07,0.0,5.002176685615914,2.792841883035977,1.6126328124002318,18
0.00011066329310640817,7.878709025541266e-07,0.0,0.0,0.0,0.0,18
0.004365001897928586,0.0,0.0,33.679977681372094,18.798973493256895,10.865119225288355,19
0.003928501708135727,0.0,0.0,0.550624314981248,0.30733903686047565,0.1776307243197158,19
0.0035356515373221546,0.0,0.0,0.0,0.0,0.0,19
0.003182086383589939,0.0,0.0,1.1024793647345092,0.615365026383901,0.35565848215765844,19
0.0028638777452309454,0.0,0.0,0.40032942556816153,0.22344974011039886,0.12914577851976994,19
0.002577489970707851,0.0,0.0,1.0491997651603633,0.5856262364832272,0.3384705491036262,19
0.0023197409736370658,0.0,0.0,6.0260666300266745,3.363537467815099,1.944001656241718,19
0.0020877668762733594,0.0,0.0,20.615858187125998,11.507043599226517,6.650650402854889,19
0.0029592138366742633,0.000168845842459201,0.0,39.87790968266569,22.258440138621374,12.864564438149358,19
0.002663292453006837,0.0001519612582132809,0.0,0.31805917753611984,0.17752939459623238,0.102605498059413,19
0.0023969632077061537,0.00013676513239195282,0.0,7.76355984383136,4.333344787167734,2.5045148222453433,19
0.0021572668869355386,0.00012308861915275756,0.0,1.7076961007602434,0.9531756237025547,0.550900654117185,19
0.0019415401982419847,0.0001107797572374818,0.0,17.732129551142723,9.897448168301432,5.720363104574827,19
0.0017473861784177863,9.970178151373362e-05,0.0,8.169551982458954,4.559955253621578,2.6354873850080063,19
0.0015726475605760076,8.973160336236026e-05,0.0,24.913851297147932,13.906031487932609,8.037177674685129,19
0.0017969196400864555,8.075844302612424e-05,0.0,33.17501840041472,18.517123064860026,10.702219984575608,19
0.00161722767607781,7.268259872351182e-05,0.0,24.792882305430282,13.838510871074723,7.998153227281705,19
0.001455504908470029,6.541433885116064e-05,0.0,0.8718418499359375,0.48663131497033824,0.28125510458366815,19
0.0013099544176230261,5.8872904966044574e-05,0.0,1.3715941909215668,0.7655754134570206,0.4424745928890005,19
0.0011789589758607235,5.2985614469440114e-05,0.0,6.313920334815657,3.5242072348041913,2.036862906078681,19
0.0010610630782746512,4.76870530224961e-05,0.0,10.114017670007748,5.645287294651842,3.2627696155536903,19
0.000954956770447186,4.2918347720246495e-05,0.0,16.15013126666488,9.0144326242405,5.210012410828371,19
0.0008594610934024675,3.862651294822185e-05,0.0,7.62352184445484,4.255180524019068,2.4593387365100403,19
0.0007735149840622207,3.4763861653399665e-05,0.0,11.644839014049813,6.499737678847771,3.7566106914886204,19
0.0006961634856559987,3.12874754880597e-05,0.0,16.689595410090995,9.315542447672453,5.384042877580569,19
0.0006265471370903988,2.815872793925373e-05,0.0,0.1574324718540315,0.08787324306924187,0.05078752108472955,19
0.0005638924233813589,2.5342855145328358e-05,0.0,0.17007901403945658,0.09493209606416686,0.054867279982796724,19
0.000507503181043223,2.280856963079552e-05,0.0,0.0,0.0,0.0,19
0.0004567528629389007,2.052771266771597e-05,0.0,4.948215453578111,2.7619190259198954,1.5962881972239544,19
0.00041107757664501064,1.8474941400944374e-05,0.0,0.0,0.0,0.0,19
0.0003699698189805096,1.6627447260849937e-05,0.0,0.0,0.0,0.0,19
0.00033297283708245864,1.4964702534764944e-05,0.0,0.0,0.0,0.0,19
0.0002996755533742128,1.346823228128845e-05,0.0,0.0,0.0,0.0,19
0.0002697079980367915,1.2121409053159605e-05,0.0,0.0,0.0,0.0,19
0.00024273719823311236,1.0909268147843644e-05,0.0,0.0,0.0,0.0,19
0.00021846347840980113,9.81834133305928e-06,0.0,0.0,0.0,0.0,19
0.000196617130568821,8.836507199753352e-06,0.0,0.0,0.0,0.0,19
0.0001769554175119389,7.952856479778017e-06,0.0,0.0,0.0,0.0,19
0.000159259875760745,7.157570831800216e-06,0.0,0.02792060122458511,0.015584293056912394,0.00900715148973016,19
0.00014333388818467052,6.441813748620194e-06,0.0,0.2755793556730339,0.15381865901447722,0.08890155996367266,19
0.00012900049936620346,5.797632373758175e-06,0.0,0.0,0.0,0.0,19
0.00011610044942958312,5.217869136382358e-06,0.0,3.499644289891672,1.9533777861702306,1.1289809279417418,19
0.00010449040448662482,4.696082222744122e-06,0.0,25.51017714861178,14.238879507639377,8.229551658259942,19
0.0005972050049545156,4.22647400046971e-06,0.0,34.29754638193011,19.143678520733097,11.064346125758675,19
0.000537484504459064,3.803826600422739e-06,0.0,6.027008188396152,3.364063012427914,1.9443054018094472,19
0.0004837360540131576,3.4234439403804654e-06,0.0,22.968985217697874,12.820475962290512,7.409766278206343,19
0.00043536244861184186,3.081099546342419e-06,0.0,0.0,0.0,0.0,19
0.0003918262037506577,2.772989591708177e-06,0.0,8.561058085369547,4.778480126787846,2.7617867705299957,19
0.00035264358337559195,2.4956906325373594e-06,0.0,0.09001089726695015,0.050240902408957004,0.029037404348444717,19
0.00031737922503803276,2.2461215692836237e-06,0.0,6.45561660494428,3.6032970860933338,2.082573947911635,19
0.0002856413025342295,2.021509412355261e-06,0.0,9.673471607791793,5.39939004897947,3.1206499996949475,19
0.00025707717228080657,1.819358471119735e-06,0.0,26.293184792908157,14.675926707889936,8.482148957761648,19
0.00023136945505272593,1.6374226240077615e-06,0.0,8.65340187925985,4.830023169661379,2.7915767644493963,19
0.00020823250954745334,1.4736803616069853e-06,0.0,5.552065245304583,3.0989666432303173,1.7910893946399014,19
0.00018740925859270802,1.3263123254462869e-06,0.0,3.016019450281154e-07,1.6834354891019285e-07,9.729641516721572e-08,19
0.00016866833273343723,1.1936810929016582e-06,0.0,13.413424524232965,7.486899619423523,4.327154193923463,19
0.0001518014994600935,1.0743129836114924e-06,0.0,18.44597063484663,10.295889038360844,5.950647357008928,19
0.00013662134951408414,9.66881685250343e-07,0.0,11.332794864904969,6.325565660564509,3.655945634163253,19
0.00012295921456267575,8.701935167253088e-07,0.0,5.002176685615914,2.792038278976978,1.6136960240693516,19
0.00011066329310640817,7.831741650527779e-07,0.0,0.0,0.0,0.0,19
0.004365001897928586,0.0,0.0,33.679977681372094,18.798432008625046,10.865834548670179,20
0.003928501708135727,0.0,0.0,0.550624314981248,0.3073301842832172,0.17764241893694005,20
0.0035356515373221546,0.0,0.0,0.0,0.0,0.0,20
0.003182086383589939,0.0,0.0,1.1024793647345092,0.6153473014424363,0.3556818975314757,20
0.0028638777452309454,0.0,0.0,0.40032942556816153,0.22344330387597874,0.12915428104911392,20
0.002577489970707851,0.0,0.0,1.0491997651603633,0.5856093681362837,0.3384928328809887,20
0.0023197409736370658,0.0,0.0,6.0260666300266745,3.363440584660914,1.9441296428574348,20
0.0020877668762733594,0.0,0.0,20.615858187125998,11.506712150955194,6.65108825959984,20
0.0029592138366742633,0.00016874449941943164,0.0,39.87790968266569,22.25779900769642,12.865411398366618,20
0.002663292453006837,0.00015187004947748848,0.0,0.31805917753611984,0.17752428104900014,0.10261225326479491,20
0.0023969632077061537,0.00013668304452973964,0.0,7.76355984383136,4.3332199697351435,2.5046797111872254,20
0.0021572668869355386,0.00012301474007676567,0.0,1.7076961007602434,0.9531481684826264,0.5509369235874761,20
0.0019415401982419847,0.0001107132660690891,0.0,17.732129551142723,9.897163082731222,5.720739714292252,20
0.0017473861784177863,9.96419394621802e-05,0.0,8.169551982458954,4.559823908913174,2.6356608967486426,20
0.0015726475605760076,8.967774551596218e-05,0.0,24.913851297147932,13.905630939341833,8.037706815782926,20
0.0017969196400864555,8.070997096436597e-05,0.0,33.17501840041472,18.516589698632913,10.702924583212184,20
0.00161722767607781,7.263897386792938e-05,0.0,24.792882305430282,13.8381122673442,7.99867979913943,20
0.001455504908470029,6.537507648113644e-05,0.0,0.8718418499359375,0.48661729806784454,0.28127362148609647,20
0.0013099544176230261,5.883756883302279e-05,0.0,1.3715941909215668,0.7655533618635623,0.44250372394735277,20
0.0011789589758607235,5.295381194972051e-05,0.0,6.313920334815657,3.5241057237265894,2.0369970063708243,20
0.0010610630782746512,4.765843075474846e-05,0.0,10.114017670007748,5.645124688097099,3.262984425474053,20
0.000954956770447186,4.289258767927362e-05,0.0,16.15013126666488,9.014172973003017,5.210355420750284,20
0.0008594610934024675,3.860332891134626e-05,0.0,7.62352184445484,4.255057958025754,2.4595006512084043,20
0.0007735149840622207,3.4742996020211634e-05,0.0,11.644839014049813,6.499550460749643,3.7568580142660615,20
0.0006961634856559987,3.126869641819047e-05,0.0,16.689595410090995,9.315274123283645,5.384397345090702,20
0.0006265471370903988,2.8141826776371422e-05,0.0,0.1574324718540315,0.08787071197302587,0.05079086476652294,20
0.0005638924233813589,2.5327644098734282e-05,0.0,0.17007901403945658,0.09492936164512496,0.05487089226237277,20
0.000507503181043223,2.2794879688860854e-05,0.0,0.0,0.0,0.0,20
0.0004567528629389007,2.051539171997477e-05,0.0,4.948215453578111,2.7618394717512875,1.5963932915398034,20
0.00041107757664501064,1.8463852547977293e-05,0.0,0.0,0.0,0.0,20
0.0003699698189805096,1.6617467293179565e-05,0.0,0.0,0.0,0.0,20
0.00033297283708245864,1.4955720563861608e-05,0.0,0.0,0.0,0.0,20
0.0002996755533742128,1.3460148507475448e-05,0.0,0.0,0.0,0.0,20
0.0002697079980367915,1.2114133656727904e-05,0.0,0.0,0.0,0.0,20
0.00024273719823311236,1.0902720291055113e-05,0.0,0.0,0.0,0.0,20
0.00021846347840980113,9.812448261949602e-06,0.0,0.0,0.0,0.0,20
0.000196617130568821,8.831203435754642e-06,0.0,0.0,0.0,0.0,20
0.0001769554175119389,7.948083092179178e-06,0.0,0.0,0.0,0.0,20
0.000159259875760745,7.15327478296126e-06,0.0,0.02792060122458511,0.015583844167764718,0.009007744490684005,20
0.00014333388818467052,6.437947304665135e-06,0.0,0.2755793556730339,0.15381422843001058,0.08890741294726207,20
0.00012900049936620346,5.794152574198621e-06,0.0,0.0,0.0,0.0,20
0.00011610044942958312,5.214737316778759e-06,0.0,3.499644289891672,1.953321521180454,1.1290552562982599,20
0.00010449040448662482,4.693263585100883e-06,0.0,25.51017714861178,14.238469371711957,8.230093464622211,20
0.0005972050049545156,4.223937226590795e-06,0.0,34.29754638193011,19.143127107235987,11.065074565578268,20
0.000537484504459064,3.8015435039317154e-06,0.0,6.027008188396152,3.36396611413597,1.9444334084227644,20
0.0004837360540131576,3.421389153538544e-06,0.0,22.968985217697874,12.820106681983312,7.410254112620558,20
0.00043536244861184186,3.0792502381846896e-06,0.0,0.0,0.0,0.0,20
0.0003918262037506577,2.771325214366221e-06,0.0,8.561058085369547,4.778342487700627,2.7619685974029093,20
0.00035264358337559195,2.4941926929295987e-06,0.0,0.09001089726695015,0.050239455272678285,0.029039316074754132,20
0.00031737922503803276,2.2447734236366388e-06,0.0,6.45561660494428,3.603193296915866,2.08271105766703,20
0.0002856413025342295,2.020296081272975e-06,0.0,9.673471607791793,5.399234525235903,3.120855452931583,20
0.00025707717228080657,1.8182664731456777e-06,0.0,26.293184792908157,14.67550398327823,8.482707394291591,20
0.00023136945505272593,1.6364398258311098e-06,0.0,8.65340187925985,4.829884045931097,2.7917605525966187,20
0.00020823250954745334,1.472795843247999e-06,0.0,5.552065245304583,3.0988773807600807,1.7912073140199243,20
0.00018740925859270802,1.3255162589231992e-06,0.0,3.016019450281154e-07,1.6833869995157074e-07,9.730282084020408e-08,20
0.00016866833273343723,1.1929646330308792e-06,0.0,13.413424524232965,7.486683967165405,4.327439079391123,20
0.0001518014994600935,1.0736681697277913e-06,0.0,18.44597063484663,10.295592476121023,5.9510391278770784,20
0.00013662134951408414,9.663013527550121e-07,0.0,11.332794864904969,6.3253834593079254,3.6561863294874892,20
0.00012295921456267575,8.69671217479511e-07,0.0,5.002176685615914,2.791957857255008,1.613802264458733,20
0.00011066329310640817,7.827040957315599e-07,0.0,0.0,0.0,0.0,20
0.004365001897928586,0.0,0.0,33.679977681372094,18.798377856030275,10.865906075574184,21
0.003928501708135727,0.0,0.0,0.550624314981248,0.30732929895794536,0.17764358830982074,21
0.0035356515373221546,0.0,0.0,0.0,0.0,0.0,21
0.003182086383589939,0.0,0.0,1.1024793647345092,0.6153455288130468,0.3556842388909755,21
0.0028638777452309454,0.0,0.0,0.40032942556816153,0.22344266020342757,0.12915513123745626,21
0.002577489970707851,0.0,0.0,1.0491997651603633,0.5856076811728823,0.3384950610894394,21
0.0023197409736370658,0.0,0.0,6.0260666300266745,3.363430895606267,1.9441424405467171,21
0.0020877668762733594,0.0,0.0,20.615858187125998,11.50667900359908,6.651132041948022,21
0.0029592138366742633,0.00016873436426191317,0.0,39.87790968266569,22.257734889712033,12.86549608795415,21
0.002663292453006837,0.00015186092783572185,0.0,0.31805917753611984,0.17752376965526004,0.10261292873401506,21
0.0023969632077061537,0.00013667483505214967,0.0,7.76355984383136,4.333207487039515,2.5046961988287832,21
0.0021572668869355386,0.00012300735154693472,0.0,1.7076961007602434,0.9531454227511472,0.550940550258973,21
0.0019415401982419847,0.00011070661639224125,0.0,17.732129551142723,9.89713457199897,5.720777372402963,21
0.0017473861784177863,9.963595475301713e-05,0.0,8.169551982458954,4.559810773440161,2.6356782466045705,21
0.0015726475605760076,8.967235927771541e-05,0.0,24.913851297147932,13.905590881426534,8.037759725872922,21
0.0017969196400864555,8.070512334994387e-05,0.0,33.17501840041472,18.516536357940566,10.702995037723143,21
0.00161722767607781,7.263461101494949e-05,0.0,24.792882305430282,13.838072403929765,7.998732452324938,21
0.001455504908470029,6.537114991345454e-05,0.0,0.8718418499359375,0.48661589627064494,0.2812754730356699,21
0.0013099544176230261,5.883403492210909e-05,0.0,1.3715941909215668,0.7655511565359604,0.4425066368318849,21
0.0011789589758607235,5.295063142989818e-05,0.0,6.313920334815657,3.5240955718442897,2.0370104153813045,21
0.0010610630782746512,4.7655568286908366e-05,0.0,10.114017670007748,5.645108426200921,3.2630059048342193,21
0.000954956770447186,4.289001145821753e-05,0.0,16.15013126666488,9.014147005898105,5.210389719136698,21
0.0008594610934024675,3.860101031239578e-05,0.0,7.62352184445484,4.255045700491232,2.459516841448206,21
0.0007735149840622207,3.4740909281156205e-05,0.0,11.644839014049813,6.49953173751134,3.7568827446649418,21
0.0006961634856559987,3.126681835304059e-05,0.0,16.689595410090995,9.315247288797424,5.3844327891488915,21
0.0006265471370903988,2.814013651773653e-05,0.0,0.1574324718540315,0.08787045884409175,0.05079119910930098,21
0.0005638924233813589,2.5326122865962878e-05,0.0,0.17007901403945658,0.09492908818235689,0.05487125346288857,21
0.000507503181043223,2.279351057936659e-05,0.0,0.0,0.0,0.0,21
0.0004567528629389007,2.0514159521429934e-05,0.0,4.948215453578111,2.7618315157274207,1.5964038001730072,21
0.00041107757664501064,1.846274356928694e-05,0.0,0.0,0.0,0.0,21
0.0003699698189805096,1.6616469212358246e-05,0.0,0.0,0.0,0.0,21
0.00033297283708245864,1.4954822291122422e-05,0.0,0.0,0.0,0.0,21
0.0002996755533742128,1.345934006201018e-05,0.0,0.0,0.0,0.0,21
0.0002697079980367915,1.2113406055809163e-05,0.0,0.0,0.0,0.0,21
0.00024273719823311236,1.0902065450228247e-05,0.0,0.0,0.0,0.0,21
0.00021846347840980113,9.811858905205422e-06,0.0,0.0,0.0,0.0,21
0.000196617130568821,8.83067301468488e-06,0.0,0.0,0.0,0.0,21
0.0001769554175119389,7.947605713216392e-06,0.0,0.0,0.0,0.0,21
0.000159259875760745,7.152845141894753e-06,0.0,0.02792060122458511,0.015583799275424883,0.009007803786274474,21
0.00014333388818467052,6.437560627705277e-06,0.0,0.2755793556730339,0.15381378533775814,0.08890799820115701,21
0.00012900049936620346,5.7938045649347495e-06,0.0,0.0,0.0,0.0,21
0.00011610044942958312,5.214424108441275e-06,0.0,3.499644289891672,1.953315894252169,1.1290626885692532,21
0.00010449040448662482,4.692981697597147e-06,0.0,25.51017714861178,14.238428354989837,8.230147641142437,21
0.0005972050049545156,4.223683527837433e-06,0.0,34.29754638193011,19.143071961678935,11.06514740402641,21
0.000537484504459064,3.8013151750536896e-06,0.0,6.027008188396152,3.3639564235674326,1.944446208111654,21
0.0004837360540131576,3.4211836575483207e-06,0.0,22.968985217697874,12.820069751134948,7.410302892355997,21
0.00043536244861184186,3.079065291793489e-06,0.0,0.0,0.0,0.0,21
0.0003918262037506577,2.77115876261414e-06,0.0,8.561058085369547,4.778328722741705,2.7619867787088976,21
0.00035264358337559195,2.494042886352726e-06,0.0,0.09001089726695015,0.05023931054800863,0.02903950723286205,21
0.00031737922503803276,2.2446385977174532e-06,0.0,6.45561660494428,3.6031829172061975,2.082724767600973,21
0.0002856413025342295,2.020174737945708e-06,0.0,9.673471607791793,5.399218971674883,3.1208759966944584,21
0.00025707717228080657,1.8181572641511371e-06,0.0,26.293184792908157,14.675461707591625,8.482763233702249,21
0.00023136945505272593,1.6363415377360235e-06,0.0,8.65340187925985,4.8298701324965405,2.791778930015137,21
0.00020823250954745334,1.4727073839624212e-06,0.0,5.552065245304583,3.0988684538319755,1.7912191050621156,21
0.00018740925859270802,1.3254366455661792e-06,0.0,3.016019450281154e-07,1.683382150187105e-07,9.730346135884024e-08,21
0.00016866833273343723,1.1928929810095612e-06,0.0,13.413424524232965,7.486662400294144,4.327467565773669,21
0.0001518014994600935,1.073603682908605e-06,0.0,18.44597063484663,10.295562817634243,5.951078301987687,21
0.00013662134951408414,9.662433146177445e-07,0.0,11.332794864904969,6.325365237792052,3.6562103971913964,21
0.00012295921456267575,8.6961898315597e-07,0.0,5.002176685615914,2.791949814469185,1.6138128876905828,21
0.00011066329310640817,7.82657084840373e-07,0.0,0.0,0.0,0.0,21
0.004365001897928586,0.0,0.0,33.679977681372094,18.79837244072948,10.865913228210248,22
0.003928501708135727,0.0,0.0,0.550624314981248,0.30732921042474265,0.17764370524622045,22
0.0035356515373221546,0.0,0.0,0.0,0.0,0.0,22
0.003182086383589939,0.0,0.0,1.1024793647345092,0.6153453515487552,0.3556844730251466,22
0.0028638777452309454,0.0,0.0,0.40032942556816153,0.22344259583568132,0.1291552162556446,22
0.002577489970707851,0.0,0.0,1.0491997651603633,0.5856075124752548,0.33849528390859157,22
0.0023197409736370658,0.0,0.0,6.0260666300266745,3.363429926693409,1.9441437203059229,22
0.0020877668762733594,0.0,0.0,20.615858187125998,11.506675688838174,6.6511364201495775,22
0.0029592138366742633,0.0001687333507376239,0.0,39.87790968266569,22.25772847786466,12.865504556848563,22
0.002663292453006837,0.0001518600156638615,0.0,0.31805917753611984,0.1775237185154958,0.10261299628042395,22
0.0023969632077061537,0.00013667401409747537,0.0,7.76355984383136,4.333206238760428,2.504697847580414,22
0.0021572668869355386,0.00012300661268772783,0.0,1.7076961007602434,0.9531451481759041,0.5509409129233677,22
0.0019415401982419847,0.00011070595141895504,0.0,17.732129551142723,9.89713172090399,5.720781138185426,22
0.0017473861784177863,9.963535627705955e-05,0.0,8.169551982458954,4.559809459882837,2.6356799815769825,22
0.0015726475605760076,8.96718206493536e-05,0.0,24.913851297147932,13.905586875604437,8.037765016841728,22
0.0017969196400864555,8.070463858441823e-05,0.0,33.17501840041472,18.516531023830627,10.703002083120714,22
0.00161722767607781,7.263417472597641e-05,0.0,24.792882305430282,13.838068417557903,7.998737717603491,22
0.001455504908470029,6.537075725337877e-05,0.0,0.8718418499359375,0.48661575608985524,0.2812756581892206,22
0.0013099544176230261,5.8833681528040895e-05,0.0,1.3715941909215668,0.7655509360015174,0.4425069281181252,22
0.0011789589758607235,5.2950313375236804e-05,0.0,6.313920334815657,3.5240945566483135,2.037011756272166,22
0.0010610630782746512,4.765528203771313e-05,0.0,10.114017670007748,5.645106799998895,3.2630080527539183,22
0.000954956770447186,4.288975383394182e-05,0.0,16.15013126666488,9.0141444091678,5.210393148949281,22
0.0008594610934024675,3.860077845054764e-05,0.0,7.62352184445484,4.255044474728426,2.4595184604598863,22
0.0007735149840622207,3.4740700605492874e-05,0.0,11.644839014049813,6.49952986517322,3.756885217686043,22
0.0006961634856559987,3.1266630544943585e-05,0.0,16.689595410090995,9.315244605328326,5.384436333527787,22
0.0006265471370903988,2.813996749044923e-05,0.0,0.1574324718540315,0.0878704335310052,0.05079123254332478,22
0.0005638924233813589,2.5325970741404306e-05,0.0,0.17007901403945658,0.09492906083587142,0.05487128958266575,22
0.000507503181043223,2.2793373667263876e-05,0.0,0.0,0.0,0.0,22
0.0004567528629389007,2.051403630053749e-05,0.0,4.948215453578111,2.7618307201189634,1.5964048510283442,22
0.00041107757664501064,1.846263267048374e-05,0.0,0.0,0.0,0.0,22
0.0003699698189805096,1.6616369403435366e-05,0.0,0.0,0.0,0.0,22
0.00033297283708245864,1.495473246309183e-05,0.0,0.0,0.0,0.0,22
0.0002996755533742128,1.3459259216782648e-05,0.0,0.0,0.0,0.0,22
0.0002697079980367915,1.2113333295104383e-05,0.0,0.0,0.0,0.0,22
0.00024273719823311236,1.0901999965593945e-05,0.0,0.0,0.0,0.0,22
0.00021846347840980113,9.81179996903455e-06,0.0,0.0,0.0,0.0,22
0.000196617130568821,8.830619972131096e-06,0.0,0.0,0.0,0.0,22
0.0001769554175119389,7.947557974917987e-06,0.0,0.0,0.0,0.0,22
0.000159259875760745,7.152802177426189e-06,0.0,0.02792060122458511,0.015583794786156641,0.009007809715788474,22
0.00014333388818467052,6.43752195968357e-06,0.0,0.2755793556730339,0.15381374102819478,0.0889080567261019,22
0.00012900049936620346,5.7937697637152135e-06,0.0,0.0,0.0,0.0,22
0.00011610044942958312,5.214392787343692e-06,0.0,3.499644289891672,1.9533153315550462,1.1290634317907062,22
0.00010449040448662482,4.692953508609323e-06,0.0,25.51017714861178,14.238424253286329,8.230153058753302,22
0.0005972050049545156,4.2236581577483905e-06,0.0,34.29754638193011,19.143066447081146,11.065154687815888,22
0.000537484504459064,3.8012923419735517e-06,0.0,6.027008188396152,3.3639554545031833,1.9444474880708198,22
0.0004837360540131576,3.4211631077761965e-06,0.0,22.968985217697874,12.820066058021931,7.41030777029248,22
0.00043536244861184186,3.079046796998577e-06,0.0,0.0,0.0,0.0,22
0.0003918262037506577,2.771142117298719e-06,0.0,8.561058085369547,4.77832734623531,2.7619885968256837,22
0.00035264358337559195,2.494027905568847e-06,0.0,0.09001089726695015,0.05023929607543121,0.02903952634852762,22
0.00031737922503803276,2.2446251150119625e-06,0.0,6.45561660494428,3.6031818792273094,2.082726138583952,22
0.0002856413025342295,2.020162603510766e-06,0.0,9.673471607791793,5.3992174163069135,3.1208780510551386,22
0.00025707717228080657,1.8181463431596895e-06,0.0,26.293184792908157,14.675457479990706,8.482768817600892,22
0.00023136945505272593,1.6363317088437206e-06,0.0,8.65340187925985,4.829868741142468,2.7917807677430275,22
0.00020823250954745334,1.4726985379593484e-06,0.0,5.552065245304583,3.0988675611323533,1.7912202841573774,22
0.00018740925859270802,1.3254286841634135e-06,0.0,3.016019450281154e-07,1.6833816652505442e-07,9.730352541021726e-08,22
0.00016866833273343723,1.1928858157470722e-06,0.0,13.413424524232965,7.4866602435905625,4.327470414390282,22
0.0001518014994600935,1.073597234172365e-06,0.0,18.44597063484663,10.295559851762931,5.951082219368987,22
0.00013662134951408414,9.662375107551285e-07,0.0,11.332794864904969,6.325363415626561,3.656212803943504,22
0.00012295921456267575,8.696137596796157e-07,0.0,5.002176685615914,2.791949010184466,1.613813950005698,22
0.00011066329310640817,7.826523837116541e-07,0.0,0.0,0.0,0.0,22
0.004365001897928586,0.0,0.0,33.679977681372094,18.798371839028928,10.865914022946981,23
0.003928501708135727,0.0,0.0,0.550624314981248,0.3073292005877125,0.17764371823914388,23
0.0035356515373221546,0.0,0.0,0.0,0.0,0.0,23
0.003182086383589939,0.0,0.0,1.1024793647345092,0.6153453318527077,0.35568449904003474,23
0.0028638777452309454,0.0,0.0,0.40032942556816153,0.223442588683704,0.1291552257021028,23
0.002577489970707851,0.0,0.0,1.0491997651603633,0.5856074937310598,0.3384953086662563,23
0.0023197409736370658,0.0,0.0,6.0260666300266745,3.3634298190363427,1.9441438625012815,23
0.0020877668762733594,0.0,0.0,20.615858187125998,11.506675320531123,6.651136906616047,23
0.0029592138366742633,0.0001687332381237205,0.0,39.87790968266569,22.25772776543663,12.865505497836118,23
0.002663292453006837,0.00015185991431134843,0.0,0.31805917753611984,0.1775237128332954,0.10261300378557478,23
0.0023969632077061537,0.0001366739228802136,0.0,7.76355984383136,4.333206100062644,2.5046980307749003,23
0.0021572668869355386,0.00012300653059219225,0.0,1.7076961007602434,0.9531451176675205,0.5509409532193809,23
0.0019415401982419847,0.00011070587753297302,0.0,17.732129551142723,9.897131404115415,5.72078155660538,23
0.0017473861784177863,9.963528977967572e-05,0.0,8.169551982458954,4.559809313931911,2.635680174351549,23
0.0015726475605760076,8.967176080170815e-05,0.0,24.913851297147932,13.905586430512749,8.037765604726701,23
0.0017969196400864555,8.070458472153733e-05,0.0,33.17501840041472,18.51653043115129,10.70300286594207,23
0.00161722767607781,7.26341262493836e-05,0.0,24.792882305430282,13.838067974627357,7.998738302633994,23
0.001455504908470029,6.537071362444524e-05,0.0,0.8718418499359375,0.48661574051420015,0.28127567876182175,23
0.0013099544176230261,5.883364226200072e-05,0.0,1.3715941909215668,0.7655509114976716,0.44250696048323834,23
0.0011789589758607235,5.295027803580065e-05,0.0,6.313920334815657,3.5240944438486745,2.0370119052599263,23
0.0010610630782746512,4.765525023222058e-05,0.0,10.114017670007748,5.645106619309643,3.26300829141148,23
0.000954956770447186,4.288972520899853e-05,0.0,16.15013126666488,9.014144120641989,5.21039353003928,23
0.0008594610934024675,3.8600752688098674e-05,0.0,7.62352184445484,4.2550443385324535,2.4595186403499363,23
0.0007735149840622207,3.4740677419288805e-05,0.0,11.644839014049813,6.499529657135492,3.7568854924659556,23
0.0006961634856559987,3.126660967735992e-05,0.0,16.689595410090995,9.315244307164864,5.384436727347363,23
0.0006265471370903988,2.813994870962393e-05,0.0,0.1574324718540315,0.08787043071843786,0.05079123625821348,23
0.0005638924233813589,2.532595383866154e-05,0.0,0.17007901403945658,0.09492905779737068,0.054871293595971274,23
0.000507503181043223,2.2793358454795387e-05,0.0,0.0,0.0,0.0,23
0.0004567528629389007,2.0514022609315848e-05,0.0,4.948215453578111,2.761830631717955,1.5964049677899594,23
0.00041107757664501064,1.8462620348384265e-05,0.0,0.0,0.0,0.0,23
0.0003699698189805096,1.6616358313545838e-05,0.0,0.0,0.0,0.0,23
0.00033297283708245864,1.4954722482191255e-05,0.0,0.0,0.0,0.0,23
0.0002996755533742128,1.345925023397213e-05,0.0,0.0,0.0,0.0,23
0.0002697079980367915,1.2113325210574916e-05,0.0,0.0,0.0,0.0,23
0.00024273719823311236,1.0901992689517425e-05,0.0,0.0,0.0,0.0,23
0.00021846347840980113,9.811793420565683e-06,0.0,0.0,0.0,0.0,23
0.000196617130568821,8.830614078509115e-06,0.0,0.0,0.0,0.0,23
0.0001769554175119389,7.947552670658204e-06,0.0,0.0,0.0,0.0,23
0.000159259875760745,7.152797403592384e-06,0.0,0.02792060122458511,0.01558379428734868,0.009007810374622864,23
0.00014333388818467052,6.437517663233146e-06,0.0,0.2755793556730339,0.15381373610490615,0.08890806322886859,23
0.00012900049936620346,5.793765896909831e-06,0.0,0.0,0.0,0.0,23
0.00011610044942958312,5.214389307218849e-06,0.0,3.499644289891672,1.953315269033096,1.1290635143708054,23
0.00010449040448662482,4.692950376496964e-06,0.0,25.51017714861178,14.238423797541143,8.23015366070961,23
0.0005972050049545156,4.223655338847268e-06,0.0,34.29754638193011,19.143065834347592,11.065155497125215,23
0.000537484504459064,3.8012898049625413e-06,0.0,6.027008188396152,3.3639553468292958,1.944447630288396,23
0.0004837360540131576,3.421160824466287e-06,0.0,22.968985217697874,12.820065647675724,7.410308312285011,23
0.00043536244861184186,3.0790447420196583e-06,0.0,0.0,0.0,0.0,23
0.0003918262037506577,2.7711402678176927e-06,0.0,8.561058085369547,4.778327193290037,2.761988798838506,23
0.00035264358337559195,2.4940262410359235e-06,0.0,0.09001089726695015,0.05023929446736584,0.029039528472488856,23
0.00031737922503803276,2.244623616932331e-06,0.0,6.45561660494428,3.603181763896234,2.082726290915278,23
0.0002856413025342295,2.020161255239098e-06,0.0,9.673471607791793,5.399217243488116,3.1208782793172625,23
0.00025707717228080657,1.8181451297151882e-06,0.0,26.293184792908157,14.675457010256912,8.482769438033605,23
0.00023136945505272593,1.6363306167436693e-06,0.0,8.65340187925985,4.829868586547453,2.7917809719348603,23
0.00020823250954745334,1.4726975550693024e-06,0.0,5.552065245304583,3.0988674619434295,1.7912204151678623,23
0.00018740925859270802,1.325427799562372e-06,0.0,3.016019450281154e-07,1.683381611368663e-07,9.730353252703152e-08,23
0.00016866833273343723,1.1928850196061349e-06,0.0,13.413424524232965,7.486660003956647,4.327470730902997,23
0.0001518014994600935,1.0735965176455214e-06,0.0,18.44597063484663,10.295559522221422,5.951082654633244,23
0.00013662134951408414,9.662368658809693e-07,0.0,11.332794864904969,6.325363213163573,3.6562130713602006,23
0.00012295921456267575,8.696131792928724e-07,0.0,5.002176685615914,2.791948920819428,1.613814068040621,23
0.00011066329310640817,7.826518613635852e-07,0.0,0.0,0.0,0.0,23
