3.3499999999999996,3.3499999999999996,3.3499999999999996,910.3952345198137,388.4849572852717,392.514466374865,1
3.3499999999999996,3.3499999999999996,3.3499999999999996,1011.453834653744,431.60880555216943,436.08561108223233,1
3.3499999999999996,3.3499999999999996,3.3499999999999996,983.4993545107997,419.6800359227989,424.0331118598677,1
3.3499999999999996,3.3499999999999996,3.3499999999999996,1138.0809577631937,485.64328491571536,490.6805559713121,1
3.3499999999999996,3.3499999999999996,3.3499999999999996,1172.804801729592,500.4606856759267,505.6516482707393,1
3.3499999999999996,3.3499999999999996,3.3499999999999996,992.8477896789709,423.669211502026,428.0636646377611,1
3.3499999999999996,3.3499999999999996,3.3499999999999996,914.9346850537639,390.42203711600087,394.4716383111925,1
3.3499999999999996,3.3499999999999996,3.3499999999999996,945.6650511294937,403.53533615319037,407.7209533167587,1
3.3499999999999996,3.3499999999999996,3.3499999999999996,864.715275043654,368.9923496429997,372.819674225313,1
3.3499999999999996,3.3499999999999996,3.3499999999999996,908.715556223708,387.7682029280722,391.79027757743006,1
3.3499999999999996,3.3499999999999996,3.3499999999999996,889.6313311299124,379.62455927829404,383.56216505570757,1
3.3499999999999996,3.3499999999999996,3.3499999999999996,872.9211094499241,372.4939532410143,376.35759774578975,1
3.3499999999999996,3.3499999999999996,3.3499999999999996,1021.9790178696799,436.1001244837972,440.62351562836034,1
3.3499999999999996,3.3499999999999996,3.3499999999999996,1096.044578480528,467.7054702272768,472.5566836608755,1
3.3499999999999996,3.3499999999999996,3.3499999999999996,911.0749061496913,388.7749875864959,392.8075049772168,1
3.3499999999999996,3.3499999999999996,3.3499999999999996,1126.3688033816836,480.64546021047136,485.63089198709395,1
3.3499999999999996,3.3499999999999996,3.3499999999999996,1086.2797905364155,463.5386280871496,468.3466214990622,1
3.3499999999999996,3.3499999999999996,3.3499999999999996,985.7904476392436,420.6576939578933,425.02091052425834,1
3.3499999999999996,3.3499999999999996,3.3499999999999996,960.7216603447446,409.96031067640723,414.2125700426045,1
3.3499999999999996,3.3499999999999996,3.3499999999999996,769.0313135457203,328.1619736854449,331.5657905669653,1
3.3499999999999996,3.3499999999999996,3.3499999999999996,986.5146450930374,420.9667243726359,425.33314631630515,1
3.3499999999999996,3.3499999999999996,3.3499999999999996,1033.8973938552892,441.18594832174966,445.76209150470913,1
3.3499999999999996,3.3499999999999996,3.3499999999999996,1019.1246458238245,434.8821033867345,439.39286076777654,1
3.3499999999999996,3.3499999999999996,3.3499999999999996,938.1896538129807,400.34542555493505,404.4979557906581,1
3.3499999999999996,3.3499999999999996,3.3499999999999996,953.0868134636308,406.70235956679545,410.9208262638985,1
3.3499999999999996,3.3499999999999996,3.3499999999999996,892.4413064007455,380.8236353297389,384.7736783656815,1
3.3499999999999996,3.3499999999999996,3.3499999999999996,820.5980332745585,350.1665867936908,353.79864362857336,1
3.3499999999999996,3.3499999999999996,3.3499999999999996,861.2827385420779,367.5276135090301,371.33974530857273,1
3.3499999999999996,3.3499999999999996,3.3499999999999996,810.4523497371233,345.83720842458126,349.42435935213473,1
3.3499999999999996,3.3499999999999996,3.3499999999999996,813.8868956726201,347.3028020266278,350.9051546309266,1
3.3499999999999996,3.3499999999999996,3.3499999999999996,1079.1939494393268,460.5149493907374,465.2915800933284,1
3.3499999999999996,3.3499999999999996,3.3499999999999996,1032.428628476548,440.5591949801385,445.1288372465512,1
3.3499999999999996,3.3499999999999996,3.3499999999999996,997.182584118977,425.5189602364361,429.9325996474672,1
3.3499999999999996,3.3499999999999996,3.3499999999999996,1067.365204886279,455.4673731862629,460.1916485690018,1
3.3499999999999996,3.3499999999999996,3.3499999999999996,882.4792176261478,376.5726007402257,380.47855047938197,1
3.3499999999999996,3.3499999999999996,3.3499999999999996,890.8425769469919,380.1414235606058,384.0843904447612,1
3.3499999999999996,3.3499999999999996,3.3499999999999996,843.7532870993991,360.0474247550378,363.78196928122316,1
3.3499999999999996,3.3499999999999996,3.3499999999999996,926.0991671816222,395.18615845374137,399.28517487048623,1
3.3499999999999996,3.3499999999999996,3.3499999999999996,1160.0056189350707,494.99900288950636,500.1333148984477,1
3.3499999999999996,3.3499999999999996,3.3499999999999996,1133.921993982372,483.86856685318537,488.88742987925514,1
3.3499999999999996,3.3499999999999996,3.3499999999999996,1071.5884806126096,457.26953452008513,462.0125025840703,1
3.3499999999999996,3.3499999999999996,3.3499999999999996,1052.8978542230825,449.2938477861796,453.9540890892252,1
3.3499999999999996,3.3499999999999996,3.3499999999999996,1257.8327564138722,536.743917497762,542.3112231392851,1
3.3499999999999996,3.3499999999999996,3.3499999999999996,1194.8417624255344,509.8643242386614,515.1528248368205,1
3.3499999999999996,3.3499999999999996,3.3499999999999996,1295.4649326237945,552.8023653159502,558.5362350939595,1
3.3499999999999996,3.3499999999999996,3.3499999999999996,1241.4506777569181,529.7533370487689,535.2481338146392,1
3.3499999999999996,3.3499999999999996,3.3499999999999996,1345.4836117814796,574.1463966764484,580.1016546105826,1
3.3499999999999996,3.3499999999999996,3.3499999999999996,1276.464782716062,544.6945983314134,550.3443713634671,1
3.3499999999999996,3.3499999999999996,3.3499999999999996,1263.8775567987263,539.3233620403806,544.9174226309323,1
3.3499999999999996,3.3499999999999996,3.3499999999999996,1192.6938246951377,508.94775364843343,514.2267472387784,1
3.3499999999999996,3.3499999999999996,3.3499999999999996,1194.6113726402032,509.76601203038126,515.0534928980992,1
3.3499999999999996,3.3499999999999996,3.3499999999999996,1304.5690343881497,556.6872786491266,562.4614441793775,1
3.3499999999999996,3.3499999999999996,3.3499999999999996,1093.1167236585113,466.4560924709571,471.29434689821323,1
3.3499999999999996,3.3499999999999996,3.3499999999999996,936.0611198769667,399.4371349753507,403.5802440865805,1
3.3499999999999996,3.3499999999999996,3.3499999999999996,951.4905486853002,406.02119952694426,410.2326009811839,1
3.3499999999999996,3.3499999999999996,3.3499999999999996,990.7228543027759,422.76245650424687,427.14750444310874,1
3.3499999999999996,3.3499999999999996,3.3499999999999996,880.4619614110653,375.7117947245141,379.60881586656615,1
3.3499999999999996,3.3499999999999996,3.3499999999999996,843.2895060546202,359.8495195458067,363.58201132625635,1
3.3499999999999996,3.3499999999999996,3.3499999999999996,833.3636630859155,355.6139518104906,359.3025107220635,1
3.3499999999999996,3.3499999999999996,3.3499999999999996,987.8919614052436,421.55445445779816,425.92697255442266,1
3.3499999999999996,3.3499999999999996,3.3499999999999996,1096.9737476198072,446.5927845489895,398.40192252037764,2
3.3499999999999996,3.3499999999999996,3.3499999999999996,1218.743531901028,496.1669034867273,442.62660544263844,2
3.3499999999999996,3.3499999999999996,3.3499999999999996,1185.059995693434,482.45388231275143,430.3933267415685,2
3.3499999999999996,3.3499999999999996,3.3499999999999996,1371.321911620858,558.2836164973182,498.0404382233409,2
3.3499999999999996,3.3499999999999996,3.3499999999999996,1413.1621407908585,575.3173372146481,513.236086958044,2
3.3499999999999996,3.3499999999999996,3.3499999999999996,1196.3243208699807,487.03974077798307,434.48433513257913,2
3.3499999999999996,3.3499999999999996,3.3499999999999996,1102.443523685791,448.8196040416779,400.38845073508867,2
3.3499999999999996,3.3499999999999996,3.3499999999999996,1139.471842334232,463.89433118829857,413.83649666075,2
3.3499999999999996,3.3499999999999996,3.3499999999999996,1041.9320311897843,424.18456059634195,378.41172157698855,2
3.3499999999999996,3.3499999999999996,3.3499999999999996,1094.949832153854,445.7688213086722,397.66687137224943,2
3.3499999999999996,3.3499999999999996,3.3499999999999996,1071.9544416599626,436.4070881817483,389.31534263079027,2
3.3499999999999996,3.3499999999999996,3.3499999999999996,1051.8195883514181,428.2099182630887,382.00271159910386,2
3.3499999999999996,3.3499999999999996,3.3499999999999996,1231.4257706023982,501.33001364159566,447.23257554124046,2
3.3499999999999996,3.3499999999999996,3.3499999999999996,1320.6704991687752,537.6627444141013,479.6447198726805,2
3.3499999999999996,3.3499999999999996,3.3499999999999996,1097.79271273156,446.92619627420146,398.6993565070226,2
3.3499999999999996,3.3499999999999996,3.3499999999999996,1357.2094411273545,552.5382397203131,492.9150326351732,2
3.3499999999999996,3.3499999999999996,3.3499999999999996,1308.9044929117067,532.8726448253315,475.3715095762865,2
3.3499999999999996,3.3499999999999996,3.3499999999999996,1187.8206307670355,483.5777740260383,431.39594172947176,2
3.3499999999999996,3.3499999999999996,3.3499999999999996,1157.6141880001915,471.28032441447317,420.4254833234031,2
3.3499999999999996,3.3499999999999996,3.3499999999999996,926.6383764653501,377.2469612089953,336.5390570795198,2
3.3499999999999996,3.3499999999999996,3.3499999999999996,1188.693246928437,483.93302781602955,431.7128608508994,2
3.3499999999999996,3.3499999999999996,3.3499999999999996,1245.7867262343461,507.1765520645726,452.44822664083347,2
3.3499999999999996,3.3499999999999996,3.3499999999999996,1227.9864169222412,499.9298064439277,445.98346167559384,2
3.3499999999999996,3.3499999999999996,3.3499999999999996,1130.4644197354444,460.22728815401416,410.56515631363874,2
3.3499999999999996,3.3499999999999996,3.3499999999999996,1148.414637872827,467.53506367610805,417.0843655755837,2
3.3499999999999996,3.3499999999999996,3.3499999999999996,1075.3402997869448,437.78551661934574,390.5450278352883,2
3.3499999999999996,3.3499999999999996,3.3499999999999996,988.773299461998,402.54292507232327,359.10538816194753,2
3.3499999999999996,3.3499999999999996,3.3499999999999996,1037.7960226879804,422.50073583959943,376.9095947100015,2
3.3499999999999996,3.3499999999999996,3.3499999999999996,976.5483359843553,397.56597781872097,354.66549252834454,2
3.3499999999999996,3.3499999999999996,3.3499999999999996,980.6867657381329,399.2507882997466,356.16849875223835,2
3.3499999999999996,3.3499999999999996,3.3499999999999996,1300.366463088416,529.396697910814,472.27064457973023,2
3.3499999999999996,3.3499999999999996,3.3499999999999996,1244.0169486687357,506.456051785716,451.80547398963967,2
3.3499999999999996,3.3499999999999996,3.3499999999999996,1201.547498146961,489.1661665829588,436.381302925408,2
3.3499999999999996,3.3499999999999996,3.3499999999999996,1286.1135081629232,523.5941280297767,467.0942174717584,2
3.3499999999999996,3.3499999999999996,3.3499999999999996,1063.336557409102,432.8986314544443,386.18547588507215,2
3.3499999999999996,3.3499999999999996,3.3499999999999996,1073.413923007041,437.00126269157875,389.8454010536286,2
3.3499999999999996,3.3499999999999996,3.3499999999999996,1016.6740447671082,413.9016941986012,369.23845706485065,2
3.3499999999999996,3.3499999999999996,3.3499999999999996,1115.8960807024043,454.2963211558195,405.2741871438794,2
3.3499999999999996,3.3499999999999996,3.3499999999999996,1397.7398637575404,569.0387205573765,507.6349822524414,2
3.3499999999999996,3.3499999999999996,3.3499999999999996,1366.3106001465956,556.2434441136223,496.22041643154625,2
3.3499999999999996,3.3499999999999996,3.3499999999999996,1291.2023118221255,525.6658485254746,468.94238308698306,2
3.3499999999999996,3.3499999999999996,3.3499999999999996,1268.681185064805,516.4971945521634,460.7630987450287,2
3.3499999999999996,3.3499999999999996,3.3499999999999996,1515.6159219243448,617.0276511608614,550.4455310870659,2
3.3499999999999996,3.3499999999999996,3.3499999999999996,1439.7154073768031,586.1275296091507,522.8797748584975,2
3.3499999999999996,3.3499999999999996,3.3499999999999996,1560.9605237003648,635.4880491561253,566.9139074385375,2
3.3499999999999996,3.3499999999999996,3.3499999999999996,1495.876462031851,608.9914512262598,543.2765001164092,2
3.3499999999999996,3.3499999999999996,3.3499999999999996,1621.2301470969978,660.0246244340872,588.8027939163566,2
3.3499999999999996,3.3499999999999996,3.3499999999999996,1538.0664389563726,626.1675589641726,558.5991711960871,2
3.3499999999999996,3.3499999999999996,3.3499999999999996,1522.899557734768,619.9929173810198,553.0908218391072,2
3.3499999999999996,3.3499999999999996,3.3499999999999996,1437.1272663009,585.0738625251375,521.9398067119207,2
3.3499999999999996,3.3499999999999996,3.3499999999999996,1439.4378009739519,586.0145123042907,522.7789530067076,2
3.3499999999999996,3.3499999999999996,3.3499999999999996,1571.930441218029,639.9540502989205,570.8979920516929,2
3.3499999999999996,3.3499999999999996,3.3499999999999996,1317.1426029816996,536.2264903695498,478.3634488974791,2
3.3499999999999996,3.3499999999999996,3.3499999999999996,1127.899659112596,459.1831395672821,409.63367954387604,2
3.3499999999999996,3.3499999999999996,3.3499999999999996,1146.4912308846494,466.7520187905445,416.38581737099656,2
3.3499999999999996,3.3499999999999996,3.3499999999999996,1193.7638963041557,485.9973574584547,433.55443314385195,2
3.3499999999999996,3.3499999999999996,3.3499999999999996,1060.9058800216753,431.90906995842255,385.3026958310564,2
3.3499999999999996,3.3499999999999996,3.3499999999999996,1016.1152153582146,413.67418722102116,369.0354998734436,2
3.3499999999999996,3.3499999999999996,3.3499999999999996,1004.1551470858793,408.80508237258897,364.6918096041805,2
3.3499999999999996,3.3499999999999996,3.3499999999999996,1190.3528336434924,484.6086679157907,432.3155940879543,2
3.3499999999999996,3.3499999999999996,3.3499999999999996,929.4198507918417,395.30190157721165,393.3323884142107,3
3.3499999999999996,3.3499999999999996,3.3499999999999996,1032.5902821564687,439.1824660715376,436.9943267166902,3
3.3499999999999996,3.3499999999999996,3.3499999999999996,1004.0516345688386,427.04437621879697,424.91671248433823,3
3.3499999999999996,3.3499999999999996,3.3499999999999996,1161.8635443662167,494.16511608817467,491.703036606775,3
3.3499999999999996,3.3499999999999996,3.3499999999999996,1197.3130158204378,509.24252536001427,506.7053256833756,3
3.3499999999999996,3.3499999999999996,3.3499999999999996,1013.5954248806603,431.10355190274987,428.95566413215926,3
3.3499999999999996,3.3499999999999996,3.3499999999999996,934.0541626576835,397.2729723387284,395.29363870738536,3
3.3499999999999996,3.3499999999999996,3.3499999999999996,965.4267041318797,410.6163771428047,408.5705626488702,3
3.3499999999999996,3.3499999999999996,3.3499999999999996,882.7853128343764,375.46724717634567,373.59655623699246,3
3.3499999999999996,3.3499999999999996,3.3499999999999996,927.7050720977635,394.5725699646194,392.60669055143217,3
3.3499999999999996,3.3499999999999996,3.3499999999999996,908.2220421272597,386.2860256334817,384.3614322805711,3
3.3499999999999996,3.3499999999999996,3.3499999999999996,891.1626253469149,379.0302952040928,377.1418520860554,3
3.3499999999999996,3.3499999999999996,3.3499999999999996,1043.3354111325355,443.7525964741891,441.54168735287016,3
3.3499999999999996,3.3499999999999996,3.3499999999999996,1118.948726845965,475.91253738852515,473.5413977530109,3
3.3499999999999996,3.3499999999999996,3.3499999999999996,930.1137255847623,395.59702118850925,393.62603765069656,3
3.3499999999999996,3.3499999999999996,3.3499999999999996,1149.906639974625,489.07959199597224,486.6428501276737,3
3.3499999999999996,3.3499999999999996,3.3499999999999996,1108.9798831944297,471.6725775376349,469.32256265943573,3
3.3499999999999996,3.3499999999999996,3.3499999999999996,1006.3906048894726,428.03918971959706,425.90656952457806,3
3.3499999999999996,3.3499999999999996,3.3499999999999996,980.7979527496854,417.1540939809569,415.0757066121707,3
3.3499999999999996,3.3499999999999996,3.3499999999999996,785.1018344432707,333.9203997233005,332.25670769443445,3
3.3499999999999996,3.3499999999999996,3.3499999999999996,1007.1299359667096,428.3536428491251,426.21945595388206,3
3.3499999999999996,3.3499999999999996,3.3499999999999996,1055.502846560807,448.9276638649015,446.69097099879224,3
3.3499999999999996,3.3499999999999996,3.3499999999999996,1040.4213910010892,442.5132021378044,440.3084680524515,3
3.3499999999999996,3.3499999999999996,3.3499999999999996,957.795092722811,407.37049155134343,405.34084903728683,3
3.3499999999999996,3.3499999999999996,3.3499999999999996,973.0035597432171,413.8389739364773,411.77710349447176,3
3.3499999999999996,3.3499999999999996,3.3499999999999996,911.0907377200305,387.50614248584117,385.57547014319744,3
3.3499999999999996,3.3499999999999996,3.3499999999999996,837.7461488453343,356.31113903517814,354.535889597587,3
3.3499999999999996,3.3499999999999996,3.3499999999999996,879.2810462892918,373.97680856808336,372.1135434428888,3
3.3499999999999996,3.3499999999999996,3.3499999999999996,827.3884499888395,351.9057908489433,350.1524901831789,3
3.3499999999999996,3.3499999999999996,3.3499999999999996,830.8947679591777,353.3971019717132,351.63637114466025,3
3.3499999999999996,3.3499999999999996,3.3499999999999996,1101.7459685983538,468.59584080424185,466.2611551553514,3
3.3499999999999996,3.3499999999999996,3.3499999999999996,1054.0033882514963,448.2899125617619,446.0563971647749,3
3.3499999999999996,3.3499999999999996,3.3499999999999996,1018.0208039345927,432.98575912452264,430.82849363051605,3
3.3499999999999996,3.3499999999999996,3.3499999999999996,1089.6700376392605,463.45969219779903,461.15059638859117,3
3.3499999999999996,3.3499999999999996,3.3499999999999996,900.9204702236883,383.18051281758324,381.2713920650936,3
3.3499999999999996,3.3499999999999996,3.3499999999999996,909.4585994640038,386.8119595977796,384.8847458834151,3
3.3499999999999996,3.3499999999999996,3.3499999999999996,861.3852802235667,366.36536111520735,364.540018514261,3
3.3499999999999996,3.3499999999999996,3.3499999999999996,945.4519500361678,402.1206921508766,400.11720571899696,3
3.3499999999999996,3.3499999999999996,3.3499999999999996,1184.2463672791414,503.68500363157796,501.1754932024592,3
3.3499999999999996,3.3499999999999996,3.3499999999999996,1157.6176703215676,492.35925613986683,489.9061739967661,3
3.3499999999999996,3.3499999999999996,3.3499999999999996,1093.981567562294,465.2934769785204,462.97524470108556,3
3.3499999999999996,3.3499999999999996,3.3499999999999996,1074.9003613658194,457.17783678918397,454.90003907610435,3
3.3499999999999996,3.3499999999999996,3.3499999999999996,1284.1178078045277,546.1624376129,543.4412918108601,3
3.3499999999999996,3.3499999999999996,3.3499999999999996,1219.810484991321,518.8111743794514,516.2263008107298,3
3.3499999999999996,3.3499999999999996,3.3499999999999996,1322.536387199274,562.5026712303546,559.700113461745,3
3.3499999999999996,3.3499999999999996,3.3499999999999996,1267.393391283348,539.0491898724315,536.3634844135839,3
3.3499999999999996,3.3499999999999996,3.3499999999999996,1373.6003114783384,584.2212372286072,581.310471021221,3
3.3499999999999996,3.3499999999999996,3.3499999999999996,1303.1391893420364,554.2526331106577,551.4911795173814,3
3.3499999999999996,3.3499999999999996,3.3499999999999996,1290.2889269610564,548.7871449885355,546.0529221036261,3
3.3499999999999996,3.3499999999999996,3.3499999999999996,1217.6176616007763,517.878520256165,515.2982934512586,3
3.3499999999999996,3.3499999999999996,3.3499999999999996,1219.5752807286149,518.7111370365568,516.1267618840147,3
3.3499999999999996,3.3499999999999996,3.3499999999999996,1331.8307382487762,566.4557551252854,563.6335019017982,3
3.3499999999999996,3.3499999999999996,3.3499999999999996,1115.9596883617576,474.6412361615415,472.2764305317344,3
3.3499999999999996,3.3499999999999996,3.3499999999999996,955.6220786095956,406.4462627322836,404.4212250046384,3
3.3499999999999996,3.3499999999999996,3.3499999999999996,971.3739376671713,413.14586123292986,411.08744408722157,3
3.3499999999999996,3.3499999999999996,3.3499999999999996,1011.4260845267127,430.1808856111345,428.0375948419728,3
3.3499999999999996,3.3499999999999996,3.3499999999999996,898.8610592125797,382.30460179833113,380.3998450984178,3
3.3499999999999996,3.3499999999999996,3.3499999999999996,860.9118075019462,366.1639831620228,364.33964388670665,3
3.3499999999999996,3.3499999999999996,3.3499999999999996,850.7785432435687,361.8540917527653,360.0512256548557,3
3.3499999999999996,3.3499999999999996,3.3499999999999996,1008.5360341895973,428.95168613477074,426.8145196077109,3
3.3499999999999996,3.3499999999999996,3.3499999999999996,912.300884194641,389.1722603563129,392.5986382685012,4
3.3499999999999996,3.3499999999999996,3.3499999999999996,1013.5710213414878,432.37240283433295,436.17912649329804,4
3.3499999999999996,3.3499999999999996,3.3499999999999996,985.5580265622905,420.422528964383,424.1240426994857,4
3.3499999999999996,3.3499999999999996,3.3499999999999996,1140.4632017873867,486.50247937072254,490.7857788741722,4
3.3499999999999996,3.3499999999999996,3.3499999999999996,1175.2597300995003,501.34609490413516,505.76008161626254,4
3.3499999999999996,3.3499999999999996,3.3499999999999996,994.9260299814398,424.4187621466785,428.15545980032465,4
3.3499999999999996,3.3499999999999996,3.3499999999999996,916.8498367581558,391.1127672461639,394.5562299062211,4
3.3499999999999996,3.3499999999999996,3.3499999999999996,947.644527986192,404.24926617959323,407.80838613173944,4
3.3499999999999996,3.3499999999999996,3.3499999999999996,866.5253069069845,369.64516661916434,372.8996227129553,4
3.3499999999999996,3.3499999999999996,3.3499999999999996,910.6176899767933,388.4542379256357,391.8742941740067,4
3.3499999999999996,3.3499999999999996,3.3499999999999996,891.493517565651,380.2961866361664,383.644417192955,4
3.3499999999999996,3.3499999999999996,3.3499999999999996,874.748317859303,373.15296521356504,376.43830491558975,4
3.3499999999999996,3.3499999999999996,3.3499999999999996,1024.1182359908191,436.8716677552117,440.71800416029555,4
3.3499999999999996,3.3499999999999996,3.3499999999999996,1098.3388314767874,468.5329293090296,472.6580200301604,4
3.3499999999999996,3.3499999999999996,3.3499999999999996,912.9819785209161,389.4628037757753,392.89173971086586,4
3.3499999999999996,3.3499999999999996,3.3499999999999996,1128.726531390917,481.4958125721,485.7350320259677,4
3.3499999999999996,3.3499999999999996,3.3499999999999996,1088.553603767324,464.3587152402197,468.44705505091014,4
3.3499999999999996,3.3499999999999996,3.3499999999999996,987.8539154329676,421.40191666070996,425.1120531901687,4
3.3499999999999996,3.3499999999999996,3.3499999999999996,962.7326538673558,410.68560769305856,414.3013949379272,4
3.3499999999999996,3.3499999999999996,3.3499999999999996,770.6410586509475,328.74255403503963,331.63689245708105,4
3.3499999999999996,3.3499999999999996,3.3499999999999996,988.5796287851208,421.7114938084703,425.424355938927,4
3.3499999999999996,3.3499999999999996,3.3499999999999996,1036.0615596567989,441.9664893735855,445.85768196714423,4
3.3499999999999996,3.3499999999999996,3.3499999999999996,1021.2578891408845,435.65149174938136,439.4870853946612,4
3.3499999999999996,3.3499999999999996,3.3499999999999996,940.1534830828671,401.053712028584,404.5846974570871,4
3.3499999999999996,3.3499999999999996,3.3499999999999996,955.0818256377852,407.4218926542112,411.008945268532,4
3.3499999999999996,3.3499999999999996,3.3499999999999996,894.3093747087282,381.4973840790247,384.8561903032122,4
3.3499999999999996,3.3499999999999996,3.3499999999999996,822.3157184248969,350.7860974490355,353.8745131935225,4
3.3499999999999996,3.3499999999999996,3.3499999999999996,863.0855853809048,368.1778390910513,371.41937643614284,4
3.3499999999999996,3.3499999999999996,3.3499999999999996,812.148797827116,346.4490595940361,349.4992908834002,4
3.3499999999999996,3.3499999999999996,3.3499999999999996,815.5905329932864,347.9172461072485,350.98040370804915,4
3.3499999999999996,3.3499999999999996,3.3499999999999996,1081.452930506939,461.32968708660206,465.39135851360214,4
3.3499999999999996,3.3499999999999996,3.3499999999999996,1034.589719841637,441.33862718724697,445.22429191218225,4
3.3499999999999996,3.3499999999999996,3.3499999999999996,999.2698980625436,426.2717834350499,430.0247955896512,4
3.3499999999999996,3.3499999999999996,3.3499999999999996,1069.5994258910564,456.2731807689749,460.2903333457779,4
3.3499999999999996,3.3499999999999996,3.3499999999999996,884.3264331764336,377.2388286085257,380.5601413577452,4
3.3499999999999996,3.3499999999999996,3.3499999999999996,892.7072987762716,380.8139653487589,384.1667545694734,4
3.3499999999999996,3.3499999999999996,3.3499999999999996,845.5194410907955,360.684416474058,363.85997969828605,4
3.3499999999999996,3.3499999999999996,3.3499999999999996,928.037688507174,395.88531721200144,399.3707986936796,4
3.3499999999999996,3.3499999999999996,3.3499999999999996,1162.4337559097632,495.8747493720106,500.24056487721754,4
3.3499999999999996,3.3499999999999996,3.3499999999999996,1136.295532416206,484.7246214976239,488.9922682591701,4
3.3499999999999996,3.3499999999999996,3.3499999999999996,1073.831541826243,458.07853046568226,462.11157782984475,4
3.3499999999999996,3.3499999999999996,3.3499999999999996,1055.1017920046602,450.088733239509,454.0514362664017,4
3.3499999999999996,3.3499999999999996,3.3499999999999996,1260.4656662670432,537.6935185979871,542.4275178659824,4
3.3499999999999996,3.3499999999999996,3.3499999999999996,1197.342818812585,510.7663702749157,515.2632956410663,4
3.3499999999999996,3.3499999999999996,3.3499999999999996,1298.1766145768604,553.7803768354066,558.6560091573374,4
3.3499999999999996,3.3499999999999996,3.3499999999999996,1244.049296456443,530.6905704953156,535.3629139128213,4
3.3499999999999996,3.3499999999999996,3.3499999999999996,1348.2999934035001,575.1621698081046,580.2260532224885,4
3.3499999999999996,3.3499999999999996,3.3499999999999996,1279.1366933389183,545.6582656837581,550.4623887408073,4
3.3499999999999996,3.3499999999999996,3.3499999999999996,1266.5231196969166,540.2775266639094,545.0342762382958,4
3.3499999999999996,3.3499999999999996,3.3499999999999996,1195.190384994465,509.84817809865274,514.3370194523691,4
3.3499999999999996,3.3499999999999996,3.3499999999999996,1197.111946772731,510.66788413381937,515.163942401328,4
3.3499999999999996,3.3499999999999996,3.3499999999999996,1307.2997731507298,557.6721633120975,562.5820599755065,4
3.3499999999999996,3.3499999999999996,3.3499999999999996,1095.4048480357076,467.28134116810486,471.39541256849236,4
3.3499999999999996,3.3499999999999996,3.3499999999999996,938.0204936753729,400.1438145118634,403.6667889563599,4
3.3499999999999996,3.3499999999999996,3.3499999999999996,953.4822195398381,406.73952751393455,410.320572400874,4
3.3499999999999996,3.3499999999999996,3.3499999999999996,992.7966466663111,423.51040292849655,427.23910314173247,4
3.3499999999999996,3.3499999999999996,3.3499999999999996,882.304954417664,376.3764996648165,379.69022023662046,4
3.3499999999999996,3.3499999999999996,3.3499999999999996,845.0546892542509,360.48616113323106,363.6599788637793,4
3.3499999999999996,3.3499999999999996,3.3499999999999996,835.108069397983,356.2430998807081,359.3795605515768,4
3.3499999999999996,3.3499999999999996,3.3499999999999996,989.9598281115202,422.3002636988681,426.01830951879435,4
3.3499999999999996,3.3499999999999996,3.3499999999999996,910.5858308832861,388.553738110294,392.5229072845495,5
3.3499999999999996,3.3499999999999996,3.3499999999999996,1011.6655882036262,431.6852214060555,436.09498897673865,5
3.3499999999999996,3.3499999999999996,3.3499999999999996,983.7052556330152,419.7543398014302,424.04223056887605,5
3.3499999999999996,3.3499999999999996,3.3499999999999996,1138.3192214135977,485.7292675134368,490.6911079142638,5
3.3499999999999996,3.3499999999999996,3.3499999999999996,1173.0503350120578,500.5492916777976,505.6625221626862,5
3.3499999999999996,3.3499999999999996,3.3499999999999996,993.0556479486754,423.74422165970964,428.0728700226373,5
3.3499999999999996,3.3499999999999996,3.3499999999999996,915.1262317767408,390.4911608988298,394.4801213092916,5
3.3499999999999996,3.3499999999999996,3.3499999999999996,945.863031427472,403.60678163087425,407.7297212375318,5
3.3499999999999996,3.3499999999999996,3.3499999999999996,864.8963080506528,369.0576793237491,372.8276916042082,5
3.3499999999999996,3.3499999999999996,3.3499999999999996,908.9058009370807,387.83685685254136,391.79870291364466,5
3.3499999999999996,3.3499999999999996,3.3499999999999996,889.8175804534097,379.6917713798084,383.5704134487504,5
3.3499999999999996,3.3499999999999996,3.3499999999999996,873.103860394515,372.55990287674484,376.36569120670356,5
3.3499999999999996,3.3499999999999996,3.3499999999999996,1022.1929749258742,436.17733552065164,440.63299110918706,5
3.3499999999999996,3.3499999999999996,3.3499999999999996,1096.2740415784672,467.7882769550701,472.56684585521305,5
3.3499999999999996,3.3499999999999996,3.3499999999999996,911.2656448062428,388.84381976105726,392.81595218861156,5
3.3499999999999996,3.3499999999999996,3.3499999999999996,1126.6046150266848,480.7305579489464,485.6413353384873,5
3.3499999999999996,3.3499999999999996,3.3499999999999996,1086.5072093210701,463.62069708022557,468.35669315723504,5
3.3499999999999996,3.3499999999999996,3.3499999999999996,985.9968284146934,420.73217092978086,425.0300504755903,5
3.3499999999999996,3.3499999999999996,3.3499999999999996,960.9227928285582,410.0328936886088,414.22147756371135,5
3.3499999999999996,3.3499999999999996,3.3499999999999996,769.1923145771411,328.2200743940251,331.57292079306507,5
3.3499999999999996,3.3499999999999996,3.3499999999999996,986.7211774832979,421.0412560580109,425.3422929821773,5
3.3499999999999996,3.3499999999999996,3.3499999999999996,1034.113846090539,441.264059797998,445.7716774891187,5
3.3499999999999996,3.3499999999999996,3.3499999999999996,1019.3380053011747,434.9590987743228,439.4023097837275,5
3.3499999999999996,3.3499999999999996,3.3499999999999996,938.3860690944805,400.41630626253306,404.5066544018047,5
3.3499999999999996,3.3499999999999996,3.3499999999999996,953.2863475493026,406.77436576241496,410.92966299701067,5
3.3499999999999996,3.3499999999999996,3.3499999999999996,892.6281440083725,380.8910597263204,384.78195281196633,5
3.3499999999999996,3.3499999999999996,3.3499999999999996,820.769830088826,350.2285833942882,353.8062519657258,5
3.3499999999999996,3.3499999999999996,3.3499999999999996,861.4630529282515,367.59268385989344,371.3477308620262,5
3.3499999999999996,3.3499999999999996,3.3499999999999996,810.6220224954711,345.89843851360484,349.43187362157335,5
3.3499999999999996,3.3499999999999996,3.3499999999999996,814.0572874724793,347.3642915973511,350.9127007444378,5
3.3499999999999996,3.3499999999999996,3.3499999999999996,1079.4198847632888,460.59648304489895,465.3015860537222,5
3.3499999999999996,3.3499999999999996,3.3499999999999996,1032.6447732175038,440.63719549041224,445.1384096130117,5
3.3499999999999996,3.3499999999999996,3.3499999999999996,997.3913499022816,425.59429789005407,429.94184522324844,5
3.3499999999999996,3.3499999999999996,3.3499999999999996,1067.58866379603,455.54801317273086,460.20154485684833,5
3.3499999999999996,3.3499999999999996,3.3499999999999996,882.6639696144514,376.63927249591154,380.4867325601883,5
3.3499999999999996,3.3499999999999996,3.3499999999999996,891.0290798516146,380.2087271723605,384.0926500681095,5
3.3499999999999996,3.3499999999999996,3.3499999999999996,843.929931596307,360.11117074689,363.7897923068965,5
3.3499999999999996,3.3499999999999996,3.3499999999999996,926.2930512517347,395.25612571889826,399.2937613822921,5
3.3499999999999996,3.3499999999999996,3.3499999999999996,1160.2484726366208,495.086641906579,500.14407012023696,5
3.3499999999999996,3.3499999999999996,3.3499999999999996,1134.1593869303135,483.95423523906857,488.8979432615508,5
3.3499999999999996,3.3499999999999996,3.3499999999999996,1071.8128236888908,457.35049357719157,462.022438028854,5
3.3499999999999996,3.3499999999999996,3.3499999999999996,1053.118284311591,449.37339475691476,453.9638512401654,5
3.3499999999999996,3.3499999999999996,3.3499999999999996,1258.0960907769474,536.838947405044,542.3228853847502,5
3.3499999999999996,3.3499999999999996,3.3499999999999996,1195.0919092696834,509.9545951441699,515.1639030488119,5
3.3499999999999996,3.3499999999999996,3.3499999999999996,1295.7361454946467,552.9002383533682,558.5482462535979,5
3.3499999999999996,3.3499999999999996,3.3499999999999996,1241.7105824396747,529.8471292816398,535.2596441704183,5
3.3499999999999996,3.3499999999999996,3.3499999999999996,1345.765296344177,574.2480486506275,580.114129528309,5
3.3499999999999996,3.3499999999999996,3.3499999999999996,1276.732017798652,544.7910358978003,550.3562063594534,5
3.3499999999999996,3.3499999999999996,3.3499999999999996,1264.1421566747651,539.4188486354195,544.9291409219612,5
3.3499999999999996,3.3499999999999996,3.3499999999999996,1192.9435218564404,509.0378622761491,514.2378055357399,5
3.3499999999999996,3.3499999999999996,3.3499999999999996,1194.8614712509548,509.8562655298239,515.0645689739862,5
3.3499999999999996,3.3499999999999996,3.3499999999999996,1304.8421532539185,556.7858395060836,562.4735397494981,5
3.3499999999999996,3.3499999999999996,3.3499999999999996,1093.345573793574,466.53867799782296,471.304481946365,5
3.3499999999999996,3.3499999999999996,3.3499999999999996,936.2570895379137,399.50785487112273,403.5889229626032,5
3.3499999999999996,3.3499999999999996,3.3499999999999996,951.6897485839612,406.09308512394443,410.24142291421106,5
3.3499999999999996,3.3499999999999996,3.3499999999999996,990.9302677053063,422.83730612197735,427.1566901262258,5
3.3499999999999996,3.3499999999999996,3.3499999999999996,880.6462910754328,375.7783140754625,379.6169792439819,5
3.3499999999999996,3.3499999999999996,3.3499999999999996,843.4660534563576,359.913230498764,363.58983005189185,5
3.3499999999999996,3.3499999999999996,3.3499999999999996,833.5381324565927,355.6769128609414,359.31023741828045,5
3.3499999999999996,3.3499999999999996,3.3499999999999996,988.0987821444216,421.6290902001242,425.93613199035565,5
3.3499999999999996,3.3499999999999996,3.3499999999999996,910.4142944696359,388.49183586730175,392.51531070293805,6
3.3499999999999996,3.3499999999999996,3.3499999999999996,1011.4750103570046,431.6164476925362,436.08654913510753,6
3.3499999999999996,3.3499999999999996,3.3499999999999996,983.519944961668,419.6874668503016,424.03402398691264,6
3.3499999999999996,3.3499999999999996,3.3499999999999996,1138.1047845201078,485.6518837999452,490.6816114620107,6
3.3499999999999996,3.3499999999999996,3.3499999999999996,1172.8293554616687,500.4695469196242,505.6527359653811,6
3.3499999999999996,3.3499999999999996,3.3499999999999996,992.868575847807,423.67671306256324,428.0645854348275,6
3.3499999999999996,3.3499999999999996,3.3499999999999996,914.9538400410996,390.4289499963025,394.47248684928945,6
3.3499999999999996,3.3499999999999996,3.3499999999999996,945.6848494849108,403.5424812198389,407.7218303551265,6
3.3499999999999996,3.3499999999999996,3.3499999999999996,864.7333786421,368.99888308553835,372.8204761884104,6
3.3499999999999996,3.3499999999999996,3.3499999999999996,908.7345810079418,387.77506881912547,391.79112034771873,6
3.3499999999999996,3.3499999999999996,3.3499999999999996,889.6499563685875,379.6312809765802,383.5629901267087,6
3.3499999999999996,3.3499999999999996,3.3499999999999996,872.9393848449548,372.50054868355346,376.35840731922616,6
3.3499999999999996,3.3499999999999996,3.3499999999999996,1022.0004139271957,436.1078461482358,440.6244634426088,6
3.3499999999999996,3.3499999999999996,3.3499999999999996,1096.0675251677212,467.71375150144866,472.5577001657647,6
3.3499999999999996,3.3499999999999996,3.3499999999999996,911.0939803290555,388.7818713038531,392.8083499356381,6
3.3499999999999996,3.3499999999999996,3.3499999999999996,1126.3923849340244,480.65397060235,485.63193661558654,6
3.3499999999999996,3.3499999999999996,3.3499999999999996,1086.3025327889181,463.54683558249195,468.347628947792,6
3.3499999999999996,3.3499999999999996,3.3499999999999996,985.8110860562242,420.6651421959789,425.0218247761323,6
3.3499999999999996,3.3499999999999996,3.3499999999999996,960.7417739239298,409.9675695047691,414.21346104492704,6
3.3499999999999996,3.3499999999999996,3.3499999999999996,769.0474139136618,328.1677841782654,331.56650378986296,6
3.3499999999999996,3.3499999999999996,3.3499999999999996,986.5352986717486,420.97417808246746,425.3340612398217,6
3.3499999999999996,3.3499999999999996,3.3499999999999996,1033.9190394348145,441.19376003666736,445.7630503724199,6
3.3499999999999996,3.3499999999999996,3.3499999999999996,1019.1459821224731,434.88980348468033,439.393805934794,6
3.3499999999999996,3.3499999999999996,3.3499999999999996,938.2092956641761,400.35251414047343,404.4988258961163,6
3.3499999999999996,3.3499999999999996,3.3499999999999996,953.1067672003729,406.7095607093099,410.9217101854331,6
3.3499999999999996,3.3499999999999996,3.3499999999999996,892.4599904688012,380.8303782590738,384.7745060427387,6
3.3499999999999996,3.3499999999999996,3.3499999999999996,820.6152132385405,350.1727869040073,353.79940467600636,6
3.3499999999999996,3.3499999999999996,3.3499999999999996,861.3007702772595,367.5341210166967,371.340544088232,6
3.3499999999999996,3.3499999999999996,3.3499999999999996,810.4693172920199,345.8433318781736,349.42511099015394,6
3.3499999999999996,3.3499999999999996,3.3499999999999996,813.9039351328504,347.30895143027436,350.9059094542476,6
3.3499999999999996,3.3499999999999996,3.3499999999999996,1079.2165433433202,460.5231033483003,465.29258097043464,6
3.3499999999999996,3.3499999999999996,3.3499999999999996,1032.4502433061382,440.5669955976527,445.1297947520846,6
3.3499999999999996,3.3499999999999996,3.3499999999999996,997.2034610406658,425.52649454894555,429.9335244647531,6
3.3499999999999996,3.3499999999999996,3.3499999999999996,1067.3875511447782,455.47543777056603,460.19263847577275,6
3.3499999999999996,3.3499999999999996,3.3499999999999996,882.4976931288409,376.57926840000493,380.4793689172967,6
3.3499999999999996,3.3499999999999996,3.3499999999999996,890.8612275441967,380.1481544105808,384.08521663910835,6
3.3499999999999996,3.3499999999999996,3.3499999999999996,843.7709518396182,360.05379981718494,363.782751803539,6
3.3499999999999996,3.3499999999999996,3.3499999999999996,926.1185559075158,395.1931556884016,399.28603376286156,6
3.3499999999999996,3.3499999999999996,3.3499999999999996,1160.0299047046487,495.007767427701,500.13439072274036,6
3.3499999999999996,3.3499999999999996,3.3499999999999996,1133.9457336676078,483.8771343139493,488.88848151280513,6
3.3499999999999996,3.3499999999999996,3.3499999999999996,1071.610915289216,457.2776310137693,462.0134964076349,6
3.3499999999999996,3.3499999999999996,3.3499999999999996,1052.919897594476,449.30180306097134,453.9550655785375,6
3.3499999999999996,3.3499999999999996,3.3499999999999996,1257.8590902832873,536.7534211786549,542.3123896914236,6
3.3499999999999996,3.3499999999999996,3.3499999999999996,1194.866777521367,509.873351984814,515.153932969206,6
3.3499999999999996,3.3499999999999996,3.3499999999999996,1295.4920543569451,552.812153330505,558.5374365473162,6
3.3499999999999996,3.3499999999999996,3.3499999999999996,1241.4766686526605,529.7627169532319,535.2492851735425,6
3.3499999999999996,3.3499999999999996,3.3499999999999996,1345.5117807010377,574.1565626121242,580.1029024527751,6
3.3499999999999996,3.3499999999999996,3.3499999999999996,1276.4915066638441,544.70424278844,550.3455551955101,6
3.3499999999999996,3.3499999999999996,3.3499999999999996,1263.9040172215193,539.3329113933659,544.9185947892015,6
3.3499999999999996,3.3499999999999996,3.3499999999999996,1192.7187948219464,508.95676516562827,514.2278533791016,6
3.3499999999999996,3.3499999999999996,3.3499999999999996,1194.6363829126171,509.775038035801,515.0546008168143,6
3.3499999999999996,3.3499999999999996,3.3499999999999996,1304.596346723927,556.6971354506308,562.4626540761535,6
3.3499999999999996,3.3499999999999996,3.3499999999999996,1093.1396090484086,466.4643516234296,471.29536068772137,6
3.3499999999999996,3.3499999999999996,3.3499999999999996,936.0807171653738,399.4442074785386,403.5811122179719,6
3.3499999999999996,3.3499999999999996,3.3499999999999996,951.5104690027915,406.028388608721,410.2334834222943,6
3.3499999999999996,3.3499999999999996,3.3499999999999996,990.743595984163,422.7699420096229,427.14842326944574,6
3.3499999999999996,3.3499999999999996,3.3499999999999996,880.4803946806702,375.7184471427128,379.6096324336166,6
3.3499999999999996,3.3499999999999996,3.3499999999999996,843.3071610851625,359.8558911038098,363.58279341844747,6
3.3499999999999996,3.3499999999999996,3.3499999999999996,833.381110309934,355.62024837279694,359.3032836087277,6
3.3499999999999996,3.3499999999999996,3.3499999999999996,987.9126438193207,421.56191857408055,425.92788875530397,6
3.3499999999999996,3.3499999999999996,3.3499999999999996,910.3971405179303,388.48564514846424,392.51455081004315,7
3.3499999999999996,3.3499999999999996,3.3499999999999996,1011.4559522275524,431.6095697717495,436.08570489015403,7
3.3499999999999996,3.3499999999999996,3.3499999999999996,983.5014135592726,419.68077902093927,424.0332030751335,7
3.3499999999999996,3.3499999999999996,3.3499999999999996,1138.0833404428035,485.64414481037574,490.68066152334586,7
3.3499999999999996,3.3499999999999996,3.3499999999999996,1172.8072571068376,500.46157180672424,505.65175704325793,7
3.3499999999999996,3.3499999999999996,3.3499999999999996,992.8498682992728,423.6699616635211,428.06375672005345,7
3.3499999999999996,3.3499999999999996,3.3499999999999996,914.9366005556475,390.4227284090454,394.471723167385,7
3.3499999999999996,3.3499999999999996,3.3499999999999996,945.6670309682912,403.53605066503815,407.7210410230583,7
3.3499999999999996,3.3499999999999996,3.3499999999999996,864.7170854064757,368.99300299199285,372.8197544238748,7
3.3499999999999996,3.3499999999999996,3.3499999999999996,908.7174587052599,387.7688895221579,391.7903618568254,7
3.3499999999999996,3.3499999999999996,3.3499999999999996,889.6331936568428,379.6252314529983,383.56224756512444,7
3.3499999999999996,3.3499999999999996,3.3499999999999996,872.9229369924326,372.4946127900524,376.35767870540684,7
3.3499999999999996,3.3499999999999996,3.3499999999999996,1021.98115747895,436.1008966558421,440.6236104124468,7
3.3499999999999996,3.3499999999999996,3.3499999999999996,1096.0468731530207,467.7062983607011,472.556785314219,7
3.3499999999999996,3.3499999999999996,3.3499999999999996,911.0768135707644,388.77567596322496,392.80758947543177,7
3.3499999999999996,3.3499999999999996,3.3499999999999996,1126.3711615407956,480.6463112558324,485.6309964528766,7
3.3499999999999996,3.3499999999999996,3.3499999999999996,1086.2820647654057,463.5394488426374,468.3467222467643,7
3.3499999999999996,3.3499999999999996,3.3499999999999996,985.7925114843356,420.6584387871046,425.0210019520131,7
3.3499999999999996,3.3499999999999996,3.3499999999999996,960.7236717059708,409.96103656450873,414.2126591453389,7
3.3499999999999996,3.3499999999999996,3.3499999999999996,769.0329235851622,328.16255473894176,331.56586189125784,7
3.3499999999999996,3.3499999999999996,3.3499999999999996,986.516710454305,420.9674697490258,425.33323781122596,7
3.3499999999999996,3.3499999999999996,3.3499999999999996,1033.8995584168015,441.1867294989079,445.7621873941729,7
3.3499999999999996,3.3499999999999996,3.3499999999999996,1019.126779457198,434.88287340211457,439.3929552871323,7
3.3499999999999996,3.3499999999999996,3.3499999999999996,938.1916180013304,400.34613441863064,404.49804280364725,7
3.3499999999999996,3.3499999999999996,3.3499999999999996,953.0888088405865,406.70307968627054,410.9209146585342,7
3.3499999999999996,3.3499999999999996,3.3499999999999996,892.4431748106236,380.8243096275636,384.7737611357113,7
3.3499999999999996,3.3499999999999996,3.3499999999999996,820.599751273782,350.1672068092198,353.7987197354537,7
3.3499999999999996,3.3499999999999996,3.3499999999999996,861.2845417185615,367.5282642645172,371.33982518878173,7
3.3499999999999996,3.3499999999999996,3.3499999999999996,810.4540464954033,345.8378207743823,349.42443451804735,7
3.3499999999999996,3.3499999999999996,3.3499999999999996,813.8885996214452,347.303416971453,350.90523011537823,7
3.3499999999999996,3.3499999999999996,3.3499999999999996,1079.1962088334417,460.51576479240833,465.2916801838495,7
3.3499999999999996,3.3499999999999996,3.3499999999999996,1032.4307899630617,440.55997504754816,445.1289329997933,7
3.3499999999999996,3.3499999999999996,3.3499999999999996,997.1846718145791,425.5197136731522,429.93269213179275,7
3.3499999999999996,3.3499999999999996,3.3499999999999996,1067.3674395158037,455.46817965054305,460.19174756245866,7
3.3499999999999996,3.3499999999999996,3.3499999999999996,882.4810651794554,376.57326751104017,380.4786323254717,7
3.3499999999999996,3.3499999999999996,3.3499999999999996,890.8444420097795,380.1420966504857,384.084473066516,7
3.3499999999999996,3.3499999999999996,3.3499999999999996,843.755053576326,360.04806226587675,363.7820475356521,7
3.3499999999999996,3.3499999999999996,3.3499999999999996,926.1011060574,395.18685818228306,399.28526076213575,7
3.3499999999999996,3.3499999999999996,3.3499999999999996,1160.0080475160223,494.99987934968345,500.133422483898,7
3.3499999999999996,3.3499999999999996,3.3499999999999996,1133.9243679547997,483.8694236054763,488.88753504556337,7
3.3499999999999996,3.3499999999999996,3.3499999999999996,1071.5907240839597,457.2703441753265,462.0126019692176,7
3.3499999999999996,3.3499999999999996,3.3499999999999996,1052.9000585638469,449.29464331942927,453.9541867408985,7
3.3499999999999996,3.3499999999999996,3.3499999999999996,1257.8353898051444,536.7448678727451,542.3113397977746,7
3.3499999999999996,3.3499999999999996,3.3499999999999996,1194.8442639392313,509.865227019825,515.1529356531709,7
3.3499999999999996,3.3499999999999996,3.3499999999999996,1295.4676448015696,552.8033441245057,558.536355242669,7
3.3499999999999996,3.3499999999999996,3.3499999999999996,1241.4532768507665,529.7542750460191,535.2482489537626,7
3.3499999999999996,3.3499999999999996,3.3499999999999996,1345.4864286780678,574.14741327739,580.101779398306,7
3.3499999999999996,3.3499999999999996,3.3499999999999996,1276.467455115235,544.695562784112,550.3444897499957,7
3.3499999999999996,3.3499999999999996,3.3499999999999996,1263.880202845357,539.3243169826061,544.9175398500508,7
3.3499999999999996,3.3499999999999996,3.3499999999999996,1192.6963217119248,508.94865480668966,514.2268578559168,7
3.3499999999999996,3.3499999999999996,3.3499999999999996,1194.6138736715575,509.7669146374704,515.053603693082,7
3.3499999999999996,3.3499999999999996,3.3499999999999996,1304.571765626219,556.6882643364268,562.4615651724525,7
3.3499999999999996,3.3499999999999996,3.3499999999999996,1093.1190122012645,466.45691839219523,471.29444828001084,7
3.3499999999999996,3.3499999999999996,3.3499999999999996,936.0630796090302,399.43784223079973,403.58033090215747,7
3.3499999999999996,3.3499999999999996,3.3499999999999996,951.4925407203252,406.0219184403367,410.2326892277728,7
3.3499999999999996,3.3499999999999996,3.3499999999999996,990.7249284743256,422.76320506021415,427.1475963283226,7
3.3499999999999996,3.3499999999999996,3.3499999999999996,880.4638047410572,375.71245997115943,379.6088975255641,7
3.3499999999999996,3.3499999999999996,3.3499999999999996,843.2912715605778,359.8501567062288,363.58208953767166,7
3.3499999999999996,3.3499999999999996,3.3499999999999996,833.3654078111865,355.6145814712886,359.3025880129002,7
3.3499999999999996,3.3499999999999996,3.3499999999999996,987.8940296500525,421.55520087484064,425.9270641770836,7
3.3499999999999996,3.3499999999999996,3.3499999999999996,910.3954251196566,388.4850260716407,392.5144748184064,8
3.3499999999999996,3.3499999999999996,3.3499999999999996,1011.4540464111597,431.6088819741827,436.08562046305076,8
3.3499999999999996,3.3499999999999996,3.3499999999999996,983.4995604156808,419.68011023266655,424.0331209814198,8
3.3499999999999996,3.3499999999999996,3.3499999999999996,1138.0811960311937,485.6433709052436,490.6805665265451,8
3.3499999999999996,3.3499999999999996,3.3499999999999996,1172.805047267357,500.46077428907057,505.6516591480218,8
3.3499999999999996,3.3499999999999996,3.3499999999999996,992.8479975410352,423.6692865182296,428.0636738460163,8
3.3499999999999996,3.3499999999999996,3.3499999999999996,914.9348766039838,390.42210624535517,394.47164679683556,8
3.3499999999999996,3.3499999999999996,3.3499999999999996,945.6652491134059,403.5354076044267,407.7209620874133,8
3.3499999999999996,3.3499999999999996,3.3499999999999996,864.7154560799659,368.99241497794617,372.81968224519176,8
3.3499999999999996,3.3499999999999996,3.3499999999999996,908.7157464718944,387.7682715875303,391.7902860053931,8
3.3499999999999996,3.3499999999999996,3.3499999999999996,889.631517382636,379.62462649581295,383.5621733066723,8
3.3499999999999996,3.3499999999999996,3.3499999999999996,872.921292204205,372.4940191959657,376.35760584177416,8
3.3499999999999996,3.3499999999999996,3.3499999999999996,1021.979231830642,436.1002017010573,440.6235251067957,8
3.3499999999999996,3.3499999999999996,3.3499999999999996,1096.044807947815,467.70555304067915,472.5566938262385,8
3.3499999999999996,3.3499999999999996,3.3499999999999996,911.07509689183,388.77505642421875,392.807513427062,8
3.3499999999999996,3.3499999999999996,3.3499999999999996,1126.3690391976336,480.64554531506906,485.63090243370146,8
3.3499999999999996,3.3499999999999996,3.3499999999999996,1086.2800179593519,463.53871016275775,468.34663157386086,8
3.3499999999999996,3.3499999999999996,3.3499999999999996,985.7906540237866,420.6577684408684,425.0209196670595,8
3.3499999999999996,3.3499999999999996,3.3499999999999996,960.7218614809002,409.96038326526974,414.21257895290296,8
3.3499999999999996,3.3499999999999996,3.3499999999999996,769.031474549691,328.1620317908366,331.5657976994146,8
3.3499999999999996,3.3499999999999996,3.3499999999999996,986.5148516291981,420.9667989103287,425.33315546582287,8
3.3499999999999996,3.3499999999999996,3.3499999999999996,1033.897610311476,441.18602643952204,445.7621010936825,8
3.3499999999999996,3.3499999999999996,3.3499999999999996,1019.1248591871969,434.88218038832815,439.39287021973854,8
3.3499999999999996,3.3499999999999996,3.3499999999999996,938.1898502318479,400.34549644135575,404.4979644919814,8
3.3499999999999996,3.3499999999999996,3.3499999999999996,953.0870130013592,406.702431578795,410.92083510338676,8
3.3499999999999996,3.3499999999999996,3.3499999999999996,892.441493241764,380.8237027595701,384.77368664270773,8
3.3499999999999996,3.3499999999999996,3.3499999999999996,820.598205074509,350.1666487952884,353.79865123928266,8
3.3499999999999996,3.3499999999999996,3.3499999999999996,861.2829188597559,367.5276785846259,371.33975329661615,8
3.3499999999999996,3.3499999999999996,3.3499999999999996,810.4525194129792,345.8372696596056,349.42436686874714,8
3.3499999999999996,3.3499999999999996,3.3499999999999996,813.8870660675306,347.3028635211547,350.9051621793928,8
3.3499999999999996,3.3499999999999996,3.3499999999999996,1079.1941753787755,460.5150309309633,465.2915901024085,8
3.3499999999999996,3.3499999999999996,3.3499999999999996,1032.428844625235,440.55927298693564,445.12884682190236,8
3.3499999999999996,3.3499999999999996,3.3499999999999996,997.1827928885715,425.5190355801621,429.93260889592585,8
3.3499999999999996,3.3499999999999996,3.3499999999999996,1067.365428349268,455.467453832749,460.19165846837535,8
3.3499999999999996,3.3499999999999996,3.3499999999999996,882.4794023815089,376.5726674173553,380.47855866401386,8
3.3499999999999996,3.3499999999999996,3.3499999999999996,890.8427634533014,380.14149086964227,384.08439870695986,8
3.3499999999999996,3.3499999999999996,3.3499999999999996,843.7534637471208,360.0474885061677,363.78197710668815,8
3.3499999999999996,3.3499999999999996,3.3499999999999996,926.0993610692318,395.1862284266461,399.2851834596754,8
3.3499999999999996,3.3499999999999996,3.3499999999999996,1160.0058617932057,494.9990905355873,500.1333256570229,8
3.3499999999999996,3.3499999999999996,3.3499999999999996,1133.9222313796538,483.8686525284764,488.88744039591563,8
3.3499999999999996,3.3499999999999996,3.3499999999999996,1071.5887049597816,457.2696154856677,462.012512522613,8
3.3499999999999996,3.3499999999999996,3.3499999999999996,1052.8980746571951,449.29392733956195,453.95409885441995,8
3.3499999999999996,3.3499999999999996,3.3499999999999996,1257.8330197530427,536.7440125353291,542.3112348051668,8
3.3499999999999996,3.3499999999999996,3.3499999999999996,1194.842012576945,509.8644145168428,515.1528359184866,8
3.3499999999999996,3.3499999999999996,3.3499999999999996,1295.4652038416166,552.8024631968764,558.5362471088642,8
3.3499999999999996,3.3499999999999996,3.3499999999999996,1241.4509376663457,529.7534308485617,535.2481453285839,8
3.3499999999999996,3.3499999999999996,3.3499999999999996,1345.4838934711845,574.1464983366158,580.1016670893899,8
3.3499999999999996,3.3499999999999996,3.3499999999999996,1276.4650499560232,544.6946947767528,550.3443832021532,8
3.3499999999999996,3.3499999999999996,3.3499999999999996,1263.8778214034328,539.3234575346721,544.9174343528772,8
3.3499999999999996,3.3499999999999996,3.3499999999999996,1192.6940743968573,508.94784376432403,514.2267583005233,8
3.3499999999999996,3.3499999999999996,3.3499999999999996,1194.6116227433797,509.76610229115533,515.0535039776287,8
3.3499999999999996,3.3499999999999996,3.3499999999999996,1304.5693075120016,556.6873772179279,562.461456278719,8
3.3499999999999996,3.3499999999999996,3.3499999999999996,1093.1169525128241,466.4561750631405,471.2943570364214,8
3.3499999999999996,3.3499999999999996,3.3499999999999996,936.0613158502052,399.4372057009467,403.5802527681625,8
3.3499999999999996,3.3499999999999996,3.3499999999999996,951.4907478888354,406.0212714183355,410.2326098058676,8
3.3499999999999996,3.3499999999999996,3.3499999999999996,990.7230617199649,422.7625313598976,427.1475136316559,8
3.3499999999999996,3.3499999999999996,3.3499999999999996,880.4621457440948,375.71186124922684,379.60882403248877,8
3.3499999999999996,3.3499999999999996,3.3499999999999996,843.2896826052449,359.8495832618949,363.58201914741977,8
3.3499999999999996,3.3499999999999996,3.3499999999999996,833.3638375584712,355.61401477661593,359.30251845116885,8
3.3499999999999996,3.3499999999999996,3.3499999999999996,987.8921682297585,421.55452909955625,425.9269817167144,8
3.3499999999999996,3.3499999999999996,3.3499999999999996,910.3952345198137,494.9515633597243,414.5327951746531,9
3.3499999999999996,3.3499999999999996,3.3499999999999996,1011.453834653744,549.8937579480082,460.54808875431655,9
3.3499999999999996,3.3499999999999996,3.3499999999999996,983.4993545107997,534.6958382697968,447.8194975316031,9
3.3499999999999996,3.3499999999999996,3.3499999999999996,1138.0809577631937,618.736706779813,518.2055690410751,9
3.3499999999999996,3.3499999999999996,3.3499999999999996,1172.804801729592,637.6149040784763,534.0164735282804,9
3.3499999999999996,3.3499999999999996,3.3499999999999996,992.8477896789709,539.7782710704188,452.07614652737135,9
3.3499999999999996,3.3499999999999996,3.3499999999999996,914.9346850537639,497.41951140402386,416.59975581662974,9
3.3499999999999996,3.3499999999999996,3.3499999999999996,945.6650511294937,514.1265877979612,430.5922989046123,9
3.3499999999999996,3.3499999999999996,3.3499999999999996,864.715275043654,470.11689101122556,393.7332121286093,9
3.3499999999999996,3.3499999999999996,3.3499999999999996,908.715556223708,494.0383782209229,413.7679825826296,9
3.3499999999999996,3.3499999999999996,3.3499999999999996,889.6313311299124,483.6629207410021,405.0783092716242,9
3.3499999999999996,3.3499999999999996,3.3499999999999996,872.9211094499241,474.57812983811453,397.4695975403428,9
3.3499999999999996,3.3499999999999996,3.3499999999999996,1021.9790178696799,555.6159494642267,465.3405497128017,9
3.3499999999999996,3.3499999999999996,3.3499999999999996,1096.044578480528,595.882927613326,499.0650275022605,9
3.3499999999999996,3.3499999999999996,3.3499999999999996,911.0749061496913,495.3210781847403,414.84227194897153,9
3.3499999999999996,3.3499999999999996,3.3499999999999996,1126.3688033816836,612.3691985793812,512.8726411991963,9
3.3499999999999996,3.3499999999999996,3.3499999999999996,1086.2797905364155,590.5741376773113,494.6187994385826,9
3.3499999999999996,3.3499999999999996,3.3499999999999996,985.7904476392436,535.9414292864544,448.8627073404068,9
3.3499999999999996,3.3499999999999996,3.3499999999999996,960.7216603447446,522.3123646862988,437.4480666713917,9
3.3499999999999996,3.3499999999999996,3.3499999999999996,769.0313135457203,418.0967084178564,350.16516771321534,9
3.3499999999999996,3.3499999999999996,3.3499999999999996,986.5146450930374,536.3351513187602,449.1924581820155,9
3.3499999999999996,3.3499999999999996,3.3499999999999996,1033.8973938552892,562.0955734814786,470.7673770114563,9
3.3499999999999996,3.3499999999999996,3.3499999999999996,1019.1246458238245,554.0641224632301,464.0408605472923,9
3.3499999999999996,3.3499999999999996,3.3499999999999996,938.1896538129807,510.0624632856062,427.1885054452917,9
3.3499999999999996,3.3499999999999996,3.3499999999999996,953.0868134636308,518.1615527570024,433.9716705981764,9
3.3499999999999996,3.3499999999999996,3.3499999999999996,892.4413064007455,485.19061069429426,406.35778313003533,9
3.3499999999999996,3.3499999999999996,3.3499999999999996,820.5980332745585,446.1318162252729,373.6451856841552,9
3.3499999999999996,3.3499999999999996,3.3499999999999996,861.2827385420779,468.2507352545553,392.1702657328191,9
3.3499999999999996,3.3499999999999996,3.3499999999999996,810.4523497371233,440.61594604296107,369.0255233701836,9
3.3499999999999996,3.3499999999999996,3.3499999999999996,813.8868956726201,442.4831942619191,370.58938472711185,9
3.3499999999999996,3.3499999999999996,3.3499999999999996,1079.1939494393268,586.7218019051755,491.39238369653515,9
3.3499999999999996,3.3499999999999996,3.3499999999999996,1032.428628476548,561.2970546702506,470.09859998493056,9
3.3499999999999996,3.3499999999999996,3.3499999999999996,997.182584118977,542.1349544136214,454.0499205406669,9
3.3499999999999996,3.3499999999999996,3.3499999999999996,1067.365204886279,580.2909075121464,486.00636852745527,9
3.3499999999999996,3.3499999999999996,3.3499999999999996,882.4792176261478,479.77455486891836,401.82171753025193,9
3.3499999999999996,3.3499999999999996,3.3499999999999996,890.8425769469919,484.32143474463993,405.6298291996284,9
3.3499999999999996,3.3499999999999996,3.3499999999999996,843.7532870993991,458.7205564185814,384.1885318343056,9
3.3499999999999996,3.3499999999999996,3.3499999999999996,926.0991671816222,503.4892684433384,421.68331052743554,9
3.3499999999999996,3.3499999999999996,3.3499999999999996,1160.0056189350707,630.6564147392647,528.1885860146085,9
3.3499999999999996,3.3499999999999996,3.3499999999999996,1133.921993982372,616.4756167090154,516.3118564910488,9
3.3499999999999996,3.3499999999999996,3.3499999999999996,1071.5884806126096,582.5869618454595,487.9293644145685,9
3.3499999999999996,3.3499999999999996,3.3499999999999996,1052.8978542230825,572.4254908701106,479.4189094967081,9
3.3499999999999996,3.3499999999999996,3.3499999999999996,1257.8327564138722,683.8417707233372,572.732488712443,9
3.3499999999999996,3.3499999999999996,3.3499999999999996,1194.8417624255344,649.595665548418,544.0506241565633,9
3.3499999999999996,3.3499999999999996,3.3499999999999996,1295.4649326237945,704.3011313850327,589.8676522120983,9
3.3499999999999996,3.3499999999999996,3.3499999999999996,1241.4506777569181,674.9353802514911,565.2731912568493,9
3.3499999999999996,3.3499999999999996,3.3499999999999996,1345.4836117814796,731.4946210997966,612.64279656258,9
3.3499999999999996,3.3499999999999996,3.3499999999999996,1276.464782716062,693.9713827831941,581.21626108949,9
3.3499999999999996,3.3499999999999996,3.3499999999999996,1263.8775567987263,687.1281273377357,575.4848844904459,9
3.3499999999999996,3.3499999999999996,3.3499999999999996,1192.6938246951377,648.4279033531118,543.0725976934613,9
3.3499999999999996,3.3499999999999996,3.3499999999999996,1194.6113726402032,649.4704102965143,543.9457201345829,9
3.3499999999999996,3.3499999999999996,3.3499999999999996,1304.5690343881497,709.2507282528485,594.0130481992853,9
3.3499999999999996,3.3499999999999996,3.3499999999999996,1093.1167236585113,594.291150474673,497.7318792198264,9
3.3499999999999996,3.3499999999999996,3.3499999999999996,936.0611198769667,508.90525028695714,426.2193141658741,9
3.3499999999999996,3.3499999999999996,3.3499999999999996,951.4905486853002,517.2937167692759,433.24483891528735,9
3.3499999999999996,3.3499999999999996,3.3499999999999996,990.7228543027759,538.6230144888738,451.1085937902086,9
3.3499999999999996,3.3499999999999996,3.3499999999999996,880.4619614110653,478.67783986043196,400.90319464512,9
3.3499999999999996,3.3499999999999996,3.3499999999999996,843.2895060546202,458.468414113277,383.97735712078384,9
3.3499999999999996,3.3499999999999996,3.3499999999999996,833.3636630859155,453.072063925202,379.45779542464635,9
3.3499999999999996,3.3499999999999996,3.3499999999999996,987.8919614052436,537.0839523187201,449.81959545063233,9
3.3499999999999996,3.3499999999999996,3.3499999999999996,910.3952345198137,399.24799599732114,394.78086641236285,10
3.3499999999999996,3.3499999999999996,3.3499999999999996,1011.453834653744,443.5665974705015,438.6035932968425,10
3.3499999999999996,3.3499999999999996,3.3499999999999996,983.4993545107997,431.30733934498636,426.481502283526,10
3.3499999999999996,3.3499999999999996,3.3499999999999996,1138.0809577631937,499.0981108433932,493.5137723893557,10
3.3499999999999996,3.3499999999999996,3.3499999999999996,1172.804801729592,514.3260300934544,508.5713085960921,10
3.3499999999999996,3.3499999999999996,3.3499999999999996,992.8477896789709,435.407035680251,430.5353276940217,10
3.3499999999999996,3.3499999999999996,3.3499999999999996,914.9346850537639,401.2387429387466,396.74933916669823,10
3.3499999999999996,3.3499999999999996,3.3499999999999996,945.6650511294937,414.7153480513276,410.07515644313037,10
3.3499999999999996,3.3499999999999996,3.3499999999999996,864.715275043654,379.21534250071636,374.9723554537223,10
3.3499999999999996,3.3499999999999996,3.3499999999999996,908.715556223708,398.51138384447495,394.0524961091281,10
3.3499999999999996,3.3499999999999996,3.3499999999999996,889.6313311299124,390.14211922735694,385.77687401482865,10
3.3499999999999996,3.3499999999999996,3.3499999999999996,872.9211094499241,382.81395859399726,378.53070713847427,10
3.3499999999999996,3.3499999999999996,3.3499999999999996,1021.9790178696799,448.1823491211387,443.1676999524839,10
3.3499999999999996,3.3499999999999996,3.3499999999999996,1096.044578480528,480.66332609142796,475.28525184706325,10
3.3499999999999996,3.3499999999999996,3.3499999999999996,911.0749061496913,399.5460616350525,395.07559703566255,10
3.3499999999999996,3.3499999999999996,3.3499999999999996,1126.3688033816836,493.961820594581,488.4349513685858,10
3.3499999999999996,3.3499999999999996,3.3499999999999996,1086.2797905364155,476.38104091439504,471.0508805556287,10
3.3499999999999996,3.3499999999999996,3.3499999999999996,985.7904476392436,432.31208355441396,427.47500455153335,10
3.3499999999999996,3.3499999999999996,3.3499999999999996,960.7216603447446,421.31832753514976,416.6042561196729,10
3.3499999999999996,3.3499999999999996,3.3499999999999996,769.0313135457203,337.25375435896365,333.48026961053864,10
3.3499999999999996,3.3499999999999996,3.3499999999999996,986.5146450930374,432.62967570688846,427.7890432101531,10
3.3499999999999996,3.3499999999999996,3.3499999999999996,1033.8973938552892,453.4090765328951,448.3359462475217,10
3.3499999999999996,3.3499999999999996,3.3499999999999996,1019.1246458238245,446.93058255215,441.9299392232985,10
3.3499999999999996,3.3499999999999996,3.3499999999999996,938.1896538129807,411.4370604628873,406.8335491527031,10
3.3499999999999996,3.3499999999999996,3.3499999999999996,953.0868134636308,417.97011436195703,413.2935056320107,10
3.3499999999999996,3.3499999999999996,3.3499999999999996,892.4413064007455,391.3744158751682,386.99538266904176,10
3.3499999999999996,3.3499999999999996,3.3499999999999996,820.5980332745585,359.8680088401542,355.8414963840199,10
3.3499999999999996,3.3499999999999996,3.3499999999999996,861.2827385420779,377.71002561473256,373.4838813463211,10
3.3499999999999996,3.3499999999999996,3.3499999999999996,810.4523497371233,355.41868434156913,351.4419547504711,10
3.3499999999999996,3.3499999999999996,3.3499999999999996,813.8868956726201,356.92488245192186,352.93130022234595,10
3.3499999999999996,3.3499999999999996,3.3499999999999996,1079.1939494393268,473.2735907095834,467.97819917341064,10
3.3499999999999996,3.3499999999999996,3.3499999999999996,1032.428628476548,452.7649588883627,447.6990355445766,10
3.3499999999999996,3.3499999999999996,3.3499999999999996,997.182584118977,437.30803200317814,432.415054036886,10
3.3499999999999996,3.3499999999999996,3.3499999999999996,1067.365204886279,468.08617058819016,462.84882036500125,10
3.3499999999999996,3.3499999999999996,3.3499999999999996,882.4792176261478,387.0056056832922,382.67545447896634,10
3.3499999999999996,3.3499999999999996,3.3499999999999996,890.8425769469919,390.6733033183899,386.30211476189515,10
3.3499999999999996,3.3499999999999996,3.3499999999999996,843.7532870993991,370.0225970188291,365.8824663060453,10
3.3499999999999996,3.3499999999999996,3.3499999999999996,926.0991671816222,406.1348550303771,401.5906693498531,10
3.3499999999999996,3.3499999999999996,3.3499999999999996,1160.0056189350707,508.7130305001389,503.0211120645203,10
3.3499999999999996,3.3499999999999996,3.3499999999999996,1133.921993982372,497.2742239292725,491.7102926889852,10
3.3499999999999996,3.3499999999999996,3.3499999999999996,1071.5884806126096,469.93826109388266,464.6801880909303,10
3.3499999999999996,3.3499999999999996,3.3499999999999996,1052.8978542230825,461.741606666216,456.5752448749883,10
3.3499999999999996,3.3499999999999996,3.3499999999999996,1257.8327564138722,551.61449473415,545.4425578587668,10
3.3499999999999996,3.3499999999999996,3.3499999999999996,1194.8417624255344,523.990197986828,518.1273454763027,10
3.3499999999999996,3.3499999999999996,3.3499999999999996,1295.4649326237945,568.1178444520934,561.7612539215509,10
3.3499999999999996,3.3499999999999996,3.3499999999999996,1241.4506777569181,544.4302391206975,538.3386858693237,10
3.3499999999999996,3.3499999999999996,3.3499999999999996,1345.4836117814796,590.0532156611396,583.4511933521852,10
3.3499999999999996,3.3499999999999996,3.3499999999999996,1276.464782716062,559.7854504690426,553.5220899209883,10
3.3499999999999996,3.3499999999999996,3.3499999999999996,1263.8775567987263,554.2654032059302,548.0638056890912,10
3.3499999999999996,3.3499999999999996,3.3499999999999996,1192.6938246951377,523.0482336598286,517.1959206554632,10
3.3499999999999996,3.3499999999999996,3.3499999999999996,1194.6113726402032,523.8891620228818,518.0274399895242,10
3.3499999999999996,3.3499999999999996,3.3499999999999996,1304.5690343881497,572.1103899388804,565.7091273793179,10
3.3499999999999996,3.3499999999999996,3.3499999999999996,1093.1167236585113,479.3793341218548,474.01562628276093,10
3.3499999999999996,3.3499999999999996,3.3499999999999996,936.0611198769667,410.50360554556863,405.9105385309583,10
3.3499999999999996,3.3499999999999996,3.3499999999999996,951.4905486853002,417.2700826727909,412.60130649880097,10
3.3499999999999996,3.3499999999999996,3.3499999999999996,990.7228543027759,434.4751588882803,429.6138775402024,10
3.3499999999999996,3.3499999999999996,3.3499999999999996,880.4619614110653,386.1209508973851,381.8006979708371,10
3.3499999999999996,3.3499999999999996,3.3499999999999996,843.2895060546202,369.8192088136973,365.6813537828893,10
3.3499999999999996,3.3499999999999996,3.3499999999999996,833.3636630859155,365.4662939877209,361.37714310770366,10
3.3499999999999996,3.3499999999999996,3.3499999999999996,987.8919614052436,433.23368894932673,428.3862982335095,10
3.3499999999999996,3.3499999999999996,3.3499999999999996,910.3952345198137,389.5621524331492,392.73970459892547,11
3.3499999999999996,3.3499999999999996,3.3499999999999996,1011.453834653744,432.8055749570156,436.33585191917683,11
3.3499999999999996,3.3499999999999996,3.3499999999999996,983.4993545107997,420.8437291106026,424.27643656058564,11
3.3499999999999996,3.3499999999999996,3.3499999999999996,1138.0809577631937,486.98988168941315,490.962125254678,11
3.3499999999999996,3.3499999999999996,3.3499999999999996,1172.804801729592,501.8483682932428,505.94180847885,11
3.3499999999999996,3.3499999999999996,3.3499999999999996,992.8477896789709,424.8439659175488,428.3093022075003,11
3.3499999999999996,3.3499999999999996,3.3499999999999996,914.9346850537639,391.50460341906876,394.6979996274416,11
3.3499999999999996,3.3499999999999996,3.3499999999999996,945.6650511294937,404.65426314881694,407.9549175430596,11
3.3499999999999996,3.3499999999999996,3.3499999999999996,864.715275043654,370.01549548477675,373.03361090411335,11
3.3499999999999996,3.3499999999999996,3.3499999999999996,908.715556223708,388.84341065198043,392.01510023719266,11
3.3499999999999996,3.3499999999999996,3.3499999999999996,889.6313311299124,380.67718622201744,383.7822661431192,11
3.3499999999999996,3.3499999999999996,3.3499999999999996,872.9211094499241,373.5268083658275,376.57356460609657,11
3.3499999999999996,3.3499999999999996,3.3499999999999996,1021.9790178696799,437.30934746469563,440.8763604701213,11
3.3499999999999996,3.3499999999999996,3.3499999999999996,1096.044578480528,469.00232884101877,472.8278528465075,11
3.3499999999999996,3.3499999999999996,3.3499999999999996,911.0749061496913,389.85298693342247,393.0329113568488,11
3.3499999999999996,3.3499999999999996,3.3499999999999996,1126.3688033816836,481.97819896361665,485.90956360057675,11
3.3499999999999996,3.3499999999999996,3.3499999999999996,1086.2797905364155,464.8239328374764,468.6153748070497,11
3.3499999999999996,3.3499999999999996,3.3499999999999996,985.7904476392436,421.8240980061098,425.26480205763085,11
3.3499999999999996,3.3499999999999996,3.3499999999999996,960.7216603447446,411.0970529085104,414.45025938058365,11
3.3499999999999996,3.3499999999999996,3.3499999999999996,769.0313135457203,329.0719046342314,331.7560543565175,11
3.3499999999999996,3.3499999999999996,3.3499999999999996,986.5146450930374,422.1339853036147,425.5772170212529,11
3.3499999999999996,3.3499999999999996,3.3499999999999996,1033.8973938552892,442.40927332811515,446.0178850370375,11
3.3499999999999996,3.3499999999999996,3.3499999999999996,1019.1246458238245,436.08794902601096,439.64499941769225,11
3.3499999999999996,3.3499999999999996,3.3499999999999996,938.1896538129807,401.4555075331313,404.7300705507581,11
3.3499999999999996,3.3499999999999996,3.3499999999999996,953.0868134636308,407.8300681180276,411.1566266867262,11
3.3499999999999996,3.3499999999999996,3.3499999999999996,892.4413064007455,381.8795870840639,384.99447466086184,11
3.3499999999999996,3.3499999999999996,3.3499999999999996,820.5980332745585,351.1375323635755,354.0016653895338,11
3.3499999999999996,3.3499999999999996,3.3499999999999996,861.2827385420779,368.5466979151535,371.5528327535498,11
3.3499999999999996,3.3499999999999996,3.3499999999999996,810.4523497371233,346.79614944889715,349.62487099918513,11
3.3499999999999996,3.3499999999999996,3.3499999999999996,813.8868956726201,348.26580686419373,351.10651600894835,11
3.3499999999999996,3.3499999999999996,3.3499999999999996,1079.1939494393268,461.7918700531879,465.5585803140805,11
3.3499999999999996,3.3499999999999996,3.3499999999999996,1032.428628476548,441.78078211829103,445.38426739593007,11
3.3499999999999996,3.3499999999999996,3.3499999999999996,997.182584118977,426.6988436545731,430.17930967602916,11
3.3499999999999996,3.3499999999999996,3.3499999999999996,1067.365204886279,456.73029787668395,460.4557222746373,11
3.3499999999999996,3.3499999999999996,3.3499999999999996,882.4792176261478,377.6167651814324,380.6968820832959,11
3.3499999999999996,3.3499999999999996,3.3499999999999996,890.8425769469919,381.1954836710106,384.3047912029602,11
3.3499999999999996,3.3499999999999996,3.3499999999999996,843.7532870993991,361.0457680156421,363.9907198158541,11
3.3499999999999996,3.3499999999999996,3.3499999999999996,926.0991671816222,396.28193476222305,399.51429835862695,11
3.3499999999999996,3.3499999999999996,3.3499999999999996,1160.0056189350707,496.3715412957367,500.4203084981527,11
3.3499999999999996,3.3499999999999996,3.3499999999999996,1133.921993982372,485.21024267009983,489.16797020554804,11
3.3499999999999996,3.3499999999999996,3.3499999999999996,1071.5884806126096,458.53745626227897,462.2776211580095,11
3.3499999999999996,3.3499999999999996,3.3499999999999996,1052.8978542230825,450.53965446087943,454.21458346991835,11
3.3499999999999996,3.3499999999999996,3.3499999999999996,1257.8327564138722,538.2322066393073,542.6224198651437,11
3.3499999999999996,3.3499999999999996,3.3499999999999996,1194.8417624255344,511.27808136321954,515.448437144967,11
3.3499999999999996,3.3499999999999996,3.3499999999999996,1295.4649326237945,554.3351814893606,558.8567422865425,11
3.3499999999999996,3.3499999999999996,3.3499999999999996,1241.4506777569181,531.2222426358179,535.5552774982988,11
3.3499999999999996,3.3499999999999996,3.3499999999999996,1345.4836117814796,575.7383958029861,580.4345367783808,11
3.3499999999999996,3.3499999999999996,3.3499999999999996,1276.464782716062,546.2049332038312,550.660177784495,11
3.3499999999999996,3.3499999999999996,3.3499999999999996,1263.8775567987263,540.8188034926999,545.2301148831864,11
3.3499999999999996,3.3499999999999996,3.3499999999999996,1192.6938246951377,510.358969296484,514.521828131929,11
3.3499999999999996,3.3499999999999996,3.3499999999999996,1194.6113726402032,511.1794965538213,515.3490482061825,11
3.3499999999999996,3.3499999999999996,3.3499999999999996,1304.5690343881497,558.2308669508111,562.7842037911684,11
3.3499999999999996,3.3499999999999996,3.3499999999999996,1093.1167236585113,467.7494867970047,471.5647917118413,11
3.3499999999999996,3.3499999999999996,3.3499999999999996,936.0611198769667,400.54469843593944,403.8118322323206,11
3.3499999999999996,3.3499999999999996,3.3499999999999996,951.4905486853002,407.1470193505022,410.46800647680817,11
3.3499999999999996,3.3499999999999996,3.3499999999999996,990.7228543027759,423.93469666003944,427.3926162887973,11
3.3499999999999996,3.3499999999999996,3.3499999999999996,880.4619614110653,376.753572313808,379.826648387016,11
3.3499999999999996,3.3499999999999996,3.3499999999999996,843.2895060546202,360.84731405277944,363.7906471181745,11
3.3499999999999996,3.3499999999999996,3.3499999999999996,833.3636630859155,356.6000018909999,359.5086907901841,11
3.3499999999999996,3.3499999999999996,3.3499999999999996,987.8919614052436,422.72334505289683,426.1713840171737,11
3.3499999999999996,3.3499999999999996,3.3499999999999996,910.3952345198137,388.59268543884633,392.53697398056056,12
3.3499999999999996,3.3499999999999996,3.3499999999999996,1011.453834653744,431.7284920903911,436.1106171490773,12
3.3499999999999996,3.3499999999999996,3.3499999999999996,983.4993545107997,419.79641457405484,424.0574268110383,12
3.3499999999999996,3.3499999999999996,3.3499999999999996,1138.0809577631937,485.7779553923934,490.70869262721243,12
3.3499999999999996,3.3499999999999996,3.3499999999999996,1172.804801729592,500.5994650664629,505.6806434005846,12
3.3499999999999996,3.3499999999999996,3.3499999999999996,992.8477896789709,423.7866963647616,428.08821070931174,12
3.3499999999999996,3.3499999999999996,3.3499999999999996,914.9346850537639,390.5303024281696,394.4942581452466,12
3.3499999999999996,3.3499999999999996,3.3499999999999996,945.6650511294937,403.64723782621695,407.7443328944233,12
3.3499999999999996,3.3499999999999996,3.3499999999999996,864.715275043654,369.09467243250475,372.84105249017176,12
3.3499999999999996,3.3499999999999996,3.3499999999999996,908.715556223708,387.8757323233113,391.81274365661574,12
3.3499999999999996,3.3499999999999996,3.3499999999999996,889.6313311299124,379.7298304144235,383.58415931760203,12
3.3499999999999996,3.3499999999999996,3.3499999999999996,872.9211094499241,372.59724703668854,376.37917888263,12
3.3499999999999996,3.3499999999999996,3.3499999999999996,1021.9790178696799,436.22105647949803,440.64878190820383,12
3.3499999999999996,3.3499999999999996,3.3499999999999996,1096.044578480528,467.83516648907397,472.58378105578913,12
3.3499999999999996,3.3499999999999996,3.3499999999999996,911.0749061496913,388.88279616642484,392.8300293863628,12
3.3499999999999996,3.3499999999999996,3.3499999999999996,1126.3688033816836,480.77874477395693,485.6587390846326,12
3.3499999999999996,3.3499999999999996,3.3499999999999996,1086.2797905364155,463.66716886994664,468.37347748015003,12
3.3499999999999996,3.3499999999999996,3.3499999999999996,985.7904476392436,420.7743437169308,425.0452821178835,12
3.3499999999999996,3.3499999999999996,3.3499999999999996,960.7216603447446,410.07399401595444,414.23632186323624,12
3.3499999999999996,3.3499999999999996,3.3499999999999996,769.0313135457203,328.2529740777009,331.58480324730084,12
3.3499999999999996,3.3499999999999996,3.3499999999999996,986.5146450930374,421.0834598268216,425.3575358141878,12
3.3499999999999996,3.3499999999999996,3.3499999999999996,1033.8973938552892,441.3082906330913,445.78765244130943,12
3.3499999999999996,3.3499999999999996,3.3499999999999996,1019.1246458238245,435.00269762118796,439.41805647927976,12
3.3499999999999996,3.3499999999999996,3.3499999999999996,938.1896538129807,400.45644265528415,404.5211505548606,12
3.3499999999999996,3.3499999999999996,3.3499999999999996,953.0868134636308,406.81513946580804,410.9443893290133,12
3.3499999999999996,3.3499999999999996,3.3499999999999996,892.4413064007455,380.92923897359253,384.79574209829934,12
3.3499999999999996,3.3499999999999996,3.3499999999999996,820.5980332745585,350.2636891373759,353.81893118750077,12
3.3499999999999996,3.3499999999999996,3.3499999999999996,861.2827385420779,367.6295301223983,371.3610387111924,12
3.3499999999999996,3.3499999999999996,3.3499999999999996,810.4523497371233,345.9331102174366,349.4443960803945,12
3.3499999999999996,3.3499999999999996,3.3499999999999996,813.8868956726201,347.39911023339863,350.9252762711044,12
3.3499999999999996,3.3499999999999996,3.3499999999999996,1079.1939494393268,460.64265169750894,465.3182608919114,12
3.3499999999999996,3.3499999999999996,3.3499999999999996,1032.428628476548,440.6813634907217,445.1543618710194,12
3.3499999999999996,3.3499999999999996,3.3499999999999996,997.182584118977,425.63695804056624,429.95725288768523,12
3.3499999999999996,3.3499999999999996,3.3499999999999996,1067.365204886279,455.5936757835879,460.21803692677656,12
3.3499999999999996,3.3499999999999996,3.3499999999999996,882.4792176261478,376.6770255582367,380.50036792032614,12
3.3499999999999996,3.3499999999999996,3.3499999999999996,890.8425769469919,380.24683802489693,384.1064146521589,12
3.3499999999999996,3.3499999999999996,3.3499999999999996,843.7532870993991,360.14726708751624,363.8028293050572,12
3.3499999999999996,3.3499999999999996,3.3499999999999996,926.0991671816222,395.2957448723918,399.30807072285864,12
3.3499999999999996,3.3499999999999996,3.3499999999999996,1160.0056189350707,495.13626773748194,500.16199359544197,12
3.3499999999999996,3.3499999999999996,3.3499999999999996,1133.921993982372,484.0027451947205,488.9154637135313,12
3.3499999999999996,3.3499999999999996,3.3499999999999996,1071.5884806126096,457.3963368626623,462.0389953534469,12
3.3499999999999996,3.3499999999999996,3.3499999999999996,1052.8978542230825,449.41843844465103,453.98011977221006,12
3.3499999999999996,3.3499999999999996,3.3499999999999996,1257.8327564138722,536.8927583475557,542.342320406317,12
3.3499999999999996,3.3499999999999996,3.3499999999999996,1194.8417624255344,510.0057112890317,515.1823647841288,12
3.3499999999999996,3.3499999999999996,3.3499999999999996,1295.4649326237945,552.9556592260241,558.5682627373285,12
3.3499999999999996,3.3499999999999996,3.3499999999999996,1241.4506777569181,529.9002393876626,535.2788260692624,12
3.3499999999999996,3.3499999999999996,3.3499999999999996,1345.4836117814796,574.3056093564647,580.1349188604992,12
3.3499999999999996,3.3499999999999996,3.3499999999999996,1276.464782716062,544.8456439310946,550.3759292681268,12
3.3499999999999996,3.3499999999999996,3.3499999999999996,1263.8775567987263,539.4729181786112,544.9486693429288,12
3.3499999999999996,3.3499999999999996,3.3499999999999996,1192.6938246951377,509.08888653077105,514.2562340828479,12
3.3499999999999996,3.3499999999999996,3.3499999999999996,1194.6113726402032,509.90737181845356,515.0830271495051,12
3.3499999999999996,3.3499999999999996,3.3499999999999996,1304.5690343881497,556.8416498584172,562.4936969024975,12
3.3499999999999996,3.3499999999999996,3.3499999999999996,1093.1167236585113,466.5854422762023,471.32137190807987,12
3.3499999999999996,3.3499999999999996,3.3499999999999996,936.0611198769667,399.54790020374134,403.6033862272622,12
3.3499999999999996,3.3499999999999996,3.3499999999999996,951.4905486853002,406.13379053804243,410.2561245820123,12
3.3499999999999996,3.3499999999999996,3.3499999999999996,990.7228543027759,422.87968992084586,427.1719979801054,12
3.3499999999999996,3.3499999999999996,3.3499999999999996,880.4619614110653,375.81598083819193,379.6305834350968,12
3.3499999999999996,3.3499999999999996,3.3499999999999996,843.2895060546202,359.9493069985211,363.6028598840803,12
3.3499999999999996,3.3499999999999996,3.3499999999999996,833.3636630859155,355.7125647263719,359.32311388431503,12
3.3499999999999996,3.3499999999999996,3.3499999999999996,987.8919614052436,421.67135289146523,425.9513961035518,12
3.3499999999999996,3.3499999999999996,3.3499999999999996,910.3952345198137,388.4957301867429,392.51671697106855,13
3.3499999999999996,3.3499999999999996,3.3499999999999996,1011.453834653744,431.62077430166437,436.08811150630544,13
3.3499999999999996,3.3499999999999996,3.3499999999999996,983.4993545107997,419.6916738809531,424.0355431774203,13
3.3499999999999996,3.3499999999999996,3.3499999999999996,1138.0809577631937,485.6567520710335,490.68336943142896,13
3.3499999999999996,3.3499999999999996,3.3499999999999996,1172.804801729592,500.47456372591523,505.6545475719816,13
3.3499999999999996,3.3499999999999996,3.3499999999999996,992.8477896789709,423.68096008221244,428.0661190656639,13
3.3499999999999996,3.3499999999999996,3.3499999999999996,914.9346850537639,390.4328637337609,394.4739001294124,13
3.3499999999999996,3.3499999999999996,3.3499999999999996,945.6650511294937,403.54652640994294,407.7232911037914,13
3.3499999999999996,3.3499999999999996,3.3499999999999996,864.715275043654,369.0025820037431,372.8218118956803,13
3.3499999999999996,3.3499999999999996,3.3499999999999996,908.715556223708,387.7789559535509,391.7925240212859,13
3.3499999999999996,3.3499999999999996,3.3499999999999996,889.6313311299124,379.63508647605664,383.56436432127975,13
3.3499999999999996,3.3499999999999996,3.3499999999999996,872.9211094499241,372.5042827031508,376.35975570187367,13
3.3499999999999996,3.3499999999999996,3.3499999999999996,1021.9790178696799,436.1122177800356,440.6260420718331,13
3.3499999999999996,3.3499999999999996,3.3499999999999996,1096.044578480528,467.7184399571307,472.55939320248314,13
3.3499999999999996,3.3499999999999996,3.3499999999999996,911.0749061496913,388.78576853066687,392.8097572536428,13
3.3499999999999996,3.3499999999999996,3.3499999999999996,1126.3688033816836,480.65878877336246,485.63367649348925,13
3.3499999999999996,3.3499999999999996,3.3499999999999996,1086.2797905364155,463.5514822681798,468.34930690105034,13
3.3499999999999996,3.3499999999999996,3.3499999999999996,985.7904476392436,420.66935902704233,425.0233475056428,13
3.3499999999999996,3.3499999999999996,3.3499999999999996,960.7216603447446,409.971679101236,414.2149450512157,13
3.3499999999999996,3.3499999999999996,3.3499999999999996,769.0313135457203,328.1710737974127,331.5676916961553,13
3.3499999999999996,3.3499999999999996,3.3499999999999996,986.5146450930374,420.97839801136826,425.33558508798455,13
3.3499999999999996,3.3499999999999996,3.3499999999999996,1033.8973938552892,441.19818265067954,445.76464741170577,13
3.3499999999999996,3.3499999999999996,3.3499999999999996,1019.1246458238245,434.8941629065783,439.3953801549304,13
3.3499999999999996,3.3499999999999996,3.3499999999999996,938.1896538129807,400.35652735371275,404.5002750976943,13
3.3499999999999996,3.3499999999999996,3.3499999999999996,953.0868134636308,406.7136376468486,410.9231823983364,13
3.3499999999999996,3.3499999999999996,3.3499999999999996,892.4413064007455,380.83419577853977,384.7758845778188,13
3.3499999999999996,3.3499999999999996,3.3499999999999996,820.5980332745585,350.17629710567917,353.80067223631244,13
3.3499999999999996,3.3499999999999996,3.3499999999999996,861.2827385420779,367.53780525183515,371.3418744933358,13
3.3499999999999996,3.3499999999999996,3.3499999999999996,810.4523497371233,345.846798680527,349.42636287863877,13
3.3499999999999996,3.3499999999999996,3.3499999999999996,813.8868956726201,347.3124329242899,350.9071666480023,13
3.3499999999999996,3.3499999999999996,3.3499999999999996,1079.1939494393268,460.52771972349484,465.2942479783451,13
3.3499999999999996,3.3499999999999996,3.3499999999999996,1032.428628476548,440.57141192885365,445.1313895225997,13
3.3499999999999996,3.3499999999999996,3.3499999999999996,997.182584118977,425.530760111172,429.93506479145424,13
3.3499999999999996,3.3499999999999996,3.3499999999999996,1067.365204886279,455.4800035469568,460.1942872120734,13
3.3499999999999996,3.3499999999999996,3.3499999999999996,882.4792176261478,376.5830433055,380.48073206415046,13
3.3499999999999996,3.3499999999999996,3.3499999999999996,890.8425769469919,380.1519650912992,384.0865927046651,13
3.3499999999999996,3.3499999999999996,3.3499999999999996,843.7532870993991,360.05740906809575,363.78405513127245,13
3.3499999999999996,3.3499999999999996,3.3499999999999996,926.0991671816222,395.1971171832056,399.28746428852236,13
3.3499999999999996,3.3499999999999996,3.3499999999999996,1160.0056189350707,495.01272948402817,500.1361825587157,13
3.3499999999999996,3.3499999999999996,3.3499999999999996,1133.921993982372,483.8819847945959,488.89023305796064,13
3.3499999999999996,3.3499999999999996,3.3499999999999996,1071.5884806126096,457.2822148557038,462.0151516675397,13
3.3499999999999996,3.3499999999999996,3.3499999999999996,1052.8978542230825,449.3063069516197,453.95669196742983,13
3.3499999999999996,3.3499999999999996,3.3499999999999996,1257.8327564138722,536.7588017017191,542.3143326388949,13
3.3499999999999996,3.3499999999999996,3.3499999999999996,1194.8417624255344,509.8784630567178,515.1557786158303,13
3.3499999999999996,3.3499999999999996,3.3499999999999996,1295.4649326237945,552.8176948294948,558.5394376244086,13
3.3499999999999996,3.3499999999999996,3.3499999999999996,1241.4506777569181,529.7680274000863,535.2512028159657,13
3.3499999999999996,3.3499999999999996,3.3499999999999996,1345.4836117814796,574.1623180717185,580.1049807926561,13
3.3499999999999996,3.3499999999999996,3.3499999999999996,1276.464782716062,544.7097030121216,550.3475269234757,13
3.3499999999999996,3.3499999999999996,3.3499999999999996,1263.8775567987263,539.3383177737531,544.9205470739473,13
3.3499999999999996,3.3499999999999996,3.3499999999999996,1192.6938246951377,508.9618670494834,514.2296957078523,13
3.3499999999999996,3.3499999999999996,3.3499999999999996,1194.6113726402032,509.78014812218606,515.0564461075605,13
3.3499999999999996,3.3499999999999996,3.3499999999999996,1304.5690343881497,556.7027158934541,562.464669216158,13
3.3499999999999996,3.3499999999999996,3.3499999999999996,1093.1167236585113,466.4690275548789,471.29704920184474,13
3.3499999999999996,3.3499999999999996,3.3499999999999996,936.0611198769667,399.44821158673125,403.5825581316489,13
3.3499999999999996,3.3499999999999996,3.3499999999999996,951.4905486853002,406.03245871805495,410.23495316948134,13
3.3499999999999996,3.3499999999999996,3.3499999999999996,990.7228543027759,422.77417993961865,427.14995361793973,13
3.3499999999999996,3.3499999999999996,3.3499999999999996,880.4619614110653,375.72221341916423,379.6109924644576,13
3.3499999999999996,3.3499999999999996,3.3499999999999996,843.2895060546202,359.85949837084434,363.5840960297882,13
3.3499999999999996,3.3499999999999996,3.3499999999999996,833.3636630859155,355.62381318090615,359.3045708878302,13
3.3499999999999996,3.3499999999999996,3.3499999999999996,987.8919614052436,421.56614439460895,425.92941473097807,13
3.3499999999999996,3.3499999999999996,3.3499999999999996,910.3952345198137,388.4860345762796,392.51469143283947,14
3.3499999999999996,3.3499999999999996,3.3499999999999996,1011.453834653744,431.61000242807523,436.08586112281125,14
3.3499999999999996,3.3499999999999996,3.3499999999999996,983.4993545107997,419.6811997195442,424.03335498984507,14
3.3499999999999996,3.3499999999999996,3.3499999999999996,1138.0809577631937,485.6446316323232,490.6808373152664,14
3.3499999999999996,3.3499999999999996,3.3499999999999996,1172.804801729592,500.46207348203444,505.6519381987434,14
3.3499999999999996,3.3499999999999996,3.3499999999999996,992.8477896789709,423.67038636098334,428.0639100787565,14
3.3499999999999996,3.3499999999999996,3.3499999999999996,914.9346850537639,390.42311977864193,394.47186449136046,14
3.3499999999999996,3.3499999999999996,3.3499999999999996,945.6650511294937,403.5364551797598,407.72118709375246,14
3.3499999999999996,3.3499999999999996,3.3499999999999996,864.715275043654,368.99337287989164,372.8198879907865,14
3.3499999999999996,3.3499999999999996,3.3499999999999996,908.715556223708,387.76927823147923,391.7905022201728,14
3.3499999999999996,3.3499999999999996,3.3499999999999996,889.6313311299124,379.62561199891144,383.5623849806564,14
3.3499999999999996,3.3499999999999996,3.3499999999999996,872.9211094499241,372.4949861880533,376.3578135398201,14
3.3499999999999996,3.3499999999999996,3.3499999999999996,1021.9790178696799,436.10133381438726,440.6237682708601,14
3.3499999999999996,3.3499999999999996,3.3499999999999996,1096.044578480528,467.70676720129853,472.5569546130548,14
3.3499999999999996,3.3499999999999996,3.3499999999999996,911.0749061496913,388.77606568177447,392.8077302032124,14
3.3499999999999996,3.3499999999999996,3.3499999999999996,1126.3688033816836,480.64679306782546,485.6311704356972,14
3.3499999999999996,3.3499999999999996,3.3499999999999996,1086.2797905364155,463.5399135062797,468.3468900372973,14
3.3499999999999996,3.3499999999999996,3.3499999999999996,985.7904476392436,420.65886046574025,425.0211542206146,14
3.3499999999999996,3.3499999999999996,3.3499999999999996,960.7216603447446,409.96144751979847,414.21280754172886,14
3.3499999999999996,3.3499999999999996,3.3499999999999996,769.0313135457203,328.1628836973688,331.56598067849404,14
3.3499999999999996,3.3499999999999996,3.3499999999999996,986.5146450930374,420.96789173744185,425.3333901916896,14
3.3499999999999996,3.3499999999999996,3.3499999999999996,1033.8973938552892,441.18717175562017,445.7623470935398,14
3.3499999999999996,3.3499999999999996,3.3499999999999996,1019.1246458238245,434.8833093396825,439.3931127046495,14
3.3499999999999996,3.3499999999999996,3.3499999999999996,938.1896538129807,400.3465357356999,404.49818771966557,14
3.3499999999999996,3.3499999999999996,3.3499999999999996,953.0868134636308,406.7034873757019,410.92106187561933,14
3.3499999999999996,3.3499999999999996,3.3499999999999996,892.4413064007455,380.8246913754628,384.77389898528185,14
3.3499999999999996,3.3499999999999996,3.3499999999999996,820.5980332745585,350.1675578256655,353.7988464878638,14
3.3499999999999996,3.3499999999999996,3.3499999999999996,861.2827385420779,367.528632684125,371.33995822549207,14
3.3499999999999996,3.3499999999999996,3.3499999999999996,810.4523497371233,345.83816745094214,349.42455970331997,14
3.3499999999999996,3.3499999999999996,3.3499999999999996,813.8868956726201,347.3037651171635,350.90535583116275,14
3.3499999999999996,3.3499999999999996,3.3499999999999996,1079.1939494393268,460.51622642503355,465.29184687987913,14
3.3499999999999996,3.3499999999999996,3.3499999999999996,1032.428628476548,440.5604166759862,445.1290924722897,14
3.3499999999999996,3.3499999999999996,3.3499999999999996,997.182584118977,425.5201402248525,429.9328461600632,14
3.3499999999999996,3.3499999999999996,3.3499999999999996,1067.365204886279,455.4686362233415,460.19191243137936,14
3.3499999999999996,3.3499999999999996,3.3499999999999996,882.4792176261478,376.57364499758756,380.47876863626345,14
3.3499999999999996,3.3499999999999996,3.3499999999999996,890.8425769469919,380.14247771451744,384.08461066914106,14
3.3499999999999996,3.3499999999999996,3.3499999999999996,843.7532870993991,360.0484231871414,363.7821778647028,14
3.3499999999999996,3.3499999999999996,3.3499999999999996,926.0991671816222,395.18725432756344,399.2854038106157,14
3.3499999999999996,3.3499999999999996,3.3499999999999996,1160.0056189350707,495.00037555005537,500.13360166237754,14
3.3499999999999996,3.3499999999999996,3.3499999999999996,1133.921993982372,483.86990864839856,488.88771019507595,14
3.3499999999999996,3.3499999999999996,3.3499999999999996,1071.5884806126096,457.2708025546602,462.0127674904801,14
3.3499999999999996,3.3499999999999996,3.3499999999999996,1052.8978542230825,449.2950937037191,453.9543493751422,14
3.3499999999999996,3.3499999999999996,3.3499999999999996,1257.8327564138722,536.745405919347,542.3115340869723,14
3.3499999999999996,3.3499999999999996,3.3499999999999996,1194.8417624255344,509.86573812159673,515.1531202125615,14
3.3499999999999996,3.3499999999999996,3.3499999999999996,1295.4649326237945,552.8038982685295,558.5365553446625,14
3.3499999999999996,3.3499999999999996,3.3499999999999996,1241.4506777569181,529.7548060850745,535.2484407125274,14
3.3499999999999996,3.3499999999999996,3.3499999999999996,1345.4836117814796,574.1479888172476,580.1019872263577,14
3.3499999999999996,3.3499999999999996,3.3499999999999996,1276.464782716062,544.6961088006911,550.3446869171603,14
3.3499999999999996,3.3499999999999996,3.3499999999999996,1263.8775567987263,539.3248576149128,544.9177350729491,14
3.3499999999999996,3.3499999999999996,3.3499999999999996,1192.6938246951377,508.9491649896661,514.2270420835297,14
3.3499999999999996,3.3499999999999996,3.3499999999999996,1194.6113726402032,509.7674256406913,515.0537882168858,14
3.3499999999999996,3.3499999999999996,3.3499999999999996,1304.5690343881497,556.6888223747928,562.461766680697,14
3.3499999999999996,3.3499999999999996,3.3499999999999996,1093.1167236585113,466.45738598038287,471.29461712660026,14
3.3499999999999996,3.3499999999999996,3.3499999999999996,936.0611198769667,399.43824263737383,403.58047548939516,14
3.3499999999999996,3.3499999999999996,3.3499999999999996,951.4905486853002,406.02232544695494,410.23283619829346,14
3.3499999999999996,3.3499999999999996,3.3499999999999996,990.7228543027759,422.76362884872077,427.14774935880075,14
3.3499999999999996,3.3499999999999996,3.3499999999999996,880.4619614110653,375.71283659481156,379.60903352476356,14
3.3499999999999996,3.3499999999999996,3.3499999999999996,843.2895060546202,359.85051742910775,363.58221979508505,14
3.3499999999999996,3.3499999999999996,3.3499999999999996,833.3636630859155,355.6149379483201,359.30271673713366,14
3.3499999999999996,3.3499999999999996,3.3499999999999996,987.8919614052436,421.5556234524133,425.9272167702923,14
3.3499999999999996,3.3499999999999996,3.3499999999999996,910.3952345198137,388.48506501438106,392.51448888064596,15
3.3499999999999996,3.3499999999999996,3.3499999999999996,1011.453834653744,431.60892523976946,436.085636086272,15
3.3499999999999996,3.3499999999999996,3.3499999999999996,983.4993545107997,419.68015230248267,424.03313617284766,15
3.3499999999999996,3.3499999999999996,3.3499999999999996,1138.0809577631937,485.6434195873868,490.680584105687,15
3.3499999999999996,3.3499999999999996,3.3499999999999996,1172.804801729592,500.4608244565485,505.6516772635185,15
3.3499999999999996,3.3499999999999996,3.3499999999999996,992.8477896789709,423.66932898793107,428.0636891818427,15
3.3499999999999996,3.3499999999999996,3.3499999999999996,914.9346850537639,390.4221453822736,394.4716609291927,15
3.3499999999999996,3.3499999999999996,3.3499999999999996,945.6650511294937,403.5354480558562,407.720976694441,15
3.3499999999999996,3.3499999999999996,3.3499999999999996,864.715275043654,368.992451966697,372.81969560184467,15
3.3499999999999996,3.3499999999999996,3.3499999999999996,908.715556223708,387.7683104584214,391.7903000416878,15
3.3499999999999996,3.3499999999999996,3.3499999999999996,889.6313311299124,379.6246645503641,383.56218704818633,15
3.3499999999999996,3.3499999999999996,3.3499999999999996,872.9211094499241,372.4940565357264,376.3576193251771,15
3.3499999999999996,3.3499999999999996,3.3499999999999996,1021.9790178696799,436.10024541686573,440.6235408925918,15
3.3499999999999996,3.3499999999999996,3.3499999999999996,1096.044578480528,467.7055999246893,472.5567107560736,15
3.3499999999999996,3.3499999999999996,3.3499999999999996,911.0749061496913,388.7750953960323,392.8075274997999,15
3.3499999999999996,3.3499999999999996,3.3499999999999996,1126.3688033816836,480.6455934962174,485.63091983193385,15
3.3499999999999996,3.3499999999999996,3.3499999999999996,1086.2797905364155,463.5387566290728,468.3466483528661,15
3.3499999999999996,3.3499999999999996,3.3499999999999996,985.7904476392436,420.6578106086872,425.02093489387613,15
3.3499999999999996,3.3499999999999996,3.3499999999999996,960.7216603447446,409.9604243607554,414.2125937924995,15
3.3499999999999996,3.3499999999999996,3.3499999999999996,769.0313135457203,328.1620646866445,331.56580957810434,15
3.3499999999999996,3.3499999999999996,3.3499999999999996,986.5146450930374,420.9668411091257,425.3331707038258,15
3.3499999999999996,3.3499999999999996,3.3499999999999996,1033.8973938552892,441.1860706651464,445.76211706357356,15
3.3499999999999996,3.3499999999999996,3.3499999999999996,1019.1246458238245,434.8822239820389,439.3928859614453,15
3.3499999999999996,3.3499999999999996,3.3499999999999996,938.1896538129807,400.34553657302035,404.4979789835418,15
3.3499999999999996,3.3499999999999996,3.3499999999999996,953.0868134636308,406.702472347695,410.9208498250534,15
3.3499999999999996,3.3499999999999996,3.3499999999999996,892.4413064007455,380.8237409343197,384.77370042762544,15
3.3499999999999996,3.3499999999999996,3.3499999999999996,820.5980332745585,350.16668389689596,353.7986639144874,15
3.3499999999999996,3.3499999999999996,3.3499999999999996,861.2827385420779,367.52771542654773,371.33976660024916,15
3.3499999999999996,3.3499999999999996,3.3499999999999996,810.4523497371233,345.83730432722496,349.42437938723856,15
3.3499999999999996,3.3499999999999996,3.3499999999999996,813.8868956726201,347.30289833568895,350.9051747509354,15
3.3499999999999996,3.3499999999999996,3.3499999999999996,1079.1939494393268,460.5150770941772,465.2916067719639,15
3.3499999999999996,3.3499999999999996,3.3499999999999996,1032.428628476548,440.559317149733,445.1288627691063,15
3.3499999999999996,3.3499999999999996,3.3499999999999996,997.182584118977,425.5190782352871,429.93262429870884,15
3.3499999999999996,3.3499999999999996,3.3499999999999996,1067.365204886279,455.46749948998075,460.1916749552203,15
3.3499999999999996,3.3499999999999996,3.3499999999999996,882.4792176261478,376.5727051659702,380.47857229505416,15
3.3499999999999996,3.3499999999999996,3.3499999999999996,890.8425769469919,380.1415289760053,384.0844124671831,15
3.3499999999999996,3.3499999999999996,3.3499999999999996,843.7532870993991,360.0475245982561,363.7819901395559,15
3.3499999999999996,3.3499999999999996,3.3499999999999996,926.0991671816222,395.1862680411323,399.2851977644824,15
3.3499999999999996,3.3499999999999996,3.3499999999999996,1160.0056189350707,494.99914015557215,500.1333435748198,15
3.3499999999999996,3.3499999999999996,3.3499999999999996,1133.921993982372,483.86870103271735,488.8874579108168,15
3.3499999999999996,3.3499999999999996,3.3499999999999996,1071.5884806126096,457.2696613235527,462.01252907469194,15
3.3499999999999996,3.3499999999999996,3.3499999999999996,1052.8978542230825,449.2939723779434,453.95411511779787,15
3.3499999999999996,3.3499999999999996,3.3499999999999996,1257.8327564138722,536.7440663399324,542.311254234031,15
3.3499999999999996,3.3499999999999996,3.3499999999999996,1194.8417624255344,509.86446562696614,515.1528543743729,15
3.3499999999999996,3.3499999999999996,3.3499999999999996,1295.4649326237945,552.8025186112203,558.5362671190064,15
3.3499999999999996,3.3499999999999996,3.3499999999999996,1241.4506777569181,529.7534839524111,535.2481645044055,15
3.3499999999999996,3.3499999999999996,3.3499999999999996,1345.4836117814796,574.1465558905409,580.1016878721357,15
3.3499999999999996,3.3499999999999996,3.3499999999999996,1276.464782716062,544.6947493783532,550.3444029188133,15
3.3499999999999996,3.3499999999999996,3.3499999999999996,1263.8775567987263,539.3235115978457,544.9174538751113,15
3.3499999999999996,3.3499999999999996,3.3499999999999996,1192.6938246951377,508.9478947825679,514.226776723232,15
3.3499999999999996,3.3499999999999996,3.3499999999999996,1194.6113726402032,509.7661533914235,515.0535224299563,15
3.3499999999999996,3.3499999999999996,3.3499999999999996,1304.5690343881497,556.6874330217055,562.4614764294857,15
3.3499999999999996,3.3499999999999996,3.3499999999999996,1093.1167236585113,466.45622182191,471.29437392103205,15
3.3499999999999996,3.3499999999999996,3.3499999999999996,936.0611198769667,399.4372457415618,403.580267226845,15
3.3499999999999996,3.3499999999999996,3.3499999999999996,951.4905486853002,406.02131211895426,410.2326245028777,15
3.3499999999999996,3.3499999999999996,3.3499999999999996,990.7228543027759,422.76257373870357,427.14752893466,15
3.3499999999999996,3.3499999999999996,3.3499999999999996,880.4619614110653,375.7118989115521,379.60883763236984,15
3.3499999999999996,3.3499999999999996,3.3499999999999996,843.2895060546202,359.8496193341447,363.582032173124,15
3.3499999999999996,3.3499999999999996,3.3499999999999996,833.3636630859155,355.6140504242814,359.30253132355534,15
3.3499999999999996,3.3499999999999996,3.3499999999999996,987.8919614052436,421.5545713572689,425.9269969759917,15
3.3499999999999996,3.3499999999999996,3.3499999999999996,910.3952345198137,440.0034954000925,379.76894707864767,16
3.3499999999999996,3.3499999999999996,3.3499999999999996,1011.453834653744,488.84616901384794,421.9252729367764,16
3.3499999999999996,3.3499999999999996,3.3499999999999996,983.4993545107997,475.3354777134089,410.264136006928,16
3.3499999999999996,3.3499999999999996,3.3499999999999996,1138.0809577631937,550.0463759876941,474.7474400477878,16
3.3499999999999996,3.3499999999999996,3.3499999999999996,1172.804801729592,566.8287713030664,489.23239906517307,16
3.3499999999999996,3.3499999999999996,3.3499999999999996,992.8477896789709,479.85367376117955,414.1638108360939,16
3.3499999999999996,3.3499999999999996,3.3499999999999996,914.9346850537639,442.19745910552365,381.6625667772428,16
3.3499999999999996,3.3499999999999996,3.3499999999999996,945.6650511294937,457.0497649783431,394.4816571298816,16
3.3499999999999996,3.3499999999999996,3.3499999999999996,864.715275043654,417.9258953895364,360.7136736599477,16
3.3499999999999996,3.3499999999999996,3.3499999999999996,908.715556223708,439.1916893916571,379.0682737515521,16
3.3499999999999996,3.3499999999999996,3.3499999999999996,889.6313311299124,429.96808470890494,371.10734008793787,16
3.3499999999999996,3.3499999999999996,3.3499999999999996,872.9211094499241,421.89186059292155,364.1367156248088,16
3.3499999999999996,3.3499999999999996,3.3499999999999996,1021.9790178696799,493.9330996447852,426.3158250795873,16
3.3499999999999996,3.3499999999999996,3.3499999999999996,1096.044578480528,529.7297562196953,457.21207640147315,16
3.3499999999999996,3.3499999999999996,3.3499999999999996,911.0749061496913,440.3319877751961,380.05247028862345,16
3.3499999999999996,3.3499999999999996,3.3499999999999996,1126.3688033816836,544.3857698343147,469.86174604496847,16
3.3499999999999996,3.3499999999999996,3.3499999999999996,1086.2797905364155,525.0103325404663,453.1387211208541,16
3.3499999999999996,3.3499999999999996,3.3499999999999996,985.7904476392436,476.44278687604333,411.21985940272003,16
3.3499999999999996,3.3499999999999996,3.3499999999999996,960.7216603447446,464.3267809735751,400.7624815580393,16
3.3499999999999996,3.3499999999999996,3.3499999999999996,769.0313135457203,371.6808405864707,320.7993639925092,16
3.3499999999999996,3.3499999999999996,3.3499999999999996,986.5146450930374,476.7927990454253,411.52195644154017,16
3.3499999999999996,3.3499999999999996,3.3499999999999996,1033.8973938552892,499.6933748464965,431.28754387524816,16
3.3499999999999996,3.3499999999999996,3.3499999999999996,1019.1246458238245,492.553551916802,425.1251313837915,16
3.3499999999999996,3.3499999999999996,3.3499999999999996,938.1896538129807,453.43682762536474,391.36331505136224,16
3.3499999999999996,3.3499999999999996,3.3499999999999996,953.0868134636308,460.63677998592016,397.5776255183694,16
3.3499999999999996,3.3499999999999996,3.3499999999999996,892.4413064007455,431.32617501328417,372.27951378729193,16
3.3499999999999996,3.3499999999999996,3.3499999999999996,820.5980332745585,396.6035731169999,342.3102837701702,16
3.3499999999999996,3.3499999999999996,3.3499999999999996,861.2827385420779,416.26691476055896,359.2818002014929,16
3.3499999999999996,3.3499999999999996,3.3499999999999996,810.4523497371233,391.7000586318331,338.07803890738035,16
3.3499999999999996,3.3499999999999996,3.3499999999999996,813.8868956726201,393.3600104411458,339.5107505958425,16
3.3499999999999996,3.3499999999999996,3.3499999999999996,1079.1939494393268,521.5856717641902,450.18288138161444,16
3.3499999999999996,3.3499999999999996,3.3499999999999996,1032.428628476548,498.98350524693785,430.67485230982686,16
3.3499999999999996,3.3499999999999996,3.3499999999999996,997.182584118977,481.9487250456357,415.97205879023835,16
3.3499999999999996,3.3499999999999996,3.3499999999999996,1067.365204886279,515.8687163670312,445.2485520992971,16
3.3499999999999996,3.3499999999999996,3.3499999999999996,882.4792176261478,426.5113937884889,368.1238549907819,16
3.3499999999999996,3.3499999999999996,3.3499999999999996,890.8425769469919,430.5534924231543,371.6126080541618,16
3.3499999999999996,3.3499999999999996,3.3499999999999996,843.7532870993991,407.7947483708776,351.9694362250232,16
3.3499999999999996,3.3499999999999996,3.3499999999999996,926.0991671816222,447.5933695566372,386.3198007582746,16
3.3499999999999996,3.3499999999999996,3.3499999999999996,1160.0056189350707,560.6427930001105,483.8932540553616,16
3.3499999999999996,3.3499999999999996,3.3499999999999996,1133.921993982372,548.036305491478,473.0125393847653,16
3.3499999999999996,3.3499999999999996,3.3499999999999996,1071.5884806126096,517.909869496094,447.0102803190822,16
3.3499999999999996,3.3499999999999996,3.3499999999999996,1052.8978542230825,508.8764951650575,439.21353530653283,16
3.3499999999999996,3.3499999999999996,3.3499999999999996,1257.8327564138722,607.9236670683513,524.7015838744848,16
3.3499999999999996,3.3499999999999996,3.3499999999999996,1194.8417624255344,577.4794638446672,498.42505852008065,16
3.3499999999999996,3.3499999999999996,3.3499999999999996,1295.4649326237945,626.1116896370455,540.3997459403904,16
3.3499999999999996,3.3499999999999996,3.3499999999999996,1241.4506777569181,600.0060378918532,517.8678433993464,16
3.3499999999999996,3.3499999999999996,3.3499999999999996,1345.4836117814796,650.2862380421516,561.2649047172791,16
3.3499999999999996,3.3499999999999996,3.3499999999999996,1276.464782716062,616.9287193670643,532.4738840166932,16
3.3499999999999996,3.3499999999999996,3.3499999999999996,1263.8775567987263,610.845182029636,527.2231562536147,16
3.3499999999999996,3.3499999999999996,3.3499999999999996,1192.6938246951377,576.4413431763677,497.52905201726384,16
3.3499999999999996,3.3499999999999996,3.3499999999999996,1194.6113726402032,577.3681140627194,498.3289520348145,16
3.3499999999999996,3.3499999999999996,3.3499999999999996,1304.5690343881497,630.5117968068809,544.1974977409802,16
3.3499999999999996,3.3499999999999996,3.3499999999999996,1093.1167236585113,528.3146935009293,455.9907295613363,16
3.3499999999999996,3.3499999999999996,3.3499999999999996,936.0611198769667,452.40808501291264,390.47540278968654,16
3.3499999999999996,3.3499999999999996,3.3499999999999996,951.4905486853002,459.8652885990831,396.9117479180268,16
3.3499999999999996,3.3499999999999996,3.3499999999999996,990.7228543027759,478.826670370154,413.27739970406117,16
3.3499999999999996,3.3499999999999996,3.3499999999999996,880.4619614110653,425.53643285712815,367.28236193398465,16
3.3499999999999996,3.3499999999999996,3.3499999999999996,843.2895060546202,407.57059816329144,351.7759711975579,16
3.3499999999999996,3.3499999999999996,3.3499999999999996,833.3636630859155,402.7733349138566,347.63543224242903,16
3.3499999999999996,3.3499999999999996,3.3499999999999996,987.8919614052436,477.45847035900783,412.09650027244754,16
3.3499999999999996,3.3499999999999996,3.3499999999999996,910.3952345198137,394.33886981544435,391.2378911251722,17
3.3499999999999996,3.3499999999999996,3.3499999999999996,1011.453834653744,438.11253278168834,434.6673293485776,17
3.3499999999999996,3.3499999999999996,3.3499999999999996,983.4993545107997,426.0040136595938,422.65402848327295,17
3.3499999999999996,3.3499999999999996,3.3499999999999996,1138.0809577631937,492.9612344461904,489.0847150357063,17
3.3499999999999996,3.3499999999999996,3.3499999999999996,1172.804801729592,508.0019122377208,504.0071168344577,17
3.3499999999999996,3.3499999999999996,3.3499999999999996,992.8477896789709,430.05330040778733,426.67147268973895,17
3.3499999999999996,3.3499999999999996,3.3499999999999996,914.9346850537639,396.3051386679887,393.18869774896393,17
3.3499999999999996,3.3499999999999996,3.3499999999999996,945.6650511294937,409.61603636146106,406.39492199212407,17
3.3499999999999996,3.3499999999999996,3.3499999999999996,864.715275043654,374.55253646260644,371.60715237074265,17
3.3499999999999996,3.3499999999999996,3.3499999999999996,908.715556223708,393.6113149954884,390.5160576077947,17
3.3499999999999996,3.3499999999999996,3.3499999999999996,889.6313311299124,385.34495828640445,382.31470538587445,17
3.3499999999999996,3.3499999999999996,3.3499999999999996,872.9211094499241,378.10690421736297,375.13356949849145,17
3.3499999999999996,3.3499999999999996,3.3499999999999996,1021.9790178696799,442.6715294642245,439.1904752625397,17
3.3499999999999996,3.3499999999999996,3.3499999999999996,1096.044578480528,474.75312255267517,471.0197870159956,17
3.3499999999999996,3.3499999999999996,3.3499999999999996,911.0749061496913,394.6332704583837,391.5299766777412,17
3.3499999999999996,3.3499999999999996,3.3499999999999996,1126.3688033816836,487.8880996726491,484.0514740794623,17
3.3499999999999996,3.3499999999999996,3.3499999999999996,1086.2797905364155,470.52349206268286,466.82341724418535,17
3.3499999999999996,3.3499999999999996,3.3499999999999996,985.7904476392436,426.9964036026156,423.6386145289332,17
3.3499999999999996,3.3499999999999996,3.3499999999999996,960.7216603447446,416.1378260590166,412.86542602543847,17
3.3499999999999996,3.3499999999999996,3.3499999999999996,769.0313135457203,333.10690515230937,330.48743876558643,17
3.3499999999999996,3.3499999999999996,3.3499999999999996,986.5146450930374,427.3100906636017,423.949834836155,17
3.3499999999999996,3.3499999999999996,3.3499999999999996,1033.8973938552892,447.83398939151067,444.31233894266546,17
3.3499999999999996,3.3499999999999996,3.3499999999999996,1019.1246458238245,441.43515453176013,437.9638228621718,17
3.3499999999999996,3.3499999999999996,3.3499999999999996,938.1896538129807,406.3780583740544,403.1824066245784,17
3.3499999999999996,3.3499999999999996,3.3499999999999996,953.0868134636308,412.83078228708786,409.58438798880366,17
3.3499999999999996,3.3499999999999996,3.3499999999999996,892.4413064007455,386.562102698517,383.52227848971927,17
3.3499999999999996,3.3499999999999996,3.3499999999999996,820.5980332745585,355.44309629975686,352.64798389365336,17
3.3499999999999996,3.3499999999999996,3.3499999999999996,861.2827385420779,373.0657288505854,370.1320366285177,17
3.3499999999999996,3.3499999999999996,3.3499999999999996,810.4523497371233,351.0484803923399,348.2879261069899,17
3.3499999999999996,3.3499999999999996,3.3499999999999996,813.8868956726201,352.53615839325494,349.76390539359613,17
3.3499999999999996,3.3499999999999996,3.3499999999999996,1079.1939494393268,467.45425085406464,463.7783117531232,17
3.3499999999999996,3.3499999999999996,3.3499999999999996,1032.428628476548,447.19779177368997,443.6811442180584,17
3.3499999999999996,3.3499999999999996,3.3499999999999996,997.182584118977,431.93092220932914,428.5343293599669,17
3.3499999999999996,3.3499999999999996,3.3499999999999996,1067.365204886279,462.330614897375,458.6949667419492,17
3.3499999999999996,3.3499999999999996,3.3499999999999996,882.4792176261478,382.2470110993743,379.24111965277626,17
3.3499999999999996,3.3499999999999996,3.3499999999999996,890.8425769469919,385.8696109740119,382.83523234069565,17
3.3499999999999996,3.3499999999999996,3.3499999999999996,843.7532870993991,365.4728243534121,362.59884076481995,17
3.3499999999999996,3.3499999999999996,3.3499999999999996,926.0991671816222,401.14104849861997,397.9865792377788,17
3.3499999999999996,3.3499999999999996,3.3499999999999996,1160.0056189350707,502.4579297053267,498.5067307441293,17
3.3499999999999996,3.3499999999999996,3.3499999999999996,1133.921993982372,491.1597739214133,487.29742072969754,17
3.3499999999999996,3.3499999999999996,3.3499999999999996,1071.5884806126096,464.1599322242817,460.50989879141383,17
3.3499999999999996,3.3499999999999996,3.3499999999999996,1052.8978542230825,456.0640633015096,452.4776936840309,17
3.3499999999999996,3.3499999999999996,3.3499999999999996,1257.8327564138722,544.8318804554291,540.5474637255644,17
3.3499999999999996,3.3499999999999996,3.3499999999999996,1194.8417624255344,517.5472501805197,513.4773927130834,17
3.3499999999999996,3.3499999999999996,3.3499999999999996,1295.4649326237945,561.1323061086276,556.7197070552285,17
3.3499999999999996,3.3499999999999996,3.3499999999999996,1241.4506777569181,537.7359619599655,533.5073456944392,17
3.3499999999999996,3.3499999999999996,3.3499999999999996,1345.4836117814796,582.7979614864333,578.2149893331951,17
3.3499999999999996,3.3499999999999996,3.3499999999999996,1276.464782716062,552.9023666748045,548.5544857325528,17
3.3499999999999996,3.3499999999999996,3.3499999999999996,1263.8775567987263,547.4501935370882,543.1451870716124,17
3.3499999999999996,3.3499999999999996,3.3499999999999996,1192.6938246951377,516.6168681827654,512.5543269982767,17
3.3499999999999996,3.3499999999999996,3.3499999999999996,1194.6113726402032,517.4474565479086,513.3783838317404,17
3.3499999999999996,3.3499999999999996,3.3499999999999996,1304.5690343881497,565.0757595278827,560.6321501786306,17
3.3499999999999996,3.3499999999999996,3.3499999999999996,1093.1167236585113,473.48491846095794,469.7615557526358,17
3.3499999999999996,3.3499999999999996,3.3499999999999996,936.0611198769667,405.4560811548588,402.26767959532975,17
3.3499999999999996,3.3499999999999996,3.3499999999999996,951.4905486853002,412.13935813992043,408.8984010219663,17
3.3499999999999996,3.3499999999999996,3.3499999999999996,990.7228543027759,429.13288190941773,425.75829212393944,17
3.3499999999999996,3.3499999999999996,3.3499999999999996,880.4619614110653,381.3732339684962,378.3742136788403,17
3.3499999999999996,3.3499999999999996,3.3499999999999996,843.2895060546202,365.2719369958059,362.3995331333396,17
3.3499999999999996,3.3499999999999996,3.3499999999999996,833.3636630859155,360.9725453142259,358.1339507538757,17
3.3499999999999996,3.3499999999999996,3.3499999999999996,987.8919614052436,427.90667700032645,424.5417297725165,17
3.3499999999999996,3.3499999999999996,3.3499999999999996,910.3952345198137,389.07824592196164,392.3866549838983,18
3.3499999999999996,3.3499999999999996,3.3499999999999996,1011.453834653744,432.26795230940513,435.94361196294454,18
3.3499999999999996,3.3499999999999996,3.3499999999999996,983.4993545107997,420.3209652347047,423.89503730087563,18
3.3499999999999996,3.3499999999999996,3.3499999999999996,1138.0809577631937,486.3849523523099,490.5207795305654,18
3.3499999999999996,3.3499999999999996,3.3499999999999996,1172.804801729592,501.2249820337483,505.4869969112445,18
3.3499999999999996,3.3499999999999996,3.3499999999999996,992.8477896789709,424.3162330254745,427.92427764164626,18
3.3499999999999996,3.3499999999999996,3.3499999999999996,914.9346850537639,391.0182840331349,394.3431896217592,18
3.3499999999999996,3.3499999999999996,3.3499999999999996,945.6650511294937,404.1516095119212,407.58819035734234,18
3.3499999999999996,3.3499999999999996,3.3499999999999996,864.715275043654,369.5558694497859,372.69827589423346,18
3.3499999999999996,3.3499999999999996,3.3499999999999996,908.715556223708,388.3603969478217,391.66270199835174,18
3.3499999999999996,3.3499999999999996,3.3499999999999996,889.6313311299124,380.20431644264386,383.4372687320364,18
3.3499999999999996,3.3499999999999996,3.3499999999999996,872.9211094499241,373.06282064642926,376.2350473885686,18
3.3499999999999996,3.3499999999999996,3.3499999999999996,1021.9790178696799,436.7661303186778,440.48003886699354,18
3.3499999999999996,3.3499999999999996,3.3499999999999996,1096.044578480528,468.4197432913941,472.4028087537744,18
3.3499999999999996,3.3499999999999996,3.3499999999999996,911.0749061496913,389.3687191532887,392.6795981664005,18
3.3499999999999996,3.3499999999999996,3.3499999999999996,1126.3688033816836,481.37949504109207,485.4727598286171,18
3.3499999999999996,3.3499999999999996,3.3499999999999996,1086.2797905364155,464.24653760990907,468.1941174813094,18
3.3499999999999996,3.3499999999999996,3.3499999999999996,985.7904476392436,421.3001163350825,424.8825143161753,18
3.3499999999999996,3.3499999999999996,3.3499999999999996,960.7216603447446,410.5863961637782,414.0776932692159,18
3.3499999999999996,3.3499999999999996,3.3499999999999996,769.0313135457203,328.6631379295944,331.4578254127616,18
3.3499999999999996,3.3499999999999996,3.3499999999999996,986.5146450930374,421.6096186966277,425.1946484373429,18
3.3499999999999996,3.3499999999999996,3.3499999999999996,1033.8973938552892,441.85972115361363,445.6169415093942,18
3.3499999999999996,3.3499999999999996,3.3499999999999996,1019.1246458238245,435.5462490773223,439.249784734849,18
3.3499999999999996,3.3499999999999996,3.3499999999999996,938.1896538129807,400.956827328101,404.366242310515,18
3.3499999999999996,3.3499999999999996,3.3499999999999996,953.0868134636308,407.32346955811175,410.7870213550833,18
3.3499999999999996,3.3499999999999996,3.3499999999999996,892.4413064007455,381.40522370578043,384.64838754648326,18
3.3499999999999996,3.3499999999999996,3.3499999999999996,820.5980332745585,350.7013561663455,353.6834389657188,18
3.3499999999999996,3.3499999999999996,3.3499999999999996,861.2827385420779,368.08889639186935,371.2188288750782,18
3.3499999999999996,3.3499999999999996,3.3499999999999996,810.4523497371233,346.36536603288795,349.31057905298076,18
3.3499999999999996,3.3499999999999996,3.3499999999999996,813.8868956726201,347.83319786839434,350.79089215208097,18
3.3499999999999996,3.3499999999999996,3.3499999999999996,1079.1939494393268,461.2182411949006,465.1400708646213,18
3.3499999999999996,3.3499999999999996,3.3499999999999996,1032.428628476548,441.23201064331755,444.98389345282743,18
3.3499999999999996,3.3499999999999996,3.3499999999999996,997.182584118977,426.1688066695352,429.79260408478046,18
3.3499999999999996,3.3499999999999996,3.3499999999999996,1067.365204886279,456.1629564046783,460.0417999907875,18
3.3499999999999996,3.3499999999999996,3.3499999999999996,882.4792176261478,377.14769699741225,380.3546582488131,18
3.3499999999999996,3.3499999999999996,3.3499999999999996,890.8425769469919,380.72197007265015,383.9593240729542,18
3.3499999999999996,3.3499999999999996,3.3499999999999996,843.7532870993991,360.5972840012475,363.6635138267482,18
3.3499999999999996,3.3499999999999996,3.3499999999999996,926.0991671816222,395.7896810684294,399.15515878709493,18
3.3499999999999996,3.3499999999999996,3.3499999999999996,1160.0056189350707,495.754958243967,499.9704604303405,18
3.3499999999999996,3.3499999999999996,3.3499999999999996,1133.921993982372,484.6075239658919,488.7282373200203,18
3.3499999999999996,3.3499999999999996,3.3499999999999996,1071.5884806126096,457.9678699733574,461.8620610955193,18
3.3499999999999996,3.3499999999999996,3.3499999999999996,1052.8978542230825,449.98000288543744,453.8062715983252,18
3.3499999999999996,3.3499999999999996,3.3499999999999996,1257.8327564138722,537.5636250851271,542.1346346114625,18
3.3499999999999996,3.3499999999999996,3.3499999999999996,1194.8417624255344,510.64298169798286,514.9850796841109,18
3.3499999999999996,3.3499999999999996,3.3499999999999996,1295.4649326237945,553.6465971337512,558.3543633434177,18
3.3499999999999996,3.3499999999999996,3.3499999999999996,1241.4506777569181,530.5623687222627,535.0738451849055,18
3.3499999999999996,3.3499999999999996,3.3499999999999996,1345.4836117814796,575.0232247918148,579.9127606825127,18
3.3499999999999996,3.3499999999999996,3.3499999999999996,1276.464782716062,545.526448084142,550.1651670649242,18
3.3499999999999996,3.3499999999999996,3.3499999999999996,1263.8775567987263,540.1470089183343,544.7399854669173,18
3.3499999999999996,3.3499999999999996,3.3499999999999996,1192.6938246951377,509.7250113343385,514.0593036374156,18
3.3499999999999996,3.3499999999999996,3.3499999999999996,1194.6113726402032,510.54451934871304,514.8857800900659,18
3.3499999999999996,3.3499999999999996,3.3499999999999996,1304.5690343881497,557.5374434506684,562.2782942939486,18
3.3499999999999996,3.3499999999999996,3.3499999999999996,1093.1167236585113,467.1684575033426,471.1408830358794,18
3.3499999999999996,3.3499999999999996,3.3499999999999996,936.0611198769667,400.04714962021353,403.448829433664,18
3.3499999999999996,3.3499999999999996,3.3499999999999996,951.4905486853002,406.64126926044935,410.0990201737413,18
3.3499999999999996,3.3499999999999996,3.3499999999999996,990.7228543027759,423.4080932445105,427.00841576901473,18
3.3499999999999996,3.3499999999999996,3.3499999999999996,880.4619614110653,376.28557637114,379.48520684082195,18
3.3499999999999996,3.3499999999999996,3.3499999999999996,843.2895060546202,360.3990765540286,363.46362098251376,18
3.3499999999999996,3.3499999999999996,3.3499999999999996,833.3636630859155,356.15704032061456,359.1855138783615,18
3.3499999999999996,3.3499999999999996,3.3499999999999996,987.8919614052436,422.19824635471906,425.78828131250447,18
3.3499999999999996,3.3499999999999996,3.3499999999999996,910.3952345198137,388.54436608987226,392.5016835480943,19
3.3499999999999996,3.3499999999999996,3.3499999999999996,1011.453834653744,431.6748090426833,436.07140929528896,19
3.3499999999999996,3.3499999999999996,3.3499999999999996,983.4993545107997,419.7442152141237,424.0193025807754,19
3.3499999999999996,3.3499999999999996,3.3499999999999996,1138.0809577631937,485.7175515931714,490.6645762174837,19
3.3499999999999996,3.3499999999999996,3.3499999999999996,1172.804801729592,500.5372182945728,505.63518096066576,19
3.3499999999999996,3.3499999999999996,3.3499999999999996,992.8477896789709,423.73400083538223,428.0497240976266,19
3.3499999999999996,3.3499999999999996,3.3499999999999996,914.9346850537639,390.48174214725077,394.45879174616005,19
3.3499999999999996,3.3499999999999996,3.3499999999999996,945.6650511294937,403.5970465270037,407.70767526776064,19
3.3499999999999996,3.3499999999999996,3.3499999999999996,864.715275043654,369.0487775534966,372.8075327892118,19
3.3499999999999996,3.3499999999999996,3.3499999999999996,908.715556223708,387.82750212348793,391.777518334962,19
3.3499999999999996,3.3499999999999996,3.3499999999999996,889.6313311299124,379.6826131124022,383.5496737741581,19
3.3499999999999996,3.3499999999999996,3.3499999999999996,872.9211094499241,372.5509166319205,376.34534109186245,19
3.3499999999999996,3.3499999999999996,3.3499999999999996,1021.9790178696799,436.1668148062819,440.60916605769773,19
3.3499999999999996,3.3499999999999996,3.3499999999999996,1096.044578480528,467.7769937763109,472.541294138338,19
3.3499999999999996,3.3499999999999996,3.3499999999999996,911.0749061496913,388.8344407437884,392.7947126072013,19
3.3499999999999996,3.3499999999999996,3.3499999999999996,1126.3688033816836,480.7189625988969,485.6150766832044,19
3.3499999999999996,3.3499999999999996,3.3499999999999996,1086.2797905364155,463.6095144246112,468.33136908356147,19
3.3499999999999996,3.3499999999999996,3.3499999999999996,985.7904476392436,420.7220227569253,425.00706907600966,19
3.3499999999999996,3.3499999999999996,3.3499999999999996,960.7216603447446,410.023003585191,414.1990805842975,19
3.3499999999999996,3.3499999999999996,3.3499999999999996,769.0313135457203,328.21215763776127,331.5549926259288,19
3.3499999999999996,3.3499999999999996,3.3499999999999996,986.5146450930374,421.03110042993893,425.3192946996262,19
3.3499999999999996,3.3499999999999996,3.3499999999999996,1033.8973938552892,441.2534163904739,445.74757458855754,19
3.3499999999999996,3.3499999999999996,3.3499999999999996,1019.1246458238245,434.9486074441502,439.37855127524904,19
3.3499999999999996,3.3499999999999996,3.3499999999999996,938.1896538129807,400.40664811378446,404.4847827034449,19
3.3499999999999996,3.3499999999999996,3.3499999999999996,953.0868134636308,406.7645542555654,410.90744400620207,19
3.3499999999999996,3.3499999999999996,3.3499999999999996,892.4413064007455,380.8818725317575,384.7611476293702,19
3.3499999999999996,3.3499999999999996,3.3499999999999996,820.5980332745585,350.2201357868818,353.7871216410783,19
3.3499999999999996,3.3499999999999996,3.3499999999999996,861.2827385420779,367.5838174257245,371.3276520685931,19
3.3499999999999996,3.3499999999999996,3.3499999999999996,810.4523497371233,345.8900953504549,349.41297981981756,19
3.3499999999999996,3.3499999999999996,3.3499999999999996,813.8868956726201,347.3559130774314,350.8937268742733,19
3.3499999999999996,3.3499999999999996,3.3499999999999996,1079.1939494393268,460.58537333413847,465.27642716986765,19
3.3499999999999996,3.3499999999999996,3.3499999999999996,1032.428628476548,440.6265672030232,445.11434095328156,19
3.3499999999999996,3.3499999999999996,3.3499999999999996,997.182584118977,425.5840324413917,429.9185982426398,19
3.3499999999999996,3.3499999999999996,3.3499999999999996,1067.365204886279,455.5370252324184,460.17666173251837,19
3.3499999999999996,3.3499999999999996,3.3499999999999996,882.4792176261478,376.6301878555973,380.46615962040124,19
3.3499999999999996,3.3499999999999996,3.3499999999999996,890.8425769469919,380.1995564358417,384.07188215615275,19
3.3499999999999996,3.3499999999999996,3.3499999999999996,843.7532870993991,360.10248476882504,363.7701221716412,19
3.3499999999999996,3.3499999999999996,3.3499999999999996,926.0991671816222,395.2465920350891,399.2721715453614,19
3.3499999999999996,3.3499999999999996,3.3499999999999996,1160.0056189350707,495.0747002839323,500.1170273012398,19
3.3499999999999996,3.3499999999999996,3.3499999999999996,1133.921993982372,483.94256213305795,488.871508521288,19
3.3499999999999996,3.3499999999999996,3.3499999999999996,1071.5884806126096,457.3394621605681,461.9974564487242,19
3.3499999999999996,3.3499999999999996,3.3499999999999996,1052.8978542230825,449.36255575005515,453.9393053882925,19
3.3499999999999996,3.3499999999999996,3.3499999999999996,1257.8327564138722,536.8259987055856,542.2935619547555,19
3.3499999999999996,3.3499999999999996,3.3499999999999996,1194.8417624255344,509.9422949025018,515.1360481065736,19
3.3499999999999996,3.3499999999999996,3.3499999999999996,1295.4649326237945,552.8869022512624,558.5180455173961,19
3.3499999999999996,3.3499999999999996,3.3499999999999996,1241.4506777569181,529.8343492267106,535.2307026502872,19
3.3499999999999996,3.3499999999999996,3.3499999999999996,1345.4836117814796,574.2341976336093,580.0827627235427,19
3.3499999999999996,3.3499999999999996,3.3499999999999996,1276.464782716062,544.7778953918337,550.3264485673257,19
3.3499999999999996,3.3499999999999996,3.3499999999999996,1263.8775567987263,539.4058377080512,544.8996765715777,19
3.3499999999999996,3.3499999999999996,3.3499999999999996,1192.6938246951377,509.02558414632387,514.210000667648,19
3.3499999999999996,3.3499999999999996,3.3499999999999996,1194.6113726402032,509.8439676598923,515.0367194027472,19
3.3499999999999996,3.3499999999999996,3.3499999999999996,1304.5690343881497,556.7724096822354,562.4431267724484,19
3.3499999999999996,3.3499999999999996,3.3499999999999996,1093.1167236585113,466.52742495972575,471.2789984855801,19
3.3499999999999996,3.3499999999999996,3.3499999999999996,936.0611198769667,399.4982186344655,403.5671008860358,19
3.3499999999999996,3.3499999999999996,3.3499999999999996,951.4905486853002,406.0832900497666,410.2192411365839,19
3.3499999999999996,3.3499999999999996,3.3499999999999996,990.7228543027759,422.827107172696,427.1335937391154,19
3.3499999999999996,3.3499999999999996,3.3499999999999996,880.4619614110653,375.7692502016965,379.59645333180737,19
3.3499999999999996,3.3499999999999996,3.3499999999999996,843.2895060546202,359.9045492950708,363.57017072860737,19
3.3499999999999996,3.3499999999999996,3.3499999999999996,833.3636630859155,355.6683338383664,359.29080949281894,19
3.3499999999999996,3.3499999999999996,3.3499999999999996,987.8919614052436,421.6189203933351,425.9131015988948,19
3.3499999999999996,3.3499999999999996,3.3499999999999996,910.3952345198137,388.490898966118,392.51318807516014,20
3.3499999999999996,3.3499999999999996,3.3499999999999996,1011.453834653744,431.61540679045413,436.08419088462017,20
3.3499999999999996,3.3499999999999996,3.3499999999999996,983.4993545107997,419.6864547165882,424.0317309135635,20
3.3499999999999996,3.3499999999999996,3.3499999999999996,1138.0809577631937,485.6507125840202,490.67895797464297,20
3.3499999999999996,3.3499999999999996,3.3499999999999996,1172.804801729592,500.4683399688787,505.65000151779634,20
3.3499999999999996,3.3499999999999996,3.3499999999999996,992.8477896789709,423.6756913082371,428.06227056517787,20
3.3499999999999996,3.3499999999999996,3.3499999999999996,914.9346850537639,390.428008423503,394.4703536375767,20
3.3499999999999996,3.3499999999999996,3.3499999999999996,945.6650511294937,403.5415080219659,407.71962549417157,20
3.3499999999999996,3.3499999999999996,3.3499999999999996,864.715275043654,368.9979931942757,372.8184600655297,20
3.3499999999999996,3.3499999999999996,3.3499999999999996,908.715556223708,387.77413364652335,391.78900163618687,20
3.3499999999999996,3.3499999999999996,3.3499999999999996,889.6313311299124,379.63036544383635,383.5609159109132,20
3.3499999999999996,3.3499999999999996,3.3499999999999996,872.9211094499241,372.4996503475454,376.35637206407034,20
3.3499999999999996,3.3499999999999996,3.3499999999999996,1021.9790178696799,436.1067944145323,440.6220806521795,20
3.3499999999999996,3.3499999999999996,3.3499999999999996,1096.044578480528,467.7126235457828,472.5551446881218,20
3.3499999999999996,3.3499999999999996,3.3499999999999996,911.0749061496913,388.78093370320914,392.80622572317486,20
3.3499999999999996,3.3499999999999996,3.3499999999999996,1126.3688033816836,480.65281143957634,485.6293104356377,20
3.3499999999999996,3.3499999999999996,3.3499999999999996,1086.2797905364155,463.5457176759133,468.34509623719487,20
3.3499999999999996,3.3499999999999996,3.3499999999999996,985.7904476392436,420.6641277044676,425.0195263609957,20
3.3499999999999996,3.3499999999999996,3.3499999999999996,960.7216603447446,409.966580811917,414.21122107880484,20
3.3499999999999996,3.3499999999999996,3.3499999999999996,769.0313135457203,328.16699275678087,331.56471075847804,20
3.3499999999999996,3.3499999999999996,3.3499999999999996,986.5146450930374,420.9731628456739,425.3317611361859,20
3.3499999999999996,3.3499999999999996,3.3499999999999996,1033.8973938552892,441.192696037587,445.7606397937564,20
3.3499999999999996,3.3499999999999996,3.3499999999999996,1019.1246458238245,434.88875468845345,439.39142979946234,20
3.3499999999999996,3.3499999999999996,3.3499999999999996,938.1896538129807,400.3515486356421,404.49663846438926,20
3.3499999999999996,3.3499999999999996,3.3499999999999996,953.0868134636308,406.70857987359153,410.91948802030277,20
3.3499999999999996,3.3499999999999996,3.3499999999999996,892.4413064007455,380.8294598345426,384.77242527535856,20
3.3499999999999996,3.3499999999999996,3.3499999999999996,820.5980332745585,350.17194241444975,353.79749141447564,20
3.3499999999999996,3.3499999999999996,3.3499999999999996,861.2827385420779,367.533234657908,371.3385359684658,20
3.3499999999999996,3.3499999999999996,3.3499999999999996,810.4523497371233,345.84249782968885,349.42322138374465,20
3.3499999999999996,3.3499999999999996,3.3499999999999996,813.8868956726201,347.3081138472478,350.90401184003855,20
3.3499999999999996,3.3499999999999996,3.3499999999999996,1079.1939494393268,460.5219927338655,465.29006478079737,20
3.3499999999999996,3.3499999999999996,3.3499999999999996,1032.428628476548,440.5659331101004,445.1273875979142,20
3.3499999999999996,3.3499999999999996,3.3499999999999996,997.182584118977,425.5254683336183,429.9311994883336,20
3.3499999999999996,3.3499999999999996,3.3499999999999996,1067.365204886279,455.47433932926714,460.1901498653899,20
3.3499999999999996,3.3499999999999996,3.3499999999999996,882.4792176261478,376.57836022760654,380.4773113769783,20
3.3499999999999996,3.3499999999999996,3.3499999999999996,890.8425769469919,380.1472376313256,384.0831395992385,20
3.3499999999999996,3.3499999999999996,3.3499999999999996,843.7532870993991,360.0529314982137,363.7807845544837,20
3.3499999999999996,3.3499999999999996,3.3499999999999996,926.0991671816222,395.1922026260688,399.2838745206524,20
3.3499999999999996,3.3499999999999996,3.3499999999999996,1160.0056189350707,495.0065736487836,500.13168611703077,20
3.3499999999999996,3.3499999999999996,3.3499999999999996,1133.921993982372,483.87596737807553,488.8858377222501,20
3.3499999999999996,3.3499999999999996,3.3499999999999996,1071.5884806126096,457.27652822623486,462.0109979504931,20
3.3499999999999996,3.3499999999999996,3.3499999999999996,1052.8978542230825,449.30071950823657,453.952610699439,20
3.3499999999999996,3.3499999999999996,3.3499999999999996,1257.8327564138722,536.7521267243851,542.3094569973061,20
3.3499999999999996,3.3499999999999996,3.3499999999999996,1194.8417624255344,509.8721223555066,515.151147141448,20
3.3499999999999996,3.3499999999999996,3.3499999999999996,1295.4649326237945,552.810820148407,558.5344161120734,20
3.3499999999999996,3.3499999999999996,3.3499999999999996,1241.4506777569181,529.7614393580011,535.2463906749845,20
3.3499999999999996,3.3499999999999996,3.3499999999999996,1345.4836117814796,574.1551779550646,580.0997653967132,20
3.3499999999999996,3.3499999999999996,3.3499999999999996,1276.464782716062,544.7029291596767,550.3425790599784,20
3.3499999999999996,3.3499999999999996,3.3499999999999996,1263.8775567987263,539.3316107183028,544.9156480013579,20
3.3499999999999996,3.3499999999999996,3.3499999999999996,1192.6938246951377,508.95553774679536,514.2250725593576,20
3.3499999999999996,3.3499999999999996,3.3499999999999996,1194.6113726402032,509.77380864359117,515.0518155262206,20
3.3499999999999996,3.3499999999999996,3.3499999999999996,1304.5690343881497,556.6957928993669,562.4596124142844,20
3.3499999999999996,3.3499999999999996,3.3499999999999996,1093.1167236585113,466.46322668086236,471.29281203650464,20
3.3499999999999996,3.3499999999999996,3.3499999999999996,936.0611198769667,399.44324416421307,403.5789297490183,20
3.3499999999999996,3.3499999999999996,3.3499999999999996,951.4905486853002,406.0274094157424,410.2312649789276,20
3.3499999999999996,3.3499999999999996,3.3499999999999996,990.7228543027759,422.76892244209915,427.14611335417936,20
3.3499999999999996,3.3499999999999996,3.3499999999999996,880.4619614110653,375.71754104630253,379.6075795966223,20
3.3499999999999996,3.3499999999999996,3.3499999999999996,843.2895060546202,359.85502326212253,363.5808272507188,20
3.3499999999999996,3.3499999999999996,3.3499999999999996,833.3636630859155,355.61939074594125,359.3013405835522,20
3.3499999999999996,3.3499999999999996,3.3499999999999996,987.8919614052436,421.5609019198706,425.9255854403927,20
3.3499999999999996,3.3499999999999996,3.3499999999999996,910.3952345198137,388.4855514613611,392.514338544724,21
3.3499999999999996,3.3499999999999996,3.3499999999999996,1011.453834653744,431.6094656848913,436.08546906228173,21
3.3499999999999996,3.3499999999999996,3.3499999999999996,983.4993545107997,419.6806778108254,424.03297376505316,21
3.3499999999999996,3.3499999999999996,3.3499999999999996,1138.0809577631937,485.64402769255264,490.6803961714321,21
3.3499999999999996,3.3499999999999996,3.3499999999999996,1172.804801729592,500.46145111553415,505.6514835952255,21
3.3499999999999996,3.3499999999999996,3.3499999999999996,992.8477896789709,423.669859491377,428.0635252303169,21
3.3499999999999996,3.3499999999999996,3.3499999999999996,914.9346850537639,390.42263425479587,394.4715098436597,21
3.3499999999999996,3.3499999999999996,3.3499999999999996,945.6650511294937,403.5359533483829,407.7208205343229,21
3.3499999999999996,3.3499999999999996,3.3499999999999996,864.715275043654,368.9929140057305,372.81955280917276,21
3.3499999999999996,3.3499999999999996,3.3499999999999996,908.715556223708,387.7687960079075,391.79014998313556,21
3.3499999999999996,3.3499999999999996,3.3499999999999996,889.6313311299124,379.6251399026706,383.5620401410615,21
3.3499999999999996,3.3499999999999996,3.3499999999999996,872.9211094499241,372.49452295934276,376.3574751774544,21
3.3499999999999996,3.3499999999999996,3.3499999999999996,1021.9790178696799,436.10079148585675,440.6233721305509,21
3.3499999999999996,3.3499999999999996,3.3499999999999996,1096.044578480528,467.7061855687646,472.55652976339496,21
3.3499999999999996,3.3499999999999996,3.3499999999999996,911.0749061496913,388.77558220617817,392.8073770516421,21
3.3499999999999996,3.3499999999999996,3.3499999999999996,1126.3688033816836,480.64619534328585,485.6307338317374,21
3.3499999999999996,3.3499999999999996,3.3499999999999996,1086.2797905364155,463.5393370555772,468.3464689726721,21
3.3499999999999996,3.3499999999999996,3.3499999999999996,985.7904476392436,420.65833734121856,425.02077210774746,21
3.3499999999999996,3.3499999999999996,3.3499999999999996,960.7216603447446,409.9609376984056,414.21243514604464,21
3.3499999999999996,3.3499999999999996,3.3499999999999996,769.0313135457203,328.1624755993404,331.56568258597264,21
3.3499999999999996,3.3499999999999996,3.3499999999999996,986.5146450930374,420.9673682286138,425.33300779810855,21
3.3499999999999996,3.3499999999999996,3.3499999999999996,1033.8973938552892,441.1866231024242,445.7619463334203,21
3.3499999999999996,3.3499999999999996,3.3499999999999996,1019.1246458238245,434.88276852586733,439.3927176707543,21
3.3499999999999996,3.3499999999999996,3.3499999999999996,938.1896538129807,400.346037871255,404.4978240578556,21
3.3499999999999996,3.3499999999999996,3.3499999999999996,953.0868134636308,406.70298160585537,410.92069243936044,21
3.3499999999999996,3.3499999999999996,3.3499999999999996,892.4413064007455,380.8242177880663,384.77355305648206,21
3.3499999999999996,3.3499999999999996,3.3499999999999996,820.5980332745585,350.16712236298196,353.79852840700994,21
3.3499999999999996,3.3499999999999996,3.3499999999999996,861.2827385420779,367.52817563149097,371.3396243744008,21
3.3499999999999996,3.3499999999999996,3.3499999999999996,810.4523497371233,345.83773737221816,349.424245555144,21
3.3499999999999996,3.3499999999999996,3.3499999999999996,813.8868956726201,347.303333215846,350.9050403516853,21
3.3499999999999996,3.3499999999999996,3.3499999999999996,1079.1939494393268,460.5156537345394,465.2914285618731,21
3.3499999999999996,3.3499999999999996,3.3499999999999996,1032.428628476548,440.55986880221246,445.1286922814942,21
3.3499999999999996,3.3499999999999996,3.3499999999999996,997.182584118977,425.5196110549224,429.93245963136724,21
3.3499999999999996,3.3499999999999996,3.3499999999999996,1067.365204886279,455.4680698099483,460.1914986984409,21
3.3499999999999996,3.3499999999999996,3.3499999999999996,882.4792176261478,376.5731766967233,380.47842656897643,21
3.3499999999999996,3.3499999999999996,3.3499999999999996,890.8425769469919,380.1420049755107,384.08426536004214,21
3.3499999999999996,3.3499999999999996,3.3499999999999996,843.7532870993991,360.04797543677427,363.78185080839125,21
3.3499999999999996,3.3499999999999996,3.3499999999999996,926.0991671816222,395.18676287911694,399.2850448353296,21
3.3499999999999996,3.3499999999999996,3.3499999999999996,1160.0056189350707,494.9997599756337,500.13315202008886,21
3.3499999999999996,3.3499999999999996,3.3499999999999996,1133.921993982372,483.86930691564464,488.8872706633424,21
3.3499999999999996,3.3499999999999996,3.3499999999999996,1071.5884806126096,457.2702339001221,462.01235212051205,21
3.3499999999999996,3.3499999999999996,3.3499999999999996,1052.8978542230825,449.2945349676431,453.95394125004947,21
3.3499999999999996,3.3499999999999996,3.3499999999999996,1257.8327564138722,536.7447384314843,542.3110465248517,21
3.3499999999999996,3.3499999999999996,3.3499999999999996,1194.8417624255344,509.86510406085165,515.1526570670596,21
3.3499999999999996,3.3499999999999996,3.3499999999999996,1295.4649326237945,552.8032108105865,558.5360531955283,21
3.3499999999999996,3.3499999999999996,3.3499999999999996,1241.4506777569181,529.7541472906079,535.2479595004413,21
3.3499999999999996,3.3499999999999996,3.3499999999999996,1345.4836117814796,574.1472748161403,580.1014656889438,21
3.3499999999999996,3.3499999999999996,3.3499999999999996,1276.464782716062,544.6954314254634,550.3441921328792,21
3.3499999999999996,3.3499999999999996,3.3499999999999996,1263.8775567987263,539.3241869192858,544.9172451677383,21
3.3499999999999996,3.3499999999999996,3.3499999999999996,1192.6938246951377,508.94853206875655,514.226579770613,21
3.3499999999999996,3.3499999999999996,3.3499999999999996,1194.6113726402032,509.76679170220604,515.0533251606877,21
3.3499999999999996,3.3499999999999996,3.3499999999999996,1304.5690343881497,556.6881300856214,562.4612610026238,21
3.3499999999999996,3.3499999999999996,3.3499999999999996,1093.1167236585113,466.4568059015591,471.2941934118376,21
3.3499999999999996,3.3499999999999996,3.3499999999999996,936.0611198769667,399.43774590246744,403.580112652649,21
3.3499999999999996,3.3499999999999996,3.3499999999999996,951.4905486853002,406.02182052419045,410.2324673807801,21
3.3499999999999996,3.3499999999999996,3.3499999999999996,990.7228543027759,422.7631031067432,427.14736533403027,21
3.3499999999999996,3.3499999999999996,3.3499999999999996,880.4619614110653,375.7123693644348,379.6086922394068,21
3.3499999999999996,3.3499999999999996,3.3499999999999996,843.2895060546202,359.85006992485313,363.58189291854467,21
3.3499999999999996,3.3499999999999996,3.3499999999999996,833.3636630859155,355.6144957113633,359.30239370805634,21
3.3499999999999996,3.3499999999999996,3.3499999999999996,987.8919614052436,421.55509921269174,425.9268338428346,21
3.3499999999999996,3.3499999999999996,3.3499999999999996,910.3952345198137,388.48501670296076,392.51445359184913,22
3.3499999999999996,3.3499999999999996,3.3499999999999996,1011.453834653744,431.6088715655305,436.08559688023536,22
3.3499999999999996,3.3499999999999996,3.3499999999999996,983.4993545107997,419.680100111688,424.03309805038435,22
3.3499999999999996,3.3499999999999996,3.3499999999999996,1138.0809577631937,485.64335919349907,490.68053999132184,22
3.3499999999999996,3.3499999999999996,3.3499999999999996,1172.804801729592,500.4607622199907,505.65163180318564,22
3.3499999999999996,3.3499999999999996,3.3499999999999996,992.8477896789709,423.6692763010484,428.0636506970148,22
3.3499999999999996,3.3499999999999996,3.3499999999999996,914.9346850537639,390.4220968299607,394.4716254644375,22
3.3499999999999996,3.3499999999999996,3.3499999999999996,945.6650511294937,403.53539787279277,407.7209400385134,22
3.3499999999999996,3.3499999999999996,3.3499999999999996,864.715275043654,368.992406079349,372.8196620836974,22
3.3499999999999996,3.3499999999999996,3.3499999999999996,908.715556223708,387.7682622361356,391.79026481799883,22
3.3499999999999996,3.3499999999999996,3.3499999999999996,889.6313311299124,379.6246173408099,383.56215256424116,22
3.3499999999999996,3.3499999999999996,3.3499999999999996,872.9211094499241,372.49401021292385,376.35758548895456,22
3.3499999999999996,3.3499999999999996,3.3499999999999996,1021.9790178696799,436.100191184093,440.62350127857746,22
3.3499999999999996,3.3499999999999996,3.3499999999999996,1096.044578480528,467.7055417615221,472.5566682711253,22
3.3499999999999996,3.3499999999999996,3.3499999999999996,911.0749061496913,388.77504704854437,392.8074921846576,22
3.3499999999999996,3.3499999999999996,3.3499999999999996,1126.3688033816836,480.6455337238518,485.63087617155617,22
3.3499999999999996,3.3499999999999996,3.3499999999999996,1086.2797905364155,463.538698984088,468.34660624642123,22
3.3499999999999996,3.3499999999999996,3.3499999999999996,985.7904476392436,420.6577582963125,425.0208966826053,22
3.3499999999999996,3.3499999999999996,3.3499999999999996,960.7216603447446,409.96037337869166,414.21255655294664,22
3.3499999999999996,3.3499999999999996,3.3499999999999996,769.0313135457203,328.16202387690214,331.5657797688646,22
3.3499999999999996,3.3499999999999996,3.3499999999999996,986.5146450930374,420.9667887583205,425.3331324644836,22
3.3499999999999996,3.3499999999999996,3.3499999999999996,1033.8973938552892,441.1860157999081,445.7620769875784,22
3.3499999999999996,3.3499999999999996,3.3499999999999996,1019.1246458238245,434.8821699007373,439.39284645807226,22
3.3499999999999996,3.3499999999999996,3.3499999999999996,938.1896538129807,400.3454867866494,404.497942617376,22
3.3499999999999996,3.3499999999999996,3.3499999999999996,953.0868134636308,406.7024217707854,410.9208128814429,22
3.3499999999999996,3.3499999999999996,3.3499999999999996,892.4413064007455,380.82369357565017,384.7736658347598,22
3.3499999999999996,3.3499999999999996,3.3499999999999996,820.5980332745585,350.1666403506921,353.79863210641537,22
3.3499999999999996,3.3499999999999996,3.3499999999999996,861.2827385420779,367.52766972135197,371.339733215154,22
3.3499999999999996,3.3499999999999996,3.3499999999999996,810.4523497371233,345.8372613194163,349.4243479724341,22
3.3499999999999996,3.3499999999999996,3.3499999999999996,813.8868956726201,347.30285514562115,350.9051432030008,22
3.3499999999999996,3.3499999999999996,3.3499999999999996,1079.1939494393268,460.51501982521245,465.2915649401808,22
3.3499999999999996,3.3499999999999996,3.3499999999999996,1032.428628476548,440.55926236243647,445.12882275004364,22
3.3499999999999996,3.3499999999999996,3.3499999999999996,997.182584118977,425.51902531837237,429.9325856458553,22
3.3499999999999996,3.3499999999999996,3.3499999999999996,1067.365204886279,455.4674428487252,460.1916335819437,22
3.3499999999999996,3.3499999999999996,3.3499999999999996,882.4792176261478,376.57265833595324,380.47853808833975,22
3.3499999999999996,3.3499999999999996,3.3499999999999996,890.8425769469919,380.1414817021746,384.08437793628764,22
3.3499999999999996,3.3499999999999996,3.3499999999999996,843.7532870993991,360.0474798232856,363.78195743393843,22
3.3499999999999996,3.3499999999999996,3.3499999999999996,926.0991671816222,395.18621889636034,399.2851618669688,22
3.3499999999999996,3.3499999999999996,3.3499999999999996,1160.0056189350707,494.9990785982211,500.13329861060953,22
3.3499999999999996,3.3499999999999996,3.3499999999999996,1133.921993982372,483.868640859531,488.8874139576617,22
3.3499999999999996,3.3499999999999996,3.3499999999999996,1071.5884806126096,457.2696044581831,462.01248753771256,22
3.3499999999999996,3.3499999999999996,3.3499999999999996,1052.8978542230825,449.29391650441863,453.95407430530554,22
3.3499999999999996,3.3499999999999996,3.3499999999999996,1257.8327564138722,536.7439995912449,542.3112054778394,22
3.3499999999999996,3.3499999999999996,3.3499999999999996,1194.8417624255344,509.86440222098537,515.152808059842,22
3.3499999999999996,3.3499999999999996,3.3499999999999996,1295.4649326237945,552.8024498655277,558.5362169041138,22
3.3499999999999996,3.3499999999999996,3.3499999999999996,1241.4506777569181,529.753418073062,535.248116383217,22
3.3499999999999996,3.3499999999999996,3.3499999999999996,1345.4836117814796,574.1464844905358,580.1016357184161,22
3.3499999999999996,3.3499999999999996,3.3499999999999996,1276.464782716062,544.6946816409308,550.3443534404057,22
3.3499999999999996,3.3499999999999996,3.3499999999999996,1263.8775567987263,539.3234445283824,544.9174048846104,22
3.3499999999999996,3.3499999999999996,3.3499999999999996,1192.6938246951377,508.94783149057054,514.2267304919596,22
3.3499999999999996,3.3499999999999996,3.3499999999999996,1194.6113726402032,509.7660899976688,515.0534761243558,22
3.3499999999999996,3.3499999999999996,3.3499999999999996,1304.5690343881497,556.6873637928907,562.4614258616995,22
3.3499999999999996,3.3499999999999996,3.3499999999999996,1093.1167236585113,466.45616381411327,471.29433154957354,22
3.3499999999999996,3.3499999999999996,3.3499999999999996,936.0611198769667,399.4371960681449,403.5802309431855,22
3.3499999999999996,3.3499999999999996,3.3499999999999996,951.4905486853002,406.02126162675256,410.2325876211417,22
3.3499999999999996,3.3499999999999996,3.3499999999999996,990.7228543027759,422.7625211645835,427.14749053219896,22
3.3499999999999996,3.3499999999999996,3.3499999999999996,880.4619614110653,375.7118521885837,379.6088035038485,22
3.3499999999999996,3.3499999999999996,3.3499999999999996,843.2895060546202,359.84957458378557,363.5819994854835,22
3.3499999999999996,3.3499999999999996,3.3499999999999996,833.3636630859155,355.61400620065126,359.30249902066123,22
3.3499999999999996,3.3499999999999996,3.3499999999999996,987.8919614052436,421.55451893337437,425.926958683262,22
3.3499999999999996,3.3499999999999996,3.3499999999999996,910.3952345198137,388.4849572852717,392.514466374865,23
3.3499999999999996,3.3499999999999996,3.3499999999999996,1011.453834653744,431.60880555216943,436.08561108223233,23
3.3499999999999996,3.3499999999999996,3.3499999999999996,983.4993545107997,419.6800359227989,424.0331118598677,23
3.3499999999999996,3.3499999999999996,3.3499999999999996,1138.0809577631937,485.64328491571536,490.6805559713121,23
3.3499999999999996,3.3499999999999996,3.3499999999999996,1172.804801729592,500.4606856759267,505.6516482707393,23
3.3499999999999996,3.3499999999999996,3.3499999999999996,992.8477896789709,423.669211502026,428.0636646377611,23
3.3499999999999996,3.3499999999999996,3.3499999999999996,914.9346850537639,390.42203711600087,394.4716383111925,23
3.3499999999999996,3.3499999999999996,3.3499999999999996,945.6650511294937,403.53533615319037,407.7209533167587,23
3.3499999999999996,3.3499999999999996,3.3499999999999996,864.715275043654,368.9923496429997,372.819674225313,23
3.3499999999999996,3.3499999999999996,3.3499999999999996,908.715556223708,387.7682029280722,391.79027757743006,23
3.3499999999999996,3.3499999999999996,3.3499999999999996,889.6313311299124,379.62455927829404,383.56216505570757,23
3.3499999999999996,3.3499999999999996,3.3499999999999996,872.9211094499241,372.4939532410143,376.35759774578975,23
3.3499999999999996,3.3499999999999996,3.3499999999999996,1021.9790178696799,436.1001244837972,440.62351562836034,23
3.3499999999999996,3.3499999999999996,3.3499999999999996,1096.044578480528,467.7054702272768,472.5566836608755,23
3.3499999999999996,3.3499999999999996,3.3499999999999996,911.0749061496913,388.7749875864959,392.8075049772168,23
3.3499999999999996,3.3499999999999996,3.3499999999999996,1126.3688033816836,480.64546021047136,485.63089198709395,23
3.3499999999999996,3.3499999999999996,3.3499999999999996,1086.2797905364155,463.5386280871496,468.3466214990622,23
3.3499999999999996,3.3499999999999996,3.3499999999999996,985.7904476392436,420.6576939578933,425.02091052425834,23
3.3499999999999996,3.3499999999999996,3.3499999999999996,960.7216603447446,409.96031067640723,414.2125700426045,23
3.3499999999999996,3.3499999999999996,3.3499999999999996,769.0313135457203,328.1619736854449,331.5657905669653,23
3.3499999999999996,3.3499999999999996,3.3499999999999996,986.5146450930374,420.9667243726359,425.33314631630515,23
3.3499999999999996,3.3499999999999996,3.3499999999999996,1033.8973938552892,441.18594832174966,445.76209150470913,23
3.3499999999999996,3.3499999999999996,3.3499999999999996,1019.1246458238245,434.8821033867345,439.39286076777654,23
3.3499999999999996,3.3499999999999996,3.3499999999999996,938.1896538129807,400.34542555493505,404.4979557906581,23
3.3499999999999996,3.3499999999999996,3.3499999999999996,953.0868134636308,406.70235956679545,410.9208262638985,23
3.3499999999999996,3.3499999999999996,3.3499999999999996,892.4413064007455,380.8236353297389,384.7736783656815,23
3.3499999999999996,3.3499999999999996,3.3499999999999996,820.5980332745585,350.1665867936908,353.79864362857336,23
3.3499999999999996,3.3499999999999996,3.3499999999999996,861.2827385420779,367.5276135090301,371.33974530857273,23
3.3499999999999996,3.3499999999999996,3.3499999999999996,810.4523497371233,345.83720842458126,349.42435935213473,23
3.3499999999999996,3.3499999999999996,3.3499999999999996,813.8868956726201,347.3028020266278,350.9051546309266,23
3.3499999999999996,3.3499999999999996,3.3499999999999996,1079.1939494393268,460.5149493907374,465.2915800933284,23
3.3499999999999996,3.3499999999999996,3.3499999999999996,1032.428628476548,440.5591949801385,445.1288372465512,23
3.3499999999999996,3.3499999999999996,3.3499999999999996,997.182584118977,425.5189602364361,429.9325996474672,23
3.3499999999999996,3.3499999999999996,3.3499999999999996,1067.365204886279,455.4673731862629,460.1916485690018,23
3.3499999999999996,3.3499999999999996,3.3499999999999996,882.4792176261478,376.5726007402257,380.47855047938197,23
3.3499999999999996,3.3499999999999996,3.3499999999999996,890.8425769469919,380.1414235606058,384.0843904447612,23
3.3499999999999996,3.3499999999999996,3.3499999999999996,843.7532870993991,360.0474247550378,363.78196928122316,23
3.3499999999999996,3.3499999999999996,3.3499999999999996,926.0991671816222,395.18615845374137,399.28517487048623,23
3.3499999999999996,3.3499999999999996,3.3499999999999996,1160.0056189350707,494.99900288950636,500.1333148984477,23
3.3499999999999996,3.3499999999999996,3.3499999999999996,1133.921993982372,483.86856685318537,488.88742987925514,23
3.3499999999999996,3.3499999999999996,3.3499999999999996,1071.5884806126096,457.26953452008513,462.0125025840703,23
3.3499999999999996,3.3499999999999996,3.3499999999999996,1052.8978542230825,449.2938477861796,453.9540890892252,23
3.3499999999999996,3.3499999999999996,3.3499999999999996,1257.8327564138722,536.743917497762,542.3112231392851,23
3.3499999999999996,3.3499999999999996,3.3499999999999996,1194.8417624255344,509.8643242386614,515.1528248368205,23
3.3499999999999996,3.3499999999999996,3.3499999999999996,1295.4649326237945,552.8023653159502,558.5362350939595,23
3.3499999999999996,3.3499999999999996,3.3499999999999996,1241.4506777569181,529.7533370487689,535.2481338146392,23
3.3499999999999996,3.3499999999999996,3.3499999999999996,1345.4836117814796,574.1463966764484,580.1016546105826,23
3.3499999999999996,3.3499999999999996,3.3499999999999996,1276.464782716062,544.6945983314134,550.3443713634671,23
3.3499999999999996,3.3499999999999996,3.3499999999999996,1263.8775567987263,539.3233620403806,544.9174226309323,23
3.3499999999999996,3.3499999999999996,3.3499999999999996,1192.6938246951377,508.94775364843343,514.2267472387784,23
3.3499999999999996,3.3499999999999996,3.3499999999999996,1194.6113726402032,509.76601203038126,515.0534928980992,23
3.3499999999999996,3.3499999999999996,3.3499999999999996,1304.5690343881497,556.6872786491266,562.4614441793775,23
3.3499999999999996,3.3499999999999996,3.3499999999999996,1093.1167236585113,466.4560924709571,471.29434689821323,23
3.3499999999999996,3.3499999999999996,3.3499999999999996,936.0611198769667,399.4371349753507,403.5802440865805,23
3.3499999999999996,3.3499999999999996,3.3499999999999996,951.4905486853002,406.02119952694426,410.2326009811839,23
3.3499999999999996,3.3499999999999996,3.3499999999999996,990.7228543027759,422.76245650424687,427.14750444310874,23
3.3499999999999996,3.3499999999999996,3.3499999999999996,880.4619614110653,375.7117947245141,379.60881586656615,23
3.3499999999999996,3.3499999999999996,3.3499999999999996,843.2895060546202,359.8495195458067,363.58201132625635,23
3.3499999999999996,3.3499999999999996,3.3499999999999996,833.3636630859155,355.6139518104906,359.3025107220635,23
3.3499999999999996,3.3499999999999996,3.3499999999999996,987.8919614052436,421.55445445779816,425.92697255442266,23
