3.3499999999999996,3.3499999999999996,3.3499999999999996,5503.620228285973,2562.807033265027,2787.5575059983157,1
3.3499999999999996,3.3499999999999996,3.3499999999999996,3845.6255421007995,1790.7478673667406,1947.7910721467952,1
3.3499999999999996,3.3499999999999996,3.3499999999999996,3871.6656612653805,1802.8736677988009,1960.9802688252382,1
3.3499999999999996,3.3499999999999996,3.3499999999999996,4140.408850664714,1928.0161935121325,2097.0974178512247,1
3.3499999999999996,3.3499999999999996,3.3499999999999996,3747.9062508302472,1745.2440577712448,1898.2967152393064,1
3.3499999999999996,3.3499999999999996,3.3499999999999996,4269.6580014510655,1988.2021472914969,2162.5614988513435,1
3.3499999999999996,3.3499999999999996,3.3499999999999996,4548.194579363386,2117.905046707865,2303.6389526451317,1
3.3499999999999996,3.3499999999999996,3.3499999999999996,5327.592908420235,2480.83843174704,2698.4005045339686,1
3.3499999999999996,3.3499999999999996,3.3499999999999996,5498.264894076549,2560.3132768632217,2784.8450546565823,1
3.3499999999999996,3.3499999999999996,3.3499999999999996,4085.7705247133995,1902.573397638576,2069.423365263442,1
3.3499999999999996,3.3499999999999996,3.3499999999999996,3541.222249168337,1648.9999146161367,1793.612250050134,1
3.3499999999999996,3.3499999999999996,3.3499999999999996,4035.865652129737,1879.3347741241334,2044.1467843246808,1
3.3499999999999996,3.3499999999999996,3.3499999999999996,3774.8267072220115,1757.7797946349428,1911.931798542126,1
3.3499999999999996,3.3499999999999996,3.3499999999999996,4012.2925201571115,1868.3577470202226,2032.207104941925,1
3.3499999999999996,3.3499999999999996,3.3499999999999996,4615.326758412988,2149.165710323877,2337.641082487223,1
3.3499999999999996,3.3499999999999996,3.3499999999999996,3694.49517175929,1720.3727397261125,1871.2442573675742,1
3.3499999999999996,3.3499999999999996,3.3499999999999996,4362.193729095552,2031.2921869015602,2209.4304054017393,1
3.3499999999999996,3.3499999999999996,3.3499999999999996,3942.6922260465485,1835.947784874376,1996.9548865438524,1
3.3499999999999996,3.3499999999999996,3.3499999999999996,3251.6890151039534,1514.1763298036244,1646.9650421443118,1
3.3499999999999996,3.3499999999999996,3.3499999999999996,3719.4436896172533,1731.990226831657,1883.8805631688117,1
3.3499999999999996,3.3499999999999996,3.3499999999999996,4881.346733810852,2273.040148540876,2472.3789365554626,1
3.3499999999999996,3.3499999999999996,3.3499999999999996,4268.092518875983,1987.4731671679672,2161.7685893623757,1
3.3499999999999996,3.3499999999999996,3.3499999999999996,5283.535617758551,2460.322783920531,2676.0856960654023,1
3.3499999999999996,3.3499999999999996,3.3499999999999996,4516.8744081974655,2103.3205456671594,2287.775434705795,1
3.3499999999999996,3.3499999999999996,3.3499999999999996,4028.767011553979,1876.029232455275,2040.5513565882902,1
3.3499999999999996,3.3499999999999996,3.3499999999999996,4037.2687892543363,1879.9881567236591,2044.857466614043,1
3.3499999999999996,3.3499999999999996,3.3499999999999996,3567.1938513140635,1661.0938095222823,1806.7667431839502,1
3.3499999999999996,3.3499999999999996,3.3499999999999996,4825.375693783133,2246.976763152297,2444.029870617751,1
3.3499999999999996,3.3499999999999996,3.3499999999999996,5062.499681272494,2357.39554164473,2564.1320440527948,1
3.3499999999999996,3.3499999999999996,3.3499999999999996,3854.006096290665,1794.650342888228,1952.0357830402395,1
3.3499999999999996,3.3499999999999996,3.3499999999999996,3678.2868438849823,1712.8251955732198,1863.0348162812331,1
3.3499999999999996,3.3499999999999996,3.3499999999999996,4366.751477079084,2033.4145405712432,2211.738883108221,1
3.3499999999999996,3.3499999999999996,3.3499999999999996,4331.6976328846185,2017.0914232923944,2193.984277513131,1
3.3499999999999996,3.3499999999999996,3.3499999999999996,3525.043021695167,1641.4659213097077,1785.417548178756,1
3.3499999999999996,3.3499999999999996,3.3499999999999996,4057.2441193878217,1889.2898371511678,2054.974876453154,1
3.3499999999999996,3.3499999999999996,3.3499999999999996,3706.1326136989687,1725.7918124119308,1877.1385664376019,1
3.3499999999999996,3.3499999999999996,3.3499999999999996,3032.6376536141265,1412.1732215609532,1536.0165679414902,1
3.3499999999999996,3.3499999999999996,3.3499999999999996,3348.6717178423314,1559.337140755941,1696.0863204587076,1
3.3499999999999996,3.3499999999999996,3.3499999999999996,3286.990561767714,1530.6147918199608,1664.8451078636294,1
3.3499999999999996,3.3499999999999996,3.3499999999999996,4315.746656725796,2009.6637171296086,2185.905183848383,1
3.3499999999999996,3.3499999999999996,3.3499999999999996,4544.940852390344,2116.3899213858126,2301.9909553869707,1
3.3499999999999996,3.3499999999999996,3.3499999999999996,3108.2600350160023,1447.3874192871901,1574.3189449505076,1
3.3499999999999996,3.3499999999999996,3.3499999999999996,4544.7854710636175,2116.3175667645896,2301.912255482973,1
3.3499999999999996,3.3499999999999996,3.3499999999999996,3660.6095923109806,1704.5936347489812,1854.0813723176996,1
3.3499999999999996,3.3499999999999996,3.3499999999999996,3992.557203421902,1859.167830849634,2022.211260749089,1
3.3499999999999996,3.3499999999999996,3.3499999999999996,3712.0973056322423,1728.5693213612744,1880.1596545723007,1
3.3499999999999996,3.3499999999999996,3.3499999999999996,4235.743629362721,1972.4096347794468,2145.384030466042,1
3.3499999999999996,3.3499999999999996,3.3499999999999996,4484.1220246452385,2088.0691228868527,2271.186507995134,1
3.3499999999999996,3.3499999999999996,3.3499999999999996,4264.442470412832,1985.7734914118087,2159.9198571518173,1
3.3499999999999996,3.3499999999999996,3.3499999999999996,5369.5073287586,2500.356233990427,2719.629959361407,1
3.3499999999999996,3.3499999999999996,3.3499999999999996,4719.933201761388,2197.8765801910026,2390.6237492113833,1
3.3499999999999996,3.3499999999999996,3.3499999999999996,4541.621782823125,2114.844368735387,2300.309862415207,1
3.3499999999999996,3.3499999999999996,3.3499999999999996,4601.158925394304,2142.568339756811,2330.4651423538567,1
3.3499999999999996,3.3499999999999996,3.3499999999999996,4785.6658797177715,2228.485554356074,2423.917038396736,1
3.3499999999999996,3.3499999999999996,3.3499999999999996,4454.067237024879,2074.0738583333728,2255.9639008116415,1
3.3499999999999996,3.3499999999999996,3.3499999999999996,4668.932774010645,2174.1278022016763,2364.7922747838707,1
3.3499999999999996,3.3499999999999996,3.3499999999999996,3935.434584720562,1832.5682031693086,1993.2789256826502,1
3.3499999999999996,3.3499999999999996,3.3499999999999996,4172.4959018554755,1942.9577986842662,2113.3493568808217,1
3.3499999999999996,3.3499999999999996,3.3499999999999996,4257.320889144159,1982.4572672164109,2156.312810063423,1
3.3499999999999996,3.3499999999999996,3.3499999999999996,4929.704714472046,2295.5584488254867,2496.8720240825087,1
3.3499999999999996,3.3499999999999996,3.3499999999999996,6555.065426636948,2974.1354261596007,2816.606529745627,2
3.3499999999999996,3.3499999999999996,3.3499999999999996,4580.3173164562095,2078.1614075991997,1968.088923935625,2
3.3499999999999996,3.3499999999999996,3.3499999999999996,4611.332298915204,2092.233388894486,1981.4155646978918,2
3.3499999999999996,3.3499999999999996,3.3499999999999996,4931.417827422746,2237.4611856860897,2118.951185014951,2
3.3499999999999996,3.3499999999999996,3.3499999999999996,4463.929135376616,2025.3542744882964,1918.0787883415724,2
3.3499999999999996,3.3499999999999996,3.3499999999999996,5085.359524814475,2307.306934885694,2185.097464548903,2
3.3499999999999996,3.3499999999999996,3.3499999999999996,5417.109430547968,2457.8270415588786,2327.6450807686315,2
3.3499999999999996,3.3499999999999996,3.3499999999999996,6345.408773246309,2879.0109324138425,2726.5204267839276,2
3.3499999999999996,3.3499999999999996,3.3499999999999996,6548.686976695243,2971.241423933701,2813.8658120584387,2
3.3499999999999996,3.3499999999999996,3.3499999999999996,4866.341062210636,2207.934842279857,2090.9887422472075,2
3.3499999999999996,3.3499999999999996,3.3499999999999996,4217.758960594243,1913.6630265704582,1812.3034105851398,2
3.3499999999999996,3.3499999999999996,3.3499999999999996,4806.902058186957,2180.9664390593334,2065.448755083333,2
3.3499999999999996,3.3499999999999996,3.3499999999999996,4495.992640059587,2039.90198667084,1931.8559622946502,2
3.3499999999999996,3.3499999999999996,3.3499999999999996,4778.825371209697,2168.2276082539306,2053.3846527858286,2
3.3499999999999996,3.3499999999999996,3.3499999999999996,5497.066950807301,2494.10501563139,2362.0015454271766,2
3.3499999999999996,3.3499999999999996,3.3499999999999996,4400.314077779075,1996.491130625658,1890.744417903212,2
3.3499999999999996,3.3499999999999996,3.3499999999999996,5195.573842636323,2357.312889940234,2232.454790074141,2
3.3499999999999996,3.3499999999999996,3.3499999999999996,4695.928212124648,2130.6158741954164,2017.7650724491455,2
3.3499999999999996,3.3499999999999996,3.3499999999999996,3872.911530402116,1757.2003687628307,1664.1279980716042,2
3.3499999999999996,3.3499999999999996,3.3499999999999996,4430.028912755525,2009.97321472917,1903.5124061348606,2
3.3499999999999996,3.3499999999999996,3.3499999999999996,5813.909005890093,2637.8611979403745,2498.143497209657,2
3.3499999999999996,3.3499999999999996,3.3499999999999996,5083.494962893726,2306.460954059899,2184.2962921823,2
3.3499999999999996,3.3499999999999996,3.3499999999999996,6292.934508884205,2855.2025402097283,2703.973076601074,2
3.3499999999999996,3.3499999999999996,3.3499999999999996,5379.805662727851,2440.9017402564373,2311.6162497520413,2
3.3499999999999996,3.3499999999999996,3.3499999999999996,4798.447249990869,2177.1303607075915,2061.8158595402797,2
3.3499999999999996,3.3499999999999996,3.3499999999999996,4808.573259191528,2181.724689021527,2066.166843364018,2
3.3499999999999996,3.3499999999999996,3.3499999999999996,4248.692336124924,1927.6979815295113,1825.594986158549,2
3.3499999999999996,3.3499999999999996,3.3499999999999996,5747.244916770543,2607.614660919182,2469.4990068052343,2
3.3499999999999996,3.3499999999999996,3.3499999999999996,6029.670518055515,2735.755561332285,2590.8527601200517,2
3.3499999999999996,3.3499999999999996,3.3499999999999996,4590.298942867077,2082.690227189408,1972.3778687891859,2
3.3499999999999996,3.3499999999999996,3.3499999999999996,4381.009212024273,1987.7322119266464,1882.4494265641656,2
3.3499999999999996,3.3499999999999996,3.3499999999999996,5201.002330611679,2359.7758796050484,2234.787324333204,2
3.3499999999999996,3.3499999999999996,3.3499999999999996,5159.251586080125,2340.832915607274,2216.8476987130757,2
3.3499999999999996,3.3499999999999996,3.3499999999999996,4198.48875475882,1904.9198336174748,1804.023312057818,2
3.3499999999999996,3.3499999999999996,3.3499999999999996,4832.364798308037,2192.5192814052634,2076.389686320848,2
3.3499999999999996,3.3499999999999996,3.3499999999999996,4414.174807653062,2002.7799599610807,1896.7001513290713,2
3.3499999999999996,3.3499999999999996,3.3499999999999996,3612.0112598892824,1638.8258466606253,1552.023334317567,2
3.3499999999999996,3.3499999999999996,3.3499999999999996,3988.4224005807696,1809.6094522341932,1713.7611672356707,2
3.3499999999999996,3.3499999999999996,3.3499999999999996,3914.957299994488,1776.2771902323268,1682.1943912308277,2
3.3499999999999996,3.3499999999999996,3.3499999999999996,5140.253238083216,2332.2130687959047,2208.684413140817,2
3.3499999999999996,3.3499999999999996,3.3499999999999996,5413.234091715705,2456.068739885401,2325.9799097978625,2
3.3499999999999996,3.3499999999999996,3.3499999999999996,3702.0810025760466,1679.691893773021,1590.72485884441,2
3.3499999999999996,3.3499999999999996,3.3499999999999996,5413.049025391991,2455.984772407775,2325.900389765356,2
3.3499999999999996,3.3499999999999996,3.3499999999999996,4359.9547904209885,1978.1794924506255,1873.4026791241095,2
3.3499999999999996,3.3499999999999996,3.3499999999999996,4755.319699115932,2157.562718197201,2043.2846423059452,2
3.3499999999999996,3.3499999999999996,3.3499999999999996,4421.279030737241,2006.0032567819094,1899.7527221007308,2
3.3499999999999996,3.3499999999999996,3.3499999999999996,5044.965944094672,2288.9797372775633,2167.7409904620263,2
3.3499999999999996,3.3499999999999996,3.3499999999999996,5340.796063926007,2423.202476831029,2294.854450508734,2
3.3499999999999996,3.3499999999999996,3.3499999999999996,5079.147586895037,2304.4884817614543,2182.428294408333,2
3.3499999999999996,3.3499999999999996,3.3499999999999996,6395.330780260065,2901.661325650386,2747.9711128993663,2
3.3499999999999996,3.3499999999999996,3.3499999999999996,5621.658047531666,2550.6339395146288,2415.536342373064,2
3.3499999999999996,3.3499999999999996,3.3499999999999996,5409.280926841271,2454.275127322706,2324.281298224399,2
3.3499999999999996,3.3499999999999996,3.3499999999999996,5480.19240849898,2486.448772586818,2354.750825112632,2
3.3499999999999996,3.3499999999999996,3.3499999999999996,5699.948697467435,2586.1556285224674,2449.1765795751285,2
3.3499999999999996,3.3499999999999996,3.3499999999999996,5304.99942624694,2406.9609839809204,2279.4732091529895,2
3.3499999999999996,3.3499999999999996,3.3499999999999996,5560.914186795347,2523.0735024511846,2389.4356791978907,2
3.3499999999999996,3.3499999999999996,3.3499999999999996,4687.284026704586,2126.693872443362,2014.0508045488527,2
3.3499999999999996,3.3499999999999996,3.3499999999999996,4969.634984708105,2254.8009060354275,2135.3724848422335,2
3.3499999999999996,3.3499999999999996,3.3499999999999996,5070.665455276046,2300.6400063465667,2178.7836584284796,2
3.3499999999999996,3.3499999999999996,3.3499999999999996,5871.505590317374,2663.9936666530257,2522.8918262087404,2
3.3499999999999996,3.3499999999999996,3.3499999999999996,5611.089750324311,2613.1829333836913,2792.2346264860066,3
3.3499999999999996,3.3499999999999996,3.3499999999999996,3920.7193025357756,1825.94776128511,1951.0591853640744,3
3.3499999999999996,3.3499999999999996,3.3499999999999996,3947.267908667909,1838.31191290924,1964.270511617196,3
3.3499999999999996,3.3499999999999996,3.3499999999999996,4221.258862432845,1965.9143067648486,2100.616045637956,3
3.3499999999999996,3.3499999999999996,3.3499999999999996,3821.091840808113,1779.549504570713,1901.4817840457638,3
3.3499999999999996,3.3499999999999996,3.3499999999999996,4353.031869132706,2027.2833077095993,2166.1899659485794,3
3.3499999999999996,3.3499999999999996,3.3499999999999996,4637.007447495053,2159.5357164028233,2307.5041274149708,3
3.3499999999999996,3.3499999999999996,3.3499999999999996,5431.625134433961,2529.6031133738948,2702.928032398988,3
3.3499999999999996,3.3499999999999996,3.3499999999999996,5605.629842182826,2610.6401583777592,2789.5176240411242,3
3.3499999999999996,3.3499999999999996,3.3499999999999996,4165.553610616117,1939.9713937435592,2072.8955599710143,3
3.3499999999999996,3.3499999999999996,3.3499999999999996,3610.371908258854,1681.4135352735445,1796.6216733835117,3
3.3499999999999996,3.3499999999999996,3.3499999999999996,4114.674242594637,1916.2759794673227,2047.5765685656293,3
3.3499999999999996,3.3499999999999996,3.3499999999999996,3848.5379745652244,1792.3316505553332,1915.1397450568743,3
3.3499999999999996,3.3499999999999996,3.3499999999999996,4090.640796661207,1905.0831820717701,2035.6168561184666,3
3.3499999999999996,3.3499999999999996,3.3499999999999996,4705.450520628294,2191.4108562737865,2341.56330793952,3
3.3499999999999996,3.3499999999999996,3.3499999999999996,3766.6378003951268,1754.1893026504397,1874.3839360413863,3
3.3499999999999996,3.3499999999999996,3.3499999999999996,4447.3745474767165,2071.22034809004,2213.137511781785,3
3.3499999999999996,3.3499999999999996,3.3499999999999996,4019.681413436292,1872.0361524468985,2000.305489569171,3
3.3499999999999996,3.3499999999999996,3.3499999999999996,3315.184941380714,1543.9397862645092,1649.7284125589306,3
3.3499999999999996,3.3499999999999996,3.3499999999999996,3792.0734894565066,1766.0351492705572,1887.0414437459478,3
3.3499999999999996,3.3499999999999996,3.3499999999999996,4976.6650840287475,2317.7202364297905,2476.5272327440134,3
3.3499999999999996,3.3499999999999996,3.3499999999999996,4351.435817285557,2026.5399983644713,2165.3957260715542,3
3.3499999999999996,3.3499999999999996,3.3499999999999996,5386.7075344171035,2508.6841990460985,2680.5757828919345,3
3.3499999999999996,3.3499999999999996,3.3499999999999996,4605.075685469709,2144.6645346412624,2291.613992774596,3
3.3499999999999996,3.3499999999999996,3.3499999999999996,4107.436986438923,1912.905462310732,2043.9751082187224,3
3.3499999999999996,3.3499999999999996,3.3499999999999996,4116.10477886196,1916.942205303246,2048.288443277638,3
3.3499999999999996,3.3499999999999996,3.3499999999999996,3636.850659436199,1693.7451542197482,1809.7982378644515,3
3.3499999999999996,3.3499999999999996,3.3499999999999996,4919.601094147974,2291.144535255416,2448.1306011518463,3
3.3499999999999996,3.3499999999999996,3.3499999999999996,5161.355415952253,2403.733764072185,2568.4342887564744,3
3.3499999999999996,3.3499999999999996,3.3499999999999996,3929.2635043095665,1829.9269459440907,1955.3110182717703,3
3.3499999999999996,3.3499999999999996,3.3499999999999996,3750.112971531027,1746.4933999494972,1866.1607206938813,3
3.3499999999999996,3.3499999999999996,3.3499999999999996,4452.021294878276,2073.384419873921,2215.44986278177,3
3.3499999999999996,3.3499999999999996,3.3499999999999996,4416.282952167393,2056.740446707372,2197.6654675126015,3
3.3499999999999996,3.3499999999999996,3.3499999999999996,3593.876748041169,1673.731449781721,1788.4132219812518,3
3.3499999999999996,3.3499999999999996,3.3499999999999996,4136.470168464115,1926.4267245157546,2058.422828675007,3
3.3499999999999996,3.3499999999999996,3.3499999999999996,3778.5024873610123,1759.7148955154264,1880.2881349141003,3
3.3499999999999996,3.3499999999999996,3.3499999999999996,3091.8561508269836,1439.9316505945183,1538.59378277702,3
3.3499999999999996,3.3499999999999996,3.3499999999999996,3414.06143116779,1589.9883021716985,1698.9321093119377,3
3.3499999999999996,3.3499999999999996,3.3499999999999996,3351.175823461855,1560.701371446145,1667.6384784563672,3
3.3499999999999996,3.3499999999999996,3.3499999999999996,4400.020500341151,2049.166737595901,2189.572818290911,3
3.3499999999999996,3.3499999999999996,3.3499999999999996,4633.690184800408,2157.9908089704118,2305.8533650544846,3
3.3499999999999996,3.3499999999999996,3.3499999999999996,3168.9552150026616,1475.8380373480163,1576.9604256646248,3
3.3499999999999996,3.3499999999999996,3.3499999999999996,4633.531769333203,2157.917032108216,2305.77453310337,3
3.3499999999999996,3.3499999999999996,3.3499999999999996,3732.090535206115,1738.1000351811767,1857.192254139385,3
3.3499999999999996,3.3499999999999996,3.3499999999999996,4070.5201072133405,1895.7126240139457,2025.604240337039,3
3.3499999999999996,3.3499999999999996,3.3499999999999996,3784.5836521911406,1762.5470006601115,1883.314292000087,3
3.3499999999999996,3.3499999999999996,3.3499999999999996,4318.45524906805,2011.1803691597693,2148.9836762424125,3
3.3499999999999996,3.3499999999999996,3.3499999999999996,4571.683744160957,2129.1133217711536,2274.9972322313347,3
3.3499999999999996,3.3499999999999996,3.3499999999999996,4347.714494107314,2024.8069128763223,2163.543891954298,3
3.3499999999999996,3.3499999999999996,3.3499999999999996,5474.35802017027,2549.5045679342857,2724.193107197639,3
3.3499999999999996,3.3499999999999996,3.3499999999999996,4812.099620265187,2241.079212944744,2394.6348719565594,3
3.3499999999999996,3.3499999999999996,3.3499999999999996,4630.306303562832,2156.4148761138545,2304.16945145055,3
3.3499999999999996,3.3499999999999996,3.3499999999999996,4691.0060314851535,2184.6838042767804,2334.3753276109137,3
3.3499999999999996,3.3499999999999996,3.3499999999999996,4879.1158641634875,2272.289853409798,2427.98402249172,3
3.3499999999999996,3.3499999999999996,3.3499999999999996,4541.042074901504,2114.842958843068,2259.7490837028545,3
3.3499999999999996,3.3499999999999996,3.3499999999999996,4760.103304105219,2216.8636163255323,2368.7600560309743,3
3.3499999999999996,3.3499999999999996,3.3499999999999996,4012.282051713171,1868.5901398837107,1996.623360974454,3
3.3499999999999996,3.3499999999999996,3.3499999999999996,4253.972479395235,1981.149612086855,2116.895253083302,3
3.3499999999999996,3.3499999999999996,3.3499999999999996,4340.453849294399,2021.425503211761,2159.930792759786,3
3.3499999999999996,3.3499999999999996,3.3499999999999996,5025.967353876482,2340.6811684191125,2501.0614161484477,3
3.3499999999999996,3.3499999999999996,3.3499999999999996,5514.387724512772,2567.9123657049277,2788.046410432089,4
3.3499999999999996,3.3499999999999996,3.3499999999999996,3853.149273171747,1794.3151914220773,1948.1326915355205,4
3.3499999999999996,3.3499999999999996,3.3499999999999996,3879.240338236158,1806.4651474934437,1961.3242014421999,4
3.3499999999999996,3.3499999999999996,3.3499999999999996,4148.50930724197,1931.8569679011637,2097.4652237972673,4
3.3499999999999996,3.3499999999999996,3.3499999999999996,3755.2388000869714,1748.7207343169355,1898.6296539064724,4
3.3499999999999996,3.3499999999999996,3.3499999999999996,4278.011326083471,1992.1628172865048,2162.94078641862,4
3.3499999999999996,3.3499999999999996,3.3499999999999996,4557.0928437676685,2122.1240960546334,2304.0429835199516,4
3.3499999999999996,3.3499999999999996,3.3499999999999996,5338.016017966295,2485.780475669721,2698.87377189004,4
3.3499999999999996,3.3499999999999996,3.3499999999999996,5509.021912919645,2565.41364152549,2785.3334833586487,4
3.3499999999999996,3.3499999999999996,3.3499999999999996,4093.764084749085,1906.363487785895,2069.7863175097914,4
3.3499999999999996,3.3499999999999996,3.3499999999999996,3548.1504338221775,1652.2848645355843,1793.9268283071322,4
3.3499999999999996,3.3499999999999996,3.3499999999999996,4043.7615763357408,1883.0785709310073,2044.505303359351,4
3.3499999999999996,3.3499999999999996,3.3499999999999996,3782.211924704485,1761.281443448634,1912.2671286407397,4
3.3499999999999996,3.3499999999999996,3.3499999999999996,4020.1423249727795,1872.079676643246,2032.5635298988318,4
3.3499999999999996,3.3499999999999996,3.3499999999999996,4624.356362817966,2153.4470336062086,2338.0510769312255,4
3.3499999999999996,3.3499999999999996,3.3499999999999996,3701.723225507874,1723.7998704631682,1871.5724513553685,4
3.3499999999999996,3.3499999999999996,3.3499999999999996,4370.728094217114,2035.3386959684149,2209.8179132178075,4
3.3499999999999996,3.3499999999999996,3.3499999999999996,3950.40586214542,1839.6051510601333,1997.3051286809107,4
3.3499999999999996,3.3499999999999996,3.3499999999999996,3258.050745701008,1517.1926995247686,1647.2539002251376,4
3.3499999999999996,3.3499999999999996,3.3499999999999996,3726.7205536145025,1735.4405006040722,1884.2109734143585,4
3.3499999999999996,3.3499999999999996,3.3499999999999996,4890.896790020741,2277.568240378036,2472.812562416614,4
3.3499999999999996,3.3499999999999996,3.3499999999999996,4276.442780737518,1991.432384971755,2162.1477378627583,4
3.3499999999999996,3.3499999999999996,3.3499999999999996,5293.872531911164,2465.2239589049677,2676.555049669461,4
3.3499999999999996,3.3499999999999996,3.3499999999999996,4525.7113966032475,2107.5105414311497,2288.1766833082347,4
3.3499999999999996,3.3499999999999996,3.3499999999999996,4036.6490477040406,1879.766444338315,2040.9092450276967,4
3.3499999999999996,3.3499999999999996,3.3499999999999996,4045.1674586122704,1883.7332551249708,2045.216110293935,4
3.3499999999999996,3.3499999999999996,3.3499999999999996,3574.1728478183786,1664.4028515224793,1807.0836285825956,4
3.3499999999999996,3.3499999999999996,3.3499999999999996,4834.816246077905,2251.4529344799575,2444.458524389896,4
3.3499999999999996,3.3499999999999996,3.3499999999999996,5072.404152139891,2362.0916766936116,2564.58176231777,4
3.3499999999999996,3.3499999999999996,3.3499999999999996,3861.546223403105,1798.2254410110677,1952.3781469007724,4
3.3499999999999996,3.3499999999999996,3.3499999999999996,3685.483187031819,1716.2372909519727,1863.3615704306967,4
3.3499999999999996,3.3499999999999996,3.3499999999999996,4375.2947591557,2037.465277549485,2212.126795803824,4
3.3499999999999996,3.3499999999999996,3.3499999999999996,4340.172334259907,2021.1096432145018,2194.3690762620704,4
3.3499999999999996,3.3499999999999996,3.3499999999999996,3531.9395526804146,1644.7358628653064,1785.730689182506,4
3.3499999999999996,3.3499999999999996,3.3499999999999996,4065.1818692569327,1893.0534653013904,2055.335294606404,4
3.3499999999999996,3.3499999999999996,3.3499999999999996,3713.383435390648,1729.2297384087224,1877.467794217105,4
3.3499999999999996,3.3499999999999996,3.3499999999999996,3038.5708236255155,1414.9863923011671,1536.2859669794645,4
3.3499999999999996,3.3499999999999996,3.3499999999999996,3355.2231891632164,1562.4434747038783,1696.3837938275428,4
3.3499999999999996,3.3499999999999996,3.3499999999999996,3293.421357680822,1533.6639083738964,1665.1371018953316,4
3.3499999999999996,3.3499999999999996,3.3499999999999996,4324.190150992222,2013.6671404210153,2186.288565620379,4
3.3499999999999996,3.3499999999999996,3.3499999999999996,4553.832751076889,2120.605952472384,2302.394697222672,4
3.3499999999999996,3.3499999999999996,3.3499999999999996,3114.3411555894995,1450.2707397435793,1574.5950617698747,4
3.3499999999999996,3.3499999999999996,3.3499999999999996,4553.677065756105,2120.533453714522,2302.3159835156466,4
3.3499999999999996,3.3499999999999996,3.3499999999999996,3667.7713509967302,1707.989332149283,1854.4065561395767,4
3.3499999999999996,3.3499999999999996,3.3499999999999996,4000.368397297922,1862.8714533677773,2022.5659325538065,4
3.3499999999999996,3.3499999999999996,3.3499999999999996,3719.359796878728,1732.0127803952232,1880.489412214732,4
3.3499999999999996,3.3499999999999996,3.3499999999999996,4244.030602601253,1976.3388447287357,2145.7603053096577,4
3.3499999999999996,3.3499999999999996,3.3499999999999996,4492.89493501662,2092.228736502494,2271.584847097123,4
3.3499999999999996,3.3499999999999996,3.3499999999999996,4272.785591177884,1989.729323315035,2160.298681406557,4
3.3499999999999996,3.3499999999999996,3.3499999999999996,5380.0124413034355,2505.337159056968,2720.1069501113707,4
3.3499999999999996,3.3499999999999996,3.3499999999999996,4729.167462272226,2202.2549397233834,2391.0430361849994,4
3.3499999999999996,3.3499999999999996,3.3499999999999996,4550.507187953145,2119.0573209479026,2300.7133094071933,4
3.3499999999999996,3.3499999999999996,3.3499999999999996,4610.160811300868,2146.8365205084965,2330.873878223305,4
3.3499999999999996,3.3499999999999996,3.3499999999999996,4795.028742191048,2232.924889602477,2424.3421646173147,4
3.3499999999999996,3.3499999999999996,3.3499999999999996,4462.781347043243,2078.2055921760925,2256.3595700493756,4
3.3499999999999996,3.3499999999999996,3.3499999999999996,4678.06725530515,2178.458852121939,2365.2070312240894,4
3.3499999999999996,3.3499999999999996,3.3499999999999996,3943.1340216882522,1836.2188369371008,1993.6285230998928,4
3.3499999999999996,3.3499999999999996,3.3499999999999996,4180.659134785077,1946.8283380382745,2113.7200132236835,4
3.3499999999999996,3.3499999999999996,3.3499999999999996,4265.6500769712065,1986.4064929152898,2156.691001685003,4
3.3499999999999996,3.3499999999999996,3.3499999999999996,4939.3493801122195,2300.13139905715,2497.3099457399135,4
3.3499999999999996,3.3499999999999996,3.3499999999999996,5504.697180611714,2563.318210228358,2787.6066117070945,5
3.3499999999999996,3.3499999999999996,3.3499999999999996,3846.378056845587,1791.1050495677612,1947.8253845012289,5
3.3499999999999996,3.3499999999999996,3.3499999999999996,3872.423271559231,1803.23326860948,1961.0148135210134,5
3.3499999999999996,3.3499999999999996,3.3499999999999996,4141.219048817255,1928.4007552252308,2097.1343603913733,5
3.3499999999999996,3.3499999999999996,3.3499999999999996,3748.639643794527,1745.5921637917697,1898.3301556994481,5
3.3499999999999996,3.3499999999999996,3.3499999999999996,4270.493491169478,1988.5987136825472,2162.599594608991,5
3.3499999999999996,3.3499999999999996,3.3499999999999996,4549.0845733177275,2118.3274836125356,2303.6795336280516,5
3.3499999999999996,3.3499999999999996,3.3499999999999996,5328.635415594665,2481.333259269985,2698.4480396499466,5
3.3499999999999996,3.3499999999999996,3.3499999999999996,5499.340798466679,2560.8239564224145,2784.8941125827237,5
3.3499999999999996,3.3499999999999996,3.3499999999999996,4086.5700311994065,1902.9528845368463,2069.4598202965294,5
3.3499999999999996,3.3499999999999996,3.3499999999999996,3541.915198059979,1649.3288237996787,1793.6438463851414,5
3.3499999999999996,3.3499999999999996,3.3499999999999996,4036.6553931947365,1879.7096258513418,2044.18279408465,5
3.3499999999999996,3.3499999999999996,3.3499999999999996,3775.5653680003693,1758.130401030962,1911.965479198364,5
3.3499999999999996,3.3499999999999996,3.3499999999999996,4013.0776484148587,1868.7304092718641,2032.2429043720922,5
3.3499999999999996,3.3499999999999996,3.3499999999999996,4616.2298888399355,2149.594382474078,2337.6822624528304,5
3.3499999999999996,3.3499999999999996,3.3499999999999996,3695.2181132055794,1720.71588491866,1871.2772212706893,5
3.3499999999999996,3.3499999999999996,3.3499999999999996,4363.047326271051,2031.697348023042,2209.4693268036544,5
3.3499999999999996,3.3499999999999996,3.3499999999999996,3943.4637348691776,1836.313982641639,1996.9900649697288,5
3.3499999999999996,3.3499999999999996,3.3499999999999996,3252.325307926159,1514.4783471026917,1646.994055137068,5
3.3499999999999996,3.3499999999999996,3.3499999999999996,3720.1715130072844,1732.335689245791,1883.9137496735243,5
3.3499999999999996,3.3499999999999996,3.3499999999999996,4882.3019192160355,2273.4935286610253,2472.4224900677345,5
3.3499999999999996,3.3499999999999996,3.3499999999999996,4268.927702259651,1987.8695881567926,2161.806671152103,5
3.3499999999999996,3.3499999999999996,3.3499999999999996,5284.569503770968,2460.8135193965827,2676.1328380829477,5
3.3499999999999996,3.3499999999999996,3.3499999999999996,4517.758273398408,2103.7400735502542,2287.8157362364373,5
3.3499999999999996,3.3499999999999996,3.3499999999999996,4029.5553635519354,1876.403424859822,2040.5873030110806,5
3.3499999999999996,3.3499999999999996,3.3499999999999996,4038.0588048862073,1880.3631387744256,2044.893488893416,5
3.3499999999999996,3.3499999999999996,3.3499999999999996,3567.891882347309,1661.4251309516133,1806.798571248961,5
3.3499999999999996,3.3499999999999996,3.3499999999999996,4826.319926735343,2247.4249446749623,2444.072924731904,5
3.3499999999999996,3.3499999999999996,3.3499999999999996,5063.490314815446,2357.8657472742248,2564.177213890961,5
3.3499999999999996,3.3499999999999996,3.3499999999999996,3854.7602509482645,1795.0083034762129,1952.070170169646,5
3.3499999999999996,3.3499999999999996,3.3499999999999996,3679.00661367413,1713.166835334164,1863.067635566552,5
3.3499999999999996,3.3499999999999996,3.3499999999999996,4367.605966117954,2033.8201250169507,2211.7778451763597,5
3.3499999999999996,3.3499999999999996,3.3499999999999996,4332.545262562292,2017.4937519324903,2194.022926815527,5
3.3499999999999996,3.3499999999999996,3.3499999999999996,3525.7328046240546,1641.7933277644959,1785.449000155614,5
3.3499999999999996,3.3499999999999996,3.3499999999999996,4058.0380438065195,1889.6666745131981,2055.0110769611665,5
3.3499999999999996,3.3499999999999996,3.3499999999999996,3706.8578323681845,1726.1360384916004,1877.1716341750675,5
3.3499999999999996,3.3499999999999996,3.3499999999999996,3033.2310823099156,1412.4548933410467,1536.0436264621133,5
3.3499999999999996,3.3499999999999996,3.3499999999999996,3349.3269883088765,1559.6481658210644,1696.1161987735893,5
3.3499999999999996,3.3499999999999996,3.3499999999999996,3287.6337624217113,1530.9200879312782,1664.8744358322367,5
3.3499999999999996,3.3499999999999996,3.3499999999999996,4316.591165105096,2010.064564240962,2185.9436908291877,5
3.3499999999999996,3.3499999999999996,3.3499999999999996,4545.830209653074,2116.8120560838984,2302.0315073387146,5
3.3499999999999996,3.3499999999999996,3.3499999999999996,3108.8682615532393,1447.6761148839132,1574.34667820712,5
3.3499999999999996,3.3499999999999996,3.3499999999999996,4545.67479792122,2116.7396870308385,2301.9528060483367,5
3.3499999999999996,3.3499999999999996,3.3499999999999996,3661.3259030029517,1704.9336326444973,1854.114033878842,5
3.3499999999999996,3.3499999999999996,3.3499999999999996,3993.338469858816,1859.5386600824872,2022.246884092122,5
3.3499999999999996,3.3499999999999996,3.3499999999999996,3712.823691476624,1728.9141014423074,1880.1927755293586,5
3.3499999999999996,3.3499999999999996,3.3499999999999996,4236.572482692651,1972.8030511992017,2145.4218236248166,5
3.3499999999999996,3.3499999999999996,3.3499999999999996,4484.999480836444,2088.4856087242993,2271.226517294674,5
3.3499999999999996,3.3499999999999996,3.3499999999999996,4265.276939552417,1986.1695733836577,2159.9579063742144,5
3.3499999999999996,3.3499999999999996,3.3499999999999996,5370.558037776651,2500.854954530189,2719.6778684561914,5
3.3499999999999996,3.3499999999999996,3.3499999999999996,4720.8568016516665,2198.314968201281,2390.665862521467,5
3.3499999999999996,3.3499999999999996,3.3499999999999996,4542.510490607959,2115.266195157859,2300.3503847527586,5
3.3499999999999996,3.3499999999999996,3.3499999999999996,4602.0592834495965,2142.995695996836,2330.5061959078557,5
3.3499999999999996,3.3499999999999996,3.3499999999999996,4786.602342225285,2228.9300476260382,2423.9597382025468,5
3.3499999999999996,3.3499999999999996,3.3499999999999996,4454.938812073839,2074.4875526782316,2256.0036419492108,5
3.3499999999999996,3.3499999999999996,3.3499999999999996,4669.8463941009,2174.561453285585,2364.833933045814,5
3.3499999999999996,3.3499999999999996,3.3499999999999996,3936.2046733627676,1832.9337268459005,1993.3140393526742,5
3.3499999999999996,3.3499999999999996,3.3499999999999996,4173.312378825044,1943.3453406468568,2113.386585715686,5
3.3499999999999996,3.3499999999999996,3.3499999999999996,4258.1539647276495,1982.852687734864,2156.350795743955,5
3.3499999999999996,3.3499999999999996,3.3499999999999996,4930.669362601323,2296.0163204411756,2496.916009065852,5
3.3499999999999996,3.3499999999999996,3.3499999999999996,5503.7279255428375,2562.858157364071,2787.5624187251365,6
3.3499999999999996,3.3499999999999996,3.3499999999999996,3845.70079498974,1790.7835900607033,1947.7945048886918,6
3.3499999999999996,3.3499999999999996,3.3499999999999996,3871.741423718806,1802.909632384024,1960.9837248114693,6
3.3499999999999996,3.3499999999999996,3.3499999999999996,4140.489872002855,1928.0546545002423,2097.101113727169,6
3.3499999999999996,3.3499999999999996,3.3499999999999996,3747.979591505195,1745.2788727334744,1898.3000607534937,6
3.3499999999999996,3.3499999999999996,3.3499999999999996,4269.741551993333,1988.2418088977658,2162.565310099668,6
3.3499999999999996,3.3499999999999996,3.3499999999999996,4548.283580431695,2117.947295689536,2303.643012525096,6
3.3499999999999996,3.3499999999999996,3.3499999999999996,5327.697161097223,2480.8879206972624,2698.4052601325534,6
3.3499999999999996,3.3499999999999996,3.3499999999999996,5498.372486537884,2560.3643512156214,2784.849962603041,6
3.3499999999999996,3.3499999999999996,3.3499999999999996,4085.85047686479,1902.611351081639,2069.4270123672763,6
3.3499999999999996,3.3499999999999996,3.3499999999999996,3541.291545360001,1649.0328096542196,1793.6154110708437,6
3.3499999999999996,3.3499999999999996,3.3499999999999996,4035.9446277206716,1879.3722639920334,2044.150386881654,6
3.3499999999999996,3.3499999999999996,3.3499999999999996,3774.900574688269,1757.81485966604,1911.935168086469,6
3.3499999999999996,3.3499999999999996,3.3499999999999996,4012.3710344586502,1868.395017913142,2032.2106864566842,6
3.3499999999999996,3.3499999999999996,3.3499999999999996,4615.4170731532495,2149.2085829082002,2337.6452022917533,6
3.3499999999999996,3.3499999999999996,3.3499999999999996,3694.5674672627933,1720.4070585434079,1871.2475552051367,6
3.3499999999999996,3.3499999999999996,3.3499999999999996,4362.279090417564,2031.3327080885254,2209.4342992507404,6
3.3499999999999996,3.3499999999999996,3.3499999999999996,3942.7693783789755,1835.9844092378864,1996.9584059309166,6
3.3499999999999996,3.3499999999999996,3.3499999999999996,3251.75264558218,1514.2065353164276,1646.9679447173773,6
3.3499999999999996,3.3499999999999996,3.3499999999999996,3719.5164733243073,1732.0247774001355,1883.8838832763072,6
3.3499999999999996,3.3499999999999996,3.3499999999999996,4881.442254146782,2273.085492231671,2472.383293818868,6
3.3499999999999996,3.3499999999999996,3.3499999999999996,4268.1760387842,1987.5128142321926,2161.7723992132956,6
3.3499999999999996,3.3499999999999996,3.3499999999999996,5283.639008303133,2460.3718636148083,2676.090412336885,6
3.3499999999999996,3.3499999999999996,3.3499999999999996,4516.962796378914,2103.362503710235,2287.7794666282607,6
3.3499999999999996,3.3499999999999996,3.3499999999999996,4028.845848235598,1876.066656382651,2040.554952808765,6
3.3499999999999996,3.3499999999999996,3.3499999999999996,4037.347792302474,1880.025659625547,2044.8610704235068,6
3.3499999999999996,3.3499999999999996,3.3499999999999996,3567.26365572944,1661.1269458151585,1806.7699273878343,6
3.3499999999999996,3.3499999999999996,3.3499999999999996,4825.470118853179,2247.02158691823,2444.034177919419,6
3.3499999999999996,3.3499999999999996,3.3499999999999996,5062.59874648883,2357.4425680972063,2564.1365630197533,6
3.3499999999999996,3.3499999999999996,3.3499999999999996,3854.0815131739696,1794.6861434306359,1952.039223262917,6
3.3499999999999996,3.3499999999999996,3.3499999999999996,3678.35882221681,1712.8593638284988,1863.038099650667,6
3.3499999999999996,3.3499999999999996,3.3499999999999996,4366.836927589109,2033.4551040959334,2211.74278102563,6
3.3499999999999996,3.3499999999999996,3.3499999999999996,4331.7823974456305,2017.1316611957434,2193.9881441402345,6
3.3499999999999996,3.3499999999999996,3.3499999999999996,3525.1120012846045,1641.4986660560926,1785.420694757313,6
3.3499999999999996,3.3499999999999996,3.3499999999999996,4057.323513321989,1889.3275256074205,2054.9784980933073,6
3.3499999999999996,3.3499999999999996,3.3499999999999996,3706.2051369290452,1725.8262393314774,1877.1418746631578,6
3.3499999999999996,3.3499999999999996,3.3499999999999996,3032.696997599142,1412.2013922670226,1536.0192749815326,6
3.3499999999999996,3.3499999999999996,3.3499999999999996,3348.7372461206633,1559.3682471581758,1696.0893096019759,6
3.3499999999999996,3.3499999999999996,3.3499999999999996,3287.054883042104,1530.6453252550573,1664.8480419481082,6
3.3499999999999996,3.3499999999999996,3.3499999999999996,4315.831109151104,2009.703806861526,2185.909036237078,6
3.3499999999999996,3.3499999999999996,3.3499999999999996,4545.029789788295,2116.4321401430393,2301.995012362543,6
3.3499999999999996,3.3499999999999996,3.3499999999999996,3108.3208588129773,1447.4162924628986,1574.3217194937731,6
3.3499999999999996,3.3499999999999996,3.3499999999999996,4544.874405420998,2116.359784078453,2301.916312319846,6
3.3499999999999996,3.3499999999999996,3.3499999999999996,3660.681224726589,1704.6276387971523,1854.0846399077907,6
3.3499999999999996,3.3499999999999996,3.3499999999999996,3992.635331534099,1859.2049184177142,2022.2148246474037,6
3.3499999999999996,3.3499999999999996,3.3499999999999996,3712.1699455820294,1728.603803687896,1880.1629681221527,6
3.3499999999999996,3.3499999999999996,3.3499999999999996,4235.826516253665,1972.4489813491323,2145.387811441195,6
3.3499999999999996,3.3499999999999996,3.3499999999999996,4484.209771913667,2088.1107766872606,2271.1905106816607,6
3.3499999999999996,3.3499999999999996,3.3499999999999996,4264.525918895299,1985.81310457009,2159.9236637445742,6
3.3499999999999996,3.3499999999999996,3.3499999999999996,5369.612401635367,2500.406112291091,2719.634752374292,6
3.3499999999999996,3.3499999999999996,3.3499999999999996,4720.025563486458,2197.920424483029,2390.6279623913383,6
3.3499999999999996,3.3499999999999996,3.3499999999999996,4541.710655272064,2114.886556661191,2300.3139164280587,6
3.3499999999999996,3.3499999999999996,3.3499999999999996,4601.2489628921885,2142.6110807336336,2330.4692495116765,6
3.3499999999999996,3.3499999999999996,3.3499999999999996,4785.759527728742,2228.530009250539,2423.921310252015,6
3.3499999999999996,3.3499999999999996,3.3499999999999996,4454.154396168028,2074.1152329495576,2255.9678766701977,6
3.3499999999999996,3.3499999999999996,3.3499999999999996,4669.024137736953,2174.1711727417337,2364.796442439034,6
3.3499999999999996,3.3499999999999996,3.3499999999999996,3935.511595032277,1832.6047601153082,1993.2824385912872,6
3.3499999999999996,3.3499999999999996,3.3499999999999996,4172.577551087121,1942.996557734655,2113.353081398807,6
3.3499999999999996,3.3499999999999996,3.3499999999999996,4257.404198268397,1982.496814221068,2156.3166102992036,6
3.3499999999999996,3.3499999999999996,3.3499999999999996,4929.801181098172,2295.6042417220942,2496.8764245119646,6
3.3499999999999996,3.3499999999999996,3.3499999999999996,5503.6309980319,2562.812145738924,2787.5579972925602,7
3.3499999999999996,3.3499999999999996,3.3499999999999996,3845.6330674038363,1790.7514396808515,1947.7914154360515,7
3.3499999999999996,3.3499999999999996,3.3499999999999996,3871.673237524962,1802.877264302341,1960.9806144390298,7
3.3499999999999996,3.3499999999999996,3.3499999999999996,4140.416952813755,1928.0200396590856,2097.0977874550413,7
3.3499999999999996,3.3499999999999996,3.3499999999999996,3747.9135849115255,1745.2475393110456,1898.297049805409,7
3.3499999999999996,3.3499999999999996,3.3499999999999996,4269.666356520995,1988.2061135017686,2162.561879992904,7
3.3499999999999996,3.3499999999999996,3.3499999999999996,4548.203479486943,2117.909271658916,2303.6393586509475,7
3.3499999999999996,3.3499999999999996,3.3499999999999996,5327.603333707527,2480.8433807040074,2698.4009801147004,7
3.3499999999999996,3.3499999999999996,3.3499999999999996,5498.275653342904,2560.3183843623915,2784.84554547277,7
3.3499999999999996,3.3499999999999996,3.3499999999999996,4085.7785199435643,1902.577193030389,2069.423729989833,7
3.3499999999999996,3.3499999999999996,3.3499999999999996,3541.229178800527,1649.0032041611198,1793.612566166079,7
3.3499999999999996,3.3499999999999996,3.3499999999999996,4035.8735497036732,1879.3385231578504,2044.1471445961904,7
3.3499999999999996,3.3499999999999996,3.3499999999999996,3774.83409398252,1757.7833011819432,1911.9321355113498,7
3.3499999999999996,3.3499999999999996,3.3499999999999996,4012.300371602021,1868.3614741561669,2032.2074631091205,7
3.3499999999999996,3.3499999999999996,3.3499999999999996,4615.3357899039875,2149.1699976359737,2337.6414944857584,7
3.3499999999999996,3.3499999999999996,3.3499999999999996,3694.5024013232273,1720.376171650799,1871.2445871658051,7
3.3499999999999996,3.3499999999999996,3.3499999999999996,4362.202265243795,2031.296239070977,2209.43079480373,7
3.3499999999999996,3.3499999999999996,3.3499999999999996,3942.699941294291,1835.9514473565703,1996.955238498005,7
3.3499999999999996,3.3499999999999996,3.3499999999999996,3251.695378163735,1514.179350392713,1646.9653324143583,7
3.3499999999999996,3.3499999999999996,3.3499999999999996,3719.4509680016376,1731.9936819317522,1883.880895194134,7
3.3499999999999996,3.3499999999999996,3.3499999999999996,4881.356285862397,2273.044682966713,2472.379372300928,7
3.3499999999999996,3.3499999999999996,3.3499999999999996,4268.100870882501,1987.4771319240165,2161.7689703641895,7
3.3499999999999996,3.3499999999999996,3.3499999999999996,5283.54595683244,2460.327691951393,2676.086167713251,7
3.3499999999999996,3.3499999999999996,3.3499999999999996,4516.883247032221,2103.3247415239866,2287.7758379157376,7
3.3499999999999996,3.3499999999999996,3.3499999999999996,4028.7748952369575,1876.0329748948575,2040.5517162261224,7
3.3499999999999996,3.3499999999999996,3.3499999999999996,4037.2766895739974,1879.9919070607903,2044.8578270108071,7
3.3499999999999996,3.3499999999999996,3.3499999999999996,3567.20083176872,1661.0971231930469,1806.7670616183148,7
3.3499999999999996,3.3499999999999996,3.3499999999999996,4825.385136307884,2246.981245584997,2444.0303013668226,7
3.3499999999999996,3.3499999999999996,3.3499999999999996,5062.509587812746,2357.400244348841,2564.132495969325,7
3.3499999999999996,3.3499999999999996,3.3499999999999996,3854.0136379931696,1794.6539229872803,1952.036127077607,7
3.3499999999999996,3.3499999999999996,3.3499999999999996,3678.2940417316927,1712.8286124415165,1863.0351446325878,7
3.3499999999999996,3.3499999999999996,3.3499999999999996,4366.760022146146,2033.4185969744865,2211.739272917071,7
3.3499999999999996,3.3499999999999996,3.3499999999999996,4331.70610935665,2017.0954471330956,2193.9846641928125,7
3.3499999999999996,3.3499999999999996,3.3499999999999996,3525.049919667075,1641.469195825333,1785.4178628504228,7
3.3499999999999996,3.3499999999999996,3.3499999999999996,4057.25205879616,1889.293606043968,2054.9752386330656,7
3.3499999999999996,3.3499999999999996,3.3499999999999996,3706.1398660356062,1725.795255146978,1877.1388972746777,7
3.3499999999999996,3.3499999999999996,3.3499999999999996,3032.6435880237814,1412.176038666822,1536.0168386573757,7
3.3499999999999996,3.3499999999999996,3.3499999999999996,3348.67827068248,1559.3402514351,1696.0866193861534,7
3.3499999999999996,3.3499999999999996,3.3499999999999996,3286.9969939072416,1530.6178452016893,1664.8454012849554,7
3.3499999999999996,3.3499999999999996,3.3499999999999996,4315.7551019841985,2009.6677261529815,2185.905569104161,7
3.3499999999999996,3.3499999999999996,3.3499999999999996,4544.949746146854,2116.394143314381,2301.991361102335,7
3.3499999999999996,3.3499999999999996,3.3499999999999996,3108.266117407131,1447.3903066409018,1574.3192224170118,7
3.3499999999999996,3.3499999999999996,3.3499999999999996,4544.79436451607,2116.32178854882,2301.9126611844667,7
3.3499999999999996,3.3499999999999996,3.3499999999999996,3660.616755566004,1704.597035196361,1854.0816990910507,7
3.3499999999999996,3.3499999999999996,3.3499999999999996,3992.565016247805,1859.1715396528648,2022.2116171545636,7
3.3499999999999996,3.3499999999999996,3.3499999999999996,3712.1045696408733,1728.5727696370984,1880.159985941829,7
3.3499999999999996,3.3499999999999996,3.3499999999999996,4235.751918067393,1972.4135694856654,2145.384408580152,7
3.3499999999999996,3.3499999999999996,3.3499999999999996,4484.130799388573,2088.0732883190317,2271.186908281355,7
3.3499999999999996,3.3499999999999996,3.3499999999999996,4264.450815276762,1985.7774527772208,2159.920237827801,7
3.3499999999999996,3.3499999999999996,3.3499999999999996,5369.517836066024,2500.3612218829253,2719.6304386837337,7
3.3499999999999996,3.3499999999999996,3.3499999999999996,4719.942437951253,2197.8809646750856,2390.6241705478706,7
3.3499999999999996,3.3499999999999996,3.3499999999999996,4541.630670084721,2114.8485875807737,2300.3102678342852,7
3.3499999999999996,3.3499999999999996,3.3499999999999996,4601.1679291610135,2142.5726139079916,2330.4655530876657,7
3.3499999999999996,3.3499999999999996,3.3499999999999996,4785.675244536469,2228.4899999011645,2423.917465601014,7
3.3499999999999996,3.3499999999999996,3.3499999999999996,4454.075952955574,2074.0779958467797,2255.9642984149477,7
3.3499999999999996,3.3499999999999996,3.3499999999999996,4668.941910400446,2174.1321393099697,2364.792691567679,7
3.3499999999999996,3.3499999999999996,3.3499999999999996,3935.4422857662066,1832.5718589096678,1993.2792769889325,7
3.3499999999999996,3.3499999999999996,3.3499999999999996,4172.504066793986,1942.9616746378206,2113.3497293489672,7
3.3499999999999996,3.3499999999999996,3.3499999999999996,4257.32922007224,1982.4612219663777,2156.313190103681,7
3.3499999999999996,3.3499999999999996,3.3499999999999996,4929.714361152788,2295.563028172467,2496.872464144768,7
3.3499999999999996,3.3499999999999996,3.3499999999999996,5503.621305260768,2562.807544513056,2787.5575551279558,8
3.3499999999999996,3.3499999999999996,3.3499999999999996,3845.626294631244,1790.748224598598,1947.7911064758719,8
3.3499999999999996,3.3499999999999996,3.3499999999999996,3871.6664188914806,1802.874027449605,1960.980303386769,8
3.3499999999999996,3.3499999999999996,3.3499999999999996,4140.40966087977,1928.016578127308,2097.097454811769,8
3.3499999999999996,3.3499999999999996,3.3499999999999996,3747.9069842385125,1745.24440592566,1898.2967486960633,8
3.3499999999999996,3.3499999999999996,3.3499999999999996,4269.658836958215,1988.2025439130193,2162.5615369656666,8
3.3499999999999996,3.3499999999999996,3.3499999999999996,4548.195469375908,2117.9054692034983,2303.638993245891,8
3.3499999999999996,3.3499999999999996,3.3499999999999996,5327.593950949159,2480.838926643355,2698.4005520922506,8
3.3499999999999996,3.3499999999999996,3.3499999999999996,5498.265970003386,2560.313787613776,2784.845103738416,8
3.3499999999999996,3.3499999999999996,3.3499999999999996,4085.7713242365653,1902.5737771782315,2069.423401736242,8
3.3499999999999996,3.3499999999999996,3.3499999999999996,3541.2229421316856,1649.0002435710464,1793.6122816618677,8
3.3499999999999996,3.3499999999999996,3.3499999999999996,4035.8664418872786,1879.3351490279742,2044.1468203519898,8
3.3499999999999996,3.3499999999999996,3.3499999999999996,3774.8274458982005,1757.780145290081,1911.9318322391964,8
3.3499999999999996,3.3499999999999996,3.3499999999999996,4012.2933053017496,1868.3581197342833,2032.2071407588016,8
3.3499999999999996,3.3499999999999996,3.3499999999999996,4615.327661562257,2149.1661390556224,2337.6411236872577,8
3.3499999999999996,3.3499999999999996,3.3499999999999996,3694.495894715819,1720.3730829190097,1871.244290347542,8
3.3499999999999996,3.3499999999999996,3.3499999999999996,4362.194582710536,2031.2925921190078,2209.4304443421092,8
3.3499999999999996,3.3499999999999996,3.3499999999999996,3942.692997571467,1835.948151123053,1996.9549217394217,8
3.3499999999999996,3.3499999999999996,3.3499999999999996,3251.689651410051,1514.1766318629107,1646.965071171444,8
3.3499999999999996,3.3499999999999996,3.3499999999999996,3719.444417455828,1731.990572342098,1883.88059637149,8
3.3499999999999996,3.3499999999999996,3.3499999999999996,4881.3476890161855,2273.0406019840266,2472.3789801302,8
3.3499999999999996,3.3499999999999996,3.3499999999999996,4268.093354076791,1987.4735636440678,2161.7686274627245,8
3.3499999999999996,3.3499999999999996,3.3499999999999996,5283.536651666133,2460.3232747242305,2676.0857432303937,8
3.3499999999999996,3.3499999999999996,3.3499999999999996,4516.875292081107,2103.3209652533665,2287.775475026966,8
3.3499999999999996,3.3499999999999996,3.3499999999999996,4028.7677999224243,1876.0296066997014,2040.5513925522314,8
3.3499999999999996,3.3499999999999996,3.3499999999999996,4037.26957928645,1879.9885317578417,2044.857502653878,8
3.3499999999999996,3.3499999999999996,3.3499999999999996,3567.19454935966,1661.0941408897731,1806.7667750275264,8
3.3499999999999996,3.3499999999999996,3.3499999999999996,4825.376638035785,2246.9772113961267,2444.029913692847,8
3.3499999999999996,3.3499999999999996,3.3499999999999996,5062.500671926705,2357.396011915729,2564.132089244646,8
3.3499999999999996,3.3499999999999996,3.3499999999999996,3854.0068504610567,1794.6507008985805,1952.0358174441276,8
3.3499999999999996,3.3499999999999996,3.3499999999999996,3678.287563669788,1712.8255372604763,1863.034849116513,8
3.3499999999999996,3.3499999999999996,3.3499999999999996,4366.75233158595,2033.414946212075,2211.738922089278,8
3.3499999999999996,3.3499999999999996,3.3499999999999996,4331.69848053198,2017.0918256769678,2193.9843161812687,8
3.3499999999999996,3.3499999999999996,3.3499999999999996,3525.043711492487,1641.4662487616795,1785.417579646061,8
3.3499999999999996,3.3499999999999996,3.3499999999999996,4057.244913328804,1889.2902140409192,2054.974912671305,8
3.3499999999999996,3.3499999999999996,3.3499999999999996,3706.133338932768,1725.7921566858658,1877.1385995214548,8
3.3499999999999996,3.3499999999999996,3.3499999999999996,3032.638247055203,1412.1735032718923,1536.016595013197,8
3.3499999999999996,3.3499999999999996,3.3499999999999996,3348.672373126469,1559.3374518242451,1696.0863503515832,8
3.3499999999999996,3.3499999999999996,3.3499999999999996,3286.991204981787,1530.615097158515,1664.8451372058905,8
3.3499999999999996,3.3499999999999996,3.3499999999999996,4315.747501251794,2009.6641180324473,2185.9052223741296,8
3.3499999999999996,3.3499999999999996,3.3499999999999996,4544.941741766162,2116.390343579197,2301.9909959586853,8
3.3499999999999996,3.3499999999999996,3.3499999999999996,3108.260643255229,1447.387708022922,1574.31897269728,8
3.3499999999999996,3.3499999999999996,3.3499999999999996,4544.786360409029,2116.317988943541,2301.912296053301,8
3.3499999999999996,3.3499999999999996,3.3499999999999996,3660.610308636617,1704.593974794144,1854.0814049951782,8
3.3499999999999996,3.3499999999999996,3.3499999999999996,3992.557984704639,1859.1682017304202,2022.211296389793,8
3.3499999999999996,3.3499999999999996,3.3499999999999996,3712.0980320332415,1728.5696661892878,1880.1596877093991,8
3.3499999999999996,3.3499999999999996,3.3499999999999996,4235.744458233343,1972.4100282505603,2145.384068277619,8
3.3499999999999996,3.3499999999999996,3.3499999999999996,4484.122902119737,2088.069539430591,2271.1865480239317,8
3.3499999999999996,3.3499999999999996,3.3499999999999996,4264.4433048993815,1985.773887548845,2159.919895219583,8
3.3499999999999996,3.3499999999999996,3.3499999999999996,5369.508379489539,2500.3567327802994,2719.63000729385,8
3.3499999999999996,3.3499999999999996,3.3499999999999996,4719.934125380548,2197.8770186399597,2390.623791345217,8
3.3499999999999996,3.3499999999999996,3.3499999999999996,4541.62267154945,2114.8447906204524,2300.309902957292,8
3.3499999999999996,3.3499999999999996,3.3499999999999996,4601.159825771143,2142.5687671724627,2330.4651834274187,8
3.3499999999999996,3.3499999999999996,3.3499999999999996,4785.666816199817,2228.4859989111387,2423.9170811173517,8
3.3499999999999996,3.3499999999999996,3.3499999999999996,4454.068108618112,2074.0742720852304,2255.963940572147,8
3.3499999999999996,3.3499999999999996,3.3499999999999996,4668.9336876497955,2174.1282359130473,2364.7923164624344,8
3.3499999999999996,3.3499999999999996,3.3499999999999996,3935.43535482527,1832.5685687438017,1993.2789608134324,8
3.3499999999999996,3.3499999999999996,3.3499999999999996,4172.496718349479,1942.9581862801058,2113.3493941277998,8
3.3499999999999996,3.3499999999999996,3.3499999999999996,4257.321722237123,1982.4576626919013,2156.312848067616,8
3.3499999999999996,3.3499999999999996,3.3499999999999996,4929.705679140301,2295.558906760757,2496.872068088928,8
3.3499999999999996,3.3499999999999996,3.3499999999999996,5503.620228285973,3111.3983630638777,2857.758247078701,9
3.3499999999999996,3.3499999999999996,3.3499999999999996,3845.6255421007995,2174.0731591822578,1996.8434688920574,9
3.3499999999999996,3.3499999999999996,3.3499999999999996,3871.6656612653805,2188.7945935803386,2010.364817061219,9
3.3499999999999996,3.3499999999999996,3.3499999999999996,4140.408850664714,2340.7249748381437,2149.9098863058243,9
3.3499999999999996,3.3499999999999996,3.3499999999999996,3747.9062508302472,2118.828859923323,1946.102665758176,9
3.3499999999999996,3.3499999999999996,3.3499999999999996,4269.6580014510655,2413.794260054666,2217.0225887210936,9
3.3499999999999996,3.3499999999999996,3.3499999999999996,4548.194579363386,2571.2612030162645,2361.6528810786604,9
3.3499999999999996,3.3499999999999996,3.3499999999999996,5327.592908420235,3011.883663254122,2766.3559511004883,9
3.3499999999999996,3.3499999999999996,3.3499999999999996,5498.264894076549,3108.370796225741,2854.9774864396973,9
3.3499999999999996,3.3499999999999996,3.3499999999999996,4085.7705247133995,2309.8359252900395,2121.538901369138,9
3.3499999999999996,3.3499999999999996,3.3499999999999996,3541.222249168337,2001.9828135451128,1838.7818685758275,9
3.3499999999999996,3.3499999999999996,3.3499999999999996,4035.865652129737,2281.6228705324297,2095.625765055263,9
3.3499999999999996,3.3499999999999996,3.3499999999999996,3774.8267072220115,2134.047981242738,1960.0811295833673,9
3.3499999999999996,3.3499999999999996,3.3499999999999996,4012.2925201571115,2268.2961144719457,2083.385401529086,9
3.3499999999999996,3.3499999999999996,3.3499999999999996,4615.326758412988,2609.213485939117,2396.5113070538678,9
3.3499999999999996,3.3499999999999996,3.3499999999999996,3694.49517175929,2088.633618046576,1918.3689295319869,9
3.3499999999999996,3.3499999999999996,3.3499999999999996,4362.193729095552,2466.108100686008,2265.071823198855,9
3.3499999999999996,3.3499999999999996,3.3499999999999996,3942.6922260465485,2228.948515585783,2047.245405264207,9
3.3499999999999996,3.3499999999999996,3.3499999999999996,3251.6890151039534,1838.2990575529095,1688.4415556308425,9
3.3499999999999996,3.3499999999999996,3.3499999999999996,3719.4436896172533,2102.7379301910046,1931.3234630396867,9
3.3499999999999996,3.3499999999999996,3.3499999999999996,4881.346733810852,2759.6043344466607,2534.642345724332,9
3.3499999999999996,3.3499999999999996,3.3499999999999996,4268.092518875983,2412.909235340119,2216.2097109144806,9
3.3499999999999996,3.3499999999999996,3.3499999999999996,5283.535617758551,2986.9764610199877,2743.4791753583536,9
3.3499999999999996,3.3499999999999996,3.3499999999999996,4516.8744081974655,2553.5547615732885,2345.3898626041446,9
3.3499999999999996,3.3499999999999996,3.3499999999999996,4028.767011553979,2277.6097486687745,2091.939791494777,9
3.3499999999999996,3.3499999999999996,3.3499999999999996,4037.2687892543363,2282.416115409719,2096.3543448851356,9
3.3499999999999996,3.3499999999999996,3.3499999999999996,3567.1938513140635,2016.6655127595395,1852.267639240078,9
3.3499999999999996,3.3499999999999996,3.3499999999999996,4825.375693783133,2727.9618527532125,2505.5793481696114,9
3.3499999999999996,3.3499999999999996,3.3499999999999996,5062.499681272494,2862.0167395213266,2628.7061270387544,9
3.3499999999999996,3.3499999999999996,3.3499999999999996,3854.006096290665,2178.8109938267894,2001.1950768987456,9
3.3499999999999996,3.3499999999999996,3.3499999999999996,3678.2868438849823,2079.4704558507296,1909.9527451419196,9
3.3499999999999996,3.3499999999999996,3.3499999999999996,4366.751477079084,2468.6847627787765,2267.438436691026,9
3.3499999999999996,3.3499999999999996,3.3499999999999996,4331.6976328846185,2448.8675390384446,2249.23670616033,9
3.3499999999999996,3.3499999999999996,3.3499999999999996,3525.043021695167,1992.8361028733018,1830.3807945872586,9
3.3499999999999996,3.3499999999999996,3.3499999999999996,4057.2441193878217,2293.7089021393635,2106.726547555243,9
3.3499999999999996,3.3499999999999996,3.3499999999999996,3706.1326136989687,2095.2126907840575,1924.4116785405565,9
3.3499999999999996,3.3499999999999996,3.3499999999999996,3032.6376536141265,1714.4612890848946,1574.698999119757,9
3.3499999999999996,3.3499999999999996,3.3499999999999996,3348.6717178423314,1893.1269362998553,1738.7998847085194,9
3.3499999999999996,3.3499999999999996,3.3499999999999996,3286.990561767714,1858.256316583745,1706.771905823704,9
3.3499999999999996,3.3499999999999996,3.3499999999999996,4315.746656725796,2439.8498672058645,2240.9541518095502,9
3.3499999999999996,3.3499999999999996,3.3499999999999996,4544.940852390344,2569.4217518263463,2359.963381312094,9
3.3499999999999996,3.3499999999999996,3.3499999999999996,3108.2600350160023,1757.2133947798889,1613.9659679785887,9
3.3499999999999996,3.3499999999999996,3.3499999999999996,4544.7854710636175,2569.33390906366,2359.882699460972,9
3.3499999999999996,3.3499999999999996,3.3499999999999996,3660.6095923109806,2069.4768572139387,1900.773821201701,9
3.3499999999999996,3.3499999999999996,3.3499999999999996,3992.557203421902,2257.139016118959,2073.1378259662056,9
3.3499999999999996,3.3499999999999996,3.3499999999999996,3712.0973056322423,2098.584749891985,1927.508848558936,9
3.3499999999999996,3.3499999999999996,3.3499999999999996,4235.743629362721,2394.621221686632,2199.412529794454,9
3.3499999999999996,3.3499999999999996,3.3499999999999996,4484.1220246452385,2535.038637941231,2328.3831669519254,9
3.3499999999999996,3.3499999999999996,3.3499999999999996,4264.442470412832,2410.845729076553,2214.314420966203,9
3.3499999999999996,3.3499999999999996,3.3499999999999996,5369.5073287586,3035.579422303648,2788.1200400864736,9
3.3499999999999996,3.3499999999999996,3.3499999999999996,4719.933201761388,2668.351344857393,2450.8282682133704,9
3.3499999999999996,3.3499999999999996,3.3499999999999996,4541.621782823125,2567.5453600714677,2358.2399523626186,9
3.3499999999999996,3.3499999999999996,3.3499999999999996,4601.158925394304,2601.203890321321,2389.1546508942934,9
3.3499999999999996,3.3499999999999996,3.3499999999999996,4785.6658797177715,2705.5124384848496,2484.9600023702756,9
3.3499999999999996,3.3499999999999996,3.3499999999999996,4454.067237024879,2518.0475642251313,2312.7771996751767,9
3.3499999999999996,3.3499999999999996,3.3499999999999996,4668.932774010645,2639.518932583801,2424.3462641935143,9
3.3499999999999996,3.3499999999999996,3.3499999999999996,3935.434584720562,2224.845504766591,2043.47687046468,9
3.3499999999999996,3.3499999999999996,3.3499999999999996,4172.4959018554755,2358.8649616848693,2166.571107713064,9
3.3499999999999996,3.3499999999999996,3.3499999999999996,4257.320889144159,2406.8196379978317,2210.616535436568,9
3.3499999999999996,3.3499999999999996,3.3499999999999996,4929.704714472046,2786.9428744674665,2559.7522574395953,9
3.3499999999999996,3.3499999999999996,3.3499999999999996,5503.620228285973,2618.665038691548,2797.2066482479886,10
3.3499999999999996,3.3499999999999996,3.3499999999999996,3845.6255421007995,1829.7783533902889,1954.5333592879015,10
3.3499999999999996,3.3499999999999996,3.3499999999999996,3871.6656612653805,1842.1684433367543,1967.768210427153,10
3.3499999999999996,3.3499999999999996,3.3499999999999996,4140.408850664714,1970.0385298026713,2104.3565295476565,10
3.3499999999999996,3.3499999999999996,3.3499999999999996,3747.9062508302472,1783.2827593918628,1904.86767745193,10
3.3499999999999996,3.3499999999999996,3.3499999999999996,4269.6580014510655,2031.536274633477,2170.047214744623,10
3.3499999999999996,3.3499999999999996,3.3499999999999996,4548.194579363386,2164.0661310409087,2311.613008749133,10
3.3499999999999996,3.3499999999999996,3.3499999999999996,5327.592908420235,2534.909879493265,2707.7410294410997,10
3.3499999999999996,3.3499999999999996,3.3499999999999996,5498.264894076549,2616.116929286642,2794.4848077443144,10
3.3499999999999996,3.3499999999999996,3.3499999999999996,4085.7705247133995,1944.0411920492445,2076.586683108278,10
3.3499999999999996,3.3499999999999996,3.3499999999999996,3541.222249168337,1684.9409140684493,1799.8208465380087,10
3.3499999999999996,3.3499999999999996,3.3499999999999996,4035.865652129737,1920.2960679900768,2051.222607176305,10
3.3499999999999996,3.3499999999999996,3.3499999999999996,3774.8267072220115,1796.0917205946037,1918.5499586540186,10
3.3499999999999996,3.3499999999999996,3.3499999999999996,4012.2925201571115,1909.0797896153608,2039.2415985422135,10
3.3499999999999996,3.3499999999999996,3.3499999999999996,4615.326758412988,2196.008140655755,2345.7328371093467,10
3.3499999999999996,3.3499999999999996,3.3499999999999996,3694.49517175929,1757.8693551887416,1877.7215773813746,10
3.3499999999999996,3.3499999999999996,3.3499999999999996,4362.193729095552,2075.565488998068,2217.0783582158424,10
3.3499999999999996,3.3499999999999996,3.3499999999999996,3942.6922260465485,1875.9634317799762,2003.8673544391252,10
3.3499999999999996,3.3499999999999996,3.3499999999999996,3251.6890151039534,1547.1787636775189,1652.666018693744,10
3.3499999999999996,3.3499999999999996,3.3499999999999996,3719.4436896172533,1769.7400527972077,1890.4016238092813,10
3.3499999999999996,3.3499999999999996,3.3499999999999996,4881.346733810852,2322.582500853738,2480.937086836697,10
3.3499999999999996,3.3499999999999996,3.3499999999999996,4268.092518875983,2030.791405925607,2169.2515605960625,10
3.3499999999999996,3.3499999999999996,3.3499999999999996,5283.535617758551,2513.947080104915,2685.348978167417,10
3.3499999999999996,3.3499999999999996,3.3499999999999996,4516.8744081974655,2149.1637515459533,2295.6945791744847,10
3.3499999999999996,3.3499999999999996,3.3499999999999996,4028.767011553979,1916.9184799431337,2047.6147338514015,10
3.3499999999999996,3.3499999999999996,3.3499999999999996,4037.2687892543363,1920.9636914779394,2051.935749495457,10
3.3499999999999996,3.3499999999999996,3.3499999999999996,3567.1938513140635,1697.2984030878176,1813.020874006165,10
3.3499999999999996,3.3499999999999996,3.3499999999999996,4825.375693783133,2295.9510474430363,2452.489890485788,10
3.3499999999999996,3.3499999999999996,3.3499999999999996,5062.499681272494,2408.7764732749542,2573.007798108727,10
3.3499999999999996,3.3499999999999996,3.3499999999999996,3854.006096290665,1833.7658858419418,1958.792763266289,10
3.3499999999999996,3.3499999999999996,3.3499999999999996,3678.2868438849823,1750.1573075220153,1869.4837192795421,10
3.3499999999999996,3.3499999999999996,3.3499999999999996,4366.751477079084,2077.7341007126442,2219.394826727796,10
3.3499999999999996,3.3499999999999996,3.3499999999999996,4331.6976328846185,2061.0552107354592,2201.5787634893727,10
3.3499999999999996,3.3499999999999996,3.3499999999999996,3525.043021695167,1677.2427125974834,1791.5977786709943,10
3.3499999999999996,3.3499999999999996,3.3499999999999996,4057.2441193878217,1930.4681079324107,2062.0881807920723,10
3.3499999999999996,3.3499999999999996,3.3499999999999996,3706.1326136989687,1763.406540002224,1883.6362896275011,10
3.3499999999999996,3.3499999999999996,3.3499999999999996,3032.6376536141265,1442.9524329683156,1541.333495872135,10
3.3499999999999996,3.3499999999999996,3.3499999999999996,3348.6717178423314,1593.3238831597002,1701.9573305234733,10
3.3499999999999996,3.3499999999999996,3.3499999999999996,3286.990561767714,1563.9755124039327,1670.6079763371515,10
3.3499999999999996,3.3499999999999996,3.3499999999999996,4315.746656725796,2053.4656130038734,2193.4717040072906,10
3.3499999999999996,3.3499999999999996,3.3499999999999996,4544.940852390344,2162.517982601094,2309.9593069414027,10
3.3499999999999996,3.3499999999999996,3.3499999999999996,3108.2600350160023,1478.9341464778913,1579.7684567232673,10
3.3499999999999996,3.3499999999999996,3.3499999999999996,4544.7854710636175,2162.4440509649917,2309.88033461735,10
3.3499999999999996,3.3499999999999996,3.3499999999999996,3660.6095923109806,1741.7463346065733,1860.4992829313699,10
3.3499999999999996,3.3499999999999996,3.3499999999999996,3992.557203421902,1899.6895733907052,2029.2111536918794,10
3.3499999999999996,3.3499999999999996,3.3499999999999996,3712.0973056322423,1766.2445865214863,1886.6678352717217,10
3.3499999999999996,3.3499999999999996,3.3499999999999996,4235.743629362721,2015.3995542906591,2152.810286478913,10
3.3499999999999996,3.3499999999999996,3.3499999999999996,4484.1220246452385,2133.579914328911,2279.048229822944,10
3.3499999999999996,3.3499999999999996,3.3499999999999996,4264.442470412832,2029.0546846578752,2167.3964289910364,10
3.3499999999999996,3.3499999999999996,3.3499999999999996,5369.5073287586,2554.853084620862,2729.043970117376,10
3.3499999999999996,3.3499999999999996,3.3499999999999996,4719.933201761388,2245.7806948393554,2398.898903561365,10
3.3499999999999996,3.3499999999999996,3.3499999999999996,4541.621782823125,2160.938743649978,2308.2723948591142,10
3.3499999999999996,3.3499999999999996,3.3499999999999996,4601.158925394304,2189.2669762110568,2338.5320574284656,10
3.3499999999999996,3.3499999999999996,3.3499999999999996,4785.6658797177715,2277.0568110181716,2432.307437609871,10
3.3499999999999996,3.3499999999999996,3.3499999999999996,4454.067237024879,2119.2796141042986,2263.7729295194686,10
3.3499999999999996,3.3499999999999996,3.3499999999999996,4668.932774010645,2221.5142971648233,2372.978013374452,10
3.3499999999999996,3.3499999999999996,3.3499999999999996,3935.434584720562,1872.5101899472554,2000.1786692236533,10
3.3499999999999996,3.3499999999999996,3.3499999999999996,4172.4959018554755,1985.305796740187,2120.664724733832,10
3.3499999999999996,3.3499999999999996,3.3499999999999996,4257.320889144159,2025.6661812519487,2163.7768960936924,10
3.3499999999999996,3.3499999999999996,3.3499999999999996,4929.704714472046,2345.5916017812247,2505.514957291154,10
3.3499999999999996,3.3499999999999996,3.3499999999999996,5503.620228285973,2568.4014133730807,2788.549700076187,11
3.3499999999999996,3.3499999999999996,3.3499999999999996,3845.6255421007995,1794.6569108950675,1948.4843625139201,11
3.3499999999999996,3.3499999999999996,3.3499999999999996,3871.6656612653805,1806.8091808723768,1961.6782537117788,11
3.3499999999999996,3.3499999999999996,3.3499999999999996,4140.408850664714,1932.2248816033493,2097.8438518294415,11
3.3499999999999996,3.3499999999999996,3.3499999999999996,3747.9062508302472,1749.0537705251759,1898.9723887473324,11
3.3499999999999996,3.3499999999999996,3.3499999999999996,4269.6580014510655,1992.5422159736975,2163.3312338998853,11
3.3499999999999996,3.3499999999999996,3.3499999999999996,4548.194579363386,2122.5282452984175,2304.458902339963,11
3.3499999999999996,3.3499999999999996,3.3499999999999996,5327.592908420235,2486.253881678976,2699.360964361097,11
3.3499999999999996,3.3499999999999996,3.3499999999999996,5498.264894076549,2565.902213322562,2785.8362832734174,11
3.3499999999999996,3.3499999999999996,3.3499999999999996,4085.7705247133995,1906.726546366399,2070.1599490301287,11
3.3499999999999996,3.3499999999999996,3.3499999999999996,3541.222249168337,1652.5995349546051,1794.2506625128967,11
3.3499999999999996,3.3499999999999996,3.3499999999999996,4035.865652129737,1883.4371950010336,2044.8743712280327,11
3.3499999999999996,3.3499999999999996,3.3499999999999996,3774.8267072220115,1761.61687178894,1912.6123252769914,11
3.3499999999999996,3.3499999999999996,3.3499999999999996,4012.2925201571115,1872.4362060220076,2032.9304420749504,11
3.3499999999999996,3.3499999999999996,3.3499999999999996,4615.326758412988,2153.8571481663234,2338.4731347886527,11
3.3499999999999996,3.3499999999999996,3.3499999999999996,3694.49517175929,1724.1281606019868,1871.9103019124545,11
3.3499999999999996,3.3499999999999996,3.3499999999999996,4362.193729095552,2035.7263173126855,2210.216822815188,11
3.3499999999999996,3.3499999999999996,3.3499999999999996,3942.6922260465485,1839.955495807665,1997.6656761178574,11
3.3499999999999996,3.3499999999999996,3.3499999999999996,3251.6890151039534,1517.4816422323745,1647.5512574807706,11
3.3499999999999996,3.3499999999999996,3.3499999999999996,3719.4436896172533,1735.7710076499404,1884.5511054389426,11
3.3499999999999996,3.3499999999999996,3.3499999999999996,4881.346733810852,2278.0019932785985,2473.258947006843,11
3.3499999999999996,3.3499999999999996,3.3499999999999996,4268.092518875983,1991.811644551311,2162.538042185314,11
3.3499999999999996,3.3499999999999996,3.3499999999999996,5283.535617758551,2465.693450015598,2677.038213232778,11
3.3499999999999996,3.3499999999999996,3.3499999999999996,4516.8744081974655,2107.9119075874323,2288.5897379920693,11
3.3499999999999996,3.3499999999999996,3.3499999999999996,4028.767011553979,1880.1244376283323,2041.2776637468846,11
3.3499999999999996,3.3499999999999996,3.3499999999999996,4037.2687892543363,1884.0920038767363,2045.5853064753198,11
3.3499999999999996,3.3499999999999996,3.3499999999999996,3567.1938513140635,1664.7198297590705,1807.4098378138635,11
3.3499999999999996,3.3499999999999996,3.3499999999999996,4825.375693783133,2251.881713834839,2444.899790595563,11
3.3499999999999996,3.3499999999999996,3.3499999999999996,5062.499681272494,2362.541526712591,2565.044712804386,11
3.3499999999999996,3.3499999999999996,3.3499999999999996,3854.006096290665,1798.5679051739744,1952.7305842558408,11
3.3499999999999996,3.3499999999999996,3.3499999999999996,3678.2868438849823,1716.5641408306315,1863.6979387845734,11
3.3499999999999996,3.3499999999999996,3.3499999999999996,4366.751477079084,2037.8533038919081,2212.526122193656,11
3.3499999999999996,3.3499999999999996,3.3499999999999996,4331.6976328846185,2021.4945546979673,2194.76519708247,11
3.3499999999999996,3.3499999999999996,3.3499999999999996,3525.043021695167,1645.0490956100075,1786.0530438462058,11
3.3499999999999996,3.3499999999999996,3.3499999999999996,4057.2441193878217,1893.4139890463812,2055.7063174721125,11
3.3499999999999996,3.3499999999999996,3.3499999999999996,3706.1326136989687,1729.5590626421201,1877.8067089835238,11
3.3499999999999996,3.3499999999999996,3.3499999999999996,3032.6376536141265,1415.255870265004,1536.563292641857,11
3.3499999999999996,3.3499999999999996,3.3499999999999996,3348.6717178423314,1562.7410352235163,1696.690019861893,11
3.3499999999999996,3.3499999999999996,3.3499999999999996,3286.990561767714,1533.955987951119,1665.4376873720485,11
3.3499999999999996,3.3499999999999996,3.3499999999999996,4315.746656725796,2014.0506345124063,2186.6832277716153,11
3.3499999999999996,3.3499999999999996,3.3499999999999996,4544.940852390344,2121.0098125923705,2302.810318499062,11
3.3499999999999996,3.3499999999999996,3.3499999999999996,3108.2600350160023,1450.546937456918,1574.8793028733483,11
3.3499999999999996,3.3499999999999996,3.3499999999999996,4544.7854710636175,2120.9373000274363,2302.7315905828787,11
3.3499999999999996,3.3499999999999996,3.3499999999999996,3660.6095923109806,1708.3146112402956,1854.7413079615549,11
3.3499999999999996,3.3499999999999996,3.3499999999999996,3992.557203421902,1863.226229080728,2022.9310399941098,11
3.3499999999999996,3.3499999999999996,3.3499999999999996,3712.0973056322423,1732.3426346467834,1880.8288724344268,11
3.3499999999999996,3.3499999999999996,3.3499999999999996,4235.743629362721,1976.7152298096296,2146.1476514228143,11
3.3499999999999996,3.3499999999999996,3.3499999999999996,4484.1220246452385,2092.627192305929,2271.9949066732333,11
3.3499999999999996,3.3499999999999996,3.3499999999999996,4264.442470412832,1990.1082585539532,2160.688651943075,11
3.3499999999999996,3.3499999999999996,3.3499999999999996,5369.5073287586,2505.814289550959,2720.5979755310736,11
3.3499999999999996,3.3499999999999996,3.3499999999999996,4719.933201761388,2202.6743495355454,2391.474659989468,11
3.3499999999999996,3.3499999999999996,3.3499999999999996,4541.621782823125,2119.460886137795,2301.1286271645777,11
3.3499999999999996,3.3499999999999996,3.3499999999999996,4601.158925394304,2147.2453761253314,2331.2946404746863,11
3.3499999999999996,3.3499999999999996,3.3499999999999996,4785.6658797177715,2233.350140372326,2424.7797994790008,11
3.3499999999999996,3.3499999999999996,3.3499999999999996,4454.067237024879,2078.601377333081,2256.7668812048564,11
3.3499999999999996,3.3499999999999996,3.3499999999999996,4668.932774010645,2178.873730073393,2365.6339911916525,11
3.3499999999999996,3.3499999999999996,3.3499999999999996,3935.434584720562,1836.5685367759322,1993.988406847201,11
3.3499999999999996,3.3499999999999996,3.3499999999999996,4172.4959018554755,1947.199102972361,2114.1015755209246,11
3.3499999999999996,3.3499999999999996,3.3499999999999996,4257.320889144159,1986.784795335706,2157.0803209741684,11
3.3499999999999996,3.3499999999999996,3.3499999999999996,4929.704714472046,2300.569449012505,2497.7607525231474,11
3.3499999999999996,3.3499999999999996,3.3499999999999996,5503.620228285973,2563.3665556490887,2787.65699737734,12
3.3499999999999996,3.3499999999999996,3.3499999999999996,3845.6255421007995,1791.13883067494,1947.8605912219718,12
3.3499999999999996,3.3499999999999996,3.3499999999999996,3871.6656612653805,1803.2672784607335,1961.0502586391756,12
3.3499999999999996,3.3499999999999996,3.3499999999999996,4140.408850664714,1928.4371257957969,2097.172265854755,12
3.3499999999999996,3.3499999999999996,3.3499999999999996,3747.9062508302472,1745.625086503919,1898.3644677995992,12
3.3499999999999996,3.3499999999999996,3.3499999999999996,4269.6580014510655,1988.6362196157138,2162.638683348984,12
3.3499999999999996,3.3499999999999996,3.3499999999999996,4548.194579363386,2118.367436293023,2303.7211723717846,12
3.3499999999999996,3.3499999999999996,3.3499999999999996,5327.592908420235,2481.380058414903,2698.4968137892133,12
3.3499999999999996,3.3499999999999996,3.3499999999999996,5498.264894076549,2560.872254800312,2784.9444492248595,12
3.3499999999999996,3.3499999999999996,3.3499999999999996,4085.7705247133995,1902.988775148268,2069.4972255457687,12
3.3499999999999996,3.3499999999999996,3.3499999999999996,3541.222249168337,1649.3599309386955,1793.6762662922413,12
3.3499999999999996,3.3499999999999996,3.3499999999999996,4035.865652129737,1879.7450780836666,2044.2197424545352,12
3.3499999999999996,3.3499999999999996,3.3499999999999996,3774.8267072220115,1758.1635602203278,1912.0000377554252,12
3.3499999999999996,3.3499999999999996,3.3499999999999996,4012.2925201571115,1868.7656544308563,2032.2796369298383,12
3.3499999999999996,3.3499999999999996,3.3499999999999996,4615.326758412988,2149.634924863394,2337.7245157919924,12
3.3499999999999996,3.3499999999999996,3.3499999999999996,3694.49517175929,1720.7483384521624,1871.3110443921487,12
3.3499999999999996,3.3499999999999996,3.3499999999999996,4362.193729095552,2031.7356668172886,2209.509262708689,12
3.3499999999999996,3.3499999999999996,3.3499999999999996,3942.6922260465485,1836.3486164111528,1997.0261603364402,12
3.3499999999999996,3.3499999999999996,3.3499999999999996,3251.6890151039534,1514.5069108965217,1647.0238243659867,12
3.3499999999999996,3.3499999999999996,3.3499999999999996,3719.4436896172533,1732.368361934421,1883.9478011987874,12
3.3499999999999996,3.3499999999999996,3.3499999999999996,4881.346733810852,2273.5364078481402,2472.46717882108,12
3.3499999999999996,3.3499999999999996,3.3499999999999996,4268.092518875983,1987.907080338299,2161.845745560095,12
3.3499999999999996,3.3499999999999996,3.3499999999999996,5283.535617758551,2460.8599315292868,2676.1812088775027,12
3.3499999999999996,3.3499999999999996,3.3499999999999996,4516.8744081974655,2103.7797511051353,2287.8570882438485,12
3.3499999999999996,3.3499999999999996,3.3499999999999996,4028.767011553979,1876.438814735598,2040.624186392877,12
3.3499999999999996,3.3499999999999996,3.3499999999999996,4037.2687892543363,1880.3986033323206,2044.9304501090292,12
3.3499999999999996,3.3499999999999996,3.3499999999999996,3567.1938513140635,1661.4564662328305,1806.8312289262058,12
3.3499999999999996,3.3499999999999996,3.3499999999999996,4825.375693783133,2247.4673321959785,2444.1171010701028,12
3.3499999999999996,3.3499999999999996,3.3499999999999996,5062.499681272494,2357.9102177621735,2564.22356110043,12
3.3499999999999996,3.3499999999999996,3.3499999999999996,3854.006096290665,1795.0421582006475,1952.1054536144043,12
3.3499999999999996,3.3499999999999996,3.3499999999999996,3678.2868438849823,1713.1991464889416,1863.1013103006903,12
3.3499999999999996,3.3499999999999996,3.3499999999999996,4366.751477079084,2033.8584838477984,2211.8178228075994,12
3.3499999999999996,3.3499999999999996,3.3499999999999996,4331.6976328846185,2017.5318028400472,2194.062583528651,12
3.3499999999999996,3.3499999999999996,3.3499999999999996,3525.043021695167,1641.8242927804138,1785.4812719418067,12
3.3499999999999996,3.3499999999999996,3.3499999999999996,4057.2441193878217,1889.7023145402748,2055.048221051025,12
3.3499999999999996,3.3499999999999996,3.3499999999999996,3706.1326136989687,1726.16859425182,1877.2055638373654,12
3.3499999999999996,3.3499999999999996,3.3499999999999996,3032.6376536141265,1412.4815329232133,1536.0713902747405,12
3.3499999999999996,3.3499999999999996,3.3499999999999996,3348.6717178423314,1559.677581539514,1696.146855879628,12
3.3499999999999996,3.3499999999999996,3.3499999999999996,3286.990561767714,1530.9489618242892,1664.9045282469888,12
3.3499999999999996,3.3499999999999996,3.3499999999999996,4315.746656725796,2010.1024750304473,2185.9832015110464,12
3.3499999999999996,3.3499999999999996,3.3499999999999996,4544.940852390344,2116.8519801826897,2302.073116294561,12
3.3499999999999996,3.3499999999999996,3.3499999999999996,3108.2600350160023,1447.703418755347,1574.3751343430204,12
3.3499999999999996,3.3499999999999996,3.3499999999999996,4544.7854710636175,2116.7796097647133,2301.9944135816663,12
3.3499999999999996,3.3499999999999996,3.3499999999999996,3660.6095923109806,1704.9657885170923,1854.1475467776552,12
3.3499999999999996,3.3499999999999996,3.3499999999999996,3992.557203421902,1859.5737318806462,2022.2834359729463,12
3.3499999999999996,3.3499999999999996,3.3499999999999996,3712.0973056322423,1728.9467095981374,1880.2267597984408,12
3.3499999999999996,3.3499999999999996,3.3499999999999996,4235.743629362721,1972.8402592185378,2145.460601878566,12
3.3499999999999996,3.3499999999999996,3.3499999999999996,4484.1220246452385,2088.524998572598,2271.2675694538534,12
3.3499999999999996,3.3499999999999996,3.3499999999999996,4264.442470412832,1986.2070335020633,2159.9969473659944,12
3.3499999999999996,3.3499999999999996,3.3499999999999996,5369.5073287586,2500.9021218637185,2719.7270263221817,12
3.3499999999999996,3.3499999999999996,3.3499999999999996,4719.933201761388,2198.3564294843986,2390.709073533132,12
3.3499999999999996,3.3499999999999996,3.3499999999999996,4541.621782823125,2115.306090100966,2300.3919633225064,12
3.3499999999999996,3.3499999999999996,3.3499999999999996,4601.158925394304,2143.036113931735,2330.548319540437,12
3.3499999999999996,3.3499999999999996,3.3499999999999996,4785.6658797177715,2228.972086324355,2424.0035509972017,12
3.3499999999999996,3.3499999999999996,3.3499999999999996,4454.067237024879,2074.5266785164263,2256.0444189566615,12
3.3499999999999996,3.3499999999999996,3.3499999999999996,4668.932774010645,2174.6024665659274,2364.876677148312,12
3.3499999999999996,3.3499999999999996,3.3499999999999996,3935.434584720562,1832.9682968621555,1993.3500682756444,12
3.3499999999999996,3.3499999999999996,3.3499999999999996,4172.4959018554755,1943.381993079529,2113.4247849361795,12
3.3499999999999996,3.3499999999999996,3.3499999999999996,4257.320889144159,1982.890085295203,2156.389771537624,12
3.3499999999999996,3.3499999999999996,3.3499999999999996,4929.704714472046,2296.0596244190324,2496.961140536748,12
3.3499999999999996,3.3499999999999996,3.3499999999999996,5503.620228285973,2562.8629863457413,2787.5674578548646,13
3.3499999999999996,3.3499999999999996,3.3499999999999996,3845.6255421007995,1790.786964286119,1947.7980259539531,13
3.3499999999999996,3.3499999999999996,3.3499999999999996,3871.6656612653805,1802.913029457538,1960.9872697191347,13
3.3499999999999996,3.3499999999999996,3.3499999999999996,4140.408850664714,1928.0582873741728,2097.1049046968333,13
3.3499999999999996,3.3499999999999996,3.3499999999999996,3747.9062508302472,1745.282161218115,1898.3034923467046,13
3.3499999999999996,3.3499999999999996,3.3499999999999996,4269.6580014510655,1988.2455551773737,2162.5692194102085,13
3.3499999999999996,3.3499999999999996,3.3499999999999996,4548.194579363386,2117.951286362465,2303.6471768644883,13
3.3499999999999996,3.3499999999999996,3.3499999999999996,5327.592908420235,2480.8925952291943,2698.410138091186,13
3.3499999999999996,3.3499999999999996,3.3499999999999996,5498.264894076549,2560.3691754984193,2784.854996829411,13
3.3499999999999996,3.3499999999999996,3.3499999999999996,4085.7705247133995,1902.6149360148568,2069.430753309941,13
3.3499999999999996,3.3499999999999996,3.3499999999999996,3541.222249168337,1649.0359167903634,1793.6186534236172,13
3.3499999999999996,3.3499999999999996,3.3499999999999996,4035.865652129737,1879.3758051377608,2044.1540821312794,13
3.3499999999999996,3.3499999999999996,3.3499999999999996,3774.8267072220115,1757.8181717712043,1911.9386243281228,13
3.3499999999999996,3.3499999999999996,3.3499999999999996,4012.2925201571115,1868.3985383753522,2032.2143601226853,13
3.3499999999999996,3.3499999999999996,3.3499999999999996,4615.326758412988,2149.2126324841875,2337.6494280975526,13
3.3499999999999996,3.3499999999999996,3.3499999999999996,3694.49517175929,1720.410300164146,1871.2509378950167,13
3.3499999999999996,3.3499999999999996,3.3499999999999996,4362.193729095552,2031.3365355607502,2209.4382932872454,13
3.3499999999999996,3.3499999999999996,3.3499999999999996,3942.6922260465485,1835.9878686314678,1996.9620158706991,13
3.3499999999999996,3.3499999999999996,3.3499999999999996,3251.6890151039534,1514.209388410573,1646.97092197273,13
3.3499999999999996,3.3499999999999996,3.3499999999999996,3719.4436896172533,1732.0280409111801,1883.8872888091187,13
3.3499999999999996,3.3499999999999996,3.3499999999999996,4881.346733810852,2273.0897752186743,2472.3877631932837,13
3.3499999999999996,3.3499999999999996,3.3499999999999996,4268.092518875983,1987.5165591382158,2161.7763070904753,13
3.3499999999999996,3.3499999999999996,3.3499999999999996,5283.535617758551,2460.376499490032,2676.0952499565424,13
3.3499999999999996,3.3499999999999996,3.3499999999999996,4516.8744081974655,2103.366466902248,2287.783602290819,13
3.3499999999999996,3.3499999999999996,3.3499999999999996,4028.767011553979,1876.0701912998948,2040.5586415588562,13
3.3499999999999996,3.3499999999999996,3.3499999999999996,4037.2687892543363,1880.029202002414,2044.8647669578486,13
3.3499999999999996,3.3499999999999996,3.3499999999999996,3567.1938513140635,1661.1300757392826,1806.7731935202778,13
3.3499999999999996,3.3499999999999996,3.3499999999999996,4825.375693783133,2247.0258207951706,2444.038596046597,13
3.3499999999999996,3.3499999999999996,3.3499999999999996,5062.499681272494,2357.4470100312706,2564.1411982583027,13
3.3499999999999996,3.3499999999999996,3.3499999999999996,3854.006096290665,1794.6895250093107,1952.0427520014355,13
3.3499999999999996,3.3499999999999996,3.3499999999999996,3678.2868438849823,1712.8625912277398,1863.0414675001575,13
3.3499999999999996,3.3499999999999996,3.3499999999999996,4366.751477079084,2033.4589355672135,2211.746779235222,13
3.3499999999999996,3.3499999999999996,3.3499999999999996,4331.6976328846185,2017.1354619101096,2193.9921102544304,13
3.3499999999999996,3.3499999999999996,3.3499999999999996,3525.043021695167,1641.5017589962727,1785.4239222963415,13
3.3499999999999996,3.3499999999999996,3.3499999999999996,4057.2441193878217,1889.3310855110244,2054.9822129171157,13
3.3499999999999996,3.3499999999999996,3.3499999999999996,3706.1326136989687,1725.8294911631292,1877.1452680083116,13
3.3499999999999996,3.3499999999999996,3.3499999999999996,3032.6376536141265,1412.204053161313,1536.0220516728598,13
3.3499999999999996,3.3499999999999996,3.3499999999999996,3348.6717178423314,1559.3711853467998,1696.0923756549569,13
3.3499999999999996,3.3499999999999996,3.3499999999999996,3286.990561767714,1530.6482093234551,1664.851051525654,13
3.3499999999999996,3.3499999999999996,3.3499999999999996,4315.746656725796,2009.707593580201,2185.912987746517,13
3.3499999999999996,3.3499999999999996,3.3499999999999996,4544.940852390344,2116.4361279610866,2301.9991737228133,13
3.3499999999999996,3.3499999999999996,3.3499999999999996,3108.2600350160023,1447.4190197097132,1574.324565425159,13
3.3499999999999996,3.3499999999999996,3.3499999999999996,4544.7854710636175,2116.363771760164,2301.9204735378494,13
3.3499999999999996,3.3499999999999996,3.3499999999999996,3660.6095923109806,1704.6308506860348,1854.0879915719422,13
3.3499999999999996,3.3499999999999996,3.3499999999999996,3992.557203421902,1859.2084215637808,2022.2184802436955,13
3.3499999999999996,3.3499999999999996,3.3499999999999996,3712.0973056322423,1728.607060753083,1880.166366928595,13
3.3499999999999996,3.3499999999999996,3.3499999999999996,4235.743629362721,1972.4526978716203,2145.3916896996425,13
3.3499999999999996,3.3499999999999996,3.3499999999999996,4484.1220246452385,2088.1147111417054,2271.194616356047,13
3.3499999999999996,3.3499999999999996,3.3499999999999996,4264.442470412832,1985.816846273491,2159.9275682797593,13
3.3499999999999996,3.3499999999999996,3.3499999999999996,5369.5073287586,2500.4108235995386,2719.639668709883,13
3.3499999999999996,3.3499999999999996,3.3499999999999996,4719.933201761388,2197.9245658427103,2390.6322839750833,13
3.3499999999999996,3.3499999999999996,3.3499999999999996,4541.621782823125,2114.890541567023,2300.3180747493807,13
3.3499999999999996,3.3499999999999996,3.3499999999999996,4601.158925394304,2142.615117878493,2330.473462345369,13
3.3499999999999996,3.3499999999999996,3.3499999999999996,4785.6658797177715,2228.53420828533,2423.925692020779,13
3.3499999999999996,3.3499999999999996,3.3499999999999996,4454.067237024879,2074.1191410333563,2255.9719548263374,13
3.3499999999999996,3.3499999999999996,3.3499999999999996,4668.932774010645,2174.175269352664,2364.8007173266474,13
3.3499999999999996,3.3499999999999996,3.3499999999999996,3935.434584720562,1832.6082131408966,1993.286041885953,13
3.3499999999999996,3.3499999999999996,3.3499999999999996,4172.4959018554755,1943.0002187623772,2113.356901747463,13
3.3499999999999996,3.3499999999999996,3.3499999999999996,4257.320889144159,1982.500549675857,2156.32050831385,13
3.3499999999999996,3.3499999999999996,3.3499999999999996,4929.704714472046,2295.608567139314,2496.8809381630795,13
3.3499999999999996,3.3499999999999996,3.3499999999999996,5503.620228285973,2562.8126285815197,2787.5585012111565,14
3.3499999999999996,3.3499999999999996,3.3499999999999996,3845.6255421007995,1790.7517770645627,1947.7917675465067,14
3.3499999999999996,3.3499999999999996,3.3499999999999996,3871.6656612653805,1802.8776039705988,1960.980968933752,14
3.3499999999999996,3.3499999999999996,3.3499999999999996,4140.408850664714,1928.020402904672,2097.0981665562376,14
3.3499999999999996,3.3499999999999996,3.3499999999999996,3747.9062508302472,1745.2478681216667,1898.2973929685588,14
3.3499999999999996,3.3499999999999996,3.3499999999999996,4269.6580014510655,1988.2064880866178,2162.5622709283202,14
3.3499999999999996,3.3499999999999996,3.3499999999999996,4548.194579363386,2117.9096706802843,2303.6397750895335,14
3.3499999999999996,3.3499999999999996,3.3499999999999996,5327.592908420235,2480.8438481034077,2698.401467916006,14
3.3499999999999996,3.3499999999999996,3.3499999999999996,5498.264894076549,2560.3188667351546,2784.8460489010245,14
3.3499999999999996,3.3499999999999996,3.3499999999999996,4085.7705247133995,1902.5775514824559,2069.4241040882744,14
3.3499999999999996,3.3499999999999996,3.3499999999999996,3541.222249168337,1649.0035148389782,1793.6128904049745,14
3.3499999999999996,3.3499999999999996,3.3499999999999996,4035.865652129737,1879.3388772316716,2044.1475141252758,14
3.3499999999999996,3.3499999999999996,3.3499999999999996,3774.8267072220115,1757.7836323543452,1911.9324811393712,14
3.3499999999999996,3.3499999999999996,3.3499999999999996,4012.2925201571115,1868.3618261618751,2032.2078304798206,14
3.3499999999999996,3.3499999999999996,3.3499999999999996,4615.326758412988,2149.1704025469703,2337.6419170710533,14
3.3499999999999996,3.3499999999999996,3.3499999999999996,3694.49517175929,1720.376495775569,1871.2449254385679,14
3.3499999999999996,3.3499999999999996,3.3499999999999996,4362.193729095552,2031.296621774154,2209.4311942118375,14
3.3499999999999996,3.3499999999999996,3.3499999999999996,3942.6922260465485,1835.9517932561182,1996.9555994960117,14
3.3499999999999996,3.3499999999999996,3.3499999999999996,3251.6890151039534,1514.1796356692948,1646.9656301432158,14
3.3499999999999996,3.3499999999999996,3.3499999999999996,3719.4436896172533,1731.9940082453006,1883.8812357512152,14
3.3499999999999996,3.3499999999999996,3.3499999999999996,4881.346733810852,2273.045111216125,2472.3798192433565,14
3.3499999999999996,3.3499999999999996,3.3499999999999996,4268.092518875983,1987.4775063715228,2161.7693611562686,14
3.3499999999999996,3.3499999999999996,3.3499999999999996,5283.535617758551,2460.3281554855657,2676.0866514806153,14
3.3499999999999996,3.3499999999999996,3.3499999999999996,4516.8744081974655,2103.32513779758,2287.776251486608,14
3.3499999999999996,3.3499999999999996,3.3499999999999996,4028.767011553979,1876.0333283459015,2040.5520851052472,14
3.3499999999999996,3.3499999999999996,3.3499999999999996,4037.2687892543363,1879.9922612577122,2044.8581966683662,14
3.3499999999999996,3.3499999999999996,3.3499999999999996,3567.1938513140635,1661.0974361494407,1806.7673882352037,14
3.3499999999999996,3.3499999999999996,3.3499999999999996,4825.375693783133,2246.981668923968,2444.0307431844712,14
3.3499999999999996,3.3499999999999996,3.3499999999999996,5062.499681272494,2357.4006884911305,2564.1329594983517,14
3.3499999999999996,3.3499999999999996,3.3499999999999996,3854.006096290665,1794.6542611062334,1952.0364799553963,14
3.3499999999999996,3.3499999999999996,3.3499999999999996,3678.2868438849823,1712.8289351443002,1863.0354814212951,14
3.3499999999999996,3.3499999999999996,3.3499999999999996,4366.751477079084,2033.418980077522,2211.739672742491,14
3.3499999999999996,3.3499999999999996,3.3499999999999996,4331.6976328846185,2017.0958271607942,2193.985060808658,14
3.3499999999999996,3.3499999999999996,3.3499999999999996,3525.043021695167,1641.4695050837581,1785.4181856079267,14
3.3499999999999996,3.3499999999999996,3.3499999999999996,4057.2441193878217,1889.2939619933618,2054.9756101195917,14
3.3499999999999996,3.3499999999999996,3.3499999999999996,3706.1326136989687,1725.7955802927215,1877.1392366129794,14
3.3499999999999996,3.3499999999999996,3.3499999999999996,3032.6376536141265,1412.1763047256295,1536.0171163296068,14
3.3499999999999996,3.3499999999999996,3.3499999999999996,3348.6717178423314,1559.3405452201507,1696.0869259948727,14
3.3499999999999996,3.3499999999999996,3.3499999999999996,3286.990561767714,1530.61813357534,1664.8457022460682,14
3.3499999999999996,3.3499999999999996,3.3499999999999996,4315.746656725796,2009.6681047812715,2185.905964259515,14
3.3499999999999996,3.3499999999999996,3.3499999999999996,4544.940852390344,2116.3945420502946,2301.9917772430053,14
3.3499999999999996,3.3499999999999996,3.3499999999999996,3108.2600350160023,1447.3905793341985,1574.3195070133265,14
3.3499999999999996,3.3499999999999996,3.3499999999999996,4544.7854710636175,2116.3221872711015,2301.91307731091,14
3.3499999999999996,3.3499999999999996,3.3499999999999996,3660.6095923109806,1704.5973563482878,1854.0820342612058,14
3.3499999999999996,3.3499999999999996,3.3499999999999996,3992.557203421902,1859.1718899271577,2022.2119827182712,14
3.3499999999999996,3.3499999999999996,3.3499999999999996,3712.0973056322423,1728.5730953061354,1880.1603258262664,14
3.3499999999999996,3.3499999999999996,3.3499999999999996,4235.743629362721,1972.4139410951454,2145.3847964103247,14
3.3499999999999996,3.3499999999999996,3.3499999999999996,4484.1220246452385,2088.0736817191996,2271.1873188533746,14
3.3499999999999996,3.3499999999999996,3.3499999999999996,4264.442470412832,1985.777826904502,2159.9206282856762,14
3.3499999999999996,3.3499999999999996,3.3499999999999996,5369.5073287586,2500.361692959554,2719.630930322778,14
3.3499999999999996,3.3499999999999996,3.3499999999999996,4719.933201761388,2197.881378763396,2390.624602711067,14
3.3499999999999996,3.3499999999999996,3.3499999999999996,4541.621782823125,2114.8489860255,2300.310683671058,14
3.3499999999999996,3.3499999999999996,3.3499999999999996,4601.158925394304,2142.5730175760195,2330.465974375736,14
3.3499999999999996,3.3499999999999996,3.3499999999999996,4785.6658797177715,2228.4904197563224,2423.91790378278,14
3.3499999999999996,3.3499999999999996,3.3499999999999996,4454.067237024879,2074.0783866101865,2255.9647062351123,14
3.3499999999999996,3.3499999999999996,3.3499999999999996,4668.932774010645,2174.1325489239193,2364.793119061211,14
3.3499999999999996,3.3499999999999996,3.3499999999999996,3935.434584720562,1832.5722041724891,1993.2796373224198,14
3.3499999999999996,3.3499999999999996,3.3499999999999996,4172.4959018554755,1942.9620406984618,2113.3501113880966,14
3.3499999999999996,3.3499999999999996,3.3499999999999996,4257.320889144159,1982.4615954688697,2156.3135799094953,14
3.3499999999999996,3.3499999999999996,3.3499999999999996,4929.704714472046,2295.5634606644126,2496.872915514916,14
3.3499999999999996,3.3499999999999996,3.3499999999999996,5503.620228285973,2562.8075927967598,2787.5576055198717,15
3.3499999999999996,3.3499999999999996,3.3499999999999996,3845.6255421007995,1790.7482583365809,1947.7911416869567,15
3.3499999999999996,3.3499999999999996,3.3499999999999996,3871.6656612653805,1802.8740614160395,1960.9803388362807,15
3.3499999999999996,3.3499999999999996,3.3499999999999996,4140.408850664714,1928.0166144514492,2097.0974927219304,15
3.3499999999999996,3.3499999999999996,3.3499999999999996,3747.9062508302472,1745.2444388063436,1898.2967830124167,15
3.3499999999999996,3.3499999999999996,3.3499999999999996,4269.6580014510655,1988.2025813710736,2162.561576059252,15
3.3499999999999996,3.3499999999999996,3.3499999999999996,4548.194579363386,2117.905509105176,2303.6390348897967,15
3.3499999999999996,3.3499999999999996,3.3499999999999996,5327.592908420235,2480.8389733827576,2698.400600872436,15
3.3499999999999996,3.3499999999999996,3.3499999999999996,5498.264894076549,2560.313835850498,2784.8451540812985,15
3.3499999999999996,3.3499999999999996,3.3499999999999996,4085.7705247133995,1902.5738130230257,2069.4234391461273,15
3.3499999999999996,3.3499999999999996,3.3499999999999996,3541.222249168337,1649.0002746384746,1793.6123140857933,15
3.3499999999999996,3.3499999999999996,3.3499999999999996,4035.865652129737,1879.3351844349484,2044.1468573049397,15
3.3499999999999996,3.3499999999999996,3.3499999999999996,3774.8267072220115,1757.7801784069404,1911.9318668020371,15
3.3499999999999996,3.3499999999999996,3.3499999999999996,4012.2925201571115,1868.3581549344487,2032.207177495913,15
3.3499999999999996,3.3499999999999996,3.3499999999999996,4615.326758412988,2149.1661795462564,2337.6411659458345,15
3.3499999999999996,3.3499999999999996,3.3499999999999996,3694.49517175929,1720.3731153311141,1871.244324174856,15
3.3499999999999996,3.3499999999999996,3.3499999999999996,4362.193729095552,2031.2926303888855,2209.430484282965,15
3.3499999999999996,3.3499999999999996,3.3499999999999996,3942.6922260465485,1835.94818571261,1996.9549578392625,15
3.3499999999999996,3.3499999999999996,3.3499999999999996,3251.6890151039534,1514.1766603902408,1646.9651009443635,15
3.3499999999999996,3.3499999999999996,3.3499999999999996,3719.4436896172533,1731.9906049730778,1883.8806304272364,15
3.3499999999999996,3.3499999999999996,3.3499999999999996,4881.346733810852,2273.040644808475,2472.3790248244927,15
3.3499999999999996,3.3499999999999996,3.3499999999999996,4268.092518875983,1987.4736010883876,2161.768666541976,15
3.3499999999999996,3.3499999999999996,3.3499999999999996,5283.535617758551,2460.323321077115,2676.0857916071845,15
3.3499999999999996,3.3499999999999996,3.3499999999999996,4516.8744081974655,2103.32100488027,2287.775516384099,15
3.3499999999999996,3.3499999999999996,3.3499999999999996,4028.767011553979,1876.0296420443988,2040.5514294401855,15
3.3499999999999996,3.3499999999999996,3.3499999999999996,4037.2687892543363,1879.9885671771256,2044.8575396196748,15
3.3499999999999996,3.3499999999999996,3.3499999999999996,3567.1938513140635,1661.0941721850522,1806.7668076892517,15
3.3499999999999996,3.3499999999999996,3.3499999999999996,4825.375693783133,2246.977253729537,2444.0299578746617,15
3.3499999999999996,3.3499999999999996,3.3499999999999996,5062.499681272494,2357.3960563294468,2564.1321355976,15
3.3499999999999996,3.3499999999999996,3.3499999999999996,3854.006096290665,1794.6507347100867,1952.0358527319456,15
3.3499999999999996,3.3499999999999996,3.3499999999999996,3678.2868438849823,1712.8255695303835,1863.034882795421,15
3.3499999999999996,3.3499999999999996,3.3499999999999996,4366.751477079084,2033.4149845219374,2211.738962071864,15
3.3499999999999996,3.3499999999999996,3.3499999999999996,4331.6976328846185,2017.0918636793,2193.984355842898,15
3.3499999999999996,3.3499999999999996,3.3499999999999996,3525.043021695167,1641.4662796871662,1785.4176119218475,15
3.3499999999999996,3.3499999999999996,3.3499999999999996,4057.2441193878217,1889.2902496354486,2054.974949819999,15
3.3499999999999996,3.3499999999999996,3.3499999999999996,3706.1326136989687,1725.792189200066,1877.1386334553224,15
3.3499999999999996,3.3499999999999996,3.3499999999999996,3032.6376536141265,1412.1735298774668,1536.0166227804516,15
3.3499999999999996,3.3499999999999996,3.3499999999999996,3348.6717178423314,1559.3374812024126,1696.0863810124893,15
3.3499999999999996,3.3499999999999996,3.3499999999999996,3286.990561767714,1530.6151259955486,1664.8451673020354,15
3.3499999999999996,3.3499999999999996,3.3499999999999996,4315.746656725796,2009.6641558948402,2185.905261889709,15
3.3499999999999996,3.3499999999999996,3.3499999999999996,4544.940852390344,2116.39038345233,2301.9910375727995,15
3.3499999999999996,3.3499999999999996,3.3499999999999996,3108.2600350160023,1447.387735291938,1574.319001156943,15
3.3499999999999996,3.3499999999999996,3.3499999999999996,4544.7854710636175,2116.31802881531,2301.9123376659913,15
3.3499999999999996,3.3499999999999996,3.3499999999999996,3660.6095923109806,1704.5940069089672,1854.0814385122312,15
3.3499999999999996,3.3499999999999996,3.3499999999999996,3992.557203421902,1859.1682367574467,2022.2113329462052,15
3.3499999999999996,3.3499999999999996,3.3499999999999996,3712.0973056322423,1728.5696987558167,1880.1597216978807,15
3.3499999999999996,3.3499999999999996,3.3499999999999996,4235.743629362721,1972.410065411081,2145.3841070606795,15
3.3499999999999996,3.3499999999999996,3.3499999999999996,4484.1220246452385,2088.0695787701557,2271.1865890811796,15
3.3499999999999996,3.3499999999999996,3.3499999999999996,4264.442470412832,1985.7739249611427,2159.919934265414,15
3.3499999999999996,3.3499999999999996,3.3499999999999996,5369.5073287586,2500.356779887421,2719.6300564578096,15
3.3499999999999996,3.3499999999999996,3.3499999999999996,4719.933201761388,2197.8770600483135,2390.6238345615848,15
3.3499999999999996,3.3499999999999996,3.3499999999999996,4541.621782823125,2114.844830464467,2300.3099445410157,15
3.3499999999999996,3.3499999999999996,3.3499999999999996,4601.158925394304,2142.5688075388016,2330.4652255562723,15
3.3499999999999996,3.3499999999999996,3.3499999999999996,4785.6658797177715,2228.4860408961713,2423.9171249355777,15
3.3499999999999996,3.3499999999999996,3.3499999999999996,4454.067237024879,2074.0743111611214,2255.963981354209,15
3.3499999999999996,3.3499999999999996,3.3499999999999996,4668.932774010645,2174.1282768739716,2364.792359211835,15
3.3499999999999996,3.3499999999999996,3.3499999999999996,3935.434584720562,1832.5686032696863,1993.278996846822,15
3.3499999999999996,3.3499999999999996,3.3499999999999996,4172.4959018554755,1942.9582228857491,2113.349432331755,15
3.3499999999999996,3.3499999999999996,3.3499999999999996,4257.320889144159,1982.4577000417212,2156.312887048241,15
3.3499999999999996,3.3499999999999996,3.3499999999999996,4929.704714472046,2295.5589500094543,2496.8721132259934,15
3.3499999999999996,3.3499999999999996,3.3499999999999996,5503.620228285973,3154.6938899113266,2743.7524012259632,16
3.3499999999999996,3.3499999999999996,3.3499999999999996,3845.6255421007995,2204.3256797045747,1917.1824867431067,16
3.3499999999999996,3.3499999999999996,3.3499999999999996,3871.6656612653805,2219.251964843012,1930.1644216373102,16
3.3499999999999996,3.3499999999999996,3.3499999999999996,4140.408850664714,2373.2964777976053,2064.1425561455453,16
3.3499999999999996,3.3499999999999996,3.3499999999999996,3747.9062508302472,2148.312648588566,1868.4659094815286,16
3.3499999999999996,3.3499999999999996,3.3499999999999996,4269.6580014510655,2447.382531949077,2128.5779010852,16
3.3499999999999996,3.3499999999999996,3.3499999999999996,4548.194579363386,2607.0406486084944,2267.4383915944095,16
3.3499999999999996,3.3499999999999996,3.3499999999999996,5327.592908420235,3053.7944296644387,2655.9964584956265,16
3.3499999999999996,3.3499999999999996,3.3499999999999996,5498.264894076549,3151.6241940732903,2741.082574732312,16
3.3499999999999996,3.3499999999999996,3.3499999999999996,4085.7705247133995,2341.977602969049,2036.903387778259,16
3.3499999999999996,3.3499999999999996,3.3499999999999996,3541.222249168337,2029.8406737538646,1765.4265095352375,16
3.3499999999999996,3.3499999999999996,3.3499999999999996,4035.865652129737,2313.371959758541,2012.0240159639463,16
3.3499999999999996,3.3499999999999996,3.3499999999999996,3774.8267072220115,2163.7435460288084,1881.8867241095766,16
3.3499999999999996,3.3499999999999996,3.3499999999999996,4012.2925201571115,2299.8597600944163,2000.2719628113887,16
3.3499999999999996,3.3499999999999996,3.3499999999999996,4615.326758412988,2645.521042654535,2300.906194572566,16
3.3499999999999996,3.3499999999999996,3.3499999999999996,3694.49517175929,2117.6972358584635,1841.8385677729148,16
3.3499999999999996,3.3499999999999996,3.3499999999999996,4362.193729095552,2500.4243267114084,2174.7102856597853,16
3.3499999999999996,3.3499999999999996,3.3499999999999996,3942.6922260465485,2259.9646340757004,1965.5737158083668,16
3.3499999999999996,3.3499999999999996,3.3499999999999996,3251.6890151039534,1863.8792362740767,1621.0837908796152,16
3.3499999999999996,3.3499999999999996,3.3499999999999996,3719.4436896172533,2131.997811404057,1854.2763002000186,16
3.3499999999999996,3.3499999999999996,3.3499999999999996,4881.346733810852,2798.0046000535112,2433.5267090696716,16
3.3499999999999996,3.3499999999999996,3.3499999999999996,4268.092518875983,2446.48519199655,2127.7974517815974,16
3.3499999999999996,3.3499999999999996,3.3499999999999996,5283.535617758551,3028.5406403600573,2634.032316343661,16
3.3499999999999996,3.3499999999999996,3.3499999999999996,4516.8744081974655,2589.0878196505114,2251.824161091795,16
3.3499999999999996,3.3499999999999996,3.3499999999999996,4028.767011553979,2309.302994764204,2008.4850886184374,16
3.3499999999999996,3.3499999999999996,3.3499999999999996,4037.2687892543363,2314.1762427450253,2012.7235302282265,16
3.3499999999999996,3.3499999999999996,3.3499999999999996,3567.1938513140635,2044.7276847033547,1778.3742862340691,16
3.3499999999999996,3.3499999999999996,3.3499999999999996,4825.375693783133,2765.9218089699375,2405.6231348575757,16
3.3499999999999996,3.3499999999999996,3.3499999999999996,5062.499681272494,2901.8420875239444,2523.8379612946155,16
3.3499999999999996,3.3499999999999996,3.3499999999999996,3854.006096290665,2209.1294419556402,1921.3604940779637,16
3.3499999999999996,3.3499999999999996,3.3499999999999996,3678.2868438849823,2108.4065670277973,1833.75813404378,16
3.3499999999999996,3.3499999999999996,3.3499999999999996,4366.751477079084,2503.036843403877,2176.9824867665634,16
3.3499999999999996,3.3499999999999996,3.3499999999999996,4331.6976328846185,2482.943860328875,2159.5068861271056,16
3.3499999999999996,3.3499999999999996,3.3499999999999996,3525.043021695167,2020.5666853724044,1757.3605834015013,16
3.3499999999999996,3.3499999999999996,3.3499999999999996,4057.2441193878217,2325.6261701214094,2022.681949913028,16
3.3499999999999996,3.3499999999999996,3.3499999999999996,3706.1326136989687,2124.3678572782724,1847.6402506546685,16
3.3499999999999996,3.3499999999999996,3.3499999999999996,3032.6376536141265,1738.3182485959849,1511.8788177620013,16
3.3499999999999996,3.3499999999999996,3.3499999999999996,3348.6717178423314,1919.4700523306442,1669.4331522959792,16
3.3499999999999996,3.3499999999999996,3.3499999999999996,3286.990561767714,1884.114203249491,1638.682880098722,16
3.3499999999999996,3.3499999999999996,3.3499999999999996,4315.746656725796,2473.8007063794557,2151.5547514734944,16
3.3499999999999996,3.3499999999999996,3.3499999999999996,4544.940852390344,2605.1756012077767,2265.8162918082835,16
3.3499999999999996,3.3499999999999996,3.3499999999999996,3108.2600350160023,1781.6652555938383,1549.5792916230837,16
3.3499999999999996,3.3499999999999996,3.3499999999999996,4544.7854710636175,2605.0865361012297,2265.7388286348405,16
3.3499999999999996,3.3499999999999996,3.3499999999999996,3660.6095923109806,2098.273906121379,1824.9453890792995,16
3.3499999999999996,3.3499999999999996,3.3499999999999996,3992.557203421902,2288.547409216708,1990.433198428104,16
3.3499999999999996,3.3499999999999996,3.3499999999999996,3712.0973056322423,2127.7868390423832,1850.6138638648213,16
3.3499999999999996,3.3499999999999996,3.3499999999999996,4235.743629362721,2427.942698172501,2111.670368226152,16
3.3499999999999996,3.3499999999999996,3.3499999999999996,4484.1220246452385,2570.314041666848,2235.495921262413,16
3.3499999999999996,3.3499999999999996,3.3499999999999996,4264.442470412832,2444.3929717656915,2125.9777714948127,16
3.3499999999999996,3.3499999999999996,3.3499999999999996,5369.5073287586,3077.819918389301,2676.892302808851,16
3.3499999999999996,3.3499999999999996,3.3499999999999996,4719.933201761388,2705.481812836407,2353.056264565725,16
3.3499999999999996,3.3499999999999996,3.3499999999999996,4541.621782823125,2603.273099209169,2264.1616163915296,16
3.3499999999999996,3.3499999999999996,3.3499999999999996,4601.158925394304,2637.39999243606,2293.8430208336895,16
3.3499999999999996,3.3499999999999996,3.3499999999999996,4785.6658797177715,2743.160008081556,2385.8263659718696,16
3.3499999999999996,3.3499999999999996,3.3499999999999996,4454.067237024879,2553.086534873913,2220.512529916135,16
3.3499999999999996,3.3499999999999996,3.3499999999999996,4668.932774010645,2676.2481936667505,2327.6307191428295,16
3.3499999999999996,3.3499999999999996,3.3499999999999996,3935.434584720562,2255.804529308917,1961.955520876772,16
3.3499999999999996,3.3499999999999996,3.3499999999999996,4172.4959018554755,2391.688885001961,2080.1391038906886,16
3.3499999999999996,3.3499999999999996,3.3499999999999996,4257.320889144159,2440.310857087916,2122.4274073897423,16
3.3499999999999996,3.3499999999999996,3.3499999999999996,4929.704714472046,2825.723559536991,2457.6348996885777,16
3.3499999999999996,3.3499999999999996,3.3499999999999996,5503.620228285973,2632.8777986344335,2782.9813137143524,17
3.3499999999999996,3.3499999999999996,3.3499999999999996,3845.6255421007995,1839.7094442710143,1944.5934819783593,17
3.3499999999999996,3.3499999999999996,3.3499999999999996,3871.6656612653805,1852.1667812198568,1957.7610266191514,17
3.3499999999999996,3.3499999999999996,3.3499999999999996,4140.408850664714,1980.7308804044533,2093.6547190004785,17
3.3499999999999996,3.3499999999999996,3.3499999999999996,3747.9062508302472,1792.9614962272492,1895.180377455329,17
3.3499999999999996,3.3499999999999996,3.3499999999999996,4269.6580014510655,2042.5624031989903,2159.01133092715,17
3.3499999999999996,3.3499999999999996,3.3499999999999996,4548.194579363386,2175.8115631471787,2299.857184994618,17
3.3499999999999996,3.3499999999999996,3.3499999999999996,5327.592908420235,2548.668059734633,2693.970676793619,17
3.3499999999999996,3.3499999999999996,3.3499999999999996,5498.264894076549,2630.3158594090864,2780.273315266909,17
3.3499999999999996,3.3499999999999996,3.3499999999999996,4085.7705247133995,1954.592442542695,2066.0260975062774,17
3.3499999999999996,3.3499999999999996,3.3499999999999996,3541.222249168337,1694.085902211555,1790.667767462263,17
3.3499999999999996,3.3499999999999996,3.3499999999999996,4035.865652129737,1930.7184422267028,2040.7910118530506,17
3.3499999999999996,3.3499999999999996,3.3499999999999996,3774.8267072220115,1805.8399778489832,1908.7930767309615,17
3.3499999999999996,3.3499999999999996,3.3499999999999996,4012.2925201571115,1919.4412876919434,2028.8709332385474,17
3.3499999999999996,3.3499999999999996,3.3499999999999996,4615.326758412988,2207.9269374757405,2333.8034952584985,17
3.3499999999999996,3.3499999999999996,3.3499999999999996,3694.49517175929,1767.4101612052052,1868.1723302365467,17
3.3499999999999996,3.3499999999999996,3.3499999999999996,4362.193729095552,2086.8305853754214,2205.803295162257,17
3.3499999999999996,3.3499999999999996,3.3499999999999996,3942.6922260465485,1886.1451913878575,1993.6765866258916,17
3.3499999999999996,3.3499999999999996,3.3499999999999996,3251.6890151039534,1555.5760500932975,1644.261302866611,17
3.3499999999999996,3.3499999999999996,3.3499999999999996,3719.4436896172533,1779.3452868229708,1880.7878916531463,17
3.3499999999999996,3.3499999999999996,3.3499999999999996,4881.346733810852,2335.1882778601303,2468.3201570009055,17
3.3499999999999996,3.3499999999999996,3.3499999999999996,4268.092518875983,2041.813491728882,2158.2197231176197,17
3.3499999999999996,3.3499999999999996,3.3499999999999996,5283.535617758551,2527.5914851092684,2671.6925014184017,17
3.3499999999999996,3.3499999999999996,3.3499999999999996,4516.8744081974655,2160.8283012410666,2284.0197093909933,17
3.3499999999999996,3.3499999999999996,3.3499999999999996,4028.767011553979,1927.3225223781014,2037.2014865486747,17
3.3499999999999996,3.3499999999999996,3.3499999999999996,4037.2687892543363,1931.3896892296857,2041.5005274512146,17
3.3499999999999996,3.3499999999999996,3.3499999999999996,3567.1938513140635,1706.510461292323,1803.8006655294846,17
3.3499999999999996,3.3499999999999996,3.3499999999999996,4825.375693783133,2308.412282689156,2440.0176302920786,17
3.3499999999999996,3.3499999999999996,3.3499999999999996,5062.499681272494,2421.850066600136,2559.9226380585483,17
3.3499999999999996,3.3499999999999996,3.3499999999999996,3854.006096290665,1843.7186189872036,1948.831224544443,17
3.3499999999999996,3.3499999999999996,3.3499999999999996,3678.2868438849823,1759.6562565309828,1859.9763661747604,17
3.3499999999999996,3.3499999999999996,3.3499999999999996,4366.751477079084,2089.010967193182,2208.1079831575507,17
3.3499999999999996,3.3499999999999996,3.3499999999999996,4331.6976328846185,2072.241552824425,2190.382524401209,17
3.3499999999999996,3.3499999999999996,3.3499999999999996,3525.043021695167,1686.345918883085,1782.4865184188152,17
3.3499999999999996,3.3499999999999996,3.3499999999999996,4057.2441193878217,1940.945690742753,2051.6013280498923,17
3.3499999999999996,3.3499999999999996,3.3499999999999996,3706.1326136989687,1772.9773989950518,1874.0569629172521,17
3.3499999999999996,3.3499999999999996,3.3499999999999996,3032.6376536141265,1450.7840327475026,1533.4949671669308,17
3.3499999999999996,3.3499999999999996,3.3499999999999996,3348.6717178423314,1601.9716214263435,1693.3019412608194,17
3.3499999999999996,3.3499999999999996,3.3499999999999996,3286.990561767714,1572.4639628876398,1662.1120157856344,17
3.3499999999999996,3.3499999999999996,3.3499999999999996,4315.746656725796,2064.610762680282,2182.31669377624,17
3.3499999999999996,3.3499999999999996,3.3499999999999996,4544.940852390344,2174.255012158047,2298.211893170271,17
3.3499999999999996,3.3499999999999996,3.3499999999999996,3108.2600350160023,1486.9610363949491,1571.734465099284,17
3.3499999999999996,3.3499999999999996,3.3499999999999996,4544.7854710636175,2174.180679259248,2298.1333224639293,17
3.3499999999999996,3.3499999999999996,3.3499999999999996,3660.6095923109806,1751.1996332031486,1851.037620627705,17
3.3499999999999996,3.3499999999999996,3.3499999999999996,3992.557203421902,1910.0001062284955,2018.891498717967,17
3.3499999999999996,3.3499999999999996,3.3499999999999996,3712.0973056322423,1775.8308489635106,1877.0730914842359,17
3.3499999999999996,3.3499999999999996,3.3499999999999996,4235.743629362721,2026.3381010810658,2141.8620619236062,17
3.3499999999999996,3.3499999999999996,3.3499999999999996,4484.1220246452385,2145.159883012676,2267.4580158829663,17
3.3499999999999996,3.3499999999999996,3.3499999999999996,4264.442470412832,2040.0673444360193,2156.374025877303,17
3.3499999999999996,3.3499999999999996,3.3499999999999996,5369.5073287586,2568.7195062687406,2715.1652802979315,17
3.3499999999999996,3.3499999999999996,3.3499999999999996,4719.933201761388,2257.9696313503296,2386.699183016261,17
3.3499999999999996,3.3499999999999996,3.3499999999999996,4541.621782823125,2172.6672019143934,2296.5335599638825,17
3.3499999999999996,3.3499999999999996,3.3499999999999996,4601.158925394304,2201.1491854757132,2326.639335503402,17
3.3499999999999996,3.3499999999999996,3.3499999999999996,4785.6658797177715,2289.415498117566,2419.9378162912876,17
3.3499999999999996,3.3499999999999996,3.3499999999999996,4454.067237024879,2130.7819681519036,2252.2603988843885,17
3.3499999999999996,3.3499999999999996,3.3499999999999996,4668.932774010645,2233.5715282152937,2360.9101148148816,17
3.3499999999999996,3.3499999999999996,3.3499999999999996,3935.434584720562,1882.6732071438446,1990.0066604038655,17
3.3499999999999996,3.3499999999999996,3.3499999999999996,4172.4959018554755,1996.0810101735121,2109.879978043088,17
3.3499999999999996,3.3499999999999996,3.3499999999999996,4257.320889144159,2036.6604499855089,2152.772900295826,17
3.3499999999999996,3.3499999999999996,3.3499999999999996,4929.704714472046,2358.3222602914184,2492.7730354639557,17
3.3499999999999996,3.3499999999999996,3.3499999999999996,5503.620228285973,2569.939620901096,2787.0968420865474,18
3.3499999999999996,3.3499999999999996,3.3499999999999996,3845.6255421007995,1795.731725274226,1947.4691856735406,18
3.3499999999999996,3.3499999999999996,3.3499999999999996,3871.6656612653805,1807.891273207803,1960.6562027424422,18
3.3499999999999996,3.3499999999999996,3.3499999999999996,4140.408850664714,1933.3820850074687,2096.750857431292,18
3.3499999999999996,3.3499999999999996,3.3499999999999996,3747.9062508302472,1750.1012733270034,1897.983008064241,18
3.3499999999999996,3.3499999999999996,3.3499999999999996,4269.6580014510655,1993.7355432396544,2162.2041200215413,18
3.3499999999999996,3.3499999999999996,3.3499999999999996,4548.194579363386,2123.7994207884894,2303.2582597521805,18
3.3499999999999996,3.3499999999999996,3.3499999999999996,5327.592908420235,2487.742891308641,2697.9545744574552,18
3.3499999999999996,3.3499999999999996,3.3499999999999996,5498.264894076549,2567.4389240875284,2784.3848389968925,18
3.3499999999999996,3.3499999999999996,3.3499999999999996,4085.7705247133995,1907.8684788977462,2069.0813781795905,18
3.3499999999999996,3.3499999999999996,3.3499999999999996,3541.222249168337,1653.5892716181293,1793.3158427352985,18
3.3499999999999996,3.3499999999999996,3.3499999999999996,4035.865652129737,1884.5651796131012,2043.8089743774888,18
3.3499999999999996,3.3499999999999996,3.3499999999999996,3774.8267072220115,1762.671898592599,1911.6158380715506,18
3.3499999999999996,3.3499999999999996,3.3499999999999996,4012.2925201571115,1873.5576021763763,2031.8712681125605,18
3.3499999999999996,3.3499999999999996,3.3499999999999996,4615.326758412988,2155.1470864377825,2337.254770497945,18
3.3499999999999996,3.3499999999999996,3.3499999999999996,3694.49517175929,1725.1607355344306,1870.935020805596,18
3.3499999999999996,3.3499999999999996,3.3499999999999996,4362.193729095552,2036.945507401106,2209.0652811482873,18
3.3499999999999996,3.3499999999999996,3.3499999999999996,3942.6922260465485,1841.0574393668483,1996.6248753969323,18
3.3499999999999996,3.3499999999999996,3.3499999999999996,3251.6890151039534,1518.3904572149368,1646.6928693345221,18
3.3499999999999996,3.3499999999999996,3.3499999999999996,3719.4436896172533,1736.810555446861,1883.5692383664841,18
3.3499999999999996,3.3499999999999996,3.3499999999999996,4881.346733810852,2279.3662815073203,2471.970358167452,18
3.3499999999999996,3.3499999999999996,3.3499999999999996,4268.092518875983,1993.0045342803407,2161.4113415665656,18
3.3499999999999996,3.3499999999999996,3.3499999999999996,5283.535617758551,2467.1701460674085,2675.643453671363,18
3.3499999999999996,3.3499999999999996,3.3499999999999996,4516.8744081974655,2109.1743293988216,2287.397363373191,18
3.3499999999999996,3.3499999999999996,3.3499999999999996,4028.767011553979,1881.2504382404286,2040.214140811372,18
3.3499999999999996,3.3499999999999996,3.3499999999999996,4037.2687892543363,1885.2203806517798,2044.5195392214957,18
3.3499999999999996,3.3499999999999996,3.3499999999999996,3567.1938513140635,1665.716825229031,1806.4681619945843,18
3.3499999999999996,3.3499999999999996,3.3499999999999996,4825.375693783133,2253.230358710359,2443.625977116629,18
3.3499999999999996,3.3499999999999996,3.3499999999999996,5062.499681272494,2363.9564454019815,2563.7083028043508,18
3.3499999999999996,3.3499999999999996,3.3499999999999996,3854.006096290665,1799.645061835305,1951.7131950980033,18
3.3499999999999996,3.3499999999999996,3.3499999999999996,3678.2868438849823,1717.5921856954253,1862.726936388395,18
3.3499999999999996,3.3499999999999996,3.3499999999999996,4366.751477079084,2039.0737678259004,2211.373377362238,18
3.3499999999999996,3.3499999999999996,3.3499999999999996,4331.6976328846185,2022.7052214285222,2193.6217058433226,18
3.3499999999999996,3.3499999999999996,3.3499999999999996,3525.043021695167,1646.0343103391565,1785.1224950972987,18
3.3499999999999996,3.3499999999999996,3.3499999999999996,4057.2441193878217,1894.5479487290218,2054.635277085918,18
3.3499999999999996,3.3499999999999996,3.3499999999999996,3706.1326136989687,1730.594890124714,1876.8283557986874,18
3.3499999999999996,3.3499999999999996,3.3499999999999996,3032.6376536141265,1416.103462554268,1535.7627301644372,18
3.3499999999999996,3.3499999999999996,3.3499999999999996,3348.6717178423314,1563.6769559141853,1695.8060300046454,18
3.3499999999999996,3.3499999999999996,3.3499999999999996,3286.990561767714,1534.874669367515,1664.5699802444765,18
3.3499999999999996,3.3499999999999996,3.3499999999999996,4315.746656725796,2015.2568431025752,2185.543947306866,18
3.3499999999999996,3.3499999999999996,3.3499999999999996,4544.940852390344,2122.2800786978705,2301.6105348374103,18
3.3499999999999996,3.3499999999999996,3.3499999999999996,3108.2600350160023,1451.415665455321,1574.058777430379,18
3.3499999999999996,3.3499999999999996,3.3499999999999996,4544.7854710636175,2122.207522705389,2301.5318479391376,18
3.3499999999999996,3.3499999999999996,3.3499999999999996,3660.6095923109806,1709.3377154877649,1853.7749720458237,18
3.3499999999999996,3.3499999999999996,3.3499999999999996,3992.557203421902,1864.3421094088746,2021.877075804817,18
3.3499999999999996,3.3499999999999996,3.3499999999999996,3712.0973056322423,1733.3801292018952,1879.84894467686,18
3.3499999999999996,3.3499999999999996,3.3499999999999996,4235.743629362721,1977.8990783433533,2145.029490336343,18
3.3499999999999996,3.3499999999999996,3.3499999999999996,4484.1220246452385,2093.8804601494107,2270.811178101894,18
3.3499999999999996,3.3499999999999996,3.3499999999999996,4264.442470412832,1991.3001281304666,2159.5629148722915,18
3.3499999999999996,3.3499999999999996,3.3499999999999996,5369.5073287586,2507.315013847374,2719.18052096491,18
3.3499999999999996,3.3499999999999996,3.3499999999999996,4719.933201761388,2203.9935242753586,2390.228681455648,18
3.3499999999999996,3.3499999999999996,3.3499999999999996,4541.621782823125,2120.7302245961127,2299.9297196783414,18
3.3499999999999996,3.3499999999999996,3.3499999999999996,4601.158925394304,2148.5313546273105,2330.0800162402593,18
3.3499999999999996,3.3499999999999996,3.3499999999999996,4785.6658797177715,2234.6876867467863,2423.5164686856883,18
3.3499999999999996,3.3499999999999996,3.3499999999999996,4454.067237024879,2079.846245160092,2255.591086563641,18
3.3499999999999996,3.3499999999999996,3.3499999999999996,4668.932774010645,2180.1786506970716,2364.4014758649328,18
3.3499999999999996,3.3499999999999996,3.3499999999999996,3935.434584720562,1837.6684518960049,1992.9495220146814,18
3.3499999999999996,3.3499999999999996,3.3499999999999996,4172.4959018554755,1948.36527439056,2113.000110711163,18
3.3499999999999996,3.3499999999999996,3.3499999999999996,4257.320889144159,1987.9746745005516,2155.9564638743523,18
3.3499999999999996,3.3499999999999996,3.3499999999999996,4929.704714472046,2301.9472528194838,2496.459398035756,18
3.3499999999999996,3.3499999999999996,3.3499999999999996,5503.620228285973,2563.521566025507,2787.5114078245697,19
3.3499999999999996,3.3499999999999996,3.3499999999999996,3845.6255421007995,1791.24714335607,1947.758861291567,19
3.3499999999999996,3.3499999999999996,3.3499999999999996,3871.6656612653805,1803.3763245661382,1960.947839858678,19
3.3499999999999996,3.3499999999999996,3.3499999999999996,4140.408850664714,1928.5537410976974,2097.062737899,19
3.3499999999999996,3.3499999999999996,3.3499999999999996,3747.9062508302472,1745.730646905005,1898.2653228782108,19
3.3499999999999996,3.3499999999999996,3.3499999999999996,4269.6580014510655,1988.75647524138,2162.5257363117375,19
3.3499999999999996,3.3499999999999996,3.3499999999999996,4548.194579363386,2118.4955369475974,2303.6008570907043,19
3.3499999999999996,3.3499999999999996,3.3499999999999996,5327.592908420235,2481.5301109526667,2698.3558807602776,19
3.3499999999999996,3.3499999999999996,3.3499999999999996,5498.264894076549,2561.027114342854,2784.7990013389694,19
3.3499999999999996,3.3499999999999996,3.3499999999999996,4085.7705247133995,1903.1038515526573,2069.389142960353,19
3.3499999999999996,3.3499999999999996,3.3499999999999996,3541.222249168337,1649.4596700505992,1793.5825888686304,19
3.3499999999999996,3.3499999999999996,3.3499999999999996,4035.865652129737,1879.858748909044,2044.1129800234507,19
3.3499999999999996,3.3499999999999996,3.3499999999999996,3774.8267072220115,1758.2698788405316,1911.9001806960182,19
3.3499999999999996,3.3499999999999996,3.3499999999999996,4012.2925201571115,1868.8786613150623,2032.1734980886094,19
3.3499999999999996,3.3499999999999996,3.3499999999999996,4615.326758412988,2149.7649163069245,2337.602424635485,19
3.3499999999999996,3.3499999999999996,3.3499999999999996,3694.49517175929,1720.8523945213487,1871.2133123762287,19
3.3499999999999996,3.3499999999999996,3.3499999999999996,4362.193729095552,2031.8585287270696,2209.3938677853885,19
3.3499999999999996,3.3499999999999996,3.3499999999999996,3942.6922260465485,1836.4596629915325,1996.921862660712,19
3.3499999999999996,3.3499999999999996,3.3499999999999996,3251.6890151039534,1514.5984952568733,1646.9378060853232,19
3.3499999999999996,3.3499999999999996,3.3499999999999996,3719.4436896172533,1732.4731206827503,1883.8494092093572,19
3.3499999999999996,3.3499999999999996,3.3499999999999996,4881.346733810852,2273.673891788393,2472.338050527626,19
3.3499999999999996,3.3499999999999996,3.3499999999999996,4268.092518875983,1988.0272918718886,2161.7328399352095,19
3.3499999999999996,3.3499999999999996,3.3499999999999996,5283.535617758551,2461.0087431861516,2676.0414413143835,19
3.3499999999999996,3.3499999999999996,3.3499999999999996,4516.8744081974655,2103.906969621894,2287.7376014882707,19
3.3499999999999996,3.3499999999999996,3.3499999999999996,4028.767011553979,1876.5522856265866,2040.5176117450812,19
3.3499999999999996,3.3499999999999996,3.3499999999999996,4037.2687892543363,1880.512313677288,2044.8236505601756,19
3.3499999999999996,3.3499999999999996,3.3499999999999996,3567.1938513140635,1661.556936839216,1806.7368644650116,19
3.3499999999999996,3.3499999999999996,3.3499999999999996,4825.375693783133,2247.6032397026074,2443.9894534018276,19
3.3499999999999996,3.3499999999999996,3.3499999999999996,5062.499681272494,2358.0528039052324,2564.089640692784,19
3.3499999999999996,3.3499999999999996,3.3499999999999996,3854.006096290665,1795.1507069214751,1952.0035019897168,19
3.3499999999999996,3.3499999999999996,3.3499999999999996,3678.2868438849823,1713.3027460478859,1863.0040070504026,19
3.3499999999999996,3.3499999999999996,3.3499999999999996,4366.751477079084,2033.9814741273071,2211.7023073162977,19
3.3499999999999996,3.3499999999999996,3.3499999999999996,4331.6976328846185,2017.6538058222225,2193.9479953312552,19
3.3499999999999996,3.3499999999999996,3.3499999999999996,3525.043021695167,1641.9235762016924,1785.3880225140226,19
3.3499999999999996,3.3499999999999996,3.3499999999999996,4057.2441193878217,1889.8165874937283,2054.9408930864633,19
3.3499999999999996,3.3499999999999996,3.3499999999999996,3706.1326136989687,1726.2729780914888,1877.1075239713578,19
3.3499999999999996,3.3499999999999996,3.3499999999999996,3032.6376536141265,1412.566947665643,1535.9911666507633,19
3.3499999999999996,3.3499999999999996,3.3499999999999996,3348.6717178423314,1559.7718974337715,1696.058272075231,19
3.3499999999999996,3.3499999999999996,3.3499999999999996,3286.990561767714,1531.0415404585574,1664.817576119843,19
3.3499999999999996,3.3499999999999996,3.3499999999999996,4315.746656725796,2010.2240287507332,2185.8690352714507,19
3.3499999999999996,3.3499999999999996,3.3499999999999996,4544.940852390344,2116.979989195504,2301.9528870856725,19
3.3499999999999996,3.3499999999999996,3.3499999999999996,3108.2600350160023,1447.7909634146888,1574.2929102487656,19
3.3499999999999996,3.3499999999999996,3.3499999999999996,4544.7854710636175,2116.907614401187,2301.8741884831447,19
3.3499999999999996,3.3499999999999996,3.3499999999999996,3660.6095923109806,1705.068890193314,1854.0507111510485,19
3.3499999999999996,3.3499999999999996,3.3499999999999996,3992.557203421902,1859.6861829163831,2022.1778191982514,19
3.3499999999999996,3.3499999999999996,3.3499999999999996,3712.0973056322423,1729.0512614343436,1880.1285621459592,19
3.3499999999999996,3.3499999999999996,3.3499999999999996,4235.743629362721,1972.95955964029,2145.3485519922965,19
3.3499999999999996,3.3499999999999996,3.3499999999999996,4484.1220246452385,2088.6512946130433,2271.1489491106868,19
3.3499999999999996,3.3499999999999996,3.3499999999999996,4264.442470412832,1986.3271422314338,2159.8841382973583,19
3.3499999999999996,3.3499999999999996,3.3499999999999996,5369.5073287586,2501.0533549280804,2719.584984513669,19
3.3499999999999996,3.3499999999999996,3.3499999999999996,4719.933201761388,2198.4893671857526,2390.5842151789125,19
3.3499999999999996,3.3499999999999996,3.3499999999999996,4541.621782823125,2115.434005631635,2300.2718219143444,19
3.3499999999999996,3.3499999999999996,3.3499999999999996,4601.158925394304,2143.165706335899,2330.426603171504,19
3.3499999999999996,3.3499999999999996,3.3499999999999996,4785.6658797177715,2229.106875397485,2423.876953789139,19
3.3499999999999996,3.3499999999999996,3.3499999999999996,4454.067237024879,2074.6521280587945,2255.926593665281,19
3.3499999999999996,3.3499999999999996,3.3499999999999996,4668.932774010645,2174.733967831776,2364.7531679296,19
3.3499999999999996,3.3499999999999996,3.3499999999999996,3935.434584720562,1833.0791390298643,1993.2459625893175,19
3.3499999999999996,3.3499999999999996,3.3499999999999996,4172.4959018554755,1943.4995121185477,2113.3144081683267,19
3.3499999999999996,3.3499999999999996,3.3499999999999996,4257.320889144159,1983.0099934440561,2156.2771508591354,19
3.3499999999999996,3.3499999999999996,3.3499999999999996,4929.704714472046,2296.19847036983,2496.8307330095377,19
3.3499999999999996,3.3499999999999996,3.3499999999999996,5503.620228285973,2562.878499300191,2787.5528958617474,20
3.3499999999999996,3.3499999999999996,3.3499999999999996,3845.6255421007995,1790.7978038810388,1947.7878508382375,20
3.3499999999999996,3.3499999999999996,3.3499999999999996,3871.6656612653805,1802.9239424512696,1960.9770257040366,20
3.3499999999999996,3.3499999999999996,3.3499999999999996,4140.408850664714,1928.0699578694534,2097.0939496158708,20
3.3499999999999996,3.3499999999999996,3.3499999999999996,3747.9062508302472,1745.2927253734415,1898.2935757858284,20
3.3499999999999996,3.3499999999999996,3.3499999999999996,4269.6580014510655,1988.25758998489,2162.557922349755,20
3.3499999999999996,3.3499999999999996,3.3499999999999996,4548.194579363386,2117.964106275979,2303.635142825907,20
3.3499999999999996,3.3499999999999996,3.3499999999999996,5327.592908420235,2480.907612018632,2698.396041847614,20
3.3499999999999996,3.3499999999999996,3.3499999999999996,5498.264894076549,2560.384673357886,2784.840449005937,20
3.3499999999999996,3.3499999999999996,3.3499999999999996,4085.7705247133995,1902.62645250208,2069.4199427961703,20
3.3499999999999996,3.3499999999999996,3.3499999999999996,3541.222249168337,1649.0458983692458,1793.609283726603,20
3.3499999999999996,3.3499999999999996,3.3499999999999996,4035.865652129737,1879.3871809590266,2044.1434036604885,20
3.3499999999999996,3.3499999999999996,3.3499999999999996,3774.8267072220115,1757.8288118067326,1911.928636538586,20
3.3499999999999996,3.3499999999999996,3.3499999999999996,4012.2925201571115,1868.409847751458,2032.203744023892,20
3.3499999999999996,3.3499999999999996,3.3499999999999996,4615.326758412988,2149.225641621955,2337.637216434374,20
3.3499999999999996,3.3499999999999996,3.3499999999999996,3694.49517175929,1720.4207137706337,1871.2411626541696,20
3.3499999999999996,3.3499999999999996,3.3499999999999996,4362.193729095552,2031.348831197043,2209.426751387109,20
3.3499999999999996,3.3499999999999996,3.3499999999999996,3942.6922260465485,1835.9989818264874,1996.951583926873,20
3.3499999999999996,3.3499999999999996,3.3499999999999996,3251.6890151039534,1514.2185538873835,1646.9623183498245,20
3.3499999999999996,3.3499999999999996,3.3499999999999996,3719.4436896172533,1732.0385248396024,1883.8774475571493,20
3.3499999999999996,3.3499999999999996,3.3499999999999996,4881.346733810852,2273.1035341821193,2472.374847669574,20
3.3499999999999996,3.3499999999999996,3.3499999999999996,4268.092518875983,1987.528589533135,2161.765014172122,20
3.3499999999999996,3.3499999999999996,3.3499999999999996,5283.535617758551,2460.391392095984,2676.0812702838707,20
3.3499999999999996,3.3499999999999996,3.3499999999999996,4516.8744081974655,2103.3791985341636,2287.771651122076,20
3.3499999999999996,3.3499999999999996,3.3499999999999996,4028.767011553979,1876.0815471123508,2040.5479818703125,20
3.3499999999999996,3.3499999999999996,3.3499999999999996,4037.2687892543363,1880.0405817786764,2044.8540847745064,20
3.3499999999999996,3.3499999999999996,3.3499999999999996,3567.1938513140635,1661.1401305238487,1806.7637551051696,20
3.3499999999999996,3.3499999999999996,3.3499999999999996,4825.375693783133,2247.0394219940613,2444.0258286163007,20
3.3499999999999996,3.3499999999999996,3.3499999999999996,5062.499681272494,2357.4612796072406,2564.1278034231827,20
3.3499999999999996,3.3499999999999996,3.3499999999999996,3854.006096290665,1794.7003882263461,1952.032554711666,20
3.3499999999999996,3.3499999999999996,3.3499999999999996,3678.2868438849823,1712.8729591481078,1863.0317351448195,20
3.3499999999999996,3.3499999999999996,3.3499999999999996,4366.751477079084,2033.471244050348,2211.73522527577,20
3.3499999999999996,3.3499999999999996,3.3499999999999996,4331.6976328846185,2017.1476715876101,2193.9806490437177,20
3.3499999999999996,3.3499999999999996,3.3499999999999996,3525.043021695167,1641.5116949710603,1785.4145954078404,20
3.3499999999999996,3.3499999999999996,3.3499999999999996,4057.2441193878217,1889.3425215913876,2054.9714778811767,20
3.3499999999999996,3.3499999999999996,3.3499999999999996,3706.1326136989687,1725.8399375718636,1877.1354619760318,20
3.3499999999999996,3.3499999999999996,3.3499999999999996,3032.6376536141265,1412.2126012020267,1536.0140276365328,20
3.3499999999999996,3.3499999999999996,3.3499999999999996,3348.6717178423314,1559.3806241869943,1696.0835154261463,20
3.3499999999999996,3.3499999999999996,3.3499999999999996,3286.990561767714,1530.6574743040946,1664.8423544986147,20
3.3499999999999996,3.3499999999999996,3.3499999999999996,4315.746656725796,2009.7197582969745,2185.9015687403885,20
3.3499999999999996,3.3499999999999996,3.3499999999999996,4544.940852390344,2116.448938703379,2301.9871482932467,20
3.3499999999999996,3.3499999999999996,3.3499999999999996,3108.2600350160023,1447.4277809058603,1574.3163413000632,20
3.3499999999999996,3.3499999999999996,3.3499999999999996,4544.7854710636175,2116.3765820644862,2301.9084485194057,20
3.3499999999999996,3.3499999999999996,3.3499999999999996,3660.6095923109806,1704.6411687798545,1854.0783059887294,20
3.3499999999999996,3.3499999999999996,3.3499999999999996,3992.557203421902,1859.2196753123073,2022.2079163624483,20
3.3499999999999996,3.3499999999999996,3.3499999999999996,3712.0973056322423,1728.6175239743861,1880.1565451143756,20
3.3499999999999996,3.3499999999999996,3.3499999999999996,4235.743629362721,1972.4646370853122,2145.3804823730065,20
3.3499999999999996,3.3499999999999996,3.3499999999999996,4484.1220246452385,2088.1273504550722,2271.182751846623,20
3.3499999999999996,3.3499999999999996,3.3499999999999996,4264.442470412832,1985.8288663800852,2159.9162850190455,20
3.3499999999999996,3.3499999999999996,3.3499999999999996,5369.5073287586,2500.425958532392,2719.6254615652174,20
3.3499999999999996,3.3499999999999996,3.3499999999999996,4719.933201761388,2197.9378698327628,2390.619795534393,20
3.3499999999999996,3.3499999999999996,3.3499999999999996,4541.621782823125,2114.903342953914,2300.306058101719,20
3.3499999999999996,3.3499999999999996,3.3499999999999996,4601.158925394304,2142.628087081647,2330.4612881687676,20
3.3499999999999996,3.3499999999999996,3.3499999999999996,4785.6658797177715,2228.5476975548886,2423.9130296584217,20
3.3499999999999996,3.3499999999999996,3.3499999999999996,4454.067237024879,2074.131695631838,2255.960169838682,20
3.3499999999999996,3.3499999999999996,3.3499999999999996,4668.932774010645,2174.188429588736,2364.7883638276585,20
3.3499999999999996,3.3499999999999996,3.3499999999999996,3935.434584720562,1832.6193058789347,1993.2756291450733,20
3.3499999999999996,3.3499999999999996,3.3499999999999996,4172.4959018554755,1943.0119797008474,2113.345861767579,20
3.3499999999999996,3.3499999999999996,3.3499999999999996,4257.320889144159,1982.5125497089796,2156.3092438960816,20
3.3499999999999996,3.3499999999999996,3.3499999999999996,4929.704714472046,2295.622462408521,2496.8678946893024,20
3.3499999999999996,3.3499999999999996,3.3499999999999996,5503.620228285973,2562.814179996154,2787.5570449814654,21
3.3499999999999996,3.3499999999999996,3.3499999999999996,3845.6255421007995,1790.752861107338,1947.7907500137087,21
3.3499999999999996,3.3499999999999996,3.3499999999999996,3871.6656612653805,1802.8786953538197,1960.9799445108717,21
3.3499999999999996,3.3499999999999996,3.3499999999999996,4140.408850664714,1928.0215700438669,2097.097071025287,21
3.3499999999999996,3.3499999999999996,3.3499999999999996,3747.9062508302472,1745.2489246183661,1898.2964012917842,21
3.3499999999999996,3.3499999999999996,3.3499999999999996,4269.6580014510655,1988.2076916598357,2162.561141198707,21
3.3499999999999996,3.3499999999999996,3.3499999999999996,4548.194579363386,2117.910952770135,2303.63857166057,21
3.3499999999999996,3.3499999999999996,3.3499999999999996,5327.592908420235,2480.8453498977287,2698.4000582622425,21
3.3499999999999996,3.3499999999999996,3.3499999999999996,5498.264894076549,2560.3204166401747,2784.844594088328,21
3.3499999999999996,3.3499999999999996,3.3499999999999996,4085.7705247133995,1902.5787032196617,2069.423023014345,21
3.3499999999999996,3.3499999999999996,3.3499999999999996,3541.222249168337,1649.0045130735566,1793.6119534157265,21
3.3499999999999996,3.3499999999999996,3.3499999999999996,4035.865652129737,1879.3400149012018,2044.14644625592,21
3.3499999999999996,3.3499999999999996,3.3499999999999996,3774.8267072220115,1757.7846964396474,1911.9314823395814,21
3.3499999999999996,3.3499999999999996,3.3499999999999996,4012.2925201571115,1868.3629571863776,2032.2067688477941,21
3.3499999999999996,3.3499999999999996,3.3499999999999996,4615.326758412988,2149.1717035607,2337.6406958792604,21
3.3499999999999996,3.3499999999999996,3.3499999999999996,3694.49517175929,1720.3775372162277,1871.24394789409,21
3.3499999999999996,3.3499999999999996,3.3499999999999996,4362.193729095552,2031.2978514322533,2209.430039997745,21
3.3499999999999996,3.3499999999999996,3.3499999999999996,3942.6922260465485,1835.9529046610053,1996.9545562798664,21
3.3499999999999996,3.3499999999999996,3.3499999999999996,3251.6890151039534,1514.1805522873963,1646.9647697629766,21
3.3499999999999996,3.3499999999999996,3.3499999999999996,3719.4436896172533,1731.9950567186934,1883.8802516054877,21
3.3499999999999996,3.3499999999999996,3.3499999999999996,4881.346733810852,2273.0464872181824,2472.378527664041,21
3.3499999999999996,3.3499999999999996,3.3499999999999996,4268.092518875983,1987.4787095034476,2161.768231840874,21
3.3499999999999996,3.3499999999999996,3.3499999999999996,5283.535617758551,2460.3296448605843,2676.085253484184,21
3.3499999999999996,3.3499999999999996,3.3499999999999996,4516.8744081974655,2103.3264110585915,2287.775056344802,21
3.3499999999999996,3.3499999999999996,3.3499999999999996,4028.767011553979,1876.0344640143974,2040.551019114155,21
3.3499999999999996,3.3499999999999996,3.3499999999999996,4037.2687892543363,1879.9933993227728,2044.8571284277468,21
3.3499999999999996,3.3499999999999996,3.3499999999999996,3567.1938513140635,1661.0984417051502,1806.7664443740025,21
3.3499999999999996,3.3499999999999996,3.3499999999999996,4825.375693783133,2246.9830291483586,2444.0294664148064,21
3.3499999999999996,3.3499999999999996,3.3499999999999996,5062.499681272494,2357.4021155583646,2564.1316199868966,21
3.3499999999999996,3.3499999999999996,3.3499999999999996,3854.006096290665,1794.6553475114017,1952.0354602051461,21
3.3499999999999996,3.3499999999999996,3.3499999999999996,3678.2868438849823,1712.8299720159955,1863.0345081654577,21
3.3499999999999996,3.3499999999999996,3.3499999999999996,4366.751477079084,2033.4202110204035,2211.738517322443,21
3.3499999999999996,3.3499999999999996,3.3499999999999996,4331.6976328846185,2017.0970482223545,2193.9839146636764,21
3.3499999999999996,3.3499999999999996,3.3499999999999996,3525.043021695167,1641.470498757577,1785.417252899619,21
3.3499999999999996,3.3499999999999996,3.3499999999999996,4057.2441193878217,1889.2951056892643,2054.974536593603,21
3.3499999999999996,3.3499999999999996,3.3499999999999996,3706.1326136989687,1725.7966250138572,1877.1382559892943,21
3.3499999999999996,3.3499999999999996,3.3499999999999996,3032.6376536141265,1412.1771595953778,1536.0163139092347,21
3.3499999999999996,3.3499999999999996,3.3499999999999996,3348.6717178423314,1559.3414891766909,1696.0860399535081,21
3.3499999999999996,3.3499999999999996,3.3499999999999996,3286.990561767714,1530.6190601445887,1664.8448325252207,21
3.3499999999999996,3.3499999999999996,3.3499999999999996,4315.746656725796,2009.6693213464132,2185.9048223350796,21
3.3499999999999996,3.3499999999999996,3.3499999999999996,4544.940852390344,2116.395823222952,2301.9905746749614,21
3.3499999999999996,3.3499999999999996,3.3499999999999996,3108.2600350160023,1447.3914555211272,1574.3186845836597,21
3.3499999999999996,3.3499999999999996,3.3499999999999996,4544.7854710636175,2116.3234683999585,2301.9118747839793,21
3.3499999999999996,3.3499999999999996,3.3499999999999996,3660.6095923109806,1704.5983882369462,1854.0810656826786,21
3.3499999999999996,3.3499999999999996,3.3499999999999996,3992.557203421902,1859.1730153884757,2022.210926308109,21
3.3499999999999996,3.3499999999999996,3.3499999999999996,3712.0973056322423,1728.5741417086567,1880.159343624354,21
3.3499999999999996,3.3499999999999996,3.3499999999999996,4235.743629362721,1972.4151351082464,2145.383675654281,21
3.3499999999999996,3.3499999999999996,3.3499999999999996,4484.1220246452385,2088.0749457476463,2271.186132377681,21
3.3499999999999996,3.3499999999999996,3.3499999999999996,4264.442470412832,1985.779029007515,2159.919499936066,21
3.3499999999999996,3.3499999999999996,3.3499999999999996,5369.5073287586,2500.363206569124,2719.6295095786727,21
3.3499999999999996,3.3499999999999996,3.3499999999999996,4719.933201761388,2197.8827092646193,2390.623353840945,21
3.3499999999999996,3.3499999999999996,3.3499999999999996,4541.621782823125,2114.8502662625447,2300.3094819812227,21
3.3499999999999996,3.3499999999999996,3.3499999999999996,4601.158925394304,2142.57431459598,2330.4647569326785,21
3.3499999999999996,3.3499999999999996,3.3499999999999996,4785.6658797177715,2228.4917687869192,2423.916637520129,21
3.3499999999999996,3.3499999999999996,3.3499999999999996,4454.067237024879,2074.079642166494,2255.9635277117613,21
3.3499999999999996,3.3499999999999996,3.3499999999999996,4668.932774010645,2174.1338650486396,2364.7918836855406,21
3.3499999999999996,3.3499999999999996,3.3499999999999996,3935.434584720562,1832.5733135315206,1993.278596026609,21
3.3499999999999996,3.3499999999999996,3.3499999999999996,4172.4959018554755,1942.9632168826706,2113.349007367077,21
3.3499999999999996,3.3499999999999996,3.3499999999999996,4257.320889144159,1982.4627955643812,2156.3124534442195,21
3.3499999999999996,3.3499999999999996,3.3499999999999996,4929.704714472046,2295.5648502980944,2496.8716111403282,21
3.3499999999999996,3.3499999999999996,3.3499999999999996,5503.620228285973,2562.807747939416,2787.557459896599,22
3.3499999999999996,3.3499999999999996,3.3499999999999996,3845.6255421007995,1790.7483667416918,1947.7910399334646,22
3.3499999999999996,3.3499999999999996,3.3499999999999996,3871.6656612653805,1802.8741705552018,1960.9802363937795,22
3.3499999999999996,3.3499999999999996,3.3499999999999996,4140.408850664714,1928.0167311662665,2097.097383168607,22
3.3499999999999996,3.3499999999999996,3.3499999999999996,3747.9062508302472,1745.244544456826,1898.2966838445323,22
3.3499999999999996,3.3499999999999996,3.3499999999999996,4269.6580014510655,1988.2027017293208,2162.561463086055,22
3.3499999999999996,3.3499999999999996,3.3499999999999996,4548.194579363386,2117.905637315148,2303.6389145466496,22
3.3499999999999996,3.3499999999999996,3.3499999999999996,5327.592908420235,2480.839123563344,2698.4004599067653,22
3.3499999999999996,3.3499999999999996,3.3499999999999996,5498.264894076549,2560.3139908421917,2784.8450085997247,22
3.3499999999999996,3.3499999999999996,3.3499999999999996,4085.7705247133995,1902.5739281976316,2069.423331038509,22
3.3499999999999996,3.3499999999999996,3.3499999999999996,3541.222249168337,1649.0003744626997,1793.612220386673,22
3.3499999999999996,3.3499999999999996,3.3499999999999996,4035.865652129737,1879.3352982027764,2044.1467505177816,22
3.3499999999999996,3.3499999999999996,3.3499999999999996,3774.8267072220115,1757.7802848162883,1911.9317669218499,22
3.3499999999999996,3.3499999999999996,3.3499999999999996,4012.2925201571115,1868.3582680377688,2032.2070713324892,22
3.3499999999999996,3.3499999999999996,3.3499999999999996,4615.326758412988,2149.1663096486295,2337.6410438263997,22
3.3499999999999996,3.3499999999999996,3.3499999999999996,3694.49517175929,1720.3732194759805,1871.2442264202045,22
3.3499999999999996,3.3499999999999996,3.3499999999999996,4362.193729095552,2031.2927533556406,2209.430368861315,22
3.3499999999999996,3.3499999999999996,3.3499999999999996,3942.6922260465485,1835.9482968539526,1996.9548535174306,22
3.3499999999999996,3.3499999999999996,3.3499999999999996,3251.6890151039534,1514.1767520527553,1646.9650149061601,22
3.3499999999999996,3.3499999999999996,3.3499999999999996,3719.4436896172533,1731.990709821223,1883.8805320124584,22
3.3499999999999996,3.3499999999999996,3.3499999999999996,4881.346733810852,2273.0407824097383,2472.378895666292,22
3.3499999999999996,3.3499999999999996,3.3499999999999996,4268.092518875983,1987.4737214025047,2161.7685536102013,22
3.3499999999999996,3.3499999999999996,3.3499999999999996,5283.535617758551,2460.323470015762,2676.0856518072496,22
3.3499999999999996,3.3499999999999996,3.3499999999999996,4516.8744081974655,2103.3211322073503,2287.7753968696684,22
3.3499999999999996,3.3499999999999996,3.3499999999999996,4028.767011553979,1876.029755612122,2040.5513228408536,22
3.3499999999999996,3.3499999999999996,3.3499999999999996,4037.2687892543363,1879.9886809845066,2044.8574327953907,22
3.3499999999999996,3.3499999999999996,3.3499999999999996,3567.1938513140635,1661.0942727413965,1806.766713302935,22
3.3499999999999996,3.3499999999999996,3.3499999999999996,4825.375693783133,2246.9773897530217,2444.029830197429,22
3.3499999999999996,3.3499999999999996,3.3499999999999996,5062.499681272494,2357.3961990372673,2564.1320016461755,22
3.3499999999999996,3.3499999999999996,3.3499999999999996,3854.006096290665,1794.650843351439,1952.0357507567082,22
3.3499999999999996,3.3499999999999996,3.3499999999999996,3678.2868438849823,1712.82567321835,1863.0347854696345,22
3.3499999999999996,3.3499999999999996,3.3499999999999996,4366.751477079084,2033.4151076171715,2211.738846529619,22
3.3499999999999996,3.3499999999999996,3.3499999999999996,4331.6976328846185,2017.0919857863953,2193.984241228161,22
3.3499999999999996,3.3499999999999996,3.3499999999999996,3525.043021695167,1641.4663790553116,1785.4175186508223,22
3.3499999999999996,3.3499999999999996,3.3499999999999996,4057.2441193878217,1889.2903640059183,2054.974842467176,22
3.3499999999999996,3.3499999999999996,3.3499999999999996,3706.1326136989687,1725.7922936729829,1877.1385353927492,22
3.3499999999999996,3.3499999999999996,3.3499999999999996,3032.6376536141265,1412.173615365099,1536.0165425382468,22
3.3499999999999996,3.3499999999999996,3.3499999999999996,3348.6717178423314,1559.3375755987922,1696.0862924081682,22
3.3499999999999996,3.3499999999999996,3.3499999999999996,3286.990561767714,1530.6152186531856,1664.8450803297692,22
3.3499999999999996,3.3499999999999996,3.3499999999999996,4315.746656725796,2009.6642775522896,2185.9051476970276,22
3.3499999999999996,3.3499999999999996,3.3499999999999996,4544.940852390344,2116.39051157058,2301.990917315744,22
3.3499999999999996,3.3499999999999996,3.3499999999999996,3108.2600350160023,1447.3878229113045,1574.3189189138047,22
3.3499999999999996,3.3499999999999996,3.3499999999999996,4544.7854710636175,2116.318156929181,2301.9122174130475,22
3.3499999999999996,3.3499999999999996,3.3499999999999996,3660.6095923109806,1704.5941100986265,1854.0813416541766,22
3.3499999999999996,3.3499999999999996,3.3499999999999996,3992.557203421902,1859.1683493044436,2022.2112273049684,22
3.3499999999999996,3.3499999999999996,3.3499999999999996,3712.0973056322423,1728.5698033968738,1880.1596234774845,22
3.3499999999999996,3.3499999999999996,3.3499999999999996,4235.743629362721,1972.4101848133087,2145.383994984841,22
3.3499999999999996,3.3499999999999996,3.3499999999999996,4484.1220246452385,2088.0697051739717,2271.186470433363,22
3.3499999999999996,3.3499999999999996,3.3499999999999996,4264.442470412832,1985.774045172369,2159.9198214302173,22
3.3499999999999996,3.3499999999999996,3.3499999999999996,5369.5073287586,2500.356931249541,2719.629914383103,22
3.3499999999999996,3.3499999999999996,3.3499999999999996,4719.933201761388,2197.877193099459,2390.623709674312,22
3.3499999999999996,3.3499999999999996,3.3499999999999996,4541.621782823125,2114.844958489156,2300.309824371782,22
3.3499999999999996,3.3499999999999996,3.3499999999999996,4601.158925394304,2142.5689372417946,2330.4651038117127,22
3.3499999999999996,3.3499999999999996,3.3499999999999996,4785.6658797177715,2228.4861758002676,2423.916998309048,22
3.3499999999999996,3.3499999999999996,3.3499999999999996,4454.067237024879,2074.074436717717,2255.9638635016277,22
3.3499999999999996,3.3499999999999996,3.3499999999999996,4668.932774010645,2174.128408487456,2364.79223567401,22
3.3499999999999996,3.3499999999999996,3.3499999999999996,3935.434584720562,1832.568714206442,1993.2788927170238,22
3.3499999999999996,3.3499999999999996,3.3499999999999996,4172.4959018554755,1942.9583405050746,2113.349321929423,22
3.3499999999999996,3.3499999999999996,3.3499999999999996,4257.320889144159,1982.457820052195,2156.3127744014782,22
3.3499999999999996,3.3499999999999996,3.3499999999999996,4929.704714472046,2295.5590889738905,2496.8719827882624,22
3.3499999999999996,3.3499999999999996,3.3499999999999996,5503.620228285973,2562.807033265027,2787.5575059983157,23
3.3499999999999996,3.3499999999999996,3.3499999999999996,3845.6255421007995,1790.7478673667406,1947.7910721467952,23
3.3499999999999996,3.3499999999999996,3.3499999999999996,3871.6656612653805,1802.8736677988009,1960.9802688252382,23
3.3499999999999996,3.3499999999999996,3.3499999999999996,4140.408850664714,1928.0161935121325,2097.0974178512247,23
3.3499999999999996,3.3499999999999996,3.3499999999999996,3747.9062508302472,1745.2440577712448,1898.2967152393064,23
3.3499999999999996,3.3499999999999996,3.3499999999999996,4269.6580014510655,1988.2021472914969,2162.5614988513435,23
3.3499999999999996,3.3499999999999996,3.3499999999999996,4548.194579363386,2117.905046707865,2303.6389526451317,23
3.3499999999999996,3.3499999999999996,3.3499999999999996,5327.592908420235,2480.83843174704,2698.4005045339686,23
3.3499999999999996,3.3499999999999996,3.3499999999999996,5498.264894076549,2560.3132768632217,2784.8450546565823,23
3.3499999999999996,3.3499999999999996,3.3499999999999996,4085.7705247133995,1902.573397638576,2069.423365263442,23
3.3499999999999996,3.3499999999999996,3.3499999999999996,3541.222249168337,1648.9999146161367,1793.612250050134,23
3.3499999999999996,3.3499999999999996,3.3499999999999996,4035.865652129737,1879.3347741241334,2044.1467843246808,23
3.3499999999999996,3.3499999999999996,3.3499999999999996,3774.8267072220115,1757.7797946349428,1911.931798542126,23
3.3499999999999996,3.3499999999999996,3.3499999999999996,4012.2925201571115,1868.3577470202226,2032.207104941925,23
3.3499999999999996,3.3499999999999996,3.3499999999999996,4615.326758412988,2149.165710323877,2337.641082487223,23
3.3499999999999996,3.3499999999999996,3.3499999999999996,3694.49517175929,1720.3727397261125,1871.2442573675742,23
3.3499999999999996,3.3499999999999996,3.3499999999999996,4362.193729095552,2031.2921869015602,2209.4304054017393,23
3.3499999999999996,3.3499999999999996,3.3499999999999996,3942.6922260465485,1835.947784874376,1996.9548865438524,23
3.3499999999999996,3.3499999999999996,3.3499999999999996,3251.6890151039534,1514.1763298036244,1646.9650421443118,23
3.3499999999999996,3.3499999999999996,3.3499999999999996,3719.4436896172533,1731.990226831657,1883.8805631688117,23
3.3499999999999996,3.3499999999999996,3.3499999999999996,4881.346733810852,2273.040148540876,2472.3789365554626,23
3.3499999999999996,3.3499999999999996,3.3499999999999996,4268.092518875983,1987.4731671679672,2161.7685893623757,23
3.3499999999999996,3.3499999999999996,3.3499999999999996,5283.535617758551,2460.322783920531,2676.0856960654023,23
3.3499999999999996,3.3499999999999996,3.3499999999999996,4516.8744081974655,2103.3205456671594,2287.775434705795,23
3.3499999999999996,3.3499999999999996,3.3499999999999996,4028.767011553979,1876.029232455275,2040.5513565882902,23
3.3499999999999996,3.3499999999999996,3.3499999999999996,4037.2687892543363,1879.9881567236591,2044.857466614043,23
3.3499999999999996,3.3499999999999996,3.3499999999999996,3567.1938513140635,1661.0938095222823,1806.7667431839502,23
3.3499999999999996,3.3499999999999996,3.3499999999999996,4825.375693783133,2246.976763152297,2444.029870617751,23
3.3499999999999996,3.3499999999999996,3.3499999999999996,5062.499681272494,2357.39554164473,2564.1320440527948,23
3.3499999999999996,3.3499999999999996,3.3499999999999996,3854.006096290665,1794.650342888228,1952.0357830402395,23
3.3499999999999996,3.3499999999999996,3.3499999999999996,3678.2868438849823,1712.8251955732198,1863.0348162812331,23
3.3499999999999996,3.3499999999999996,3.3499999999999996,4366.751477079084,2033.4145405712432,2211.738883108221,23
3.3499999999999996,3.3499999999999996,3.3499999999999996,4331.6976328846185,2017.0914232923944,2193.984277513131,23
3.3499999999999996,3.3499999999999996,3.3499999999999996,3525.043021695167,1641.4659213097077,1785.417548178756,23
3.3499999999999996,3.3499999999999996,3.3499999999999996,4057.2441193878217,1889.2898371511678,2054.974876453154,23
3.3499999999999996,3.3499999999999996,3.3499999999999996,3706.1326136989687,1725.7918124119308,1877.1385664376019,23
3.3499999999999996,3.3499999999999996,3.3499999999999996,3032.6376536141265,1412.1732215609532,1536.0165679414902,23
3.3499999999999996,3.3499999999999996,3.3499999999999996,3348.6717178423314,1559.337140755941,1696.0863204587076,23
3.3499999999999996,3.3499999999999996,3.3499999999999996,3286.990561767714,1530.6147918199608,1664.8451078636294,23
3.3499999999999996,3.3499999999999996,3.3499999999999996,4315.746656725796,2009.6637171296086,2185.905183848383,23
3.3499999999999996,3.3499999999999996,3.3499999999999996,4544.940852390344,2116.3899213858126,2301.9909553869707,23
3.3499999999999996,3.3499999999999996,3.3499999999999996,3108.2600350160023,1447.3874192871901,1574.3189449505076,23
3.3499999999999996,3.3499999999999996,3.3499999999999996,4544.7854710636175,2116.3175667645896,2301.912255482973,23
3.3499999999999996,3.3499999999999996,3.3499999999999996,3660.6095923109806,1704.5936347489812,1854.0813723176996,23
3.3499999999999996,3.3499999999999996,3.3499999999999996,3992.557203421902,1859.167830849634,2022.211260749089,23
3.3499999999999996,3.3499999999999996,3.3499999999999996,3712.0973056322423,1728.5693213612744,1880.1596545723007,23
3.3499999999999996,3.3499999999999996,3.3499999999999996,4235.743629362721,1972.4096347794468,2145.384030466042,23
3.3499999999999996,3.3499999999999996,3.3499999999999996,4484.1220246452385,2088.0691228868527,2271.186507995134,23
3.3499999999999996,3.3499999999999996,3.3499999999999996,4264.442470412832,1985.7734914118087,2159.9198571518173,23
3.3499999999999996,3.3499999999999996,3.3499999999999996,5369.5073287586,2500.356233990427,2719.629959361407,23
3.3499999999999996,3.3499999999999996,3.3499999999999996,4719.933201761388,2197.8765801910026,2390.6237492113833,23
3.3499999999999996,3.3499999999999996,3.3499999999999996,4541.621782823125,2114.844368735387,2300.309862415207,23
3.3499999999999996,3.3499999999999996,3.3499999999999996,4601.158925394304,2142.568339756811,2330.4651423538567,23
3.3499999999999996,3.3499999999999996,3.3499999999999996,4785.6658797177715,2228.485554356074,2423.917038396736,23
3.3499999999999996,3.3499999999999996,3.3499999999999996,4454.067237024879,2074.0738583333728,2255.9639008116415,23
3.3499999999999996,3.3499999999999996,3.3499999999999996,4668.932774010645,2174.1278022016763,2364.7922747838707,23
3.3499999999999996,3.3499999999999996,3.3499999999999996,3935.434584720562,1832.5682031693086,1993.2789256826502,23
3.3499999999999996,3.3499999999999996,3.3499999999999996,4172.4959018554755,1942.9577986842662,2113.3493568808217,23
3.3499999999999996,3.3499999999999996,3.3499999999999996,4257.320889144159,1982.4572672164109,2156.312810063423,23
3.3499999999999996,3.3499999999999996,3.3499999999999996,4929.704714472046,2295.5584488254867,2496.8720240825087,23
