3.3499999999999996,3.3499999999999996,3.3499999999999996,2520.9514856385535,2300.285744457994,907.3459474015493,1
3.3499999999999996,3.3499999999999996,3.3499999999999996,2743.7448559112217,2503.5774049748793,987.5341869517575,1
3.3499999999999996,3.3499999999999996,3.3499999999999996,2985.5778042742086,2724.2420575192414,1074.5751898807544,1
3.3499999999999996,3.3499999999999996,3.3499999999999996,2780.060131065725,2536.713905308131,1000.6048540899092,1
3.3499999999999996,3.3499999999999996,3.3499999999999996,3058.2911383820656,2790.5905956934885,1100.7463198690446,1
3.3499999999999996,3.3499999999999996,3.3499999999999996,2625.1319133888396,2395.346975969483,944.8427772518222,1
3.3499999999999996,3.3499999999999996,3.3499999999999996,2502.9929517049327,2283.899169851458,900.8822756177915,1
3.3499999999999996,3.3499999999999996,3.3499999999999996,2475.585154142508,2258.8904513659986,891.0176057948539,1
3.3499999999999996,3.3499999999999996,3.3499999999999996,2639.7621266887068,2408.696566901234,950.1085131546661,1
3.3499999999999996,3.3499999999999996,3.3499999999999996,2629.4628481400614,2399.2988122206634,946.4015760297315,1
3.3499999999999996,3.3499999999999996,3.3499999999999996,2723.995467438425,2485.55673419857,980.4259471873132,1
3.3499999999999996,3.3499999999999996,3.3499999999999996,2783.361823867014,2539.726591957062,1001.7932060276127,1
3.3499999999999996,3.3499999999999996,3.3499999999999996,2845.9856577072005,2596.8687912681276,1024.332902713306,1
3.3499999999999996,3.3499999999999996,3.3499999999999996,2852.156233510359,2602.499239785667,1026.5538288120529,1
3.3499999999999996,3.3499999999999996,3.3499999999999996,2838.8099634185305,2590.321205020297,1021.7502123403623,1
3.3499999999999996,3.3499999999999996,3.3499999999999996,2535.4998224167675,2313.5606257427576,912.582214141447,1
3.3499999999999996,3.3499999999999996,3.3499999999999996,2484.4220732477406,2266.953850903236,894.1982075570561,1
3.3499999999999996,3.3499999999999996,3.3499999999999996,2603.873627162989,2375.9494853650394,937.1914519622989,1
3.3499999999999996,3.3499999999999996,3.3499999999999996,2425.7637313620776,2213.4300332487455,873.0857787402161,1
3.3499999999999996,3.3499999999999996,3.3499999999999996,2483.913860171545,2266.490123100071,894.0152904808135,1
3.3499999999999996,3.3499999999999996,3.3499999999999996,2332.3165517334905,2128.162539453642,839.4520812196046,1
3.3499999999999996,3.3499999999999996,3.3499999999999996,2651.33412086497,2419.2556329484196,954.2735286573455,1
3.3499999999999996,3.3499999999999996,3.3499999999999996,2465.4453424326543,2249.6382049580293,887.3680642964302,1
3.3499999999999996,3.3499999999999996,3.3499999999999996,2122.3121040687392,1936.540352359612,763.8668565096388,1
3.3499999999999996,3.3499999999999996,3.3499999999999996,2737.295173896387,2497.692281171612,985.2128043819115,1
3.3499999999999996,3.3499999999999996,3.3499999999999996,2479.352114529939,2262.3276794636076,892.3734177813317,1
3.3499999999999996,3.3499999999999996,3.3499999999999996,2660.502986568842,2427.621922895537,957.5736053093839,1
3.3499999999999996,3.3499999999999996,3.3499999999999996,2689.2550167787267,2453.857209688163,967.9220940602087,1
3.3499999999999996,3.3499999999999996,3.3499999999999996,2613.415825294867,2384.6564289371777,940.6258991754187,1
3.3499999999999996,3.3499999999999996,3.3499999999999996,2586.5022877963092,2360.0987065876784,930.9391244323617,1
3.3499999999999996,3.3499999999999996,3.3499999999999996,2531.233472661854,2309.6677211874708,911.046660925778,1
3.3499999999999996,3.3499999999999996,3.3499999999999996,2800.60695735895,2555.4622120032072,1008.0001092843578,1
3.3499999999999996,3.3499999999999996,3.3499999999999996,2765.9313580712123,2523.8218622477593,995.5195975939556,1
3.3499999999999996,3.3499999999999996,3.3499999999999996,2883.668189823116,2631.2528688416655,1037.8956757368987,1
3.3499999999999996,3.3499999999999996,3.3499999999999996,2921.863547382779,2666.104882852841,1051.6430259293738,1
3.3499999999999996,3.3499999999999996,3.3499999999999996,2611.8070129943826,2383.1884403537424,940.0468522047452,1
3.3499999999999996,3.3499999999999996,3.3499999999999996,2619.553841640792,2390.2571680153455,942.8351064085955,1
3.3499999999999996,3.3499999999999996,3.3499999999999996,2474.1803310416603,2257.608596252652,890.5119790286778,1
3.3499999999999996,3.3499999999999996,3.3499999999999996,2190.2501023446607,1998.5315528374467,788.3192379859989,1
3.3499999999999996,3.3499999999999996,3.3499999999999996,2268.1432006313253,2069.606456341627,816.354679153187,1
3.3499999999999996,3.3499999999999996,3.3499999999999996,2393.941805971378,2184.393567551394,861.6323671191464,1
3.3499999999999996,3.3499999999999996,3.3499999999999996,1988.3622628468322,1814.3155051182068,715.655359271328,1
3.3499999999999996,3.3499999999999996,3.3499999999999996,2129.5888581339154,1943.1801523468027,766.4859205213379,1
3.3499999999999996,3.3499999999999996,3.3499999999999996,2362.6651755349817,2155.8546656576505,850.3752191587399,1
3.3499999999999996,3.3499999999999996,3.3499999999999996,2160.0831497681866,1971.005195681935,777.4614875208862,1
3.3499999999999996,3.3499999999999996,3.3499999999999996,2570.004185420012,2345.044727991502,925.0010941226838,1
3.3499999999999996,3.3499999999999996,3.3499999999999996,2478.557962611714,2261.603041823084,892.0875850198813,1
3.3499999999999996,3.3499999999999996,3.3499999999999996,2451.9727593273733,2237.3449137008774,882.5189849899674,1
3.3499999999999996,3.3499999999999996,3.3499999999999996,2420.7801003168215,2208.882632985652,871.2920601946521,1
3.3499999999999996,3.3499999999999996,3.3499999999999996,2242.25842775379,2045.9874480473657,807.0381794491508,1
3.3499999999999996,3.3499999999999996,3.3499999999999996,2329.794272399879,2125.861042091355,838.5442573504806,1
3.3499999999999996,3.3499999999999996,3.3499999999999996,2535.786009621249,2313.8217622027264,912.6852192177699,1
3.3499999999999996,3.3499999999999996,3.3499999999999996,2567.991135578349,2343.207885878497,924.2765531602116,1
3.3499999999999996,3.3499999999999996,3.3499999999999996,2443.8550900597124,2229.937806106383,879.5972570811524,1
3.3499999999999996,3.3499999999999996,3.3499999999999996,2754.4257279448766,2513.3233512246825,991.3784679740863,1
3.3499999999999996,3.3499999999999996,3.3499999999999996,2921.317645806532,2665.6067655265565,1051.446543932116,1
3.3499999999999996,3.3499999999999996,3.3499999999999996,2567.2021034112195,2342.487919843329,923.9925631099102,1
3.3499999999999996,3.3499999999999996,3.3499999999999996,2592.49024517502,2365.5625217682323,933.0943221391552,1
3.3499999999999996,3.3499999999999996,3.3499999999999996,2817.337932428495,2570.728679312319,1014.0219556038571,1
3.3499999999999996,3.3499999999999996,3.3499999999999996,3168.2552227528827,2890.9292246284654,1140.3248150848335,1
3.3499999999999996,3.3499999999999996,3.3499999999999996,3049.377819660294,2494.8448305347465,920.0286753577709,2
3.3499999999999996,3.3499999999999996,3.3499999999999996,3318.871764921502,2715.330980811211,1001.3377725372175,2
3.3499999999999996,3.3499999999999996,3.3499999999999996,3611.39624744416,2954.659537712633,1089.5954198611626,2
3.3499999999999996,3.3499999999999996,3.3499999999999996,3362.799224534217,2751.270179564061,1014.5911392465682,2
3.3499999999999996,3.3499999999999996,3.3499999999999996,3699.3513030988247,3026.6198617186237,1116.132365471266,2
3.3499999999999996,3.3499999999999996,3.3499999999999996,3175.395907447483,2597.946378936762,958.0496295440523,2
3.3499999999999996,3.3499999999999996,3.3499999999999996,3027.654928377866,2477.0722729097706,913.4746554647096,2
3.3499999999999996,3.3499999999999996,3.3499999999999996,2994.5020769847633,2449.948307036371,903.4720989579768,2
3.3499999999999996,3.3499999999999996,3.3499999999999996,3193.092816010645,2612.4250835959874,963.3889690113758,2
3.3499999999999996,3.3499999999999996,3.3499999999999996,3180.634666084453,2602.232463074844,959.630216947232,2
3.3499999999999996,3.3499999999999996,3.3499999999999996,3294.982631194064,2695.7861145104216,994.1301750014203,2
3.3499999999999996,3.3499999999999996,3.3499999999999996,3366.7929978586703,2754.537680451817,1015.7961017663605,2
3.3499999999999996,3.3499999999999996,3.3499999999999996,3442.5436543001942,2816.512989780262,1038.6508545142965,2
3.3499999999999996,3.3499999999999996,3.3499999999999996,3450.0076682234603,2822.619663879956,1040.902824341846,2
3.3499999999999996,3.3499999999999996,3.3499999999999996,3433.863835140965,2809.4116060751135,1036.0320637328052,2
3.3499999999999996,3.3499999999999996,3.3499999999999996,3066.9756892492824,2509.242506575232,925.3381337471803,2
3.3499999999999996,3.3499999999999996,3.3499999999999996,3005.191336681803,2458.6937121237515,906.6971586328448,2
3.3499999999999996,3.3499999999999996,3.3499999999999996,3149.6815901072273,2576.9082408374256,950.2913553257002,2
3.3499999999999996,3.3499999999999996,3.3499999999999996,2934.2373942107984,2400.642828616123,885.289623862266,2
3.3499999999999996,3.3499999999999996,3.3499999999999996,3004.576595108615,2458.1907620379684,906.5116847726947,2
3.3499999999999996,3.3499999999999996,3.3499999999999996,2821.202391953686,2308.1633761742296,851.1858002149688,2
3.3499999999999996,3.3499999999999996,3.3499999999999996,3207.0904603807817,2623.877239662496,967.6122023952339,2
3.3499999999999996,3.3499999999999996,3.3499999999999996,2982.2368203545957,2439.913501935583,899.7715447866892,2
3.3499999999999996,3.3499999999999996,3.3499999999999996,2567.1781045419452,2100.3337080388274,774.5440580374902,2
3.3499999999999996,3.3499999999999996,3.3499999999999996,3311.07014026036,2708.948090888508,998.9839420750322,2
3.3499999999999996,3.3499999999999996,3.3499999999999996,2999.058644423054,2453.6762572579237,904.8468622547388,2
3.3499999999999996,3.3499999999999996,3.3499999999999996,3218.181247279344,2632.9511537514763,970.9584069597101,2
3.3499999999999996,3.3499999999999996,3.3499999999999996,3252.9601010937467,2661.405431568862,981.4515451333494,2
3.3499999999999996,3.3499999999999996,3.3499999999999996,3161.2239650795013,2586.3516211709525,953.7738086601994,2
3.3499999999999996,3.3499999999999996,3.3499999999999996,3128.668977502694,2559.7167968666395,943.9516338206397,2
3.3499999999999996,3.3499999999999996,3.3499999999999996,3061.8150535180275,2505.0203385993955,923.7811168287724,2
3.3499999999999996,3.3499999999999996,3.3499999999999996,3387.6529500897896,2771.6042255199536,1022.0897640654325,2
3.3499999999999996,3.3499999999999996,3.3499999999999996,3345.7088651068643,2737.2877223577384,1009.4348018967127,2
3.3499999999999996,3.3499999999999996,3.3499999999999996,3488.1249668631385,2853.8052863541648,1052.4032056817969,2
3.3499999999999996,3.3499999999999996,3.3499999999999996,3534.3266001829197,2891.6050976163046,1066.3427140065799,2
3.3499999999999996,3.3499999999999996,3.3499999999999996,3159.277923446792,2584.759469527405,953.1866678690554,2
3.3499999999999996,3.3499999999999996,3.3499999999999996,3168.648594632512,2592.4260729950383,956.0138958178608,2
3.3499999999999996,3.3499999999999996,3.3499999999999996,2992.8027835121693,2448.5580321060784,902.959404626512,2
3.3499999999999996,3.3499999999999996,3.3499999999999996,2649.356847859665,2167.568148987472,799.3382307601051,2
3.3499999999999996,3.3499999999999996,3.3499999999999996,2743.57741797897,2244.6545961888123,827.7655465749673,2
3.3499999999999996,3.3499999999999996,3.3499999999999996,2895.7451526829122,2369.1504470645837,873.6761183936655,2
3.3499999999999996,3.3499999999999996,3.3499999999999996,2405.1505220612617,1967.7710344502173,725.6586686573933,2
3.3499999999999996,3.3499999999999996,3.3499999999999996,2575.9801670060115,2107.5351049582046,777.1997308822984,2
3.3499999999999996,3.3499999999999996,3.3499999999999996,2857.912507481372,2338.1977134616905,862.2616199259319,2
3.3499999999999996,3.3499999999999996,3.3499999999999996,2612.8664843610018,2137.713601560772,788.3287124982002,2
3.3499999999999996,3.3499999999999996,3.3499999999999996,3108.712644451715,2543.3895467542834,937.9306027291441,2
3.3499999999999996,3.3499999999999996,3.3499999999999996,2998.0980272677175,2452.8903294766365,904.5570341713666,2
3.3499999999999996,3.3499999999999996,3.3499999999999996,2965.940197302222,2426.5804391988977,894.8546858710724,2
3.3499999999999996,3.3499999999999996,3.3499999999999996,2928.2091250999692,2395.7108074243706,883.4708330227122,2
3.3499999999999996,3.3499999999999996,3.3499999999999996,2712.266838331021,2219.0378827490745,818.3188224162025,2
3.3499999999999996,3.3499999999999996,3.3499999999999996,2818.1514079507338,2305.6672172467474,850.2652869375796,2
3.3499999999999996,3.3499999999999996,3.3499999999999996,3067.3218652540913,2509.5257300611784,925.4425786110119,2
3.3499999999999996,3.3499999999999996,3.3499999999999996,3106.277631492517,2541.397343802463,937.1959342558295,2
3.3499999999999996,3.3499999999999996,3.3499999999999996,2956.120952166739,2418.5468354886357,891.8921185444636,2
3.3499999999999996,3.3499999999999996,3.3499999999999996,3331.7914956103323,2725.90124308344,1005.2357882684884,2
3.3499999999999996,3.3499999999999996,3.3499999999999996,3533.6662700782713,2891.064849327816,1066.1434856172468,2
3.3499999999999996,3.3499999999999996,3.3499999999999996,3105.3232072589885,2540.6164827527755,936.9079746407103,2
3.3499999999999996,3.3499999999999996,3.3499999999999996,3135.912093651392,2565.642743715218,946.1369565159072,2
3.3499999999999996,3.3499999999999996,3.3499999999999996,3407.89096917465,2788.161936725367,1028.195782732737,2
3.3499999999999996,3.3499999999999996,3.3499999999999996,3832.365382009068,3135.4451719238814,1156.2640821889267,2
3.3499999999999996,3.3499999999999996,3.3499999999999996,2574.792847764033,2327.218032228854,909.2970429403803,3
3.3499999999999996,3.3499999999999996,3.3499999999999996,2802.3445398831714,2532.889879431522,989.6577138734596,3
3.3499999999999996,3.3499999999999996,3.3499999999999996,3049.3424489448707,2756.138125747876,1076.8858839055847,3
3.3499999999999996,3.3499999999999996,3.3499999999999996,2839.4354205546465,2566.414349722352,1002.7564872928104,3
3.3499999999999996,3.3499999999999996,3.3499999999999996,3123.6087621462784,2823.263488248227,1103.113290526963,3
3.3499999999999996,3.3499999999999996,3.3499999999999996,2681.1983148174727,2423.392263048837,946.8745034449813,3
3.3499999999999996,3.3499999999999996,3.3499999999999996,2556.4507634391125,2310.639599743816,902.8194721126932,3
3.3499999999999996,3.3499999999999996,3.3499999999999996,2528.457602309786,2285.3380732867145,892.9335899689879,3
3.3499999999999996,3.3499999999999996,3.3499999999999996,2696.1409937148487,2436.8981541382805,952.1515624312183,3
3.3499999999999996,3.3499999999999996,3.3499999999999996,2685.6217477494847,2427.3903683304616,948.4366541586654,3
3.3499999999999996,3.3499999999999996,3.3499999999999996,2782.173352743253,2514.6582183935298,982.5341890295667,3
3.3499999999999996,3.3499999999999996,3.3499999999999996,2842.8076294443076,2569.462309616786,1003.9473945823852,3
3.3499999999999996,3.3499999999999996,3.3499999999999996,2906.7689553126756,2627.273543268222,1026.535559111877,3
3.3499999999999996,3.3499999999999996,3.3499999999999996,2913.0713195331177,2632.96991440434,1028.7612609403398,3
3.3499999999999996,3.3499999999999996,3.3499999999999996,2899.440005732542,2620.6492963370592,1023.9473150957177,3
3.3499999999999996,3.3499999999999996,3.3499999999999996,2589.6519014573723,2340.648338953151,914.54456939517,3
3.3499999999999996,3.3499999999999996,3.3499999999999996,2537.483256408266,2293.495881006618,896.1210310827373,3
3.3499999999999996,3.3499999999999996,3.3499999999999996,2659.4860035564825,2403.7676620515863,939.2067252615193,3
3.3499999999999996,3.3499999999999996,3.3499999999999996,2477.572115710274,2239.345393877199,874.9632035226766,3
3.3499999999999996,3.3499999999999996,3.3499999999999996,2536.9641891429164,2293.026723769013,895.9377206739485,3
3.3499999999999996,3.3499999999999996,3.3499999999999996,2382.129132724641,2153.079568163583,841.2571823669898,3
3.3499999999999996,3.3499999999999996,3.3499999999999996,2707.9601374029166,2447.580848219966,956.3255341023686,3
3.3499999999999996,3.3499999999999996,3.3499999999999996,2518.101229005128,2275.977499396655,889.2762007426315,3
3.3499999999999996,3.3499999999999996,3.3499999999999996,2167.6395033421563,1959.2138233295939,765.5094242868628,3
3.3499999999999996,3.3499999999999996,3.3499999999999996,2795.757108424552,2526.935851211395,987.3313395590766,3
3.3499999999999996,3.3499999999999996,3.3499999999999996,2532.30501576404,2288.81554526119,894.292317402133,3
3.3499999999999996,3.3499999999999996,3.3499999999999996,2717.3248276680524,2456.0450926620724,959.6327070167005,3
3.3499999999999996,3.3499999999999996,3.3499999999999996,2746.6909309686694,2482.5875483772343,970.0034484598893,3
3.3499999999999996,3.3499999999999996,3.3499999999999996,2669.231999717802,2412.5765485716624,942.6485576783257,3
3.3499999999999996,3.3499999999999996,3.3499999999999996,2641.743654839256,2387.7312986196002,932.9409531480844,3
3.3499999999999996,3.3499999999999996,3.3499999999999996,2585.294432899334,2336.7098553536084,913.0057142294155,3
3.3499999999999996,3.3499999999999996,3.3499999999999996,2860.421076837772,2585.3821660119847,1010.1676447453339,3
3.3499999999999996,3.3499999999999996,3.3499999999999996,2825.0048915019474,2553.371363582629,997.6602958042101,3
3.3499999999999996,3.3499999999999996,3.3499999999999996,2945.256294212465,2662.0601977277743,1040.1274966079804,3
3.3499999999999996,3.3499999999999996,3.3499999999999996,2984.2674112540526,2697.320267335088,1053.904408175263,3
3.3499999999999996,3.3499999999999996,3.3499999999999996,2667.5888271187737,2411.091372431825,942.0682655640944,3
3.3499999999999996,3.3499999999999996,3.3499999999999996,2675.501109090585,2418.2428624232894,944.8625154417596,3
3.3499999999999996,3.3499999999999996,3.3499999999999996,2527.022775621116,2284.0412099115133,892.4268759371106,3
3.3499999999999996,3.3499999999999996,3.3499999999999996,2237.0284912099414,2021.9308313965737,790.0143865154147,3
3.3499999999999996,3.3499999999999996,3.3499999999999996,2316.5851956928454,2093.837896626345,818.1101132047318,3
3.3499999999999996,3.3499999999999996,3.3499999999999996,2445.0705517710935,2209.9689623943377,863.4851632576126,3
3.3499999999999996,3.3499999999999996,3.3499999999999996,2030.8288209065388,1835.5579387631149,717.1942562960112,3
3.3499999999999996,3.3499999999999996,3.3499999999999996,2175.0716710886168,1965.931363660317,768.1341201571973,3
3.3499999999999996,3.3499999999999996,3.3499999999999996,2413.125928953652,2181.095920309396,852.2038086853523,3
3.3499999999999996,3.3499999999999996,3.3499999999999996,2206.21724625928,1994.0821891623573,779.1332882758892,3
3.3499999999999996,3.3499999999999996,3.3499999999999996,2624.8931933201966,2372.50106449316,926.990154098457,3
3.3499999999999996,3.3499999999999996,3.3499999999999996,2531.4939027018763,2288.082423392344,894.0058700051877,3
3.3499999999999996,3.3499999999999996,3.3499999999999996,2504.3409044538616,2263.5402753874146,884.4166943030232,3
3.3499999999999996,3.3499999999999996,3.3499999999999996,2472.482046486681,2234.74475157981,873.1656278857105,3
3.3499999999999996,3.3499999999999996,3.3499999999999996,2290.147587333162,2069.942351414974,808.7735799279858,3
3.3499999999999996,3.3499999999999996,3.3499999999999996,2379.5529836693167,2150.75112432762,840.3474063746361,3
3.3499999999999996,3.3499999999999996,3.3499999999999996,2589.9442009210543,2340.9125328603545,914.647795966663,3
3.3499999999999996,3.3499999999999996,3.3499999999999996,2622.8371496541304,2370.642716199674,926.2640551319582,3
3.3499999999999996,3.3499999999999996,3.3499999999999996,2496.0498616115224,2256.0464436310344,881.4886837075386,3
3.3499999999999996,3.3499999999999996,3.3499999999999996,2813.2535292377092,2542.7499335175507,993.5102613784613,3
3.3499999999999996,3.3499999999999996,3.3499999999999996,2983.7098505544072,2696.81631793372,1053.707503676368,3
3.3499999999999996,3.3499999999999996,3.3499999999999996,2622.0312656884316,2369.91432063244,925.9794544086031,3
3.3499999999999996,3.3499999999999996,3.3499999999999996,2647.8595003520527,2393.259085436341,935.100785246692,3
3.3499999999999996,3.3499999999999996,3.3499999999999996,2877.50938464163,2600.8273767193036,1016.2024400370778,3
3.3499999999999996,3.3499999999999996,3.3499999999999996,3235.9214105894844,2924.776905504839,1142.7768926699068,3
3.3499999999999996,3.3499999999999996,3.3499999999999996,2526.3442513165946,2303.0541363849848,907.5494514675769,4
3.3499999999999996,3.3499999999999996,3.3499999999999996,2749.614216417583,2506.5904582415114,987.7556760353441,4
3.3499999999999996,3.3499999999999996,3.3499999999999996,2991.9644886684673,2727.520680506569,1074.816200953785,4
3.3499999999999996,3.3499999999999996,3.3499999999999996,2786.0071764345507,2539.7668383245873,1000.82927472779,4
3.3499999999999996,3.3499999999999996,3.3499999999999996,3064.8333695905912,2793.9490690897896,1100.9932007333935,4
3.3499999999999996,3.3499999999999996,3.3499999999999996,2630.747539617072,2398.2297740073323,945.0546912935152,4
3.3499999999999996,3.3499999999999996,3.3499999999999996,2508.347300870011,2286.6478405499183,901.0843299793339,4
3.3499999999999996,3.3499999999999996,3.3499999999999996,2480.8808731313034,2261.6090240931408,891.2174476591402,4
3.3499999999999996,3.3499999999999996,3.3499999999999996,2645.409049557353,2411.5954311603564,950.3216082218214,4
3.3499999999999996,3.3499999999999996,3.3499999999999996,2635.0877390115893,2402.186366290062,946.6138396865742,4
3.3499999999999996,3.3499999999999996,3.3499999999999996,2729.82258047397,2488.5480996033293,980.6458419994991,4
3.3499999999999996,3.3499999999999996,3.3499999999999996,2789.3159321466974,2542.783150739325,1002.017893194982,4
3.3499999999999996,3.3499999999999996,3.3499999999999996,2852.0737295572594,2599.994120638412,1024.5626451960545,4
3.3499999999999996,3.3499999999999996,3.3499999999999996,2858.2575053246355,2605.6313453959287,1026.7840694151635,4
3.3499999999999996,3.3499999999999996,3.3499999999999996,2844.8826851763342,2593.438654376129,1021.979375564457,4
3.3499999999999996,3.3499999999999996,3.3499999999999996,2540.9237095867124,2316.3449939780253,912.7868926234463,4
3.3499999999999996,3.3499999999999996,3.3499999999999996,2489.7366959855062,2269.6821279248275,894.3987627825393,4
3.3499999999999996,3.3499999999999996,3.3499999999999996,2609.443778118498,2378.8089385395288,937.4016499266659,4
3.3499999999999996,3.3499999999999996,3.3499999999999996,2430.952873425322,2216.093894401547,873.2815987650624,4
3.3499999999999996,3.3499999999999996,3.3499999999999996,2489.227395750732,2269.2178420256487,894.2158046807443,4
3.3499999999999996,3.3499999999999996,3.3499999999999996,2337.305793582121,2130.7237812505537,839.640357711336,4
3.3499999999999996,3.3499999999999996,3.3499999999999996,2657.0057982968738,2422.1672050345046,954.4875578749115,4
3.3499999999999996,3.3499999999999996,3.3499999999999996,2470.719370552394,2252.3456426145285,887.5670876233813,4
3.3499999999999996,3.3499999999999996,3.3499999999999996,2126.8521088796665,1938.8709770181697,764.0381803708943,4
3.3499999999999996,3.3499999999999996,3.3499999999999996,2743.150737380472,2500.6982516967787,985.4337728142592,4
3.3499999999999996,3.3499999999999996,3.3499999999999996,2484.655891720093,2265.0503888918265,892.5735637338801,4
3.3499999999999996,3.3499999999999996,3.3499999999999996,2666.1942778428033,2430.54356380442,957.7883746845702,4
3.3499999999999996,3.3499999999999996,3.3499999999999996,2695.0078137827954,2456.8104247422725,968.1391844459687,4
3.3499999999999996,3.3499999999999996,3.3499999999999996,2619.0063887172046,2387.5263609108115,940.8368674347042,4
3.3499999999999996,3.3499999999999996,3.3499999999999996,2592.0352783529556,2362.939083363459,931.1479200935851,4
3.3499999999999996,3.3499999999999996,3.3499999999999996,2536.6482333473505,2312.4474043154346,911.2509950062575,4
3.3499999999999996,3.3499999999999996,3.3499999999999996,2806.597956060578,2558.537708590743,1008.2261885668885,4
3.3499999999999996,3.3499999999999996,3.3499999999999996,2771.8481794700365,2526.8592797014135,995.7428776851941,4
3.3499999999999996,3.3499999999999996,3.3499999999999996,2889.8368713425853,2634.419579419915,1038.1284601458995,4
3.3499999999999996,3.3499999999999996,3.3499999999999996,2928.1139355969153,2669.3135378001584,1051.8788936625124,4
3.3499999999999996,3.3499999999999996,3.3499999999999996,2617.394134879743,2386.0566056043713,940.2576905924934,4
3.3499999999999996,3.3499999999999996,3.3499999999999996,2625.1575353768512,2393.133840473673,943.0465701598771,4
3.3499999999999996,3.3499999999999996,3.3499999999999996,2479.473044862825,2260.325626268261,890.7117074884759,4
3.3499999999999996,3.3499999999999996,3.3499999999999996,2194.935438673241,2000.9367838527849,788.4960461491007,4
3.3499999999999996,3.3499999999999996,3.3499999999999996,2272.9951642152846,2072.0972259425716,816.5377752446,4
3.3499999999999996,3.3499999999999996,3.3499999999999996,2399.0628752501866,2187.0224833425505,861.8256183158173,4
3.3499999999999996,3.3499999999999996,3.3499999999999996,1992.6157250128747,1816.4990322775975,715.8158700179769,4
3.3499999999999996,3.3499999999999996,3.3499999999999996,2134.1444292220176,1945.5187679989697,766.6578317993082,4
3.3499999999999996,3.3499999999999996,3.3499999999999996,2367.7193385126957,2158.4492349047764,850.5659455462256,4
3.3499999999999996,3.3499999999999996,3.3499999999999996,2164.7039535948948,1973.3772987499683,777.6358604536615,4
3.3499999999999996,3.3499999999999996,3.3499999999999996,2575.5018835877518,2347.8669873169106,925.2085579729088,4
3.3499999999999996,3.3499999999999996,3.3499999999999996,2483.8600409690143,2264.324879150522,892.287666864435,4
3.3499999999999996,3.3499999999999996,3.3499999999999996,2457.2179671845342,2240.037556391859,882.7169207412718,4
3.3499999999999996,3.3499999999999996,3.3499999999999996,2425.958581502772,2211.5410213461237,871.4874779153736,4
3.3499999999999996,3.3499999999999996,3.3499999999999996,2247.055019183405,2048.449792192019,807.2191859896307,4
3.3499999999999996,3.3499999999999996,3.3499999999999996,2334.7781186423276,2128.41951403816,838.7323302309551,4
3.3499999999999996,3.3499999999999996,3.3499999999999996,2541.210508996761,2316.6064447155013,912.8899208022605,4
3.3499999999999996,3.3499999999999996,3.3499999999999996,2573.48452747278,2346.0279345659933,924.4838545067824,4
3.3499999999999996,3.3499999999999996,3.3499999999999996,2449.082932771823,2232.621534349706,879.7945375327766,4
3.3499999999999996,3.3499999999999996,3.3499999999999996,2760.3179367450043,2516.348133729296,991.6008192721579,4
3.3499999999999996,3.3499999999999996,3.3499999999999996,2927.5668662396533,2668.8148209900983,1051.6823675972942,4
3.3499999999999996,3.3499999999999996,3.3499999999999996,2572.6938074248587,2345.307102052318,924.1998007617789,4
3.3499999999999996,3.3499999999999996,3.3499999999999996,2598.0360450424437,2368.4094742409115,933.3036011788496,4
3.3499999999999996,3.3499999999999996,3.3499999999999996,2823.3647216753316,2573.82254908021,1014.2493854960583,4
3.3499999999999996,3.3499999999999996,3.3499999999999996,3175.03268678655,2894.4084554789133,1140.5805728111193,4
3.3499999999999996,3.3499999999999996,3.3499999999999996,2521.4908471299227,2300.563328869414,907.3663832718773,5
3.3499999999999996,3.3499999999999996,3.3499999999999996,2744.331884390687,2503.879521380233,987.5564288768434,5
3.3499999999999996,3.3499999999999996,3.3499999999999996,2986.2165732891162,2724.5708023849274,1074.5993922032546,5
3.3499999999999996,3.3499999999999996,3.3499999999999996,2780.654929254793,2537.0200204236294,1000.6273904015623,5
3.3499999999999996,3.3499999999999996,3.3499999999999996,3058.945464527902,2790.927347094868,1100.7711116357582,5
3.3499999999999996,3.3499999999999996,3.3499999999999996,2625.693564444765,2395.6360317887757,944.8640576515768,5
3.3499999999999996,3.3499999999999996,3.3499999999999996,2503.528470940034,2284.1747768313016,900.9025659088518,5
3.3499999999999996,3.3499999999999996,3.3499999999999996,2476.1148094366918,2259.1630404466882,891.0376739070267,5
3.3499999999999996,3.3499999999999996,3.3499999999999996,2640.326907901523,2408.9872336674925,950.1299121529513,5
3.3499999999999996,3.3499999999999996,3.3499999999999996,2630.0254258062128,2399.588344923379,946.4228915378256,5
3.3499999999999996,3.3499999999999996,3.3499999999999996,2724.5782705055085,2485.856675979619,980.4480290157272,5
3.3499999999999996,3.3499999999999996,3.3499999999999996,2783.9573284583926,2540.033070625155,1001.8157691041466,5
3.3499999999999996,3.3499999999999996,3.3499999999999996,2846.5945607652325,2597.1821655072604,1024.3559734444116,5
3.3499999999999996,3.3499999999999996,3.3499999999999996,2852.7664567726815,2602.8132934728824,1026.576949564386,5
3.3499999999999996,3.3499999999999996,3.3499999999999996,2839.4173312256085,2590.6337891367775,1021.7732249023369,5
3.3499999999999996,3.3499999999999996,3.3499999999999996,2536.042296547418,2313.8398120856405,912.6027679465808,5
3.3499999999999996,3.3499999999999996,3.3499999999999996,2484.953619214512,2267.2274130256533,894.2183473049322,5
3.3499999999999996,3.3499999999999996,3.3499999999999996,2604.430729975512,2376.2362004138317,937.2125600336356,5
3.3499999999999996,3.3499999999999996,3.3499999999999996,2426.2827272853665,2213.697136444285,873.1054429794302,5
3.3499999999999996,3.3499999999999996,3.3499999999999996,2484.445297405338,2266.763629262653,894.0354261089052,5
3.3499999999999996,3.3499999999999996,3.3499999999999996,2332.815554487353,2128.419353089662,839.4709879375191,5
3.3499999999999996,3.3499999999999996,3.3499999999999996,2651.901377923939,2419.5475739181725,954.295021462978,5
3.3499999999999996,3.3499999999999996,3.3499999999999996,2465.972828298352,2249.9096775342236,887.388050211116,5
3.3499999999999996,3.3499999999999996,3.3499999999999996,2122.766176044389,1936.774042202361,763.8840608450657,5
3.3499999999999996,3.3499999999999996,3.3499999999999996,2737.880822456353,2497.9936873962297,985.2349940232202,5
3.3499999999999996,3.3499999999999996,3.3499999999999996,2479.8825757711566,2262.600683327956,892.3935164300359,5
3.3499999999999996,3.3499999999999996,3.3499999999999996,2661.0722053208897,2427.9148734579794,957.5951724416157,5
3.3499999999999996,3.3499999999999996,3.3499999999999996,2689.8303870723576,2454.1533261645177,967.9438942682312,5
3.3499999999999996,3.3499999999999996,3.3499999999999996,2613.9749696755216,2384.9441946866546,940.647084599741,5
3.3499999999999996,3.3499999999999996,3.3499999999999996,2587.0556739837557,2360.3835088614564,930.9600916844714,5
3.3499999999999996,3.3499999999999996,3.3499999999999996,2531.775034000339,2309.9464377584472,911.0671801461245,5
3.3499999999999996,3.3499999999999996,3.3499999999999996,2801.2061515734613,2555.770589549663,1008.0228121570414,5
3.3499999999999996,3.3499999999999996,3.3499999999999996,2766.523133387323,2524.1264216303694,995.5420193719597,5
3.3499999999999996,3.3499999999999996,3.3499999999999996,2884.2851551175045,2631.5703923409324,1037.9190519381195,5
3.3499999999999996,3.3499999999999996,3.3499999999999996,2922.488684633325,2666.426612079948,1051.6667117578834,5
3.3499999999999996,3.3499999999999996,3.3499999999999996,2612.3658131671436,2383.4760289553374,940.0680245873727,5
3.3499999999999996,3.3499999999999996,3.3499999999999996,2620.114299259591,2390.5456096277517,942.8563415902044,5
3.3499999999999996,3.3499999999999996,3.3499999999999996,2474.7096857717565,2257.881030646908,890.5320357527766,5
3.3499999999999996,3.3499999999999996,3.3499999999999996,2190.7187097607107,1998.7727233990322,788.3369930548023,5
3.3499999999999996,3.3499999999999996,3.3499999999999996,2268.628473396906,2069.8562037877596,816.373065655505,5
3.3499999999999996,3.3499999999999996,3.3499999999999996,2394.453993544235,2184.6571668038864,861.6517733967356,5
3.3499999999999996,3.3499999999999996,3.3499999999999996,1988.7876760456104,1814.5344456141133,715.6714777542104,5
3.3499999999999996,3.3499999999999996,3.3499999999999996,2130.0444869824155,1943.4146434399947,766.5031838451283,5
3.3499999999999996,3.3499999999999996,3.3499999999999996,2363.17067142411,2156.1148210100528,850.3943718950899,5
3.3499999999999996,3.3499999999999996,3.3499999999999996,2160.5453029178116,1971.243044531134,777.4789980439557,5
3.3499999999999996,3.3499999999999996,3.3499999999999996,2570.5540418127944,2345.3277136432366,925.0219276343859,5
3.3499999999999996,3.3499999999999996,3.3499999999999996,2479.088253942894,2261.875958242595,892.1076772308634,5
3.3499999999999996,3.3499999999999996,3.3499999999999996,2452.4973627129607,2237.6149027978877,882.5388616903494,5
3.3499999999999996,3.3499999999999996,3.3499999999999996,2421.298029984497,2209.1491874287462,871.3116840345015,5
3.3499999999999996,3.3499999999999996,3.3499999999999996,2242.7381624319532,2046.234345296069,807.056356118846,5
3.3499999999999996,3.3499999999999996,3.3499999999999996,2330.292735508155,2126.117577996754,838.5631436217606,5
3.3499999999999996,3.3499999999999996,3.3499999999999996,2536.328544982097,2314.1009800579604,912.7057753428548,5
3.3499999999999996,3.3499999999999996,3.3499999999999996,2568.5405612759864,2343.490649871363,924.2973703533029,5
3.3499999999999996,3.3499999999999996,3.3499999999999996,2444.3779566573335,2230.2069013589626,879.6170679763659,5
3.3499999999999996,3.3499999999999996,3.3499999999999996,2755.015041613526,2513.626643711209,991.4007964827167,5
3.3499999999999996,3.3499999999999996,3.3499999999999996,2921.9426662605865,2665.9284346439117,1051.4702253353228,5
3.3499999999999996,3.3499999999999996,3.3499999999999996,2567.7513602941976,2342.7705969550984,924.013373906782,5
3.3499999999999996,3.3499999999999996,3.3499999999999996,2593.044912495261,2365.8479833818005,933.1153379321125,5
3.3499999999999996,3.3499999999999996,3.3499999999999996,2817.940706261146,2571.038899122656,1014.0447941047106,5
3.3499999999999996,3.3499999999999996,3.3499999999999996,3168.933075885605,2891.2780842817533,1140.350498265675,5
3.3499999999999996,3.3499999999999996,3.3499999999999996,2521.0054226355537,2300.3135103440413,907.3479918447126,6
3.3499999999999996,3.3499999999999996,3.3499999999999996,2743.8035596819623,2503.607624718276,987.5364120760589,6
3.3499999999999996,3.3499999999999996,3.3499999999999996,2985.6416821798284,2724.274940822855,1074.5776111269251,6
3.3499999999999996,3.3499999999999996,3.3499999999999996,2780.1196118196394,2536.7445250297887,1000.6071086652003,6
3.3499999999999996,3.3499999999999996,3.3499999999999996,3058.3565720252336,2790.62427986541,1100.7488000843302,6
3.3499999999999996,3.3499999999999996,3.3499999999999996,2625.1880793773335,2395.3758893039844,944.8449061833087,6
3.3499999999999996,3.3499999999999996,3.3499999999999996,2503.0465044702655,2283.9267379413122,900.8843054969293,6
3.3499999999999996,3.3499999999999996,3.3499999999999996,2475.6381205045313,2258.9177175849964,891.0196134467952,6
3.3499999999999996,3.3499999999999996,3.3499999999999996,2639.81860569781,2408.7256413736386,950.1106539509741,6
3.3499999999999996,3.3499999999999996,3.3499999999999996,2629.5191067910346,2399.3277732562974,946.4037084735228,6
3.3499999999999996,3.3499999999999996,3.3499999999999996,2724.0537486612848,2485.586736421213,980.4281562952403,6
3.3499999999999996,3.3499999999999996,3.3499999999999996,2783.4213752622704,2539.7572480437293,1001.7954632805131,6
3.3499999999999996,3.3499999999999996,3.3499999999999996,2846.046548970184,2596.9001370968413,1024.3352107529308,6
3.3499999999999996,3.3499999999999996,3.3499999999999996,2852.217256795847,2602.5306535774116,1026.5561418558962,6
3.3499999999999996,3.3499999999999996,3.3499999999999996,2838.8707011540055,2590.352471815553,1021.7525145606371,6
3.3499999999999996,3.3499999999999996,3.3499999999999996,2535.5540706825886,2313.5885518649156,912.5842703830318,6
3.3499999999999996,3.3499999999999996,3.3499999999999996,2484.475228679995,2266.981214452504,894.2002223755688,6
3.3499999999999996,3.3499999999999996,3.3499999999999996,2603.9293383199933,2375.978164559711,937.1935636537241,6
3.3499999999999996,3.3499999999999996,3.3499999999999996,2425.815631770255,2213.456750732095,873.087745987942,6
3.3499999999999996,3.3499999999999996,3.3499999999999996,2483.9670047303307,2266.5174810518547,894.0173048871751,6
3.3499999999999996,3.3499999999999996,3.3499999999999996,2332.3664527932965,2128.18822770507,839.4539726834652,6
3.3499999999999996,3.3499999999999996,3.3499999999999996,2651.390847462581,2419.284834875348,954.2756788383182,6
3.3499999999999996,3.3499999999999996,3.3499999999999996,2465.498091848419,2249.665359496632,887.3700637251795,6
3.3499999999999996,3.3499999999999996,3.3499999999999996,2122.357511980094,1936.563727611525,763.8685776639317,6
3.3499999999999996,3.3499999999999996,3.3499999999999996,2737.3537396730085,2497.722429877888,985.2150242756447,6
3.3499999999999996,3.3499999999999996,3.3499999999999996,2479.4051614879327,2262.354987172096,892.3754284882054,6
3.3499999999999996,3.3499999999999996,3.3499999999999996,2660.5599093388446,2427.6512258088114,957.5757629261304,6
3.3499999999999996,3.3499999999999996,3.3499999999999996,2689.3125547125574,2453.8868292777393,967.9242749942986,6
3.3499999999999996,3.3499999999999996,3.3499999999999996,2613.4717406118934,2384.685213230097,940.6280186053834,6
3.3499999999999996,3.3499999999999996,3.3499999999999996,2586.557627284963,2360.127194453547,930.9412220359648,6
3.3499999999999996,3.3499999999999996,3.3499999999999996,2531.2876296470236,2309.695600319839,911.0487137074349,6
3.3499999999999996,3.3499999999999996,3.3499999999999996,2800.6668777223194,2555.4930580286396,1008.0023805227296,6
3.3499999999999996,3.3499999999999996,3.3499999999999996,2765.990536533079,2523.8523263544034,995.5218407110835,6
3.3499999999999996,3.3499999999999996,3.3499999999999996,2883.729887322409,2631.284629707677,1037.8980143363324,6
3.3499999999999996,3.3499999999999996,3.3499999999999996,2921.926062090534,2666.137064404436,1051.6453955045076,6
3.3499999999999996,3.3499999999999996,3.3499999999999996,2611.862893890079,2383.217206927123,940.0489703299937,6
3.3499999999999996,3.3499999999999996,3.3499999999999996,2619.6098882836977,2390.2860199126853,942.837230816373,6
3.3499999999999996,3.3499999999999996,3.3499999999999996,2474.2332673468027,2257.6358469988572,890.5139855413348,6
3.3499999999999996,3.3499999999999996,3.3499999999999996,2190.296963822905,1998.555676361879,788.3210142367018,6
3.3499999999999996,3.3499999999999996,3.3499999999999996,2268.1917286707203,2069.631437784549,816.3565185736943,6
3.3499999999999996,3.3499999999999996,3.3499999999999996,2393.99302553381,2184.419934546462,861.6343085599028,6
3.3499999999999996,3.3499999999999996,3.3499999999999996,1988.4048048354489,1814.3374050398538,715.6569717948763,6
3.3499999999999996,3.3499999999999996,3.3499999999999996,2129.634421735003,1943.20360774525,766.4876475769385,6
3.3499999999999996,3.3499999999999996,3.3499999999999996,2362.7157259185215,2155.880688170343,850.3771352347503,6
3.3499999999999996,3.3499999999999996,3.3499999999999996,2160.1293658096424,1971.028986946039,777.4632393067707,6
3.3499999999999996,3.3499999999999996,3.3499999999999996,2570.0591719236513,2345.0730341464437,925.0031783466435,6
3.3499999999999996,3.3499999999999996,3.3499999999999996,2478.610992578437,2261.630340784743,892.0895950827133,6
3.3499999999999996,3.3499999999999996,3.3499999999999996,2452.0252204905955,2237.371919851775,882.5209734927106,6
3.3499999999999996,3.3499999999999996,3.3499999999999996,2420.831894097762,2208.909295579039,871.2940234007488,6
3.3499999999999996,3.3499999999999996,3.3499999999999996,2242.306401975737,2046.0121443941016,807.0399978776053,6
3.3499999999999996,3.3499999999999996,3.3499999999999996,2329.8441194942784,2125.8867025622726,838.5461467688211,6
3.3499999999999996,3.3499999999999996,3.3499999999999996,2535.840264010186,2313.849691476965,912.6872756914471,6
3.3499999999999996,3.3499999999999996,3.3499999999999996,2568.0460790117963,2343.2361698616073,924.2786357516263,6
3.3499999999999996,3.3499999999999996,3.3499999999999996,2443.9073775414076,2229.9647228488643,879.5992390006219,6
3.3499999999999996,3.3499999999999996,3.3499999999999996,2754.484660238128,2513.35368860774,991.3807017603692,6
3.3499999999999996,3.3499999999999996,3.3499999999999996,2921.380148834454,2665.6389410655643,1051.4489130645343,6
3.3499999999999996,3.3499999999999996,3.3499999999999996,2567.2570299629356,2342.5161951359987,923.994645061435,6
3.3499999999999996,3.3499999999999996,3.3499999999999996,2592.5457127789673,2365.591075585763,933.0964245988768,6
3.3499999999999996,3.3499999999999996,3.3499999999999996,2817.3982107593056,2570.75970961355,1014.0242404107278,6
3.3499999999999996,3.3499999999999996,3.3499999999999996,3168.323009131723,2890.9641199503253,1140.3273844788769,6
3.3499999999999996,3.3499999999999996,3.3499999999999996,2520.9568793467315,2300.288521121041,907.3461518544284,7
3.3499999999999996,3.3499999999999996,3.3499999999999996,2743.7507262975228,2503.580427030239,987.5344094735071,7
3.3499999999999996,3.3499999999999996,3.3499999999999996,2985.5841920748103,2724.2453459377643,1074.5754320155124,7
3.3499999999999996,3.3499999999999996,3.3499999999999996,2780.066079150465,2536.716967362389,1000.6050795568814,7
3.3499999999999996,3.3499999999999996,3.3499999999999996,3058.297681756667,2790.5939642009903,1100.7465679009608,7
3.3499999999999996,3.3499999999999996,3.3499999999999996,2625.1375299965166,2395.349867380452,944.8429901538874,7
3.3499999999999996,3.3499999999999996,3.3499999999999996,2502.998306989883,2283.9019267343547,900.8824786142071,7
3.3499999999999996,3.3499999999999996,3.3499999999999996,2475.5904507870355,2258.893178061,891.0178065684568,7
3.3499999999999996,3.3499999999999996,3.3499999999999996,2639.7677745984943,2408.6994744264243,950.1087272432634,7
3.3499999999999996,3.3499999999999996,3.3499999999999996,2629.468474014001,2399.301708401872,946.4017892830418,7
3.3499999999999996,3.3499999999999996,3.3499999999999996,2724.001295569871,2485.5597345012725,980.4261681073583,7
3.3499999999999996,3.3499999999999996,3.3499999999999996,2783.3677790159,2539.729657647919,1001.793431762357,7
3.3499999999999996,3.3499999999999996,3.3499999999999996,2845.9917468430694,2596.8719259350382,1024.3331335269352,7
3.3499999999999996,3.3499999999999996,3.3499999999999996,2852.162335848499,2602.502381249064,1026.554060126125,7
3.3499999999999996,3.3499999999999996,3.3499999999999996,2838.8160372016246,2590.3243317836505,1021.7504425720324,7
3.3499999999999996,3.3499999999999996,3.3499999999999996,2535.5052472518764,2313.563418429844,912.5824197742178,7
3.3499999999999996,3.3499999999999996,3.3499999999999996,2484.427388799321,2266.956587331525,894.1984090473462,7
3.3499999999999996,3.3499999999999996,3.3499999999999996,2603.879198287446,2375.9523533613974,937.191663140286,7
3.3499999999999996,3.3499999999999996,3.3499999999999996,2425.768921411053,2213.4327050687116,873.0859754732281,7
3.3499999999999996,3.3499999999999996,3.3499999999999996,2483.9191746357765,2266.492858968597,894.0154919298866,7
3.3499999999999996,3.3499999999999996,3.3499999999999996,2332.321541847314,2128.165108347655,839.4522703739129,7
3.3499999999999996,3.3499999999999996,3.3499999999999996,2651.339793533647,2419.2585532194053,954.2737436844483,7
3.3499999999999996,3.3499999999999996,3.3499999999999996,2465.450617382522,2249.640920484692,887.3682642476795,7
3.3499999999999996,3.3499999999999996,3.3499999999999996,2122.3166448670117,1936.5426899474733,763.8670286322769,7
3.3499999999999996,3.3499999999999996,3.3499999999999996,2737.301030483254,2497.6952961230704,985.2130263805823,7
3.3499999999999996,3.3499999999999996,3.3499999999999996,2479.357419234076,2262.33041030767,892.3736188604406,7
3.3499999999999996,3.3499999999999996,3.3499999999999996,2660.508678854789,2427.624853265427,957.5738210800954,7
3.3499999999999996,3.3499999999999996,3.3499999999999996,2689.2607705811533,2453.8601717265315,967.9223121627521,7
3.3499999999999996,3.3499999999999996,3.3499999999999996,2613.421416835358,2384.659307443642,940.6261111272921,7
3.3499999999999996,3.3499999999999996,3.3499999999999996,2586.5078217538726,2360.1015554506425,930.9393342015071,7
3.3499999999999996,3.3499999999999996,3.3499999999999996,2531.238888368883,2309.6705091754525,911.0468662125412,7
3.3499999999999996,3.3499999999999996,3.3499999999999996,2800.6129494047045,2555.4652966884505,1008.0003364177077,7
3.3499999999999996,3.3499999999999996,3.3499999999999996,2765.9372759267003,2523.8249087400995,995.5198219150633,7
3.3499999999999996,3.3499999999999996,3.3499999999999996,2883.674359582743,2631.2560450134188,1037.8959096066371,7
3.3499999999999996,3.3499999999999996,3.3499999999999996,2921.86979886338,2666.1081010942808,1051.6432628968118,7
3.3499999999999996,3.3499999999999996,3.3499999999999996,2611.8126010927353,2383.1913170882044,940.0470640261415,7
3.3499999999999996,3.3499999999999996,3.3499999999999996,2619.559446313892,2390.2600532824326,942.8353188582711,7
3.3499999999999996,3.3499999999999996,3.3499999999999996,2474.185624680495,2257.6113214003326,890.5121796883475,7
3.3499999999999996,3.3499999999999996,3.3499999999999996,2190.2547884998507,1998.533965254566,788.3194156185085,7
3.3499999999999996,3.3499999999999996,3.3499999999999996,2268.1480534428924,2069.6089545528953,816.3548631029421,7
3.3499999999999996,3.3499999999999996,3.3499999999999996,2393.9469279356717,2184.396204321592,861.6325612713533,7
3.3499999999999996,3.3499999999999996,3.3499999999999996,1988.3665170523802,1814.3176951690864,715.6555205304365,7
3.3499999999999996,3.3499999999999996,3.3499999999999996,2129.5934145011856,1943.182497949533,766.4860932341313,7
3.3499999999999996,3.3499999999999996,3.3499999999999996,2362.670230581281,2155.857267978688,850.375410774366,7
3.3499999999999996,3.3499999999999996,3.3499999999999996,2160.0877713795962,1971.0075748721308,777.4616627068116,7
3.3499999999999996,3.3499999999999996,3.3499999999999996,2570.009684079019,2345.047558682886,925.0013025538094,7
3.3499999999999996,3.3499999999999996,3.3499999999999996,2478.5632656167218,2261.6057717924405,892.0877860345835,7
3.3499999999999996,3.3499999999999996,3.3499999999999996,2451.9780054519415,2237.3476143883718,882.5191838485702,7
3.3499999999999996,3.3499999999999996,3.3499999999999996,2420.7852797030564,2208.885299316474,871.292256523484,7
3.3499999999999996,3.3499999999999996,3.3499999999999996,2242.2632251835253,2045.9899177482507,807.0383612996126,7
3.3499999999999996,3.3499999999999996,3.3499999999999996,2329.7992571171535,2125.8636082072444,838.5444463002282,7
3.3499999999999996,3.3499999999999996,3.3499999999999996,2535.79143506867,2313.8245552050303,912.6854248737508,7
3.3499999999999996,3.3499999999999996,3.3499999999999996,2567.996629930329,2343.210714352638,924.2767614280756,7
3.3499999999999996,3.3499999999999996,3.3499999999999996,2443.8603188161,2229.940497852796,879.5974552814004,7
3.3499999999999996,3.3499999999999996,3.3499999999999996,2754.4316211834644,2513.3263850443245,991.3786913620703,7
3.3499999999999996,3.3499999999999996,3.3499999999999996,2921.323896119148,2665.609983166721,1051.4467808552806,7
3.3499999999999996,3.3499999999999996,3.3499999999999996,2567.2075960750244,2342.4907474484035,923.9927713137826,7
3.3499999999999996,3.3499999999999996,3.3499999999999996,2592.495791944133,2365.5653772265396,933.0945323939333,7
3.3499999999999996,3.3499999999999996,3.3499999999999996,2817.3439602710505,2570.7317824256356,1014.0221840941136,7
3.3499999999999996,3.3499999999999996,3.3499999999999996,3168.262001401421,2890.9327142542074,1140.3250720349993,7
3.3499999999999996,3.3499999999999996,3.3499999999999996,2520.952025009456,2300.2860221250435,907.3459678469227,8
3.3499999999999996,3.3499999999999996,3.3499999999999996,2743.7454429499435,2503.577707181225,987.5342092040258,8
3.3499999999999996,3.3499999999999996,3.3499999999999996,2985.5784430543686,2724.2423863619747,1074.5752140943316,8
3.3499999999999996,3.3499999999999996,3.3499999999999996,2780.0607258742916,2536.7142115143765,1000.604876636701,8
3.3499999999999996,3.3499999999999996,3.3499999999999996,3058.291792719628,2790.5909325451416,1100.7463446723398,8
3.3499999999999996,3.3499999999999996,3.3499999999999996,2625.132475049695,2395.347265111355,944.8427985421181,8
3.3499999999999996,3.3499999999999996,3.3499999999999996,2502.9934872335116,2283.8994455404872,900.882295917518,8
3.3499999999999996,3.3499999999999996,3.3499999999999996,2475.5856838070436,2258.89072403623,891.0176258722983,8
3.3499999999999996,3.3499999999999996,3.3499999999999996,2639.762691479774,2408.696857654532,950.1085345636156,8
3.3499999999999996,3.3499999999999996,3.3499999999999996,2629.4634107275433,2399.2991018395605,946.4015973551518,8
3.3499999999999996,3.3499999999999996,3.3499999999999996,2723.9960502516606,2485.5570342296455,980.4259692794103,8
3.3499999999999996,3.3499999999999996,3.3499999999999996,2783.362419381996,2539.7268985269698,1001.7932286011818,8
3.3499999999999996,3.3499999999999996,3.3499999999999996,2845.986266620883,2596.8691047356588,1024.3329257947655,8
3.3499999999999996,3.3499999999999996,3.3499999999999996,2852.1568437442684,2602.499553932849,1026.553851943557,8
3.3499999999999996,3.3499999999999996,3.3499999999999996,2838.810570796935,2590.32151769747,1021.7502353636256,8
3.3499999999999996,3.3499999999999996,3.3499999999999996,2535.5003649003634,2313.5609050122143,912.5822347048102,8
3.3499999999999996,3.3499999999999996,3.3499999999999996,2484.422604802982,2266.9541245467985,894.1982277061694,8
3.3499999999999996,3.3499999999999996,3.3499999999999996,2603.874184275522,2375.9497721654443,937.1914730801859,8
3.3499999999999996,3.3499999999999996,3.3499999999999996,2425.7642503670563,2213.430300431458,873.0857984135996,8
3.3499999999999996,3.3499999999999996,3.3499999999999996,2483.9143916180515,2266.490396687657,894.0153106258052,8
3.3499999999999996,3.3499999999999996,3.3499999999999996,2332.317050744951,2128.162796343731,839.4521001351147,8
3.3499999999999996,3.3499999999999996,3.3499999999999996,2651.3346881319267,2419.255924976301,954.2735501601459,8
3.3499999999999996,3.3499999999999996,3.3499999999999996,2465.445869927724,2249.638476511423,887.368084291639,8
3.3499999999999996,3.3499999999999996,3.3499999999999996,2122.3125581486374,1936.5405861190245,763.8668737219746,8
3.3499999999999996,3.3499999999999996,3.3499999999999996,2737.295759555165,2497.692582667567,985.2128265818714,8
3.3499999999999996,3.3499999999999996,3.3499999999999996,2479.3526450004356,2262.3279525487455,892.3734378893269,8
3.3499999999999996,3.3499999999999996,3.3499999999999996,2660.503555797526,2427.6222159333106,957.5736268865454,8
3.3499999999999996,3.3499999999999996,3.3499999999999996,2689.2555921590592,2453.8575058927936,967.9221158705542,8
3.3499999999999996,3.3499999999999996,3.3499999999999996,2613.4163844490035,2384.656716788595,940.6259203706948,8
3.3499999999999996,3.3499999999999996,3.3499999999999996,2586.502841192152,2360.098991474739,930.939145409364,8
3.3499999999999996,3.3499999999999996,3.3499999999999996,2531.234014232642,2309.6679999870166,911.0466814545402,8
3.3499999999999996,3.3499999999999996,3.3499999999999996,2800.607556563619,2555.462520472558,1008.0001319977878,8
3.3499999999999996,3.3499999999999996,3.3499999999999996,2765.931949856854,2523.8221668978094,995.5196200261606,8
3.3499999999999996,3.3499999999999996,3.3499999999999996,2883.6688067991754,2631.2531864596917,1037.8956991239706,8
3.3499999999999996,3.3499999999999996,3.3499999999999996,2921.8641725309367,2666.105204677847,1051.643049626217,8
3.3499999999999996,3.3499999999999996,3.3499999999999996,2611.8075718043056,2383.1887280279593,940.0468733869736,8
3.3499999999999996,3.3499999999999996,3.3499999999999996,2619.55440210819,2390.257456542828,942.835127653652,8
3.3499999999999996,3.3499999999999996,3.3499999999999996,2474.180860405627,2257.60886876815,890.5119990947288,8
3.3499999999999996,3.3499999999999996,3.3499999999999996,2190.2505709602533,1998.531794079805,788.3192557493244,8
3.3499999999999996,3.3499999999999996,3.3499999999999996,2268.143685912558,2069.6067061634235,816.3546975482396,8
3.3499999999999996,3.3499999999999996,3.3499999999999996,2393.9423181678876,2184.3938312291207,861.6323865344484,8
3.3499999999999996,3.3499999999999996,3.3499999999999996,1988.3626882674534,1814.3157241238816,715.6553753973064,8
3.3499999999999996,3.3499999999999996,3.3499999999999996,2129.589313770714,1943.1803869077046,766.4859377926897,8
3.3499999999999996,3.3499999999999996,3.3499999999999996,2362.6656810396908,2155.8549258904523,850.3752383203826,8
3.3499999999999996,3.3499999999999996,3.3499999999999996,2160.0836119294,1971.0054336015921,777.461505039552,8
3.3499999999999996,3.3499999999999996,3.3499999999999996,2570.0047352859992,2345.0450110613992,925.0011149658837,8
3.3499999999999996,3.3499999999999996,3.3499999999999996,2478.558492912298,2261.603314820752,892.0876051214357,8
3.3499999999999996,3.3499999999999996,3.3499999999999996,2451.9732839399126,2237.345183770351,882.5190048759108,8
3.3499999999999996,3.3499999999999996,3.3499999999999996,2420.7806182555264,2208.882899619448,871.2920798276174,8
3.3499999999999996,3.3499999999999996,3.3499999999999996,2242.2589074968387,2045.9876950181156,807.0381976342734,8
3.3499999999999996,3.3499999999999996,3.3499999999999996,2329.7947708716847,2125.861298703632,838.5442762455343,8
3.3499999999999996,3.3499999999999996,3.3499999999999996,2535.786552166076,2313.8220415037053,912.6852397834541,8
3.3499999999999996,3.3499999999999996,3.3499999999999996,2567.991685013633,2343.208168726669,924.2765739870852,8
3.3499999999999996,3.3499999999999996,3.3499999999999996,2443.855612935433,2229.9380752817456,879.59727690126,8
3.3499999999999996,3.3499999999999996,3.3499999999999996,2754.4263172688275,2513.3236546074604,991.3784903129781,8
3.3499999999999996,3.3499999999999996,3.3499999999999996,2921.3182708378913,2665.6070872914356,1051.4465676245316,8
3.3499999999999996,3.3499999999999996,3.3499999999999996,2567.2026526776863,2342.4882026045943,923.9925839303845,8
3.3499999999999996,3.3499999999999996,3.3499999999999996,2592.490799852018,2365.562807314828,933.0943431647212,8
3.3499999999999996,3.3499999999999996,3.3499999999999996,2817.338535212845,2570.7289896244824,1014.0219784529783,8
3.3499999999999996,3.3499999999999996,3.3499999999999996,3168.2559006178426,2890.9295735919745,1140.3248407799579,8
3.3499999999999996,3.3499999999999996,3.3499999999999996,2520.9514856385535,1863.7814505459571,823.8210517455149,9
3.3499999999999996,3.3499999999999996,3.3499999999999996,2743.7448559112217,2028.4963025311536,896.6276367454901,9
3.3499999999999996,3.3499999999999996,3.3499999999999996,2985.5778042742086,2207.2874319350603,975.6561603018055,9
3.3499999999999996,3.3499999999999996,3.3499999999999996,2780.060131065725,2055.344790726987,908.4950956563989,9
3.3499999999999996,3.3499999999999996,3.3499999999999996,3058.2911383820656,2261.045611768992,999.4181310187804,9
3.3499999999999996,3.3499999999999996,3.3499999999999996,2625.1319133888396,1940.803777178214,857.8661454529802,9
3.3499999999999996,3.3499999999999996,3.3499999999999996,2502.9929517049327,1850.504407090277,817.9523873157209,9
3.3499999999999996,3.3499999999999996,3.3499999999999996,2475.585154142508,1830.2413655410162,808.9958005894257,9
3.3499999999999996,3.3499999999999996,3.3499999999999996,2639.7621266887068,1951.6201377155594,862.6471488862552,9
3.3499999999999996,3.3499999999999996,3.3499999999999996,2629.4628481400614,1944.0057094243662,859.2814504448129,9
3.3499999999999996,3.3499999999999996,3.3499999999999996,2723.995467438425,2013.8952504661224,890.1737394469196,9
3.3499999999999996,3.3499999999999996,3.3499999999999996,2783.361823867014,2057.785787244969,909.5740549507747,9
3.3499999999999996,3.3499999999999996,3.3499999999999996,2845.9856577072005,2104.084631367249,930.0388806138079,9
3.3499999999999996,3.3499999999999996,3.3499999999999996,2852.156233510359,2108.6466409047716,932.0553614056806,9
3.3499999999999996,3.3499999999999996,3.3499999999999996,2838.8099634185305,2098.7795209808733,927.6939374248681,9
3.3499999999999996,3.3499999999999996,3.3499999999999996,2535.4998224167675,1874.5372784061915,828.5752987725022,9
3.3499999999999996,3.3499999999999996,3.3499999999999996,2484.4220732477406,1836.7746471222508,811.8836149852739,9
3.3499999999999996,3.3499999999999996,3.3499999999999996,2603.873627162989,1925.0871718552435,850.9191558672396,9
3.3499999999999996,3.3499999999999996,3.3499999999999996,2425.7637313620776,1793.4075572956135,792.7146713617301,9
3.3499999999999996,3.3499999999999996,3.3499999999999996,2483.913860171545,1836.398916724528,811.7175361720454,9
3.3499999999999996,3.3499999999999996,3.3499999999999996,2332.3165517334905,1724.3204998929675,762.1770928946955,9
3.3499999999999996,3.3499999999999996,3.3499999999999996,2651.33412086497,1960.1755058828614,866.4287577222013,9
3.3499999999999996,3.3499999999999996,3.3499999999999996,2465.4453424326543,1822.7448337416083,805.6822142729492,9
3.3499999999999996,3.3499999999999996,3.3499999999999996,2122.3121040687392,1569.0607115473892,693.5497964425432,9
3.3499999999999996,3.3499999999999996,3.3499999999999996,2737.295173896387,2023.7279451194183,894.5199469104597,9
3.3499999999999996,3.3499999999999996,3.3499999999999996,2479.352114529939,1833.0263421401426,810.2268045519914,9
3.3499999999999996,3.3499999999999996,3.3499999999999996,2660.502986568842,1966.954201117092,869.4250488569212,9
3.3499999999999996,3.3499999999999996,3.3499999999999996,2689.2550167787267,1988.2110562672208,878.8209170052229,9
3.3499999999999996,3.3499999999999996,3.3499999999999996,2613.415825294867,1932.1418779759065,854.0374482047762,9
3.3499999999999996,3.3499999999999996,3.3499999999999996,2586.5022877963092,1912.244251129795,845.242380590598,9
3.3499999999999996,3.3499999999999996,3.3499999999999996,2531.233472661854,1871.3830949242613,827.1810994940829,9
3.3499999999999996,3.3499999999999996,3.3499999999999996,2800.60695735895,2070.535401863719,915.209587443864,9
3.3499999999999996,3.3499999999999996,3.3499999999999996,2765.9313580712123,2044.8991533649983,903.877957764408,9
3.3499999999999996,3.3499999999999996,3.3499999999999996,2883.668189823116,2131.943955423006,942.3531450560307,9
3.3499999999999996,3.3499999999999996,3.3499999999999996,2921.863547382779,2160.1824198766913,954.8349955858229,9
3.3499999999999996,3.3499999999999996,3.3499999999999996,2611.8070129943826,1930.9524562277556,853.511704869771,9
3.3499999999999996,3.3499999999999996,3.3499999999999996,2619.553841640792,1936.6798157640212,856.0432889004572,9
3.3499999999999996,3.3499999999999996,3.3499999999999996,2474.1803310416603,1829.2027564080865,808.536718829602,9
3.3499999999999996,3.3499999999999996,3.3499999999999996,2190.2501023446607,1619.2884060092736,715.7512364591398,9
3.3499999999999996,3.3499999999999996,3.3499999999999996,2268.1432006313253,1676.8760718327853,741.2059009061958,9
3.3499999999999996,3.3499999999999996,3.3499999999999996,2393.941805971378,1769.8810774717388,782.3155930005322,9
3.3499999999999996,3.3499999999999996,3.3499999999999996,1988.3622628468322,1470.029361362667,649.776364186815,9
3.3499999999999996,3.3499999999999996,3.3499999999999996,2129.5888581339154,1574.4405371109206,695.9277649284177,9
3.3499999999999996,3.3499999999999996,3.3499999999999996,2362.6651755349817,1746.7577432961216,772.0947114294452,9
3.3499999999999996,3.3499999999999996,3.3499999999999996,2160.0831497681866,1596.985475170725,705.8929862147035,9
3.3499999999999996,3.3499999999999996,3.3499999999999996,2570.004185420012,1900.046929065757,839.850970193026,9
3.3499999999999996,3.3499999999999996,3.3499999999999996,2478.557962611714,1832.4392123907064,809.9672838621866,9
3.3499999999999996,3.3499999999999996,3.3499999999999996,2451.9727593273733,1812.7843285015792,801.2795124967545,9
3.3499999999999996,3.3499999999999996,3.3499999999999996,2420.7801003168215,1789.7230758006594,791.0860719251272,9
3.3499999999999996,3.3499999999999996,3.3499999999999996,2242.25842775379,1657.7390278176263,732.7470230032902,9
3.3499999999999996,3.3499999999999996,3.3499999999999996,2329.794272399879,1722.455736742283,761.3528379158714,9
3.3499999999999996,3.3499999999999996,3.3499999999999996,2535.786009621249,1874.7488613764049,828.6688218113765,9
3.3499999999999996,3.3499999999999996,3.3499999999999996,2567.991135578349,1898.558647765902,839.1931261816584,9
3.3499999999999996,3.3499999999999996,3.3499999999999996,2443.8550900597124,1806.7828003131458,798.6267415601042,9
3.3499999999999996,3.3499999999999996,3.3499999999999996,2754.4257279448766,2036.3928492459104,900.1180360183253,9
3.3499999999999996,3.3499999999999996,3.3499999999999996,2921.317645806532,2159.7788257427187,954.6566005578919,9
3.3499999999999996,3.3499999999999996,3.3499999999999996,2567.2021034112195,1897.9753031337832,838.9352785739245,9
3.3499999999999996,3.3499999999999996,3.3499999999999996,2592.49024517502,1916.6712478223853,847.1991835571124,9
3.3499999999999996,3.3499999999999996,3.3499999999999996,2817.337932428495,2082.9048905912136,920.6770982456553,9
3.3499999999999996,3.3499999999999996,3.3499999999999996,3168.2552227528827,2342.3438921381935,1035.3532643034468,9
3.3499999999999996,3.3499999999999996,3.3499999999999996,2520.9514856385535,2257.3963748234255,898.5839516483344,10
3.3499999999999996,3.3499999999999996,3.3499999999999996,2743.7448559112217,2456.8976144360636,977.9978349384979,10
3.3499999999999996,3.3499999999999996,3.3499999999999996,2985.5778042742086,2673.4479225468876,1064.1983063147793,10
3.3499999999999996,3.3499999999999996,3.3499999999999996,2780.060131065725,2489.4162769139043,990.9422821598864,10
3.3499999999999996,3.3499999999999996,3.3499999999999996,3058.2911383820656,2738.559376595684,1090.1167087403674,10
3.3499999999999996,3.3499999999999996,3.3499999999999996,2625.1319133888396,2350.6851672777075,935.7186846987616,10
3.3499999999999996,3.3499999999999996,3.3499999999999996,2502.9929517049327,2241.3153317609754,892.1826978043729,10
3.3499999999999996,3.3499999999999996,3.3499999999999996,2475.585154142508,2216.772906723534,882.4132884444848,10
3.3499999999999996,3.3499999999999996,3.3499999999999996,2639.7621266887068,2363.7858519414776,940.9335708063863,10
3.3499999999999996,3.3499999999999996,3.3499999999999996,2629.4628481400614,2354.563320610963,937.2624305761631,10
3.3499999999999996,3.3499999999999996,3.3499999999999996,2723.995467438425,2439.212943311907,970.9582375334613,10
3.3499999999999996,3.3499999999999996,3.3499999999999996,2783.361823867014,2492.372791310501,992.1191585025744,10
3.3499999999999996,3.3499999999999996,3.3499999999999996,2845.9856577072005,2548.449560853161,1014.4411954001743,10
3.3499999999999996,3.3499999999999996,3.3499999999999996,2852.156233510359,2553.975028331602,1016.6406746129776,10
3.3499999999999996,3.3499999999999996,3.3499999999999996,2838.8099634185305,2542.0240558934806,1011.8834453734618,10
3.3499999999999996,3.3499999999999996,3.3499999999999996,2535.4998224167675,2270.4237428191773,903.769653168793,10
3.3499999999999996,3.3499999999999996,3.3499999999999996,2484.4220732477406,2224.6859622767265,885.563175990998,10
3.3499999999999996,3.3499999999999996,3.3499999999999996,2603.873627162989,2331.649347455479,928.141246199481,10
3.3499999999999996,3.3499999999999996,3.3499999999999996,2425.7637313620776,2172.160108812193,864.6546242203531,10
3.3499999999999996,3.3499999999999996,3.3499999999999996,2483.913860171545,2224.230880787702,885.3820252957588,10
3.3499999999999996,3.3499999999999996,3.3499999999999996,2332.3165517334905,2088.482447527246,831.3457182697975,10
3.3499999999999996,3.3499999999999996,3.3499999999999996,2651.33412086497,2374.1480417145813,945.0583658746757,10
3.3499999999999996,3.3499999999999996,3.3499999999999996,2465.4453424326543,2207.6931706295973,878.7989895866461,10
3.3499999999999996,3.3499999999999996,3.3499999999999996,2122.3121040687392,1900.4331012562584,756.4903997436979,10
3.3499999999999996,3.3499999999999996,3.3499999999999996,2737.295173896387,2451.1222201525975,975.6988693357157,10
3.3499999999999996,3.3499999999999996,3.3499999999999996,2479.352114529939,2220.1460468934797,883.7560077192999,10
3.3499999999999996,3.3499999999999996,3.3499999999999996,2660.502986568842,2382.3583402146023,948.3265745741506,10
3.3499999999999996,3.3499999999999996,3.3499999999999996,2689.2550167787267,2408.104463904154,958.5751307526785,10
3.3499999999999996,3.3499999999999996,3.3499999999999996,2613.415825294867,2340.193948013428,931.5425278796723,10
3.3499999999999996,3.3499999999999996,3.3499999999999996,2586.5022877963092,2316.09411018274,921.949295714729,10
3.3499999999999996,3.3499999999999996,3.3499999999999996,2531.233472661854,2266.6034223864613,902.2489283774894,10
3.3499999999999996,3.3499999999999996,3.3499999999999996,2800.60695735895,2507.8150170136983,998.266123364122,10
3.3499999999999996,3.3499999999999996,3.3499999999999996,2765.9313580712123,2476.764609033657,985.9061326180658,10
3.3499999999999996,3.3499999999999996,3.3499999999999996,2883.668189823116,2582.1925391997233,1027.8729963728367,10
3.3499999999999996,3.3499999999999996,3.3499999999999996,2921.863547382779,2616.394729198801,1041.4875921023097,10
3.3499999999999996,3.3499999999999996,3.3499999999999996,2611.8070129943826,2338.7533304229773,930.9690726098406,10
3.3499999999999996,3.3499999999999996,3.3499999999999996,2619.553841640792,2345.6902599919936,933.7304013928377,10
3.3499999999999996,3.3499999999999996,3.3499999999999996,2474.1803310416603,2215.514952100771,881.9125443799845,10
3.3499999999999996,3.3499999999999996,3.3499999999999996,2190.2501023446607,1961.2684611965467,780.7066511494214,10
3.3499999999999996,3.3499999999999996,3.3499999999999996,2268.1432006313253,2031.018156380206,808.4713616023216,10
3.3499999999999996,3.3499999999999996,3.3499999999999996,2393.941805971378,2143.6650348585304,853.3118151145322,10
3.3499999999999996,3.3499999999999996,3.3499999999999996,1988.3622628468322,1780.4871650868777,708.7444679661335,10
3.3499999999999996,3.3499999999999996,3.3499999999999996,2129.5888581339154,1906.9491006084036,759.0841721587204,10
3.3499999999999996,3.3499999999999996,3.3499999999999996,2362.6651755349817,2115.6582475141354,842.1633744039954,10
3.3499999999999996,3.3499999999999996,3.3499999999999996,2160.0831497681866,1934.255339455192,769.9537510599974,10
3.3499999999999996,3.3499999999999996,3.3499999999999996,2570.004185420012,2301.320816564088,916.0686073665212,10
3.3499999999999996,3.3499999999999996,3.3499999999999996,2478.557962611714,2219.4349202924823,883.4729351679425,10
3.3499999999999996,3.3499999999999996,3.3499999999999996,2451.9727593273733,2195.6290906841377,873.9967365347246,10
3.3499999999999996,3.3499999999999996,3.3499999999999996,2420.7801003168215,2167.697495898336,862.8782271323031,10
3.3499999999999996,3.3499999999999996,3.3499999999999996,2242.25842775379,2007.8395300600428,799.244828829945,10
3.3499999999999996,3.3499999999999996,3.3499999999999996,2329.794272399879,2086.223862125494,830.4466610115879,10
3.3499999999999996,3.3499999999999996,3.3499999999999996,2535.786009621249,2270.6800103283285,903.8716635528003,10
3.3499999999999996,3.3499999999999996,3.3499999999999996,2567.991135578349,2299.5182228050257,915.3510631012343,10
3.3499999999999996,3.3499999999999996,3.3499999999999996,2443.8550900597124,2188.3600903557985,871.103222966429,10
3.3499999999999996,3.3499999999999996,3.3499999999999996,2754.4257279448766,2466.461845221972,981.8049927730409,10
3.3499999999999996,3.3499999999999996,3.3499999999999996,2921.317645806532,2615.905899387418,1041.293007478849,10
3.3499999999999996,3.3499999999999996,3.3499999999999996,2567.2021034112195,2298.8116807062015,915.0698154664601,10
3.3499999999999996,3.3499999999999996,3.3499999999999996,2592.49024517502,2321.456051242021,924.0836812569804,10
3.3499999999999996,3.3499999999999996,3.3499999999999996,2817.337932428495,2522.7968374431725,1004.2298183334893,10
3.3499999999999996,3.3499999999999996,3.3499999999999996,3168.2552227528827,2837.0271681551803,1129.3130050738093,10
3.3499999999999996,3.3499999999999996,3.3499999999999996,2520.9514856385535,2296.005519756181,906.4795356805613,11
3.3499999999999996,3.3499999999999996,3.3499999999999996,2743.7448559112217,2498.9189081435647,986.5912046230198,11
3.3499999999999996,3.3499999999999996,3.3499999999999996,2985.5778042742086,2719.172962005171,1073.549093338127,11
3.3499999999999996,3.3499999999999996,3.3499999999999996,2780.060131065725,2531.9937501947534,999.6493907672992,11
3.3499999999999996,3.3499999999999996,3.3499999999999996,3058.2911383820656,2785.3980430599245,1099.6952328871712,11
3.3499999999999996,3.3499999999999996,3.3499999999999996,2625.1319133888396,2390.8898674034454,943.9405603421129,11
3.3499999999999996,3.3499999999999996,3.3499999999999996,2502.9929517049327,2279.649436240405,900.0220359649214,11
3.3499999999999996,3.3499999999999996,3.3499999999999996,2475.585154142508,2254.687252379994,890.1667857746862,11
3.3499999999999996,3.3499999999999996,3.3499999999999996,2639.7621266887068,2404.214618269564,949.201268068748,11
3.3499999999999996,3.3499999999999996,3.3499999999999996,2629.4628481400614,2394.8343503302917,945.4978706452724,11
3.3499999999999996,3.3499999999999996,3.3499999999999996,2723.995467438425,2480.931769079734,979.4897524154774,11
3.3499999999999996,3.3499999999999996,3.3499999999999996,2783.361823867014,2535.000831028909,1000.836607964664,11
3.3499999999999996,3.3499999999999996,3.3499999999999996,2845.9856577072005,2592.03670378746,1023.3547818150465,11
3.3499999999999996,3.3499999999999996,3.3499999999999996,2852.156233510359,2597.656675526241,1025.5735871830964,11
3.3499999999999996,3.3499999999999996,3.3499999999999996,2838.8099634185305,2585.5013008696624,1020.7745576163522,11
3.3499999999999996,3.3499999999999996,3.3499999999999996,2535.4998224167675,2309.2556999902486,911.7108023839343,11
3.3499999999999996,3.3499999999999996,3.3499999999999996,2484.4220732477406,2262.735648058705,893.3443504255699,11
3.3499999999999996,3.3499999999999996,3.3499999999999996,2603.873627162989,2371.528470409823,936.2965411941235,11
3.3499999999999996,3.3499999999999996,3.3499999999999996,2425.7637313620776,2209.311424103394,872.2520815662828,11
3.3499999999999996,3.3499999999999996,3.3499999999999996,2483.913860171545,2262.2727831305992,893.1616080142379,11
3.3499999999999996,3.3499999999999996,3.3499999999999996,2332.3165517334905,2124.202590611291,838.6505003843572,11
3.3499999999999996,3.3499999999999996,3.3499999999999996,2651.33412086497,2414.75403668148,953.36230645745,11
3.3499999999999996,3.3499999999999996,3.3499999999999996,2465.4453424326543,2245.4522219608284,886.5207291714556,11
3.3499999999999996,3.3499999999999996,3.3499999999999996,2122.3121040687392,1932.9369618364137,763.1374509288349,11
3.3499999999999996,3.3499999999999996,3.3499999999999996,2737.295173896387,2493.0447350025524,984.2720387083242,11
3.3499999999999996,3.3499999999999996,3.3499999999999996,2479.352114529939,2258.118084703233,891.52130311561,11
3.3499999999999996,3.3499999999999996,3.3499999999999996,2660.502986568842,2423.104759170954,956.6592319132995,11
3.3499999999999996,3.3499999999999996,3.3499999999999996,2689.2550167787267,2449.291229018616,966.9978390396194,11
3.3499999999999996,3.3499999999999996,3.3499999999999996,2613.415825294867,2380.219212657824,939.7277089025196,11
3.3499999999999996,3.3499999999999996,3.3499999999999996,2586.5022877963092,2355.707185748586,930.0501839226866,11
3.3499999999999996,3.3499999999999996,3.3499999999999996,2531.233472661854,2305.3700391029624,910.1767154461584,11
3.3499999999999996,3.3499999999999996,3.3499999999999996,2800.60695735895,2550.7071712389375,1007.0375843379002,11
3.3499999999999996,3.3499999999999996,3.3499999999999996,2765.9313580712123,2519.125695824177,994.5689901103395,11
3.3499999999999996,3.3499999999999996,3.3499999999999996,2883.668189823116,2626.3568016669387,1036.9046039398665,11
3.3499999999999996,3.3499999999999996,3.3499999999999996,2921.863547382779,2661.1439652778377,1050.638826983459,11
3.3499999999999996,3.3499999999999996,3.3499999999999996,2611.8070129943826,2378.7539556137253,939.1492148555504,11
3.3499999999999996,3.3499999999999996,3.3499999999999996,2619.553841640792,2385.809530238659,941.9348065951771,11
3.3499999999999996,3.3499999999999996,3.3499999999999996,2474.1803310416603,2253.4077824607193,889.6616418243068,11
3.3499999999999996,3.3499999999999996,3.3499999999999996,2190.2501023446607,1994.8128130502628,787.5664831744218,11
3.3499999999999996,3.3499999999999996,3.3499999999999996,2268.1432006313253,2065.7554649164063,815.5751536981749,11
3.3499999999999996,3.3499999999999996,3.3499999999999996,2393.941805971378,2180.3289876056892,860.8096066448281,11
3.3499999999999996,3.3499999999999996,3.3499999999999996,1988.3622628468322,1810.9395427793543,714.9719901625152,11
3.3499999999999996,3.3499999999999996,3.3499999999999996,2129.5888581339154,1939.5644069081388,765.7540140336152,11
3.3499999999999996,3.3499999999999996,3.3499999999999996,2362.6651755349817,2151.8431890766656,849.5632079746628,11
3.3499999999999996,3.3499999999999996,3.3499999999999996,2160.0831497681866,1967.3376751809342,776.719100620571,11
3.3499999999999996,3.3499999999999996,3.3499999999999996,2570.004185420012,2340.6812186336806,924.1178237535706,11
3.3499999999999996,3.3499999999999996,3.3499999999999996,2478.557962611714,2257.394795422119,891.2357432917925,11
3.3499999999999996,3.3499999999999996,3.3499999999999996,2451.9727593273733,2233.181805274383,881.6762801817522,11
3.3499999999999996,3.3499999999999996,3.3499999999999996,2420.7801003168215,2204.772485352085,870.4600758170081,11
3.3499999999999996,3.3499999999999996,3.3499999999999996,2242.25842775379,2042.1804053632857,806.2675501870023,11
3.3499999999999996,3.3499999999999996,3.3499999999999996,2329.794272399879,2121.905375728207,837.7435433833147,11
3.3499999999999996,3.3499999999999996,3.3499999999999996,2535.786009621249,2309.5163505441824,911.8137091021767,11
3.3499999999999996,3.3499999999999996,3.3499999999999996,2567.991135578349,2338.8477943990865,923.3939746449432,11
3.3499999999999996,3.3499999999999996,3.3499999999999996,2443.8550900597124,2225.7884803523116,878.7573421893003,11
3.3499999999999996,3.3499999999999996,3.3499999999999996,2754.4257279448766,2508.646719759451,990.4318147961583,11
3.3499999999999996,3.3499999999999996,3.3499999999999996,2921.317645806532,2660.646774816439,1050.442532604062,11
3.3499999999999996,3.3499999999999996,3.3499999999999996,2567.2021034112195,2338.129168030704,923.1102557726955,11
3.3499999999999996,3.3499999999999996,3.3499999999999996,2592.49024517502,2361.1608342110453,932.2033236618888,11
3.3499999999999996,3.3499999999999996,3.3499999999999996,2817.337932428495,2565.945231681362,1013.0536804821236,11
3.3499999999999996,3.3499999999999996,3.3499999999999996,3168.2552227528827,2885.5499682868303,1139.2359351616328,11
3.3499999999999996,3.3499999999999996,3.3499999999999996,2520.9514856385535,2299.857810200662,907.2594151739315,12
3.3499999999999996,3.3499999999999996,3.3499999999999996,2743.7448559112217,2503.111651300557,987.4400072915186,12
3.3499999999999996,3.3499999999999996,3.3499999999999996,2985.5778042742086,2723.735252438835,1074.472709250087,12
3.3499999999999996,3.3499999999999996,3.3499999999999996,2780.060131065725,2536.2419870763424,1000.5094278996701,12
3.3499999999999996,3.3499999999999996,3.3499999999999996,3058.2911383820656,2790.071447445509,1100.641343336804,12
3.3499999999999996,3.3499999999999996,3.3499999999999996,2625.1319133888396,2394.901356971198,944.752669007554,12
3.3499999999999996,3.3499999999999996,3.3499999999999996,2502.9929517049327,2283.474284074798,900.7963598208963,12
3.3499999999999996,3.3499999999999996,3.3499999999999996,2475.585154142508,2258.4702180927934,890.932630776784,12
3.3499999999999996,3.3499999999999996,3.3499999999999996,2639.7621266887068,2408.2484644083243,950.0179027250309,12
3.3499999999999996,3.3499999999999996,3.3499999999999996,2629.4628481400614,2398.852458041492,946.3113191251523,12
3.3499999999999996,3.3499999999999996,3.3499999999999996,2723.995467438425,2485.0943330044274,980.3324454292822,12
3.3499999999999996,3.3499999999999996,3.3499999999999996,2783.361823867014,2539.2541132593283,1001.6976665060245,12
3.3499999999999996,3.3499999999999996,3.3499999999999996,2845.9856577072005,2596.3856821064683,1024.2352136145144,12
3.3499999999999996,3.3499999999999996,3.3499999999999996,2852.156233510359,2602.015083162052,1026.4559279068567,12
3.3499999999999996,3.3499999999999996,3.3499999999999996,2838.8099634185305,2589.83931394055,1021.6527695488935,12
3.3499999999999996,3.3499999999999996,3.3499999999999996,2535.4998224167675,2313.130221889429,912.4951825388922,12
3.3499999999999996,3.3499999999999996,3.3499999999999996,2484.4220732477406,2266.5321175533986,894.1129292097474,12
3.3499999999999996,3.3499999999999996,3.3499999999999996,2603.873627162989,2375.5074749839687,937.1020734134942,12
3.3499999999999996,3.3499999999999996,3.3499999999999996,2425.7637313620776,2213.0182572162603,873.002513853706,12
3.3499999999999996,3.3499999999999996,3.3499999999999996,2483.913860171545,2266.068476019956,893.930029578033,12
3.3499999999999996,3.3499999999999996,3.3499999999999996,2332.3165517334905,2127.766626181563,839.3720239285852,12
3.3499999999999996,3.3499999999999996,3.3499999999999996,2651.33412086497,2418.805566096909,954.1825210164035,12
3.3499999999999996,3.3499999999999996,3.3499999999999996,2465.4453424326543,2249.219692928893,887.2834373296813,12
3.3499999999999996,3.3499999999999996,3.3499999999999996,2122.3121040687392,1936.1800875709966,763.7940076685912,12
3.3499999999999996,3.3499999999999996,3.3499999999999996,2737.295173896387,2497.227622337829,985.1188461084602,12
3.3499999999999996,3.3499999999999996,3.3499999999999996,2479.352114529939,2261.9068067447784,892.288313461498,12
3.3499999999999996,3.3499999999999996,3.3499999999999996,2660.502986568842,2427.1702996190975,957.4822829450613,12
3.3499999999999996,3.3499999999999996,3.3499999999999996,2689.2550167787267,2453.400705723315,967.829784775972,12
3.3499999999999996,3.3499999999999996,3.3499999999999996,2613.415825294867,2384.2127987575927,940.5361930885136,12
3.3499999999999996,3.3499999999999996,3.3499999999999996,2586.5022877963092,2359.659645010364,930.8503421586939,12
3.3499999999999996,3.3499999999999996,3.3499999999999996,2531.233472661854,2309.238041551655,910.9597757666395,12
3.3499999999999996,3.3499999999999996,3.3499999999999996,2800.60695735895,2554.9868059253017,1007.9039778196777,12
3.3499999999999996,3.3499999999999996,3.3499999999999996,2765.9313580712123,2523.3523423905576,995.4246563770323,12
3.3499999999999996,3.3499999999999996,3.3499999999999996,2883.668189823116,2630.7633630291834,1037.7966931767037,12
3.3499999999999996,3.3499999999999996,3.3499999999999996,2921.863547382779,2665.6088933368587,1051.5427323049269,12
3.3499999999999996,3.3499999999999996,3.3499999999999996,2611.8070129943826,2382.745083271796,939.9572013406848,12
3.3499999999999996,3.3499999999999996,3.3499999999999996,2619.553841640792,2389.8124959008082,942.7451896328964,12
3.3499999999999996,3.3499999999999996,3.3499999999999996,2474.1803310416603,2257.1886014496968,890.4270522314774,12
3.3499999999999996,3.3499999999999996,3.3499999999999996,2190.2501023446607,1998.1597554997118,788.244057157857,12
3.3499999999999996,3.3499999999999996,3.3499999999999996,2268.1432006313253,2069.2214365657146,816.2768246269002,12
3.3499999999999996,3.3499999999999996,3.3499999999999996,2393.941805971378,2183.987193325364,861.5501945273935,12
3.3499999999999996,3.3499999999999996,3.3499999999999996,1988.3622628468322,1813.9779784608686,715.5871082887543,12
3.3499999999999996,3.3499999999999996,3.3499999999999996,2129.5888581339154,1942.8186523212685,766.4128219040682,12
3.3499999999999996,3.3499999999999996,3.3499999999999996,2362.6651755349817,2155.453600673664,850.294120144372,12
3.3499999999999996,3.3499999999999996,3.3499999999999996,2160.0831497681866,1970.6385192172197,777.3873421801868,12
3.3499999999999996,3.3499999999999996,3.3499999999999996,2570.004185420012,2344.608466985015,924.9128781500964,12
3.3499999999999996,3.3499999999999996,3.3499999999999996,2478.557962611714,2261.182303912407,892.0025079594913,12
3.3499999999999996,3.3499999999999996,3.3499999999999996,2451.9727593273733,2236.928688657381,882.4348204726685,12
3.3499999999999996,3.3499999999999996,3.3499999999999996,2420.7801003168215,2208.471702929958,871.2089663723999,12
3.3499999999999996,3.3499999999999996,3.3499999999999996,2242.25842775379,2045.6068222398105,806.9612134235239,12
3.3499999999999996,3.3499999999999996,3.3499999999999996,2329.794272399879,2125.4655569789375,838.4642866372674,12
3.3499999999999996,3.3499999999999996,3.3499999999999996,2535.786009621249,2313.3913097688087,912.5981777917748,12
3.3499999999999996,3.3499999999999996,3.3499999999999996,2567.991135578349,2342.771966589411,924.1884062860134,12
3.3499999999999996,3.3499999999999996,3.3499999999999996,2443.8550900597124,2229.5229590460763,879.5133712046795,12
3.3499999999999996,3.3499999999999996,3.3499999999999996,2754.4257279448766,2512.8557844607126,991.2839216905085,12
3.3499999999999996,3.3499999999999996,3.3499999999999996,2921.317645806532,2665.1108686779608,1051.3462690458637,12
3.3499999999999996,3.3499999999999996,3.3499999999999996,2567.2021034112195,2342.0521344933118,923.9044433194188,12
3.3499999999999996,3.3499999999999996,3.3499999999999996,2592.49024517502,2365.1224437286387,933.0053343275016,12
3.3499999999999996,3.3499999999999996,3.3499999999999996,2817.337932428495,2570.250433133193,1013.9252498446886,12
3.3499999999999996,3.3499999999999996,3.3499999999999996,3168.2552227528827,2890.3914098575297,1140.2160640106272,12
3.3499999999999996,3.3499999999999996,3.3499999999999996,2520.9514856385535,2300.2429519154784,907.3372952789495,13
3.3499999999999996,3.3499999999999996,3.3499999999999996,2743.7448559112217,2503.5308305687204,987.524770183124,13
3.3499999999999996,3.3499999999999996,3.3499999999999996,2985.5778042742086,2724.1913780572004,1074.564943120616,13
3.3499999999999996,3.3499999999999996,3.3499999999999996,2780.060131065725,2536.6667144589487,1000.595312684124,13
3.3499999999999996,3.3499999999999996,3.3499999999999996,3058.2911383820656,2790.5386819401656,1100.7358235504812,13
3.3499999999999996,3.3499999999999996,3.3499999999999996,2625.1319133888396,2395.3024149893718,944.8337675730227,13
3.3499999999999996,3.3499999999999996,3.3499999999999996,2502.9929517049327,2283.8566821507175,900.8736851304267,13
3.3499999999999996,3.3499999999999996,3.3499999999999996,2475.585154142508,2258.8484289060016,891.0091093734108,13
3.3499999999999996,3.3499999999999996,3.3499999999999996,2639.7621266887068,2408.651757576786,950.0994532637144,13
3.3499999999999996,3.3499999999999996,3.3499999999999996,2629.4628481400614,2399.254177723981,946.3925514867906,13
3.3499999999999996,3.3499999999999996,3.3499999999999996,2723.995467438425,2485.5104950335103,980.4165982002818,13
3.3499999999999996,3.3499999999999996,3.3499999999999996,2783.361823867014,2539.679345062442,1001.7836532901337,13
3.3499999999999996,3.3499999999999996,3.3499999999999996,2845.9856577072005,2596.820481349055,1024.3231350454362,13
3.3499999999999996,3.3499999999999996,3.3499999999999996,2852.156233510359,2602.450825122561,1026.5440399662352,13
3.3499999999999996,3.3499999999999996,3.3499999999999996,2838.8099634185305,2590.273016906902,1021.7404693000931,13
3.3499999999999996,3.3499999999999996,3.3499999999999996,2535.4998224167675,2313.517586245739,912.5735120877025,13
3.3499999999999996,3.3499999999999996,3.3499999999999996,2484.4220732477406,2266.911678438672,894.1896808065452,13
3.3499999999999996,3.3499999999999996,3.3499999999999996,2603.873627162989,2375.905285239202,937.1825152437682,13
3.3499999999999996,3.3499999999999996,3.3499999999999996,2425.7637313620776,2213.3888564953654,873.0774533101865,13
3.3499999999999996,3.3499999999999996,3.3499999999999996,2483.913860171545,2266.447959262301,894.0067654745338,13
3.3499999999999996,3.3499999999999996,3.3499999999999996,2332.3165517334905,2128.1229489435627,839.4440765083428,13
3.3499999999999996,3.3499999999999996,3.3499999999999996,2651.33412086497,2419.2106271921657,954.264429050313,13
3.3499999999999996,3.3499999999999996,3.3499999999999996,2465.4453424326543,2249.5963546188864,887.3596026756938,13
3.3499999999999996,3.3499999999999996,3.3499999999999996,2122.3121040687392,1936.5043266243042,763.8595725517264,13
3.3499999999999996,3.3499999999999996,3.3499999999999996,2737.295173896387,2497.6458162472477,985.2034097491422,13
3.3499999999999996,3.3499999999999996,3.3499999999999996,2479.352114529939,2262.285593060368,892.3649084313558,13
3.3499999999999996,3.3499999999999996,3.3499999999999996,2660.502986568842,2427.5767615000027,957.5644742340146,13
3.3499999999999996,3.3499999999999996,3.3499999999999996,2689.2550167787267,2453.811560233861,967.9128643053956,13
3.3499999999999996,3.3499999999999996,3.3499999999999996,2613.415825294867,2384.6120668348317,940.616929707242,13
3.3499999999999996,3.3499999999999996,3.3499999999999996,2586.5022877963092,2360.0548013361304,930.9302473337636,13
3.3499999999999996,3.3499999999999996,3.3499999999999996,2531.233472661854,2309.624754110709,911.037973514513,13
3.3499999999999996,3.3499999999999996,3.3499999999999996,2800.60695735895,2555.4146723766116,1007.9904973600954,13
3.3499999999999996,3.3499999999999996,3.3499999999999996,2765.9313580712123,2523.7749112310858,995.5101046793363,13
3.3499999999999996,3.3499999999999996,3.3499999999999996,2883.668189823116,2631.2039192707134,1037.8857787393333,13
3.3499999999999996,3.3499999999999996,3.3499999999999996,2921.863547382779,2666.05528492492,1051.6329978420522,13
3.3499999999999996,3.3499999999999996,3.3499999999999996,2611.8070129943826,2383.1441055605965,940.0378882581512,13
3.3499999999999996,3.3499999999999996,3.3499999999999996,2619.553841640792,2390.212701721655,942.8261158742182,13
3.3499999999999996,3.3499999999999996,3.3499999999999996,2474.1803310416603,2257.566597639188,890.5034874287085,13
3.3499999999999996,3.3499999999999996,3.3499999999999996,2190.2501023446607,1998.4943738710292,788.3117208590261,13
3.3499999999999996,3.3499999999999996,3.3499999999999996,2268.1432006313253,2069.567955158682,816.3468946903928,13
3.3499999999999996,3.3499999999999996,3.3499999999999996,2393.941805971378,2184.352930967511,861.6241509047051,13
3.3499999999999996,3.3499999999999996,3.3499999999999996,1988.3622628468322,1814.2817531490975,715.6485350408066,13
3.3499999999999996,3.3499999999999996,3.3499999999999996,2129.5888581339154,1943.1440030903527,766.4786115889792,13
3.3499999999999996,3.3499999999999996,3.3499999999999996,2362.6651755349817,2155.8145599870136,850.3671102883875,13
3.3499999999999996,3.3499999999999996,3.3499999999999996,2160.0831497681866,1970.9685287922505,777.4540739294924,13
3.3499999999999996,3.3499999999999996,3.3499999999999996,2570.004185420012,2345.0011027912565,924.992273646994,13
3.3499999999999996,3.3499999999999996,3.3499999999999996,2478.557962611714,2261.5609689003813,892.0790783955034,13
3.3499999999999996,3.3499999999999996,3.3499999999999996,2451.9727593273733,2237.303292055579,882.5105696082964,13
3.3499999999999996,3.3499999999999996,3.3499999999999996,2420.7801003168215,2208.841540828205,871.283751868873,13
3.3499999999999996,3.3499999999999996,3.3499999999999996,2242.25842775379,2045.9493862521874,807.0304838251263,13
3.3499999999999996,3.3499999999999996,3.3499999999999996,2329.794272399879,2125.821494396359,838.5362612958985,13
3.3499999999999996,3.3499999999999996,3.3499999999999996,2535.786009621249,2313.7787178477497,912.676516181806,13
3.3499999999999996,3.3499999999999996,3.3499999999999996,2567.991135578349,2343.1642948492863,924.267739593482,13
3.3499999999999996,3.3499999999999996,3.3499999999999996,2443.8550900597124,2229.8963222565594,879.5888695600215,13
3.3499999999999996,3.3499999999999996,3.3499999999999996,2754.4257279448766,2513.2765955133013,991.3690145477801,13
3.3499999999999996,3.3499999999999996,3.3499999999999996,2921.317645806532,2665.5571768651835,1051.4365177183754,13
3.3499999999999996,3.3499999999999996,3.3499999999999996,2567.2021034112195,2342.444342207749,923.9837522512067,13
3.3499999999999996,3.3499999999999996,3.3499999999999996,2592.49024517502,2365.5185148725545,933.0854244893718,13
3.3499999999999996,3.3499999999999996,3.3499999999999996,2817.337932428495,2570.6808556814635,1014.0122862574473,13
3.3499999999999996,3.3499999999999996,3.3499999999999996,3168.2552227528827,2890.8754442613726,1140.3139413600632,13
3.3499999999999996,3.3499999999999996,3.3499999999999996,2520.9514856385535,2300.2814652125758,907.3450822003017,14
3.3499999999999996,3.3499999999999996,3.3499999999999996,2743.7448559112217,2503.572747543877,987.53324528688,14
3.3499999999999996,3.3499999999999996,3.3499999999999996,2985.5778042742086,2724.2369895834986,1074.5741652177826,14
3.3499999999999996,3.3499999999999996,3.3499999999999996,2780.060131065725,2536.709186232954,1000.6038999614749,14
3.3499999999999996,3.3499999999999996,3.3499999999999996,3058.2911383820656,2790.5854043288723,1100.7452702505475,14
3.3499999999999996,3.3499999999999996,3.3499999999999996,2625.1319133888396,2395.3425198806704,944.8418762954097,14
3.3499999999999996,3.3499999999999996,3.3499999999999996,2502.9929517049327,2283.894921090154,900.8814165799889,14
3.3499999999999996,3.3499999999999996,3.3499999999999996,2475.585154142508,2258.886249128673,891.016756163524,14
3.3499999999999996,3.3499999999999996,3.3499999999999996,2639.7621266887068,2408.692085978039,950.1076071771024,14
3.3499999999999996,3.3499999999999996,3.3499999999999996,2629.4628481400614,2399.2943487802086,946.4006735869236,14
3.3499999999999996,3.3499999999999996,3.3499999999999996,2723.995467438425,2485.552110291609,980.4250123005096,14
3.3499999999999996,3.3499999999999996,3.3499999999999996,2783.361823867014,2539.721867277353,1001.7922507660235,14
3.3499999999999996,3.3499999999999996,3.3499999999999996,2845.9856577072005,2596.8639602861927,1024.3319259589514,14
3.3499999999999996,3.3499999999999996,3.3499999999999996,2852.156233510359,2602.4943983293506,1026.5528499399304,14
3.3499999999999996,3.3499999999999996,3.3499999999999996,2838.8099634185305,2590.3163862189044,1021.7492380487364,14
3.3499999999999996,3.3499999999999996,3.3499999999999996,2535.4998224167675,2313.55632180194,912.5813439471488,14
3.3499999999999996,3.3499999999999996,3.3499999999999996,2484.4220732477406,2266.949633665485,894.1973548928577,14
3.3499999999999996,3.3499999999999996,3.3499999999999996,2603.873627162989,2375.9450653615795,937.1905583018204,14
3.3499999999999996,3.3499999999999996,3.3499999999999996,2425.7637313620776,2213.4259155819072,873.0849462078097,14
3.3499999999999996,3.3499999999999996,3.3499999999999996,2483.913860171545,2266.4859067249977,894.0144379910361,14
3.3499999999999996,3.3499999999999996,3.3499999999999996,2332.3165517334905,2128.1585804108063,839.451280758667,14
3.3499999999999996,3.3499999999999996,3.3499999999999996,2651.33412086497,2419.2511323820845,954.2726187082243,14
3.3499999999999996,3.3499999999999996,3.3499999999999996,2465.4453424326543,2249.6340199327537,887.3672181451267,14
3.3499999999999996,3.3499999999999996,3.3499999999999996,2122.3121040687392,1936.5367497935176,763.8661281231184,14
3.3499999999999996,3.3499999999999996,3.3499999999999996,2737.295173896387,2497.6876346887675,985.211864930592,14
3.3499999999999996,3.3499999999999996,3.3499999999999996,2479.352114529939,2262.3234708319715,892.3725668571649,14
3.3499999999999996,3.3499999999999996,3.3499999999999996,2660.502986568842,2427.6174067653055,957.572692213469,14
3.3499999999999996,3.3499999999999996,3.3499999999999996,2689.2550167787267,2453.852644752156,967.9211710964751,14
3.3499999999999996,3.3499999999999996,3.3499999999999996,2613.415825294867,2384.6519927361005,940.6250022400174,14
3.3499999999999996,3.3499999999999996,3.3499999999999996,2586.5022877963092,2360.0943160715865,930.9382367338005,14
3.3499999999999996,3.3499999999999996,3.3499999999999996,2531.233472661854,2309.663424488664,911.0457921957086,14
3.3499999999999996,3.3499999999999996,3.3499999999999996,2800.60695735895,2555.457458050361,1007.9991481041657,14
3.3499999999999996,3.3499999999999996,3.3499999999999996,2765.9313580712123,2523.8171671557834,995.5186483145765,14
3.3499999999999996,3.3499999999999996,3.3499999999999996,2883.668189823116,2631.247973894675,1037.894686049739,14
3.3499999999999996,3.3499999999999996,3.3499999999999996,2921.863547382779,2666.099923070287,1051.6420231334055,14
3.3499999999999996,3.3499999999999996,3.3499999999999996,2611.8070129943826,2383.1840068835795,940.0459558214951,14
3.3499999999999996,3.3499999999999996,3.3499999999999996,2619.553841640792,2390.2527213951557,942.8342073666008,14
3.3499999999999996,3.3499999999999996,3.3499999999999996,2474.1803310416603,2257.6043963999755,890.511129879489,14
3.3499999999999996,3.3499999999999996,3.3499999999999996,2190.2501023446607,1998.5278349484795,788.3184862828696,14
3.3499999999999996,3.3499999999999996,3.3499999999999996,2268.1432006313253,2069.60260623128,816.3539007168159,14
3.3499999999999996,3.3499999999999996,3.3499999999999996,2393.941805971378,2184.389503901394,861.6315455081598,14
3.3499999999999996,3.3499999999999996,3.3499999999999996,1988.3622628468322,1814.312129928263,715.6546768569617,14
3.3499999999999996,3.3499999999999996,3.3499999999999996,2129.5888581339154,1943.17653742862,766.4851896374048,14
3.3499999999999996,3.3499999999999996,3.3499999999999996,2362.6651755349817,2155.8506550988654,850.3744082820256,14
3.3499999999999996,3.3499999999999996,3.3499999999999996,2160.0831497681866,1971.0015290005356,777.4607461711827,14
3.3499999999999996,3.3499999999999996,3.3499999999999996,2570.004185420012,2345.0403654804827,925.0002120863417,14
3.3499999999999996,3.3499999999999996,3.3499999999999996,2478.557962611714,2261.5988345394985,892.0867343682709,14
3.3499999999999996,3.3499999999999996,3.3499999999999996,2451.9727593273733,2237.3407515449394,882.5181434625114,14
3.3499999999999996,3.3499999999999996,3.3499999999999996,2420.7801003168215,2208.8785237783895,871.2912293726488,14
3.3499999999999996,3.3499999999999996,3.3499999999999996,2242.25842775379,2045.9836418757045,807.0374098965436,14
3.3499999999999996,3.3499999999999996,3.3499999999999996,2329.794272399879,2125.857087330019,838.5434577551996,14
3.3499999999999996,3.3499999999999996,3.3499999999999996,2535.786009621249,2313.817457776114,912.6843489252507,14
3.3499999999999996,3.3499999999999996,3.3499999999999996,2567.991135578349,2343.203526784574,924.2756718147565,14
3.3499999999999996,3.3499999999999996,3.3499999999999996,2443.8550900597124,2229.933657729964,879.5964183397149,14
3.3499999999999996,3.3499999999999996,3.3499999999999996,2754.4257279448766,2513.318675663196,991.377522643488,14
3.3499999999999996,3.3499999999999996,3.3499999999999996,2921.317645806532,2665.6018066706556,1051.4455413235032,14
3.3499999999999996,3.3499999999999996,3.3499999999999996,2567.2021034112195,2342.4835620887666,923.9916820352541,14
3.3499999999999996,3.3499999999999996,3.3499999999999996,2592.49024517502,2365.5581210877485,933.0934323855018,14
3.3499999999999996,3.3499999999999996,3.3499999999999996,2817.337932428495,2570.7238969591053,1014.0209886815232,14
3.3499999999999996,3.3499999999999996,3.3499999999999996,3168.2552227528827,2890.923846602858,1140.3237277261967,14
3.3499999999999996,3.3499999999999996,3.3499999999999996,2520.9514856385535,2300.2853165335405,907.3458608815346,15
3.3499999999999996,3.3499999999999996,3.3499999999999996,2743.7448559112217,2503.576939231875,987.5340927853895,15
3.3499999999999996,3.3499999999999996,3.3499999999999996,2985.5778042742086,2724.2415507257715,1074.5750874145879,15
3.3499999999999996,3.3499999999999996,3.3499999999999996,2780.060131065725,2536.7134334007105,1000.6047586771872,15
3.3499999999999996,3.3499999999999996,3.3499999999999996,3058.2911383820656,2790.590076557134,1100.746214907328,15
3.3499999999999996,3.3499999999999996,3.3499999999999996,2625.1319133888396,2395.346530360694,944.8426871562956,15
3.3499999999999996,3.3499999999999996,3.3499999999999996,2502.9929517049327,2283.898744975415,900.8821897141206,15
3.3499999999999996,3.3499999999999996,3.3499999999999996,2475.585154142508,2258.8900311423527,891.0175208318291,15
3.3499999999999996,3.3499999999999996,3.3499999999999996,2639.7621266887068,2408.6961188090067,950.1084225570252,15
3.3499999999999996,3.3499999999999996,3.3499999999999996,2629.4628481400614,2399.29836587671,946.4014857855655,15
3.3499999999999996,3.3499999999999996,3.3499999999999996,2723.995467438425,2485.5562718079696,980.4258536987518,15
3.3499999999999996,3.3499999999999996,3.3499999999999996,2783.361823867014,2539.7261194891885,1001.7931105015755,15
3.3499999999999996,3.3499999999999996,3.3499999999999996,2845.9856577072005,2596.8683081700337,1024.3328050379948,15
3.3499999999999996,3.3499999999999996,3.3499999999999996,2852.156233510359,2602.4987556401356,1026.553730924965,15
3.3499999999999996,3.3499999999999996,3.3499999999999996,2838.8099634185305,2590.320723140257,1021.7501149113237,15
3.3499999999999996,3.3499999999999996,3.3499999999999996,2535.4998224167675,2313.5601953487644,912.5821271221282,15
3.3499999999999996,3.3499999999999996,3.3499999999999996,2484.4220732477406,2266.953429179548,894.1981222907447,15
3.3499999999999996,3.3499999999999996,3.3499999999999996,2603.873627162989,2375.9490433647848,937.1913625963648,15
3.3499999999999996,3.3499999999999996,3.3499999999999996,2425.7637313620776,2213.4296214821466,873.0856954870815,15
3.3499999999999996,3.3499999999999996,3.3499999999999996,2483.913860171545,2266.4897014626504,894.0152052319443,15
3.3499999999999996,3.3499999999999996,3.3499999999999996,2332.3165517334905,2128.16214354944,839.4520011736126,15
3.3499999999999996,3.3499999999999996,3.3499999999999996,2651.33412086497,2419.255182891879,954.273437662549,15
3.3499999999999996,3.3499999999999996,3.3499999999999996,2465.4453424326543,2249.637786455588,887.3679796814076,15
3.3499999999999996,3.3499999999999996,3.3499999999999996,2122.3121040687392,1936.5399921030769,763.8667836710795,15
3.3499999999999996,3.3499999999999996,3.3499999999999996,2737.295173896387,2497.6918165234238,985.212710436899,15
3.3499999999999996,3.3499999999999996,3.3499999999999996,2479.352114529939,2262.327258600531,892.3733326890234,15
3.3499999999999996,3.3499999999999996,3.3499999999999996,2660.502986568842,2427.6214712826068,957.5735139999085,15
3.3499999999999996,3.3499999999999996,3.3499999999999996,2689.2550167787267,2453.8567531946564,967.9220017639527,15
3.3499999999999996,3.3499999999999996,3.3499999999999996,2613.415825294867,2384.6559853171616,940.6258094819926,15
3.3499999999999996,3.3499999999999996,3.3499999999999996,2586.5022877963092,2360.0982675361597,930.9390356626185,15
3.3499999999999996,3.3499999999999996,3.3499999999999996,2531.233472661854,2309.6672915176787,911.0465740528817,15
3.3499999999999996,3.3499999999999996,3.3499999999999996,2800.60695735895,2555.4617366080206,1008.0000131664611,15
3.3499999999999996,3.3499999999999996,3.3499999999999996,2765.9313580712123,2523.8213927386587,995.5195026661385,15
3.3499999999999996,3.3499999999999996,3.3499999999999996,2883.668189823116,2631.2523793470677,1037.8955767683087,15
3.3499999999999996,3.3499999999999996,3.3499999999999996,2921.863547382779,2666.104386874688,1051.6429256499048,15
3.3499999999999996,3.3499999999999996,3.3499999999999996,2611.8070129943826,2383.1879970068176,940.0467625665344,15
3.3499999999999996,3.3499999999999996,3.3499999999999996,2619.553841640792,2390.2567233534187,942.8350165045105,15
3.3499999999999996,3.3499999999999996,3.3499999999999996,2474.1803310416603,2257.608176267471,890.511894113867,15
3.3499999999999996,3.3499999999999996,3.3499999999999996,2190.2501023446607,1998.5311810486266,788.3191628157817,15
3.3499999999999996,3.3499999999999996,3.3499999999999996,2268.1432006313253,2069.606071330672,816.3546013096491,15
3.3499999999999996,3.3499999999999996,3.3499999999999996,2393.941805971378,2184.393161186478,861.6322849581522,15
3.3499999999999996,3.3499999999999996,3.3499999999999996,1988.3622628468322,1814.3151675992822,715.6552910299783,15
3.3499999999999996,3.3499999999999996,3.3499999999999996,2129.5888581339154,1943.179790855059,766.4858474330375,15
3.3499999999999996,3.3499999999999996,3.3499999999999996,2362.6651755349817,2155.854264601855,850.3751380711716,15
3.3499999999999996,3.3499999999999996,3.3499999999999996,2160.0831497681866,1971.0048290138707,777.4614133860102,15
3.3499999999999996,3.3499999999999996,3.3499999999999996,2570.004185420012,2345.04429174049,925.0010059191619,15
3.3499999999999996,3.3499999999999996,3.3499999999999996,2478.557962611714,2261.6026210948125,892.0874999548287,15
3.3499999999999996,3.3499999999999996,3.3499999999999996,2451.9727593273733,2237.3444974853696,882.5189008373289,15
3.3499999999999996,3.3499999999999996,3.3499999999999996,2420.7801003168215,2208.8822220650104,871.2919771125573,15
3.3499999999999996,3.3499999999999996,3.3499999999999996,2242.25842775379,2045.987067430278,807.0381024939882,15
3.3499999999999996,3.3499999999999996,3.3499999999999996,2329.794272399879,2125.8606466153033,838.5441773910543,15
3.3499999999999996,3.3499999999999996,3.3499999999999996,2535.786009621249,2313.821331760154,912.6851321886288,15
3.3499999999999996,3.3499999999999996,3.3499999999999996,2567.991135578349,2343.207449969195,924.2764650257782,15
3.3499999999999996,3.3499999999999996,3.3499999999999996,2443.8550900597124,2229.937391268827,879.5971732071154,15
3.3499999999999996,3.3499999999999996,3.3499999999999996,2754.4257279448766,2513.3228836686303,991.3783734411467,15
3.3499999999999996,3.3499999999999996,3.3499999999999996,2921.317645806532,2665.6062696410686,1051.4464436713822,15
3.3499999999999996,3.3499999999999996,3.3499999999999996,2567.2021034112195,2342.4874840679627,923.9924750025567,15
3.3499999999999996,3.3499999999999996,3.3499999999999996,2592.49024517502,2365.562081700275,933.0942331639031,15
3.3499999999999996,3.3499999999999996,3.3499999999999996,2817.337932428495,2570.7282010770964,1014.0218589117467,15
3.3499999999999996,3.3499999999999996,3.3499999999999996,3168.2552227528827,2890.9286868260156,1140.3247063491085,15
3.3499999999999996,3.3499999999999996,3.3499999999999996,2520.9514856385535,2371.7603023175348,849.519375036656,16
3.3499999999999996,3.3499999999999996,3.3499999999999996,2743.7448559112217,2581.368648310119,924.5970930151935,16
3.3499999999999996,3.3499999999999996,3.3499999999999996,2985.5778042742086,2808.8898005366773,1006.0908370745162,16
3.3499999999999996,3.3499999999999996,3.3499999999999996,2780.060131065725,2615.5347671227432,936.8347461510386,16
3.3499999999999996,3.3499999999999996,3.3499999999999996,3058.2911383820656,2877.299922773712,1030.5940401309967,16
3.3499999999999996,3.3499999999999996,3.3499999999999996,2625.1319133888396,2469.775279687875,884.6264734388517,16
3.3499999999999996,3.3499999999999996,3.3499999999999996,2502.9929517049327,2354.864563500572,843.4676431367064,16
3.3499999999999996,3.3499999999999996,3.3499999999999996,2475.585154142508,2329.078773253185,834.2316641069613,16
3.3499999999999996,3.3499999999999996,3.3499999999999996,2639.7621266887068,2483.5396695687355,889.5566157799319,16
3.3499999999999996,3.3499999999999996,3.3499999999999996,2629.4628481400614,2473.849907531129,886.085927539473,16
3.3499999999999996,3.3499999999999996,3.3499999999999996,2723.995467438425,2562.7880386309275,917.9418724572635,16
3.3499999999999996,3.3499999999999996,3.3499999999999996,2783.361823867014,2618.6410640749687,937.9473625663458,16
3.3499999999999996,3.3499999999999996,3.3499999999999996,2845.9856577072005,2677.558787770655,959.050569228349,16
3.3499999999999996,3.3499999999999996,3.3499999999999996,2852.156233510359,2683.3641857784096,961.129952242968,16
3.3499999999999996,3.3499999999999996,3.3499999999999996,2838.8099634185305,2670.807754697473,956.6324777409515,16
3.3499999999999996,3.3499999999999996,3.3499999999999996,2535.4998224167675,2385.447661170683,854.4219263305064,16
3.3499999999999996,3.3499999999999996,3.3499999999999996,2484.4220732477406,2337.392719018497,837.2095611582507,16
3.3499999999999996,3.3499999999999996,3.3499999999999996,2603.873627162989,2449.7750695874397,877.4627790433759,16
3.3499999999999996,3.3499999999999996,3.3499999999999996,2425.7637313620776,2282.2058074588144,817.4426603577884,16
3.3499999999999996,3.3499999999999996,3.3499999999999996,2483.913860171545,2336.9145822490646,837.0383016725626,16
3.3499999999999996,3.3499999999999996,3.3499999999999996,2332.3165517334905,2194.288879160418,785.9524908367724,16
3.3499999999999996,3.3499999999999996,3.3499999999999996,2651.33412086497,2494.4268272797294,893.4561883486828,16
3.3499999999999996,3.3499999999999996,3.3499999999999996,2465.4453424326543,2319.5390407262357,830.8147135802191,16
3.3499999999999996,3.3499999999999996,3.3499999999999996,2122.3121040687392,1996.7126008707098,715.1844303836423,16
3.3499999999999996,3.3499999999999996,3.3499999999999996,2737.295173896387,2575.30066173739,922.4236557770553,16
3.3499999999999996,3.3499999999999996,3.3499999999999996,2479.352114529939,2332.6228030205993,835.5010680809562,16
3.3499999999999996,3.3499999999999996,3.3499999999999996,2660.502986568842,2503.053074876166,896.5459459687407,16
3.3499999999999996,3.3499999999999996,3.3499999999999996,2689.2550167787267,2530.1035454033954,906.2349093915133,16
3.3499999999999996,3.3499999999999996,3.3499999999999996,2613.415825294867,2458.7525556100645,880.6783435790874,16
3.3499999999999996,3.3499999999999996,3.3499999999999996,2586.5022877963092,2433.431774866105,871.6089220983291,16
3.3499999999999996,3.3499999999999996,3.3499999999999996,2531.233472661854,2381.433796151007,852.9842363161886,16
3.3499999999999996,3.3499999999999996,3.3499999999999996,2800.60695735895,2634.8656218490264,943.7586901979769,16
3.3499999999999996,3.3499999999999996,3.3499999999999996,2765.9313580712123,2602.242142056477,932.0735809827642,16
3.3499999999999996,3.3499999999999996,3.3499999999999996,2883.668189823116,2713.0112485865347,971.7489655740458,16
3.3499999999999996,3.3499999999999996,3.3499999999999996,2921.863547382779,2748.946185577155,984.6201756977771,16
3.3499999999999996,3.3499999999999996,3.3499999999999996,2611.8070129943826,2457.2389536348164,880.1362001749624,16
3.3499999999999996,3.3499999999999996,3.3499999999999996,2619.553841640792,2464.527321045725,882.7467545897163,16
3.3499999999999996,3.3499999999999996,3.3499999999999996,2474.1803310416603,2327.7570882936166,833.7582617231916,16
3.3499999999999996,3.3499999999999996,3.3499999999999996,2190.2501023446607,2060.6299940643885,738.0784234514952,16
3.3499999999999996,3.3499999999999996,3.3499999999999996,2268.1432006313253,2133.9133394176342,764.3271222277807,16
3.3499999999999996,3.3499999999999996,3.3499999999999996,2393.941805971378,2252.267119699476,806.7191925225785,16
3.3499999999999996,3.3499999999999996,3.3499999999999996,1988.3622628468322,1870.6899789671454,670.045527057119,16
3.3499999999999996,3.3499999999999996,3.3499999999999996,2129.5888581339154,2003.5587129517367,717.6365773610673,16
3.3499999999999996,3.3499999999999996,3.3499999999999996,2362.6651755349817,2222.841456063387,796.179480158836,16
3.3499999999999996,3.3499999999999996,3.3499999999999996,2160.0831497681866,2032.248336991502,727.9126543577532,16
3.3499999999999996,3.3499999999999996,3.3499999999999996,2570.004185420012,2417.9100385286206,866.0493317215024,16
3.3499999999999996,3.3499999999999996,3.3499999999999996,2478.557962611714,2331.875649414358,835.2334518871907,16
3.3499999999999996,3.3499999999999996,3.3499999999999996,2451.9727593273733,2306.8637718998375,826.2746736607962,16
3.3499999999999996,3.3499999999999996,3.3499999999999996,2420.7801003168215,2277.5171102181603,815.7632582926962,16
3.3499999999999996,3.3499999999999996,3.3499999999999996,2242.25842775379,2109.5604404843607,755.604377580309,16
3.3499999999999996,3.3499999999999996,3.3499999999999996,2329.794272399879,2191.9158695928427,785.1025239987098,16
3.3499999999999996,3.3499999999999996,3.3499999999999996,2535.786009621249,2385.716911671729,854.5183667326636,16
3.3499999999999996,3.3499999999999996,3.3499999999999996,2567.991135578349,2416.016121994231,865.370966884595,16
3.3499999999999996,3.3499999999999996,3.3499999999999996,2443.8550900597124,2299.2265104031108,823.5391520284663,16
3.3499999999999996,3.3499999999999996,3.3499999999999996,2754.4257279448766,2591.4174209373878,928.196372012258,16
3.3499999999999996,3.3499999999999996,3.3499999999999996,2921.317645806532,2748.4325907321563,984.4362158046466,16
3.3499999999999996,3.3499999999999996,3.3499999999999996,2567.2021034112195,2415.2737851496277,865.1050759631224,16
3.3499999999999996,3.3499999999999996,3.3499999999999996,2592.49024517502,2439.065361900088,873.6267656939269,16
3.3499999999999996,3.3499999999999996,3.3499999999999996,2817.337932428495,2650.6064493560493,949.3967548595958,16
3.3499999999999996,3.3499999999999996,3.3499999999999996,3168.2552227528827,2980.7562770420045,1067.6501361183068,16
3.3499999999999996,3.3499999999999996,3.3499999999999996,2520.9514856385535,2308.240386842587,901.919443824497,17
3.3499999999999996,3.3499999999999996,3.3499999999999996,2743.7448559112217,2512.2350523939886,981.6281069022442,17
3.3499999999999996,3.3499999999999996,3.3499999999999996,2985.5778042742086,2733.6627876997595,1068.1485494924893,17
3.3499999999999996,3.3499999999999996,3.3499999999999996,2780.060131065725,2545.4861424083974,994.6206031705277,17
3.3499999999999996,3.3499999999999996,3.3499999999999996,3058.2911383820656,2800.240766453373,1094.1631595438096,17
3.3499999999999996,3.3499999999999996,3.3499999999999996,2625.1319133888396,2403.6303506009867,939.1920188776955,17
3.3499999999999996,3.3499999999999996,3.3499999999999996,2502.9929517049327,2291.797145649642,895.4944288927987,17
3.3499999999999996,3.3499999999999996,3.3499999999999996,2475.585154142508,2266.701944251123,885.688756044757,17
3.3499999999999996,3.3499999999999996,3.3499999999999996,2639.7621266887068,2417.0261058938822,944.4262623439511,17
3.3499999999999996,3.3499999999999996,3.3499999999999996,2629.4628481400614,2407.5958527387706,940.7414950514004,17
3.3499999999999996,3.3499999999999996,3.3499999999999996,2723.995467438425,2494.152064146079,974.5623789147231,17
3.3499999999999996,3.3499999999999996,3.3499999999999996,2783.361823867014,2548.5092472607917,995.8018480108124,17
3.3499999999999996,3.3499999999999996,3.3499999999999996,2845.9856577072005,2605.849050613739,1018.2067430312304,17
3.3499999999999996,3.3499999999999996,3.3499999999999996,2852.156233510359,2611.4989698446584,1020.4143865849309,17
3.3499999999999996,3.3499999999999996,3.3499999999999996,2838.8099634185305,2599.2788220888747,1015.6394987828738,17
3.3499999999999996,3.3499999999999996,3.3499999999999996,2535.4998224167675,2321.5611741342764,907.1243943720696,17
3.3499999999999996,3.3499999999999996,3.3499999999999996,2484.4220732477406,2274.7932279153115,888.8503357934821,17
3.3499999999999996,3.3499999999999996,3.3499999999999996,2603.873627162989,2384.1657813297775,931.5864533605853,17
3.3499999999999996,3.3499999999999996,3.3499999999999996,2425.7637313620776,2221.084318982694,867.864172675875,17
3.3499999999999996,3.3499999999999996,3.3499999999999996,2483.913860171545,2274.3278964901415,888.6685126772352,17
3.3499999999999996,3.3499999999999996,3.3499999999999996,2332.3165517334905,2135.5219607683307,834.4316259736784,17
3.3499999999999996,3.3499999999999996,3.3499999999999996,2651.33412086497,2427.6216863586887,948.5663684153507,17
3.3499999999999996,3.3499999999999996,3.3499999999999996,2465.4453424326543,2257.417702552305,882.0610411165104,17
3.3499999999999996,3.3499999999999996,3.3499999999999996,2122.3121040687392,1943.2371229688579,759.2984487913785,17
3.3499999999999996,3.3499999999999996,3.3499999999999996,2737.295173896387,2506.329577182052,979.3206076707819,17
3.3499999999999996,3.3499999999999996,3.3499999999999996,2479.352114529939,2270.1510586634545,887.0364594166368,17
3.3499999999999996,3.3499999999999996,3.3499999999999996,2660.502986568842,2436.0169078612766,951.8467085183825,17
3.3499999999999996,3.3499999999999996,3.3499999999999996,2689.2550167787267,2462.342919175756,962.1333067506191,17
3.3499999999999996,3.3499999999999996,3.3499999999999996,2613.415825294867,2392.902834475279,935.0003604036182,17
3.3499999999999996,3.3499999999999996,3.3499999999999996,2586.5022877963092,2368.260188807214,925.3715187101812,17
3.3499999999999996,3.3499999999999996,3.3499999999999996,2531.233472661854,2317.6548074847046,905.5980247374165,17
3.3499999999999996,3.3499999999999996,3.3499999999999996,2800.60695735895,2564.2992828205174,1001.9716300539549,17
3.3499999999999996,3.3499999999999996,3.3499999999999996,2765.9313580712123,2532.5495172379988,989.5657597299746,17
3.3499999999999996,3.3499999999999996,3.3499999999999996,2883.668189823116,2640.3520321284423,1031.6884020800069,17
3.3499999999999996,3.3499999999999996,3.3499999999999996,2921.863547382779,2675.324568256711,1045.3535344092643,17
3.3499999999999996,3.3499999999999996,3.3499999999999996,2611.8070129943826,2391.429769425046,934.4247765006609,17
3.3499999999999996,3.3499999999999996,3.3499999999999996,2619.553841640792,2398.522941528302,937.1963551779885,17
3.3499999999999996,3.3499999999999996,3.3499999999999996,2474.1803310416603,2265.4156563410943,885.1861532469616,17
3.3499999999999996,3.3499999999999996,3.3499999999999996,2190.2501023446607,2005.442695870632,783.6045895357129,17
3.3499999999999996,3.3499999999999996,3.3499999999999996,2268.1432006313253,2076.763384247955,811.4723610040243,17
3.3499999999999996,3.3499999999999996,3.3499999999999996,2393.941805971378,2191.9474419771855,856.4792597121357,17
3.3499999999999996,3.3499999999999996,3.3499999999999996,1988.3622628468322,1820.5896086946032,711.3752868489581,17
3.3499999999999996,3.3499999999999996,3.3499999999999996,2129.5888581339154,1949.8998841183873,761.9018491410882,17
3.3499999999999996,3.3499999999999996,3.3499999999999996,2362.6651755349817,2163.3098494059213,845.289436628034,17
3.3499999999999996,3.3499999999999996,3.3499999999999996,2160.0831497681866,1977.8211495292333,772.811775296861,17
3.3499999999999996,3.3499999999999996,3.3499999999999996,2570.004185420012,2353.15415188894,919.4690015835495,17
3.3499999999999996,3.3499999999999996,3.3499999999999996,2478.557962611714,2269.4239151458673,886.7523361161776,17
3.3499999999999996,3.3499999999999996,3.3499999999999996,2451.9727593273733,2245.0818997350507,877.2409623762342,17
3.3499999999999996,3.3499999999999996,3.3499999999999996,2420.7801003168215,2216.5211933068076,866.0811817035498,17
3.3499999999999996,3.3499999999999996,3.3499999999999996,2242.25842775379,2053.062698812098,802.2115798703021,17
3.3499999999999996,3.3499999999999996,3.3499999999999996,2329.794272399879,2133.212504573752,833.5292314664059,17
3.3499999999999996,3.3499999999999996,3.3499999999999996,2535.786009621249,2321.8232136329907,907.2267834127814,17
3.3499999999999996,3.3499999999999996,3.3499999999999996,2567.991135578349,2351.31095777286,918.7487938350356,17
3.3499999999999996,3.3499999999999996,3.3499999999999996,2443.8550900597124,2237.649177543691,874.3367082512539,17
3.3499999999999996,3.3499999999999996,3.3499999999999996,2754.4257279448766,2522.014701203269,985.4493966886738,17
3.3499999999999996,3.3499999999999996,3.3499999999999996,2921.317645806532,2674.8247283856485,1045.1582274988232,17
3.3499999999999996,3.3499999999999996,3.3499999999999996,2567.2021034112195,2350.588502015555,918.4665022251453,17
3.3499999999999996,3.3499999999999996,3.3499999999999996,2592.49024517502,2373.7428984646476,927.5138269693518,17
3.3499999999999996,3.3499999999999996,3.3499999999999996,2817.337932428495,2579.6185432611837,1007.9574619175711,17
3.3499999999999996,3.3499999999999996,3.3499999999999996,3168.2552227528827,2900.9263774589303,1133.5049502848858,17
3.3499999999999996,3.3499999999999996,3.3499999999999996,2520.9514856385535,2301.0901445599484,906.8064299543036,18
3.3499999999999996,3.3499999999999996,3.3499999999999996,2743.7448559112217,2504.452895302402,986.9469887335498,18
3.3499999999999996,3.3499999999999996,3.3499999999999996,2985.5778042742086,2725.1947133334575,1073.9362361663764,18
3.3499999999999996,3.3499999999999996,3.3499999999999996,2780.060131065725,2537.600983328318,1000.0098839154941,18
3.3499999999999996,3.3499999999999996,3.3499999999999996,3058.2911383820656,2791.5664533081776,1100.0918045254075,18
3.3499999999999996,3.3499999999999996,3.3499999999999996,2625.1319133888396,2396.1846185781583,944.280963795013,18
3.3499999999999996,3.3499999999999996,3.3499999999999996,2502.9929517049327,2284.697839638248,900.3466015377978,18
3.3499999999999996,3.3499999999999996,3.3499999999999996,2475.585154142508,2259.6803757107286,890.4877973513311,18
3.3499999999999996,3.3499999999999996,3.3499999999999996,2639.7621266887068,2409.538877804851,949.5435686358841,18
3.3499999999999996,3.3499999999999996,3.3499999999999996,2629.4628481400614,2400.1378367695997,945.8388356947672,18
3.3499999999999996,3.3499999999999996,3.3499999999999996,2723.995467438425,2486.425922774477,979.842975603261,18
3.3499999999999996,3.3499999999999996,3.3499999999999996,2783.361823867014,2540.6147235009057,1001.197529246632,18
3.3499999999999996,3.3499999999999996,3.3499999999999996,2845.9856577072005,2597.7769051950563,1023.7238235915174,18
3.3499999999999996,3.3499999999999996,3.3499999999999996,2852.156233510359,2603.409322656399,1025.943429104238,18
3.3499999999999996,3.3499999999999996,3.3499999999999996,2838.8099634185305,2591.2270292842754,1021.142668913444,18
3.3499999999999996,3.3499999999999996,3.3499999999999996,2535.4998224167675,2314.369668014009,912.0395831549029,18
3.3499999999999996,3.3499999999999996,3.3499999999999996,2484.4220732477406,2267.746594984351,893.6665078942598,18
3.3499999999999996,3.3499999999999996,3.3499999999999996,2603.873627162989,2376.7803447540828,936.6341880640126,18
3.3499999999999996,3.3499999999999996,3.3499999999999996,2425.7637313620776,2214.204060279389,872.5666327497352,18
3.3499999999999996,3.3499999999999996,3.3499999999999996,2483.913860171545,2267.2827050175533,893.4836995824353,18
3.3499999999999996,3.3499999999999996,3.3499999999999996,2332.3165517334905,2128.9067488058213,838.9529341795569,18
3.3499999999999996,3.3499999999999996,3.3499999999999996,2651.33412086497,2420.101636312344,953.7061075765218,18
3.3499999999999996,3.3499999999999996,3.3499999999999996,2465.4453424326543,2250.4248938317005,886.8404259086824,18
3.3499999999999996,3.3499999999999996,3.3499999999999996,2122.3121040687392,1937.2175522512473,763.4126532394969,18
3.3499999999999996,3.3499999999999996,3.3499999999999996,2737.295173896387,2498.5657134964727,984.626986482205,18
3.3499999999999996,3.3499999999999996,3.3499999999999996,2479.352114529939,2263.118805792325,891.8428031577363,18
3.3499999999999996,3.3499999999999996,3.3499999999999996,2660.502986568842,2428.4708519153287,957.0042219682601,18
3.3499999999999996,3.3499999999999996,3.3499999999999996,2689.2550167787267,2454.7153130757133,967.3465573987892,18
3.3499999999999996,3.3499999999999996,3.3499999999999996,2613.415825294867,2385.4903331072073,940.0665931186829,18
3.3499999999999996,3.3499999999999996,3.3499999999999996,2586.5022877963092,2360.924023027071,930.3855782338104,18
3.3499999999999996,3.3499999999999996,3.3499999999999996,2531.233472661854,2310.4754021266235,910.5049429953326,18
3.3499999999999996,3.3499999999999996,3.3499999999999996,2800.60695735895,2556.355846226185,1007.4007418133929,18
3.3499999999999996,3.3499999999999996,3.3499999999999996,2765.9313580712123,2524.704431975541,994.9276511665591,18
3.3499999999999996,3.3499999999999996,3.3499999999999996,2883.668189823116,2632.173006733692,1037.2785320475657,18
3.3499999999999996,3.3499999999999996,3.3499999999999996,2921.863547382779,2667.037208345339,1051.017707920969,18
3.3499999999999996,3.3499999999999996,3.3499999999999996,2611.8070129943826,2384.0218311744325,939.4878904554309,18
3.3499999999999996,3.3499999999999996,3.3499999999999996,2619.553841640792,2391.0930307399144,942.2744867339939,18
3.3499999999999996,3.3499999999999996,3.3499999999999996,2474.1803310416603,2258.3980723381223,889.9824712361504,18
3.3499999999999996,3.3499999999999996,3.3499999999999996,2190.2501023446607,1999.2304307871684,787.8504950725481,18
3.3499999999999996,3.3499999999999996,3.3499999999999996,2268.1432006313253,2070.330188881594,815.8692660714347,18
3.3499999999999996,3.3499999999999996,3.3499999999999996,2393.941805971378,2185.157440653977,861.1200314477262,18
3.3499999999999996,3.3499999999999996,3.3499999999999996,1988.3622628468322,1814.9499635026973,715.2298230647164,18
3.3499999999999996,3.3499999999999996,3.3499999999999996,2129.5888581339154,1943.8596741481397,766.0301599281772,18
3.3499999999999996,3.3499999999999996,3.3499999999999996,2362.6651755349817,2156.6085588281117,849.8695771059422,18
3.3499999999999996,3.3499999999999996,3.3499999999999996,2160.0831497681866,1971.694447782105,776.9992007401049,18
3.3499999999999996,3.3499999999999996,3.3499999999999996,2570.004185420012,2345.864780118864,924.4510787394336,18
3.3499999999999996,3.3499999999999996,3.3499999999999996,2478.557962611714,2262.3939147491137,891.5571403554534,18
3.3499999999999996,3.3499999999999996,3.3499999999999996,2451.9727593273733,2238.127303663092,881.994229915796,18
3.3499999999999996,3.3499999999999996,3.3499999999999996,2420.7801003168215,2209.6550698098417,870.7739807680915,18
3.3499999999999996,3.3499999999999996,3.3499999999999996,2242.25842775379,2046.7029211209924,806.5583060561489,18
3.3499999999999996,3.3499999999999996,3.3499999999999996,2329.794272399879,2126.6044466197363,838.0456501120573,18
3.3499999999999996,3.3499999999999996,3.3499999999999996,2535.786009621249,2314.630895792284,912.1425269833234,18
3.3499999999999996,3.3499999999999996,3.3499999999999996,2567.991135578349,2344.0272956700164,923.726968596641,18
3.3499999999999996,3.3499999999999996,3.3499999999999996,2443.8550900597124,2230.7176058347013,879.0742392971375,18
3.3499999999999996,3.3499999999999996,3.3499999999999996,2754.4257279448766,2514.2022496679924,990.7889839059338,18
3.3499999999999996,3.3499999999999996,3.3499999999999996,2921.317645806532,2666.5389168295524,1050.8213427539745,18
3.3499999999999996,3.3499999999999996,3.3499999999999996,2567.2021034112195,2343.3070778658,923.4431474098117,18
3.3499999999999996,3.3499999999999996,3.3499999999999996,2592.49024517502,2366.3897488804614,932.5394944373711,18
3.3499999999999996,3.3499999999999996,3.3499999999999996,2817.337932428495,2571.627652153722,1013.4190074797094,18
3.3499999999999996,3.3499999999999996,3.3499999999999996,3168.2552227528827,2891.940170233218,1139.6467659515042,18
3.3499999999999996,3.3499999999999996,3.3499999999999996,2520.9514856385535,2300.366274772227,907.2920265812386,19
3.3499999999999996,3.3499999999999996,3.3499999999999996,2743.7448559112217,2503.6650522924415,987.475500787348,19
3.3499999999999996,3.3499999999999996,3.3499999999999996,2985.5778042742086,2724.3374300482706,1074.5113311332834,19
3.3499999999999996,3.3499999999999996,3.3499999999999996,2780.060131065725,2536.8027126958236,1000.5453911753573,19
3.3499999999999996,3.3499999999999996,3.3499999999999996,3058.2911383820656,2790.6882910072595,1100.680905850619,19
3.3499999999999996,3.3499999999999996,3.3499999999999996,2625.1319133888396,2395.430834266278,944.7866281085325,19
3.3499999999999996,3.3499999999999996,3.3499999999999996,2502.9929517049327,2283.979126490875,900.8287389139093,19
3.3499999999999996,3.3499999999999996,3.3499999999999996,2475.585154142508,2258.969532479423,890.9646553184085,19
3.3499999999999996,3.3499999999999996,3.3499999999999996,2639.7621266887068,2408.7808925515974,950.0520510846472,19
3.3499999999999996,3.3499999999999996,3.3499999999999996,2629.4628481400614,2399.3828088666246,946.3453342517532,19
3.3499999999999996,3.3499999999999996,3.3499999999999996,2723.995467438425,2485.6437506335205,980.3676834440544,19
3.3499999999999996,3.3499999999999996,3.3499999999999996,2783.361823867014,2539.8155048153926,1001.7336724929056,19
3.3499999999999996,3.3499999999999996,3.3499999999999996,2845.9856577072005,2596.95970460804,1024.2720297127225,19
3.3499999999999996,3.3499999999999996,3.3499999999999996,2852.156233510359,2602.5903502409988,1026.492823828561,19
3.3499999999999996,3.3499999999999996,3.3499999999999996,2838.8099634185305,2590.4118891368707,1021.6894928212419,19
3.3499999999999996,3.3499999999999996,3.3499999999999996,2535.4998224167675,2313.641620795062,912.5279821456701,19
3.3499999999999996,3.3499999999999996,3.3499999999999996,2484.4220732477406,2267.03321430685,894.1450680670854,19
3.3499999999999996,3.3499999999999996,3.3499999999999996,2603.873627162989,2376.03266457837,937.1357575140868,19
3.3499999999999996,3.3499999999999996,3.3499999999999996,2425.7637313620776,2213.507522846088,873.0338938979174,19
3.3499999999999996,3.3499999999999996,3.3499999999999996,2483.913860171545,2266.5694702691167,893.9621618610504,19
3.3499999999999996,3.3499999999999996,3.3499999999999996,2332.3165517334905,2128.2370439357273,839.4021951260364,19
3.3499999999999996,3.3499999999999996,3.3499999999999996,2651.33412086497,2419.34032825934,954.2168190730756,19
3.3499999999999996,3.3499999999999996,3.3499999999999996,2465.4453424326543,2249.7169621611256,887.3153307011776,19
3.3499999999999996,3.3499999999999996,3.3499999999999996,2122.3121040687392,1936.6081483729881,763.8214622169446,19
3.3499999999999996,3.3499999999999996,3.3499999999999996,2737.295173896387,2497.7797224578712,985.1542561702344,19
3.3499999999999996,3.3499999999999996,3.3499999999999996,2479.352114529939,2262.406880910369,892.3203867330881,19
3.3499999999999996,3.3499999999999996,3.3499999999999996,2660.502986568842,2427.7069111004853,957.5166996115581,19
3.3499999999999996,3.3499999999999996,3.3499999999999996,2689.2550167787267,2453.9431163598256,967.8645733830533,19
3.3499999999999996,3.3499999999999996,3.3499999999999996,2613.415825294867,2384.739912970421,940.5700006284153,19
3.3499999999999996,3.3499999999999996,3.3499999999999996,2586.5022877963092,2360.1813308837777,930.8838015410294,19
3.3499999999999996,3.3499999999999996,3.3499999999999996,2531.233472661854,2309.7485799537385,910.9925201832759,19
3.3499999999999996,3.3499999999999996,3.3499999999999996,2800.60695735895,2555.5516757471955,1007.940206892198,19
3.3499999999999996,3.3499999999999996,3.3499999999999996,2765.9313580712123,2523.9102183000996,995.4604368807884,19
3.3499999999999996,3.3499999999999996,3.3499999999999996,2883.668189823116,2631.344985927929,1037.8339967418108,19
3.3499999999999996,3.3499999999999996,3.3499999999999996,2921.863547382779,2666.1982200673633,1051.58052997092,19
3.3499999999999996,3.3499999999999996,3.3499999999999996,2611.8070129943826,2383.2718729944213,939.990988068749,19
3.3499999999999996,3.3499999999999996,3.3499999999999996,2619.553841640792,2390.340848123916,942.7790765751005,19
3.3499999999999996,3.3499999999999996,3.3499999999999996,2474.1803310416603,2257.687632489828,890.4590586000991,19
3.3499999999999996,3.3499999999999996,3.3499999999999996,2190.2501023446607,1998.6015190902665,788.2723905623667,19
3.3499999999999996,3.3499999999999996,3.3499999999999996,2268.1432006313253,2069.678910843711,816.3061656682364,19
3.3499999999999996,3.3499999999999996,3.3499999999999996,2393.941805971378,2184.470040616024,861.5811629183954,19
3.3499999999999996,3.3499999999999996,3.3499999999999996,1988.3622628468322,1814.3790221825961,715.6128300418294,19
3.3499999999999996,3.3499999999999996,3.3499999999999996,2129.5888581339154,1943.248180811813,766.4403705856054,19
3.3499999999999996,3.3499999999999996,3.3499999999999996,2362.6651755349817,2155.9301396086953,850.3246839361817,19
3.3499999999999996,3.3499999999999996,3.3499999999999996,2160.0831497681866,1971.0741982691768,777.4152853404639,19
3.3499999999999996,3.3499999999999996,3.3499999999999996,2570.004185420012,2345.126825265412,924.9461241105003,19
3.3499999999999996,3.3499999999999996,3.3499999999999996,2478.557962611714,2261.6822179011288,892.0345709578128,19
3.3499999999999996,3.3499999999999996,3.3499999999999996,2451.9727593273733,2237.4232405302214,882.4665395608046,19
3.3499999999999996,3.3499999999999996,3.3499999999999996,2420.7801003168215,2208.959963383827,871.2402819476114,19
3.3499999999999996,3.3499999999999996,3.3499999999999996,2242.25842775379,2046.0590756755873,806.9902196155475,19
3.3499999999999996,3.3499999999999996,3.3499999999999996,2329.794272399879,2125.93546600071,838.4944252061338,19
3.3499999999999996,3.3499999999999996,3.3499999999999996,2535.786009621249,2313.9027663971137,912.6309811007135,19
3.3499999999999996,3.3499999999999996,3.3499999999999996,2567.991135578349,2343.2899188467127,924.221626205302,19
3.3499999999999996,3.3499999999999996,3.3499999999999996,2443.8550900597124,2230.015873621551,879.5449852814261,19
3.3499999999999996,3.3499999999999996,3.3499999999999996,2754.4257279448766,2513.4113397364285,991.3195533557041,19
3.3499999999999996,3.3499999999999996,3.3499999999999996,2921.317645806532,2665.700085302574,1051.3840596499917,19
3.3499999999999996,3.3499999999999996,3.3499999999999996,2567.2021034112195,2342.5699276063765,923.9376530316686,19
3.3499999999999996,3.3499999999999996,3.3499999999999996,2592.49024517502,2365.6453373461122,933.0388711709539,19
3.3499999999999996,3.3499999999999996,3.3499999999999996,2817.337932428495,2570.8186775174777,1013.961695351617,19
3.3499999999999996,3.3499999999999996,3.3499999999999996,3168.2552227528827,2891.030432680311,1140.2570490363646,19
3.3499999999999996,3.3499999999999996,3.3499999999999996,2520.9514856385535,2300.2937983934125,907.3405556283598,20
3.3499999999999996,3.3499999999999996,3.3499999999999996,2743.7448559112217,2503.586170690522,987.5283186714527,20
3.3499999999999996,3.3499999999999996,3.3499999999999996,2985.5778042742086,2724.2515958427502,1074.5688043717703,20
3.3499999999999996,3.3499999999999996,3.3499999999999996,2780.060131065725,2536.7227870438087,1000.598908139039,20
3.3499999999999996,3.3499999999999996,3.3499999999999996,3058.2911383820656,2790.600366321546,1100.7397788418727,20
3.3499999999999996,3.3499999999999996,3.3499999999999996,2625.1319133888396,2395.355362740516,944.837162659098,20
3.3499999999999996,3.3499999999999996,3.3499999999999996,2502.9929517049327,2283.907166412954,900.8769222540448,20
3.3499999999999996,3.3499999999999996,3.3499999999999996,2475.585154142508,2258.898360365067,891.0123110504933,20
3.3499999999999996,3.3499999999999996,3.3499999999999996,2639.7621266887068,2408.70500041287,950.1028672710613,20
3.3499999999999996,3.3499999999999996,3.3499999999999996,2629.4628481400614,2399.307212828166,946.3959521740688,20
3.3499999999999996,3.3499999999999996,3.3499999999999996,2723.995467438425,2485.5654368188707,980.4201211467038,20
3.3499999999999996,3.3499999999999996,3.3499999999999996,2783.361823867014,2539.7354842409877,1001.7872530151316,20
3.3499999999999996,3.3499999999999996,3.3499999999999996,2845.9856577072005,2596.877883622668,1024.326815761909,20
3.3499999999999996,3.3499999999999996,3.3499999999999996,2852.156233510359,2602.5083518539627,1026.5477286631212,20
3.3499999999999996,3.3499999999999996,3.3499999999999996,2838.8099634185305,2590.33027444993,1021.7441407362328,20
3.3499999999999996,3.3499999999999996,3.3499999999999996,2535.4998224167675,2313.5687261571998,912.5767912524931,20
3.3499999999999996,3.3499999999999996,3.3499999999999996,2484.4220732477406,2266.9617881344925,894.1928939124256,20
3.3499999999999996,3.3499999999999996,3.3499999999999996,2603.873627162989,2375.957804220103,937.185882836478,20
3.3499999999999996,3.3499999999999996,3.3499999999999996,2425.7637313620776,2213.4377830783415,873.0805905531663,20
3.3499999999999996,3.3499999999999996,3.3499999999999996,2483.913860171545,2266.498058707689,894.0099779231414,20
3.3499999999999996,3.3499999999999996,3.3499999999999996,2332.3165517334905,2128.1699907382012,839.4470928959796,20
3.3499999999999996,3.3499999999999996,3.3499999999999996,2651.33412086497,2419.2641034302615,954.2678580237331,20
3.3499999999999996,3.3499999999999996,3.3499999999999996,2465.4453424326543,2249.646081562429,887.3627912389466,20
3.3499999999999996,3.3499999999999996,3.3499999999999996,2122.3121040687392,1936.547132721995,763.8623173403736,20
3.3499999999999996,3.3499999999999996,3.3499999999999996,2737.295173896387,2497.7010262818126,985.2069498960897,20
3.3499999999999996,3.3499999999999996,3.3499999999999996,2479.352114529939,2262.3356004973602,892.3681149802527,20
3.3499999999999996,3.3499999999999996,3.3499999999999996,2660.502986568842,2427.6304226700686,957.5679150655393,20
3.3499999999999996,3.3499999999999996,3.3499999999999996,2689.2550167787267,2453.865801319676,967.9163423219535,20
3.3499999999999996,3.3499999999999996,3.3499999999999996,2613.415825294867,2384.664778277653,940.6203096408879,20
3.3499999999999996,3.3499999999999996,3.3499999999999996,2586.5022877963092,2360.1069699447894,930.9335924601006,20
3.3499999999999996,3.3499999999999996,3.3499999999999996,2531.233472661854,2309.6758079717792,911.041247161629,20
3.3499999999999996,3.3499999999999996,3.3499999999999996,2800.60695735895,2555.471159381883,1007.9941193882439,20
3.3499999999999996,3.3499999999999996,3.3499999999999996,2765.9313580712123,2523.8306988448358,995.5136818614931,20
3.3499999999999996,3.3499999999999996,3.3499999999999996,2883.668189823116,2631.2620815843543,1037.889508190668,20
3.3499999999999996,3.3499999999999996,3.3499999999999996,2921.863547382779,2666.114217622052,1051.6367766914857,20
3.3499999999999996,3.3499999999999996,3.3499999999999996,2611.8070129943826,2383.196784554384,940.0412661111179,20
3.3499999999999996,3.3499999999999996,3.3499999999999996,2619.553841640792,2390.2655369655554,942.8295037461672,20
3.3499999999999996,3.3499999999999996,3.3499999999999996,2474.1803310416603,2257.6165007635923,890.5066872889316,20
3.3499999999999996,3.3499999999999996,3.3499999999999996,2190.2501023446607,1998.5385502481363,788.3145535119631,20
3.3499999999999996,3.3499999999999996,3.3499999999999996,2268.1432006313253,2069.6137026051742,816.3498280825621,20
3.3499999999999996,3.3499999999999996,3.3499999999999996,2393.941805971378,2184.4012157163065,861.6272469923529,20
3.3499999999999996,3.3499999999999996,3.3499999999999996,1988.3622628468322,1814.3218575376577,715.6511065919722,20
3.3499999999999996,3.3499999999999996,3.3499999999999996,2129.5888581339154,1943.1869559569586,766.4813657886605,20
3.3499999999999996,3.3499999999999996,3.3499999999999996,2362.6651755349817,2155.86221389999,850.3701659259337,20
3.3499999999999996,3.3499999999999996,3.3499999999999996,2160.0831497681866,1971.0120967152486,777.4568675674756,20
3.3499999999999996,3.3499999999999996,3.3499999999999996,2570.004185420012,2345.0529386404774,924.9955974363165,20
3.3499999999999996,3.3499999999999996,3.3499999999999996,2478.557962611714,2261.6109603196815,892.0822839173223,20
3.3499999999999996,3.3499999999999996,3.3499999999999996,2451.9727593273733,2237.3527472630713,882.5137407474422,20
3.3499999999999996,3.3499999999999996,3.3499999999999996,2420.7801003168215,2208.8903668935427,871.2868826665175,20
3.3499999999999996,3.3499999999999996,3.3499999999999996,2242.25842775379,2045.9946116142446,807.0333837404895,20
3.3499999999999996,3.3499999999999996,3.3499999999999996,2329.794272399879,2125.868485317738,838.5392744214688,20
3.3499999999999996,3.3499999999999996,3.3499999999999996,2535.786009621249,2313.829863531479,912.6797957167233,20
3.3499999999999996,3.3499999999999996,3.3499999999999996,2567.991135578349,2343.2160900961817,924.2710607793249,20
3.3499999999999996,3.3499999999999996,3.3499999999999996,2443.8550900597124,2229.9456137342477,879.5920302005762,20
3.3499999999999996,3.3499999999999996,3.3499999999999996,2754.4257279448766,2513.3321510635747,991.3725768496925,20
3.3499999999999996,3.3499999999999996,3.3499999999999996,2921.317645806532,2665.616098551721,1051.440295861794,20
3.3499999999999996,3.3499999999999996,3.3499999999999996,2567.2021034112195,2342.4961215402136,923.9870724165937,20
3.3499999999999996,3.3499999999999996,3.3499999999999996,2592.49024517502,2365.570804255668,933.0887773599411,20
3.3499999999999996,3.3499999999999996,3.3499999999999996,2817.337932428495,2570.7376801431114,1014.0159299237849,20
3.3499999999999996,3.3499999999999996,3.3499999999999996,3168.2552227528827,2890.9393465697635,1140.3180388681292,20
3.3499999999999996,3.3499999999999996,3.3499999999999996,2520.9514856385535,2300.2865498605765,907.3454082273183,21
3.3499999999999996,3.3499999999999996,3.3499999999999996,2743.7448559112217,2503.578281556283,987.5336001270878,21
3.3499999999999996,3.3499999999999996,3.3499999999999996,2985.5778042742086,2724.2430113622995,1074.574551333513,21
3.3499999999999996,3.3499999999999996,3.3499999999999996,2780.060131065725,2536.7147934916684,1000.6042594982275,21
3.3499999999999996,3.3499999999999996,3.3499999999999996,3058.2911383820656,2790.591572767262,1100.7456657700732,21
3.3499999999999996,3.3499999999999996,3.3499999999999996,2625.1319133888396,2395.3478146560014,944.8422157957652,21
3.3499999999999996,3.3499999999999996,3.3499999999999996,2502.9929517049327,2283.8999695165844,900.8817402844826,21
3.3499999999999996,3.3499999999999996,3.3499999999999996,2475.585154142508,2258.891242274784,891.0170763234502,21
3.3499999999999996,3.3499999999999996,3.3499999999999996,2639.7621266887068,2408.6974102618647,950.107948569539,21
3.3499999999999996,3.3499999999999996,3.3499999999999996,2629.4628481400614,2399.299652290843,946.401013647386,21
3.3499999999999996,3.3499999999999996,3.3499999999999996,2723.995467438425,2485.557604470369,980.4253645865887,21
3.3499999999999996,3.3499999999999996,3.3499999999999996,2783.361823867014,2539.7274811954353,1001.792610729774,21
3.3499999999999996,3.3499999999999996,3.3499999999999996,2845.9856577072005,2596.869700513788,1024.3322940216524,21
3.3499999999999996,3.3499999999999996,3.3499999999999996,2852.156233510359,2602.500151002725,1026.5532188006534,21
3.3499999999999996,3.3499999999999996,3.3499999999999996,2838.8099634185305,2590.322111973441,1021.7496051834264,21
3.3499999999999996,3.3499999999999996,3.3499999999999996,2535.4998224167675,2313.5614357932945,912.5816718556573,21
3.3499999999999996,3.3499999999999996,3.3499999999999996,2484.4220732477406,2266.954644635272,894.1976761956362,21
3.3499999999999996,3.3499999999999996,3.3499999999999996,2603.873627162989,2375.9503172598843,937.1908950529062,21
3.3499999999999996,3.3499999999999996,3.3499999999999996,2425.7637313620776,2213.430808240404,873.0852599244824,21
3.3499999999999996,3.3499999999999996,3.3499999999999996,2483.913860171545,2266.4909166697407,894.0147592280887,21
3.3499999999999996,3.3499999999999996,3.3499999999999996,2332.3165517334905,2128.163284590462,839.4515823900989,21
3.3499999999999996,3.3499999999999996,3.3499999999999996,2651.33412086497,2419.2564800061123,954.2729615972316,21
3.3499999999999996,3.3499999999999996,3.3499999999999996,2465.4453424326543,2249.6389926273114,887.367536993702,21
3.3499999999999996,3.3499999999999996,3.3499999999999996,2122.3121040687392,1936.5410304034613,763.8664025953117,21
3.3499999999999996,3.3499999999999996,3.3499999999999996,2737.295173896387,2497.693155692449,985.212218936682,21
3.3499999999999996,3.3499999999999996,3.3499999999999996,2479.352114529939,2262.3284715758746,892.3728875042608,21
3.3499999999999996,3.3499999999999996,3.3499999999999996,2660.502986568842,2427.6227728825315,957.5730362882582,21
3.3499999999999996,3.3499999999999996,3.3499999999999996,2689.2550167787267,2453.8580688609586,967.921518889677,21
3.3499999999999996,3.3499999999999996,3.3499999999999996,2613.415825294867,2384.6572638805974,940.6253402251667,21
3.3499999999999996,3.3499999999999996,3.3499999999999996,2586.5022877963092,2360.099532932666,930.9385712383034,21
3.3499999999999996,3.3499999999999996,3.3499999999999996,2531.233472661854,2309.66852987498,911.0461195524632,21
3.3499999999999996,3.3499999999999996,3.3499999999999996,2800.60695735895,2555.4631067511186,1007.9995102981768,21
3.3499999999999996,3.3499999999999996,3.3499999999999996,2765.9313580712123,2523.822745917386,995.5190060240974,21
3.3499999999999996,3.3499999999999996,3.3499999999999996,2883.668189823116,2631.2537901262754,1037.8950589858077,21
3.3499999999999996,3.3499999999999996,3.3499999999999996,2921.863547382779,2666.1058163402404,1051.642401009164,21
3.3499999999999996,3.3499999999999996,3.3499999999999996,2611.8070129943826,2383.189274783173,940.0462935985817,21
3.3499999999999996,3.3499999999999996,3.3499999999999996,2619.553841640792,2390.2580049197613,942.8345461455611,21
3.3499999999999996,3.3499999999999996,3.3499999999999996,2474.1803310416603,2257.6093867126187,890.5114498577337,21
3.3499999999999996,3.3499999999999996,3.3499999999999996,2190.2501023446607,1998.5322525863705,788.3187695412781,21
3.3499999999999996,3.3499999999999996,3.3499999999999996,2268.1432006313253,2069.6071809761156,816.3541940489027,21
3.3499999999999996,3.3499999999999996,3.3499999999999996,2393.941805971378,2184.39433237647,861.6318551093993,21
3.3499999999999996,3.3499999999999996,3.3499999999999996,1988.3622628468322,1814.316140367283,715.6549340058278,21
3.3499999999999996,3.3499999999999996,3.3499999999999996,2129.5888581339154,1943.1808327154556,766.4854650506786,21
3.3499999999999996,3.3499999999999996,3.3499999999999996,2362.6651755349817,2155.8554204903576,850.374713838353,21
3.3499999999999996,3.3499999999999996,3.3499999999999996,2160.0831497681866,1971.005885793013,777.4610255281908,21
3.3499999999999996,3.3499999999999996,3.3499999999999996,2570.004185420012,2345.045549065616,925.000544457195,21
3.3499999999999996,3.3499999999999996,3.3499999999999996,2478.557962611714,2261.603833681633,892.0870549126614,21
3.3499999999999996,3.3499999999999996,3.3499999999999996,2451.9727593273733,2237.345697065891,882.5184605687182,21
3.3499999999999996,3.3499999999999996,3.3499999999999996,2420.7801003168215,2208.8834063851223,871.2915424448034,21
3.3499999999999996,3.3499999999999996,3.3499999999999996,2242.25842775379,2045.9881644120942,807.0376998810315,21
3.3499999999999996,3.3499999999999996,3.3499999999999996,2329.794272399879,2125.8617864223493,838.5437590604329,21
3.3499999999999996,3.3499999999999996,3.3499999999999996,2535.786009621249,2313.8225723446963,912.6846768707711,21
3.3499999999999996,3.3499999999999996,3.3499999999999996,2567.991135578349,2343.208706309475,924.2760039252684,21
3.3499999999999996,3.3499999999999996,3.3499999999999996,2443.8550900597124,2229.9385868779336,879.5967343960882,21
3.3499999999999996,3.3499999999999996,3.3499999999999996,2754.4257279448766,2513.3242312184507,991.3778788650206,21
3.3499999999999996,3.3499999999999996,3.3499999999999996,2921.317645806532,2665.6076988395494,1051.4459191286621,21
3.3499999999999996,3.3499999999999996,3.3499999999999996,2567.2021034112195,2342.488740022224,923.9920140437231,21
3.3499999999999996,3.3499999999999996,3.3499999999999996,2592.49024517502,2365.563350026273,933.0937676644095,21
3.3499999999999996,3.3499999999999996,3.3499999999999996,2817.337932428495,2570.729579405502,1014.0213530393006,21
3.3499999999999996,3.3499999999999996,3.3499999999999996,3168.2552227528827,2890.930236833957,1140.3241374670438,21
3.3499999999999996,3.3499999999999996,3.3499999999999996,2520.9514856385535,2300.285824998343,907.3458934841569,22
3.3499999999999996,3.3499999999999996,3.3499999999999996,2743.7448559112217,2503.577492633118,987.5341282693241,22
3.3499999999999996,3.3499999999999996,3.3499999999999996,2985.5778042742086,2724.2421529036537,1074.575126026067,22
3.3499999999999996,3.3499999999999996,3.3499999999999996,2780.060131065725,2536.713994126584,1000.6047946307752,22
3.3499999999999996,3.3499999999999996,3.3499999999999996,3058.2911383820656,2790.5906934009754,1100.7462544591847,22
3.3499999999999996,3.3499999999999996,3.3499999999999996,2625.1319133888396,2395.347059838229,944.8427211062489,22
3.3499999999999996,3.3499999999999996,3.3499999999999996,2502.9929517049327,2283.8992498180605,900.8822220844911,22
3.3499999999999996,3.3499999999999996,3.3499999999999996,2475.585154142508,2258.8905304569657,891.0175528477439,22
3.3499999999999996,3.3499999999999996,3.3499999999999996,2639.7621266887068,2408.696651237392,950.1084566961858,22
3.3499999999999996,3.3499999999999996,3.3499999999999996,2629.4628481400614,2399.2988962277755,946.4015197915292,22
3.3499999999999996,3.3499999999999996,3.3499999999999996,2723.995467438425,2485.5568212258477,980.4258889272742,22
3.3499999999999996,3.3499999999999996,3.3499999999999996,2783.361823867014,2539.726680880999,1001.793146497863,22
3.3499999999999996,3.3499999999999996,3.3499999999999996,2845.9856577072005,2596.868882192795,1024.3328418441756,22
3.3499999999999996,3.3499999999999996,3.3499999999999996,2852.156233510359,2602.4993309074753,1026.553767810948,22
3.3499999999999996,3.3499999999999996,3.3499999999999996,2838.8099634185305,2590.3212957157134,1021.7501516247033,22
3.3499999999999996,3.3499999999999996,3.3499999999999996,2535.4998224167675,2313.560706747902,912.5821599128992,22
3.3499999999999996,3.3499999999999996,3.3499999999999996,2484.4220732477406,2266.953930276529,894.1981544209447,22
3.3499999999999996,3.3499999999999996,3.3499999999999996,2603.873627162989,2375.949568554617,937.1913962713917,22
3.3499999999999996,3.3499999999999996,3.3499999999999996,2425.7637313620776,2213.4301107479982,873.0857268586727,22
3.3499999999999996,3.3499999999999996,3.3499999999999996,2483.913860171545,2266.490202457127,894.0152373555713,22
3.3499999999999996,3.3499999999999996,3.3499999999999996,2332.3165517334905,2128.162613967407,839.4520313366827,22
3.3499999999999996,3.3499999999999996,3.3499999999999996,2651.33412086497,2419.255717654284,954.2734719513664,22
3.3499999999999996,3.3499999999999996,3.3499999999999996,2465.4453424326543,2249.6382837250458,887.3680115661876,22
3.3499999999999996,3.3499999999999996,3.3499999999999996,2122.3121040687392,1936.5404201640729,763.866811118232,22
3.3499999999999996,3.3499999999999996,3.3499999999999996,2737.295173896387,2497.692368623794,985.2127458374222,22
3.3499999999999996,3.3499999999999996,3.3499999999999996,2479.352114529939,2262.3277586749227,892.373364753655,22
3.3499999999999996,3.3499999999999996,3.3499999999999996,2660.502986568842,2427.6220078943315,957.5735484073039,22
3.3499999999999996,3.3499999999999996,3.3499999999999996,2689.2550167787267,2453.857295605538,967.9220365431885,22
3.3499999999999996,3.3499999999999996,3.3499999999999996,2613.415825294867,2384.656512431613,940.6258432804254,22
3.3499999999999996,3.3499999999999996,3.3499999999999996,2586.5022877963092,2360.09878922227,930.9390691129873,22
3.3499999999999996,3.3499999999999996,3.3499999999999996,2531.233472661854,2309.6678020563127,911.0466067884774,22
3.3499999999999996,3.3499999999999996,3.3499999999999996,2800.60695735895,2555.4623014780987,1008.0000493857742,22
3.3499999999999996,3.3499999999999996,3.3499999999999996,2765.9313580712123,2523.8219506148207,995.5195384370037,22
3.3499999999999996,3.3499999999999996,3.3499999999999996,2883.668189823116,2631.252960970229,1037.8956140618252,22
3.3499999999999996,3.3499999999999996,3.3499999999999996,2921.863547382779,2666.1049762016855,1051.6429634373885,22
3.3499999999999996,3.3499999999999996,3.3499999999999996,2611.8070129943826,2383.188523796778,940.046796344161,22
3.3499999999999996,3.3499999999999996,3.3499999999999996,2619.553841640792,2390.257251705881,942.8350503823242,22
3.3499999999999996,3.3499999999999996,3.3499999999999996,2474.1803310416603,2257.6086752987376,890.5119261116139,22
3.3499999999999996,3.3499999999999996,3.3499999999999996,2190.2501023446607,1998.5316228124175,788.3191911415537,22
3.3499999999999996,3.3499999999999996,3.3499999999999996,2268.1432006313253,2069.6065288051564,816.3546306427868,22
3.3499999999999996,3.3499999999999996,3.3499999999999996,2393.941805971378,2184.3936440339876,861.6323159182011,22
3.3499999999999996,3.3499999999999996,3.3499999999999996,1988.3622628468322,1814.3155686431858,715.6553167448023,22
3.3499999999999996,3.3499999999999996,3.3499999999999996,2129.5888581339154,1943.1802203837444,766.4858749742982,22
3.3499999999999996,3.3499999999999996,3.3499999999999996,2362.6651755349817,2155.8547411410063,850.37516862673,22
3.3499999999999996,3.3499999999999996,3.3499999999999996,2160.0831497681866,1971.0052646931201,777.461441321643,22
3.3499999999999996,3.3499999999999996,3.3499999999999996,2570.004185420012,2345.0448100990047,925.0010391561666,22
3.3499999999999996,3.3499999999999996,3.3499999999999996,2478.557962611714,2261.6031210090287,892.0875320091898,22
3.3499999999999996,3.3499999999999996,3.3499999999999996,2451.9727593273733,2237.344992037467,882.5189325478725,22
3.3499999999999996,3.3499999999999996,3.3499999999999996,2420.7801003168215,2208.882710325685,871.292008419697,22
3.3499999999999996,3.3499999999999996,3.3499999999999996,2242.25842775379,2045.9875196839184,807.0381314923666,22
3.3499999999999996,3.3499999999999996,3.3499999999999996,2329.794272399879,2125.861116524539,838.5442075215041,22
3.3499999999999996,3.3499999999999996,3.3499999999999996,2535.786009621249,2313.8218432170147,912.685164983101,22
3.3499999999999996,3.3499999999999996,3.3499999999999996,2567.991135578349,2343.207967921687,924.2764982367487,22
3.3499999999999996,3.3499999999999996,3.3499999999999996,2443.8550900597124,2229.937884183626,879.5972048126758,22
3.3499999999999996,3.3499999999999996,3.3499999999999996,2754.4257279448766,2513.3234392241584,991.3784090632137,22
3.3499999999999996,3.3499999999999996,3.3499999999999996,2921.317645806532,2665.60685885796,1051.4464814518067,22
3.3499999999999996,3.3499999999999996,3.3499999999999996,2567.2021034112195,2342.4880018613107,923.9925082033229,22
3.3499999999999996,3.3499999999999996,3.3499999999999996,2592.49024517502,2365.5626045941294,933.0942666917125,22
3.3499999999999996,3.3499999999999996,3.3499999999999996,2817.337932428495,2570.7287693217386,1014.0218953474358,22
3.3499999999999996,3.3499999999999996,3.3499999999999996,3168.2552227528827,2890.9293258491284,1140.3247473230933,22
3.3499999999999996,3.3499999999999996,3.3499999999999996,2520.9514856385535,2300.285744457994,907.3459474015493,23
3.3499999999999996,3.3499999999999996,3.3499999999999996,2743.7448559112217,2503.5774049748793,987.5341869517575,23
3.3499999999999996,3.3499999999999996,3.3499999999999996,2985.5778042742086,2724.2420575192414,1074.5751898807544,23
3.3499999999999996,3.3499999999999996,3.3499999999999996,2780.060131065725,2536.713905308131,1000.6048540899092,23
3.3499999999999996,3.3499999999999996,3.3499999999999996,3058.2911383820656,2790.5905956934885,1100.7463198690446,23
3.3499999999999996,3.3499999999999996,3.3499999999999996,2625.1319133888396,2395.346975969483,944.8427772518222,23
3.3499999999999996,3.3499999999999996,3.3499999999999996,2502.9929517049327,2283.899169851458,900.8822756177915,23
3.3499999999999996,3.3499999999999996,3.3499999999999996,2475.585154142508,2258.8904513659986,891.0176057948539,23
3.3499999999999996,3.3499999999999996,3.3499999999999996,2639.7621266887068,2408.696566901234,950.1085131546661,23
3.3499999999999996,3.3499999999999996,3.3499999999999996,2629.4628481400614,2399.2988122206634,946.4015760297315,23
3.3499999999999996,3.3499999999999996,3.3499999999999996,2723.995467438425,2485.55673419857,980.4259471873132,23
3.3499999999999996,3.3499999999999996,3.3499999999999996,2783.361823867014,2539.726591957062,1001.7932060276127,23
3.3499999999999996,3.3499999999999996,3.3499999999999996,2845.9856577072005,2596.8687912681276,1024.332902713306,23
3.3499999999999996,3.3499999999999996,3.3499999999999996,2852.156233510359,2602.499239785667,1026.5538288120529,23
3.3499999999999996,3.3499999999999996,3.3499999999999996,2838.8099634185305,2590.321205020297,1021.7502123403623,23
3.3499999999999996,3.3499999999999996,3.3499999999999996,2535.4998224167675,2313.5606257427576,912.582214141447,23
3.3499999999999996,3.3499999999999996,3.3499999999999996,2484.4220732477406,2266.953850903236,894.1982075570561,23
3.3499999999999996,3.3499999999999996,3.3499999999999996,2603.873627162989,2375.9494853650394,937.1914519622989,23
3.3499999999999996,3.3499999999999996,3.3499999999999996,2425.7637313620776,2213.4300332487455,873.0857787402161,23
3.3499999999999996,3.3499999999999996,3.3499999999999996,2483.913860171545,2266.490123100071,894.0152904808135,23
3.3499999999999996,3.3499999999999996,3.3499999999999996,2332.3165517334905,2128.162539453642,839.4520812196046,23
3.3499999999999996,3.3499999999999996,3.3499999999999996,2651.33412086497,2419.2556329484196,954.2735286573455,23
3.3499999999999996,3.3499999999999996,3.3499999999999996,2465.4453424326543,2249.6382049580293,887.3680642964302,23
3.3499999999999996,3.3499999999999996,3.3499999999999996,2122.3121040687392,1936.540352359612,763.8668565096388,23
3.3499999999999996,3.3499999999999996,3.3499999999999996,2737.295173896387,2497.692281171612,985.2128043819115,23
3.3499999999999996,3.3499999999999996,3.3499999999999996,2479.352114529939,2262.3276794636076,892.3734177813317,23
3.3499999999999996,3.3499999999999996,3.3499999999999996,2660.502986568842,2427.621922895537,957.5736053093839,23
3.3499999999999996,3.3499999999999996,3.3499999999999996,2689.2550167787267,2453.857209688163,967.9220940602087,23
3.3499999999999996,3.3499999999999996,3.3499999999999996,2613.415825294867,2384.6564289371777,940.6258991754187,23
3.3499999999999996,3.3499999999999996,3.3499999999999996,2586.5022877963092,2360.0987065876784,930.9391244323617,23
3.3499999999999996,3.3499999999999996,3.3499999999999996,2531.233472661854,2309.6677211874708,911.046660925778,23
3.3499999999999996,3.3499999999999996,3.3499999999999996,2800.60695735895,2555.4622120032072,1008.0001092843578,23
3.3499999999999996,3.3499999999999996,3.3499999999999996,2765.9313580712123,2523.8218622477593,995.5195975939556,23
3.3499999999999996,3.3499999999999996,3.3499999999999996,2883.668189823116,2631.2528688416655,1037.8956757368987,23
3.3499999999999996,3.3499999999999996,3.3499999999999996,2921.863547382779,2666.104882852841,1051.6430259293738,23
3.3499999999999996,3.3499999999999996,3.3499999999999996,2611.8070129943826,2383.1884403537424,940.0468522047452,23
3.3499999999999996,3.3499999999999996,3.3499999999999996,2619.553841640792,2390.2571680153455,942.8351064085955,23
3.3499999999999996,3.3499999999999996,3.3499999999999996,2474.1803310416603,2257.608596252652,890.5119790286778,23
3.3499999999999996,3.3499999999999996,3.3499999999999996,2190.2501023446607,1998.5315528374467,788.3192379859989,23
3.3499999999999996,3.3499999999999996,3.3499999999999996,2268.1432006313253,2069.606456341627,816.354679153187,23
3.3499999999999996,3.3499999999999996,3.3499999999999996,2393.941805971378,2184.393567551394,861.6323671191464,23
3.3499999999999996,3.3499999999999996,3.3499999999999996,1988.3622628468322,1814.3155051182068,715.655359271328,23
3.3499999999999996,3.3499999999999996,3.3499999999999996,2129.5888581339154,1943.1801523468027,766.4859205213379,23
3.3499999999999996,3.3499999999999996,3.3499999999999996,2362.6651755349817,2155.8546656576505,850.3752191587399,23
3.3499999999999996,3.3499999999999996,3.3499999999999996,2160.0831497681866,1971.005195681935,777.4614875208862,23
3.3499999999999996,3.3499999999999996,3.3499999999999996,2570.004185420012,2345.044727991502,925.0010941226838,23
3.3499999999999996,3.3499999999999996,3.3499999999999996,2478.557962611714,2261.603041823084,892.0875850198813,23
3.3499999999999996,3.3499999999999996,3.3499999999999996,2451.9727593273733,2237.3449137008774,882.5189849899674,23
3.3499999999999996,3.3499999999999996,3.3499999999999996,2420.7801003168215,2208.882632985652,871.2920601946521,23
3.3499999999999996,3.3499999999999996,3.3499999999999996,2242.25842775379,2045.9874480473657,807.0381794491508,23
3.3499999999999996,3.3499999999999996,3.3499999999999996,2329.794272399879,2125.861042091355,838.5442573504806,23
3.3499999999999996,3.3499999999999996,3.3499999999999996,2535.786009621249,2313.8217622027264,912.6852192177699,23
3.3499999999999996,3.3499999999999996,3.3499999999999996,2567.991135578349,2343.207885878497,924.2765531602116,23
3.3499999999999996,3.3499999999999996,3.3499999999999996,2443.8550900597124,2229.937806106383,879.5972570811524,23
3.3499999999999996,3.3499999999999996,3.3499999999999996,2754.4257279448766,2513.3233512246825,991.3784679740863,23
3.3499999999999996,3.3499999999999996,3.3499999999999996,2921.317645806532,2665.6067655265565,1051.446543932116,23
3.3499999999999996,3.3499999999999996,3.3499999999999996,2567.2021034112195,2342.487919843329,923.9925631099102,23
3.3499999999999996,3.3499999999999996,3.3499999999999996,2592.49024517502,2365.5625217682323,933.0943221391552,23
3.3499999999999996,3.3499999999999996,3.3499999999999996,2817.337932428495,2570.728679312319,1014.0219556038571,23
3.3499999999999996,3.3499999999999996,3.3499999999999996,3168.2552227528827,2890.9292246284654,1140.3248150848335,23
