3.3499999999999996,3.3499999999999996,3.3499999999999996,1162.034082357152,462.70396732481754,529.8918756738746,1
3.3499999999999996,3.3499999999999996,3.3499999999999996,1216.44920362442,484.37122551895993,554.7053739275959,1
3.3499999999999996,3.3499999999999996,3.3499999999999996,1570.2080232301284,625.2325064339517,716.020715106574,1
3.3499999999999996,3.3499999999999996,3.3499999999999996,1572.4601838980932,626.129281917513,717.0477087712054,1
3.3499999999999996,3.3499999999999996,3.3499999999999996,1770.0008632316694,704.7869197815221,807.1269953284722,1
3.3499999999999996,3.3499999999999996,3.3499999999999996,1496.2481445588232,595.782828663178,682.2947345791761,1
3.3499999999999996,3.3499999999999996,3.3499999999999996,931.3001518870308,370.8292911462916,424.67634279517546,1
3.3499999999999996,3.3499999999999996,3.3499999999999996,1231.8984462809779,490.52287457804164,561.7502862010969,1
3.3499999999999996,3.3499999999999996,3.3499999999999996,737.5128031450815,293.6661713706886,336.3085889867479,1
3.3499999999999996,3.3499999999999996,3.3499999999999996,970.6144260701336,386.4836260003242,442.603798455842,1
3.3499999999999996,3.3499999999999996,3.3499999999999996,862.7871339794693,343.54846893932165,393.43415109157837,1
3.3499999999999996,3.3499999999999996,3.3499999999999996,775.6294753604734,308.8436396765285,353.6899336833594,1
3.3499999999999996,3.3499999999999996,3.3499999999999996,897.5473067153615,357.3894311572008,409.2849195065694,1
3.3499999999999996,3.3499999999999996,3.3499999999999996,1033.9293321659559,411.6946406221234,471.4756317855281,1
3.3499999999999996,3.3499999999999996,3.3499999999999996,1314.1723674917107,523.2830752722887,599.2675011359341,1
3.3499999999999996,3.3499999999999996,3.3499999999999996,1231.225689427835,490.2549932226491,561.4435065668358,1
3.3499999999999996,3.3499999999999996,3.3499999999999996,1176.8459967777567,468.60184215494905,536.6461638946934,1
3.3499999999999996,3.3499999999999996,3.3499999999999996,809.6647381717289,322.3959539939931,369.2101404689693,1
3.3499999999999996,3.3499999999999996,3.3499999999999996,1212.1843684025475,482.6730342119165,552.7605931595706,1
3.3499999999999996,3.3499999999999996,3.3499999999999996,1209.6026067258122,481.64501671342003,551.5833002056041,1
3.3499999999999996,3.3499999999999996,3.3499999999999996,1200.4288608080494,477.9921732247259,547.4000378511485,1
3.3499999999999996,3.3499999999999996,3.3499999999999996,1410.3493894971423,561.5792752917661,643.1245818885124,1
3.3499999999999996,3.3499999999999996,3.3499999999999996,1400.26358089989,557.563262575374,638.5254155504263,1
3.3499999999999996,3.3499999999999996,3.3499999999999996,1046.9586201646619,416.88270123062966,477.41703570917616,1
3.3499999999999996,3.3499999999999996,3.3499999999999996,964.5095524472213,384.0527599110884,439.8199533140239,1
3.3499999999999996,3.3499999999999996,3.3499999999999996,888.6844352251686,353.8603730489535,405.24341705057566,1
3.3499999999999996,3.3499999999999996,3.3499999999999996,1341.366107763137,534.111201315258,611.6679481260813,1
3.3499999999999996,3.3499999999999996,3.3499999999999996,981.0111526040317,390.6234414218028,447.3447445326908,1
3.3499999999999996,3.3499999999999996,3.3499999999999996,1119.4784185169167,445.75896133060746,510.48633423991987,1
3.3499999999999996,3.3499999999999996,3.3499999999999996,957.5236960353025,381.27110012500066,436.63437673455644,1
3.3499999999999996,3.3499999999999996,3.3499999999999996,899.038434605118,357.98317517973373,409.9648793858613,1
3.3499999999999996,3.3499999999999996,3.3499999999999996,822.7395460769552,327.6021399240016,375.1723016397693,1
3.3499999999999996,3.3499999999999996,3.3499999999999996,1190.2758391936104,473.9493973262722,542.7702221265363,1
3.3499999999999996,3.3499999999999996,3.3499999999999996,1108.3054432413885,441.31005568721866,505.3914158416591,1
3.3499999999999996,3.3499999999999996,3.3499999999999996,863.9653729618122,344.0176254467461,393.97143246208645,1
3.3499999999999996,3.3499999999999996,3.3499999999999996,1040.6887004181986,414.38611633217994,474.5579289194349,1
3.3499999999999996,3.3499999999999996,3.3499999999999996,1291.3742365896148,514.2052127756979,588.8714684128105,1
3.3499999999999996,3.3499999999999996,3.3499999999999996,733.2288221444247,291.9603565111733,334.35507767218763,1
3.3499999999999996,3.3499999999999996,3.3499999999999996,955.3136606714621,380.391098284863,435.6265923657233,1
3.3499999999999996,3.3499999999999996,3.3499999999999996,1216.5633259065232,484.41666724351086,554.7574141138849,1
3.3499999999999996,3.3499999999999996,3.3499999999999996,1095.5760867837764,436.2414231713103,499.58678181942537,1
3.3499999999999996,3.3499999999999996,3.3499999999999996,858.7692922535233,341.9486266154998,391.6020002789245,1
3.3499999999999996,3.3499999999999996,3.3499999999999996,1002.718761073867,399.2670747821532,457.2434949593066,1
3.3499999999999996,3.3499999999999996,3.3499999999999996,917.8268763379855,365.4644415742739,418.5324788926016,1
3.3499999999999996,3.3499999999999996,3.3499999999999996,1254.0204527048184,499.33151478309713,571.838003640348,1
3.3499999999999996,3.3499999999999996,3.3499999999999996,1510.1756091265024,601.3285292653228,688.645710368267,1
3.3499999999999996,3.3499999999999996,3.3499999999999996,1261.5168345147677,502.3164578727257,575.2563817054593,1
3.3499999999999996,3.3499999999999996,3.3499999999999996,1010.7193058070648,402.45276773644343,460.89177319783073,1
3.3499999999999996,3.3499999999999996,3.3499999999999996,955.1264846724637,380.31656770212044,435.5412394120567,1
3.3499999999999996,3.3499999999999996,3.3499999999999996,1035.6689466397315,412.38732815242275,472.26890247393044,1
3.3499999999999996,3.3499999999999996,3.3499999999999996,985.1391619677764,392.2671507920859,449.2271321990809,1
3.3499999999999996,3.3499999999999996,3.3499999999999996,643.176662811282,256.1029819106878,293.29095714249786,1
3.3499999999999996,3.3499999999999996,3.3499999999999996,767.3541726467085,305.54854235140897,349.91636478091283,1
3.3499999999999996,3.3499999999999996,3.3499999999999996,919.3404168730577,366.0671099649155,419.22265902175144,1
3.3499999999999996,3.3499999999999996,3.3499999999999996,1112.417190779817,442.9472898506174,507.26638805505223,1
3.3499999999999996,3.3499999999999996,3.3499999999999996,1175.8500262051725,468.2052621042688,536.1919975988546,1
3.3499999999999996,3.3499999999999996,3.3499999999999996,989.4011970565127,393.96422712949885,451.170636095952,1
3.3499999999999996,3.3499999999999996,3.3499999999999996,1342.0811585853976,534.3959234738609,611.9940139680067,1
3.3499999999999996,3.3499999999999996,3.3499999999999996,1255.80617029704,500.0425598608513,572.6522975227156,1
3.3499999999999996,3.3499999999999996,3.3499999999999996,1107.0500453376094,440.81017569275946,504.8189497151913,1
3.3499999999999996,3.3499999999999996,3.3499999999999996,1152.7334802134474,472.2429396331128,547.0551118634097,2
3.3499999999999996,3.3499999999999996,3.3499999999999996,1206.713077771736,494.3568838090195,572.6723211207684,2
3.3499999999999996,3.3499999999999996,3.3499999999999996,1557.6405087926057,638.1221204988618,739.2126778713274,2
3.3499999999999996,3.3499999999999996,3.3499999999999996,1559.8746437841687,639.0373836486383,740.272935935057,2
3.3499999999999996,3.3499999999999996,3.3499999999999996,1755.8342616897085,719.3166048194837,833.2698971009427,2
3.3499999999999996,3.3499999999999996,3.3499999999999996,1484.2725847090037,608.0653166159697,704.3943103946499,2
3.3499999999999996,3.3499999999999996,3.3499999999999996,923.846280851249,378.4742014758937,438.43164026266766,2
3.3499999999999996,3.3499999999999996,3.3499999999999996,1222.0386689265422,500.63535350109504,579.9454186124912,2
3.3499999999999996,3.3499999999999996,3.3499999999999996,731.6099529085144,299.72030894980657,347.2016485151815,2
3.3499999999999996,3.3499999999999996,3.3499999999999996,962.8458943644997,394.45126160833865,456.9397675091935,2
3.3499999999999996,3.3499999999999996,3.3499999999999996,855.8816223514686,350.6309656611814,406.17751170949043,2
3.3499999999999996,3.3499999999999996,3.3499999999999996,769.4215497317988,315.21067159004457,365.1459762240165,2
3.3499999999999996,3.3499999999999996,3.3499999999999996,890.3635841966723,364.7572691871973,422.54168766020945,2
3.3499999999999996,3.3499999999999996,3.3499999999999996,1025.6540453140626,420.182019278229,486.7467616092387,2
3.3499999999999996,3.3499999999999996,3.3499999999999996,1303.6540922329523,534.070929098746,618.677818853352,2
3.3499999999999996,3.3499999999999996,3.3499999999999996,1221.3712966347694,500.3619495804958,579.6287023636817,2
3.3499999999999996,3.3499999999999996,3.3499999999999996,1167.4268441327333,478.26240335950524,554.028171968358,2
3.3499999999999996,3.3499999999999996,3.3499999999999996,803.1844036326187,329.0423765333019,381.1688836302635,2
3.3499999999999996,3.3499999999999996,3.3499999999999996,1202.482377121482,492.6236830769529,570.6645487629665,2
3.3499999999999996,3.3499999999999996,3.3499999999999996,1199.9212791572397,491.574472264495,569.4491232050464,2
3.3499999999999996,3.3499999999999996,3.3499999999999996,1190.82095738619,487.84632280190453,565.1303646802808,2
3.3499999999999996,3.3499999999999996,3.3499999999999996,1399.0613397277912,573.1566325962482,663.9554336244652,2
3.3499999999999996,3.3499999999999996,3.3499999999999996,1389.056255176834,569.0578269133015,659.2072999559497,2
3.3499999999999996,3.3499999999999996,3.3499999999999996,1038.5790504645013,425.4770354565449,492.8806080358205,2
3.3499999999999996,3.3499999999999996,3.3499999999999996,956.7898824759945,391.97028148086696,454.06575342182714,2
3.3499999999999996,3.3499999999999996,3.3499999999999996,881.5716486995217,361.1554570289608,418.3692806472729,2
3.3499999999999996,3.3499999999999996,3.3499999999999996,1330.6301812642785,545.1222846832122,631.479917218654,2
3.3499999999999996,3.3499999999999996,3.3499999999999996,973.1594083501974,398.6764222774391,461.8342731724678,2
3.3499999999999996,3.3499999999999996,3.3499999999999996,1110.5184202370299,454.9486002543694,527.0210235384628,2
3.3499999999999996,3.3499999999999996,3.3499999999999996,949.8599389431442,389.1312757942803,450.77699578648134,2
3.3499999999999996,3.3499999999999996,3.3499999999999996,891.8427775076943,365.3632536662404,423.24367148918543,2
3.3499999999999996,3.3499999999999996,3.3499999999999996,816.1545643607285,334.3558916995503,387.32415963273434,2
3.3499999999999996,3.3499999999999996,3.3499999999999996,1180.7491977726045,483.72020219480896,560.3505888893919,2
3.3499999999999996,3.3499999999999996,3.3499999999999996,1099.4348703917685,450.4079772479765,521.7610803646768,2
3.3499999999999996,3.3499999999999996,3.3499999999999996,857.0504310320921,351.1097941646305,406.7321956624602,2
3.3499999999999996,3.3499999999999996,3.3499999999999996,1032.3593134363596,422.92898167973357,489.92889457030975,2
3.3499999999999996,3.3499999999999996,3.3499999999999996,1281.038431318923,524.8059199920363,607.9450578781975,2
3.3499999999999996,3.3499999999999996,3.3499999999999996,727.3602597170392,297.9793275002963,345.1848628278105,2
3.3499999999999996,3.3499999999999996,3.3499999999999996,947.6675920963231,388.2331320885502,449.7365692090309,2
3.3499999999999996,3.3499999999999996,3.3499999999999996,1206.8262866503878,494.4032623471332,572.7260468924563,2
3.3499999999999996,3.3499999999999996,3.3499999999999996,1086.8073962126152,445.2348512575695,515.768433826511,2
3.3499999999999996,3.3499999999999996,3.3499999999999996,851.8959383289298,348.99814144677237,404.2860173994627,2
3.3499999999999996,3.3499999999999996,3.3499999999999996,994.6932750744724,407.49825030455264,472.05364484155365,2
3.3499999999999996,3.3499999999999996,3.3499999999999996,910.4808417050741,372.99875170348963,432.08877616379493,2
3.3499999999999996,3.3499999999999996,3.3499999999999996,1243.983616877234,509.6255901067079,590.3598779494228,2
3.3499999999999996,3.3499999999999996,3.3499999999999996,1498.0885776694545,613.7253457914785,710.9509947490283,2
3.3499999999999996,3.3499999999999996,3.3499999999999996,1251.4199997028247,512.6720699271291,593.8889775273749,2
3.3499999999999996,3.3499999999999996,3.3499999999999996,1002.6297856415246,410.74961859127933,475.82009107616796,2
3.3499999999999996,3.3499999999999996,3.3499999999999996,947.4819142026935,388.1570650046859,449.6484516670199,2
3.3499999999999996,3.3499999999999996,3.3499999999999996,1027.3797363906249,420.88898705602236,487.5657263926298,2
3.3499999999999996,3.3499999999999996,3.3499999999999996,977.2543782589721,400.3540178887599,463.7776315115587,2
3.3499999999999996,3.3499999999999996,3.3499999999999996,638.0288531732123,261.38272754728195,302.7906724632694,2
3.3499999999999996,3.3499999999999996,3.3499999999999996,761.2124802717121,311.8476434833517,361.25018115181064,2
3.3499999999999996,3.3499999999999996,3.3499999999999996,911.9822682767448,373.61384453285535,432.80131127726105,2
3.3499999999999996,3.3499999999999996,3.3499999999999996,1103.5137086304173,452.07896416140505,523.6967830637116,2
3.3499999999999996,3.3499999999999996,3.3499999999999996,1166.4388450354982,477.85764752822087,553.5592951933392,2
3.3499999999999996,3.3499999999999996,3.3499999999999996,981.4823011875878,402.08608066530235,465.78408564025756,2
3.3499999999999996,3.3499999999999996,3.3499999999999996,1331.339509015838,545.4128765921918,631.8165443567897,2
3.3499999999999996,3.3499999999999996,3.3499999999999996,1245.7550420755247,510.35129388589024,591.2005468695526,2
3.3499999999999996,3.3499999999999996,3.3499999999999996,1098.1895203485574,449.8977918708942,521.1700720189559,2
3.3499999999999996,3.3499999999999996,3.3499999999999996,1161.1046882217684,463.664071861134,531.5915086105072,3
3.3499999999999996,3.3499999999999996,3.3499999999999996,1215.4762883089347,485.37628932589183,556.4845963820928,3
3.3499999999999996,3.3499999999999996,3.3499999999999996,1568.9521718310345,626.5298555125657,718.3173579625504,3
3.3499999999999996,3.3499999999999996,3.3499999999999996,1571.2025312222997,627.4284917932466,719.3476457185585,3
3.3499999999999996,3.3499999999999996,3.3499999999999996,1768.5852176435683,706.2493432025512,809.7158623941561,3
3.3499999999999996,3.3499999999999996,3.3499999999999996,1495.0514462246304,597.0190700547661,684.4832010505802,3
3.3499999999999996,3.3499999999999996,3.3499999999999996,930.5552986055417,371.5987569597945,426.0384959678495,3
3.3499999999999996,3.3499999999999996,3.3499999999999996,1230.9131746708374,491.54070297439665,563.5521052748013,3
3.3499999999999996,3.3499999999999996,3.3499999999999996,736.9229408644304,294.27552474391734,337.3873017977104,3
3.3499999999999996,3.3499999999999996,3.3499999999999996,969.8381292566368,387.28557434902825,444.0234541030958,3
3.3499999999999996,3.3499999999999996,3.3499999999999996,862.0970773670346,344.26132741205157,394.696094654576,3
3.3499999999999996,3.3499999999999996,3.3499999999999996,775.0091273891225,309.4844860932565,354.8243973130936,3
3.3499999999999996,3.3499999999999996,3.3499999999999996,896.8294489384202,358.1310094411942,410.59770455120855,3
3.3499999999999996,3.3499999999999996,3.3499999999999996,1033.1023961299945,412.5489014885771,472.9878940967465,3
3.3499999999999996,3.3499999999999996,3.3499999999999996,1313.121293250624,524.3688806464057,601.1896570125249,3
3.3499999999999996,3.3499999999999996,3.3499999999999996,1230.2409558882068,491.27226576877877,563.244341642116,3
3.3499999999999996,3.3499999999999996,3.3499999999999996,1175.9047560824436,469.57418470256215,538.367461271282,3
3.3499999999999996,3.3499999999999996,3.3499999999999996,809.0171688183777,323.06492128145635,370.3943853009584,3
3.3499999999999996,3.3499999999999996,3.3499999999999996,1211.2148640996168,483.6745742946261,554.5335777123379,3
3.3499999999999996,3.3499999999999996,3.3499999999999996,1208.6351673142628,482.64442367358583,553.3525085806782,3
3.3499999999999996,3.3499999999999996,3.3499999999999996,1199.4687585527718,478.9840005835665,549.155828374758,3
3.3499999999999996,3.3499999999999996,3.3499999999999996,1409.2213929337524,562.7445447681147,645.1874097443758,3
3.3499999999999996,3.3499999999999996,3.3499999999999996,1399.143650959935,558.7201988791127,640.573491539073,3
3.3499999999999996,3.3499999999999996,3.3499999999999996,1046.1212633122734,417.7477272533749,478.9483551266874,3
3.3499999999999996,3.3499999999999996,3.3499999999999996,963.738138307846,384.84966424520815,441.2306797530547,3
3.3499999999999996,3.3499999999999996,3.3499999999999996,887.9736659673256,354.59462858462837,406.5432389398939,3
3.3499999999999996,3.3499999999999996,3.3499999999999996,1340.2932839855168,535.2194749059191,613.6298785474443,3
3.3499999999999996,3.3499999999999996,3.3499999999999996,980.2265404951279,391.4339798320718,448.77960680694315,3
3.3499999999999996,3.3499999999999996,3.3499999999999996,1118.5830603749696,446.6839052063897,512.1237237286181,3
3.3499999999999996,3.3499999999999996,3.3499999999999996,956.7578691795349,382.06223255231225,438.03488540818046,3
3.3499999999999996,3.3499999999999996,3.3499999999999996,898.3193842250191,358.7259854746232,411.2798454079026,3
3.3499999999999996,3.3499999999999996,3.3499999999999996,822.0815195003842,328.28190997755564,376.37567015710744,3
3.3499999999999996,3.3499999999999996,3.3499999999999996,1189.3238573186968,474.93283597925875,544.5111624747469,3
3.3499999999999996,3.3499999999999996,3.3499999999999996,1107.4190212381086,442.2257681433643,507.01246333396784,3
3.3499999999999996,3.3499999999999996,3.3499999999999996,863.2743739945731,344.7314574129466,395.2350993598914,3
3.3499999999999996,3.3499999999999996,3.3499999999999996,1039.8563582437187,415.2459619746916,476.0800777263135,3
3.3499999999999996,3.3499999999999996,3.3499999999999996,1290.3413962794255,515.2721817066923,590.7602789213408,3
3.3499999999999996,3.3499999999999996,3.3499999999999996,732.64238618911,292.56617034141044,335.4275245781141,3
3.3499999999999996,3.3499999999999996,3.3499999999999996,954.5496014006022,381.1804047201401,437.023868561959,3
3.3499999999999996,3.3499999999999996,3.3499999999999996,1215.590319316108,485.4218253414127,556.5368034877454,3
3.3499999999999996,3.3499999999999996,3.3499999999999996,1094.6998457118636,437.14661828285756,501.18921089612473,3
3.3499999999999996,3.3499999999999996,3.3499999999999996,858.0824491083987,342.65816543683064,392.85806720178283,3
3.3499999999999996,3.3499999999999996,3.3499999999999996,1001.9167872332279,400.0955486159016,458.71010756420003,3
3.3499999999999996,3.3499999999999996,3.3499999999999996,917.0927989738896,366.22277539675343,419.8749255667873,3
3.3499999999999996,3.3499999999999996,3.3499999999999996,1253.017487927717,500.36762098992483,573.6721791580786,3
3.3499999999999996,3.3499999999999996,3.3499999999999996,1508.9677716148221,602.5762779114002,690.8545476513906,3
3.3499999999999996,3.3499999999999996,3.3499999999999996,1260.5078741361633,503.35875779649433,577.1015217014468,3
3.3499999999999996,3.3499999999999996,3.3499999999999996,1009.9109331357306,403.28785184041385,462.37008768784597,3
3.3499999999999996,3.3499999999999996,3.3499999999999996,954.3625751048512,381.1057194874365,436.9382418379292,3
3.3499999999999996,3.3499999999999996,3.3499999999999996,1034.8406192611974,413.2430263362264,473.7837092079859,3
3.3499999999999996,3.3499999999999996,3.3499999999999996,984.3512482795543,393.08109987728795,450.66803224863077,3
3.3499999999999996,3.3499999999999996,3.3499999999999996,642.6622505169196,256.63439216878066,294.2316905140786,3
3.3499999999999996,3.3499999999999996,3.3499999999999996,766.7404432573144,306.18255148531074,351.0387246545986,3
3.3499999999999996,3.3499999999999996,3.3499999999999996,918.6051289801845,366.8266943162355,420.5673194548822,3
3.3499999999999996,3.3499999999999996,3.3499999999999996,1111.5274802034164,443.8663995457287,508.89344953752646,3
3.3499999999999996,3.3499999999999996,3.3499999999999996,1174.9095820865032,469.176781753587,537.911838232982,3
3.3499999999999996,3.3499999999999996,3.3499999999999996,988.6098745952809,394.78169762537624,452.61776995165616,3
3.3499999999999996,3.3499999999999996,3.3499999999999996,1341.0077629105751,535.5047878591886,613.9569902484776,3
3.3499999999999996,3.3499999999999996,3.3499999999999996,1254.8017773041206,501.0801414766941,574.4890848953662,3
3.3499999999999996,3.3499999999999996,3.3499999999999996,1106.164627400791,441.7248509046105,506.4381610172727,3
3.3499999999999996,3.3499999999999996,3.3499999999999996,1161.9411496422538,462.8000304618868,530.0616527023944,4
3.3499999999999996,3.3499999999999996,3.3499999999999996,1216.3519191051919,484.4717870501231,554.8831011855759,4
3.3499999999999996,3.3499999999999996,3.3499999999999996,1570.082447141811,625.3623125307377,716.2501276998788,4
3.3499999999999996,3.3499999999999996,3.3499999999999996,1572.3344276950886,626.2592741961174,717.2774504126438,4
3.3499999999999996,3.3499999999999996,3.3499999999999996,1769.8593088761734,704.9332423706088,807.3855983174891,4
3.3499999999999996,3.3499999999999996,3.3499999999999996,1496.1284833506481,595.9065206381231,682.5133413892243,4
3.3499999999999996,3.3499999999999996,3.3499999999999996,931.2256719274375,370.906279950236,424.8124088321772,4
3.3499999999999996,3.3499999999999996,3.3499999999999996,1231.7999262213427,490.6247132685733,561.9302706446026,4
3.3499999999999996,3.3499999999999996,3.3499999999999996,737.4538211684691,293.7271401448188,336.41634205020307,4
3.3499999999999996,3.3499999999999996,3.3499999999999996,970.5368019839698,386.5638648401901,442.7456084385255,4
3.3499999999999996,3.3499999999999996,3.3499999999999996,862.7181332918326,343.61979390299643,393.5602071497235,4
3.3499999999999996,3.3499999999999996,3.3499999999999996,775.5674450345176,308.90775948311403,353.8032557188818,4
3.3499999999999996,3.3499999999999996,3.3499999999999996,897.4755261116519,357.46362967793294,409.4160541410898,4
3.3499999999999996,3.3499999999999996,3.3499999999999996,1033.8466445225295,411.7801135842885,471.6266922857148,4
3.3499999999999996,3.3499999999999996,3.3499999999999996,1314.0672676432555,523.3917153906705,599.4595060718506,4
3.3499999999999996,3.3499999999999996,3.3499999999999996,1231.1272231713729,490.35677629765723,561.6233927183371,4
3.3499999999999996,3.3499999999999996,3.3499999999999996,1176.7518794922498,468.6991297646795,536.8181049929728,4
3.3499999999999996,3.3499999999999996,3.3499999999999996,809.5999859037721,322.4628874307176,369.32843516912584,4
3.3499999999999996,3.3499999999999996,3.3499999999999996,1212.08742495999,482.7732431773015,552.937697310998,4
3.3499999999999996,3.3499999999999996,3.3499999999999996,1209.50586975751,481.74501224950063,551.7600271530988,4
3.3499999999999996,3.3499999999999996,3.3499999999999996,1200.3328575024914,478.0914103847615,547.5754244839777,4
3.3499999999999996,3.3499999999999996,3.3499999999999996,1410.2365979708773,561.6958661807732,643.3306386059177,4
3.3499999999999996,3.3499999999999996,3.3499999999999996,1400.151595977828,557.6790196898573,638.7299986977878,4
3.3499999999999996,3.3499999999999996,3.3499999999999996,1046.874890514701,416.96925129913603,477.569999831497,4
3.3499999999999996,3.3499999999999996,3.3499999999999996,964.4324165932776,384.1324940727176,439.96087135444964,4
3.3499999999999996,3.3499999999999996,3.3499999999999996,888.6133634222781,353.93383889303544,405.3732567902143,4
3.3499999999999996,3.3499999999999996,3.3499999999999996,1341.258833117789,534.2220894881838,611.8639261575271,4
3.3499999999999996,3.3499999999999996,3.3499999999999996,980.93269704826,390.70453973918416,447.48807351155864,4
3.3499999999999996,3.3499999999999996,3.3499999999999996,1119.3888891560464,445.8515064722662,510.6498937449925,4
3.3499999999999996,3.3499999999999996,3.3499999999999996,957.447118869449,381.3502567792295,436.77427411822043,4
3.3499999999999996,3.3499999999999996,3.3499999999999996,898.9665347496883,358.05749696915905,410.0962318791056,4
3.3499999999999996,3.3499999999999996,3.3499999999999996,822.6737481620472,327.6701542301111,375.2925066126694,4
3.3499999999999996,3.3499999999999996,3.3499999999999996,1190.180647867561,474.0477951554122,542.9441253692771,4
3.3499999999999996,3.3499999999999996,3.3499999999999996,1108.2168074299775,441.4016771803615,505.5533429380349,4
3.3499999999999996,3.3499999999999996,3.3499999999999996,863.8962780454871,344.0890478131861,394.09766066484957,4
3.3499999999999996,3.3499999999999996,3.3499999999999996,1040.6054721998853,414.47214807840203,474.70997698571256,4
3.3499999999999996,3.3499999999999996,3.3499999999999996,1291.270960002828,514.3119682161628,589.0601424662862,4
3.3499999999999996,3.3499999999999996,3.3499999999999996,733.1701827756505,292.0209711367804,334.4622048318285,4
3.3499999999999996,3.3499999999999996,3.3499999999999996,955.2372602513595,380.4700722396914,435.76616685590034,4
3.3499999999999996,3.3499999999999996,3.3499999999999996,1216.46603226046,484.5172382089451,554.9351580455083,4
3.3499999999999996,3.3499999999999996,3.3499999999999996,1095.4884689921225,436.33199235287947,499.7468491146584,4
3.3499999999999996,3.3499999999999996,3.3499999999999996,858.7006128894564,342.01961943187683,391.7274693170848,4
3.3499999999999996,3.3499999999999996,3.3499999999999996,1002.6385694700571,399.34996762604607,457.38999549167556,4
3.3499999999999996,3.3499999999999996,3.3499999999999996,917.7534738924636,365.5403165682747,418.6665764394172,4
3.3499999999999996,3.3499999999999996,3.3499999999999996,1253.920163456011,499.43518225762716,572.0212201822684,4
3.3499999999999996,3.3499999999999996,3.3499999999999996,1510.0548340808646,601.4533725971501,688.8663520270215,4
3.3499999999999996,3.3499999999999996,3.3499999999999996,1261.4159457490236,502.4207450588154,575.440693493593,4
3.3499999999999996,3.3499999999999996,3.3499999999999996,1010.638474366305,402.53632197008125,461.0394426362861,4
3.3499999999999996,3.3499999999999996,3.3499999999999996,955.0500992216068,380.3955261834668,435.68078655520014,4
3.3499999999999996,3.3499999999999996,3.3499999999999996,1035.5861198720759,412.4729449251921,472.42021713755383,4
3.3499999999999996,3.3499999999999996,3.3499999999999996,985.0603762778692,392.34859036411325,449.37106429379037,4
3.3499999999999996,3.3499999999999996,3.3499999999999996,643.12522528949,256.1561520963627,293.38492738337413,4
3.3499999999999996,3.3499999999999996,3.3499999999999996,767.2928041312448,305.6119780545323,350.0284777672979,4
3.3499999999999996,3.3499999999999996,3.3499999999999996,919.2668933833831,366.14311008042006,419.35697770185277,4
3.3499999999999996,3.3499999999999996,3.3499999999999996,1112.3282261347965,443.0392512540725,507.4289158913631,4
3.3499999999999996,3.3499999999999996,3.3499999999999996,1175.7559885715887,468.30246737901524,536.3637931825342,4
3.3499999999999996,3.3499999999999996,3.3499999999999996,989.3220705138733,394.04601903582267,451.3151908881055,4
3.3499999999999996,3.3499999999999996,3.3499999999999996,1341.9738267544515,534.5068707586717,612.1900964707461,4
3.3499999999999996,3.3499999999999996,3.3499999999999996,1255.7057382369449,500.1463749572424,572.8357749638913,4
3.3499999999999996,3.3499999999999996,3.3499999999999996,1106.9615099256075,440.90169340455685,504.9806933937751,4
3.3499999999999996,3.3499999999999996,3.3499999999999996,1162.0247891526856,462.7135741558279,529.9088514946601,5
3.3499999999999996,3.3499999999999996,3.3499999999999996,1216.4394752426588,484.38128221360375,554.7231446831951,5
3.3499999999999996,3.3499999999999996,3.3499999999999996,1570.1954657118622,625.2454877426411,716.0436538227469,5
3.3499999999999996,3.3499999999999996,3.3499999999999996,1572.447608368488,626.1422818453866,717.070680388544,5
3.3499999999999996,3.3499999999999996,3.3499999999999996,1769.986707898209,704.8015528283836,807.1528527606255,5
3.3499999999999996,3.3499999999999996,3.3499999999999996,1496.2361785243056,595.7951985267582,682.316592836811,5
3.3499999999999996,3.3499999999999996,3.3499999999999996,931.2927039447865,370.83699044127366,424.6899478905129,5
3.3499999999999996,3.3499999999999996,3.3499999999999996,1231.888594346067,490.53305899549974,561.7682826502265,5
3.3499999999999996,3.3499999999999996,3.3499999999999996,737.5069049899581,293.6722685764208,336.3193630985949,5
3.3499999999999996,3.3499999999999996,3.3499999999999996,970.6066637174998,386.4916503164,442.61797788207315,5
3.3499999999999996,3.3499999999999996,3.3499999999999996,862.7802339604691,343.5556018197767,393.44675529999625,5
3.3499999999999996,3.3499999999999996,3.3499999999999996,775.6232723726142,308.85005200247457,353.70126463067805,5
3.3499999999999996,3.3499999999999996,3.3499999999999996,897.5401287067588,357.39685140883586,409.2980315163259,5
3.3499999999999996,3.3499999999999996,3.3499999999999996,1033.9210634612477,411.703188378615,471.49073616096285,5
3.3499999999999996,3.3499999999999996,3.3499999999999996,1314.1618575826633,523.293939869158,599.2866995010514,5
3.3499999999999996,3.3499999999999996,3.3499999999999996,1231.2158428732027,490.26517207825543,561.4614931878547,5
3.3499999999999996,3.3499999999999996,3.3499999999999996,1176.8365851170836,468.61157143981956,536.6633560984652,5
3.3499999999999996,3.3499999999999996,3.3499999999999996,809.6582629916326,322.40264769810466,369.2219686276267,5
3.3499999999999996,3.3499999999999996,3.3499999999999996,1212.1746741282075,482.68305564808406,552.7783016114221,5
3.3499999999999996,3.3499999999999996,3.3499999999999996,1209.5929330987487,481.6550168055077,551.6009709412436,5
3.3499999999999996,3.3499999999999996,3.3499999999999996,1200.4192605467313,478.0020974751254,547.4175745701797,5
3.3499999999999996,3.3499999999999996,3.3499999999999996,1410.3381104258613,561.5909350085132,643.1451852760072,5
3.3499999999999996,3.3499999999999996,3.3499999999999996,1400.2523824884474,557.5748389101788,638.5458715972522,5
3.3499999999999996,3.3499999999999996,3.3499999999999996,1046.9502472600516,416.89135670355574,477.4323304257215,5
3.3499999999999996,3.3499999999999996,3.3499999999999996,964.5018389174573,384.06073375662277,439.83404355591694,5
3.3499999999999996,3.3499999999999996,3.3499999999999996,888.6773280961366,353.86772002897806,405.2563995851988,5
3.3499999999999996,3.3499999999999996,3.3499999999999996,1341.3553803759687,534.1222907296875,611.6875437567079,5
3.3499999999999996,3.3499999999999996,3.3499999999999996,981.0033071050368,390.6315516902584,447.3590758417015,5
3.3499999999999996,3.3499999999999996,3.3499999999999996,1119.4694656453983,445.7682163431322,510.5026883772852,5
3.3499999999999996,3.3499999999999996,3.3499999999999996,957.5160383739446,381.2790162166851,436.6483649220877,5
3.3499999999999996,3.3499999999999996,3.3499999999999996,899.0312446714292,357.99060775890183,409.9780131790753,5
3.3499999999999996,3.3499999999999996,3.3499999999999996,822.732966332918,327.6089417208721,375.1843208045248,5
3.3499999999999996,3.3499999999999996,3.3499999999999996,1190.2663201296575,473.9592376390621,542.7876105230029,5
3.3499999999999996,3.3499999999999996,3.3499999999999996,1108.2965797241718,441.3192183299179,505.4076067562509,5
3.3499999999999996,3.3499999999999996,3.3499999999999996,863.958463520011,344.0247680680021,393.9840538830576,5
3.3499999999999996,3.3499999999999996,3.3499999999999996,1040.6803776563916,414.3947199700864,474.57313204053094,5
3.3499999999999996,3.3499999999999996,3.3499999999999996,1291.3639090054194,514.2158888946262,588.8903337266081,5
3.3499999999999996,3.3499999999999996,3.3499999999999996,733.2229582498381,291.966418300146,334.3657892005916,5
3.3499999999999996,3.3499999999999996,3.3499999999999996,955.306020684552,380.39899610562344,435.6405482674853,5
3.3499999999999996,3.3499999999999996,3.3499999999999996,1216.5535966120851,484.4267248816327,554.7751865366636,5
3.3499999999999996,3.3499999999999996,3.3499999999999996,1095.567325067801,436.25048057718567,499.60278677451976,5
3.3499999999999996,3.3499999999999996,3.3499999999999996,858.7624243666482,341.9557262794364,391.6145457918511,5
3.3499999999999996,3.3499999999999996,3.3499999999999996,1002.7107419713203,399.27536451292366,457.2581433885092,5
3.3499999999999996,3.3499999999999996,3.3499999999999996,917.8195361463712,365.4720294822637,418.5458871607422,5
3.3499999999999996,3.3499999999999996,3.3499999999999996,1254.0104238522663,499.34188208880335,571.8563232634895,5
3.3499999999999996,3.3499999999999996,3.3499999999999996,1510.1635317090418,601.3410142707917,688.6677720882153,5
3.3499999999999996,3.3499999999999996,3.3499999999999996,1261.5067457109542,502.32688715292517,575.2748108410808,5
3.3499999999999996,3.3499999999999996,3.3499999999999996,1010.7112227212845,402.4611236097499,460.90653850468397,5
3.3499999999999996,3.3499999999999996,3.3499999999999996,955.1188461824672,380.3244639754495,435.5551925794186,5
3.3499999999999996,3.3499999999999996,3.3499999999999996,1035.6606640227008,412.3958902907493,472.2840322628913,5
3.3499999999999996,3.3499999999999996,3.3499999999999996,985.1312834556061,392.2752951878437,449.2415238129899,5
3.3499999999999996,3.3499999999999996,3.3499999999999996,643.1715190961995,256.1082992155788,293.3003531248766,5
3.3499999999999996,3.3499999999999996,3.3499999999999996,767.3480358394212,305.5548862633249,349.92757483672074,5
3.3499999999999996,3.3499999999999996,3.3499999999999996,919.3330645771156,366.0747103857295,419.23608940076934,5
3.3499999999999996,3.3499999999999996,3.3499999999999996,1112.4082943794763,442.95648648617845,507.2826390369778,5
3.3499999999999996,3.3499999999999996,3.3499999999999996,1175.8406225096342,468.21498315519733,536.2091752527793,5
3.3499999999999996,3.3499999999999996,3.3499999999999996,989.3932844593149,393.9724067605836,451.18508997270254,5
3.3499999999999996,3.3499999999999996,3.3499999999999996,1342.0704254797108,534.4070187997972,612.0136200446045,5
3.3499999999999996,3.3499999999999996,3.3499999999999996,1255.7961271634622,500.0529419295386,572.6706432328905,5
3.3499999999999996,3.3499999999999996,3.3499999999999996,1107.041191860261,440.81932795676556,504.8351222900371,5
3.3499999999999996,3.3499999999999996,3.3499999999999996,1162.0331530373746,462.7049280130823,529.8935732371144,6
3.3499999999999996,3.3499999999999996,3.3499999999999996,1216.4482307869444,484.3722311938301,554.707150983435,6
3.3499999999999996,3.3499999999999996,3.3499999999999996,1570.2067674792058,625.2338045717985,716.0230089527354,6
3.3499999999999996,3.3499999999999996,3.3499999999999996,1572.458926346038,626.1305819172878,717.0500059074468,6
3.3499999999999996,3.3499999999999996,3.3499999999999996,1769.9994476993427,704.7883830940739,807.1295810429924,6
3.3499999999999996,3.3499999999999996,3.3499999999999996,1496.246947956233,595.7840656561849,682.2969203806825,6
3.3499999999999996,3.3499999999999996,3.3499999999999996,931.2994070933427,370.8300610799284,424.67770328961103,6
3.3499999999999996,3.3499999999999996,3.3499999999999996,1231.897461088196,490.5238930252617,561.7520858260384,6
3.3499999999999996,3.3499999999999996,3.3499999999999996,737.5122133299939,293.6667810945392,336.30966638597613,6
3.3499999999999996,3.3499999999999996,3.3499999999999996,970.6136498354291,386.484428436245,442.60521638272974,6
3.3499999999999996,3.3499999999999996,3.3499999999999996,862.7864439780661,343.54918223120126,393.4354114984328,6
3.3499999999999996,3.3499999999999996,3.3499999999999996,775.6288550621341,308.84428091256984,353.6910667655169,6
3.3499999999999996,3.3499999999999996,3.3499999999999996,897.546588915018,357.39017318635285,409.2862306929941,6
3.3499999999999996,3.3499999999999996,3.3499999999999996,1033.9285052960804,411.69549540236716,471.4771422063096,6
3.3499999999999996,3.3499999999999996,3.3499999999999996,1314.1713165015626,523.2841617378155,599.2694209511407,6
3.3499999999999996,3.3499999999999996,3.3499999999999996,1231.2247047730807,490.25601111368104,561.4453052089774,6
3.3499999999999996,3.3499999999999996,3.3499999999999996,1176.8450556123669,468.6028150886658,536.6478830959918,6
3.3499999999999996,3.3499999999999996,3.3499999999999996,809.6640906541854,322.39662336800234,369.21132327170886,6
3.3499999999999996,3.3499999999999996,3.3499999999999996,1212.1833989758115,482.6740363609201,552.7623639851041,6
3.3499999999999996,3.3499999999999996,3.3499999999999996,1209.6016393638024,481.64601672800393,551.5850672595582,6
3.3499999999999996,3.3499999999999996,3.3499999999999996,1200.4279007826087,477.9931656551003,547.4017915035904,6
3.3499999999999996,3.3499999999999996,3.3499999999999996,1410.3482615908263,561.5804412697081,643.1266422043975,6
3.3499999999999996,3.3499999999999996,3.3499999999999996,1400.2624610595522,557.564420215077,638.5274611324081,6
3.3499999999999996,3.3499999999999996,3.3499999999999996,1046.9577828748036,416.88356678257475,477.41856516385747,6
3.3499999999999996,3.3499999999999996,3.3499999999999996,964.5087810948003,384.05355729992795,439.82136232257676,6
3.3499999999999996,3.3499999999999996,3.3499999999999996,888.6837245127771,353.86110775090515,405.24471528963073,6
3.3499999999999996,3.3499999999999996,3.3499999999999996,1341.3650350251926,534.1123102626617,611.669907667398,6
3.3499999999999996,3.3499999999999996,3.3499999999999996,981.0103680546971,390.6242524530078,447.34617764768785,6
3.3499999999999996,3.3499999999999996,3.3499999999999996,1119.4775232304094,445.7598868368346,510.48796963550757,6
3.3499999999999996,3.3499999999999996,3.3499999999999996,957.522930269718,381.2718917384241,436.63577553778634,6
3.3499999999999996,3.3499999999999996,3.3499999999999996,899.0377156122668,357.9839184416457,409.96619275060766,6
3.3499999999999996,3.3499999999999996,3.3499999999999996,822.7388881030253,327.6028201073448,375.17350354290676,6
3.3499999999999996,3.3499999999999996,3.3499999999999996,1190.2748872879004,473.9503813628405,542.7719609468865,6
3.3499999999999996,3.3499999999999996,3.3499999999999996,1108.304556890305,441.3109719564135,505.3930349151506,6
3.3499999999999996,3.3499999999999996,3.3499999999999996,863.9646820181297,344.01833971271105,393.972694590177,6
3.3499999999999996,3.3499999999999996,3.3499999999999996,1040.6878681426172,414.3869767005952,474.55944921467295,6
3.3499999999999996,3.3499999999999996,3.3499999999999996,1291.3732038319388,514.2062803933293,588.8733549232546,6
3.3499999999999996,3.3499999999999996,3.3499999999999996,733.2282357553883,291.9609626933289,334.35614881314115,6
3.3499999999999996,3.3499999999999996,3.3499999999999996,955.3128966733212,380.39188807118416,435.62798794041214,6
3.3499999999999996,3.3499999999999996,3.3499999999999996,1216.56235297778,484.4176730127294,554.75919133644,6
3.3499999999999996,3.3499999999999996,3.3499999999999996,1095.5752106128095,436.2423289167664,499.5883822971735,6
3.3499999999999996,3.3499999999999996,3.3499999999999996,858.7686054653303,341.94933658570966,391.6032548162949,6
3.3499999999999996,3.3499999999999996,3.3499999999999996,1002.7179591641897,399.2679037596862,457.244959785971,6
3.3499999999999996,3.3499999999999996,3.3499999999999996,917.8261423193525,365.4652003691516,418.533819704536,6
3.3499999999999996,3.3499999999999996,3.3499999999999996,1254.0194498202852,499.3325515192402,571.8398355823321,6
3.3499999999999996,3.3499999999999996,3.3499999999999996,1510.174401385626,601.3297777725807,688.6479165157791,6
3.3499999999999996,3.3499999999999996,3.3499999999999996,1261.5158256351126,502.31750080635175,575.2582245985699,6
3.3499999999999996,3.3499999999999996,3.3499999999999996,1010.7184974990687,402.4536033282657,460.8932497121305,6
3.3499999999999996,3.3499999999999996,3.3499999999999996,955.125720824014,380.31735733369777,435.5426347133085,6
3.3499999999999996,3.3499999999999996,3.3499999999999996,1035.6681183786247,412.3881843708577,472.2704154360365,6
3.3499999999999996,3.3499999999999996,3.3499999999999996,985.1383741171267,392.26796523603934,449.22857134450084,6
3.3499999999999996,3.3499999999999996,3.3499999999999996,643.1761484401441,256.1035136440351,293.29189673030874,6
3.3499999999999996,3.3499999999999996,3.3499999999999996,767.3535589664217,305.5491767460105,349.91748577405343,6
3.3499999999999996,3.3499999999999996,3.3499999999999996,919.3396816439929,366.06787001108233,419.22400204474917,6
3.3499999999999996,3.3499999999999996,3.3499999999999996,1112.4163011404235,442.94820951911686,507.26801313521037,6
3.3499999999999996,3.3499999999999996,3.3499999999999996,1175.8490858362957,468.20623421458674,536.1937153451844,6
3.3499999999999996,3.3499999999999996,3.3499999999999996,989.4004057973626,393.9650450970041,451.172081467587,6
3.3499999999999996,3.3499999999999996,3.3499999999999996,1342.0800852756017,534.3970330124184,611.9959745539089,6
3.3499999999999996,3.3499999999999996,3.3499999999999996,1255.8051659844052,500.0435980733005,572.654132073374,6
3.3499999999999996,3.3499999999999996,3.3499999999999996,1107.049159990512,440.8110909240796,504.8205669547286,6
3.3499999999999996,3.3499999999999996,3.3499999999999996,1162.0339894251797,462.70406339369663,529.8920454300123,7
3.3499999999999996,3.3499999999999996,3.3499999999999996,1216.4491063406779,484.37132608650217,554.7055516329848,7
3.3499999999999996,3.3499999999999996,3.3499999999999996,1570.207897655043,625.2326362478078,716.0209444909384,7
3.3499999999999996,3.3499999999999996,3.3499999999999996,1572.4600581428947,626.1294119175615,717.0479384845776,7
3.3499999999999996,3.3499999999999996,3.3499999999999996,1770.0007216784447,704.7870661128577,807.1272538996406,7
3.3499999999999996,3.3499999999999996,3.3499999999999996,1496.248024898571,595.7829523625464,682.2949531590868,7
3.3499999999999996,3.3499999999999996,3.3499999999999996,931.3000774076662,370.8293681396975,424.6764788444697,7
3.3499999999999996,3.3499999999999996,3.3499999999999996,1231.898347761705,490.52297642281934,561.7504661633936,7
3.3499999999999996,3.3499999999999996,3.3499999999999996,737.512744163576,293.66623234310714,336.30869672655257,7
3.3499999999999996,3.3499999999999996,3.3499999999999996,970.6143484466675,386.4837062439604,442.60394024837524,7
3.3499999999999996,3.3499999999999996,3.3499999999999996,862.7870649793329,343.5485402685487,393.43427713212566,7
3.3499999999999996,3.3499999999999996,3.3499999999999996,775.6294133306429,308.8437038001678,353.6900469914508,7
3.3499999999999996,3.3499999999999996,3.3499999999999996,897.5472349353312,357.38950536015676,409.2850506250681,7
3.3499999999999996,3.3499999999999996,3.3499999999999996,1033.929249478973,411.6947261001946,471.47578282744064,7
3.3499999999999996,3.3499999999999996,3.3499999999999996,1314.1722623927017,523.2831839189007,599.2676931172442,7
3.3499999999999996,3.3499999999999996,3.3499999999999996,1231.2255909623652,490.255095011808,561.4436864308527,7
3.3499999999999996,3.3499999999999996,3.3499999999999996,1176.845902661223,468.6019394483742,536.6463358146347,7
3.3499999999999996,3.3499999999999996,3.3499999999999996,809.6646734199782,322.3960209314308,369.2102587491135,7
3.3499999999999996,3.3499999999999996,3.3499999999999996,1212.1842714598795,482.67313442687185,552.7607702419297,7
3.3499999999999996,3.3499999999999996,3.3499999999999996,1209.6025099896167,481.6451167149333,551.5834769108056,7
3.3499999999999996,3.3499999999999996,3.3499999999999996,1200.4287648055106,477.9922724678179,547.4002132162002,7
3.3499999999999996,3.3499999999999996,3.3499999999999996,1410.349276706517,561.5793918896242,643.1247879198748,7
3.3499999999999996,3.3499999999999996,3.3499999999999996,1400.2634689158626,557.5633783394078,638.5256201084001,7
3.3499999999999996,3.3499999999999996,3.3499999999999996,1046.9585364356806,416.8827877858716,477.41718865447643,7
3.3499999999999996,3.3499999999999996,3.3499999999999996,964.5094753119835,384.05283965001615,439.82009421472475,7
3.3499999999999996,3.3499999999999996,3.3499999999999996,888.6843641539334,353.86044651918894,405.24354687433885,7
3.3499999999999996,3.3499999999999996,3.3499999999999996,1341.3660004893484,534.1113122100592,611.668144079998,7
3.3499999999999996,3.3499999999999996,3.3499999999999996,981.0110741491027,390.62352252496777,447.3448878440332,7
3.3499999999999996,3.3499999999999996,3.3499999999999996,1119.478328988271,445.75905388128086,510.48649777929916,7
3.3499999999999996,3.3499999999999996,3.3499999999999996,957.5236194587483,381.2711792863864,436.63451661472595,7
3.3499999999999996,3.3499999999999996,3.3499999999999996,899.0383627058369,357.9832495059658,409.9650107221919,7
3.3499999999999996,3.3499999999999996,3.3499999999999996,822.7394802795659,327.60220794237335,375.1724218299512,7
3.3499999999999996,3.3499999999999996,3.3499999999999996,1190.2757440030446,473.9494957299829,542.7703960083807,7
3.3499999999999996,3.3499999999999996,3.3499999999999996,1108.3053546062852,441.3101473141883,505.3915777488308,7
3.3499999999999996,3.3499999999999996,3.3499999999999996,863.9653038674479,344.01769687338174,393.971558674757,7
3.3499999999999996,3.3499999999999996,3.3499999999999996,1040.6886171906451,414.3862023690688,474.55808094879194,7
3.3499999999999996,3.3499999999999996,3.3499999999999996,1291.374133313853,514.2053195375195,588.8716570636478,7
3.3499999999999996,3.3499999999999996,3.3499999999999996,733.2287635055244,291.9604171294221,334.3551847861655,7
3.3499999999999996,3.3499999999999996,3.3499999999999996,955.3135842716523,380.39117726353845,435.626731923039,7
3.3499999999999996,3.3499999999999996,3.3499999999999996,1216.5632286136542,484.416767820488,554.7575918359453,7
3.3499999999999996,3.3499999999999996,3.3499999999999996,1095.5759991666846,436.24151374590565,499.5869418670246,7
3.3499999999999996,3.3499999999999996,3.3499999999999996,858.7692235747079,341.9486976125598,391.60212573252386,7
3.3499999999999996,3.3499999999999996,3.3499999999999996,1002.7186808829038,399.26715767995205,457.2436414418124,7
3.3499999999999996,3.3499999999999996,3.3499999999999996,917.8268029361262,365.46451745380335,418.53261297364793,7
3.3499999999999996,3.3499999999999996,3.3499999999999996,1254.0203524163705,499.3316184567682,571.8381868343453,7
3.3499999999999996,3.3499999999999996,3.3499999999999996,1510.1754883524216,601.328654116117,688.6459309827763,7
3.3499999999999996,3.3499999999999996,3.3499999999999996,1261.5167336268078,502.3165621661457,575.2565659945681,7
3.3499999999999996,3.3499999999999996,3.3499999999999996,1010.7192249762696,402.4528512956716,460.8919208490988,7
3.3499999999999996,3.3499999999999996,3.3499999999999996,955.126408287623,380.31664666532157,435.5413789420288,7
3.3499999999999996,3.3499999999999996,3.3499999999999996,1035.6688638136254,412.38741377431325,472.26905376997513,7
3.3499999999999996,3.3499999999999996,3.3499999999999996,985.1390831827159,392.26723223652584,449.227276113465,7
3.3499999999999996,3.3499999999999996,3.3499999999999996,643.176611374171,256.1030350840517,293.2910511011758,7
3.3499999999999996,3.3499999999999996,3.3499999999999996,767.3541112786833,305.5486057909039,349.91647688010397,7
3.3499999999999996,3.3499999999999996,3.3499999999999996,919.3403433501554,366.0671859695739,419.222793323904,7
3.3499999999999996,3.3499999999999996,3.3499999999999996,1112.4171018158827,442.94738181751774,507.26655056288973,7
3.3499999999999996,3.3499999999999996,3.3499999999999996,1175.84993216829,468.20535931535386,536.1921693732993,7
3.3499999999999996,3.3499999999999996,3.3499999999999996,989.4011179306021,393.9643089262941,451.170780632957,7
3.3499999999999996,3.3499999999999996,3.3499999999999996,1342.081051254424,534.3960344277775,611.9942100263819,7
3.3499999999999996,3.3499999999999996,3.3499999999999996,1255.806069865782,500.04266368215315,572.6524809775802,7
3.3499999999999996,3.3499999999999996,3.3499999999999996,1107.0499568029045,440.8102672159417,504.8191114389676,7
3.3499999999999996,3.3499999999999996,3.3499999999999996,1162.0340730639548,462.7039769317037,529.8918926494853,8
3.3499999999999996,3.3499999999999996,3.3499999999999996,1216.4491938960455,484.3712355757126,554.7053916981316,8
3.3499999999999996,3.3499999999999996,3.3499999999999996,1570.2080106726196,625.2325194153353,716.0207380450064,8
3.3499999999999996,3.3499999999999996,3.3499999999999996,1572.460171322573,626.1292949175156,717.0477317425386,8
3.3499999999999996,3.3499999999999996,3.3499999999999996,1770.0008490763466,704.7869344146535,807.1270211855845,8
3.3499999999999996,3.3499999999999996,3.3499999999999996,1496.248132592798,595.782841033113,682.2947564371631,8
3.3499999999999996,3.3499999999999996,3.3499999999999996,931.3001444390942,370.8292988456309,424.6763564001025,8
3.3499999999999996,3.3499999999999996,3.3499999999999996,1231.8984364290504,490.5228847625176,561.7503041973234,8
3.3499999999999996,3.3499999999999996,3.3499999999999996,737.5127972469309,293.66617746792946,336.3085997607265,8
3.3499999999999996,3.3499999999999996,3.3499999999999996,970.6144183077869,386.48363402468664,442.60381263509294,8
3.3499999999999996,3.3499999999999996,3.3499999999999996,862.7871270794556,343.54847607224326,393.4341636956309,8
3.3499999999999996,3.3499999999999996,3.3499999999999996,775.6294691574902,308.84364608889143,353.6899450141665,8
3.3499999999999996,3.3499999999999996,3.3499999999999996,897.5472995373583,357.38943857749524,409.284932618417,8
3.3499999999999996,3.3499999999999996,3.3499999999999996,1033.9293238972573,411.69464916992916,471.4756468897168,8
3.3499999999999996,3.3499999999999996,3.3499999999999996,1314.1723569818096,523.283086136948,599.2675203340618,8
3.3499999999999996,3.3499999999999996,3.3499999999999996,1231.225679581288,490.25500340156333,561.4435245532345,8
3.3499999999999996,3.3499999999999996,3.3499999999999996,1176.8459873661031,468.6018518842899,536.6461810866847,8
3.3499999999999996,3.3499999999999996,3.3499999999999996,809.6647316965536,322.39596068773585,369.21015229698156,8
3.3499999999999996,3.3499999999999996,3.3499999999999996,1212.1843587082806,482.6730442334104,552.7606108678035,8
3.3499999999999996,3.3499999999999996,3.3499999999999996,1209.6025970521926,481.6450267135698,551.5833178761211,8
3.3499999999999996,3.3499999999999996,3.3499999999999996,1200.4288512077953,477.99218314903356,547.4000553876507,8
3.3499999999999996,3.3499999999999996,3.3499999999999996,1410.3493782180797,561.5792869515501,643.1246024916451,8
3.3499999999999996,3.3499999999999996,3.3499999999999996,1400.263569701487,557.5632741517755,638.5254360062203,8
3.3499999999999996,3.3499999999999996,3.3499999999999996,1046.9586117917636,416.88270988615244,477.4170510037035,8
3.3499999999999996,3.3499999999999996,3.3499999999999996,964.5095447336973,384.0527678849799,439.81996740409164,8
3.3499999999999996,3.3499999999999996,3.3499999999999996,888.6844281180449,353.86038039597594,405.24343003294985,8
3.3499999999999996,3.3499999999999996,3.3499999999999996,1341.3660970357578,534.1112124047364,611.6679677214696,8
3.3499999999999996,3.3499999999999996,3.3499999999999996,981.0111447585386,390.623449532118,447.3447588638226,8
3.3499999999999996,3.3499999999999996,3.3499999999999996,1119.4784095640518,445.7589705856733,510.4863505938548,8
3.3499999999999996,3.3499999999999996,3.3499999999999996,957.5236883776469,381.27110804113784,436.63439072257097,8
3.3499999999999996,3.3499999999999996,3.3499999999999996,899.0384274151897,357.98318261235573,409.9648925194922,8
3.3499999999999996,3.3499999999999996,3.3499999999999996,822.7395394972161,327.6021467258377,375.17231365878536,8
3.3499999999999996,3.3499999999999996,3.3499999999999996,1190.2758296745535,473.9494071666416,542.7702395147178,8
3.3499999999999996,3.3499999999999996,3.3499999999999996,1108.305434377878,441.31006484991406,505.3914320323735,8
3.3499999999999996,3.3499999999999996,3.3499999999999996,863.9653660523757,344.0176325894086,393.9714450833513,8
3.3499999999999996,3.3499999999999996,3.3499999999999996,1040.688692095443,414.38612493586743,474.55794412236804,8
3.3499999999999996,3.3499999999999996,3.3499999999999996,1291.3742262620385,514.2052234518783,588.8714872778909,8
3.3499999999999996,3.3499999999999996,3.3499999999999996,733.2288162805346,291.9603625729972,334.3550883835836,8
3.3499999999999996,3.3499999999999996,3.3499999999999996,955.3136530314811,380.39110618272923,435.62660632145247,8
3.3499999999999996,3.3499999999999996,3.3499999999999996,1216.5633161772362,484.4166773012071,554.7574318860878,8
3.3499999999999996,3.3499999999999996,3.3499999999999996,1095.576078022067,436.24143222876853,499.58679782418255,8
3.3499999999999996,3.3499999999999996,3.3499999999999996,858.7692853856416,341.9486337152047,391.60201282428227,8
3.3499999999999996,3.3499999999999996,3.3499999999999996,1002.7187530547706,399.26708307193184,457.24350960755476,8
3.3499999999999996,3.3499999999999996,3.3499999999999996,917.8268689977994,365.46444916222566,418.53249230070384,8
3.3499999999999996,3.3499999999999996,3.3499999999999996,1254.0204426759733,499.3315251504626,571.8380219597444,8
3.3499999999999996,3.3499999999999996,3.3499999999999996,1510.1755970490942,601.3285417504004,688.6457324297143,8
3.3499999999999996,3.3499999999999996,3.3499999999999996,1261.5168244259714,502.31646830206626,575.2564001343669,8
3.3499999999999996,3.3499999999999996,3.3499999999999996,1010.719297723985,402.4527760923649,460.891787962955,8
3.3499999999999996,3.3499999999999996,3.3499999999999996,955.1264770339794,380.3165755984394,435.54125336505143,8
3.3499999999999996,3.3499999999999996,3.3499999999999996,1035.6689383571206,412.3873367146105,472.2689176035323,8
3.3499999999999996,3.3499999999999996,3.3499999999999996,985.1391540892703,392.2671589365286,449.22714659051684,8
3.3499999999999996,3.3499999999999996,3.3499999999999996,643.1766576675708,256.10298722802344,293.29096653836405,8
3.3499999999999996,3.3499999999999996,3.3499999999999996,767.3541665099059,305.54854869535745,349.91637599083,8
3.3499999999999996,3.3499999999999996,3.3499999999999996,919.3404095207674,366.06711756538016,419.22267245196434,8
3.3499999999999996,3.3499999999999996,3.3499999999999996,1112.4171818834234,442.94729904730593,507.26640430583313,8
3.3499999999999996,3.3499999999999996,3.3499999999999996,1175.8500168014841,468.20527182537575,536.1920147762961,8
3.3499999999999996,3.3499999999999996,3.3499999999999996,989.4011891439216,393.964235309177,451.17065054965,8
3.3499999999999996,3.3499999999999996,3.3499999999999996,1342.0811478523,534.3959345692507,611.994033573841,8
3.3499999999999996,3.3499999999999996,3.3499999999999996,1255.806160253914,500.04257024297993,572.6523158681988,8
3.3499999999999996,3.3499999999999996,3.3499999999999996,1107.0500364841387,440.81018484507626,504.818965887566,8
3.3499999999999996,3.3499999999999996,3.3499999999999996,1162.034082357152,471.29001913778376,532.3100320428616,9
3.3499999999999996,3.3499999999999996,3.3499999999999996,1216.44920362442,493.35934045357055,557.2367664520965,9
3.3499999999999996,3.3499999999999996,3.3499999999999996,1570.2080232301284,636.8344789141754,719.288268605785,9
3.3499999999999996,3.3499999999999996,3.3499999999999996,1572.4601838980932,637.74789519036,720.3199489459159,9
3.3499999999999996,3.3499999999999996,3.3499999999999996,1770.0008632316694,717.8651240712577,810.8103114424489,9
3.3499999999999996,3.3499999999999996,3.3499999999999996,1496.2481445588232,606.8383254762982,685.4083798975738,9
3.3499999999999996,3.3499999999999996,3.3499999999999996,931.3001518870308,377.71049323746047,426.6143491135065,9
3.3499999999999996,3.3499999999999996,3.3499999999999996,1231.8984462809779,499.6251410680447,564.3138281135484,9
3.3499999999999996,3.3499999999999996,3.3499999999999996,737.5128031450815,299.1155151005083,337.843329928698,9
3.3499999999999996,3.3499999999999996,3.3499999999999996,970.6144260701336,393.655313887263,444.62361654196155,9
3.3499999999999996,3.3499999999999996,3.3499999999999996,862.7871339794693,349.92344119562733,395.22958397499315,9
3.3499999999999996,3.3499999999999996,3.3499999999999996,775.6294753604734,314.57462034587354,355.30399422107826,9
3.3499999999999996,3.3499999999999996,3.3499999999999996,897.5473067153615,364.0212398081263,411.15268721592804,9
3.3499999999999996,3.3499999999999996,3.3499999999999996,1033.9293321659559,419.33415047102125,473.62720619941115,9
3.3499999999999996,3.3499999999999996,3.3499999999999996,1314.1723674917107,532.9932483298328,602.0022524901722,9
3.3499999999999996,3.3499999999999996,3.3499999999999996,1231.225689427835,499.3522888384874,564.0056484934402,9
3.3499999999999996,3.3499999999999996,3.3499999999999996,1176.8459967777567,477.29733642454835,539.0951433916224,9
3.3499999999999996,3.3499999999999996,3.3499999999999996,809.6647381717289,328.378414834533,370.89502731788406,9
3.3499999999999996,3.3499999999999996,3.3499999999999996,1212.1843684025475,491.62963707924393,555.2831106961418,9
3.3499999999999996,3.3499999999999996,3.3499999999999996,1209.6026067258122,490.58254342810955,554.1004451773455,9
3.3499999999999996,3.3499999999999996,3.3499999999999996,1200.4288608080494,486.86191685201345,549.8980925462316,9
3.3499999999999996,3.3499999999999996,3.3499999999999996,1410.3493894971423,572.0000823201146,646.0594745999133,9
3.3499999999999996,3.3499999999999996,3.3499999999999996,1400.26358089989,567.9095474563032,641.4393200114257,9
3.3499999999999996,3.3499999999999996,3.3499999999999996,1046.9586201646619,424.61848204398666,479.5957236614965,9
3.3499999999999996,3.3499999999999996,3.3499999999999996,964.5095524472213,391.1793400322278,441.82706735018724,9
3.3499999999999996,3.3499999999999996,3.3499999999999996,888.6844352251686,360.42669560529566,407.09274140318007,9
3.3499999999999996,3.3499999999999996,3.3499999999999996,1341.366107763137,544.0223038175609,614.4592887983372,9
3.3499999999999996,3.3499999999999996,3.3499999999999996,981.0111526040317,397.87194877045994,449.386197879657,9
3.3499999999999996,3.3499999999999996,3.3499999999999996,1119.4784185169167,454.0305773277788,512.8159336112129,9
3.3499999999999996,3.3499999999999996,3.3499999999999996,957.5236960353025,388.346063063803,438.6269534232943,9
3.3499999999999996,3.3499999999999996,3.3499999999999996,899.038434605118,364.62600149487025,411.8357500854494,9
3.3499999999999996,3.3499999999999996,3.3499999999999996,822.7395460769552,333.68120806704945,376.8843967526148,9
3.3499999999999996,3.3499999999999996,3.3499999999999996,1190.2758391936104,482.7441221817667,545.2471487030435,9
3.3499999999999996,3.3499999999999996,3.3499999999999996,1108.3054432413885,449.49911666635984,507.69776460289415,9
3.3499999999999996,3.3499999999999996,3.3499999999999996,863.9653729618122,350.4013034898304,395.7693172237572,9
3.3499999999999996,3.3499999999999996,3.3499999999999996,1040.6887004181986,422.0755698848968,476.7235693660081,9
3.3499999999999996,3.3499999999999996,3.3499999999999996,1291.3742365896148,523.7469347214062,591.5587775738469,9
3.3499999999999996,3.3499999999999996,3.3499999999999996,733.2288221444247,297.37804670914227,335.88090378444497,9
3.3499999999999996,3.3499999999999996,3.3499999999999996,955.3136606714621,387.44973168701017,437.6145700403946,9
3.3499999999999996,3.3499999999999996,3.3499999999999996,1216.5633259065232,493.4056254062522,557.2890441232643,9
3.3499999999999996,3.3499999999999996,3.3499999999999996,1095.5760867837764,444.3364293238762,501.8666411903246,9
3.3499999999999996,3.3499999999999996,3.3499999999999996,858.7692922535233,348.29391179312256,393.3890721601046,9
3.3499999999999996,3.3499999999999996,3.3499999999999996,1002.718761073867,406.6759755769988,459.3301211565995,9
3.3499999999999996,3.3499999999999996,3.3499999999999996,917.8268763379855,372.2460921602754,420.4424477483705,9
3.3499999999999996,3.3499999999999996,3.3499999999999996,1254.0204527048184,508.5972366280212,574.4475807522318,9
3.3499999999999996,3.3499999999999996,3.3499999999999996,1510.1756091265024,612.4869335010542,691.7883383022865,9
3.3499999999999996,3.3499999999999996,3.3499999999999996,1261.5168345147677,511.6375690763678,577.8815585520612,9
3.3499999999999996,3.3499999999999996,3.3499999999999996,1010.7193058070648,409.92078305525547,462.9950482770245,9
3.3499999999999996,3.3499999999999996,3.3499999999999996,955.1264846724637,387.37381809592915,437.52882757936237,9
3.3499999999999996,3.3499999999999996,3.3499999999999996,1035.6689466397315,420.03969168627987,474.424096970807,9
3.3499999999999996,3.3499999999999996,3.3499999999999996,985.1391619677764,399.54615922743204,451.27717580367016,9
3.3499999999999996,3.3499999999999996,3.3499999999999996,643.176662811282,260.8552935989875,294.62938754413136,9
3.3499999999999996,3.3499999999999996,3.3499999999999996,767.3541726467085,311.21837836161956,351.513204674017,9
3.3499999999999996,3.3499999999999996,3.3499999999999996,919.3404168730577,372.85994381795916,421.13577750775954,9
3.3499999999999996,3.3499999999999996,3.3499999999999996,1112.417190779817,451.16673176087136,509.5812932335633,9
3.3499999999999996,3.3499999999999996,3.3499999999999996,1175.8500262051725,476.893397334172,538.6389045123541,9
3.3499999999999996,3.3499999999999996,3.3499999999999996,989.4011970565127,401.27472694247007,453.2295488614818,9
3.3499999999999996,3.3499999999999996,3.3499999999999996,1342.0811585853976,544.3123093525312,614.786842638529,9
3.3499999999999996,3.3499999999999996,3.3499999999999996,1255.80617029704,509.3214760380268,575.265590656732,9
3.3499999999999996,3.3499999999999996,3.3499999999999996,1107.0500453376094,448.98996077232823,507.1226860328821,9
3.3499999999999996,3.3499999999999996,3.3499999999999996,1162.034082357152,463.5780348361327,530.1319094234208,10
3.3499999999999996,3.3499999999999996,3.3499999999999996,1216.44920362442,485.286223404303,554.9566478514091,10
3.3499999999999996,3.3499999999999996,3.3499999999999996,1570.2080232301284,626.4135972814147,716.3450626666894,10
3.3499999999999996,3.3499999999999996,3.3499999999999996,1572.4601838980932,627.312066812078,717.3725215453605,10
3.3499999999999996,3.3499999999999996,3.3499999999999996,1770.0008632316694,706.1182923058227,807.4926127835469,10
3.3499999999999996,3.3499999999999996,3.3499999999999996,1496.2481445588232,596.9082878144033,682.603804732834,10
3.3499999999999996,3.3499999999999996,3.3499999999999996,931.3001518870308,371.529803479283,424.86871535188817,10
3.3499999999999996,3.3499999999999996,3.3499999999999996,1231.8984462809779,491.4494931905953,562.0047513735134,10
3.3499999999999996,3.3499999999999996,3.3499999999999996,737.5128031450815,294.22091928229935,336.4609321633941,10
3.3499999999999996,3.3499999999999996,3.3499999999999996,970.6144260701336,387.21371003892745,442.80429190400395,10
3.3499999999999996,3.3499999999999996,3.3499999999999996,862.7871339794693,344.1974466366561,393.61237136409335,10
3.3499999999999996,3.3499999999999996,3.3499999999999996,775.6294753604734,309.427058472521,353.8501503706803,10
3.3499999999999996,3.3499999999999996,3.3499999999999996,897.5473067153615,358.0645550219648,409.4703199597032,10
3.3499999999999996,3.3499999999999996,3.3499999999999996,1033.9293321659559,412.47234934165505,471.68920377806575,10
3.3499999999999996,3.3499999999999996,3.3499999999999996,1314.1723674917107,524.2715792999525,599.5389610919789,10
3.3499999999999996,3.3499999999999996,3.3499999999999996,1231.225689427835,491.18110579590723,561.6978327722873,10
3.3499999999999996,3.3499999999999996,3.3499999999999996,1176.8459967777567,469.4870510031425,536.8892572441348,10
3.3499999999999996,3.3499999999999996,3.3499999999999996,809.6647381717289,323.0049736892313,369.3773875970263,10
3.3499999999999996,3.3499999999999996,3.3499999999999996,1212.1843684025475,483.5848241415162,553.0109861243783,10
3.3499999999999996,3.3499999999999996,3.3499999999999996,1209.6026067258122,482.55486467415847,551.8331598728562,10
3.3499999999999996,3.3499999999999996,3.3499999999999996,1200.4288608080494,478.8951208084571,547.6480025579485,10
3.3499999999999996,3.3499999999999996,3.3499999999999996,1410.3493894971423,562.6401224731688,643.4159085004173,10
3.3499999999999996,3.3499999999999996,3.3499999999999996,1400.26358089989,558.6165233376228,638.814658803081,10
3.3499999999999996,3.3499999999999996,3.3499999999999996,1046.9586201646619,417.67021041772784,477.6332990761749,10
3.3499999999999996,3.3499999999999996,3.3499999999999996,964.5095524472213,384.77825194006334,440.019185718531,10
3.3499999999999996,3.3499999999999996,3.3499999999999996,888.6844352251686,354.5288303725685,405.42698675854655,10
3.3499999999999996,3.3499999999999996,3.3499999999999996,1341.366107763137,535.1201601344321,611.9450253144779,10
3.3499999999999996,3.3499999999999996,3.3499999999999996,981.0111526040317,391.36134574814554,447.5473855643794,10
3.3499999999999996,3.3499999999999996,3.3499999999999996,1119.4784185169167,446.60101900352805,510.7175775454411,10
3.3499999999999996,3.3499999999999996,3.3499999999999996,957.5236960353025,381.9913374801058,436.8321661165792,10
3.3499999999999996,3.3499999999999996,3.3499999999999996,899.038434605118,358.6594206522573,410.1505878514915,10
3.3499999999999996,3.3499999999999996,3.3499999999999996,822.7395460769552,328.22099432631086,375.3422495450357,10
3.3499999999999996,3.3499999999999996,3.3499999999999996,1190.2758391936104,474.84470793405757,543.0160895903343,10
3.3499999999999996,3.3499999999999996,3.3499999999999996,1108.3054432413885,442.1437091877993,505.62035121904853,10
3.3499999999999996,3.3499999999999996,3.3499999999999996,863.9653729618122,344.66748940071506,394.14989611569064,10
3.3499999999999996,3.3499999999999996,3.3499999999999996,1040.6887004181986,415.1689093640188,474.77289715028496,10
3.3499999999999996,3.3499999999999996,3.3499999999999996,1291.3742365896148,515.1765683342738,589.1382191086653,10
3.3499999999999996,3.3499999999999996,3.3499999999999996,733.2288221444247,292.51188206582515,334.5065359350105,10
3.3499999999999996,3.3499999999999996,3.3499999999999996,955.3136606714621,381.1096732789928,435.8239252352536,10
3.3499999999999996,3.3499999999999996,3.3499999999999996,1216.5633259065232,485.3317509702081,555.0087116111885,10
3.3499999999999996,3.3499999999999996,3.3499999999999996,1095.5760867837764,437.0655018090806,499.81308777724246,10
3.3499999999999996,3.3499999999999996,3.3499999999999996,858.7692922535233,342.5945821425111,391.77939061225845,10
3.3499999999999996,3.3499999999999996,3.3499999999999996,1002.718761073867,400.02130730024186,457.45061998912735,10
3.3499999999999996,3.3499999999999996,3.3499999999999996,917.8268763379855,366.15481947781325,418.7220683632606,10
3.3499999999999996,3.3499999999999996,3.3499999999999996,1254.0204527048184,500.2747732923576,572.0970384103607,10
3.3499999999999996,3.3499999999999996,3.3499999999999996,1510.1756091265024,602.4644644813027,688.9576574268222,10
3.3499999999999996,3.3499999999999996,3.3499999999999996,1261.5168345147677,503.2653550666789,575.5169649538352,10
3.3499999999999996,3.3499999999999996,3.3499999999999996,1010.7193058070648,403.21301816427354,461.100550847639,10
3.3499999999999996,3.3499999999999996,3.3499999999999996,955.1264846724637,381.03500190480366,435.73853361787013,10
3.3499999999999996,3.3499999999999996,3.3499999999999996,1035.6689466397315,413.16634538821637,472.48283380720625,10
3.3499999999999996,3.3499999999999996,3.3499999999999996,985.1391619677764,393.00816015547196,449.430625926556,10
3.3499999999999996,3.3499999999999996,3.3499999999999996,643.176662811282,256.5867713567419,293.42381392212184,10
3.3499999999999996,3.3499999999999996,3.3499999999999996,767.3541726467085,306.1257365681415,350.0748720932946,10
3.3499999999999996,3.3499999999999996,3.3499999999999996,919.3404168730577,366.75862633472605,419.41256113453966,10
3.3499999999999996,3.3499999999999996,3.3499999999999996,1112.417190779817,443.78403615629963,507.4961727691296,10
3.3499999999999996,3.3499999999999996,3.3499999999999996,1175.8500262051725,469.08972179584697,536.4348852171951,10
3.3499999999999996,3.3499999999999996,3.3499999999999996,989.4011970565127,394.70844234240315,451.3750102040275,10
3.3499999999999996,3.3499999999999996,3.3499999999999996,1342.0811585853976,535.4054201453253,612.2712388597563,10
3.3499999999999996,3.3499999999999996,3.3499999999999996,1255.80617029704,500.98716156456305,572.9117011566848,10
3.3499999999999996,3.3499999999999996,3.3499999999999996,1107.0500453376094,441.64288489872945,505.0476257732796,10
3.3499999999999996,3.3499999999999996,3.3499999999999996,1162.034082357152,462.7915340168436,529.9158584675133,11
3.3499999999999996,3.3499999999999996,3.3499999999999996,1216.44920362442,484.46289273801705,554.7304797748903,11
3.3499999999999996,3.3499999999999996,3.3499999999999996,1570.2080232301284,625.3508316401353,716.0531220519148,11
3.3499999999999996,3.3499999999999996,3.3499999999999996,1572.4601838980932,626.247776838391,717.0801621980612,11
3.3499999999999996,3.3499999999999996,3.3499999999999996,1770.0008632316694,704.920300654622,807.1635257246867,11
3.3499999999999996,3.3499999999999996,3.3499999999999996,1496.2481445588232,595.895580519994,682.3256150938082,11
3.3499999999999996,3.3499999999999996,3.3499999999999996,931.3001518870308,370.89947056256034,424.69556355616476,11
3.3499999999999996,3.3499999999999996,3.3499999999999996,1231.8984462809779,490.6157059962338,561.775710899623,11
3.3499999999999996,3.3499999999999996,3.3499999999999996,737.5128031450815,293.72174767217484,336.32381024198673,11
3.3499999999999996,3.3499999999999996,3.3499999999999996,970.6144260701336,386.5567679983209,442.62383060966323,11
3.3499999999999996,3.3499999999999996,3.3499999999999996,862.7871339794693,343.61348546197996,393.4519578376134,11
3.3499999999999996,3.3499999999999996,3.3499999999999996,775.6294753604734,308.90208831278323,353.7059416145639,11
3.3499999999999996,3.3499999999999996,3.3499999999999996,897.5473067153615,357.4570670809481,409.3034436550129,11
3.3499999999999996,3.3499999999999996,3.3499999999999996,1033.9293321659559,411.772553802796,471.49697067238776,11
3.3499999999999996,3.3499999999999996,3.3499999999999996,1314.1723674917107,523.3821065560699,599.2946238556322,11
3.3499999999999996,3.3499999999999996,3.3499999999999996,1231.225689427835,490.3477739443143,561.4689173805809,11
3.3499999999999996,3.3499999999999996,3.3499999999999996,1176.8459967777567,468.6905250193561,536.6704523859811,11
3.3499999999999996,3.3499999999999996,3.3499999999999996,809.6647381717289,322.4569674047428,369.2268508414333,11
3.3499999999999996,3.3499999999999996,3.3499999999999996,1212.1843684025475,482.76438004839287,552.7856109865008,11
3.3499999999999996,3.3499999999999996,3.3499999999999996,1209.6026067258122,481.7361679976597,551.6082647485056,11
3.3499999999999996,3.3499999999999996,3.3499999999999996,1200.4288608080494,478.0826332086022,547.424813060485,11
3.3499999999999996,3.3499999999999996,3.3499999999999996,1410.3493894971423,561.6855541286044,643.1536895703612,11
3.3499999999999996,3.3499999999999996,3.3499999999999996,1400.26358089989,557.6687813820988,638.5543150749846,11
3.3499999999999996,3.3499999999999996,3.3499999999999996,1046.9586201646619,416.9615962513937,477.438643502714,11
3.3499999999999996,3.3499999999999996,3.3499999999999996,964.5095524472213,384.1254418678553,439.8398594716059,11
3.3499999999999996,3.3499999999999996,3.3499999999999996,888.6844352251686,353.92734109871145,405.2617582814772,11
3.3499999999999996,3.3499999999999996,3.3499999999999996,1341.366107763137,534.212281821102,611.6956320873737,11
3.3499999999999996,3.3499999999999996,3.3499999999999996,981.0111526040317,390.69736687956555,447.36499126072334,11
3.3499999999999996,3.3499999999999996,3.3499999999999996,1119.4784185169167,445.84332118148654,510.50943874287884,11
3.3499999999999996,3.3499999999999996,3.3499999999999996,957.5236960353025,381.3432556528561,436.65413871361955,11
3.3499999999999996,3.3499999999999996,3.3499999999999996,899.038434605118,358.0509234694939,409.98343430914434,11
3.3499999999999996,3.3499999999999996,3.3499999999999996,822.7395460769552,327.66413860505827,375.1892818583804,11
3.3499999999999996,3.3499999999999996,3.3499999999999996,1190.2758391936104,474.03909221510474,542.7947877913975,11
3.3499999999999996,3.3499999999999996,3.3499999999999996,1108.3054432413885,441.39357358302954,505.41428974969455,11
3.3499999999999996,3.3499999999999996,3.3499999999999996,863.9653729618122,344.0827307572391,393.98926352536193,11
3.3499999999999996,3.3499999999999996,3.3499999999999996,1040.6887004181986,414.46453887443437,474.57940731040736,11
3.3499999999999996,3.3499999999999996,3.3499999999999996,1291.3742365896148,514.3025260746645,588.8981206102775,11
3.3499999999999996,3.3499999999999996,3.3499999999999996,733.2288221444247,292.0156099873219,334.37021051191977,11
3.3499999999999996,3.3499999999999996,3.3499999999999996,955.3136606714621,380.4630872724343,435.6463087326801,11
3.3499999999999996,3.3499999999999996,3.3499999999999996,1216.5633259065232,484.5083430624112,554.782522316507,11
3.3499999999999996,3.3499999999999996,3.3499999999999996,1095.5760867837764,436.323981828788,499.6093930109591,11
3.3499999999999996,3.3499999999999996,3.3499999999999996,858.7692922535233,342.0133403681152,391.619724102203,11
3.3499999999999996,3.3499999999999996,3.3499999999999996,1002.718761073867,399.3426360468984,457.26418970267923,11
3.3499999999999996,3.3499999999999996,3.3499999999999996,917.8268763379855,365.53360569315294,418.5514215836169,11
3.3499999999999996,3.3499999999999996,3.3499999999999996,1254.0204527048184,499.4260132358047,571.8638849068207,11
3.3499999999999996,3.3499999999999996,3.3499999999999996,1510.1756091265024,601.4423306455728,688.6768783267132,11
3.3499999999999996,3.3499999999999996,3.3499999999999996,1261.5168345147677,502.4115212256953,575.2824176869966,11
3.3499999999999996,3.3499999999999996,3.3499999999999996,1010.7193058070648,402.5289318933475,460.9126330615008,11
3.3499999999999996,3.3499999999999996,3.3499999999999996,955.1264846724637,380.38854258478455,435.560951915957,11
3.3499999999999996,3.3499999999999996,3.3499999999999996,1035.6689466397315,412.46537242416,472.29027726405275,11
3.3499999999999996,3.3499999999999996,3.3499999999999996,985.1391619677764,392.34138732172704,449.2474641235791,11
3.3499999999999996,3.3499999999999996,3.3499999999999996,643.176662811282,256.15144938131186,293.30423142886497,11
3.3499999999999996,3.3499999999999996,3.3499999999999996,767.3541726467085,305.60636739073556,349.93220192119105,11
3.3499999999999996,3.3499999999999996,3.3499999999999996,919.3404168730577,366.1363881387434,419.24163295017263,11
3.3499999999999996,3.3499999999999996,3.3499999999999996,1112.417190779817,443.0311175928743,507.28934682393145,11
3.3499999999999996,3.3499999999999996,3.3499999999999996,1175.8500262051725,468.2938699159301,536.2162655346723,11
3.3499999999999996,3.3499999999999996,3.3499999999999996,989.4011970565127,394.0387848307129,451.1910559830235,11
3.3499999999999996,3.3499999999999996,3.3499999999999996,1342.0811585853976,534.4970578633528,612.0217126869701,11
3.3499999999999996,3.3499999999999996,3.3499999999999996,1255.80617029704,500.1371928787881,572.6782156439564,11
3.3499999999999996,3.3499999999999996,3.3499999999999996,1107.0500453376094,440.8935989863181,504.84179771353155,11
3.3499999999999996,3.3499999999999996,3.3499999999999996,1162.034082357152,462.7127255990044,529.8942737445377,12
3.3499999999999996,3.3499999999999996,3.3499999999999996,1216.44920362442,484.38039392100745,554.7078842938515,12
3.3499999999999996,3.3499999999999996,3.3499999999999996,1570.2080232301284,625.2443411233186,716.0239555190994,12
3.3499999999999996,3.3499999999999996,3.3499999999999996,1572.4601838980932,626.1411335814593,717.050953831478,12
3.3499999999999996,3.3499999999999996,3.3499999999999996,1770.0008632316694,704.8002603135312,807.1306480502024,12
3.3499999999999996,3.3499999999999996,3.3499999999999996,1496.2481445588232,595.7941059154555,682.2978223619136,12
3.3499999999999996,3.3499999999999996,3.3499999999999996,931.3001518870308,370.8363103742166,424.6782647040133,12
3.3499999999999996,3.3499999999999996,3.3499999999999996,1231.8984462809779,490.5321594213408,561.7528284497012,12
3.3499999999999996,3.3499999999999996,3.3499999999999996,737.5128031450815,293.67173001947907,336.31011097981485,12
3.3499999999999996,3.3499999999999996,3.3499999999999996,970.6144260701336,386.4909415407222,442.60580149690236,12
3.3499999999999996,3.3499999999999996,3.3499999999999996,862.7871339794693,343.55497178325635,393.4359316112257,12
3.3499999999999996,3.3499999999999996,3.3499999999999996,775.6294753604734,308.849485611442,353.69153433717725,12
3.3499999999999996,3.3499999999999996,3.3499999999999996,897.5473067153615,357.39619598925475,409.28677176021466,12
3.3499999999999996,3.3499999999999996,3.3499999999999996,1033.9293321659559,411.7024333682386,471.4777654885209,12
3.3499999999999996,3.3499999999999996,3.3499999999999996,1314.1723674917107,523.2929802157822,599.2702131718792,12
3.3499999999999996,3.3499999999999996,3.3499999999999996,1231.225689427835,490.2642729953663,561.4460474270829,12
3.3499999999999996,3.3499999999999996,3.3499999999999996,1176.8459967777567,468.610712066832,536.6485925324614,12
3.3499999999999996,3.3499999999999996,3.3499999999999996,809.6647381717289,322.40205645336516,369.21181136080025,12
3.3499999999999996,3.3499999999999996,3.3499999999999996,1212.1843684025475,482.6821704698155,552.7630947245559,12
3.3499999999999996,3.3499999999999996,3.3499999999999996,1209.6026067258122,481.65413351252926,551.5857964426501,12
3.3499999999999996,3.3499999999999996,3.3499999999999996,1200.4288608080494,478.00122088112823,547.4025151564857,12
3.3499999999999996,3.3499999999999996,3.3499999999999996,1410.3493894971423,561.5899051234038,643.1274924033992,12
3.3499999999999996,3.3499999999999996,3.3499999999999996,1400.26358089989,557.5738163900699,638.5283052513955,12
3.3499999999999996,3.3499999999999996,3.3499999999999996,1046.9586201646619,416.89059217874984,477.4191963004966,12
3.3499999999999996,3.3499999999999996,3.3499999999999996,964.5095524472213,384.06002943893156,439.8219437565568,12
3.3499999999999996,3.3499999999999996,3.3499999999999996,888.6844352251686,353.8670710813672,405.2452510140587,12
3.3499999999999996,3.3499999999999996,3.3499999999999996,1341.366107763137,534.1213112185175,611.6707162813019,12
3.3499999999999996,3.3499999999999996,3.3499999999999996,981.0111526040317,390.6308353225372,447.3467690293049,12
3.3499999999999996,3.3499999999999996,3.3499999999999996,1119.4784185169167,445.76739886190245,510.488644489158,12
3.3499999999999996,3.3499999999999996,3.3499999999999996,957.5236960353025,381.2783170003037,436.636352760492,12
3.3499999999999996,3.3499999999999996,3.3499999999999996,899.038434605118,357.9899512504484,409.96673471672284,12
3.3499999999999996,3.3499999999999996,3.3499999999999996,822.7395460769552,327.60834092846306,375.1739995138667,12
3.3499999999999996,3.3499999999999996,3.3499999999999996,1190.2758391936104,473.95836845914687,542.7726784792495,12
3.3499999999999996,3.3499999999999996,3.3499999999999996,1108.3054432413885,441.31840900757476,505.3937030334115,12
3.3499999999999996,3.3499999999999996,3.3499999999999996,863.9653729618122,344.02413717109164,393.9732154132463,12
3.3499999999999996,3.3499999999999996,3.3499999999999996,1040.6887004181986,414.3939600237894,474.56007657162496,12
3.3499999999999996,3.3499999999999996,3.3499999999999996,1291.3742365896148,514.2149458892216,588.8741334006269,12
3.3499999999999996,3.3499999999999996,3.3499999999999996,733.2288221444247,291.9658828715131,334.3565908244734,12
3.3499999999999996,3.3499999999999996,3.3499999999999996,955.3136606714621,380.39829850308513,435.62856383084517,12
3.3499999999999996,3.3499999999999996,3.3499999999999996,1216.5633259065232,484.4258365057003,554.7599247156528,12
3.3499999999999996,3.3499999999999996,3.3499999999999996,1095.5760867837764,436.24968055025164,499.5890427418137,12
3.3499999999999996,3.3499999999999996,3.3499999999999996,858.7692922535233,341.9550991768809,391.6037725070177,12
3.3499999999999996,3.3499999999999996,3.3499999999999996,1002.718761073867,399.2746322935681,457.2455642535561,12
3.3499999999999996,3.3499999999999996,3.3499999999999996,917.8268763379855,365.4713592538508,418.5343729968618,12
3.3499999999999996,3.3499999999999996,3.3499999999999996,1254.0204527048184,499.34096636040243,571.8405915417736,12
3.3499999999999996,3.3499999999999996,3.3499999999999996,1510.1756091265024,601.3399114891802,688.648826892885,12
3.3499999999999996,3.3499999999999996,3.3499999999999996,1261.5168345147677,502.3259659504112,575.258985077045,12
3.3499999999999996,3.3499999999999996,3.3499999999999996,1010.7193058070648,402.4603855481245,460.89385900267297,12
3.3499999999999996,3.3499999999999996,3.3499999999999996,955.1264846724637,380.3237665095935,435.5432104909064,12
3.3499999999999996,3.3499999999999996,3.3499999999999996,1035.6689466397315,412.39513401004706,472.2710397669372,12
3.3499999999999996,3.3499999999999996,3.3499999999999996,985.1391619677764,392.2745758057097,449.22916521460024,12
3.3499999999999996,3.3499999999999996,3.3499999999999996,643.176662811282,256.10782954609647,293.2922844556204,12
3.3499999999999996,3.3499999999999996,3.3499999999999996,767.3541726467085,305.55432591519997,349.91794835712426,12
3.3499999999999996,3.3499999999999996,3.3499999999999996,919.3404168730577,366.0740390520778,419.22455624948054,12
3.3499999999999996,3.3499999999999996,3.3499999999999996,1112.417190779817,442.9556741612974,507.26868373215063,12
3.3499999999999996,3.3499999999999996,3.3499999999999996,1175.8500262051725,468.2141245095017,536.1944241812544,12
3.3499999999999996,3.3499999999999996,3.3499999999999996,989.4011970565127,393.9716842661667,451.17267790696314,12
3.3499999999999996,3.3499999999999996,3.3499999999999996,1342.0811585853976,534.4060387664728,611.9967835988659,12
3.3499999999999996,3.3499999999999996,3.3499999999999996,1255.80617029704,500.05202489714605,572.6548891092974,12
3.3499999999999996,3.3499999999999996,3.3499999999999996,1107.0500453376094,440.81851955115656,504.8212343161997,12
3.3499999999999996,3.3499999999999996,3.3499999999999996,1162.034082357152,462.7048431682915,529.8921154788509,13
3.3499999999999996,3.3499999999999996,3.3499999999999996,1216.44920362442,484.3721423759719,554.7056249620337,13
3.3499999999999996,3.3499999999999996,3.3499999999999996,1570.2080232301284,625.2336899245836,716.0210391450024,13
3.3499999999999996,3.3499999999999996,3.3499999999999996,1572.4601838980932,626.1304671056338,717.0480332744046,13
3.3499999999999996,3.3499999999999996,3.3499999999999996,1770.0008632316694,704.7882538591786,807.1273605974617,13
3.3499999999999996,3.3499999999999996,3.3499999999999996,1496.2481445588232,595.7839564090788,682.2950433547586,13
3.3499999999999996,3.3499999999999996,3.3499999999999996,931.3001518870308,370.8299930819516,424.6765349843841,13
3.3499999999999996,3.3499999999999996,3.3499999999999996,1231.8984462809779,490.5238030793922,561.7505404237417,13
3.3499999999999996,3.3499999999999996,3.3499999999999996,737.5128031450815,293.66672724575767,336.3087411847281,13
3.3499999999999996,3.3499999999999996,3.3499999999999996,970.6144260701336,386.48435756777457,442.60399875820235,13
3.3499999999999996,3.3499999999999996,3.3499999999999996,862.7871339794693,343.54911923563606,393.4343291419915,13
3.3499999999999996,3.3499999999999996,3.3499999999999996,775.6294753604734,308.84422428073646,353.6900937473463,13
3.3499999999999996,3.3499999999999996,3.3499999999999996,897.5473067153615,357.39010765280733,409.28510473031963,13
3.3499999999999996,3.3499999999999996,3.3499999999999996,1033.9293321659559,411.6954199110204,471.4758451539679,13
3.3499999999999996,3.3499999999999996,3.3499999999999996,1314.1723674917107,523.2840657847953,599.267772337165,13
3.3499999999999996,3.3499999999999996,3.3499999999999996,1231.225689427835,490.25592121693217,561.4437606506461,13
3.3499999999999996,3.3499999999999996,3.3499999999999996,1176.8459967777567,468.6027291623974,536.6464067563536,13
3.3499999999999996,3.3499999999999996,3.3499999999999996,809.6647381717289,322.39656425111724,369.21030755669614,13
3.3499999999999996,3.3499999999999996,3.3499999999999996,1212.1843684025475,482.67394785445475,552.760843313889,13
3.3499999999999996,3.3499999999999996,3.3499999999999996,1209.6026067258122,481.64592841004355,551.5835498271333,13
3.3499999999999996,3.3499999999999996,3.3499999999999996,1200.4288608080494,477.99307800695215,547.4002855795231,13
3.3499999999999996,3.3499999999999996,3.3499999999999996,1410.3493894971423,561.5803382944164,643.1248729374646,13
3.3499999999999996,3.3499999999999996,3.3499999999999996,1400.26358089989,557.5643179761906,638.5257045180048,13
3.3499999999999996,3.3499999999999996,3.3499999999999996,1046.9586201646619,416.88349033990727,477.4172517664252,13
3.3499999999999996,3.3499999999999996,3.3499999999999996,964.5095524472213,384.05348687719913,439.82015235654256,13
3.3499999999999996,3.3499999999999996,3.3499999999999996,888.6844352251686,353.8610428644735,405.2436004453256,13
3.3499999999999996,3.3499999999999996,3.3499999999999996,1341.366107763137,534.1122123241172,611.6682249391908,13
3.3499999999999996,3.3499999999999996,3.3499999999999996,981.0111526040317,390.6241808254307,447.34494698058774,13
3.3499999999999996,3.3499999999999996,3.3499999999999996,1119.4784185169167,445.75980509920447,510.4865652628302,13
3.3499999999999996,3.3499999999999996,3.3499999999999996,957.5236960353025,381.27182182576075,436.63457433542777,13
3.3499999999999996,3.3499999999999996,3.3499999999999996,899.038434605118,357.9838527992269,409.96506491733066,13
3.3499999999999996,3.3499999999999996,3.3499999999999996,822.7395460769552,327.6027600358153,375.17247142569926,13
3.3499999999999996,3.3499999999999996,3.3499999999999996,1190.2758391936104,473.9502944560053,542.7704677596669,13
3.3499999999999996,3.3499999999999996,3.3499999999999996,1108.3054432413885,441.31089103456725,505.3916445588411,13
3.3499999999999996,3.3499999999999996,3.3499999999999996,863.9653729618122,344.01827663111777,393.9716107556485,13
3.3499999999999996,3.3499999999999996,3.3499999999999996,1040.6887004181986,414.3869007157197,474.5581436827822,13
3.3499999999999996,3.3499999999999996,3.3499999999999996,1291.3742365896148,514.2061861048927,588.8717349092694,13
3.3499999999999996,3.3499999999999996,3.3499999999999996,733.2288221444247,291.96090915733805,334.35522898609753,13
3.3499999999999996,3.3499999999999996,3.3499999999999996,955.3136606714621,380.3918183198843,435.6267895105173,13
3.3499999999999996,3.3499999999999996,3.3499999999999996,1216.5633259065232,484.4175841865387,554.7576651718736,13
3.3499999999999996,3.3499999999999996,3.3499999999999996,1095.5760867837764,436.2422489243417,499.5870079096938,13
3.3499999999999996,3.3499999999999996,3.3499999999999996,858.7692922535233,341.94927388350334,391.6021775001892,13
3.3499999999999996,3.3499999999999996,3.3499999999999996,1002.718761073867,399.2678305471489,457.2437018869282,13
3.3499999999999996,3.3499999999999996,3.3499999999999996,917.8268763379855,365.4651333549129,418.5326683013768,13
3.3499999999999996,3.3499999999999996,3.3499999999999996,1254.0204527048184,499.33245995815395,571.838262428235,13
3.3499999999999996,3.3499999999999996,3.3499999999999996,1510.1756091265024,601.3296675085742,688.6460220180128,13
3.3499999999999996,3.3499999999999996,3.3499999999999996,1261.5168345147677,502.3174086979244,575.2566420403489,13
3.3499999999999996,3.3499999999999996,3.3499999999999996,1010.7193058070648,402.45352953157646,460.89198177649723,13
3.3499999999999996,3.3499999999999996,3.3499999999999996,955.1264846724637,380.3172875960645,435.5414365182238,13
3.3499999999999996,3.3499999999999996,3.3499999999999996,1035.6689466397315,412.3881087524947,472.26911620136843,13
3.3499999999999996,3.3499999999999996,3.3499999999999996,985.1391619677764,392.2678933070597,449.22733549886107,13
3.3499999999999996,3.3499999999999996,3.3499999999999996,643.176662811282,256.1034666831153,293.29108987265334,13
3.3499999999999996,3.3499999999999996,3.3499999999999996,767.3541726467085,305.5491207183903,349.91652313715383,13
3.3499999999999996,3.3499999999999996,3.3499999999999996,919.3404168730577,366.067802886334,419.222848742871,13
3.3499999999999996,3.3499999999999996,3.3499999999999996,1112.417190779817,442.9481282970553,507.2666176207614,13
3.3499999999999996,3.3499999999999996,3.3499999999999996,1175.8500262051725,468.20614836103846,536.1922402549799,13
3.3499999999999996,3.3499999999999996,3.3499999999999996,989.4011970565127,393.9649728568359,451.17084027527363,13
3.3499999999999996,3.3499999999999996,3.3499999999999996,1342.0811585853976,534.3969350216652,611.994290928679,13
3.3499999999999996,3.3499999999999996,3.3499999999999996,1255.80617029704,500.0435063818318,572.652556679115,13
3.3499999999999996,3.3499999999999996,3.3499999999999996,1107.0500453376094,440.81101009389505,504.819178173301,13
3.3499999999999996,3.3499999999999996,3.3499999999999996,1162.034082357152,462.7040549093254,529.8918996543513,14
3.3499999999999996,3.3499999999999996,3.3499999999999996,1216.44920362442,484.37131720482927,554.7053990310178,14
3.3499999999999996,3.3499999999999996,3.3499999999999996,1570.2080232301284,625.2326247832319,716.0207475103887,14
3.3499999999999996,3.3499999999999996,3.3499999999999996,1572.4601838980932,626.1294004365423,717.0477412214971,14
3.3499999999999996,3.3499999999999996,3.3499999999999996,1770.0008632316694,704.7870531895327,807.1270318553394,14
3.3499999999999996,3.3499999999999996,3.3499999999999996,1496.2481445588232,595.782941437975,682.2947654567074,14
3.3499999999999996,3.3499999999999996,3.3499999999999996,931.3001518870308,370.82936133998635,424.67636201407953,14
3.3499999999999996,3.3499999999999996,3.3499999999999996,1231.8984462809779,490.5229674283469,561.7503116233391,14
3.3499999999999996,3.3499999999999996,3.3499999999999996,737.5128031450815,293.6662269582974,336.3086042065326,14
3.3499999999999996,3.3499999999999996,3.3499999999999996,970.6144260701336,386.4836991572034,442.60381848606073,14
3.3499999999999996,3.3499999999999996,3.3499999999999996,862.7871339794693,343.5485339690724,393.4341688966042,14
3.3499999999999996,3.3499999999999996,3.3499999999999996,775.6294753604734,308.8436981370566,353.68994968974414,14
3.3499999999999996,3.3499999999999996,3.3499999999999996,897.5473067153615,357.38949880688557,409.28493802892825,14
3.3499999999999996,3.3499999999999996,3.3499999999999996,1033.9293321659559,411.69471855115603,471.4756531223536,14
3.3499999999999996,3.3499999999999996,3.3499999999999996,1314.1723674917107,523.2831743237208,599.2675282560335,14
3.3499999999999996,3.3499999999999996,3.3499999999999996,1231.225689427835,490.25508602224744,561.4435319751948,14
3.3499999999999996,3.3499999999999996,3.3499999999999996,1176.8459967777567,468.6019308558566,536.6461881808384,14
3.3499999999999996,3.3499999999999996,3.3499999999999996,809.6647381717289,322.39601501981747,369.2101571777274,14
3.3499999999999996,3.3499999999999996,3.3499999999999996,1212.1843684025475,482.67312557633795,552.7606181749808,14
3.3499999999999996,3.3499999999999996,3.3499999999999996,1209.6026067258122,481.6451078832497,551.5833251677352,14
3.3499999999999996,3.3499999999999996,3.3499999999999996,1200.4288608080494,477.99226370311465,547.4000626239645,14
3.3499999999999996,3.3499999999999996,3.3499999999999996,1410.3493894971423,561.579381592226,643.1246109933824,14
3.3499999999999996,3.3499999999999996,3.3499999999999996,1400.26358089989,557.5633681156492,638.525444447159,14
3.3499999999999996,3.3499999999999996,3.3499999999999996,1046.9586201646619,416.8827801417022,477.41705731488224,14
3.3499999999999996,3.3499999999999996,3.3499999999999996,964.5095524472213,384.05283260783284,439.8199732182585,14
3.3499999999999996,3.3499999999999996,3.3499999999999996,888.6844352251686,353.86044003062835,405.24343539003473,14
3.3499999999999996,3.3499999999999996,3.3499999999999996,1341.366107763137,534.1113024163293,611.6679758073683,14
3.3499999999999996,3.3499999999999996,3.3499999999999996,981.0111526040317,390.62351536230113,447.34476477746284,14
3.3499999999999996,3.3499999999999996,3.3499999999999996,1119.4784185169167,445.7590457076219,510.4863573421908,14
3.3499999999999996,3.3499999999999996,3.3499999999999996,957.5236960353025,381.2711722952091,436.63439649462634,14
3.3499999999999996,3.3499999999999996,3.3499999999999996,899.038434605118,357.98324294180736,409.9648979389922,14
3.3499999999999996,3.3499999999999996,3.3499999999999996,822.7395460769552,327.6022019352967,375.17231861834733,14
3.3499999999999996,3.3499999999999996,3.3499999999999996,1190.2758391936104,473.94948703941003,542.770246689828,14
3.3499999999999996,3.3499999999999996,3.3499999999999996,1108.3054432413885,441.31013922210667,505.39143871335745,14
3.3499999999999996,3.3499999999999996,3.3499999999999996,863.9653729618122,344.01769056530264,393.9714502914271,14
3.3499999999999996,3.3499999999999996,3.3499999999999996,1040.6887004181986,414.3861947706778,474.5579503957509,14
3.3499999999999996,3.3499999999999996,3.3499999999999996,1291.3742365896148,514.2053101087956,588.8714950624332,14
3.3499999999999996,3.3499999999999996,3.3499999999999996,733.2288221444247,291.9604117758912,334.3550928035655,14
3.3499999999999996,3.3499999999999996,3.3499999999999996,955.3136606714621,380.3911702884972,435.6266120801855,14
3.3499999999999996,3.3499999999999996,3.3499999999999996,1216.5633259065232,484.4167589379818,554.7574392196619,14
3.3499999999999996,3.3499999999999996,3.3499999999999996,1095.5760867837764,436.2415057467649,499.5868044284326,14
3.3499999999999996,3.3499999999999996,3.3499999999999996,858.7692922535233,341.94869134241895,391.6020180010356,14
3.3499999999999996,3.3499999999999996,3.3499999999999996,1002.718761073867,399.2671503587914,457.2435156520508,14
3.3499999999999996,3.3499999999999996,3.3499999999999996,917.8268763379855,365.4645107524647,418.5324978334627,14
3.3499999999999996,3.3499999999999996,3.3499999999999996,1254.0204527048184,499.33160930077617,571.838029519114,14
3.3499999999999996,3.3499999999999996,3.3499999999999996,1510.1756091265024,601.3286430898567,688.6457415332145,14
3.3499999999999996,3.3499999999999996,3.3499999999999996,1261.5168345147677,502.3165529554202,575.2564077389254,14
3.3499999999999996,3.3499999999999996,3.3499999999999996,1010.7193058070648,402.45284391609664,460.8917940556792,14
3.3499999999999996,3.3499999999999996,3.3499999999999996,955.1264846724637,380.316639691647,435.54125912265624,14
3.3499999999999996,3.3499999999999996,3.3499999999999996,1035.6689466397315,412.38740621257307,472.2689238466556,14
3.3499999999999996,3.3499999999999996,3.3499999999999996,985.1391619677764,392.26722504371946,449.2271525290411,14
3.3499999999999996,3.3499999999999996,3.3499999999999996,643.176662811282,256.10303038801953,293.2909704155019,14
3.3499999999999996,3.3499999999999996,3.3499999999999996,767.3541726467085,305.5486001882132,349.9163806165231,14
3.3499999999999996,3.3499999999999996,3.3499999999999996,919.3404168730577,366.0671792571845,419.2226779938469,14
3.3499999999999996,3.3499999999999996,3.3499999999999996,1112.417190779817,442.947373695415,507.26641101160317,14
3.3499999999999996,3.3499999999999996,3.3499999999999996,1175.8500262051725,468.20535073010825,536.192021864446,14
3.3499999999999996,3.3499999999999996,3.3499999999999996,989.4011970565127,393.96430170236937,451.17065651386645,14
3.3499999999999996,3.3499999999999996,3.3499999999999996,1342.0811585853976,534.3960246288269,611.99404166405,14
3.3499999999999996,3.3499999999999996,3.3499999999999996,1255.80617029704,500.0426545131229,572.6523234383328,14
3.3499999999999996,3.3499999999999996,3.3499999999999996,1107.0500453376094,440.81025913302614,504.8189725609823,14
3.3499999999999996,3.3499999999999996,3.3499999999999996,1162.034082357152,462.70397608326977,529.891878071922,15
3.3499999999999996,3.3499999999999996,3.3499999999999996,1216.44920362442,484.37123468754857,554.705376437938,15
3.3499999999999996,3.3499999999999996,3.3499999999999996,1570.2080232301284,625.2325182688821,716.020718346955,15
3.3499999999999996,3.3499999999999996,3.3499999999999996,1572.4601838980932,626.1292937694179,717.0477120162343,15
3.3499999999999996,3.3499999999999996,3.3499999999999996,1770.0008632316694,704.7869331223258,807.1269989811585,15
3.3499999999999996,3.3499999999999996,3.3499999999999996,1496.2481445588232,595.7828399406599,682.2947376669288,15
3.3499999999999996,3.3499999999999996,3.3499999999999996,931.3001518870308,370.82929816566235,424.6763447170657,15
3.3499999999999996,3.3499999999999996,3.3499999999999996,1231.8984462809779,490.5228838630738,561.7502887433208,15
3.3499999999999996,3.3499999999999996,3.3499999999999996,737.5128031450815,293.6661769294505,336.3085905087262,15
3.3499999999999996,3.3499999999999996,3.3499999999999996,970.6144260701336,386.4836333160135,442.6038004588637,15
3.3499999999999996,3.3499999999999996,3.3499999999999996,862.7871339794693,343.5484754422979,393.4341528720808,15
3.3499999999999996,3.3499999999999996,3.3499999999999996,775.6294753604734,308.8436455225824,353.68993528399767,15
3.3499999999999996,3.3499999999999996,3.3499999999999996,897.5473067153615,357.38943792217054,409.28492135880504,15
3.3499999999999996,3.3499999999999996,3.3499999999999996,1033.9293321659559,411.69464841502804,471.4756339192104,15
3.3499999999999996,3.3499999999999996,3.3499999999999996,1314.1723674917107,523.2830851774336,599.2675038479438,15
3.3499999999999996,3.3499999999999996,3.3499999999999996,1231.225689427835,490.2550025026105,561.4435091076715,15
3.3499999999999996,3.3499999999999996,3.3499999999999996,1176.8459967777567,468.60185102504147,536.6461663233077,15
3.3499999999999996,3.3499999999999996,3.3499999999999996,809.6647381717289,322.3959600965767,369.21014213984495,15
3.3499999999999996,3.3499999999999996,3.3499999999999996,1212.1843684025475,482.6730433483604,552.7605956611113,15
3.3499999999999996,3.3499999999999996,3.3499999999999996,1209.6026067258122,481.6450258304046,551.5833027018169,15
3.3499999999999996,3.3499999999999996,3.3499999999999996,1200.4288608080494,477.9921822725666,547.4000403284298,15
3.3499999999999996,3.3499999999999996,3.3499999999999996,1410.3493894971423,561.5792859218141,643.124584798999,15
3.3499999999999996,3.3499999999999996,3.3499999999999996,1400.26358089989,557.5632731294035,638.5254184400994,15
3.3499999999999996,3.3499999999999996,3.3499999999999996,1046.9586201646619,416.88270912173834,477.41703786974654,15
3.3499999999999996,3.3499999999999996,3.3499999999999996,964.5095524472213,384.0527671807642,439.8199553044472,15
3.3499999999999996,3.3499999999999996,3.3499999999999996,888.6844352251686,353.86037974712224,405.24341888452136,15
3.3499999999999996,3.3499999999999996,3.3499999999999996,1341.366107763137,534.1112114253671,611.6679508942098,15
3.3499999999999996,3.3499999999999996,3.3499999999999996,981.0111526040317,390.6234488158538,447.34474655716787,15
3.3499999999999996,3.3499999999999996,3.3499999999999996,1119.4784185169167,445.7589697683104,510.48633655014663,15
3.3499999999999996,3.3499999999999996,3.3499999999999996,957.5236960353025,381.2711073420228,436.63437871056317,15
3.3499999999999996,3.3499999999999996,3.3499999999999996,899.038434605118,357.9831819559423,409.9648812411743,15
3.3499999999999996,3.3499999999999996,3.3499999999999996,822.7395460769552,327.6021461251323,375.172303337627,15
3.3499999999999996,3.3499999999999996,3.3499999999999996,1190.2758391936104,473.9494062975875,542.7702245828652,15
3.3499999999999996,3.3499999999999996,3.3499999999999996,1108.3054432413885,441.31006404070894,505.39141812882883,15
3.3499999999999996,3.3499999999999996,3.3499999999999996,863.9653729618122,344.017631958603,393.97143424502036,15
3.3499999999999996,3.3499999999999996,3.3499999999999996,1040.6887004181986,414.38612417603116,474.55793106706625,15
3.3499999999999996,3.3499999999999996,3.3499999999999996,1291.3742365896148,514.2052225090093,588.8714710777724,15
3.3499999999999996,3.3499999999999996,3.3499999999999996,733.2288221444247,291.96036203764606,334.35507918532534,15
3.3499999999999996,3.3499999999999996,3.3499999999999996,955.3136606714621,380.3911054852275,435.62659433716925,15
3.3499999999999996,3.3499999999999996,3.3499999999999996,1216.5633259065232,484.41667641295965,554.7574166244623,15
3.3499999999999996,3.3499999999999996,3.3499999999999996,1095.5760867837764,436.2414314288573,499.5867840803259,15
3.3499999999999996,3.3499999999999996,3.3499999999999996,858.7692922535233,341.948633088193,391.6020020511354,15
3.3499999999999996,3.3499999999999996,3.3499999999999996,1002.718761073867,399.2670823398185,457.24349702858086,15
3.3499999999999996,3.3499999999999996,3.3499999999999996,917.8268763379855,365.4644484920943,418.5324807866874,15
3.3499999999999996,3.3499999999999996,3.3499999999999996,1254.0204527048184,499.33152423486683,571.8380062282241,15
3.3499999999999996,3.3499999999999996,3.3499999999999996,1510.1756091265024,601.3285406477784,688.6457134847616,15
3.3499999999999996,3.3499999999999996,3.3499999999999996,1261.5168345147677,502.31646738099715,575.2563843088057,15
3.3499999999999996,3.3499999999999996,3.3499999999999996,1010.7193058070648,402.4527753544103,460.8917752836154,15
3.3499999999999996,3.3499999999999996,3.3499999999999996,955.1264846724637,380.31657490107443,435.5412413831165,15
3.3499999999999996,3.3499999999999996,3.3499999999999996,1035.6689466397315,412.3873359584391,472.26890461120286,15
3.3499999999999996,3.3499999999999996,3.3499999999999996,985.1391619677764,392.2671582172505,449.22713423207665,15
3.3499999999999996,3.3499999999999996,3.3499999999999996,643.176662811282,256.10298675842193,293.29095846979817,15
3.3499999999999996,3.3499999999999996,3.3499999999999996,767.3541726467085,305.54854813509047,349.9163663644737,15
3.3499999999999996,3.3499999999999996,3.3499999999999996,919.3404168730577,366.0671168941436,419.2226609189609,15
3.3499999999999996,3.3499999999999996,3.3499999999999996,1112.417190779817,442.94729823509863,507.2663903507071,15
3.3499999999999996,3.3499999999999996,3.3499999999999996,1175.8500262051725,468.2052709668543,536.1920000254136,15
3.3499999999999996,3.3499999999999996,3.3499999999999996,989.4011970565127,393.96423458678726,451.17063813774337,15
3.3499999999999996,3.3499999999999996,3.3499999999999996,1342.0811585853976,534.3959335893594,611.9940167376108,15
3.3499999999999996,3.3499999999999996,3.3499999999999996,1255.80617029704,500.0425693260802,572.6523001142768,15
3.3499999999999996,3.3499999999999996,3.3499999999999996,1107.0500453376094,440.8101840367876,504.81895199977026,15
3.3499999999999996,3.3499999999999996,3.3499999999999996,1162.034082357152,460.06421563770056,528.5357851636155,16
3.3499999999999996,3.3499999999999996,3.3499999999999996,1216.44920362442,481.60786092723805,553.2857811236559,16
3.3499999999999996,3.3499999999999996,3.3499999999999996,1570.2080232301284,621.6655204553321,714.1882867537706,16
3.3499999999999996,3.3499999999999996,3.3499999999999996,1572.4601838980932,622.5571797852334,715.2126521532283,16
3.3499999999999996,3.3499999999999996,3.3499999999999996,1770.0008632316694,700.7660714812414,805.0614092925529,16
3.3499999999999996,3.3499999999999996,3.3499999999999996,1496.2481445588232,592.3838547226436,680.5486171970479,16
3.3499999999999996,3.3499999999999996,3.3499999999999996,931.3001518870308,368.71368956069153,423.58951813370317,16
3.3499999999999996,3.3499999999999996,3.3499999999999996,1231.8984462809779,487.72441448870353,560.3126641743695,16
3.3499999999999996,3.3499999999999996,3.3499999999999996,737.5128031450815,291.99078964485875,335.44791361695934,16
3.3499999999999996,3.3499999999999996,3.3499999999999996,970.6144260701336,384.2787155698475,441.4710941468218,16
3.3499999999999996,3.3499999999999996,3.3499999999999996,862.7871339794693,341.58850595103723,392.4272809295691,16
3.3499999999999996,3.3499999999999996,3.3499999999999996,775.6294753604734,307.0816696558151,352.78477626415525,16
3.3499999999999996,3.3499999999999996,3.3499999999999996,897.5473067153615,355.3505047150753,408.2374843206097,16
3.3499999999999996,3.3499999999999996,3.3499999999999996,1033.9293321659559,409.3458999609128,470.26903915892916,16
3.3499999999999996,3.3499999999999996,3.3499999999999996,1314.1723674917107,520.297716428758,597.7338656742398,16
3.3499999999999996,3.3499999999999996,3.3499999999999996,1231.225689427835,487.4580614112377,560.0066696454666,16
3.3499999999999996,3.3499999999999996,3.3499999999999996,1176.8459967777567,465.92844276620724,535.2727879219084,16
3.3499999999999996,3.3499999999999996,3.3499999999999996,809.6647381717289,320.5566672716515,368.2652639936606,16
3.3499999999999996,3.3499999999999996,3.3499999999999996,1212.1843684025475,479.9193578953866,551.3459774063558,16
3.3499999999999996,3.3499999999999996,3.3499999999999996,1209.6026067258122,478.8972052934929,550.1716973610143,16
3.3499999999999996,3.3499999999999996,3.3499999999999996,1200.4288608080494,475.26520147863556,545.9991407422781,16
3.3499999999999996,3.3499999999999996,3.3499999999999996,1410.3493894971423,558.3754345121587,641.478708112274,16
3.3499999999999996,3.3499999999999996,3.3499999999999996,1400.26358089989,554.382333370104,636.8913118844927,16
3.3499999999999996,3.3499999999999996,3.3499999999999996,1046.9586201646619,414.50436239712906,476.19523794007847,16
3.3499999999999996,3.3499999999999996,3.3499999999999996,964.5095524472213,381.86171770589897,438.69437337537465,16
3.3499999999999996,3.3499999999999996,3.3499999999999996,888.6844352251686,351.841580078233,404.2063248107515,16
3.3499999999999996,3.3499999999999996,3.3499999999999996,1341.366107763137,531.0640674146526,610.1025776458705,16
3.3499999999999996,3.3499999999999996,3.3499999999999996,981.0111526040317,388.3949131157189,446.19990727300717,16
3.3499999999999996,3.3499999999999996,3.3499999999999996,1119.4784185169167,443.215881838501,509.1799060698345,16
3.3499999999999996,3.3499999999999996,3.3499999999999996,957.5236960353025,379.0959274425122,435.5169492707183,16
3.3499999999999996,3.3499999999999996,3.3499999999999996,899.038434605118,355.9408613951691,408.9157040578425,16
3.3499999999999996,3.3499999999999996,3.3499999999999996,822.7395460769552,325.73315162340975,374.212166900359,16
3.3499999999999996,3.3499999999999996,3.3499999999999996,1190.2758391936104,471.24548983995084,541.3811735653728,16
3.3499999999999996,3.3499999999999996,3.3499999999999996,1108.3054432413885,438.79235744750537,504.09802650233826,16
3.3499999999999996,3.3499999999999996,3.3499999999999996,863.9653729618122,342.05498589467686,392.96318729849406,16
3.3499999999999996,3.3499999999999996,3.3499999999999996,1040.6887004181986,412.02202065340265,473.34344812907096,16
3.3499999999999996,3.3499999999999996,3.3499999999999996,1291.3742365896148,511.2716436390491,587.3644383058448,16
3.3499999999999996,3.3499999999999996,3.3499999999999996,733.2288221444247,290.29470655332324,333.4994016961943,16
3.3499999999999996,3.3499999999999996,3.3499999999999996,955.3136606714621,378.2209460614719,434.51174400694737,16
3.3499999999999996,3.3499999999999996,3.3499999999999996,1216.5633259065232,481.65304340424103,553.3376881295621,16
3.3499999999999996,3.3499999999999996,3.3499999999999996,1095.5760867837764,433.7526417600233,498.3082476033371,16
3.3499999999999996,3.3499999999999996,3.3499999999999996,858.7692922535233,339.9977908160265,390.59981892692423,16
3.3499999999999996,3.3499999999999996,3.3499999999999996,1002.718761073867,396.98923407039075,456.07332498150987,16
3.3499999999999996,3.3499999999999996,3.3499999999999996,917.8268763379855,363.3794467517642,417.4613775058522,16
3.3499999999999996,3.3499999999999996,3.3499999999999996,1254.0204527048184,496.4828009149186,570.3745652942589,16
3.3499999999999996,3.3499999999999996,3.3499999999999996,1510.1756091265024,597.8979167965834,686.8833396741072,16
3.3499999999999996,3.3499999999999996,3.3499999999999996,1261.5168345147677,499.4507147393731,573.7841951028533,16
3.3499999999999996,3.3499999999999996,3.3499999999999996,1010.7193058070648,400.15675247044214,459.71226660680173,16
3.3499999999999996,3.3499999999999996,3.3499999999999996,955.1264846724637,378.14684067982023,434.426609487146,16
3.3499999999999996,3.3499999999999996,3.3499999999999996,1035.6689466397315,410.0346356705969,471.0602797221267,16
3.3499999999999996,3.3499999999999996,3.3499999999999996,985.1391619677764,390.0292450332683,448.0774775640642,16
3.3499999999999996,3.3499999999999996,3.3499999999999996,643.176662811282,254.64190025521145,292.54037178351314,16
3.3499999999999996,3.3499999999999996,3.3499999999999996,767.3541726467085,303.8053710429122,349.0208646167326,16
3.3499999999999996,3.3499999999999996,3.3499999999999996,919.3404168730577,363.97867688595386,418.1497913374488,16
3.3499999999999996,3.3499999999999996,3.3499999999999996,1112.417190779817,440.4202510995833,505.9682003179029,16
3.3499999999999996,3.3499999999999996,3.3499999999999996,1175.8500262051725,465.5341252266177,534.8197839209304,16
3.3499999999999996,3.3499999999999996,3.3499999999999996,989.4011970565127,391.7166394564527,450.01600767795793,16
3.3499999999999996,3.3499999999999996,3.3499999999999996,1342.0811585853976,531.3471652176165,610.4278090254948,16
3.3499999999999996,3.3499999999999996,3.3499999999999996,1255.80617029704,497.1897894412359,571.1867752492119,16
3.3499999999999996,3.3499999999999996,3.3499999999999996,1107.0500453376094,438.2953292960214,503.527025421698,16
3.3499999999999996,3.3499999999999996,3.3499999999999996,1162.034082357152,462.4370635432935,529.7533887534194,17
3.3499999999999996,3.3499999999999996,3.3499999999999996,1216.44920362442,484.09182330743397,554.5604020144156,17
3.3499999999999996,3.3499999999999996,3.3499999999999996,1570.2080232301284,624.871850524162,715.8335835267754,17
3.3499999999999996,3.3499999999999996,3.3499999999999996,1572.4601838980932,625.768108716356,716.8603087872353,17
3.3499999999999996,3.3499999999999996,3.3499999999999996,1770.0008632316694,704.3803741122774,806.9160531775717,17
3.3499999999999996,3.3499999999999996,3.3499999999999996,1496.2481445588232,595.4391603543527,682.1164172639417,17
3.3499999999999996,3.3499999999999996,3.3499999999999996,931.3001518870308,370.6153838813961,424.56535389045007,17
3.3499999999999996,3.3499999999999996,3.3499999999999996,1231.8984462809779,490.2399238808479,561.6034731043649,17
3.3499999999999996,3.3499999999999996,3.3499999999999996,737.5128031450815,293.4967744837381,336.2206949409066,17
3.3499999999999996,3.3499999999999996,3.3499999999999996,970.6144260701336,386.26068876926274,442.4881242214485,17
3.3499999999999996,3.3499999999999996,3.3499999999999996,862.7871339794693,343.3502982038798,393.33132731471403,17
3.3499999999999996,3.3499999999999996,3.3499999999999996,775.6294753604734,308.66548789666405,353.5974970336192,17
3.3499999999999996,3.3499999999999996,3.3499999999999996,897.5473067153615,357.18327647215676,409.1779531409894,17
3.3499999999999996,3.3499999999999996,3.3499999999999996,1033.9293321659559,411.4571607987916,471.35241191499784,17
3.3499999999999996,3.3499999999999996,3.3499999999999996,1314.1723674917107,522.9812273490794,599.110882937824,17
3.3499999999999996,3.3499999999999996,3.3499999999999996,1231.225689427835,489.9721970487615,561.2967736467751,17
3.3499999999999996,3.3499999999999996,3.3499999999999996,1176.8459967777567,468.3315362735811,536.5059117451066,17
3.3499999999999996,3.3499999999999996,3.3499999999999996,809.6647381717289,322.20998476669973,369.113647622595,17
3.3499999999999996,3.3499999999999996,3.3499999999999996,1212.1843684025475,482.39461157634764,552.616129513665,17
3.3499999999999996,3.3499999999999996,3.3499999999999996,1209.6026067258122,481.3671870741882,551.439144244498,17
3.3499999999999996,3.3499999999999996,3.3499999999999996,1200.4288608080494,477.7164506729829,547.2569751831228,17
3.3499999999999996,3.3499999999999996,3.3499999999999996,1410.3493894971423,561.2553367851061,642.9565016689363,17
3.3499999999999996,3.3499999999999996,3.3499999999999996,1400.26358089989,557.2416406448758,638.3585373201845,17
3.3499999999999996,3.3499999999999996,3.3499999999999996,1046.9586201646619,416.642228753046,477.2922630563323,17
3.3499999999999996,3.3499999999999996,3.3499999999999996,964.5095524472213,383.8312248883446,439.70500663587046,17
3.3499999999999996,3.3499999999999996,3.3499999999999996,888.6844352251686,353.65625404767445,405.13750692921235,17
3.3499999999999996,3.3499999999999996,3.3499999999999996,1341.366107763137,533.8031073514013,611.5080890786683,17
3.3499999999999996,3.3499999999999996,3.3499999999999996,981.0111526040317,390.39811620086255,447.22783125491435,17
3.3499999999999996,3.3499999999999996,3.3499999999999996,1119.4784185169167,445.5018320193652,510.35291894595343,17
3.3499999999999996,3.3499999999999996,3.3499999999999996,957.5236960353025,381.05116966060996,436.5202626049107,17
3.3499999999999996,3.3499999999999996,3.3499999999999996,899.038434605118,357.77667800243523,409.8577353131791,17
3.3499999999999996,3.3499999999999996,3.3499999999999996,822.7395460769552,327.4131675871389,375.0742505861876,17
3.3499999999999996,3.3499999999999996,3.3499999999999996,1190.2758391936104,473.6760067886273,542.6283694580433,17
3.3499999999999996,3.3499999999999996,3.3499999999999996,1108.3054432413885,441.055492659872,505.2593321015273,17
3.3499999999999996,3.3499999999999996,3.3499999999999996,863.9653729618122,343.81918408547256,393.8684682670614,17
3.3499999999999996,3.3499999999999996,3.3499999999999996,1040.6887004181986,414.1470839718146,474.4339034924172,17
3.3499999999999996,3.3499999999999996,3.3499999999999996,1291.3742365896148,513.9086012800958,588.7175672115499,17
3.3499999999999996,3.3499999999999996,3.3499999999999996,733.2288221444247,291.7919435977106,334.26769417534405,17
3.3499999999999996,3.3499999999999996,3.3499999999999996,955.3136606714621,380.1716754362168,435.5127416199115,17
3.3499999999999996,3.3499999999999996,3.3499999999999996,1216.5633259065232,484.13723881961386,554.6124286000332,17
3.3499999999999996,3.3499999999999996,3.3499999999999996,1095.5760867837764,435.9897839079278,499.45621511687625,17
3.3499999999999996,3.3499999999999996,3.3499999999999996,858.7692922535233,341.7513787248923,391.4996553335641,17
3.3499999999999996,3.3499999999999996,3.3499999999999996,1002.718761073867,399.0367636121119,457.1239946491073,17
3.3499999999999996,3.3499999999999996,3.3499999999999996,917.8268763379855,365.2536289416686,418.4230956829824,17
3.3499999999999996,3.3499999999999996,3.3499999999999996,1254.0204527048184,499.04348295510084,571.6885541247788,17
3.3499999999999996,3.3499999999999996,3.3499999999999996,1510.1756091265024,600.9816620030275,688.4657332293606,17
3.3499999999999996,3.3499999999999996,3.3499999999999996,1261.5168345147677,502.02670422547914,575.1060387988554,17
3.3499999999999996,3.3499999999999996,3.3499999999999996,1010.7193058070648,402.22061894763016,460.77131941232574,17
3.3499999999999996,3.3499999999999996,3.3499999999999996,955.1264846724637,380.0971878453131,435.4274109731875,17
3.3499999999999996,3.3499999999999996,3.3499999999999996,1035.6689466397315,412.14944876277156,472.1454752825866,17
3.3499999999999996,3.3499999999999996,3.3499999999999996,985.1391619677764,392.04087742226955,449.10972696042893,17
3.3499999999999996,3.3499999999999996,3.3499999999999996,643.176662811282,255.95525278113945,293.2143057286592,17
3.3499999999999996,3.3499999999999996,3.3499999999999996,767.3541726467085,305.37229129857235,349.82491435111757,17
3.3499999999999996,3.3499999999999996,3.3499999999999996,919.3404168730577,365.8559496921691,419.1130954339739,17
3.3499999999999996,3.3499999999999996,3.3499999999999996,1112.417190779817,442.69178240951976,507.13381429206925,17
3.3499999999999996,3.3499999999999996,3.3499999999999996,1175.8500262051725,467.93518498410157,536.0518641453539,17
3.3499999999999996,3.3499999999999996,3.3499999999999996,989.4011970565127,393.7369748268788,451.052722923735,17
3.3499999999999996,3.3499999999999996,3.3499999999999996,1342.0811585853976,534.0876652723357,611.8340697034836,17
3.3499999999999996,3.3499999999999996,3.3499999999999996,1255.80617029704,499.75411787726216,572.502635191934,17
3.3499999999999996,3.3499999999999996,3.3499999999999996,1107.0500453376094,440.55590101362304,504.6870155887346,17
3.3499999999999996,3.3499999999999996,3.3499999999999996,1162.034082357152,462.6772473552053,529.8779976554208,18
3.3499999999999996,3.3499999999999996,3.3499999999999996,1216.44920362442,484.3432543206542,554.690846036588,18
3.3499999999999996,3.3499999999999996,3.3499999999999996,1570.2080232301284,625.1964008572714,716.0019623210461,18
3.3499999999999996,3.3499999999999996,3.3499999999999996,1572.4601838980932,626.0931245543442,717.0289290884224,18
3.3499999999999996,3.3499999999999996,3.3499999999999996,1770.0008632316694,704.7462201411269,807.1058564436355,18
3.3499999999999996,3.3499999999999996,3.3499999999999996,1496.2481445588232,595.7484237299992,682.2768650866398,18
3.3499999999999996,3.3499999999999996,3.3499999999999996,931.3001518870308,370.8078767040338,424.66522040135743,18
3.3499999999999996,3.3499999999999996,3.3499999999999996,1231.8984462809779,490.4945481377506,561.7355738018392,18
3.3499999999999996,3.3499999999999996,3.3499999999999996,737.5128031450815,293.6492129010637,336.2997809694554,18
3.3499999999999996,3.3499999999999996,3.3499999999999996,970.6144260701336,386.46130756030294,442.5922065368777,18
3.3499999999999996,3.3499999999999996,3.3499999999999996,862.7871339794693,343.5286298947086,393.4238469396188,18
3.3499999999999996,3.3499999999999996,3.3499999999999996,775.6294753604734,308.82580474696255,353.6806704437215,18
3.3499999999999996,3.3499999999999996,3.3499999999999996,897.5473067153615,357.36879283245196,409.2742002184911,18
3.3499999999999996,3.3499999999999996,3.3499999999999996,1033.9293321659559,411.67086631054667,471.4632837050635,18
3.3499999999999996,3.3499999999999996,3.3499999999999996,1314.1723674917107,523.2528570142721,599.251806150181,18
3.3499999999999996,3.3499999999999996,3.3499999999999996,1231.225689427835,490.2266822518205,561.4288022022239,18
3.3499999999999996,3.3499999999999996,3.3499999999999996,1176.8459967777567,468.5747815981637,536.6321089795163,18
3.3499999999999996,3.3499999999999996,3.3499999999999996,809.6647381717289,322.37733645296873,369.2004707507155,18
3.3499999999999996,3.3499999999999996,3.3499999999999996,1212.1843684025475,482.6451610798115,552.7461162029226,18
3.3499999999999996,3.3499999999999996,3.3499999999999996,1209.6026067258122,481.6172029466939,551.5688540825921,18
3.3499999999999996,3.3499999999999996,3.3499999999999996,1200.4288608080494,477.9645704003601,547.3857012889637,18
3.3499999999999996,3.3499999999999996,3.3499999999999996,1410.3493894971423,561.546845526235,643.1077382733802,18
3.3499999999999996,3.3499999999999996,3.3499999999999996,1400.26358089989,557.5310647242964,638.5086923887645,18
3.3499999999999996,3.3499999999999996,3.3499999999999996,1046.9586201646619,416.8586273218341,477.4045320216582,18
3.3499999999999996,3.3499999999999996,3.3499999999999996,964.5095524472213,384.0305818473608,439.8084343047533,18
3.3499999999999996,3.3499999999999996,3.3499999999999996,888.6844352251686,353.83993851827614,405.23280361059244,18
3.3499999999999996,3.3499999999999996,3.3499999999999996,1341.366107763137,534.0803577606821,611.6519283691058,18
3.3499999999999996,3.3499999999999996,3.3499999999999996,981.0111526040317,390.60088391803856,447.3330284470046,18
3.3499999999999996,3.3499999999999996,3.3499999999999996,1119.4784185169167,445.73321989171285,510.4729644580979,18
3.3499999999999996,3.3499999999999996,3.3499999999999996,957.5236960353025,381.2490826950047,436.6229411564394,18
3.3499999999999996,3.3499999999999996,3.3499999999999996,899.038434605118,357.96250256778745,409.954142289441,18
3.3499999999999996,3.3499999999999996,3.3499999999999996,822.7395460769552,327.5832217390673,375.16247577082413,18
3.3499999999999996,3.3499999999999996,3.3499999999999996,1190.2758391936104,473.9220279618651,542.7560068205379,18
3.3499999999999996,3.3499999999999996,3.3499999999999996,1108.3054432413885,441.2845711612358,505.3781794971946,18
3.3499999999999996,3.3499999999999996,3.3499999999999996,863.9653729618122,343.9977593095458,393.96111423857525,18
3.3499999999999996,3.3499999999999996,3.3499999999999996,1040.6887004181986,414.36218659477095,474.54550011273454,18
3.3499999999999996,3.3499999999999996,3.3499999999999996,1291.3742365896148,514.1755187410015,588.8560457021015,18
3.3499999999999996,3.3499999999999996,3.3499999999999996,733.2288221444247,291.9434965479898,334.3463208179104,18
3.3499999999999996,3.3499999999999996,3.3499999999999996,955.3136606714621,380.36913167272047,435.61518318176456,18
3.3499999999999996,3.3499999999999996,3.3499999999999996,1216.5633259065232,484.38869342106193,554.7428848599297,18
3.3499999999999996,3.3499999999999996,3.3499999999999996,1095.5760867837764,436.21623134588003,499.5736974999717,18
3.3499999999999996,3.3499999999999996,3.3499999999999996,858.7692922535233,341.92887995768547,391.5917441115139,18
3.3499999999999996,3.3499999999999996,3.3499999999999996,1002.718761073867,399.24401813069,457.23151962254036,18
3.3499999999999996,3.3499999999999996,3.3499999999999996,917.8268763379855,365.44333693834506,418.5215174083211,18
3.3499999999999996,3.3499999999999996,3.3499999999999996,1254.0204527048184,499.30267966638394,571.8230270409106,18
3.3499999999999996,3.3499999999999996,3.3499999999999996,1510.1756091265024,601.293804082131,688.6276745418744,18
3.3499999999999996,3.3499999999999996,3.3499999999999996,1261.5168345147677,502.2874503831907,575.2413155777313,18
3.3499999999999996,3.3499999999999996,3.3499999999999996,1010.7193058070648,402.4295271193671,460.8797023116232,18
3.3499999999999996,3.3499999999999996,3.3499999999999996,955.1264846724637,380.29460539392863,435.5298324635161,18
3.3499999999999996,3.3499999999999996,3.3499999999999996,1035.6689466397315,412.36351383991445,472.25653361748164,18
3.3499999999999996,3.3499999999999996,3.3499999999999996,985.1391619677764,392.2444983683134,449.215366813128,18
3.3499999999999996,3.3499999999999996,3.3499999999999996,643.176662811282,256.0881926190943,293.2832757691792,18
3.3499999999999996,3.3499999999999996,3.3499999999999996,767.3541726467085,305.5308977052784,349.9072003721144,18
3.3499999999999996,3.3499999999999996,3.3499999999999996,919.3404168730577,366.0459705264299,419.2116794614579,18
3.3499999999999996,3.3499999999999996,3.3499999999999996,1112.417190779817,442.9217107785532,507.2531026045338,18
3.3499999999999996,3.3499999999999996,3.3499999999999996,1175.8500262051725,468.17822444896615,536.1779545784216,18
3.3499999999999996,3.3499999999999996,3.3499999999999996,989.4011970565127,393.9414767039124,451.1588198090812,18
3.3499999999999996,3.3499999999999996,3.3499999999999996,1342.0811585853976,534.3650634773091,611.9779856712745,18
3.3499999999999996,3.3499999999999996,3.3499999999999996,1255.80617029704,500.01368368310517,572.6372995966905,18
3.3499999999999996,3.3499999999999996,3.3499999999999996,1107.0500453376094,440.78472003356694,504.80572836377684,18
3.3499999999999996,3.3499999999999996,3.3499999999999996,1162.034082357152,462.70129503163366,529.8904875782091,19
3.3499999999999996,3.3499999999999996,3.3499999999999996,1216.44920362442,484.3684280890354,554.7039208309163,19
3.3499999999999996,3.3499999999999996,3.3499999999999996,1570.2080232301284,625.2288954760105,716.0188394309944,19
3.3499999999999996,3.3499999999999996,3.3499999999999996,1572.4601838980932,626.1256657803486,717.0458304053309,19
3.3499999999999996,3.3499999999999996,3.3499999999999996,1770.0008632316694,704.7828493662789,807.1248809924441,19
3.3499999999999996,3.3499999999999996,3.3499999999999996,1496.2481445588232,595.7793877884407,682.2929472515963,19
3.3499999999999996,3.3499999999999996,3.3499999999999996,931.3001518870308,370.8271494646613,424.67523032031454,19
3.3499999999999996,3.3499999999999996,3.3499999999999996,1231.8984462809779,490.52004161998025,561.7488146496858,19
3.3499999999999996,3.3499999999999996,3.3499999999999996,737.5128031450815,293.66447533572136,336.3077079985387,19
3.3499999999999996,3.3499999999999996,3.3499999999999996,970.6144260701336,386.48139390889577,442.60263901852596,19
3.3499999999999996,3.3499999999999996,3.3499999999999996,862.7871339794693,343.5464848149211,393.4331204582269,19
3.3499999999999996,3.3499999999999996,3.3499999999999996,775.6294753604734,308.84185598585054,353.68900716327784,19
3.3499999999999996,3.3499999999999996,3.3499999999999996,897.5473067153615,357.38736709592564,409.283847350817,19
3.3499999999999996,3.3499999999999996,3.3499999999999996,1033.9293321659559,411.6922629273993,471.4743967160528,19
3.3499999999999996,3.3499999999999996,3.3499999999999996,1314.1723674917107,523.2800531114816,599.2659313050705,19
3.3499999999999996,3.3499999999999996,3.3499999999999996,1231.225689427835,490.25216181170543,561.4420358190595,19
3.3499999999999996,3.3499999999999996,3.3499999999999996,1176.8459967777567,468.5991357992721,536.6447581056105,19
3.3499999999999996,3.3499999999999996,3.3499999999999996,809.6647381717289,322.39409203349317,369.20917329242025,19
3.3499999999999996,3.3499999999999996,3.3499999999999996,1212.1843684025475,482.67024658969933,552.7591451574053,19
3.3499999999999996,3.3499999999999996,3.3499999999999996,1209.6026067258122,481.64223502839894,551.5818552874551,19
3.3499999999999996,3.3499999999999996,3.3499999999999996,1200.4288608080494,477.98941263627944,547.3986038914018,19
3.3499999999999996,3.3499999999999996,3.3499999999999996,1410.3493894971423,561.5760319556906,643.1228971703927,19
3.3499999999999996,3.3499999999999996,3.3499999999999996,1400.26358089989,557.5600424333148,638.5237428802039,19
3.3499999999999996,3.3499999999999996,3.3499999999999996,1046.9586201646619,416.8802935728623,477.41578507570097,19
3.3499999999999996,3.3499999999999996,3.3499999999999996,964.5095524472213,384.0505418588455,439.8188011692208,19
3.3499999999999996,3.3499999999999996,3.3499999999999996,888.6844352251686,353.8583293693447,405.24235548187363,19
3.3499999999999996,3.3499999999999996,3.3499999999999996,1341.366107763137,534.108116617863,611.6663458112197,19
3.3499999999999996,3.3499999999999996,3.3499999999999996,981.0111526040317,390.6211854213497,447.3435726760737,19
3.3499999999999996,3.3499999999999996,3.3499999999999996,1119.4784185169167,445.75638690134355,510.48499697867777,19
3.3499999999999996,3.3499999999999996,3.3499999999999996,957.5236960353025,381.2688981379117,436.633232934635,19
3.3499999999999996,3.3499999999999996,3.3499999999999996,899.038434605118,357.9811076893587,409.96380544889774,19
3.3499999999999996,3.3499999999999996,3.3499999999999996,822.7395460769552,327.60024789577767,375.1713188448452,19
3.3499999999999996,3.3499999999999996,3.3499999999999996,1190.2758391936104,473.9466600864095,542.7688002949754,19
3.3499999999999996,3.3499999999999996,3.3499999999999996,1108.3054432413885,441.3075069520941,505.39009192697785,19
3.3499999999999996,3.3499999999999996,3.3499999999999996,863.9653729618122,344.01563861278635,393.97040042128174,19
3.3499999999999996,3.3499999999999996,3.3499999999999996,1040.6887004181986,414.38372309314957,474.556685775627,19
3.3499999999999996,3.3499999999999996,3.3499999999999996,1291.3742365896148,514.2022430430345,588.8699258152158,19
3.3499999999999996,3.3499999999999996,3.3499999999999996,733.2288221444247,291.95867032794223,334.35420180136333,19
3.3499999999999996,3.3499999999999996,3.3499999999999996,955.3136606714621,380.38890138012266,435.62545120577664,19
3.3499999999999996,3.3499999999999996,3.3499999999999996,1216.5633259065232,484.4138695511431,554.7559608808815,19
3.3499999999999996,3.3499999999999996,3.3499999999999996,1095.5760867837764,436.23890370948607,499.5854731104638,19
3.3499999999999996,3.3499999999999996,3.3499999999999996,858.7692922535233,341.94665173080324,391.60097444504373,19
3.3499999999999996,3.3499999999999996,3.3499999999999996,1002.718761073867,399.2647688613966,457.2422971720927,19
3.3499999999999996,3.3499999999999996,3.3499999999999996,917.8268763379855,365.4623308767112,418.53138251210123,19
3.3499999999999996,3.3499999999999996,3.3499999999999996,1254.0204527048184,499.32863095175423,571.8365056633254,19
3.3499999999999996,3.3499999999999996,3.3499999999999996,1510.1756091265024,601.3250563620339,688.6439064037803,19
3.3499999999999996,3.3499999999999996,3.3499999999999996,1261.5168345147677,502.31355680218985,575.2548747737121,19
3.3499999999999996,3.3499999999999996,3.3499999999999996,1010.7193058070648,402.450443417086,460.8905658536499,19
3.3499999999999996,3.3499999999999996,3.3499999999999996,955.1264846724637,380.31437122782313,435.5400984756991,19
3.3499999999999996,3.3499999999999996,3.3499999999999996,1035.6689466397315,412.38494645716196,472.267665326417,19
3.3499999999999996,3.3499999999999996,3.3499999999999996,985.1391619677764,392.2648852985796,449.22595541139333,19
3.3499999999999996,3.3499999999999996,3.3499999999999996,643.176662811282,256.1015028175716,293.29018884253895,19
3.3499999999999996,3.3499999999999996,3.3499999999999996,767.3541726467085,305.5467776911841,349.9154481460077,19
3.3499999999999996,3.3499999999999996,3.3499999999999996,919.3404168730577,366.0649957867112,419.2215608332672,19
3.3499999999999996,3.3499999999999996,3.3499999999999996,1112.417190779817,442.9447316598365,507.2650592287258,19
3.3499999999999996,3.3499999999999996,3.3499999999999996,1175.8500262051725,468.2025580389939,536.1905929994979,19
3.3499999999999996,3.3499999999999996,3.3499999999999996,989.4011970565127,393.9619518347248,451.16945421709505,19
3.3499999999999996,3.3499999999999996,3.3499999999999996,1342.0811585853976,534.392837132086,611.9924107989885,19
3.3499999999999996,3.3499999999999996,3.3499999999999996,1255.80617029704,500.03967192295,572.6507974125827,19
3.3499999999999996,3.3499999999999996,3.3499999999999996,1107.0500453376094,440.807629844634,504.81762730013253,19
3.3499999999999996,3.3499999999999996,3.3499999999999996,1162.034082357152,462.7037000925367,529.8917368613693,20
3.3499999999999996,3.3499999999999996,3.3499999999999996,1216.44920362442,484.37094577286626,554.7052286148515,20
3.3499999999999996,3.3499999999999996,3.3499999999999996,1570.2080232301284,625.2321453341547,716.0205275350451,20
3.3499999999999996,3.3499999999999996,3.3499999999999996,1572.4601838980932,626.1289202997876,717.0475209306413,20
3.3499999999999996,3.3499999999999996,3.3499999999999996,1770.0008632316694,704.7865127354855,807.126783890393,20
3.3499999999999996,3.3499999999999996,3.3499999999999996,1496.2481445588232,595.7824845718897,682.294555842634,20
3.3499999999999996,3.3499999999999996,3.3499999999999996,931.3001518870308,370.8290769757543,424.676231545334,20
3.3499999999999996,3.3499999999999996,3.3499999999999996,1231.8984462809779,490.52259127909485,561.7501390428404,20
3.3499999999999996,3.3499999999999996,3.3499999999999996,737.5128031450815,293.66600176531165,336.3085008860619,20
3.3499999999999996,3.3499999999999996,3.3499999999999996,970.6144260701336,386.483402788707,442.6036825096558,20
3.3499999999999996,3.3499999999999996,3.3499999999999996,862.7871339794693,343.54827052468204,393.43404802606136,20
3.3499999999999996,3.3499999999999996,3.3499999999999996,775.6294753604734,308.84346130548334,353.6898410293897,20
3.3499999999999996,3.3499999999999996,3.3499999999999996,897.5473067153615,357.38922474878507,409.2848122887242,20
3.3499999999999996,3.3499999999999996,3.3499999999999996,1033.9293321659559,411.69440285001514,471.4755082759659,20
3.3499999999999996,3.3499999999999996,3.3499999999999996,1314.1723674917107,523.2827730528575,599.2673441495242,20
3.3499999999999996,3.3499999999999996,3.3499999999999996,1231.225689427835,490.2547100784159,561.4433594889445,20
3.3499999999999996,3.3499999999999996,3.3499999999999996,1176.8459967777567,468.60157151638117,536.6460233128089,20
3.3499999999999996,3.3499999999999996,3.3499999999999996,809.6647381717289,322.395767795879,369.2100437492668,20
3.3499999999999996,3.3499999999999996,3.3499999999999996,1212.1843684025475,482.6727554466045,552.7604483562885,20
3.3499999999999996,3.3499999999999996,3.3499999999999996,1209.6026067258122,481.64473854183416,551.58315571073,20
3.3499999999999996,3.3499999999999996,3.3499999999999996,1200.4288608080494,477.9918971628209,547.3998944521379,20
3.3499999999999996,3.3499999999999996,3.3499999999999996,1410.3493894971423,561.5789509545631,643.1244134131337,20
3.3499999999999996,3.3499999999999996,3.3499999999999996,1400.26358089989,557.5629405575983,638.5252482798629,20
3.3499999999999996,3.3499999999999996,3.3499999999999996,1046.9586201646619,416.8824604621839,477.4169106431808,20
3.3499999999999996,3.3499999999999996,3.3499999999999996,964.5095524472213,384.05253810340525,439.81983809710437,20
3.3499999999999996,3.3499999999999996,3.3499999999999996,888.6844352251686,353.860168678727,405.24331089145795,20
3.3499999999999996,3.3499999999999996,3.3499999999999996,1341.366107763137,534.1108928420988,611.6677878912028,20
3.3499999999999996,3.3499999999999996,3.3499999999999996,981.0111526040317,390.6232158192565,447.34462734454803,20
3.3499999999999996,3.3499999999999996,3.3499999999999996,1119.4784185169167,445.75870388482707,510.48620051096447,20
3.3499999999999996,3.3499999999999996,3.3499999999999996,957.5236960353025,381.2708799238506,436.6342623521427,20
3.3499999999999996,3.3499999999999996,3.3499999999999996,899.038434605118,357.9829684284042,409.96477198989135,20
3.3499999999999996,3.3499999999999996,3.3499999999999996,822.7395460769552,327.60195071908174,375.1722033581961,20
3.3499999999999996,3.3499999999999996,3.3499999999999996,1190.2758391936104,473.9491235992514,542.77007994037,20
3.3499999999999996,3.3499999999999996,3.3499999999999996,1108.3054432413885,441.30980081088063,505.39128344738816,20
3.3499999999999996,3.3499999999999996,3.3499999999999996,863.9653729618122,344.0174267611475,393.9713292558209,20
3.3499999999999996,3.3499999999999996,3.3499999999999996,1040.6887004181986,414.3858770056237,474.5578046024222,20
3.3499999999999996,3.3499999999999996,3.3499999999999996,1291.3742365896148,514.2049157991391,588.871314149785,20
3.3499999999999996,3.3499999999999996,3.3499999999999996,733.2288221444247,291.9601878909809,334.35499008325087,20
3.3499999999999996,3.3499999999999996,3.3499999999999996,955.3136606714621,380.3908785919535,435.6264782473126,20
3.3499999999999996,3.3499999999999996,3.3499999999999996,1216.5633259065232,484.41638747117275,554.7572687875078,20
3.3499999999999996,3.3499999999999996,3.3499999999999996,1095.5760867837764,436.24117122233486,499.5866509457586,20
3.3499999999999996,3.3499999999999996,3.3499999999999996,858.7692922535233,341.94842912484086,391.6018976933646,20
3.3499999999999996,3.3499999999999996,3.3499999999999996,1002.718761073867,399.26684418752114,457.2433751780494,20
3.3499999999999996,3.3499999999999996,3.3499999999999996,917.8268763379855,365.46423050217777,418.5323692522303,20
3.3499999999999996,3.3499999999999996,3.3499999999999996,1254.0204527048184,499.3312263967659,571.8378538394742,20
3.3499999999999996,3.3499999999999996,3.3499999999999996,1510.1756091265024,601.328181971144,688.6455299679993,20
3.3499999999999996,3.3499999999999996,3.3499999999999996,1261.5168345147677,502.3161677624561,575.2562310090941,20
3.3499999999999996,3.3499999999999996,3.3499999999999996,1010.7193058070648,402.45253530193105,460.8916524608566,20
3.3499999999999996,3.3499999999999996,3.3499999999999996,955.1264846724637,380.3163480522557,435.54112531600543,20
3.3499999999999996,3.3499999999999996,3.3499999999999996,1035.6689466397315,412.38708998025623,472.2687787565598,20
3.3499999999999996,3.3499999999999996,3.3499999999999996,985.1391619677764,392.2669242402237,449.22701451782063,20
3.3499999999999996,3.3499999999999996,3.3499999999999996,643.176662811282,256.1028339997365,293.2908803108754,20
3.3499999999999996,3.3499999999999996,3.3499999999999996,767.3541726467085,305.5483658834302,349.9162731154817,20
3.3499999999999996,3.3499999999999996,3.3499999999999996,919.3404168730577,366.0668985447513,419.2225492005781,20
3.3499999999999996,3.3499999999999996,3.3499999999999996,1112.417190779817,442.94703402870334,507.26625516960627,20
3.3499999999999996,3.3499999999999996,3.3499999999999996,1175.8500262051725,468.2049916947435,536.1918571359453,20
3.3499999999999996,3.3499999999999996,3.3499999999999996,989.4011970565127,393.9639995974991,451.1705179055641,20
3.3499999999999996,3.3499999999999996,3.3499999999999996,1342.0811585853976,534.395614836262,611.9938536477109,20
3.3499999999999996,3.3499999999999996,3.3499999999999996,1255.80617029704,500.0422710638597,572.6521475085264,20
3.3499999999999996,3.3499999999999996,3.3499999999999996,1107.0500453376094,440.80992110512466,504.8188174708857,20
3.3499999999999996,3.3499999999999996,3.3499999999999996,1162.034082357152,462.7039406015596,529.8918617925947,21
3.3499999999999996,3.3499999999999996,3.3499999999999996,1216.44920362442,484.3711975443195,554.7053593962906,21
3.3499999999999996,3.3499999999999996,3.3499999999999996,1570.2080232301284,625.2324703239321,716.0206963493814,21
3.3499999999999996,3.3499999999999996,3.3499999999999996,1572.4601838980932,626.1292457557003,717.0476899871093,21
3.3499999999999996,3.3499999999999996,3.3499999999999996,1770.0008632316694,704.7868790768736,807.1269741846194,21
3.3499999999999996,3.3499999999999996,3.3499999999999996,1496.2481445588232,595.782794254011,682.294716705484,21
3.3499999999999996,3.3499999999999996,3.3499999999999996,931.3001518870308,370.8292697292141,424.67633167016777,21
3.3499999999999996,3.3499999999999996,3.3499999999999996,1231.8984462809779,490.52284624811534,561.75027148524,21
3.3499999999999996,3.3499999999999996,3.3499999999999996,737.5128031450815,293.6661544101321,336.30858017666066,21
3.3499999999999996,3.3499999999999996,3.3499999999999996,970.6144260701336,386.4836036791378,442.60378686119884,21
3.3499999999999996,3.3499999999999996,3.3499999999999996,862.7871339794693,343.54844909783566,393.4341407850049,21
3.3499999999999996,3.3499999999999996,3.3499999999999996,775.6294753604734,308.8436218394042,353.68992441794285,21
3.3499999999999996,3.3499999999999996,3.3499999999999996,897.5473067153615,357.3894105163364,409.2849087847622,21
3.3499999999999996,3.3499999999999996,3.3499999999999996,1033.9293321659559,411.69461684488624,471.4756194345458,21
3.3499999999999996,3.3499999999999996,3.3499999999999996,1314.1723674917107,523.2830450503119,599.2674854372599,21
3.3499999999999996,3.3499999999999996,3.3499999999999996,1231.225689427835,490.25496490819415,561.4434918590157,21
3.3499999999999996,3.3499999999999996,3.3499999999999996,1176.8459967777567,468.60181509106224,536.6461498364752,21
3.3499999999999996,3.3499999999999996,3.3499999999999996,809.6647381717289,322.39593537416107,369.2101307969785,21
3.3499999999999996,3.3499999999999996,3.3499999999999996,1212.1843684025475,482.6730063353544,552.7605786792119,21
3.3499999999999996,3.3499999999999996,3.3499999999999996,1209.6026067258122,481.6449888962305,551.5832857560861,21
3.3499999999999996,3.3499999999999996,3.3499999999999996,1200.4288608080494,477.9921456185048,547.4000235112171,21
3.3499999999999996,3.3499999999999996,3.3499999999999996,1410.3493894971423,561.5792428580099,643.1245650409388,21
3.3499999999999996,3.3499999999999996,3.3499999999999996,1400.26358089989,557.5632303735606,638.5253988233346,21
3.3499999999999996,3.3499999999999996,3.3499999999999996,1046.9586201646619,416.88267715375844,477.41702320255,21
3.3499999999999996,3.3499999999999996,3.3499999999999996,964.5095524472213,384.05273773029546,439.8199417923076,21
3.3499999999999996,3.3499999999999996,3.3499999999999996,888.6844352251686,353.8603526119082,405.24340643464143,21
3.3499999999999996,3.3499999999999996,3.3499999999999996,1341.366107763137,534.1111704679079,611.6679321025596,21
3.3499999999999996,3.3499999999999996,3.3499999999999996,981.0111526040317,390.623418861523,447.34473281385164,21
3.3499999999999996,3.3499999999999996,3.3499999999999996,1119.4784185169167,445.75893558600086,510.48632086699604,21
3.3499999999999996,3.3499999999999996,3.3499999999999996,957.5236960353025,381.2710781048612,436.63436529629075,21
3.3499999999999996,3.3499999999999996,3.3499999999999996,899.038434605118,357.98315450457784,409.9648686462417,21
3.3499999999999996,3.3499999999999996,3.3499999999999996,822.7395460769552,327.60212100348866,375.17229181159104,21
3.3499999999999996,3.3499999999999996,3.3499999999999996,1190.2758391936104,473.9493699535396,542.7702079078896,21
3.3499999999999996,3.3499999999999996,3.3499999999999996,1108.3054432413885,441.3100301995564,505.3914026022041,21
3.3499999999999996,3.3499999999999996,3.3499999999999996,863.9653729618122,344.0176055781642,393.9714221414379,21
3.3499999999999996,3.3499999999999996,3.3499999999999996,1040.6887004181986,414.3860923994979,474.5579164877073,21
3.3499999999999996,3.3499999999999996,3.3499999999999996,1291.3742365896148,514.2051830780091,588.8714529864751,21
3.3499999999999996,3.3499999999999996,3.3499999999999996,733.2288221444247,291.9603396491354,334.35506891327543,21
3.3499999999999996,3.3499999999999996,3.3499999999999996,955.3136606714621,380.39107631554754,435.6265809538581,21
3.3499999999999996,3.3499999999999996,3.3499999999999996,1216.5633259065232,484.4166392662461,554.7573995812162,21
3.3499999999999996,3.3499999999999996,3.3499999999999996,1095.5760867837764,436.24139797638486,499.5867687320309,21
3.3499999999999996,3.3499999999999996,3.3499999999999996,858.7692922535233,341.94860686641204,391.6019900203467,21
3.3499999999999996,3.3499999999999996,3.3499999999999996,1002.718761073867,399.26705172266446,457.2434829811555,21
3.3499999999999996,3.3499999999999996,3.3499999999999996,917.8268763379855,365.4644204670409,418.5324679285411,21
3.3499999999999996,3.3499999999999996,3.3499999999999996,1254.0204527048184,499.33148594443185,571.8379886602288,21
3.3499999999999996,3.3499999999999996,3.3499999999999996,1510.1756091265024,601.3284945358665,688.6456923282021,21
3.3499999999999996,3.3499999999999996,3.3499999999999996,1261.5168345147677,502.3164288616666,575.2563666357908,21
3.3499999999999996,3.3499999999999996,3.3499999999999996,1010.7193058070648,402.45274449296636,460.89176112410775,21
3.3499999999999996,3.3499999999999996,3.3499999999999996,955.1264846724637,380.3165457371097,435.5412280024273,21
3.3499999999999996,3.3499999999999996,3.3499999999999996,1035.6689466397315,412.38730433517975,472.26889010216723,21
3.3499999999999996,3.3499999999999996,3.3499999999999996,985.1391619677764,392.2671281368746,449.2271204309299,21
3.3499999999999996,3.3499999999999996,3.3499999999999996,643.176662811282,256.1029671195763,293.2909494593193,21
3.3499999999999996,3.3499999999999996,3.3499999999999996,767.3541726467085,305.5485247045915,349.9163556143504,21
3.3499999999999996,3.3499999999999996,3.3499999999999996,919.3404168730577,366.06708882287563,419.22264803961093,21
3.3499999999999996,3.3499999999999996,3.3499999999999996,1112.417190779817,442.94726426839765,507.2663747664793,21
3.3499999999999996,3.3499999999999996,3.3499999999999996,1175.8500262051725,468.2052350632862,536.191983552534,21
3.3499999999999996,3.3499999999999996,3.3499999999999996,989.4011970565127,393.9642043762737,451.1706242768883,21
3.3499999999999996,3.3499999999999996,3.3499999999999996,1342.0811585853976,534.3958926100668,611.9939979359433,21
3.3499999999999996,3.3499999999999996,3.3499999999999996,1255.80617029704,500.04253098112,572.6522825212649,21
3.3499999999999996,3.3499999999999996,3.3499999999999996,1107.0500453376094,440.8101502339678,504.81893649073265,21
3.3499999999999996,3.3499999999999996,3.3499999999999996,1162.034082357152,462.70396465249155,529.8918742857462,22
3.3499999999999996,3.3499999999999996,3.3499999999999996,1216.44920362442,484.37122272149566,554.7053724744651,22
3.3499999999999996,3.3499999999999996,3.3499999999999996,1570.2080232301284,625.2325028229495,716.0207132308542,22
3.3499999999999996,3.3499999999999996,3.3499999999999996,1572.4601838980932,626.1292783013314,717.0477068927954,22
3.3499999999999996,3.3499999999999996,3.3499999999999996,1770.0008632316694,704.7869157110568,807.1269932140863,22
3.3499999999999996,3.3499999999999996,3.3499999999999996,1496.2481445588232,595.7828252222608,682.2947327918064,22
3.3499999999999996,3.3499999999999996,3.3499999999999996,931.3001518870308,370.8292890045836,424.6763416826744,22
3.3499999999999996,3.3499999999999996,3.3499999999999996,1231.8984462809779,490.52287174504863,561.7502847295108,22
3.3499999999999996,3.3499999999999996,3.3499999999999996,737.5128031450815,293.6661696746328,336.3085881057391,22
3.3499999999999996,3.3499999999999996,3.3499999999999996,970.6144260701336,386.4836237682054,442.60379729637754,22
3.3499999999999996,3.3499999999999996,3.3499999999999996,862.7871339794693,343.5484669551729,393.4341500609209,22
3.3499999999999996,3.3499999999999996,3.3499999999999996,775.6294753604734,308.8436378928159,353.6899327568176,22
3.3499999999999996,3.3499999999999996,3.3499999999999996,897.5473067153615,357.38942909311425,409.2849184343884,22
3.3499999999999996,3.3499999999999996,3.3499999999999996,1033.9293321659559,411.69463824439936,471.4756305504297,22
3.3499999999999996,3.3499999999999996,3.3499999999999996,1314.1723674917107,523.2830722500905,599.2674995660664,22
3.3499999999999996,3.3499999999999996,3.3499999999999996,1231.225689427835,490.2549903912032,561.4435050960535,22
3.3499999999999996,3.3499999999999996,3.3499999999999996,1176.8459967777567,468.60183944856016,536.6461624888715,22
3.3499999999999996,3.3499999999999996,3.3499999999999996,809.6647381717289,322.3959521320098,369.21013950176996,22
3.3499999999999996,3.3499999999999996,3.3499999999999996,1212.1843684025475,482.6730314242602,552.7605917115345,22
3.3499999999999996,3.3499999999999996,3.3499999999999996,1209.6026067258122,481.645013931701,551.5832987606518,22
3.3499999999999996,3.3499999999999996,3.3499999999999996,1200.4288608080494,477.9921704641037,547.400036417155,22
3.3499999999999996,3.3499999999999996,3.3499999999999996,1410.3493894971423,561.5792720483901,643.1245802037546,22
3.3499999999999996,3.3499999999999996,3.3499999999999996,1400.26358089989,557.5632593551924,638.5254138777167,22
3.3499999999999996,3.3499999999999996,3.3499999999999996,1046.9586201646619,416.8826988229424,477.4170344585133,22
3.3499999999999996,3.3499999999999996,3.3499999999999996,964.5095524472213,384.0527576930091,439.8199521618521,22
3.3499999999999996,3.3499999999999996,3.3499999999999996,888.6844352251686,353.86037100524874,405.243415988982,22
3.3499999999999996,3.3499999999999996,3.3499999999999996,1341.366107763137,534.1111982305226,611.6679465237289,22
3.3499999999999996,3.3499999999999996,3.3499999999999996,981.0111526040317,390.6234391657746,447.3447433608066,22
3.3499999999999996,3.3499999999999996,3.3499999999999996,1119.4784185169167,445.75895875614646,510.4863329026272,22
3.3499999999999996,3.3499999999999996,3.3499999999999996,957.5236960353025,381.27109792298654,436.6343755907296,22
3.3499999999999996,3.3499999999999996,3.3499999999999996,899.038434605118,357.98317311221797,409.9648783118991,22
3.3499999999999996,3.3499999999999996,3.3499999999999996,822.7395460769552,327.6021380319502,375.17230065695117,22
3.3499999999999996,3.3499999999999996,3.3499999999999996,1190.2758391936104,473.94939458899864,542.7702207046714,22
3.3499999999999996,3.3499999999999996,3.3499999999999996,1108.3054432413885,441.3100531384521,505.39141451771343,22
3.3499999999999996,3.3499999999999996,3.3499999999999996,863.9653729618122,344.0176234598878,393.97143143002125,22
3.3499999999999996,3.3499999999999996,3.3499999999999996,1040.6887004181986,414.3861139389114,474.5579276762619,22
3.3499999999999996,3.3499999999999996,3.3499999999999996,1291.3742365896148,514.2052098059286,588.8714668701764,22
3.3499999999999996,3.3499999999999996,3.3499999999999996,733.2288221444247,291.96035482496933,334.35507679629626,22
3.3499999999999996,3.3499999999999996,3.3499999999999996,955.3136606714621,380.39109608793115,435.6265912245366,22
3.3499999999999996,3.3499999999999996,3.3499999999999996,1216.5633259065232,484.41666444578414,554.7574126606177,22
3.3499999999999996,3.3499999999999996,3.3499999999999996,1095.5760867837764,436.24142065181746,499.5867805106857,22
3.3499999999999996,3.3499999999999996,3.3499999999999996,858.7692922535233,341.9486246405909,391.6019992530664,22
3.3499999999999996,3.3499999999999996,3.3499999999999996,1002.718761073867,399.26707247620425,457.2434937614912,22
3.3499999999999996,3.3499999999999996,3.3499999999999996,917.8268763379855,365.4644394635505,418.53247779619534,22
3.3499999999999996,3.3499999999999996,3.3499999999999996,1254.0204527048184,499.3315118992303,571.8380021423355,22
3.3499999999999996,3.3499999999999996,3.3499999999999996,1510.1756091265024,601.3285257923769,688.6457085642602,22
3.3499999999999996,3.3499999999999996,3.3499999999999996,1261.5168345147677,502.31645497161963,575.256380198492,22
3.3499999999999996,3.3499999999999996,3.3499999999999996,1010.7193058070648,402.45276541209546,460.8917719904581,22
3.3499999999999996,3.3499999999999996,3.3499999999999996,955.1264846724637,380.3165655056193,435.5412382710935,22
3.3499999999999996,3.3499999999999996,3.3499999999999996,1035.6689466397315,412.3873257706983,472.26890123675395,22
3.3499999999999996,3.3499999999999996,3.3499999999999996,985.1391619677764,392.26714852656454,449.22713102226544,22
3.3499999999999996,3.3499999999999996,3.3499999999999996,643.176662811282,256.1029804315766,293.2909563741798,22
3.3499999999999996,3.3499999999999996,3.3499999999999996,767.3541726467085,305.54854058672703,349.9163638642564,22
3.3499999999999996,3.3499999999999996,3.3499999999999996,919.3404168730577,366.06710785071135,419.22265792353716,22
3.3499999999999996,3.3499999999999996,3.3499999999999996,1112.417190779817,442.9472872923952,507.26638672619464,22
3.3499999999999996,3.3499999999999996,3.3499999999999996,1175.8500262051725,468.20525940017035,536.1919961942223,22
3.3499999999999996,3.3499999999999996,3.3499999999999996,989.4011970565127,393.96422485417617,451.1706349140454,22
3.3499999999999996,3.3499999999999996,3.3499999999999996,1342.0811585853976,534.3959203874813,611.9940123648001,22
3.3499999999999996,3.3499999999999996,3.3499999999999996,1255.80617029704,500.04255697287795,572.6522960225701,22
3.3499999999999996,3.3499999999999996,3.3499999999999996,1107.0500453376094,440.81017314688,504.8189483927451,22
3.3499999999999996,3.3499999999999996,3.3499999999999996,1162.034082357152,462.70396732481754,529.8918756738746,23
3.3499999999999996,3.3499999999999996,3.3499999999999996,1216.44920362442,484.37122551895993,554.7053739275959,23
3.3499999999999996,3.3499999999999996,3.3499999999999996,1570.2080232301284,625.2325064339517,716.020715106574,23
3.3499999999999996,3.3499999999999996,3.3499999999999996,1572.4601838980932,626.129281917513,717.0477087712054,23
3.3499999999999996,3.3499999999999996,3.3499999999999996,1770.0008632316694,704.7869197815221,807.1269953284722,23
3.3499999999999996,3.3499999999999996,3.3499999999999996,1496.2481445588232,595.782828663178,682.2947345791761,23
3.3499999999999996,3.3499999999999996,3.3499999999999996,931.3001518870308,370.8292911462916,424.67634279517546,23
3.3499999999999996,3.3499999999999996,3.3499999999999996,1231.8984462809779,490.52287457804164,561.7502862010969,23
3.3499999999999996,3.3499999999999996,3.3499999999999996,737.5128031450815,293.6661713706886,336.3085889867479,23
3.3499999999999996,3.3499999999999996,3.3499999999999996,970.6144260701336,386.4836260003242,442.603798455842,23
3.3499999999999996,3.3499999999999996,3.3499999999999996,862.7871339794693,343.54846893932165,393.43415109157837,23
3.3499999999999996,3.3499999999999996,3.3499999999999996,775.6294753604734,308.8436396765285,353.6899336833594,23
3.3499999999999996,3.3499999999999996,3.3499999999999996,897.5473067153615,357.3894311572008,409.2849195065694,23
3.3499999999999996,3.3499999999999996,3.3499999999999996,1033.9293321659559,411.6946406221234,471.4756317855281,23
3.3499999999999996,3.3499999999999996,3.3499999999999996,1314.1723674917107,523.2830752722887,599.2675011359341,23
3.3499999999999996,3.3499999999999996,3.3499999999999996,1231.225689427835,490.2549932226491,561.4435065668358,23
3.3499999999999996,3.3499999999999996,3.3499999999999996,1176.8459967777567,468.60184215494905,536.6461638946934,23
3.3499999999999996,3.3499999999999996,3.3499999999999996,809.6647381717289,322.3959539939931,369.2101404689693,23
3.3499999999999996,3.3499999999999996,3.3499999999999996,1212.1843684025475,482.6730342119165,552.7605931595706,23
3.3499999999999996,3.3499999999999996,3.3499999999999996,1209.6026067258122,481.64501671342003,551.5833002056041,23
3.3499999999999996,3.3499999999999996,3.3499999999999996,1200.4288608080494,477.9921732247259,547.4000378511485,23
3.3499999999999996,3.3499999999999996,3.3499999999999996,1410.3493894971423,561.5792752917661,643.1245818885124,23
3.3499999999999996,3.3499999999999996,3.3499999999999996,1400.26358089989,557.563262575374,638.5254155504263,23
3.3499999999999996,3.3499999999999996,3.3499999999999996,1046.9586201646619,416.88270123062966,477.41703570917616,23
3.3499999999999996,3.3499999999999996,3.3499999999999996,964.5095524472213,384.0527599110884,439.8199533140239,23
3.3499999999999996,3.3499999999999996,3.3499999999999996,888.6844352251686,353.8603730489535,405.24341705057566,23
3.3499999999999996,3.3499999999999996,3.3499999999999996,1341.366107763137,534.111201315258,611.6679481260813,23
3.3499999999999996,3.3499999999999996,3.3499999999999996,981.0111526040317,390.6234414218028,447.3447445326908,23
3.3499999999999996,3.3499999999999996,3.3499999999999996,1119.4784185169167,445.75896133060746,510.48633423991987,23
3.3499999999999996,3.3499999999999996,3.3499999999999996,957.5236960353025,381.27110012500066,436.63437673455644,23
3.3499999999999996,3.3499999999999996,3.3499999999999996,899.038434605118,357.98317517973373,409.9648793858613,23
3.3499999999999996,3.3499999999999996,3.3499999999999996,822.7395460769552,327.6021399240016,375.1723016397693,23
3.3499999999999996,3.3499999999999996,3.3499999999999996,1190.2758391936104,473.9493973262722,542.7702221265363,23
3.3499999999999996,3.3499999999999996,3.3499999999999996,1108.3054432413885,441.31005568721866,505.3914158416591,23
3.3499999999999996,3.3499999999999996,3.3499999999999996,863.9653729618122,344.0176254467461,393.97143246208645,23
3.3499999999999996,3.3499999999999996,3.3499999999999996,1040.6887004181986,414.38611633217994,474.5579289194349,23
3.3499999999999996,3.3499999999999996,3.3499999999999996,1291.3742365896148,514.2052127756979,588.8714684128105,23
3.3499999999999996,3.3499999999999996,3.3499999999999996,733.2288221444247,291.9603565111733,334.35507767218763,23
3.3499999999999996,3.3499999999999996,3.3499999999999996,955.3136606714621,380.391098284863,435.6265923657233,23
3.3499999999999996,3.3499999999999996,3.3499999999999996,1216.5633259065232,484.41666724351086,554.7574141138849,23
3.3499999999999996,3.3499999999999996,3.3499999999999996,1095.5760867837764,436.2414231713103,499.58678181942537,23
3.3499999999999996,3.3499999999999996,3.3499999999999996,858.7692922535233,341.9486266154998,391.6020002789245,23
3.3499999999999996,3.3499999999999996,3.3499999999999996,1002.718761073867,399.2670747821532,457.2434949593066,23
3.3499999999999996,3.3499999999999996,3.3499999999999996,917.8268763379855,365.4644415742739,418.5324788926016,23
3.3499999999999996,3.3499999999999996,3.3499999999999996,1254.0204527048184,499.33151478309713,571.838003640348,23
3.3499999999999996,3.3499999999999996,3.3499999999999996,1510.1756091265024,601.3285292653228,688.645710368267,23
3.3499999999999996,3.3499999999999996,3.3499999999999996,1261.5168345147677,502.3164578727257,575.2563817054593,23
3.3499999999999996,3.3499999999999996,3.3499999999999996,1010.7193058070648,402.45276773644343,460.89177319783073,23
3.3499999999999996,3.3499999999999996,3.3499999999999996,955.1264846724637,380.31656770212044,435.5412394120567,23
3.3499999999999996,3.3499999999999996,3.3499999999999996,1035.6689466397315,412.38732815242275,472.26890247393044,23
3.3499999999999996,3.3499999999999996,3.3499999999999996,985.1391619677764,392.2671507920859,449.2271321990809,23
3.3499999999999996,3.3499999999999996,3.3499999999999996,643.176662811282,256.1029819106878,293.29095714249786,23
3.3499999999999996,3.3499999999999996,3.3499999999999996,767.3541726467085,305.54854235140897,349.91636478091283,23
3.3499999999999996,3.3499999999999996,3.3499999999999996,919.3404168730577,366.0671099649155,419.22265902175144,23
3.3499999999999996,3.3499999999999996,3.3499999999999996,1112.417190779817,442.9472898506174,507.26638805505223,23
3.3499999999999996,3.3499999999999996,3.3499999999999996,1175.8500262051725,468.2052621042688,536.1919975988546,23
3.3499999999999996,3.3499999999999996,3.3499999999999996,989.4011970565127,393.96422712949885,451.170636095952,23
3.3499999999999996,3.3499999999999996,3.3499999999999996,1342.0811585853976,534.3959234738609,611.9940139680067,23
3.3499999999999996,3.3499999999999996,3.3499999999999996,1255.80617029704,500.0425598608513,572.6522975227156,23
3.3499999999999996,3.3499999999999996,3.3499999999999996,1107.0500453376094,440.81017569275946,504.8189497151913,23
