3.3499999999999996,3.3499999999999996,3.3499999999999996,1891.8594267648346,1485.7825180408763,707.4232211971872,1
3.3499999999999996,3.3499999999999996,3.3499999999999996,1925.152664271994,1511.9295507206305,719.8725654709707,1
3.3499999999999996,3.3499999999999996,3.3499999999999996,1838.3194198677759,1443.734570324449,687.4030000294836,1
3.3499999999999996,3.3499999999999996,3.3499999999999996,1566.3196840670848,1230.1180369568044,585.6941063650352,1
3.3499999999999996,3.3499999999999996,3.3499999999999996,1666.8502580914237,1309.0702927644152,623.2855159058142,1
3.3499999999999996,3.3499999999999996,3.3499999999999996,1442.4619119246274,1132.8456339604327,539.3799548484195,1
3.3499999999999996,3.3499999999999996,3.3499999999999996,1251.4205076432067,982.8101848738671,467.9438197493627,1
3.3499999999999996,3.3499999999999996,3.3499999999999996,1264.861003296535,993.365754274533,472.9696258928053,1
3.3499999999999996,3.3499999999999996,3.3499999999999996,1983.577373070531,1557.8137267468258,741.7193238035632,1
3.3499999999999996,3.3499999999999996,3.3499999999999996,2305.308063160596,1810.4867467874765,862.0241191396066,1
3.3499999999999996,3.3499999999999996,3.3499999999999996,1483.9578706989848,1165.4347202551348,554.8965436644396,1
3.3499999999999996,3.3499999999999996,3.3499999999999996,1401.3744411675875,1100.5773560441824,524.0161120054579,1
3.3499999999999996,3.3499999999999996,3.3499999999999996,1294.3946228683315,1016.5601497108167,484.0131357834001,1
3.3499999999999996,3.3499999999999996,3.3499999999999996,2285.05015469844,1794.5770836173049,854.4490770110681,1
3.3499999999999996,3.3499999999999996,3.3499999999999996,1798.1516180613949,1412.1885596284492,672.3830491069817,1
3.3499999999999996,3.3499999999999996,3.3499999999999996,1703.1909320775378,1337.6106469463978,636.8743884658097,1
3.3499999999999996,3.3499999999999996,3.3499999999999996,1959.332824555525,1538.7731332271533,732.6535568843549,1
3.3499999999999996,3.3499999999999996,3.3499999999999996,1773.9823501830322,1393.2070881832235,663.3454318852164,1
3.3499999999999996,3.3499999999999996,3.3499999999999996,1499.9675754570426,1178.0080325805623,560.8830544749857,1
3.3499999999999996,3.3499999999999996,3.3499999999999996,2104.2240475081003,1652.5642759700536,786.8327491722245,1
3.3499999999999996,3.3499999999999996,3.3499999999999996,2525.0077395153144,1983.029132193607,944.1764453346932,1
3.3499999999999996,3.3499999999999996,3.3499999999999996,1716.3169420171962,1347.9192332102962,641.7825989288136,1
3.3499999999999996,3.3499999999999996,3.3499999999999996,1948.0028579267926,1529.875079751931,728.4169411109193,1
3.3499999999999996,3.3499999999999996,3.3499999999999996,1864.9171927805182,1464.6232819557104,697.3487084285371,1
3.3499999999999996,3.3499999999999996,3.3499999999999996,1851.9198549489217,1454.4157490607952,692.4886123422547,1
3.3499999999999996,3.3499999999999996,3.3499999999999996,2222.896414017022,1745.7642912772235,831.2079213415412,1
3.3499999999999996,3.3499999999999996,3.3499999999999996,1952.3287900594798,1533.2724750583934,730.0345374294891,1
3.3499999999999996,3.3499999999999996,3.3499999999999996,2101.3913484615714,1650.3395997268506,785.7735176797427,1
3.3499999999999996,3.3499999999999996,3.3499999999999996,2269.3725513993363,1782.264589053995,848.586748938697,1
3.3499999999999996,3.3499999999999996,3.3499999999999996,2472.587401884361,1941.8605230781523,924.5749022292692,1
3.3499999999999996,3.3499999999999996,3.3499999999999996,1743.9126941323111,1369.5917134616127,652.1014818100947,1
3.3499999999999996,3.3499999999999996,3.3499999999999996,994.9050305794211,781.3543018223282,372.02495680207187,1
3.3499999999999996,3.3499999999999996,3.3499999999999996,1471.8727590395297,1155.943609352199,550.377556419558,1
3.3499999999999996,3.3499999999999996,3.3499999999999996,1773.4099460604955,1392.7575473629659,663.1313927433738,1
3.3499999999999996,3.3499999999999996,3.3499999999999996,1692.169861994297,1328.9551871230512,632.7532784144892,1
3.3499999999999996,3.3499999999999996,3.3499999999999996,1672.6450006099244,1313.6212266280684,625.4523446672175,1
3.3499999999999996,3.3499999999999996,3.3499999999999996,1526.061938178503,1198.5013881663222,570.6405226411435,1
3.3499999999999996,3.3499999999999996,3.3499999999999996,2260.1632678801407,1775.0320260723458,845.1431204534621,1
3.3499999999999996,3.3499999999999996,3.3499999999999996,2042.6099708206045,1604.175311804753,763.7933901243407,1
3.3499999999999996,3.3499999999999996,3.3499999999999996,2374.050132539686,1864.4737203926256,887.7288493452091,1
3.3499999999999996,3.3499999999999996,3.3499999999999996,2152.3448752928866,1690.3562406714454,804.8265760478298,1
3.3499999999999996,3.3499999999999996,3.3499999999999996,2564.127887835475,2013.7523622893316,958.804647064081,1
3.3499999999999996,3.3499999999999996,3.3499999999999996,2717.514361228253,2134.215298090354,1016.1604693627554,1
3.3499999999999996,3.3499999999999996,3.3499999999999996,3237.905991493937,2542.907812896136,1210.7505737639774,1
3.3499999999999996,3.3499999999999996,3.3499999999999996,2721.026944830261,2136.9739255206937,1017.4739301681948,1
3.3499999999999996,3.3499999999999996,3.3499999999999996,2513.0032770528505,1973.6013595943994,939.6876152536661,1
3.3499999999999996,3.3499999999999996,3.3499999999999996,2245.425890107195,1763.457942952306,839.6323710242798,1
3.3499999999999996,3.3499999999999996,3.3499999999999996,2793.282610454442,2193.720321841164,1044.4924998369859,1
3.3499999999999996,3.3499999999999996,3.3499999999999996,2774.720977161744,2179.142837984589,1037.5517460849717,1
3.3499999999999996,3.3499999999999996,3.3499999999999996,2295.8803744456063,1803.0826580480636,858.4988223734471,1
3.3499999999999996,3.3499999999999996,3.3499999999999996,2464.0287852285014,1935.1389650035994,921.3745776818829,1
3.3499999999999996,3.3499999999999996,3.3499999999999996,1925.6367239113297,1512.3097097005414,720.053569949668,1
3.3499999999999996,3.3499999999999996,3.3499999999999996,1944.6287815042522,1527.225229719618,727.1552723116255,1
3.3499999999999996,3.3499999999999996,3.3499999999999996,1981.3901639419964,1556.0959896673678,740.9014604331405,1
3.3499999999999996,3.3499999999999996,3.3499999999999996,1336.981234326455,1050.005786269174,499.9375524876036,1
3.3499999999999996,3.3499999999999996,3.3499999999999996,1270.7427010973233,997.9849789617257,475.16896985329043,1
3.3499999999999996,3.3499999999999996,3.3499999999999996,1021.6793327488297,802.3816517053361,382.03667480713494,1
3.3499999999999996,3.3499999999999996,3.3499999999999996,1907.9980509644336,1498.4570779800363,713.4579388698921,1
3.3499999999999996,3.3499999999999996,3.3499999999999996,1697.6800748394412,1333.2826639958964,634.8137129611825,1
3.3499999999999996,3.3499999999999996,3.3499999999999996,1418.379772271055,1113.93258916012,530.3749174941465,1
3.3499999999999996,3.3499999999999996,3.3499999999999996,1876.1282781222521,1497.8669010766923,719.1557834332472,2
3.3499999999999996,3.3499999999999996,3.3499999999999996,1909.144676420003,1524.226596615455,731.8115991686869,2
3.3499999999999996,3.3499999999999996,3.3499999999999996,1823.0334659341167,1455.4769628603733,698.8035283659038,2
3.3499999999999996,3.3499999999999996,3.3499999999999996,1553.29545646155,1240.1230123535079,595.4078001600907,2
3.3499999999999996,3.3499999999999996,3.3499999999999996,1652.9901008281524,1319.7174141610458,633.6226604708797,2
3.3499999999999996,3.3499999999999996,3.3499999999999996,1430.4675837907696,1142.05945926461,548.3255318375842,2
3.3499999999999996,3.3499999999999996,3.3499999999999996,1241.0147228678677,990.8037199850336,475.7046336775483,2
3.3499999999999996,3.3499999999999996,3.3499999999999996,1254.343458402045,1001.445141481985,480.813792447251,2
3.3499999999999996,3.3499999999999996,3.3499999999999996,1967.0835733418714,1570.4839645130385,754.0206843858274,2
3.3499999999999996,3.3499999999999996,3.3499999999999996,2286.1390153468597,1825.2120616056213,876.3207259285019,2
3.3499999999999996,3.3499999999999996,3.3499999999999996,1471.6184962650104,1174.9136038681768,564.09946214102,2
3.3499999999999996,3.3499999999999996,3.3499999999999996,1389.7217626831075,1109.5287322849797,532.7068807879663,2
3.3499999999999996,3.3499999999999996,3.3499999999999996,1283.6315006582836,1024.8281849574894,492.0404581393712,2
3.3499999999999996,3.3499999999999996,3.3499999999999996,2266.0495550075916,1809.1729996429717,868.62005228187,2
3.3499999999999996,3.3499999999999996,3.3499999999999996,1783.1996665657196,1423.6743775500715,683.5344726590231,2
3.3499999999999996,3.3499999999999996,3.3499999999999996,1689.0285956268706,1348.4898969134788,647.4369034855773,2
3.3499999999999996,3.3499999999999996,3.3499999999999996,1943.0406225730121,1551.2885072616104,744.8045623872126,2
3.3499999999999996,3.3499999999999996,3.3499999999999996,1759.2313704615797,1404.5385232333674,674.3469672185186,2
3.3499999999999996,3.3499999999999996,3.3499999999999996,1487.4950774718625,1187.5891792908776,570.1852587942652,2
3.3499999999999996,3.3499999999999996,3.3499999999999996,2086.727049158042,1666.0051527199428,799.8823126052855,2
3.3499999999999996,3.3499999999999996,3.3499999999999996,2504.011849698114,1999.1577939012482,959.835542427893,2
3.3499999999999996,3.3499999999999996,3.3499999999999996,1702.0454604521913,1358.8823264743996,652.4265162591066,2
3.3499999999999996,3.3499999999999996,3.3499999999999996,1931.8048666380716,1542.31808284033,740.4976826519186,2
3.3499999999999996,3.3499999999999996,3.3499999999999996,1849.4100736200287,1476.5355696071115,708.9141856092659,2
3.3499999999999996,3.3499999999999996,3.3499999999999996,1836.520810971236,1466.2450153171706,703.9734851858669,2
3.3499999999999996,3.3499999999999996,3.3499999999999996,2204.4126337682096,1759.9631959822407,844.993443750237,2
3.3499999999999996,3.3499999999999996,3.3499999999999996,1936.094827873326,1545.7431103377144,742.1421066867853,2
3.3499999999999996,3.3499999999999996,3.3499999999999996,2083.9179045094406,1663.7623824155114,798.8055138361925,2
3.3499999999999996,3.3499999999999996,3.3499999999999996,2250.502313776815,1796.7603633034444,862.6604979284036,2
3.3499999999999996,3.3499999999999996,3.3499999999999996,2452.0273965263864,1957.6543462508373,939.9089091677837,2
3.3499999999999996,3.3499999999999996,3.3499999999999996,1729.411748965368,1380.731076502425,662.9165370561127,2
3.3499999999999996,3.3499999999999996,3.3499999999999996,986.6322177584063,787.7093265687182,378.1949634236543,2
3.3499999999999996,3.3499999999999996,3.3499999999999996,1459.6338744649959,1165.3452984780301,559.5055278241368,2
3.3499999999999996,3.3499999999999996,3.3499999999999996,1758.663725981439,1404.0853261421576,674.1293782532077,2
3.3499999999999996,3.3499999999999996,3.3499999999999996,1678.0991677075383,1339.7640392421386,643.2474451263274,2
3.3499999999999996,3.3499999999999996,3.3499999999999996,1658.736659028826,1324.3053623436263,635.8254259283601,2
3.3499999999999996,3.3499999999999996,3.3499999999999996,1513.3724609120416,1208.2492144246737,580.1045538542761,2
3.3499999999999996,3.3499999999999996,3.3499999999999996,2241.369607093024,1789.468975385885,859.1597571173215,2
3.3499999999999996,3.3499999999999996,3.3499999999999996,2025.625304510197,1617.2226243751072,776.4608474774647,2
3.3499999999999996,3.3499999999999996,3.3499999999999996,2354.3094821554296,1879.638129936995,902.4517671991955,2
3.3499999999999996,3.3499999999999996,3.3499999999999996,2134.447743675009,1704.1044925395515,818.1745657798266,2
3.3499999999999996,3.3499999999999996,3.3499999999999996,2542.806707005931,2030.1309066521173,974.7063518100255,2
3.3499999999999996,3.3499999999999996,3.3499999999999996,2694.917744508195,2151.5736091687677,1033.0134162146358,2
3.3499999999999996,3.3499999999999996,3.3499999999999996,3210.9822255299923,2563.590161532412,1230.8307832247176,2
3.3499999999999996,3.3499999999999996,3.3499999999999996,2698.401120350905,2154.3546734699926,1034.3486606711945,2
3.3499999999999996,3.3499999999999996,3.3499999999999996,2492.1072064826303,1989.6533419671587,955.2722654292152,2
3.3499999999999996,3.3499999999999996,3.3499999999999996,2226.7547732454186,1777.8007562452544,853.5576123130542,2
3.3499999999999996,3.3499999999999996,3.3499999999999996,2770.05596722496,2211.5626078559008,1061.8153313362072,2
3.3499999999999996,3.3499999999999996,3.3499999999999996,2751.6486772244994,2196.866560281902,1054.7594656923006,2
3.3499999999999996,3.3499999999999996,3.3499999999999996,2276.7897195454416,1817.7477528519926,872.7369623740466,2
3.3499999999999996,3.3499999999999996,3.3499999999999996,2443.5399462948835,1950.8781194200005,936.6555074725137,2
3.3499999999999996,3.3499999999999996,3.3499999999999996,1909.6247110170812,1524.6098475598171,731.9956055933874,2
3.3499999999999996,3.3499999999999996,3.3499999999999996,1928.458846262922,1539.6466806613269,739.2150891681281,2
3.3499999999999996,3.3499999999999996,3.3499999999999996,1964.9145512474404,1568.7522564838816,753.1892568113942,2
3.3499999999999996,3.3499999999999996,3.3499999999999996,1325.8639968446519,1058.5458464442195,508.22898012660283,2
3.3499999999999996,3.3499999999999996,3.3499999999999996,1260.1762488363206,1006.1019359209895,483.04961236600514,2
3.3499999999999996,3.3499999999999996,3.3499999999999996,1013.1838868287222,808.9076991600492,388.37272503750006,2
3.3499999999999996,3.3499999999999996,3.3499999999999996,1892.1327067824898,1510.6445475949813,725.2905864559243,2
3.3499999999999996,3.3499999999999996,3.3499999999999996,1683.5635621498493,1344.1267129809285,645.3420518288506,2
3.3499999999999996,3.3499999999999996,3.3499999999999996,1406.5856914246867,1122.9925881303857,539.1711465992846,2
3.3499999999999996,3.3499999999999996,3.3499999999999996,1890.2873554521416,1486.981964741838,707.9745157987606,3
3.3499999999999996,3.3499999999999996,3.3499999999999996,1923.5529274029436,1513.150105471866,720.4335618409984,3
3.3499999999999996,3.3499999999999996,3.3499999999999996,1836.7918384932534,1444.9000724396058,687.9386928816073,3
3.3499999999999996,3.3499999999999996,3.3499999999999996,1565.0181252900466,1231.1110901145212,586.1505375215727,3
3.3499999999999996,3.3499999999999996,3.3499999999999996,1665.465161801378,1310.1270827218398,623.7712420310837,3
3.3499999999999996,3.3499999999999996,3.3499999999999996,1441.2632747746852,1133.7601607783577,539.8002934072834,3
3.3499999999999996,3.3499999999999996,3.3499999999999996,1250.3806194504853,983.6035906513645,468.30848815992306,3
3.3499999999999996,3.3499999999999996,3.3499999999999996,1263.8099465056896,994.1676813818618,473.3382109118574,3
3.3499999999999996,3.3499999999999996,3.3499999999999996,1981.9290872409417,1559.071323005074,742.2973453426407,3
3.3499999999999996,3.3499999999999996,3.3499999999999996,2303.392429989472,1811.9483216338626,862.6958941521705,3
3.3499999999999996,3.3499999999999996,3.3499999999999996,1482.7247518082436,1166.3755556825427,555.3289742940651,3
3.3499999999999996,3.3499999999999996,3.3499999999999996,1400.2099463186928,1101.465833235717,524.424477528429,3
3.3499999999999996,3.3499999999999996,3.3499999999999996,1293.3190246367044,1017.3808012551002,484.39032700479726,3
3.3499999999999996,3.3499999999999996,3.3499999999999996,2283.1513551653225,1796.0258148659425,855.1149487966711,3
3.3499999999999996,3.3499999999999996,3.3499999999999996,1796.657414774071,1413.3285951911341,672.9070369180333,3
3.3499999999999996,3.3499999999999996,3.3499999999999996,1701.7756379143048,1338.690477041428,637.3707043934202,3
3.3499999999999996,3.3499999999999996,3.3499999999999996,1957.7046851272332,1540.015358341372,733.2245134753053,3
3.3499999999999996,3.3499999999999996,3.3499999999999996,1772.5082307413381,1394.3318003301133,663.8623766851875,3
3.3499999999999996,3.3499999999999996,3.3499999999999996,1498.72115304215,1178.9590182270001,561.3201503898229,3
3.3499999999999996,3.3499999999999996,3.3499999999999996,2102.4755083651985,1653.8983627188682,787.4459275836226,3
3.3499999999999996,3.3499999999999996,3.3499999999999996,2522.9095433304064,1984.6299975434408,944.9122416185144,3
3.3499999999999996,3.3499999999999996,3.3499999999999996,1714.8907405828495,1349.0073852499154,642.2827398226541,3
3.3499999999999996,3.3499999999999996,3.3499999999999996,1946.384133318259,1531.1101216204486,728.9845961090824,3
3.3499999999999996,3.3499999999999996,3.3499999999999996,1863.3675095546712,1465.8056471688974,697.8921519667916,3
3.3499999999999996,3.3499999999999996,3.3499999999999996,1850.3809720720105,1455.5898739080426,693.0282684097914,3
3.3499999999999996,3.3499999999999996,3.3499999999999996,2221.0492621440417,1747.1736167972124,831.8556813048701,3
3.3499999999999996,3.3499999999999996,3.3499999999999996,1950.7064707473914,1534.510259585774,730.6034530197433,3
3.3499999999999996,3.3499999999999996,3.3499999999999996,2099.6451631959426,1651.6718905327543,786.38587063251,3
3.3499999999999996,3.3499999999999996,3.3499999999999996,2267.486779425269,1783.7033806373013,849.248052214641,3
3.3499999999999996,3.3499999999999996,3.3499999999999996,2470.532765230265,1943.4281537171262,925.2954230392687,3
3.3499999999999996,3.3499999999999996,3.3499999999999996,1742.4635615596153,1370.6973613222037,652.609664204774,3
3.3499999999999996,3.3499999999999996,3.3499999999999996,994.0782980879366,781.985075726465,372.3148756854081,3
3.3499999999999996,3.3499999999999996,3.3499999999999996,1470.6496824685728,1156.8767827688325,550.8064654044338,3
3.3499999999999996,3.3499999999999996,3.3499999999999996,1771.9363022673022,1393.8818966032748,663.6481707427371,3
3.3499999999999996,3.3499999999999996,3.3499999999999996,1690.7637259682213,1330.0280298140676,633.2463827628699,3
3.3499999999999996,3.3499999999999996,3.3499999999999996,1671.2550890844816,1314.6816904762159,625.9397594011768,3
3.3499999999999996,3.3499999999999996,3.3499999999999996,1524.793832229159,1199.4689177466466,571.0852225465815,3
3.3499999999999996,3.3499999999999996,3.3499999999999996,2258.285148509764,1776.4649789318132,845.8017401112596,3
3.3499999999999996,3.3499999999999996,3.3499999999999996,2040.9126308952812,1605.4703349741228,764.388613973482,3
3.3499999999999996,3.3499999999999996,3.3499999999999996,2372.0773770297046,1865.9788779953026,888.4206560425873,3
3.3499999999999996,3.3499999999999996,3.3499999999999996,2150.5563493667,1691.7208362240947,805.4537770405072,3
3.3499999999999996,3.3499999999999996,3.3499999999999996,2561.9971841280462,2015.3780299749942,959.5518430990024,3
3.3499999999999996,3.3499999999999996,3.3499999999999996,2715.256198539906,2135.9382134345265,1016.9523627644787,3
3.3499999999999996,3.3499999999999996,3.3499999999999996,3235.2154009297487,2544.9606586861432,1211.694111147495,3
3.3499999999999996,3.3499999999999996,3.3499999999999996,2718.765863303529,2138.699067857397,1018.2668471493395,3
3.3499999999999996,3.3499999999999996,3.3499999999999996,2510.9150561709675,1975.1946140653838,940.4199133942021,3
3.3499999999999996,3.3499999999999996,3.3499999999999996,2243.5600170002,1764.8815522533139,840.2866961574988,3
3.3499999999999996,3.3499999999999996,3.3499999999999996,2790.961486908995,2195.4912745687097,1045.3064723774542,3
3.3499999999999996,3.3499999999999996,3.3499999999999996,2772.4152777069057,2180.902022559859,1038.360309699129,3
3.3499999999999996,3.3499999999999996,3.3499999999999996,2293.972575365517,1804.538255700813,859.1678501238096,3
3.3499999999999996,3.3499999999999996,3.3499999999999996,2461.9812604958993,1936.701169444217,922.0926044803861,3
3.3499999999999996,3.3499999999999996,3.3499999999999996,1924.0365848050612,1513.5305713475905,720.6147073764054,3
3.3499999999999996,3.3499999999999996,3.3499999999999996,1943.0128606393137,1528.4581324097285,727.7219440918544,3
3.3499999999999996,3.3499999999999996,3.3499999999999996,1979.7436956093509,1557.3521992259828,741.4788446116573,3
3.3499999999999996,3.3499999999999996,3.3499999999999996,1335.87024805847,1050.8534379012526,500.327153599854,3
3.3499999999999996,3.3499999999999996,3.3499999999999996,1269.686756814177,998.7906350897861,475.53926882011257,3
3.3499999999999996,3.3499999999999996,3.3499999999999996,1020.8303517161679,803.029400627782,382.3343958178587,3
3.3499999999999996,3.3499999999999996,3.3499999999999996,1906.4125689998857,1499.666756635487,714.0139363242633,3
3.3499999999999996,3.3499999999999996,3.3499999999999996,1696.2693600125212,1334.359000184646,635.3084230052889,3
3.3499999999999996,3.3499999999999996,3.3499999999999996,1417.2011465661292,1114.831847801905,530.7882384314062,3
3.3499999999999996,3.3499999999999996,3.3499999999999996,1891.7022301331056,1485.902334528353,707.4782021832597,4
3.3499999999999996,3.3499999999999996,3.3499999999999996,1924.9927012694018,1512.0514757573565,719.9285140210183,4
3.3499999999999996,3.3499999999999996,3.3499999999999996,1838.1666719327247,1443.8509959809392,687.4564250424578,4
3.3499999999999996,3.3499999999999996,3.3499999999999996,1566.1895368822238,1230.2172361468472,585.7396265551278,4
3.3499999999999996,3.3499999999999996,3.3499999999999996,1666.711757713192,1309.1758588229961,623.3339577030895,4
3.3499999999999996,3.3499999999999996,3.3499999999999996,1442.3420562150839,1132.9369889084592,539.4218754991651,4
3.3499999999999996,3.3499999999999996,3.3499999999999996,1251.3165257691335,982.8894406618293,467.98018837830415,4
3.3499999999999996,3.3499999999999996,3.3499999999999996,1264.755904637242,993.4458612848193,473.0063851277789,4
3.3499999999999996,3.3499999999999996,3.3499999999999996,1983.4125554961333,1557.9393519756968,741.7769702853151,4
3.3499999999999996,3.3499999999999996,3.3499999999999996,2305.1165126376027,1810.632748076352,862.0911157191197,4
3.3499999999999996,3.3499999999999996,3.3499999999999996,1483.8345670456576,1165.528703252558,554.9396702656377,4
3.3499999999999996,3.3499999999999996,3.3499999999999996,1401.257999460119,1100.6661088134447,524.0568385771797,4
3.3499999999999996,3.3499999999999996,3.3499999999999996,1294.2870702288676,1016.6421271637533,484.0507533207949,4
3.3499999999999996,3.3499999999999996,3.3499999999999996,2284.8602874268195,1794.7218019189766,854.5154848577364,4
3.3499999999999996,3.3499999999999996,3.3499999999999996,1798.0022077121382,1412.302441351255,672.4353067682382,4
3.3499999999999996,3.3499999999999996,3.3499999999999996,1703.0494121136726,1337.7185145564836,636.9238863912847,4
3.3499999999999996,3.3499999999999996,3.3499999999999996,1959.1700214867035,1538.8972229843064,732.7104987740186,4
3.3499999999999996,3.3499999999999996,3.3499999999999996,1773.8349480842028,1393.3194392020343,663.3969871421812,4
3.3499999999999996,3.3499999999999996,3.3499999999999996,1499.8429415401517,1178.1030295151534,560.9266463482553,4
3.3499999999999996,3.3499999999999996,3.3499999999999996,2104.0492052719424,1652.697542073586,786.8939018727962,4
3.3499999999999996,3.3499999999999996,3.3499999999999996,2524.7979339102435,1983.1890476471121,944.2498267991904,4
3.3499999999999996,3.3499999999999996,3.3499999999999996,1716.174331399067,1348.0279321254905,641.8324783207756,4
3.3499999999999996,3.3499999999999996,3.3499999999999996,1947.8409962770672,1529.998451952174,728.4735537304857,4
3.3499999999999996,3.3499999999999996,3.3499999999999996,1864.7622348079485,1464.741392119876,697.4029064227177,4
3.3499999999999996,3.3499999999999996,3.3499999999999996,1851.765976939112,1454.5330360689993,692.5424326094012,4
3.3499999999999996,3.3499999999999996,3.3499999999999996,2222.7117111664706,1745.9050732172468,831.2725228838389,4
3.3499999999999996,3.3499999999999996,3.3499999999999996,1952.1665689634071,1533.3961212314202,730.0912757687631,4
3.3499999999999996,3.3499999999999996,3.3499999999999996,2101.21674159742,1650.4726864280208,785.8345880567631,4
3.3499999999999996,3.3499999999999996,3.3499999999999996,2269.183986796612,1782.4083144513672,848.6527011647853,4
3.3499999999999996,3.3499999999999996,3.3499999999999996,2472.381951941446,1942.0171186123025,924.646760260359,4
3.3499999999999996,3.3499999999999996,3.3499999999999996,1743.7677905534993,1369.7021600891585,652.1521631864118,4
3.3499999999999996,3.3499999999999996,3.3499999999999996,994.8223628518485,781.4173118031174,372.0538706097553,4
3.3499999999999996,3.3499999999999996,3.3499999999999996,1471.7504595511105,1156.036826967369,550.4203318047267,4
3.3499999999999996,3.3499999999999996,3.3499999999999996,1773.2625915233393,1392.869862129902,663.1829313652003,4
3.3499999999999996,3.3499999999999996,3.3499999999999996,1692.029257782982,1329.0623567394662,632.8024560469803,4
3.3499999999999996,3.3499999999999996,3.3499999999999996,1672.5060187403128,1313.7271596831006,625.5009548705875,4
3.3499999999999996,3.3499999999999996,3.3499999999999996,1525.935136052987,1198.5980377262827,570.6848728655743,4
3.3499999999999996,3.3499999999999996,3.3499999999999996,2259.9754684866753,1775.1751682213076,845.208805040485,4
3.3499999999999996,3.3499999999999996,3.3499999999999996,2042.4402481642558,1604.304675724992,763.8527522041909,4
3.3499999999999996,3.3499999999999996,3.3499999999999996,2373.852870164315,1864.6240752995225,887.7978436982913,4
3.3499999999999996,3.3499999999999996,3.3499999999999996,2152.166034645464,1690.4925543949425,804.8891272299827,4
3.3499999999999996,3.3499999999999996,3.3499999999999996,2563.9148316952633,2013.914755325841,958.8791654335191,4
3.3499999999999996,3.3499999999999996,3.3499999999999996,2717.288560041222,2134.387405500039,1016.2394454310255,4
3.3499999999999996,3.3499999999999996,3.3499999999999996,3237.636950407418,2543.112878091356,1210.844673389829,4
3.3499999999999996,3.3499999999999996,3.3499999999999996,2720.8008517788853,2137.146255391638,1017.5530083187379,4
3.3499999999999996,3.3499999999999996,3.3499999999999996,2512.7944689114593,1973.7605147733805,939.760647845951,4
3.3499999999999996,3.3499999999999996,3.3499999999999996,2245.239315258277,1763.6001517439502,839.6976273154417,4
3.3499999999999996,3.3499999999999996,3.3499999999999996,2793.050513602203,2193.897227855521,1044.5736778728,4
3.3499999999999996,3.3499999999999996,3.3499999999999996,2774.490422615552,2179.3185684413584,1037.6323846848813,4
3.3499999999999996,3.3499999999999996,3.3499999999999996,2295.6896072793943,1803.228062256347,858.5655449666301,4
3.3499999999999996,3.3499999999999996,3.3499999999999996,2463.8240464302366,1935.2950184978017,921.4461869835072,4
3.3499999999999996,3.3499999999999996,3.3499999999999996,1925.4767206877023,1512.4316653940514,720.1095325673974,4
3.3499999999999996,3.3499999999999996,3.3499999999999996,1944.4672002101606,1527.3483882306302,727.2117868741979,4
3.3499999999999996,3.3499999999999996,3.3499999999999996,1981.2255281051546,1556.2214763744696,740.9590433504895,4
3.3499999999999996,3.3499999999999996,3.3499999999999996,1336.8701431197048,1050.0904608454416,499.9764076718649,4
3.3499999999999996,3.3499999999999996,3.3499999999999996,1270.637113721443,998.0654584755722,475.2059000214425,4
3.3499999999999996,3.3499999999999996,3.3499999999999996,1021.5944403157328,802.4463573738681,382.0663667262965,4
3.3499999999999996,3.3499999999999996,3.3499999999999996,1907.839513357086,1498.577916569492,713.5133888746768,4
3.3499999999999996,3.3499999999999996,3.3499999999999996,1697.5390127786227,1333.3901825887413,634.8630507308021,4
3.3499999999999996,3.3499999999999996,3.3499999999999996,1418.2619175723605,1114.0224189222138,530.4161382727103,4
3.3499999999999996,3.3499999999999996,3.3499999999999996,1891.843707206722,1485.7944983689638,707.4287177755917,5
3.3499999999999996,3.3499999999999996,3.3499999999999996,1925.136668078644,1511.9417418804014,719.8781587790199,5
3.3499999999999996,3.3499999999999996,3.3499999999999996,1838.304145176358,1443.746211606813,687.4083410536003,5
3.3499999999999996,3.3499999999999996,3.3499999999999996,1566.306669435581,1230.1279557823996,585.6986571254291,5
3.3499999999999996,3.3499999999999996,3.3499999999999996,1666.8364081461655,1309.0808482066861,623.290358746145,5
3.3499999999999996,3.3499999999999996,3.3499999999999996,1442.4499264337771,1132.854768448288,539.3841457544047,5
3.3499999999999996,3.3499999999999996,3.3499999999999996,1251.4101095252943,982.8181095790778,467.94745560667866,5
3.3499999999999996,3.3499999999999996,3.3499999999999996,1264.850493500847,993.3737640925934,472.9733007999243,5
3.3499999999999996,3.3499999999999996,3.3499999999999996,1983.5608914232448,1557.8262878850264,741.7250868578358,5
3.3499999999999996,3.3499999999999996,3.3499999999999996,2305.2889082363167,1810.5013453070853,862.0308169451287,5
3.3499999999999996,3.3499999999999996,3.3499999999999996,1483.9455404160606,1165.444117518963,554.9008551321259,5
3.3499999999999996,3.3499999999999996,3.3499999999999996,1401.362797074663,1100.5862303428435,524.0201835365564,5
3.3499999999999996,3.3499999999999996,3.3499999999999996,1294.3838676762666,1016.5683465525256,484.0168964970295,5
3.3499999999999996,3.3499999999999996,3.3499999999999996,2285.0311680981736,1794.5915538523348,854.4557159595842,5
3.3499999999999996,3.3499999999999996,3.3499999999999996,1798.1366771263256,1412.1999465454849,672.3882734282035,5
3.3499999999999996,3.3499999999999996,3.3499999999999996,1703.1767801757344,1337.6214325184505,636.879336889759,5
3.3499999999999996,3.3499999999999996,3.3499999999999996,1959.31654435745,1538.7855408351065,732.6592494989005,5
3.3499999999999996,3.3499999999999996,3.3499999999999996,1773.9676100716636,1393.2183220467314,663.3505859854304,5
3.3499999999999996,3.3499999999999996,3.3499999999999996,1499.9551121486509,1178.0175312269312,560.8874124570146,5
3.3499999999999996,3.3499999999999996,3.3499999999999996,2104.206563401338,1652.5776011115001,786.8388627514335,5
3.3499999999999996,3.3499999999999996,3.3499999999999996,2524.986759095028,1983.0451219763122,944.1837814521742,5
3.3499999999999996,3.3499999999999996,3.3499999999999996,1716.3026810506951,1347.9301019036973,641.7875854888641,5
3.3499999999999996,3.3499999999999996,3.3499999999999996,1947.9866718699982,1529.8874156121026,728.4226008075593,5
3.3499999999999996,3.3499999999999996,3.3499999999999996,1864.9016970868254,1464.635091670274,697.3541267294019,5
3.3499999999999996,3.3499999999999996,3.3499999999999996,1851.9044672507832,1454.4274764688362,692.4939928808602,5
3.3499999999999996,3.3499999999999996,3.3499999999999996,2222.8779438554106,1745.7783679194763,831.2143797095637,5
3.3499999999999996,3.3499999999999996,3.3499999999999996,1952.312568058291,1533.2848383128232,730.0402096946236,5
3.3499999999999996,3.3499999999999996,3.3499999999999996,2101.3738878918525,1650.3529069300382,785.7796230288727,5
3.3499999999999996,3.3499999999999996,3.3499999999999996,2269.3536950650887,1782.2789600095393,848.5933423377528,5
3.3499999999999996,3.3499999999999996,3.3499999999999996,2472.5668570273792,1941.8761809055145,924.582086045532,5
3.3499999999999996,3.3499999999999996,3.3499999999999996,1743.8982038712743,1369.6027569069847,652.1065485464061,5
3.3499999999999996,3.3499999999999996,3.3499999999999996,994.8967638619138,781.3606021258886,372.02784738338477,5
3.3499999999999996,3.3499999999999996,3.3499999999999996,1471.860529172425,1155.9529300862378,550.3818327753523,5
3.3499999999999996,3.3499999999999996,3.3499999999999996,1773.3952107052623,1392.7687776016858,663.1365451805339,5
3.3499999999999996,3.3499999999999996,3.3499999999999996,1692.1558016671365,1328.9659029034306,632.7581948179962,5
3.3499999999999996,3.3499999999999996,3.3499999999999996,1672.63110251585,1313.6318187659397,625.4572043435016,5
3.3499999999999996,3.3499999999999996,3.3499999999999996,1526.049258050698,1198.511052057012,570.6449564373203,5
3.3499999999999996,3.3499999999999996,3.3499999999999996,2260.1444880663075,1775.046338709478,845.1496870960112,5
3.3499999999999996,3.3499999999999996,3.3499999999999996,2042.5929986684016,1604.188246770881,763.7993246909875,5
3.3499999999999996,3.3499999999999996,3.3499999999999996,2374.0304064339866,1864.4887542260492,887.735746872851,5
3.3499999999999996,3.3499999999999996,3.3499999999999996,2152.32699134767,1690.3698705412965,804.8328294365297,5
3.3499999999999996,3.3499999999999996,3.3499999999999996,2564.1065823638473,2013.768599803028,958.8120968406213,5
3.3499999999999996,3.3499999999999996,3.3499999999999996,2717.4917812604613,2134.2325069342933,1016.168364785925,5
3.3499999999999996,3.3499999999999996,3.3499999999999996,3237.8790875650952,2542.9283171553557,1210.759981124745,5
3.3499999999999996,3.3499999999999996,3.3499999999999996,2721.00433567623,2136.991156608306,1017.4818357967694,5
3.3499999999999996,3.3499999999999996,3.3499999999999996,2512.982396378266,1973.6172733580327,939.6949164935721,5
3.3499999999999996,3.3499999999999996,3.3499999999999996,2245.407232746998,1763.472162263994,839.6388948490853,5
3.3499999999999996,3.3499999999999996,3.3499999999999996,2793.259400924337,2193.7380104926783,1044.5006153960264,5
3.3499999999999996,3.3499999999999996,3.3499999999999996,2774.697921861213,2179.160409093301,1037.5598077153372,5
3.3499999999999996,3.3499999999999996,3.3499999999999996,2295.861297856482,1803.0971968661947,858.5054927879121,5
3.3499999999999996,3.3499999999999996,3.3499999999999996,2464.0083114855092,1935.1545686329418,921.3817366320764,5
3.3499999999999996,3.3499999999999996,3.3499999999999996,1925.620723695903,1512.3219039256528,720.0591646640966,5
3.3499999999999996,3.3499999999999996,3.3499999999999996,1944.6126234828337,1527.237544213222,727.1609222052773,5
3.3499999999999996,3.3499999999999996,3.3499999999999996,1981.3737004683444,1556.1085369549185,740.9072171327306,5
3.3499999999999996,3.3499999999999996,3.3499999999999996,1336.9701252800262,1050.014252793487,499.94143693169923,5
3.3499999999999996,3.3499999999999996,3.3499999999999996,1270.7321424303034,997.9930260260363,475.17266184900103,5
3.3499999999999996,3.3499999999999996,3.3499999999999996,1021.6708435622568,802.3881215589805,382.03964317808123,5
3.3499999999999996,3.3499999999999996,3.3499999999999996,1907.9821973096552,1498.4691605070557,713.4634823371997,5
3.3499999999999996,3.3499999999999996,3.3499999999999996,1697.6659687276363,1333.2934146700723,634.8186453739746,5
3.3499999999999996,3.3499999999999996,3.3499999999999996,1418.3679868799522,1113.9415711461936,530.3790384322646,5
3.3499999999999996,3.3499999999999996,3.3499999999999996,1891.857854810075,1485.7837160604404,707.4237708397904,6
3.3499999999999996,3.3499999999999996,3.3499999999999996,1925.151064653729,1511.9307698231296,719.8731247862698,6
3.3499999999999996,3.3499999999999996,3.3499999999999996,1838.3178923996559,1443.7357344398154,687.4035341170891,6
3.3499999999999996,3.3499999999999996,3.3499999999999996,1566.318382604805,1230.1190288283979,585.6945614284592,6
3.3499999999999996,3.3499999999999996,3.3499999999999996,1666.8488730978245,1309.0713482969725,623.2860001764221,6
3.3499999999999996,3.3499999999999996,3.3499999999999996,1442.4607133763443,1132.8465473991196,539.3803739274002,6
3.3499999999999996,3.3499999999999996,3.3499999999999996,1251.419467832111,982.8109773356271,467.9441833250153,6
3.3499999999999996,3.3499999999999996,3.3499999999999996,1264.8599523176695,993.3665552474835,472.9699933733298,6
3.3499999999999996,3.3499999999999996,3.3499999999999996,1983.5757249069047,1557.8149828467588,741.7199000930145,6
3.3499999999999996,3.3499999999999996,3.3499999999999996,2305.3061476694493,1810.4882066232979,862.0247889015914,6
3.3499999999999996,3.3499999999999996,3.3499999999999996,1483.9566376715172,1165.4356599711282,554.8969747992563,6
3.3499999999999996,3.3499999999999996,3.3499999999999996,1401.3732767590739,1100.5782434642374,524.0165191472809,6
3.3499999999999996,3.3499999999999996,3.3499999999999996,1294.3935473498445,1016.5609693859257,484.01351184433776,6
3.3499999999999996,3.3499999999999996,3.3499999999999996,2285.0482560396836,1794.5785306248101,854.4497408875155,6
3.3499999999999996,3.3499999999999996,3.3499999999999996,1798.1501239688873,1412.1896983075637,672.3835715246214,6
3.3499999999999996,3.3499999999999996,3.3499999999999996,1703.189516888304,1337.6117254916787,636.8748832944871,6
3.3499999999999996,3.3499999999999996,3.3499999999999996,1959.3311965368066,1538.7743739742311,732.6541261300287,6
3.3499999999999996,3.3499999999999996,3.3499999999999996,1773.9808761728814,1393.2082115571543,663.34594728095,6
3.3499999999999996,3.3499999999999996,3.3499999999999996,1499.9663291270372,1178.0089824346978,560.8834902611077,6
3.3499999999999996,3.3499999999999996,3.3499999999999996,2104.2222990985933,1652.5656084694665,786.8333605131974,6
3.3499999999999996,3.3499999999999996,3.3499999999999996,2525.005641474689,1983.0307311541999,944.1771789261044,6
3.3499999999999996,3.3499999999999996,3.3499999999999996,1716.3155159215,1347.9203200676204,641.7830975709952,6
3.3499999999999996,3.3499999999999996,3.3499999999999996,1948.001239322196,1529.8763133243099,728.417507064894,6
3.3499999999999996,3.3499999999999996,3.3499999999999996,1864.9156432121856,1464.6244629141104,697.3492502436031,6
3.3499999999999996,3.3499999999999996,3.3499999999999996,1851.9183161801373,1454.416921788634,692.4891503811997,6
3.3499999999999996,3.3499999999999996,3.3499999999999996,2222.894567002096,1745.7656989258858,831.2085671604398,6
3.3499999999999996,3.3499999999999996,3.3499999999999996,1952.327167860446,1533.273711370168,730.035104640278,6
3.3499999999999996,3.3499999999999996,3.3499999999999996,2101.3896024057676,1650.3409304324573,785.7741281977308,6
3.3499999999999996,3.3499999999999996,3.3499999999999996,2269.370665767173,1782.2660261336614,848.5874082603247,6
3.3499999999999996,3.3499999999999996,3.3499999999999996,2472.585347400037,1941.8620888435773,924.5756205909809,6
3.3499999999999996,3.3499999999999996,3.3499999999999996,1743.9112451071767,1369.5928177939404,652.1019884696799,6
3.3499999999999996,3.3499999999999996,3.3499999999999996,994.9042039082234,781.354931845719,372.0252458521901,6
3.3499999999999996,3.3499999999999996,3.3499999999999996,1471.8715360536373,1155.9445414152979,550.3779840432826,6
3.3499999999999996,3.3499999999999996,3.3499999999999996,1773.408472525958,1392.758670374422,663.1319079728065,6
3.3499999999999996,3.3499999999999996,3.3499999999999996,1692.1684559625214,1328.956258689242,632.7537700412109,6
3.3499999999999996,3.3499999999999996,3.3499999999999996,1672.6436108014468,1313.6222858301455,625.4528306213741,6
3.3499999999999996,3.3499999999999996,3.3499999999999996,1526.0606701665708,1198.5023545447073,570.6409660084701,6
3.3499999999999996,3.3499999999999996,3.3499999999999996,2260.1613899000135,1775.0334573202358,845.143777099513,6
3.3499999999999996,3.3499999999999996,3.3499999999999996,2042.6082736065198,1604.176605287065,763.7939835645537,6
3.3499999999999996,3.3499999999999996,3.3499999999999996,2374.0481599304353,1864.4752237593468,887.7295390788523,6
3.3499999999999996,3.3499999999999996,3.3499999999999996,2152.3430868995615,1690.3576036433617,804.8272013693645,6
3.3499999999999996,3.3499999999999996,3.3499999999999996,2564.1257572897375,2013.7539860227496,958.805392021083,6
3.3499999999999996,3.3499999999999996,3.3499999999999996,2717.5121032329844,2134.217018955723,1016.1612588831849,6
3.3499999999999996,3.3499999999999996,3.3499999999999996,3237.9033011028528,2542.909863299389,1210.7515144739757,6
3.3499999999999996,3.3499999999999996,3.3499999999999996,2721.0246839163706,2136.975648610405,1017.4747207091367,6
3.3499999999999996,3.3499999999999996,3.3499999999999996,2513.001188986789,1973.602950953169,939.6883453574166,6
3.3499999999999996,3.3499999999999996,3.3499999999999996,2245.424024372423,1763.4593648677544,839.6330233886754,6
3.3499999999999996,3.3499999999999996,3.3499999999999996,2793.280289502984,2193.7220906867597,1044.4933113703923,6
3.3499999999999996,3.3499999999999996,3.3499999999999996,2774.7186716332335,2179.144595076033,1037.5525522256603,6
3.3499999999999996,3.3499999999999996,3.3499999999999996,2295.8784667879704,1803.0841119138029,858.4994893964023,6
3.3499999999999996,3.3499999999999996,3.3499999999999996,2464.026737855572,1935.1405253492826,921.3752935570567,6
3.3499999999999996,3.3499999999999996,3.3499999999999996,1925.6351238908574,1512.3109291095711,720.0541294056013,6
3.3499999999999996,3.3499999999999996,3.3499999999999996,1944.6271657031912,1527.2264611553635,727.1558372853283,6
3.3499999999999996,3.3499999999999996,3.3499999999999996,1981.3885175957325,1556.097244382251,740.9020360871411,6
3.3499999999999996,3.3499999999999996,3.3499999999999996,1336.9801234225552,1050.0066329122449,499.9379409212449,6
3.3499999999999996,3.3499999999999996,3.3499999999999996,1270.7416452313278,997.9857836592603,475.1693390426267,6
3.3499999999999996,3.3499999999999996,3.3499999999999996,1021.6784838307402,802.3822986835477,382.0369716360008,6
3.3499999999999996,3.3499999999999996,3.3499999999999996,1907.996465600016,1498.4582862193804,713.4584932012555,6
3.3499999999999996,3.3499999999999996,3.3499999999999996,1697.6786642292043,1333.2837390514283,634.8142061887885,6
3.3499999999999996,3.3499999999999996,3.3499999999999996,1418.378593732733,1113.9334873487974,530.3753295765345,6
3.3499999999999996,3.3499999999999996,3.3499999999999996,1891.8592695693694,1485.7826378426994,707.4232761612944,7
3.3499999999999996,3.3499999999999996,3.3499999999999996,1925.1525043101785,1511.9296726307446,719.8726214023449,7
3.3499999999999996,3.3499999999999996,3.3499999999999996,1838.3192671209745,1443.7346867358563,687.4030534380954,7
3.3499999999999996,3.3499999999999996,3.3499999999999996,1566.3195539208657,1230.1181361438532,585.6941518712509,7
3.3499999999999996,3.3499999999999996,3.3499999999999996,1666.8501195920735,1309.0703983175533,623.2855643327401,7
3.3499999999999996,3.3499999999999996,3.3499999999999996,1442.4617920698074,1132.8457253041997,539.379996756201,7
3.3499999999999996,3.3499999999999996,3.3499999999999996,1251.4204036621043,982.8102641199551,467.94385610682673,7
3.3499999999999996,3.3499999999999996,3.3499999999999996,1264.8608981986558,993.3658343717389,472.96966264075536,7
3.3499999999999996,3.3499999999999996,3.3499999999999996,1983.5772082541796,1557.8138523566793,741.7193814323477,7
3.3499999999999996,3.3499999999999996,3.3499999999999996,2305.3078716114946,1810.4868927708967,862.0241861156186,7
3.3499999999999996,3.3499999999999996,3.3499999999999996,1483.9577473962468,1165.4348142266297,554.8965867778014,7
3.3499999999999996,3.3499999999999996,3.3499999999999996,1401.3743247267441,1100.5774447860892,524.0161527195268,7
3.3499999999999996,3.3499999999999996,3.3499999999999996,1294.3945153164902,1016.5602316782365,484.0131733893891,7
3.3499999999999996,3.3499999999999996,3.3499999999999996,2285.0499648325776,1794.5772283178944,854.4491433985279,7
3.3499999999999996,3.3499999999999996,3.3499999999999996,1798.1514686521543,1412.1886734962343,672.3831013486002,7
3.3499999999999996,3.3499999999999996,3.3499999999999996,1703.1907905586243,1337.610754800806,636.8744379485396,7
3.3499999999999996,3.3499999999999996,3.3499999999999996,1959.3326617536645,1538.7732573017233,732.6536138087637,7
3.3499999999999996,3.3499999999999996,3.3499999999999996,1773.9822027820273,1393.2072005204918,663.3454834246462,7
3.3499999999999996,3.3499999999999996,3.3499999999999996,1499.9674508240507,1178.0081275658704,560.8830980534767,7
3.3499999999999996,3.3499999999999996,3.3499999999999996,2104.2238726671617,1652.5644092198468,786.8328103061515,7
3.3499999999999996,3.3499999999999996,3.3499999999999996,2525.007529711266,1983.0292920894892,944.17651869363,7
3.3499999999999996,3.3499999999999996,3.3499999999999996,1716.3167994076364,1347.9193418959078,641.7826487928928,7
3.3499999999999996,3.3499999999999996,3.3499999999999996,1948.0026960663442,1529.875203109032,728.4169977061593,7
3.3499999999999996,3.3499999999999996,3.3499999999999996,1864.9170378236956,1464.6234000514191,697.3487626098927,7
3.3499999999999996,3.3499999999999996,3.3499999999999996,1851.919701072054,1454.415866333449,692.4886661459994,7
3.3499999999999996,3.3499999999999996,3.3499999999999996,2222.8962293155423,1745.764432041933,831.2079859232513,7
3.3499999999999996,3.3499999999999996,3.3499999999999996,1952.3286278395876,1533.2725986894334,730.03459415041,7
3.3499999999999996,3.3499999999999996,3.3499999999999996,2101.391173856003,1650.3397327972632,785.7735787313716,7
3.3499999999999996,3.3499999999999996,3.3499999999999996,2269.372362836133,1782.2647327618022,848.5868148706761,7
3.3499999999999996,3.3499999999999996,3.3499999999999996,2472.5871964359426,1941.8606796545198,924.5749740652407,7
3.3499999999999996,3.3499999999999996,3.3499999999999996,1743.9125492298076,1369.5918238947227,652.101532475912,7
3.3499999999999996,3.3499999999999996,3.3499999999999996,994.9049479123071,781.354364824597,372.0249857070033,7
3.3499999999999996,3.3499999999999996,3.3499999999999996,1471.872636740949,1155.943702558405,550.3775991818114,7
3.3499999999999996,3.3499999999999996,3.3499999999999996,1773.4097987070518,1392.7576596639865,663.1314442661735,7
3.3499999999999996,3.3499999999999996,3.3499999999999996,1692.169721391129,1328.9552942795513,632.7533275770244,7
3.3499999999999996,3.3499999999999996,3.3499999999999996,1672.6448616290863,1313.6213325481585,625.4523932624978,7
3.3499999999999996,3.3499999999999996,3.3499999999999996,1526.0618113773187,1198.5014848040532,570.6405669777527,7
3.3499999999999996,3.3499999999999996,3.3499999999999996,2260.1630800821413,1775.032169196976,845.1431861178842,7
3.3499999999999996,3.3499999999999996,3.3499999999999996,2042.609801099208,1604.17544115284,763.7934494681967,7
3.3499999999999996,3.3499999999999996,3.3499999999999996,2374.0499352787747,1864.4738707291303,887.7289183183816,7
3.3499999999999996,3.3499999999999996,3.3499999999999996,2152.3446964535665,1690.3563769684852,804.8266385798092,7
3.3499999999999996,3.3499999999999996,3.3499999999999996,2564.127674780916,2013.7525246624932,958.8047215595737,7
3.3499999999999996,3.3499999999999996,3.3499999999999996,2717.514135428742,2134.2154701766995,1016.1605483145784,7
3.3499999999999996,3.3499999999999996,3.3499999999999996,3237.9057224548474,2542.9080179362327,1210.7506678347156,7
3.3499999999999996,3.3499999999999996,3.3499999999999996,2721.0267187388877,2136.9740978294735,1017.4740092220688,7
3.3499999999999996,3.3499999999999996,3.3499999999999996,2513.003068246259,1973.6015187300998,939.6876882638377,7
3.3499999999999996,3.3499999999999996,3.3499999999999996,2245.4257035337305,1763.4580851436926,839.6324362605377,7
3.3499999999999996,3.3499999999999996,3.3499999999999996,2793.2823783593126,2193.7204987255272,1044.4925809901004,7
3.3499999999999996,3.3499999999999996,3.3499999999999996,2774.7207466089094,2179.143013693538,1037.5518266988163,7
3.3499999999999996,3.3499999999999996,3.3499999999999996,2295.880183679856,1803.0828034344759,858.4988890755569,7
3.3499999999999996,3.3499999999999996,3.3499999999999996,2464.0285804912223,1935.1391210379943,921.3746492692009,7
3.3499999999999996,3.3499999999999996,3.3499999999999996,1925.6365639092935,1512.3098316413086,720.0536258951055,7
3.3499999999999996,3.3499999999999996,3.3499999999999996,1944.6286199241572,1527.2253528630556,727.1553288088386,7
3.3499999999999996,3.3499999999999996,3.3499999999999996,1981.3899993073815,1556.0961151387169,740.9015179983803,7
3.3499999999999996,3.3499999999999996,3.3499999999999996,1336.9811232360726,1050.005870933387,499.93759133085945,7
3.3499999999999996,3.3499999999999996,3.3499999999999996,1270.7425955107312,997.9850594313898,475.16900677212124,7
3.3499999999999996,3.3499999999999996,3.3499999999999996,1021.6792478570266,802.3817164030855,382.0367044899389,7
3.3499999999999996,3.3499999999999996,3.3499999999999996,1907.9978924280028,1498.4571988038365,713.4579943028741,7
3.3499999999999996,3.3499999999999996,3.3499999999999996,1697.6799337784273,1333.2827715013302,634.8137622838059,7
3.3499999999999996,3.3499999999999996,3.3499999999999996,1418.379654417231,1113.932678978888,530.3749587022704,7
3.3499999999999996,3.3499999999999996,3.3499999999999996,1891.8594110452907,1485.7825300210552,707.4232266935948,8
3.3499999999999996,3.3499999999999996,3.3499999999999996,1925.1526482758152,1511.9295629116382,719.8725710641048,8
3.3499999999999996,3.3499999999999996,3.3499999999999996,1838.3194045930984,1443.7345819655864,687.4030053703417,8
3.3499999999999996,3.3499999999999996,3.3499999999999996,1566.319671052465,1230.1180468755058,585.6941109156544,8
3.3499999999999996,3.3499999999999996,3.3499999999999996,1666.850244241491,1309.0703033197256,623.2855207485042,8
3.3499999999999996,3.3499999999999996,3.3499999999999996,1442.4618999391475,1132.8456430948065,539.3799590391955,8
3.3499999999999996,3.3499999999999996,3.3499999999999996,1251.4204972450982,982.8101927984734,467.94382338510724,8
3.3499999999999996,3.3499999999999996,3.3499999999999996,1264.860992786749,993.3657622842509,472.9696295675983,8
3.3499999999999996,3.3499999999999996,3.3499999999999996,1983.5773565888985,1557.813739307807,741.7193295664384,8
3.3499999999999996,3.3499999999999996,3.3499999999999996,2305.308044005689,1810.486761385814,862.0241258372041,8
3.3499999999999996,3.3499999999999996,3.3499999999999996,1483.9578583687132,1165.4347296522815,554.8965479757734,8
3.3499999999999996,3.3499999999999996,3.3499999999999996,1401.3744295235051,1100.5773649183704,524.0161160768624,8
3.3499999999999996,3.3499999999999996,3.3499999999999996,1294.3946121131492,1016.5601579075562,484.013139543997,8
3.3499999999999996,3.3499999999999996,3.3499999999999996,2285.0501357118574,1794.5770980873594,854.4490836498105,8
3.3499999999999996,3.3499999999999996,3.3499999999999996,1798.1516031204733,1412.1885710152242,672.3830543311409,8
3.3499999999999996,3.3499999999999996,3.3499999999999996,1703.1909179256488,1337.610657731835,636.87439341408,8
3.3499999999999996,3.3499999999999996,3.3499999999999996,1959.3328082753417,1538.7731456346064,732.6535625767928,8
3.3499999999999996,3.3499999999999996,3.3499999999999996,1773.9823354429343,1393.2070994169467,663.3454370391565,8
3.3499999999999996,3.3499999999999996,3.3499999999999996,1499.9675629937456,1178.00804207909,560.8830588328325,8
3.3499999999999996,3.3499999999999996,3.3499999999999996,2104.224030024009,1652.5642892950286,786.8327552856136,8
3.3499999999999996,3.3499999999999996,3.3499999999999996,2525.0077185349132,1983.0291481831905,944.1764526705828,8
3.3499999999999996,3.3499999999999996,3.3499999999999996,1716.3169277562426,1347.919244078854,641.7826039152187,8
3.3499999999999996,3.3499999999999996,3.3499999999999996,1948.0028417407505,1529.8750920876373,728.4169467704404,8
3.3499999999999996,3.3499999999999996,3.3499999999999996,1864.9171772848388,1464.6232937652776,697.3487138466696,8
3.3499999999999996,3.3499999999999996,3.3499999999999996,1851.9198395612377,1454.415760788057,692.4886177226264,8
3.3499999999999996,3.3499999999999996,3.3499999999999996,2222.896395546877,1745.76430535369,831.2079277997086,8
3.3499999999999996,3.3499999999999996,3.3499999999999996,1952.3287738374934,1533.2724874214935,730.0345431015778,8
3.3499999999999996,3.3499999999999996,3.3499999999999996,2101.3913310010175,1650.3396130338876,785.7735237849022,8
3.3499999999999996,3.3499999999999996,3.3499999999999996,2269.372532543019,1782.2646034247712,848.5867555318911,8
3.3499999999999996,3.3499999999999996,3.3499999999999996,2472.5873813395224,1941.860538735784,924.5749094128624,8
3.3499999999999996,3.3499999999999996,3.3499999999999996,1743.9126796420633,1369.5917245049202,652.1014868766734,8
3.3499999999999996,3.3499999999999996,3.3499999999999996,994.9050223127111,781.3543081225531,372.0249596925634,8
3.3499999999999996,3.3499999999999996,3.3499999999999996,1471.8727468096738,1155.9436186728162,550.377560695781,8
3.3499999999999996,3.3499999999999996,3.3499999999999996,1773.4099313251536,1392.7575585930647,663.1313978956508,8
3.3499999999999996,3.3499999999999996,3.3499999999999996,1692.1698479339825,1328.9551978386976,632.75328333074,8
3.3499999999999996,3.3499999999999996,3.3499999999999996,1672.644986711843,1313.6212372200741,625.452349526743,8
3.3499999999999996,3.3499999999999996,3.3499999999999996,1526.0619254983867,1198.5013978300922,570.6405270748021,8
3.3499999999999996,3.3499999999999996,3.3499999999999996,2260.163249100344,1775.0320403848043,845.1431270199006,8
3.3499999999999996,3.3499999999999996,3.3499999999999996,2042.609953848468,1604.1753247395575,763.7933960587231,8
3.3499999999999996,3.3499999999999996,3.3499999999999996,2374.050112813598,1864.4737354262716,887.7288562425227,8
3.3499999999999996,3.3499999999999996,3.3499999999999996,2152.3448574089575,1690.356254301145,804.8265823010244,8
3.3499999999999996,3.3499999999999996,3.3499999999999996,2564.127866530023,2013.7523785266426,958.8046545136262,8
3.3499999999999996,3.3499999999999996,3.3499999999999996,2717.514338648306,2134.215315298983,1016.1604772579332,8
3.3499999999999996,3.3499999999999996,3.3499999999999996,3237.9059645900325,2542.9078334001388,1210.750583171046,8
3.3499999999999996,3.3499999999999996,3.3499999999999996,2721.0269222211277,2136.9739427515665,1017.4739380735778,8
3.3499999999999996,3.3499999999999996,3.3499999999999996,2513.003256172195,1973.6013755079648,939.6876225546793,8
3.3499999999999996,3.3499999999999996,3.3499999999999996,2245.4258714498515,1763.4579571714405,839.6323775479018,8
3.3499999999999996,3.3499999999999996,3.3499999999999996,2793.282587244933,2193.7203395295946,1044.4925079522927,8
3.3499999999999996,3.3499999999999996,3.3499999999999996,2774.720954106465,2179.1428555554776,1037.5517541463519,8
3.3499999999999996,3.3499999999999996,3.3499999999999996,2295.8803553690345,1803.0826725867003,858.4988290436545,8
3.3499999999999996,3.3499999999999996,3.3499999999999996,2464.028764754777,1935.138980607034,921.3745848406106,8
3.3499999999999996,3.3499999999999996,3.3499999999999996,1925.636707911129,1512.3097218946145,720.0535755442086,8
3.3499999999999996,3.3499999999999996,3.3499999999999996,1944.6287653462455,1527.225242033958,727.1552779613437,8
3.3499999999999996,3.3499999999999996,3.3499999999999996,1981.3901474785378,1556.0960022144989,740.9014661896613,8
3.3499999999999996,3.3499999999999996,3.3499999999999996,1336.9812232174186,1050.0057947355929,499.937556371927,8
3.3499999999999996,3.3499999999999996,3.3499999999999996,1270.742690538666,997.9849870086897,475.1689735451715,8
3.3499999999999996,3.3499999999999996,3.3499999999999996,1021.6793242596508,802.3816581751091,382.0366777754137,8
3.3499999999999996,3.3499999999999996,3.3499999999999996,1907.9980351107931,1498.4570900624126,713.4579444131872,8
3.3499999999999996,3.3499999999999996,3.3499999999999996,1697.680060733342,1333.2826747464367,634.8137178934421,8
3.3499999999999996,3.3499999999999996,3.3499999999999996,1418.3797604856745,1113.932598141994,530.3749216149565,8
3.3499999999999996,3.3499999999999996,3.3499999999999996,1891.8594267648346,1498.2634458155087,715.7392629150271,9
3.3499999999999996,3.3499999999999996,3.3499999999999996,1925.152664271994,1524.6301198104848,728.3349541890763,9
3.3499999999999996,3.3499999999999996,3.3499999999999996,1838.3194198677759,1455.8622853023576,695.4836960738395,9
3.3499999999999996,3.3499999999999996,3.3499999999999996,1566.3196840670848,1240.4513220689312,592.5791738557263,9
3.3499999999999996,3.3499999999999996,3.3499999999999996,1666.8502580914237,1320.0667956694651,630.6124853875714,9
3.3499999999999996,3.3499999999999996,3.3499999999999996,1442.4619119246274,1142.361807670641,545.7205810420228,9
3.3499999999999996,3.3499999999999996,3.3499999999999996,1251.4205076432067,991.066025001639,473.44468572327804,9
3.3499999999999996,3.3499999999999996,3.3499999999999996,1264.861003296535,1001.7102637046486,478.5295722196158,9
3.3499999999999996,3.3499999999999996,3.3499999999999996,1983.577373070531,1570.899733866828,750.4385298669998,9
3.3499999999999996,3.3499999999999996,3.3499999999999996,2305.308063160596,1825.6952675832247,872.1575559872373,9
3.3499999999999996,3.3499999999999996,3.3499999999999996,1483.9578706989848,1175.2246500685053,561.4195735395256,9
3.3499999999999996,3.3499999999999996,3.3499999999999996,1401.3744411675875,1109.8224685181772,530.1761301073277,9
3.3499999999999996,3.3499999999999996,3.3499999999999996,1294.3946228683315,1025.0994975985814,489.7029029673859,9
3.3499999999999996,3.3499999999999996,3.3499999999999996,2285.05015469844,1809.651959445142,864.4934662214887,9
3.3499999999999996,3.3499999999999996,3.3499999999999996,1798.1516180613949,1424.0512805871836,680.2871796460944,9
3.3499999999999996,3.3499999999999996,3.3499999999999996,1703.1909320775378,1348.8468956385213,644.3611005566887,9
3.3499999999999996,3.3499999999999996,3.3499999999999996,1959.332824555525,1551.6991948170262,741.2661912469408,9
3.3499999999999996,3.3499999999999996,3.3499999999999996,1773.9823501830322,1404.9103602513649,671.1433216343831,9
3.3499999999999996,3.3499999999999996,3.3499999999999996,1499.9675754570426,1187.903581218435,567.4764581689585,9
3.3499999999999996,3.3499999999999996,3.3499999999999996,2104.2240475081003,1666.4462103183698,796.0822815186542,9
3.3499999999999996,3.3499999999999996,3.3499999999999996,2525.0077395153144,1999.6870502087788,955.2756154963924,9
3.3499999999999996,3.3499999999999996,3.3499999999999996,1716.3169420171962,1359.242076487466,649.3270089885281,9
3.3499999999999996,3.3499999999999996,3.3499999999999996,1948.0028579267926,1542.7263955688452,736.9797723677285,9
3.3499999999999996,3.3499999999999996,3.3499999999999996,1864.9171927805182,1476.9264670969903,705.5463202363024,9
3.3499999999999996,3.3499999999999996,3.3499999999999996,1851.9198549489217,1466.6331884894478,700.629091784846,9
3.3499999999999996,3.3499999999999996,3.3499999999999996,2222.896414017022,1760.429127998881,840.9791015105741,9
3.3499999999999996,3.3499999999999996,3.3499999999999996,1952.3287900594798,1546.1523298067643,738.6163841752794,9
3.3499999999999996,3.3499999999999996,3.3499999999999996,2101.3913484615714,1664.2028462637436,795.0105983381075,9
3.3499999999999996,3.3499999999999996,3.3499999999999996,2269.3725513993363,1797.2360369887829,858.5622241477774,9
3.3499999999999996,3.3499999999999996,3.3499999999999996,2472.587401884361,1958.172614950726,935.4436484448579,9
3.3499999999999996,3.3499999999999996,3.3499999999999996,1743.9126941323111,1381.09661074563,659.7671944478855,9
3.3499999999999996,3.3499999999999996,3.3499999999999996,994.9050305794211,787.9178644494492,376.3982583394571,9
3.3499999999999996,3.3499999999999996,3.3499999999999996,1471.8727590395297,1165.6538115686685,556.847463799757,9
3.3499999999999996,3.3499999999999996,3.3499999999999996,1773.4099460604955,1404.4570431809218,670.9267663771805,9
3.3499999999999996,3.3499999999999996,3.3499999999999996,1692.169861994297,1340.1187278867937,640.1915452153582,9
3.3499999999999996,3.3499999999999996,3.3499999999999996,1672.6450006099244,1324.65595846378,632.80478608407,9
3.3499999999999996,3.3499999999999996,3.3499999999999996,1526.061938178503,1208.5690858824212,577.3486292596157,9
3.3499999999999996,3.3499999999999996,3.3499999999999996,2260.1632678801407,1789.942718751837,855.0781144381695,9
3.3499999999999996,3.3499999999999996,3.3499999999999996,2042.6099708206045,1617.650767304716,772.772085629042,9
3.3499999999999996,3.3499999999999996,3.3499999999999996,2374.050132539686,1880.1357446521406,898.1644555340923,9
3.3499999999999996,3.3499999999999996,3.3499999999999996,2152.3448752928866,1704.5556365433508,814.2876329957675,9
3.3499999999999996,3.3499999999999996,3.3499999999999996,2564.127887835475,2030.668362770256,970.0757775632327,9
3.3499999999999996,3.3499999999999996,3.3499999999999996,2717.514361228253,2152.1432159838178,1028.1058403967165,9
3.3499999999999996,3.3499999999999996,3.3499999999999996,3237.905991493937,2564.268845459739,1224.9834289765622,9
3.3499999999999996,3.3499999999999996,3.3499999999999996,2721.026944830261,2154.9250165429953,1029.4347414570493,9
3.3499999999999996,3.3499999999999996,3.3499999999999996,2513.0032770528505,1990.1800820695396,950.734017429951,9
3.3499999999999996,3.3499999999999996,3.3499999999999996,2245.425890107195,1778.2714105711136,849.5025839546248,9
3.3499999999999996,3.3499999999999996,3.3499999999999996,2793.282610454442,2212.1480961366547,1056.7709251732585,9
3.3499999999999996,3.3499999999999996,3.3499999999999996,2774.720977161744,2197.4481579363633,1049.7485800965248,9
3.3499999999999996,3.3499999999999996,3.3499999999999996,2295.8803744456063,1818.22898273121,868.5908179535359,9
3.3499999999999996,3.3499999999999996,3.3499999999999996,2464.0287852285014,1951.394594184062,932.205702807791,9
3.3499999999999996,3.3499999999999996,3.3499999999999996,1925.6367239113297,1525.0134722165628,728.5180864475112,9
3.3499999999999996,3.3499999999999996,3.3499999999999996,1944.6287815042522,1540.0542861638005,735.7032721492011,9
3.3499999999999996,3.3499999999999996,3.3499999999999996,1981.3901639419964,1569.167567385917,749.6110521869192,9
3.3499999999999996,3.3499999999999996,3.3499999999999996,1336.981234326455,1058.8260854867553,505.8145175323272,9
3.3499999999999996,3.3499999999999996,3.3499999999999996,1270.7427010973233,1006.3682909817198,480.7547703443116,9
3.3499999999999996,3.3499999999999996,3.3499999999999996,1021.6793327488297,809.121849090233,386.52766807713874,9
3.3499999999999996,3.3499999999999996,3.3499999999999996,1907.9980509644336,1511.0444750832917,721.8449210974833,9
3.3499999999999996,3.3499999999999996,3.3499999999999996,1697.6800748394412,1344.4825565982428,642.2762009907784,9
3.3499999999999996,3.3499999999999996,3.3499999999999996,1418.379772271055,1123.2898887798842,536.6096858871222,9
3.3499999999999996,3.3499999999999996,3.3499999999999996,1891.8594267648346,1487.0497250256085,708.2654521088948,10
3.3499999999999996,3.3499999999999996,3.3499999999999996,1925.152664271994,1513.219058211688,720.7296180937327,10
3.3499999999999996,3.3499999999999996,3.3499999999999996,1838.3194198677759,1444.965915093552,688.2213956349398,10
3.3499999999999996,3.3499999999999996,3.3499999999999996,1566.3196840670848,1231.1671906179552,586.3914112688109,10
3.3499999999999996,3.3499999999999996,3.3499999999999996,1666.8502580914237,1310.18678390518,624.0275756977265,10
3.3499999999999996,3.3499999999999996,3.3499999999999996,1442.4619119246274,1133.8118250971213,540.0221199025439,10
3.3499999999999996,3.3499999999999996,3.3499999999999996,1251.4205076432067,983.6484124851196,468.5009356852357,10
3.3499999999999996,3.3499999999999996,3.3499999999999996,1264.861003296535,994.212984610686,473.53272536040777,10
3.3499999999999996,3.3499999999999996,3.3499999999999996,1983.577373070531,1559.1423683289386,742.6023863375597,10
3.3499999999999996,3.3499999999999996,3.3499999999999996,2305.308063160596,1812.0308903101231,863.0504119414574,10
3.3499999999999996,3.3499999999999996,3.3499999999999996,1483.9578706989848,1166.4287062522944,555.5571821731432,10
3.3499999999999996,3.3499999999999996,3.3499999999999996,1401.3744411675875,1101.5160259342117,524.6399854584906,10
3.3499999999999996,3.3499999999999996,3.3499999999999996,1294.3946228683315,1017.4271622826245,484.5893832296453,10
3.3499999999999996,3.3499999999999996,3.3499999999999996,2285.05015469844,1796.1076579694638,855.4663512587541,10
3.3499999999999996,3.3499999999999996,3.3499999999999996,1798.1516180613949,1413.392999164378,673.1835625358565,10
3.3499999999999996,3.3499999999999996,3.3499999999999996,1703.1909320775378,1338.7514798301347,637.6326266473797,10
3.3499999999999996,3.3499999999999996,3.3499999999999996,1959.332824555525,1540.085535303949,733.525826064516,10
3.3499999999999996,3.3499999999999996,3.3499999999999996,1773.9823501830322,1394.3953386383791,664.1351854742041,10
3.3499999999999996,3.3499999999999996,3.3499999999999996,1499.9675754570426,1179.0127422125784,561.5508202934902,10
3.3499999999999996,3.3499999999999996,3.3499999999999996,2104.2240475081003,1653.9737292162724,787.769522017446,10
3.3499999999999996,3.3499999999999996,3.3499999999999996,2525.0077395153144,1984.7204351512942,945.3005455402553,10
3.3499999999999996,3.3499999999999996,3.3499999999999996,1716.3169420171962,1349.0688581698303,642.5466806372131,10
3.3499999999999996,3.3499999999999996,3.3499999999999996,1948.0028579267926,1531.1798927802777,729.2841663390891,10
3.3499999999999996,3.3499999999999996,3.3499999999999996,1864.9171927805182,1465.8724424690154,698.1789450123517,10
3.3499999999999996,3.3499999999999996,3.3499999999999996,1851.9198549489217,1455.6562036855707,693.3130626823682,10
3.3499999999999996,3.3499999999999996,3.3499999999999996,2222.896414017022,1747.253233754834,832.1975255620888,10
3.3499999999999996,3.3499999999999996,3.3499999999999996,1952.3287900594798,1534.5801856864964,730.9036885056959,10
3.3499999999999996,3.3499999999999996,3.3499999999999996,2101.3913484615714,1651.7471555720433,786.7090294446394,10
3.3499999999999996,3.3499999999999996,3.3499999999999996,2269.3725513993363,1783.7846622197958,849.5970437237794,10
3.3499999999999996,3.3499999999999996,3.3499999999999996,2472.587401884361,1943.5167137980864,925.6756655905975,10
3.3499999999999996,3.3499999999999996,3.3499999999999996,1743.9126941323111,1370.7598226326763,652.8778487840559,10
3.3499999999999996,3.3499999999999996,3.3499999999999996,994.9050305794211,782.0207100057582,372.46787542441393,10
3.3499999999999996,3.3499999999999996,3.3499999999999996,1471.8727590395297,1156.9295004889843,551.0328147956434,10
3.3499999999999996,3.3499999999999996,3.3499999999999996,1773.4099460604955,1393.9454144098765,663.9208915055817,10
3.3499999999999996,3.3499999999999996,3.3499999999999996,1692.169861994297,1330.0886378637013,633.5066101607432,10
3.3499999999999996,3.3499999999999996,3.3499999999999996,1672.6450006099244,1314.7415992084852,626.196984202215,10
3.3499999999999996,3.3499999999999996,3.3499999999999996,1526.061938178503,1199.5235763478724,571.3199053264163,10
3.3499999999999996,3.3499999999999996,3.3499999999999996,2260.1632678801407,1776.5459306675675,846.1493153867557,10
3.3499999999999996,3.3499999999999996,3.3499999999999996,2042.6099708206045,1605.5434946546452,764.70273319373,10
3.3499999999999996,3.3499999999999996,3.3499999999999996,2374.050132539686,1866.0639087900813,888.7857452114037,10
3.3499999999999996,3.3499999999999996,3.3499999999999996,2152.3448752928866,1691.7979262538609,805.7847716521021,10
3.3499999999999996,3.3499999999999996,3.3499999999999996,2564.127887835475,2015.4698687399919,959.9461630446841,10
3.3499999999999996,3.3499999999999996,3.3499999999999996,2717.514361228253,2136.035546006737,1017.3702709820806,10
3.3499999999999996,3.3499999999999996,3.3499999999999996,3237.905991493937,2545.0766300028818,1212.1920468864826,10
3.3499999999999996,3.3499999999999996,3.3499999999999996,2721.026944830261,2138.796526238988,1018.6852955434987,10
3.3499999999999996,3.3499999999999996,3.3499999999999996,2513.0032770528505,1975.284621712231,940.8063712305708,10
3.3499999999999996,3.3499999999999996,3.3499999999999996,2245.425890107195,1764.9619761438778,840.6320050709969,10
3.3499999999999996,3.3499999999999996,3.3499999999999996,2793.282610454442,2195.591320914468,1045.7360324834276,10
3.3499999999999996,3.3499999999999996,3.3499999999999996,2774.720977161744,2181.0014040879664,1038.7870153366234,10
3.3499999999999996,3.3499999999999996,3.3499999999999996,2295.8803744456063,1804.6204867077656,859.5209180923916,10
3.3499999999999996,3.3499999999999996,3.3499999999999996,2464.0287852285014,1936.7894229832189,922.4715308597443,10
3.3499999999999996,3.3499999999999996,3.3499999999999996,1925.6367239113297,1513.599541424862,720.9108380694094,10
3.3499999999999996,3.3499999999999996,3.3499999999999996,1944.6287815042522,1528.5277827210566,728.0209954453892,10
3.3499999999999996,3.3499999999999996,3.3499999999999996,1981.3901639419964,1557.4231662110926,741.7835492504261,10
3.3499999999999996,3.3499999999999996,3.3499999999999996,1336.981234326455,1050.9013242434155,500.53275893264504,10
3.3499999999999996,3.3499999999999996,3.3499999999999996,1270.7427010973233,998.8361489819962,475.734687775325,10
3.3499999999999996,3.3499999999999996,3.3499999999999996,1021.6793327488297,803.0659938759538,382.4915129963367,10
3.3499999999999996,3.3499999999999996,3.3499999999999996,1907.9980509644336,1499.7350949525617,714.3073544846392,10
3.3499999999999996,3.3499999999999996,3.3499999999999996,1697.6800748394412,1334.4198055922764,635.5694977816569,10
3.3499999999999996,3.3499999999999996,3.3499999999999996,1418.379772271055,1114.8826495763415,531.0063614967224,10
3.3499999999999996,3.3499999999999996,3.3499999999999996,1891.8594267648346,1485.9094321008836,707.5075510543057,11
3.3499999999999996,3.3499999999999996,3.3499999999999996,1925.152664271994,1512.0586982340767,719.9583793780782,11
3.3499999999999996,3.3499999999999996,3.3499999999999996,1838.3194198677759,1443.8578926907226,687.4849433344789,11
3.3499999999999996,3.3499999999999996,3.3499999999999996,1566.3196840670848,1230.2231124119685,585.7639252497212,11
3.3499999999999996,3.3499999999999996,3.3499999999999996,1666.8502580914237,1309.1821122424828,623.3598159526962,11
3.3499999999999996,3.3499999999999996,3.3499999999999996,1442.4619119246274,1132.9424005040028,539.4442527583016,11
3.3499999999999996,3.3499999999999996,3.3499999999999996,1251.4205076432067,982.8941355390988,467.9996019661131,11
3.3499999999999996,3.3499999999999996,3.3499999999999996,1264.861003296535,993.4506065859687,473.02600722123475,11
3.3499999999999996,3.3499999999999996,3.3499999999999996,1983.577373070531,1557.9467936407998,741.8077419989576,11
3.3499999999999996,3.3499999999999996,3.3499999999999996,2305.308063160596,1810.6413967586761,862.1268785184644,11
3.3499999999999996,3.3499999999999996,3.3499999999999996,1483.9578706989848,1165.534270525935,554.9626912615792,11
3.3499999999999996,3.3499999999999996,3.3499999999999996,1401.3744411675875,1100.6713662636535,524.0785784364841,11
3.3499999999999996,3.3499999999999996,3.3499999999999996,1294.3946228683315,1016.6469832643648,484.07083357640596,11
3.3499999999999996,3.3499999999999996,3.3499999999999996,2285.05015469844,1794.730374600953,854.5509333912667,11
3.3499999999999996,3.3499999999999996,3.3499999999999996,1798.1516180613949,1412.3091873659694,672.4632019274734,11
3.3499999999999996,3.3499999999999996,3.3499999999999996,1703.1909320775378,1337.724904313039,636.9503084025216,11
3.3499999999999996,3.3499999999999996,3.3499999999999996,1959.332824555525,1538.9045736926296,732.7408943761394,11
3.3499999999999996,3.3499999999999996,3.3499999999999996,1773.9823501830322,1393.3260945423947,663.4245073577413,11
3.3499999999999996,3.3499999999999996,3.3499999999999996,1499.9675754570426,1178.108656851154,560.9499157066033,11
3.3499999999999996,3.3499999999999996,3.3499999999999996,2104.2240475081003,1652.7054363613893,786.9265452073639,11
3.3499999999999996,3.3499999999999996,3.3499999999999996,2525.0077395153144,1983.1985205631854,944.288997852541,11
3.3499999999999996,3.3499999999999996,3.3499999999999996,1716.3169420171962,1348.0343711260894,641.8591039589669,11
3.3499999999999996,3.3499999999999996,3.3499999999999996,1948.0028579267926,1530.005760154559,728.5037735681049,11
3.3499999999999996,3.3499999999999996,3.3499999999999996,1864.9171927805182,1464.748388614886,697.4318373323977,11
3.3499999999999996,3.3499999999999996,3.3499999999999996,1851.9198549489217,1454.5399838026976,692.5711618882483,11
3.3499999999999996,3.3499999999999996,3.3499999999999996,2222.896414017022,1745.9134127208604,831.3070072114168,11
3.3499999999999996,3.3499999999999996,3.3499999999999996,1952.3287900594798,1533.4034456631382,730.1215627156096,11
3.3499999999999996,3.3499999999999996,3.3499999999999996,2101.3913484615714,1650.4805700885615,785.8671874469879,11
3.3499999999999996,3.3499999999999996,3.3499999999999996,2269.3725513993363,1782.4168283166441,848.6879064878789,11
3.3499999999999996,3.3499999999999996,3.3499999999999996,2472.587401884361,1942.0263948662225,924.6851181043835,11
3.3499999999999996,3.3499999999999996,3.3499999999999996,1743.9126941323111,1369.7087026190416,652.1792169241537,11
3.3499999999999996,3.3499999999999996,3.3499999999999996,994.9050305794211,781.4210443270651,372.06930481117246,11
3.3499999999999996,3.3499999999999996,3.3499999999999996,1471.8727590395297,1156.0423489017767,550.4431653214195,11
3.3499999999999996,3.3499999999999996,3.3499999999999996,1773.4099460604955,1392.8765153228087,663.2104427009173,11
3.3499999999999996,3.3499999999999996,3.3499999999999996,1692.169861994297,1329.0687051489517,632.828707085702,11
3.3499999999999996,3.3499999999999996,3.3499999999999996,1672.6450006099244,1313.7334348423656,625.5269030154309,11
3.3499999999999996,3.3499999999999996,3.3499999999999996,1526.061938178503,1198.6037629588973,570.7085470320576,11
3.3499999999999996,3.3499999999999996,3.3499999999999996,2260.1632678801407,1775.1836475366829,845.2438674977446,11
3.3499999999999996,3.3499999999999996,3.3499999999999996,2042.6099708206045,1604.3123388590573,763.8844397047435,11
3.3499999999999996,3.3499999999999996,3.3499999999999996,2374.050132539686,1864.632981877236,887.8346729099186,11
3.3499999999999996,3.3499999999999996,3.3499999999999996,2152.3448752928866,1690.5006292146927,804.9225170745444,11
3.3499999999999996,3.3499999999999996,3.3499999999999996,2564.127887835475,2013.9243750065657,958.9189433671551,11
3.3499999999999996,3.3499999999999996,3.3499999999999996,2717.514361228253,2134.3976006313524,1016.2816028859746,11
3.3499999999999996,3.3499999999999996,3.3499999999999996,3237.905991493937,2543.125025543909,1210.8949038055032,11
3.3499999999999996,3.3499999999999996,3.3499999999999996,2721.026944830261,2137.156463700894,1017.5952202652428,11
3.3499999999999996,3.3499999999999996,3.3499999999999996,2513.0032770528505,1973.7699426530507,939.7996326711838,11
3.3499999999999996,3.3499999999999996,3.3499999999999996,2245.425890107195,1763.6085757700127,839.7324611482097,11
3.3499999999999996,3.3499999999999996,3.3499999999999996,2793.282610454442,2193.9077072419104,1044.6170107388525,11
3.3499999999999996,3.3499999999999996,3.3499999999999996,2774.720977161744,2179.3289781912104,1037.6754295998448,11
3.3499999999999996,3.3499999999999996,3.3499999999999996,2295.8803744456063,1803.2366755693918,858.6011615119685,11
3.3499999999999996,3.3499999999999996,3.3499999999999996,2464.0287852285014,1935.3042626428862,921.4844120556502,11
3.3499999999999996,3.3499999999999996,3.3499999999999996,1925.6367239113297,1512.4388896867881,720.1394054337914,11
3.3499999999999996,3.3499999999999996,3.3499999999999996,1944.6287815042522,1527.3556837747,727.2419543689564,11
3.3499999999999996,3.3499999999999996,3.3499999999999996,1981.3901639419964,1556.2289098339547,740.98978113343,11
3.3499999999999996,3.3499999999999996,3.3499999999999996,1336.981234326455,1050.0954767156213,499.99714858383874,11
3.3499999999999996,3.3499999999999996,3.3499999999999996,1270.7427010973233,998.070225842725,475.22561335909313,11
3.3499999999999996,3.3499999999999996,3.3499999999999996,1021.6793327488297,802.4501903453165,382.0822162839132,11
3.3499999999999996,3.3499999999999996,3.3499999999999996,1907.9980509644336,1498.5850746883054,713.542988108088,11
3.3499999999999996,3.3499999999999996,3.3499999999999996,1697.6800748394412,1333.3965516705528,634.8893872507829,11
3.3499999999999996,3.3499999999999996,3.3499999999999996,1418.379772271055,1114.0277401702767,530.4381419398127,11
3.3499999999999996,3.3499999999999996,3.3499999999999996,1891.8594267648346,1485.7952113827316,707.4316552510322,12
3.3499999999999996,3.3499999999999996,3.3499999999999996,1925.152664271994,1511.942467441897,719.8811479486116,12
3.3499999999999996,3.3499999999999996,3.3499999999999996,1838.3194198677759,1443.746904442146,687.4111953978878,12
3.3499999999999996,3.3499999999999996,3.3499999999999996,1566.3196840670848,1230.1285461050647,585.7010891378392,12
3.3499999999999996,3.3499999999999996,3.3499999999999996,1666.8502580914237,1309.0814764178344,623.2929468515965,12
3.3499999999999996,3.3499999999999996,3.3499999999999996,1442.4619119246274,1132.855312090796,539.3863854538137,12
3.3499999999999996,3.3499999999999996,3.3499999999999996,1251.4205076432067,982.8185812209125,467.94939867758274,12
3.3499999999999996,3.3499999999999996,3.3499999999999996,1264.861003296535,993.3742407999518,472.9752647397816,12
3.3499999999999996,3.3499999999999996,3.3499999999999996,1983.577373070531,1557.8270354659285,741.7281667430191,12
3.3499999999999996,3.3499999999999996,3.3499999999999996,2305.308063160596,1810.5022141435143,862.034396379056,12
3.3499999999999996,3.3499999999999996,3.3499999999999996,1483.9578706989848,1165.4446768006821,554.9031592619879,12
3.3499999999999996,3.3499999999999996,3.3499999999999996,1401.3744411675875,1100.5867585000926,524.0223594397687,12
3.3499999999999996,3.3499999999999996,3.3499999999999996,1294.3946228683315,1016.5688343906672,484.0189062935085,12
3.3499999999999996,3.3499999999999996,3.3499999999999996,2285.05015469844,1794.5924150538585,854.4592639392145,12
3.3499999999999996,3.3499999999999996,3.3499999999999996,1798.1516180613949,1412.2006242421685,672.3910654042571,12
3.3499999999999996,3.3499999999999996,3.3499999999999996,1703.1909320775378,1337.62207442586,636.881981421093,12
3.3499999999999996,3.3499999999999996,3.3499999999999996,1959.332824555525,1538.7862792785977,732.6622917397615,12
3.3499999999999996,3.3499999999999996,3.3499999999999996,1773.9823501830322,1393.218990634377,663.3533404340492,12
3.3499999999999996,3.3499999999999996,3.3499999999999996,1499.9675754570426,1178.0180965424706,560.8897414450206,12
3.3499999999999996,3.3499999999999996,3.3499999999999996,2104.2240475081003,1652.5783941623447,786.8421299637712,12
3.3499999999999996,3.3499999999999996,3.3499999999999996,2525.0077395153144,1983.0460736142918,944.1877020120828,12
3.3499999999999996,3.3499999999999996,3.3499999999999996,1716.3169420171962,1347.9307487581054,641.7902504008516,12
3.3499999999999996,3.3499999999999996,3.3499999999999996,1948.0028579267926,1529.8881497854975,728.4256254564693,12
3.3499999999999996,3.3499999999999996,3.3499999999999996,1864.9171927805182,1464.6357945299133,697.3570223718448,12
3.3499999999999996,3.3499999999999996,3.3499999999999996,1851.9198549489217,1454.4281744299715,692.4968683424376,12
3.3499999999999996,3.3499999999999996,3.3499999999999996,2222.896414017022,1745.7792056961766,831.2178311835635,12
3.3499999999999996,3.3499999999999996,3.3499999999999996,1952.3287900594798,1533.2855741165981,730.0432410603747,12
3.3499999999999996,3.3499999999999996,3.3499999999999996,2101.3913484615714,1650.3536989132806,785.7828858429008,12
3.3499999999999996,3.3499999999999996,3.3499999999999996,2269.3725513993363,1782.2798153024066,848.59686597489,12
3.3499999999999996,3.3499999999999996,3.3499999999999996,2472.587401884361,1941.877112787046,924.5859252127894,12
3.3499999999999996,3.3499999999999996,3.3499999999999996,1743.9126941323111,1369.6034141618227,652.1092563061037,12
3.3499999999999996,3.3499999999999996,3.3499999999999996,994.9050305794211,781.3609770908434,372.0293921646997,12
3.3499999999999996,3.3499999999999996,3.3499999999999996,1471.8727590395297,1155.9534848132578,550.3841181407552,12
3.3499999999999996,3.3499999999999996,3.3499999999999996,1773.4099460604955,1392.7694459736006,663.1392987403852,12
3.3499999999999996,3.3499999999999996,3.3499999999999996,1692.169861994297,1328.9665406571623,632.760822237,12
3.3499999999999996,3.3499999999999996,3.3499999999999996,1672.6450006099244,1313.6324491610408,625.4598014464046,12
3.3499999999999996,3.3499999999999996,3.3499999999999996,1526.061938178503,1198.5116272071298,570.6473259418408,12
3.3499999999999996,3.3499999999999996,3.3499999999999996,2260.1632678801407,1775.0471905315028,845.1531964339657,12
3.3499999999999996,3.3499999999999996,3.3499999999999996,2042.6099708206045,1604.189016600294,763.8024962356267,12
3.3499999999999996,3.3499999999999996,3.3499999999999996,2374.050132539686,1864.489648970345,887.7394330420555,12
3.3499999999999996,3.3499999999999996,3.3499999999999996,2152.3448752928866,1690.3706817281677,804.8361713657032,12
3.3499999999999996,3.3499999999999996,3.3499999999999996,2564.127887835475,2013.7695661848113,958.8160781420803,12
3.3499999999999996,3.3499999999999996,3.3499999999999996,2717.514361228253,2134.233531125164,1016.1725842493703,12
3.3499999999999996,3.3499999999999996,3.3499999999999996,3237.905991493937,2542.929537474116,1210.7650085962334,12
3.3499999999999996,3.3499999999999996,3.3499999999999996,2721.026944830261,2136.992182123018,1017.4860607141759,12
3.3499999999999996,3.3499999999999996,3.3499999999999996,2513.0032770528505,1973.6182204717074,939.6988184142452,12
3.3499999999999996,3.3499999999999996,3.3499999999999996,2245.425890107195,1763.4730085317196,839.6423813044275,12
3.3499999999999996,3.3499999999999996,3.3499999999999996,2793.282610454442,2193.7390632394786,1044.5049525042436,12
3.3499999999999996,3.3499999999999996,3.3499999999999996,2774.720977161744,2179.1614548444977,1037.5641160030507,12
3.3499999999999996,3.3499999999999996,3.3499999999999996,2295.8803744456063,1803.098062149467,858.5090575835404,12
3.3499999999999996,3.3499999999999996,3.3499999999999996,2464.0287852285014,1935.1554972888575,921.3855625104363,12
3.3499999999999996,3.3499999999999996,3.3499999999999996,1925.6367239113297,1512.3226296695832,720.0621545852838,12
3.3499999999999996,3.3499999999999996,3.3499999999999996,1944.6287815042522,1527.238277114977,727.1639416152849,12
3.3499999999999996,3.3499999999999996,3.3499999999999996,1981.3901639419964,1556.1092837114936,740.9102936218512,12
3.3499999999999996,3.3499999999999996,3.3499999999999996,1336.981234326455,1050.0147566818914,499.94351285207915,12
3.3499999999999996,3.3499999999999996,3.3499999999999996,1270.7427010973233,997.9935049501192,475.17463492132475,12
3.3499999999999996,3.3499999999999996,3.3499999999999996,1021.6793327488297,802.3885066147726,382.0412295316472,12
3.3499999999999996,3.3499999999999996,3.3499999999999996,1907.9980509644336,1498.4698796032317,713.4664448709566,12
3.3499999999999996,3.3499999999999996,3.3499999999999996,1697.6800748394412,1333.2940545005215,634.8212813486432,12
3.3499999999999996,3.3499999999999996,3.3499999999999996,1418.379772271055,1113.9421057124998,530.3812407395224,12
3.3499999999999996,3.3499999999999996,3.3499999999999996,1891.8594267648346,1485.7837873944227,707.4240646132533,13
3.3499999999999996,3.3499999999999996,3.3499999999999996,1925.152664271994,1511.9308424124586,719.8734237296044,13
3.3499999999999996,3.3499999999999996,3.3499999999999996,1838.3194198677759,1443.7358037550316,687.4038195767034,13
3.3499999999999996,3.3499999999999996,3.3499999999999996,1566.3196840670848,1230.1190878876598,585.6948046511593,13
3.3499999999999996,3.3499999999999996,3.3499999999999996,1666.8502580914237,1309.0714111468153,623.2862590098036,13
3.3499999999999996,3.3499999999999996,3.3499999999999996,1442.4619119246274,1132.846601788231,539.3805979171032,13
3.3499999999999996,3.3499999999999996,3.3499999999999996,1251.4205076432067,982.8110245213787,467.9443776492503,13
3.3499999999999996,3.3499999999999996,3.3499999999999996,1264.861003296535,993.366602940019,472.97018978464445,13
3.3499999999999996,3.3499999999999996,3.3499999999999996,1983.577373070531,1557.815057639036,741.7202081087083,13
3.3499999999999996,3.3499999999999996,3.3499999999999996,2305.308063160596,1810.4882935466728,862.0251468765674,13
3.3499999999999996,3.3499999999999996,3.3499999999999996,1483.9578706989848,1165.435715924876,554.8972052325731,13
3.3499999999999996,3.3499999999999996,3.3499999999999996,1401.3744411675875,1100.578296304115,524.0167367568013,13
3.3499999999999996,3.3499999999999996,3.3499999999999996,1294.3946228683315,1016.5610181920486,484.0137128417193,13
3.3499999999999996,3.3499999999999996,3.3499999999999996,2285.05015469844,1794.578616784345,854.4500957167845,13
3.3499999999999996,3.3499999999999996,3.3499999999999996,1798.1516180613949,1412.189766108223,672.383850746862,13
3.3499999999999996,3.3499999999999996,3.3499999999999996,1703.1909320775378,1337.6117897117742,636.8751477709543,13
3.3499999999999996,3.3499999999999996,3.3499999999999996,1959.332824555525,1538.774447852349,732.6544303809583,13
3.3499999999999996,3.3499999999999996,3.3499999999999996,1773.9823501830322,1393.2082784464933,663.3462227501159,13
3.3499999999999996,3.3499999999999996,3.3499999999999996,1499.9675754570426,1178.0090389921036,560.8837231804583,13
3.3499999999999996,3.3499999999999996,3.3499999999999996,2104.2240475081003,1652.5656878108168,786.8336872632598,13
3.3499999999999996,3.3499999999999996,3.3499999999999996,2525.0077395153144,1983.0308263615163,944.1775710166886,13
3.3499999999999996,3.3499999999999996,3.3499999999999996,1716.3169420171962,1347.9203847826418,641.783364085708,13
3.3499999999999996,3.3499999999999996,3.3499999999999996,1948.0028579267926,1529.8763867752232,728.417809556473,13
3.3499999999999996,3.3499999999999996,3.3499999999999996,1864.9171927805182,1464.624533232216,697.3495398333972,13
3.3499999999999996,3.3499999999999996,3.3499999999999996,1851.9198549489217,1454.416991616665,692.4894379527292,13
3.3499999999999996,3.3499999999999996,3.3499999999999996,2222.896414017022,1745.765782741867,831.2089123382941,13
3.3499999999999996,3.3499999999999996,3.3499999999999996,1952.3287900594798,1533.2737849841935,730.0354078036006,13
3.3499999999999996,3.3499999999999996,3.3499999999999996,2101.3913484615714,1650.3410096669988,785.7744545079231,13
3.3499999999999996,3.3499999999999996,3.3499999999999996,2269.3725513993363,1782.2661117020605,848.5877606551293,13
3.3499999999999996,3.3499999999999996,3.3499999999999996,2472.587401884361,1941.8621820743454,924.576004541582,13
3.3499999999999996,3.3499999999999996,3.3499999999999996,1743.9126941323111,1369.5928835494803,652.1022592695417,13
3.3499999999999996,3.3499999999999996,3.3499999999999996,994.9050305794211,781.3549693593616,372.02540034395196,13
3.3499999999999996,3.3499999999999996,3.3499999999999996,1471.8727590395297,1155.9445969133674,550.378212599988,13
3.3499999999999996,3.3499999999999996,3.3499999999999996,1773.4099460604955,1392.7587372421783,663.132183353088,13
3.3499999999999996,3.3499999999999996,3.3499999999999996,1692.169861994297,1328.9563224937797,632.7540328062945,13
3.3499999999999996,3.3499999999999996,3.3499999999999996,1672.6450006099244,1313.6223488984836,625.4530903545801,13
3.3499999999999996,3.3499999999999996,3.3499999999999996,1526.061938178503,1198.5024120860203,570.6412029798295,13
3.3499999999999996,3.3499999999999996,3.3499999999999996,2260.1632678801407,1775.0335425413919,845.1441280642736,13
3.3499999999999996,3.3499999999999996,3.3499999999999996,2042.6099708206045,1604.1766823052105,763.794300747002,13
3.3499999999999996,3.3499999999999996,3.3499999999999996,2374.050132539686,1864.4753132746932,887.729907728298,13
3.3499999999999996,3.3499999999999996,3.3499999999999996,2152.3448752928866,1690.3576847991444,804.8275355917697,13
3.3499999999999996,3.3499999999999996,3.3499999999999996,2564.127887835475,2013.75408270512,958.8057901863583,13
3.3499999999999996,3.3499999999999996,3.3499999999999996,2717.514361228253,2134.217121421646,1016.1616808667602,13
3.3499999999999996,3.3499999999999996,3.3499999999999996,3237.905991493937,2542.9099853870694,1210.752017265485,13
3.3499999999999996,3.3499999999999996,3.3499999999999996,2721.026944830261,2136.975751208772,1017.4751432381563,13
3.3499999999999996,3.3499999999999996,3.3499999999999996,2513.0032770528505,1973.6030457078484,939.6887355839127,13
3.3499999999999996,3.3499999999999996,3.3499999999999996,2245.425890107195,1763.459449533227,839.6333720649726,13
3.3499999999999996,3.3499999999999996,3.3499999999999996,2793.282610454442,2193.722196009582,1044.4937451194828,13
3.3499999999999996,3.3499999999999996,3.3499999999999996,2774.720977161744,2179.144699698975,1037.5529830924463,13
3.3499999999999996,3.3499999999999996,3.3499999999999996,2295.8803744456063,1803.0841984816996,858.4998459074194,13
3.3499999999999996,3.3499999999999996,3.3499999999999996,2464.0287852285014,1935.1406182573412,921.3756761786503,13
3.3499999999999996,3.3499999999999996,3.3499999999999996,1925.6367239113297,1512.3110017171518,720.054428424102,13
3.3499999999999996,3.3499999999999996,3.3499999999999996,1944.6287815042522,1527.2265344790546,727.1561392529712,13
3.3499999999999996,3.3499999999999996,3.3499999999999996,1981.3901639419964,1556.0973190920577,740.9023437631988,13
3.3499999999999996,3.3499999999999996,3.3499999999999996,1336.981234326455,1050.0066833241283,499.93814853159984,13
3.3499999999999996,3.3499999999999996,3.3499999999999996,1270.7427010973233,997.9858315735697,475.1695363672686,13
3.3499999999999996,3.3499999999999996,3.3499999999999996,1021.6793327488297,802.3823372067357,382.0371302853547,13
3.3499999999999996,3.3499999999999996,3.3499999999999996,1907.9980509644336,1498.4583581618822,713.4587894807713,13
3.3499999999999996,3.3499999999999996,3.3499999999999996,1697.6800748394412,1333.2838030637329,634.814469809514,13
3.3499999999999996,3.3499999999999996,3.3499999999999996,1418.379772271055,1113.9335408298734,530.3755498266923,13
3.3499999999999996,3.3499999999999996,3.3499999999999996,1891.8594267648346,1485.782644976425,707.4233055389006,14
3.3499999999999996,3.3499999999999996,3.3499999999999996,1925.152664271994,1511.9296798900107,719.8726512969424,14
3.3499999999999996,3.3499999999999996,3.3499999999999996,1838.3194198677759,1443.734693667696,687.4030819843092,14
3.3499999999999996,3.3499999999999996,3.3499999999999996,1566.3196840670848,1230.1181420500502,585.694176193736,14
3.3499999999999996,3.3499999999999996,3.3499999999999996,1666.8502580914237,1309.0704046028259,623.2855902163071,14
3.3499999999999996,3.3499999999999996,3.3499999999999996,1442.4619119246274,1132.8457307433603,539.3800191553693,14
3.3499999999999996,3.3499999999999996,3.3499999999999996,1251.4205076432067,982.8102688387467,467.9438755394221,14
3.3499999999999996,3.3499999999999996,3.3499999999999996,1264.861003296535,993.3658391412112,472.9696822820605,14
3.3499999999999996,3.3499999999999996,3.3499999999999996,1983.577373070531,1557.81385983625,741.7194122341895,14
3.3499999999999996,3.3499999999999996,3.3499999999999996,2305.308063160596,1810.4869014636329,862.0242219134325,14
3.3499999999999996,3.3499999999999996,3.3499999999999996,1483.9578706989848,1165.4348198222613,554.8966098213367,14
3.3499999999999996,3.3499999999999996,3.3499999999999996,1401.3744411675875,1100.5774500703192,524.0161744806711,14
3.3499999999999996,3.3499999999999996,3.3499999999999996,1294.3946228683315,1016.5602365590728,484.01319348930497,14
3.3499999999999996,3.3499999999999996,3.3499999999999996,2285.05015469844,1794.5772369342433,854.4491788817686,14
3.3499999999999996,3.3499999999999996,3.3499999999999996,1798.1516180613949,1412.188680276611,672.3831292710712,14
3.3499999999999996,3.3499999999999996,3.3499999999999996,1703.1909320775378,1337.6107612231099,636.8744643964202,14
3.3499999999999996,3.3499999999999996,3.3499999999999996,1959.332824555525,1538.7732646898737,732.6536442341256,14
3.3499999999999996,3.3499999999999996,3.3499999999999996,1773.9823501830322,1393.2072072097321,663.3455109718064,14
3.3499999999999996,3.3499999999999996,3.3499999999999996,1499.9675754570426,1178.0081332218704,560.8831213456177,14
3.3499999999999996,3.3499999999999996,3.3499999999999996,2104.2240475081003,1652.5644171543456,786.8328429814463,14
3.3499999999999996,3.3499999999999996,3.3499999999999996,2525.0077395153144,1983.029301610657,944.1765579030351,14
3.3499999999999996,3.3499999999999996,3.3499999999999996,1716.3169420171962,1347.919348367707,641.7826754445998,14
3.3499999999999996,3.3499999999999996,3.3499999999999996,1948.0028579267926,1529.87521045446,728.4170279555844,14
3.3499999999999996,3.3499999999999996,3.3499999999999996,1864.9171927805182,1464.6234070835521,697.3487915691281,14
3.3499999999999996,3.3499999999999996,3.3499999999999996,1851.9198549489217,1454.4158733165723,692.4886949034068,14
3.3499999999999996,3.3499999999999996,3.3499999999999996,2222.896414017022,1745.7644404239156,831.2080204413419,14
3.3499999999999996,3.3499999999999996,3.3499999999999996,1952.3287900594798,1533.2726060511734,730.0346244670102,14
3.3499999999999996,3.3499999999999996,3.3499999999999996,2101.3913484615714,1650.3397407210805,785.7736113626793,14
3.3499999999999996,3.3499999999999996,3.3499999999999996,2269.3725513993363,1782.264741319034,848.5868501104682,14
3.3499999999999996,3.3499999999999996,3.3499999999999996,2472.587401884361,1941.8606889780247,924.5750124606399,14
3.3499999999999996,3.3499999999999996,3.3499999999999996,1743.9126941323111,1369.591830470578,652.1015595561377,14
3.3499999999999996,3.3499999999999996,3.3499999999999996,994.9050305794211,781.3543685761335,372.025001156316,14
3.3499999999999996,3.3499999999999996,3.3499999999999996,1471.8727590395297,1155.9437081084666,550.377622037684,14
3.3499999999999996,3.3499999999999996,3.3499999999999996,1773.4099460604955,1392.757666351069,663.1314718044453,14
3.3499999999999996,3.3499999999999996,3.3499999999999996,1692.169861994297,1328.9553006602973,632.7533538537651,14
3.3499999999999996,3.3499999999999996,3.3499999999999996,1672.6450006099244,1313.6213388552817,625.4524192360481,14
3.3499999999999996,3.3499999999999996,3.3499999999999996,1526.061938178503,1198.5014905584485,570.6405906750981,14
3.3499999999999996,3.3499999999999996,3.3499999999999996,2260.1632678801407,1775.032177719482,845.1432212146707,14
3.3499999999999996,3.3499999999999996,3.3499999999999996,2042.6099708206045,1604.175448855008,763.7934811867217,14
3.3499999999999996,3.3499999999999996,3.3499999999999996,2374.050132539686,1864.4738796810757,887.728955183652,14
3.3499999999999996,3.3499999999999996,3.3499999999999996,2152.3448752928866,1690.3563850844357,804.8266720023452,14
3.3499999999999996,3.3499999999999996,3.3499999999999996,2564.127887835475,2013.7525343311736,958.8047613764533,14
3.3499999999999996,3.3499999999999996,3.3499999999999996,2717.514361228253,2134.2154804237625,1016.160590513309,14
3.3499999999999996,3.3499999999999996,3.3499999999999996,3237.905991493937,2542.9080301455615,1210.7507181143108,14
3.3499999999999996,3.3499999999999996,3.3499999999999996,2721.026944830261,2136.974108089781,1017.4740514753441,14
3.3499999999999996,3.3499999999999996,3.3499999999999996,2513.0032770528505,1973.6015282060016,939.6877272868325,14
3.3499999999999996,3.3499999999999996,3.3499999999999996,2245.425890107195,1763.4580936106283,839.6324711284758,14
3.3499999999999996,3.3499999999999996,3.3499999999999996,2793.282610454442,2193.720509258292,1044.4926243653933,14
3.3499999999999996,3.3499999999999996,3.3499999999999996,2774.720977161744,2179.143024156311,1037.5518697858754,14
3.3499999999999996,3.3499999999999996,3.3499999999999996,2295.8803744456063,1803.0828120916626,858.4989247269739,14
3.3499999999999996,3.3499999999999996,3.3499999999999996,2464.0287852285014,1935.1391303292255,921.3746875316986,14
3.3499999999999996,3.3499999999999996,3.3499999999999996,1925.6367239113297,1512.3098389023999,720.0536557972199,14
3.3499999999999996,3.3499999999999996,3.3499999999999996,1944.6287815042522,1527.225360195761,727.1553590058697,14
3.3499999999999996,3.3499999999999996,3.3499999999999996,1981.3901639419964,1556.09612261004,740.9015487662581,14
3.3499999999999996,3.3499999999999996,3.3499999999999996,1336.981234326455,1050.0058759748067,499.9376120920785,14
3.3499999999999996,3.3499999999999996,3.3499999999999996,1270.7427010973233,997.9850642230405,475.1690265047599,14
3.3499999999999996,3.3499999999999996,3.3499999999999996,1021.6793327488297,802.381720255581,382.03672035501467,14
3.3499999999999996,3.3499999999999996,3.3499999999999996,1907.9980509644336,1498.4572059984166,713.4580239310877,14
3.3499999999999996,3.3499999999999996,3.3499999999999996,1697.6800748394412,1333.2827779028544,634.8137886461114,14
3.3499999999999996,3.3499999999999996,3.3499999999999996,1418.379772271055,1113.9326843272408,530.374980727481,14
3.3499999999999996,3.3499999999999996,3.3499999999999996,1891.8594267648346,1485.7825307344333,707.4232296313596,15
3.3499999999999996,3.3499999999999996,3.3499999999999996,1925.152664271994,1511.9295636375707,719.8725740535688,15
3.3499999999999996,3.3499999999999996,3.3499999999999996,1838.3194198677759,1443.7345826587762,687.4030082249672,15
3.3499999999999996,3.3499999999999996,3.3499999999999996,1566.3196840670848,1230.1180474661305,585.6941133479062,15
3.3499999999999996,3.3499999999999996,3.3499999999999996,1666.8502580914237,1309.070303948258,623.2855233368642,15
3.3499999999999996,3.3499999999999996,3.3499999999999996,1442.4619119246274,1132.845643638727,539.3799612791154,15
3.3499999999999996,3.3499999999999996,3.3499999999999996,1251.4205076432067,982.8101932703568,467.9438253283693,15
3.3499999999999996,3.3499999999999996,3.3499999999999996,1264.861003296535,993.3657627612023,472.9696315317315,15
3.3499999999999996,3.3499999999999996,3.3499999999999996,1983.577373070531,1557.8137400557705,741.7193326466269,15
3.3499999999999996,3.3499999999999996,3.3499999999999996,2305.308063160596,1810.486762255095,862.02412941699,15
3.3499999999999996,3.3499999999999996,3.3499999999999996,1483.9578706989848,1165.4347302118492,554.8965502801303,15
3.3499999999999996,3.3499999999999996,3.3499999999999996,1401.3744411675875,1100.5773654467978,524.0161182529798,15
3.3499999999999996,3.3499999999999996,3.3499999999999996,1294.3946228683315,1016.5601583956438,484.0131415539913,15
3.3499999999999996,3.3499999999999996,3.3499999999999996,2285.05015469844,1794.5770989490013,854.4490871981395,15
3.3499999999999996,3.3499999999999996,3.3499999999999996,1798.1516180613949,1412.1885716932675,672.3830571233917,15
3.3499999999999996,3.3499999999999996,3.3499999999999996,1703.1909320775378,1337.610658374071,636.8743960588718,15
3.3499999999999996,3.3499999999999996,3.3499999999999996,1959.332824555525,1538.7731463734278,732.653565619333,15
3.3499999999999996,3.3499999999999996,3.3499999999999996,1773.9823501830322,1393.2071000858762,663.3454397938763,15
3.3499999999999996,3.3499999999999996,3.3499999999999996,1499.9675754570426,1178.0080426446946,560.8830611620498,15
3.3499999999999996,3.3499999999999996,3.3499999999999996,2104.2240475081003,1652.5642900884852,786.8327585531475,15
3.3499999999999996,3.3499999999999996,3.3499999999999996,2525.0077395153144,1983.0291491353155,944.1764565915284,15
3.3499999999999996,3.3499999999999996,3.3499999999999996,1716.3169420171962,1347.9192447260393,641.7826065803931,15
3.3499999999999996,3.3499999999999996,3.3499999999999996,1948.0028579267926,1529.8750928221862,728.4169497953869,15
3.3499999999999996,3.3499999999999996,3.3499999999999996,1864.9171927805182,1464.6232944684969,697.3487167425972,15
3.3499999999999996,3.3499999999999996,3.3499999999999996,1851.9198549489217,1454.415761486375,692.488620598371,15
3.3499999999999996,3.3499999999999996,3.3499999999999996,2222.896414017022,1745.7643061918952,831.2079312515224,15
3.3499999999999996,3.3499999999999996,3.3499999999999996,1952.3287900594798,1533.2724881576735,730.0345461332421,15
3.3499999999999996,3.3499999999999996,3.3499999999999996,2101.3913484615714,1650.339613826276,785.7735270480374,15
3.3499999999999996,3.3499999999999996,3.3499999999999996,2269.3725513993363,1782.2646042805013,848.5867590558752,15
3.3499999999999996,3.3499999999999996,3.3499999999999996,2472.587401884361,1941.8605396681414,924.5749132524077,15
3.3499999999999996,3.3499999999999996,3.3499999999999996,1743.9126941323111,1369.5917251625112,652.1014895846997,15
3.3499999999999996,3.3499999999999996,3.3499999999999996,994.9050305794211,781.3543084977099,372.0249612374968,15
3.3499999999999996,3.3499999999999996,3.3499999999999996,1471.8727590395297,1155.9436192278272,550.3775629813714,15
3.3499999999999996,3.3499999999999996,3.3499999999999996,1773.4099460604955,1392.7575592617782,663.1314006494819,15
3.3499999999999996,3.3499999999999996,3.3499999999999996,1692.169861994297,1328.9551984767777,632.7532859584177,15
3.3499999999999996,3.3499999999999996,3.3499999999999996,1672.6450006099244,1313.6212378507917,625.4523521241014,15
3.3499999999999996,3.3499999999999996,3.3499999999999996,1526.061938178503,1198.5013984055365,570.6405294445397,15
3.3499999999999996,3.3499999999999996,3.3499999999999996,2260.1632678801407,1775.032041237062,845.143130529584,15
3.3499999999999996,3.3499999999999996,3.3499999999999996,2042.6099708206045,1604.1753255097806,763.7933992305799,15
3.3499999999999996,3.3499999999999996,3.3499999999999996,2374.050132539686,1864.473736321473,887.7288599290547,15
3.3499999999999996,3.3499999999999996,3.3499999999999996,2152.3448752928866,1690.3562551127468,804.8265856432824,15
3.3499999999999996,3.3499999999999996,3.3499999999999996,2564.127887835475,2013.7523794935187,958.8046584953197,15
3.3499999999999996,3.3499999999999996,3.3499999999999996,2717.514361228253,2134.215316323698,1016.160481477812,15
3.3499999999999996,3.3499999999999996,3.3499999999999996,3237.905991493937,2542.9078346210817,1210.7505881990123,15
3.3499999999999996,3.3499999999999996,3.3499999999999996,2721.026944830261,2136.9739437776057,1017.473942298911,15
3.3499999999999996,3.3499999999999996,3.3499999999999996,2513.0032770528505,1973.6013764555626,939.687626456984,15
3.3499999999999996,3.3499999999999996,3.3499999999999996,2245.425890107195,1763.457958018141,839.6323810347006,15
3.3499999999999996,3.3499999999999996,3.3499999999999996,2793.282610454442,2193.72034058288,1044.4925122898278,15
3.3499999999999996,3.3499999999999996,3.3499999999999996,2774.720977161744,2179.142856601764,1037.551758455064,15
3.3499999999999996,3.3499999999999996,3.3499999999999996,2295.8803744456063,1803.0826734524262,858.498832608801,15
3.3499999999999996,3.3499999999999996,3.3499999999999996,2464.0287852285014,1935.1389815361645,921.3745886668656,15
3.3499999999999996,3.3499999999999996,3.3499999999999996,1925.6367239113297,1512.3097226207294,720.0535785344242,15
3.3499999999999996,3.3499999999999996,3.3499999999999996,1944.6287815042522,1527.2252427672342,727.1552809810509,15
3.3499999999999996,3.3499999999999996,3.3499999999999996,1981.3901639419964,1556.0960029616374,740.9014692664532,15
3.3499999999999996,3.3499999999999996,3.3499999999999996,1336.981234326455,1050.005795239739,499.93755844805173,15
3.3499999999999996,3.3499999999999996,3.3499999999999996,1270.7427010973233,997.9849874878586,475.16897551843806,15
3.3499999999999996,3.3499999999999996,3.3499999999999996,1021.6793327488297,802.381658560362,382.0366793619235,15
3.3499999999999996,3.3499999999999996,3.3499999999999996,1907.9980509644336,1498.4570907818768,713.4579473760125,15
3.3499999999999996,3.3499999999999996,3.3499999999999996,1697.6800748394412,1333.2826753865943,634.8137205296763,15
3.3499999999999996,3.3499999999999996,3.3499999999999996,1418.379772271055,1113.9325986768338,530.3749238174806,15
3.3499999999999996,3.3499999999999996,3.3499999999999996,1891.8594267648346,1479.823819367872,703.3358265974641,16
3.3499999999999996,3.3499999999999996,3.3499999999999996,1925.152664271994,1505.8659899382387,715.7132402630485,16
3.3499999999999996,3.3499999999999996,3.3499999999999996,1838.3194198677759,1437.9445040368837,683.4312795289902,16
3.3499999999999996,3.3499999999999996,3.3499999999999996,1566.3196840670848,1225.1846751589292,582.3100459388102,16
3.3499999999999996,3.3499999999999996,3.3499999999999996,1666.8502580914237,1303.8202946511985,619.6842574576004,16
3.3499999999999996,3.3499999999999996,3.3499999999999996,1442.4619119246274,1128.3023810322047,536.2634912540872,16
3.3499999999999996,3.3499999999999996,3.3499999999999996,1251.4205076432067,978.8686458711435,465.24010437148695,16
3.3499999999999996,3.3499999999999996,3.3499999999999996,1264.861003296535,989.3818823888894,470.23687209454044,16
3.3499999999999996,3.3499999999999996,3.3499999999999996,1983.577373070531,1551.5661484682807,737.433771014535,16
3.3499999999999996,3.3499999999999996,3.3499999999999996,2305.308063160596,1803.2258288236553,857.043461700288,16
3.3499999999999996,3.3499999999999996,3.3499999999999996,1483.9578706989848,1160.7607695007443,551.6904273425289,16
3.3499999999999996,3.3499999999999996,3.3499999999999996,1401.3744411675875,1096.16351434705,520.9884185933669,16
3.3499999999999996,3.3499999999999996,3.3499999999999996,1294.3946228683315,1012.4832572036293,481.2165740956906,16
3.3499999999999996,3.3499999999999996,3.3499999999999996,2285.05015469844,1787.3799710137357,849.5121871289364,16
3.3499999999999996,3.3499999999999996,3.3499999999999996,1798.1516180613949,1406.5250079349044,668.498111828256,16
3.3499999999999996,3.3499999999999996,3.3499999999999996,1703.1909320775378,1332.246188359642,633.1946153708417,16
3.3499999999999996,3.3499999999999996,3.3499999999999996,1959.332824555525,1532.6019168373512,728.4203848564292,16
3.3499999999999996,3.3499999999999996,3.3499999999999996,1773.9823501830322,1387.6196612706199,659.512712722492,16
3.3499999999999996,3.3499999999999996,3.3499999999999996,1499.9675754570426,1173.2836568288665,557.6423489125398,16
3.3499999999999996,3.3499999999999996,3.3499999999999996,2104.2240475081003,1645.936702661908,782.2865371827322,16
3.3499999999999996,3.3499999999999996,3.3499999999999996,2525.0077395153144,1975.0762367226655,938.7211229926929,16
3.3499999999999996,3.3499999999999996,3.3499999999999996,1716.3169420171962,1342.5134322611523,638.0744668652115,16
3.3499999999999996,3.3499999999999996,3.3499999999999996,1948.0028579267926,1523.7395488132574,724.2082476693823,16
3.3499999999999996,3.3499999999999996,3.3499999999999996,1864.9171927805182,1458.7494419416628,693.3195229854425,16
3.3499999999999996,3.3499999999999996,3.3499999999999996,1851.9198549489217,1448.5828461367844,688.4875078695073,16
3.3499999999999996,3.3499999999999996,3.3499999999999996,2222.896414017022,1738.762941322232,826.405315677581,16
3.3499999999999996,3.3499999999999996,3.3499999999999996,1952.3287900594798,1527.1233189392788,725.8164977377033,16
3.3499999999999996,3.3499999999999996,3.3499999999999996,2101.3913484615714,1643.720948434691,781.2334257849158,16
3.3499999999999996,3.3499999999999996,3.3499999999999996,2269.3725513993363,1775.116855443734,843.6837307862269,16
3.3499999999999996,3.3499999999999996,3.3499999999999996,2472.587401884361,1934.0727334241974,919.2328349219282,16
3.3499999999999996,3.3499999999999996,3.3499999999999996,1743.9126941323111,1364.098995498877,648.3337286527819,16
3.3499999999999996,3.3499999999999996,3.3499999999999996,994.9050305794211,778.2206972840582,369.87544749303106,16
3.3499999999999996,3.3499999999999996,3.3499999999999996,1471.8727590395297,1151.3077224929316,547.1975501877707,16
3.3499999999999996,3.3499999999999996,3.3499999999999996,1773.4099460604955,1387.171923324105,659.2999102695314,16
3.3499999999999996,3.3499999999999996,3.3499999999999996,1692.169861994297,1323.6254410708268,629.097316529648,16
3.3499999999999996,3.3499999999999996,3.3499999999999996,1672.6450006099244,1308.3529770929615,621.8385665788328,16
3.3499999999999996,3.3499999999999996,3.3499999999999996,1526.061938178503,1193.6948242550188,567.3434397624115,16
3.3499999999999996,3.3499999999999996,3.3499999999999996,2260.1632678801407,1767.9132984995892,840.2599991153065,16
3.3499999999999996,3.3499999999999996,3.3499999999999996,2042.6099708206045,1597.7418013914512,759.3802963997452,16
3.3499999999999996,3.3499999999999996,3.3499999999999996,2374.050132539686,1856.996288838104,882.5996734910557,16
3.3499999999999996,3.3499999999999996,3.3499999999999996,2152.3448752928866,1683.5771035057485,800.176398188126,16
3.3499999999999996,3.3499999999999996,3.3499999999999996,2564.127887835475,2005.6762519681822,953.2648049735614,16
3.3499999999999996,3.3499999999999996,3.3499999999999996,2717.514361228253,2125.656073769015,1010.2892331770155,16
3.3499999999999996,3.3499999999999996,3.3499999999999996,3237.905991493937,2532.709536078169,1203.7550225740692,16
3.3499999999999996,3.3499999999999996,3.3499999999999996,2721.026944830261,2128.4036377836733,1011.5951049855969,16
3.3499999999999996,3.3499999999999996,3.3499999999999996,2513.0032770528505,1965.6862740016836,934.258228757822,16
3.3499999999999996,3.3499999999999996,3.3499999999999996,2245.425890107195,1756.385632989725,834.7810900424801,16
3.3499999999999996,3.3499999999999996,3.3499999999999996,2793.282610454442,2184.9224539082893,1038.457565054862,16
3.3499999999999996,3.3499999999999996,3.3499999999999996,2774.720977161744,2170.403432735624,1031.556914028563,16
3.3499999999999996,3.3499999999999996,3.3499999999999996,2295.8803744456063,1795.8514340220902,853.5385336165987,16
3.3499999999999996,3.3499999999999996,3.3499999999999996,2464.0287852285014,1927.3781320130142,916.0510014119864,16
3.3499999999999996,3.3499999999999996,3.3499999999999996,1925.6367239113297,1506.2446242987787,715.8931989226288,16
3.3499999999999996,3.3499999999999996,3.3499999999999996,1944.6287815042522,1521.1003259472213,722.9538686198201,16
3.3499999999999996,3.3499999999999996,3.3499999999999996,1981.3901639419964,1549.8553003362506,736.6206331467864,16
3.3499999999999996,3.3499999999999996,3.3499999999999996,1336.981234326455,1045.7947607595058,497.04898169856654,16
3.3499999999999996,3.3499999999999996,3.3499999999999996,1270.7427010973233,993.9825817753202,472.42350854648254,16
3.3499999999999996,3.3499999999999996,3.3499999999999996,1021.6793327488297,799.1637174348724,379.82931916101944,16
3.3499999999999996,3.3499999999999996,3.3499999999999996,1907.9980509644336,1492.44754825836,709.3356764969787,16
3.3499999999999996,3.3499999999999996,3.3499999999999996,1697.6800748394412,1327.9355626912134,631.145846167389,16
3.3499999999999996,3.3499999999999996,3.3499999999999996,1418.379772271055,1109.4651865892533,527.3104837737982,16
3.3499999999999996,3.3499999999999996,3.3499999999999996,1891.8594267648346,1485.17417641106,707.0043169803859,17
3.3499999999999996,3.3499999999999996,3.3499999999999996,1925.152664271994,1511.3105033998515,719.446289312372,17
3.3499999999999996,3.3499999999999996,3.3499999999999996,1838.3194198677759,1443.1434448865946,686.9959508872928,17
3.3499999999999996,3.3499999999999996,3.3499999999999996,1566.3196840670848,1229.6143750800609,585.3472846555405,17
3.3499999999999996,3.3499999999999996,3.3499999999999996,1666.8502580914237,1308.5343045253726,622.9164342541798,17
3.3499999999999996,3.3499999999999996,3.3499999999999996,1442.4619119246274,1132.3817994820174,539.0605582965765,17
3.3499999999999996,3.3499999999999996,3.3499999999999996,1251.4205076432067,982.4077811960698,467.6667244640435,17
3.3499999999999996,3.3499999999999996,3.3499999999999996,1264.861003296535,992.9590287042549,472.68955455111245,17
3.3499999999999996,3.3499999999999996,3.3499999999999996,1983.577373070531,1557.1758925214447,741.2801109771897,17
3.3499999999999996,3.3499999999999996,3.3499999999999996,2305.308063160596,1809.745457638541,861.5136672238765,17
3.3499999999999996,3.3499999999999996,3.3499999999999996,1483.9578706989848,1164.9575424390305,554.567958886524,17
3.3499999999999996,3.3499999999999996,3.3499999999999996,1401.3744411675875,1100.1267335510613,523.7058132303915,17
3.3499999999999996,3.3499999999999996,3.3499999999999996,1294.3946228683315,1016.1439273830047,483.72652497180735,17
3.3499999999999996,3.3499999999999996,3.3499999999999996,2285.05015469844,1793.842308551221,853.943110694616,17
3.3499999999999996,3.3499999999999996,3.3499999999999996,1798.1516180613949,1411.61035044942,671.9848941042383,17
3.3499999999999996,3.3499999999999996,3.3499999999999996,1703.1909320775378,1337.0629730902692,636.4972600949746,17
3.3499999999999996,3.3499999999999996,3.3499999999999996,1959.332824555525,1538.1430950187219,732.2197123974381,17
3.3499999999999996,3.3499999999999996,3.3499999999999996,1773.9823501830322,1392.6366508140889,662.9526285529449,17
3.3499999999999996,3.3499999999999996,3.3499999999999996,1499.9675754570426,1177.5257067234631,560.5509247545981,17
3.3499999999999996,3.3499999999999996,3.3499999999999996,2104.2240475081003,1651.8876468989658,786.3668222042237,17
3.3499999999999996,3.3499999999999996,3.3499999999999996,2525.0077395153144,1982.2171969610918,943.6173465060092,17
3.3499999999999996,3.3499999999999996,3.3499999999999996,1716.3169420171962,1347.3673385869342,641.4025641364782,17
3.3499999999999996,3.3499999999999996,3.3499999999999996,1948.0028579267926,1529.2486847794964,727.9856053573313,17
3.3499999999999996,3.3499999999999996,3.3499999999999996,1864.9171927805182,1464.023603803899,696.9357698851184,17
3.3499999999999996,3.3499999999999996,3.3499999999999996,1851.9198549489217,1453.8202503007337,692.0785517291665,17
3.3499999999999996,3.3499999999999996,3.3499999999999996,2222.896414017022,1745.0495022139953,830.715717392257,17
3.3499999999999996,3.3499999999999996,3.3499999999999996,1952.3287900594798,1532.6446890499406,729.6022438081089,17
3.3499999999999996,3.3499999999999996,3.3499999999999996,2101.3913484615714,1649.6638815314495,785.3082179409953,17
3.3499999999999996,3.3499999999999996,3.3499999999999996,2269.3725513993363,1781.5348552391838,848.084254029284,17
3.3499999999999996,3.3499999999999996,3.3499999999999996,2472.587401884361,1941.0654439995233,924.0274105528765,17
3.3499999999999996,3.3499999999999996,3.3499999999999996,1743.9126941323111,1369.0309452165745,651.7153366393857,17
3.3499999999999996,3.3499999999999996,3.3499999999999996,994.9050305794211,781.0343826257681,371.8046603536518,17
3.3499999999999996,3.3499999999999996,3.3499999999999996,1471.8727590395297,1155.4703175946563,550.0516475826574,17
3.3499999999999996,3.3499999999999996,3.3499999999999996,1773.4099460604955,1392.1872940546828,662.7387161554561,17
3.3499999999999996,3.3499999999999996,3.3499999999999996,1692.169861994297,1328.411057174912,632.3785903796887,17
3.3499999999999996,3.3499999999999996,3.3499999999999996,1672.6450006099244,1313.0833750459797,625.0819799170388,17
3.3499999999999996,3.3499999999999996,3.3499999999999996,1526.061938178503,1198.0106714705998,570.3026149869283,17
3.3499999999999996,3.3499999999999996,3.3499999999999996,2260.1632678801407,1774.3052535719255,844.6426647059685,17
3.3499999999999996,3.3499999999999996,3.3499999999999996,2042.6099708206045,1603.5184952035036,763.3411060286242,17
3.3499999999999996,3.3499999999999996,3.3499999999999996,2374.050132539686,1863.7103267141822,887.2031762442648,17
3.3499999999999996,3.3499999999999996,3.3499999999999996,2152.3448752928866,1689.664137986204,804.3499939447861,17
3.3499999999999996,3.3499999999999996,3.3499999999999996,2564.127887835475,2012.92784767885,958.2368860722039,17
3.3499999999999996,3.3499999999999996,3.3499999999999996,2717.514361228253,2133.341460905534,1015.5587448323639,17
3.3499999999999996,3.3499999999999996,3.3499999999999996,3237.905991493937,2541.8666398680593,1210.0336217250185,17
3.3499999999999996,3.3499999999999996,3.3499999999999996,2721.026944830261,2136.098958838194,1016.8714278653846,17
3.3499999999999996,3.3499999999999996,3.3499999999999996,2513.0032770528505,1972.793284487091,939.1311745082812,17
3.3499999999999996,3.3499999999999996,3.3499999999999996,2245.425890107195,1762.7359093665675,839.1351784947644,17
3.3499999999999996,3.3499999999999996,3.3499999999999996,2793.282610454442,2192.8221208058535,1043.873998352318,17
3.3499999999999996,3.3499999999999996,3.3499999999999996,2774.720977161744,2178.2506055820895,1036.937354602531,17
3.3499999999999996,3.3499999999999996,3.3499999999999996,2295.8803744456063,1802.3444004433522,857.9904579799198,17
3.3499999999999996,3.3499999999999996,3.3499999999999996,2464.0287852285014,1934.3466380125371,920.8289810937597,17
3.3499999999999996,3.3499999999999996,3.3499999999999996,1925.6367239113297,1511.6905067267442,719.6271866083574,17
3.3499999999999996,3.3499999999999996,3.3499999999999996,1944.6287815042522,1526.5999197068375,726.7246836615597,17
3.3499999999999996,3.3499999999999996,3.3499999999999996,1981.3901639419964,1555.4588587555347,740.4627319086734,17
3.3499999999999996,3.3499999999999996,3.3499999999999996,1336.981234326455,1049.575869896098,499.64151195260393,17
3.3499999999999996,3.3499999999999996,3.3499999999999996,1270.7427010973233,997.5763620872759,474.88759615901483,17
3.3499999999999996,3.3499999999999996,3.3499999999999996,1021.6793327488297,802.0531230305089,381.8104498695671,17
3.3499999999999996,3.3499999999999996,3.3499999999999996,1907.9980509644336,1497.8435468542086,713.0354611646833,17
3.3499999999999996,3.3499999999999996,3.3499999999999996,1697.6800748394412,1332.7367621973676,634.437804829707,17
3.3499999999999996,3.3499999999999996,3.3499999999999996,1418.379772271055,1113.4764984748633,530.0608533204431,17
3.3499999999999996,3.3499999999999996,3.3499999999999996,1891.8594267648346,1485.721556915758,707.381226812033,18
3.3499999999999996,3.3499999999999996,3.3499999999999996,1925.152664271994,1511.8675167921158,719.8298320620712,18
3.3499999999999996,3.3499999999999996,3.3499999999999996,1838.3194198677759,1443.675334411581,687.3621940939779,18
3.3499999999999996,3.3499999999999996,3.3499999999999996,1566.3196840670848,1230.0675656538706,585.6593381200182,18
3.3499999999999996,3.3499999999999996,3.3499999999999996,1666.8502580914237,1309.0165820786738,623.24851614212,18
3.3499999999999996,3.3499999999999996,3.3499999999999996,1442.4619119246274,1132.7991537093912,539.3479359255319,18
3.3499999999999996,3.3499999999999996,3.3499999999999996,1251.4205076432067,982.7698605236204,467.91604145143833,18
3.3499999999999996,3.3499999999999996,3.3499999999999996,1264.861003296535,993.32499683305,472.9415492506471,18
3.3499999999999996,3.3499999999999996,3.3499999999999996,1983.577373070531,1557.7498102069862,741.6752935172694,18
3.3499999999999996,3.3499999999999996,3.3499999999999996,2305.308063160596,1810.4124631640284,861.9729472642895,18
3.3499999999999996,3.3499999999999996,3.3499999999999996,1483.9578706989848,1165.3869028855424,554.8636036386147,18
3.3499999999999996,3.3499999999999996,3.3499999999999996,1401.3744411675875,1100.5321997490382,523.9850051181305,18
3.3499999999999996,3.3499999999999996,3.3499999999999996,1294.3946228683315,1016.5184406115882,483.984403571289,18
3.3499999999999996,3.3499999999999996,3.3499999999999996,2285.05015469844,1794.503452761644,854.3983548089134,18
3.3499999999999996,3.3499999999999996,3.3499999999999996,1798.1516180613949,1412.130618037113,672.3431347927648,18
3.3499999999999996,3.3499999999999996,3.3499999999999996,1703.1909320775378,1337.5557652601358,636.8365820331642,18
3.3499999999999996,3.3499999999999996,3.3499999999999996,1959.332824555525,1538.709997916053,732.6100647643192,18
3.3499999999999996,3.3499999999999996,3.3499999999999996,1773.9823501830322,1393.1499253948691,663.3060540662219,18
3.3499999999999996,3.3499999999999996,3.3499999999999996,1499.9675754570426,1177.9596993324637,560.8497590751313,18
3.3499999999999996,3.3499999999999996,3.3499999999999996,2104.2240475081003,1652.49647184908,786.7860408418634,18
3.3499999999999996,3.3499999999999996,3.3499999999999996,2525.0077395153144,1982.9477692178189,944.1203966949103,18
3.3499999999999996,3.3499999999999996,3.3499999999999996,1716.3169420171962,1347.8639285664283,641.7445011327037,18
3.3499999999999996,3.3499999999999996,3.3499999999999996,1948.0028579267926,1529.8123095247813,728.373700486833,18
3.3499999999999996,3.3499999999999996,3.3499999999999996,1864.9171927805182,1464.5631889864776,697.3073120912795,18
3.3499999999999996,3.3499999999999996,3.3499999999999996,1851.9198549489217,1454.3560749029855,692.4475045122738,18
3.3499999999999996,3.3499999999999996,3.3499999999999996,2222.896414017022,1745.6926631929673,831.1585787916416,18
3.3499999999999996,3.3499999999999996,3.3499999999999996,1952.3287900594798,1533.2095654373297,729.9912007809002,18
3.3499999999999996,3.3499999999999996,3.3499999999999996,2101.3913484615714,1650.271886883547,785.7268722279725,18
3.3499999999999996,3.3499999999999996,3.3499999999999996,2269.3725513993363,1782.1914633755805,848.5363747387782,18
3.3499999999999996,3.3499999999999996,3.3499999999999996,2472.587401884361,1941.7808492356664,924.5200171853738,18
3.3499999999999996,3.3499999999999996,3.3499999999999996,1743.9126941323111,1369.5355196036342,652.062771459676,18
3.3499999999999996,3.3499999999999996,3.3499999999999996,994.9050305794211,781.3222431348844,372.00287248414895,18
3.3499999999999996,3.3499999999999996,3.3499999999999996,1471.8727590395297,1155.8961813994908,550.3448846519484,18
3.3499999999999996,3.3499999999999996,3.3499999999999996,1773.4099460604955,1392.700403019111,663.09202763027,18
3.3499999999999996,3.3499999999999996,3.3499999999999996,1692.169861994297,1328.900660567209,632.7157166210887,18
3.3499999999999996,3.3499999999999996,3.3499999999999996,1672.6450006099244,1313.5673292191393,625.4152162752303,18
3.3499999999999996,3.3499999999999996,3.3499999999999996,1526.061938178503,1198.4522140831762,570.6066480139411,18
3.3499999999999996,3.3499999999999996,3.3499999999999996,2260.1632678801407,1774.9591971434033,845.0929506758135,18
3.3499999999999996,3.3499999999999996,3.3499999999999996,2042.6099708206045,1604.1094930656657,763.7480494670904,18
3.3499999999999996,3.3499999999999996,3.3499999999999996,2374.050132539686,1864.397221702966,887.6761515737835,18
3.3499999999999996,3.3499999999999996,3.3499999999999996,2152.3448752928866,1690.2868859596813,804.7787995595776,18
3.3499999999999996,3.3499999999999996,3.3499999999999996,2564.127887835475,2013.6697387504055,958.7477300582067,18
3.3499999999999996,3.3499999999999996,3.3499999999999996,2717.514361228253,2134.1277320002723,1016.1001475739729,18
3.3499999999999996,3.3499999999999996,3.3499999999999996,3237.905991493937,2542.803478298397,1210.6787006272227,18
3.3499999999999996,3.3499999999999996,3.3499999999999996,2721.026944830261,2136.8862462451157,1017.413530409143,18
3.3499999999999996,3.3499999999999996,3.3499999999999996,2513.0032770528505,1973.5203834367485,939.631833081895,18
3.3499999999999996,3.3499999999999996,3.3499999999999996,2245.425890107195,1763.3855889038523,839.5825283782932,18
3.3499999999999996,3.3499999999999996,3.3499999999999996,2793.282610454442,2193.6303142812485,1044.4304961890782,18
3.3499999999999996,3.3499999999999996,3.3499999999999996,2774.720977161744,2179.053428533619,1037.4901544573056,18
3.3499999999999996,3.3499999999999996,3.3499999999999996,2295.8803744456063,1803.0086782117269,858.4478597684308,18
3.3499999999999996,3.3499999999999996,3.3499999999999996,2464.0287852285014,1935.0595669442368,921.3198826171364,18
3.3499999999999996,3.3499999999999996,3.3499999999999996,1925.6367239113297,1512.24766017424,720.010825795897,18
3.3499999999999996,3.3499999999999996,3.3499999999999996,1944.6287815042522,1527.1625682148665,727.1121065833071,18
3.3499999999999996,3.3499999999999996,3.3499999999999996,1981.3901639419964,1556.0321436056654,740.8574786972314,18
3.3499999999999996,3.3499999999999996,3.3499999999999996,1336.981234326455,1049.962704907444,499.90787496288686,18
3.3499999999999996,3.3499999999999996,3.3499999999999996,1270.7427010973233,997.944031995107,475.14076265265663,18
3.3499999999999996,3.3499999999999996,3.3499999999999996,1021.6793327488297,802.34873027325,382.01399616896737,18
3.3499999999999996,3.3499999999999996,3.3499999999999996,1907.9980509644336,1498.3955968222583,713.4155862490303,18
3.3499999999999996,3.3499999999999996,3.3499999999999996,1697.6800748394412,1333.2279598852265,634.7760288553114,18
3.3499999999999996,3.3499999999999996,3.3499999999999996,1418.379772271055,1113.8868849045398,530.3434331324603,18
3.3499999999999996,3.3499999999999996,3.3499999999999996,1891.8594267648346,1485.7764206564684,707.419020716677,19
3.3499999999999996,3.3499999999999996,3.3499999999999996,1925.152664271994,1511.9233460334997,719.8682910697486,19
3.3499999999999996,3.3499999999999996,3.3499999999999996,1838.3194198677759,1443.7286454972611,687.398918423427,19
3.3499999999999996,3.3499999999999996,3.3499999999999996,1566.3196840670848,1230.1129887734749,585.690628677839,19
3.3499999999999996,3.3499999999999996,3.3499999999999996,1666.8502580914237,1309.0649205752184,623.2818150113801,19
3.3499999999999996,3.3499999999999996,3.3499999999999996,1442.4619119246274,1132.8409849655623,539.3767521616543,19
3.3499999999999996,3.3499999999999996,3.3499999999999996,1251.4205076432067,982.8061515975132,467.9410412303153,19
3.3499999999999996,3.3499999999999996,3.3499999999999996,1264.861003296535,993.3616776800192,472.96681753193155,19
3.3499999999999996,3.3499999999999996,3.3499999999999996,1983.577373070531,1557.8073337592837,741.7149196824229,19
3.3499999999999996,3.3499999999999996,3.3499999999999996,2305.308063160596,1810.4793168752744,862.0190006823617,19
3.3499999999999996,3.3499999999999996,3.3499999999999996,1483.9578706989848,1165.4299375205117,554.8932488445256,19
3.3499999999999996,3.3499999999999996,3.3499999999999996,1401.3744411675875,1100.5728394725247,524.0130005448788,19
3.3499999999999996,3.3499999999999996,3.3499999999999996,1294.3946228683315,1016.555977930673,484.01026184926485,19
3.3499999999999996,3.3499999999999996,3.3499999999999996,2285.05015469844,1794.5697189955004,854.4440035322971,19
3.3499999999999996,3.3499999999999996,3.3499999999999996,1798.1516180613949,1412.1827642604192,672.3790566851775,19
3.3499999999999996,3.3499999999999996,3.3499999999999996,1703.1909320775378,1337.6051576327172,636.8706068844648,19
3.3499999999999996,3.3499999999999996,3.3499999999999996,1959.332824555525,1538.7668183787848,732.6492065931938,19
3.3499999999999996,3.3499999999999996,3.3499999999999996,1773.9823501830322,1393.2013707117408,663.3414931262463,19
3.3499999999999996,3.3499999999999996,3.3499999999999996,1499.9675754570426,1178.003198247325,560.879724108851,19
3.3499999999999996,3.3499999999999996,3.3499999999999996,2104.2240475081003,1652.5574941432876,786.8280771802276,19
3.3499999999999996,3.3499999999999996,3.3499999999999996,2525.0077395153144,1983.0209941984665,944.1708390799959,19
3.3499999999999996,3.3499999999999996,3.3499999999999996,1716.3169420171962,1347.9137015920305,641.7787882038926,19
3.3499999999999996,3.3499999999999996,3.3499999999999996,1948.0028579267926,1529.8688014195748,728.4126159755936,19
3.3499999999999996,3.3499999999999996,3.3499999999999996,1864.9171927805182,1464.617271405004,697.3445677676557,19
3.3499999999999996,3.3499999999999996,3.3499999999999996,1851.9198549489217,1454.4097803999696,692.4845005392598,19
3.3499999999999996,3.3499999999999996,3.3499999999999996,2222.896414017022,1745.7571269743455,831.2029858622285,19
3.3499999999999996,3.3499999999999996,3.3499999999999996,1952.3287900594798,1533.2661827837373,730.03020268933,19
3.3499999999999996,3.3499999999999996,3.3499999999999996,2101.3913484615714,1650.3328270297557,785.7688519771652,19
3.3499999999999996,3.3499999999999996,3.3499999999999996,2269.3725513993363,1782.2572749604553,848.5817102687844,19
3.3499999999999996,3.3499999999999996,3.3499999999999996,2472.587401884361,1941.8525540315845,924.5694123630327,19
3.3499999999999996,3.3499999999999996,3.3499999999999996,1743.9126941323111,1369.586092903383,652.0976098145438,19
3.3499999999999996,3.3499999999999996,3.3499999999999996,994.9050305794211,781.3510952847097,372.0227478223077,19
3.3499999999999996,3.3499999999999996,3.3499999999999996,1471.8727590395297,1155.9388655673888,550.3742884321217,19
3.3499999999999996,3.3499999999999996,3.3499999999999996,1773.4099460604955,1392.7518317363179,663.1274552553081,19
3.3499999999999996,3.3499999999999996,3.3499999999999996,1692.169861994297,1328.949733329822,632.7495213031391,19
3.3499999999999996,3.3499999999999996,3.3499999999999996,1672.6450006099244,1313.6158357626575,625.4486309067624,19
3.3499999999999996,3.3499999999999996,3.3499999999999996,1526.061938178503,1198.4964697320368,570.6371343379017,19
3.3499999999999996,3.3499999999999996,3.3499999999999996,2260.1632678801407,1775.0247416599452,845.1381022308486,19
3.3499999999999996,3.3499999999999996,3.3499999999999996,2042.6099708206045,1604.1687285575983,763.7888549335908,19
3.3499999999999996,3.3499999999999996,3.3499999999999996,2374.050132539686,1864.4660689275865,887.7235782604919,19
3.3499999999999996,3.3499999999999996,3.3499999999999996,2152.3448752928866,1690.3493037532487,804.8217972135402,19
3.3499999999999996,3.3499999999999996,3.3499999999999996,2564.127887835475,2013.744098211577,958.7989539512279,19
3.3499999999999996,3.3499999999999996,3.3499999999999996,2717.514361228253,2134.206539654362,1016.1544356871295,19
3.3499999999999996,3.3499999999999996,3.3499999999999996,3237.905991493937,2542.8973772595195,1210.7433846669342,19
3.3499999999999996,3.3499999999999996,3.3499999999999996,2721.026944830261,2136.965155763791,1017.4678886936075,19
3.3499999999999996,3.3499999999999996,3.3499999999999996,2513.0032770528505,1973.593260289143,939.682035652382,19
3.3499999999999996,3.3499999999999996,3.3499999999999996,2245.425890107195,1763.450706037862,839.6273855229496,19
3.3499999999999996,3.3499999999999996,3.3499999999999996,2793.282610454442,2193.71131920725,1044.486297933716,19
3.3499999999999996,3.3499999999999996,3.3499999999999996,2774.720977161744,2179.1338951740477,1037.5455853939498,19
3.3499999999999996,3.3499999999999996,3.3499999999999996,2295.8803744456063,1803.0752585209107,858.493724848425,19
3.3499999999999996,3.3499999999999996,3.3499999999999996,2464.0287852285014,1935.1310235410974,921.3691068182751,19
3.3499999999999996,3.3499999999999996,3.3499999999999996,1925.6367239113297,1512.3035034533066,720.0492944736924,19
3.3499999999999996,3.3499999999999996,3.3499999999999996,1944.6287815042522,1527.2189622617698,727.1509546677347,19
3.3499999999999996,3.3499999999999996,3.3499999999999996,1981.3901639419964,1556.08960372911,740.8970611682432,19
3.3499999999999996,3.3499999999999996,3.3499999999999996,1336.981234326455,1050.0014772341494,499.93458399875175,19
3.3499999999999996,3.3499999999999996,3.3499999999999996,1270.7427010973233,997.9808834107441,475.16614843332974,19
3.3499999999999996,3.3499999999999996,3.3499999999999996,1021.6793327488297,802.3783588752532,382.03440638059965,19
3.3499999999999996,3.3499999999999996,3.3499999999999996,1907.9980509644336,1498.4509285815125,713.4537025569224,19
3.3499999999999996,3.3499999999999996,3.3499999999999996,1697.6800748394412,1333.2771924434799,634.8099436155504,19
3.3499999999999996,3.3499999999999996,3.3499999999999996,1418.379772271055,1113.928017780986,530.3717682767654,19
3.3499999999999996,3.3499999999999996,3.3499999999999996,1891.8594267648346,1485.7819082897145,707.422801138714,20
3.3499999999999996,3.3499999999999996,3.3499999999999996,1925.152664271994,1511.928930238972,719.8721380202427,20
3.3499999999999996,3.3499999999999996,3.3499999999999996,1838.3194198677759,1443.7339778293692,687.4025918587504,20
3.3499999999999996,3.3499999999999996,3.3499999999999996,1566.3196840670848,1230.117532127939,585.6937585876867,20
3.3499999999999996,3.3499999999999996,3.3499999999999996,1666.8502580914237,1309.069755534287,623.285145807188,20
3.3499999999999996,3.3499999999999996,3.3499999999999996,1442.4619119246274,1132.8451690512463,539.3796345717966,20
3.3499999999999996,3.3499999999999996,3.3499999999999996,1251.4205076432067,982.8097815378171,467.94354189056395,20
3.3499999999999996,3.3499999999999996,3.3499999999999996,1264.861003296535,993.3653466065764,472.9693450497498,20
3.3499999999999996,3.3499999999999996,3.3499999999999996,1983.577373070531,1557.8130874347335,741.7188833805216,20
3.3499999999999996,3.3499999999999996,3.3499999999999996,2305.308063160596,1810.486003780755,862.023607281182,20
3.3499999999999996,3.3499999999999996,3.3499999999999996,1483.9578706989848,1165.434241971694,554.8962141742732,20
3.3499999999999996,3.3499999999999996,3.3499999999999996,1401.3744411675875,1100.5769043775936,524.0158008516798,20
3.3499999999999996,3.3499999999999996,3.3499999999999996,1294.3946228683315,1016.5597325240986,484.01284838285574,20
3.3499999999999996,3.3499999999999996,3.3499999999999996,2285.05015469844,1794.5763471397595,854.4485696506027,20
3.3499999999999996,3.3499999999999996,3.3499999999999996,1798.1516180613949,1412.1879800795552,672.3826498548952,20
3.3499999999999996,3.3499999999999996,3.3499999999999996,1703.1909320775378,1337.6100980035771,636.8740102982924,20
3.3499999999999996,3.3499999999999996,3.3499999999999996,1959.332824555525,1538.7725017291416,732.6531218444449,20
3.3499999999999996,3.3499999999999996,3.3499999999999996,1773.9823501830322,1393.2065164241465,663.3450379995465,20
3.3499999999999996,3.3499999999999996,3.3499999999999996,1499.9675754570426,1178.0075491371524,560.882721430109,20
3.3499999999999996,3.3499999999999996,3.3499999999999996,2104.2240475081003,1652.563597773228,786.8322819614324,20
3.3499999999999996,3.3499999999999996,3.3499999999999996,2525.0077395153144,1983.0283183771141,944.1758846953131,20
3.3499999999999996,3.3499999999999996,3.3499999999999996,1716.3169420171962,1347.918680036929,641.7822178468663,20
3.3499999999999996,3.3499999999999996,3.3499999999999996,1948.0028579267926,1529.8744519055967,728.4165085866553,20
3.3499999999999996,3.3499999999999996,3.3499999999999996,1864.9171927805182,1464.6226808880995,697.348294352175,20
3.3499999999999996,3.3499999999999996,3.3499999999999996,1851.9198549489217,1454.41515218226,692.488201151753,20
3.3499999999999996,3.3499999999999996,3.3499999999999996,2222.896414017022,1745.7635748319883,831.207427781364,20
3.3499999999999996,3.3499999999999996,3.3499999999999996,1952.3287900594798,1533.2718458177999,730.0341039447177,20
3.3499999999999996,3.3499999999999996,3.3499999999999996,2101.3913484615714,1650.338922443011,785.7730510979083,20
3.3499999999999996,3.3499999999999996,3.3499999999999996,2269.3725513993363,1782.2638576293812,848.5862450592037,20
3.3499999999999996,3.3499999999999996,3.3499999999999996,2472.587401884361,1941.8597261568693,924.5743532290243,20
3.3499999999999996,3.3499999999999996,3.3499999999999996,1743.9126941323111,1369.5911513940632,652.1010946009321,20
3.3499999999999996,3.3499999999999996,3.3499999999999996,994.9050305794211,781.3539811618764,372.0247358986146,20
3.3499999999999996,3.3499999999999996,3.3499999999999996,1471.8727590395297,1155.9431349638207,550.3772296127058,20
3.3499999999999996,3.3499999999999996,3.3499999999999996,1773.4099460604955,1392.7569757883764,663.1309989847975,20
3.3499999999999996,3.3499999999999996,3.3499999999999996,1692.169861994297,1328.95464173235,632.7529026940318,20
3.3499999999999996,3.3499999999999996,3.3499999999999996,1672.6450006099244,1313.6206875302805,625.4519732819573,20
3.3499999999999996,3.3499999999999996,3.3499999999999996,1526.061938178503,1198.500896312632,570.6401838024124,20
3.3499999999999996,3.3499999999999996,3.3499999999999996,2260.1632678801407,1775.0312976159082,845.1426186187493,20
3.3499999999999996,3.3499999999999996,3.3499999999999996,2042.6099708206045,1604.1746534663025,763.7929365940129,20
3.3499999999999996,3.3499999999999996,3.3499999999999996,2374.050132539686,1864.4729552301578,887.728322223659,20
3.3499999999999996,3.3499999999999996,3.3499999999999996,2152.3448752928866,1690.355546965153,804.8260981525435,20
3.3499999999999996,3.3499999999999996,3.3499999999999996,2564.127887835475,2013.7515358643143,958.8040777386699,20
3.3499999999999996,3.3499999999999996,3.3499999999999996,2717.514361228253,2134.214422228482,1016.1598659802219,20
3.3499999999999996,3.3499999999999996,3.3499999999999996,3237.905991493937,2542.9067693107017,1210.7498548364354,20
3.3499999999999996,3.3499999999999996,3.3499999999999996,2721.026944830261,2136.9730485267073,1017.4733260057459,20
3.3499999999999996,3.3499999999999996,3.3499999999999996,2513.0032770528505,1973.6005496469759,939.6870572796935,20
3.3499999999999996,3.3499999999999996,3.3499999999999996,2245.425890107195,1763.4572192457629,839.6318724617768,20
3.3499999999999996,3.3499999999999996,3.3499999999999996,2793.282610454442,2193.7194215589907,1044.4918796312706,20
3.3499999999999996,3.3499999999999996,3.3499999999999996,2774.720977161744,2179.141943684876,1037.5511300005837,20
3.3499999999999996,3.3499999999999996,3.3499999999999996,2295.8803744456063,1803.0819180799103,858.4983126082969,20
3.3499999999999996,3.3499999999999996,3.3499999999999996,2464.0287852285014,1935.1381708407803,921.3740305819479,20
3.3499999999999996,3.3499999999999996,3.3499999999999996,1925.6367239113297,1512.3090890628696,720.0531423914621,20
3.3499999999999996,3.3499999999999996,3.3499999999999996,1944.6287815042522,1527.2246029607568,727.1548405365235,20
3.3499999999999996,3.3499999999999996,3.3499999999999996,1981.3901639419964,1556.095351060219,740.9010204957352,20
3.3499999999999996,3.3499999999999996,3.3499999999999996,1336.981234326455,1050.0053553566813,499.9372556313529,20
3.3499999999999996,3.3499999999999996,3.3499999999999996,1270.7427010973233,997.9845693980831,475.1686877042938,20
3.3499999999999996,3.3499999999999996,3.3499999999999996,1021.6793327488297,802.381322415458,382.03644795885293,20
3.3499999999999996,3.3499999999999996,3.3499999999999996,1907.9980509644336,1498.4564630273544,713.4575152280839,20
3.3499999999999996,3.3499999999999996,3.3499999999999996,1697.6800748394412,1333.2821168292392,634.8133360172668,20
3.3499999999999996,3.3499999999999996,3.3499999999999996,1418.379772271055,1113.9321320126694,530.3746025645945,20
3.3499999999999996,3.3499999999999996,3.3499999999999996,1891.8594267648346,1485.782457065633,707.4231791912357,21
3.3499999999999996,3.3499999999999996,3.3499999999999996,1925.152664271994,1511.929488672335,719.8725227257919,21
3.3499999999999996,3.3499999999999996,3.3499999999999996,1838.3194198677759,1443.7345110748174,687.402959212309,21
3.3499999999999996,3.3499999999999996,3.3499999999999996,1566.3196840670848,1230.1179864738124,585.6940715872141,21
3.3499999999999996,3.3499999999999996,3.3499999999999996,1666.8502580914237,1309.0702390412903,623.2854788958597,21
3.3499999999999996,3.3499999999999996,3.3499999999999996,1442.4619119246274,1132.845587469417,539.3799228206777,21
3.3499999999999996,3.3499999999999996,3.3499999999999996,1251.4205076432067,982.8101445401779,467.943791963414,21
3.3499999999999996,3.3499999999999996,3.3499999999999996,1264.861003296535,993.365713507652,472.96959780843014,21
3.3499999999999996,3.3499999999999996,3.3499999999999996,1983.577373070531,1557.8136628154834,741.7192797611499,21
3.3499999999999996,3.3499999999999996,3.3499999999999996,2305.308063160596,1810.4866724866495,862.0240679536372,21
3.3499999999999996,3.3499999999999996,3.3499999999999996,1483.9578706989848,1165.4346724266911,554.8965107153414,21
3.3499999999999996,3.3499999999999996,3.3499999999999996,1401.3744411675875,1100.5773108774292,524.0160808900029,21
3.3499999999999996,3.3499999999999996,3.3499999999999996,1294.3946228683315,1016.5601079920581,484.0131070432744,21
3.3499999999999996,3.3499999999999996,3.3499999999999996,2285.05015469844,1794.5770099693966,854.4490262748959,21
3.3499999999999996,3.3499999999999996,3.3499999999999996,1798.1516180613949,1412.188501673439,672.3830091816741,21
3.3499999999999996,3.3499999999999996,3.3499999999999996,1703.1909320775378,1337.610592052001,636.8743506489642,21
3.3499999999999996,3.3499999999999996,3.3499999999999996,1959.332824555525,1538.7730700772206,732.6535133802561,21
3.3499999999999996,3.3499999999999996,3.3499999999999996,1773.9823501830322,1393.2070310071963,663.3453924965519,21
3.3499999999999996,3.3499999999999996,3.3499999999999996,1499.9675754570426,1178.0079842361204,560.8830211704154,21
3.3499999999999996,3.3499999999999996,3.3499999999999996,2104.2240475081003,1652.5642081502297,786.8327024510293,21
3.3499999999999996,3.3499999999999996,3.3499999999999996,2525.0077395153144,1983.029050811788,944.1763892706161,21
3.3499999999999996,3.3499999999999996,3.3499999999999996,1716.3169420171962,1347.9191778928443,641.7825608205244,21
3.3499999999999996,3.3499999999999996,3.3499999999999996,1948.0028579267926,1529.8750169671666,728.4168978583858,21
3.3499999999999996,3.3499999999999996,3.3499999999999996,1864.9171927805182,1464.6232218488237,697.3486670207982,21
3.3499999999999996,3.3499999999999996,3.3499999999999996,1851.9198549489217,1454.4156893728175,692.4885712231026,21
3.3499999999999996,3.3499999999999996,3.3499999999999996,2222.896414017022,1745.7642196325505,831.2078719854012,21
3.3499999999999996,3.3499999999999996,3.3499999999999996,1952.3287900594798,1533.2724121342028,730.0344940809043,21
3.3499999999999996,3.3499999999999996,3.3499999999999996,2101.3913484615714,1650.339531998325,785.7734710214437,21
3.3499999999999996,3.3499999999999996,3.3499999999999996,2269.3725513993363,1782.2645159113808,848.5866985506226,21
3.3499999999999996,3.3499999999999996,3.3499999999999996,2472.587401884361,1941.8604433858573,924.5748473291087,21
3.3499999999999996,3.3499999999999996,3.3499999999999996,1743.9126941323111,1369.5916572547403,652.1014430890823,21
3.3499999999999996,3.3499999999999996,3.3499999999999996,994.9050305794211,781.3542697562161,372.0249347116714,21
3.3499999999999996,3.3499999999999996,3.3499999999999996,1471.8727590395297,1155.943561913262,550.3775237387916,21
3.3499999999999996,3.3499999999999996,3.3499999999999996,1773.4099460604955,1392.7574902053875,663.1313533674186,21
3.3499999999999996,3.3499999999999996,3.3499999999999996,1692.169861994297,1328.9551325838675,632.7532408423502,21
3.3499999999999996,3.3499999999999996,3.3499999999999996,1672.6450006099244,1313.6211727181774,625.4523075285994,21
3.3499999999999996,3.3499999999999996,3.3499999999999996,1526.061938178503,1198.5013389808505,570.6404887571863,21
3.3499999999999996,3.3499999999999996,3.3499999999999996,2260.1632678801407,1775.0319532265503,845.1430702698664,21
3.3499999999999996,3.3499999999999996,3.3499999999999996,2042.6099708206045,1604.1752459707702,763.7933447711955,21
3.3499999999999996,3.3499999999999996,3.3499999999999996,2374.050132539686,1864.473643876219,887.7287966329235,21
3.3499999999999996,3.3499999999999996,3.3499999999999996,2152.3448752928866,1690.3561713006713,804.8265282581829,21
3.3499999999999996,3.3499999999999996,3.3499999999999996,2564.127887835475,2013.7522796466576,958.8045901313986,21
3.3499999999999996,3.3499999999999996,3.3499999999999996,2717.514361228253,2134.215210503984,1016.1604090243521,21
3.3499999999999996,3.3499999999999996,3.3499999999999996,3237.905991493937,2542.907708537375,1210.7505018710451,21
3.3499999999999996,3.3499999999999996,3.3499999999999996,2721.026944830261,2136.973837821112,1017.4738697518002,21
3.3499999999999996,3.3499999999999996,3.3499999999999996,2513.0032770528505,1973.6012785994883,939.6875594561305,21
3.3499999999999996,3.3499999999999996,3.3499999999999996,2245.425890107195,1763.4578705815009,839.6323211679057,21
3.3499999999999996,3.3499999999999996,3.3499999999999996,2793.282610454442,2193.7202318127593,1044.4924378162605,21
3.3499999999999996,3.3499999999999996,3.3499999999999996,2774.720977161744,2179.1427485544305,1037.5516844763802,21
3.3499999999999996,3.3499999999999996,3.3499999999999996,2295.8803744456063,1803.0825840510936,858.4987713968058,21
3.3499999999999996,3.3499999999999996,3.3499999999999996,2464.0287852285014,1935.138885587152,921.3745229717539,21
3.3499999999999996,3.3499999999999996,3.3499999999999996,1925.6367239113297,1512.3096476366447,720.0535271937414,21
3.3499999999999996,3.3499999999999996,3.3499999999999996,1944.6287815042522,1527.225167043601,727.1552291340083,21
3.3499999999999996,3.3499999999999996,3.3499999999999996,1981.3901639419964,1556.0959258065197,740.9014164392909,21
3.3499999999999996,3.3499999999999996,3.3499999999999996,1336.981234326455,1050.005743177835,499.9375228019048,21
3.3499999999999996,3.3499999999999996,3.3499999999999996,1270.7427010973233,997.984938005276,475.1689416383208,21
3.3499999999999996,3.3499999999999996,3.3499999999999996,1021.6793327488297,802.3816187762795,382.0366521222506,21
3.3499999999999996,3.3499999999999996,3.3499999999999996,1907.9980509644336,1498.4570164846398,713.4578965056063,21
3.3499999999999996,3.3499999999999996,3.3499999999999996,1697.6800748394412,1333.2826092791167,634.8136752666976,21
3.3499999999999996,3.3499999999999996,3.3499999999999996,1418.379772271055,1113.9325434452796,530.3748860011132,21
3.3499999999999996,3.3499999999999996,3.3499999999999996,1891.8594267648346,1485.7825119433512,707.4232169965912,22
3.3499999999999996,3.3499999999999996,3.3499999999999996,1925.152664271994,1511.9295445157995,719.8725611964517,22
3.3499999999999996,3.3499999999999996,3.3499999999999996,1838.3194198677759,1443.7345643994847,687.4029959477651,22
3.3499999999999996,3.3499999999999996,3.3499999999999996,1566.3196840670848,1230.118031908504,585.6941028872524,22
3.3499999999999996,3.3499999999999996,3.3499999999999996,1666.8502580914237,1309.0702873921014,623.2855122048178,22
3.3499999999999996,3.3499999999999996,3.3499999999999996,1442.4619119246274,1132.8456293113304,539.3799516456447,22
3.3499999999999996,3.3499999999999996,3.3499999999999996,1251.4205076432067,982.8101808404974,467.9438169707672,22
3.3499999999999996,3.3499999999999996,3.3499999999999996,1264.861003296535,993.3657501978439,472.969623084367,22
3.3499999999999996,3.3499999999999996,3.3499999999999996,1983.577373070531,1557.81372035369,741.7193193993209,22
3.3499999999999996,3.3499999999999996,3.3499999999999996,2305.308063160596,1810.4867393573925,862.0241140210084,22
3.3499999999999996,3.3499999999999996,3.3499999999999996,1483.9578706989848,1165.4347154722896,554.8965403695291,22
3.3499999999999996,3.3499999999999996,3.3499999999999996,1401.3744411675875,1100.5773515275064,524.0161088939118,22
3.3499999999999996,3.3499999999999996,3.3499999999999996,1294.3946228683315,1016.5601455389399,484.01313290938685,22
3.3499999999999996,3.3499999999999996,3.3499999999999996,2285.05015469844,1794.5770762525124,854.44907193745,22
3.3499999999999996,3.3499999999999996,3.3499999999999996,1798.1516180613949,1412.1885538329473,672.38304511445,22
3.3499999999999996,3.3499999999999996,3.3499999999999996,1703.1909320775378,1337.610641456957,636.8743846841244,22
3.3499999999999996,3.3499999999999996,3.3499999999999996,1959.332824555525,1538.773126912159,732.653552533944,22
3.3499999999999996,3.3499999999999996,3.3499999999999996,1773.9823501830322,1393.2070824656196,663.345427946349,22
3.3499999999999996,3.3499999999999996,3.3499999999999996,1499.9675754570426,1178.008027746117,560.8830511445279,22
3.3499999999999996,3.3499999999999996,3.3499999999999996,2104.2240475081003,1652.5642691880698,786.8327445001038,22
3.3499999999999996,3.3499999999999996,3.3499999999999996,2525.0077395153144,1983.0291240554236,944.176439728284,22
3.3499999999999996,3.3499999999999996,3.3499999999999996,1716.3169420171962,1347.91922767855,641.7825951179838,22
3.3499999999999996,3.3499999999999996,3.3499999999999996,1948.0028579267926,1529.8750734734535,728.4169367856651,22
3.3499999999999996,3.3499999999999996,3.3499999999999996,1864.9171927805182,1464.6232759450206,697.3487042877623,22
3.3499999999999996,3.3499999999999996,3.3499999999999996,1851.9198549489217,1454.415743091996,692.4886082303386,22
3.3499999999999996,3.3499999999999996,3.3499999999999996,2222.896414017022,1745.7642841127547,831.2079164059262,22
3.3499999999999996,3.3499999999999996,3.3499999999999996,1952.3287900594798,1533.2724687659731,730.0345330946295,22
3.3499999999999996,3.3499999999999996,3.3499999999999996,2101.3913484615714,1650.3395929539965,785.7735130139116,22
3.3499999999999996,3.3499999999999996,3.3499999999999996,2269.3725513993363,1782.2645817397322,848.5867438998883,22
3.3499999999999996,3.3499999999999996,3.3499999999999996,2472.587401884361,1941.8605151089203,924.5748967392519,22
3.3499999999999996,3.3499999999999996,3.3499999999999996,1743.9126941323111,1369.5917078409243,652.1014779379924,22
3.3499999999999996,3.3499999999999996,3.3499999999999996,994.9050305794211,781.3542986157163,372.02495459303134,22
3.3499999999999996,3.3499999999999996,3.3499999999999996,1471.8727590395297,1155.9436046083042,550.3775531514806,22
3.3499999999999996,3.3499999999999996,3.3499999999999996,1773.4099460604955,1392.757541647207,663.1313888057773,22
3.3499999999999996,3.3499999999999996,3.3499999999999996,1692.169861994297,1328.9551816691317,632.7532746572745,22
3.3499999999999996,3.3499999999999996,3.3499999999999996,1672.6450006099244,1313.6212212370788,625.4523409533549,22
3.3499999999999996,3.3499999999999996,3.3499999999999996,1526.061938178503,1198.501383247774,570.640519252747,22
3.3499999999999996,3.3499999999999996,3.3499999999999996,2260.1632678801407,1775.032018787765,845.1431154351011,22
3.3499999999999996,3.3499999999999996,3.3499999999999996,2042.6099708206045,1604.175305221353,763.793385589025,22
3.3499999999999996,3.3499999999999996,3.3499999999999996,2374.050132539686,1864.4737127409833,887.7288440739795,22
3.3499999999999996,3.3499999999999996,3.3499999999999996,2152.3448752928866,1690.3562337343665,804.8265712688641,22
3.3499999999999996,3.3499999999999996,3.3499999999999996,2564.127887835475,2013.7523540250625,958.8046413708113,22
3.3499999999999996,3.3499999999999996,3.3499999999999996,2717.514361228253,2134.2152893317157,1016.1604633289136,22
3.3499999999999996,3.3499999999999996,3.3499999999999996,3237.905991493937,2542.9078024602577,1210.7505665746826,22
3.3499999999999996,3.3499999999999996,3.3499999999999996,2721.026944830261,2136.973916750734,1017.4739241265538,22
3.3499999999999996,3.3499999999999996,3.3499999999999996,2513.0032770528505,1973.601351494907,939.6876096739113,22
3.3499999999999996,3.3499999999999996,3.3499999999999996,2245.425890107195,1763.4579357152238,839.6323660386414,22
3.3499999999999996,3.3499999999999996,3.3499999999999996,2793.282610454442,2193.720312838322,1044.4924936349119,22
3.3499999999999996,3.3499999999999996,3.3499999999999996,2774.720977161744,2179.1428290415706,1037.5517399241112,22
3.3499999999999996,3.3499999999999996,3.3499999999999996,2295.8803744456063,1803.082650648365,858.498817275782,22
3.3499999999999996,3.3499999999999996,3.3499999999999996,2464.0287852285014,1935.1389570619533,921.3745722108686,22
3.3499999999999996,3.3499999999999996,3.3499999999999996,1925.6367239113297,1512.3097034941504,720.0535656740744,22
3.3499999999999996,3.3499999999999996,3.3499999999999996,1944.6287815042522,1527.2252234520151,727.1552679938629,22
3.3499999999999996,3.3499999999999996,3.3499999999999996,1981.3901639419964,1556.0959832812816,740.9014560337546,22
3.3499999999999996,3.3499999999999996,3.3499999999999996,1336.981234326455,1050.0057819600393,499.9375495190329,22
3.3499999999999996,3.3499999999999996,3.3499999999999996,1270.7427010973233,997.98497486608,475.1689670317928,22
3.3499999999999996,3.3499999999999996,3.3499999999999996,1021.6793327488297,802.38164841243,382.03667253864603,22
3.3499999999999996,3.3499999999999996,3.3499999999999996,1907.9980509644336,1498.4570718304956,713.4579346334626,22
3.3499999999999996,3.3499999999999996,3.3499999999999996,1697.6800748394412,1333.2826585242176,634.8137091917331,22
3.3499999999999996,3.3499999999999996,3.3499999999999996,1418.379772271055,1113.9325845886353,530.3749143448424,22
3.3499999999999996,3.3499999999999996,3.3499999999999996,1891.8594267648346,1485.7825180408763,707.4232211971872,23
3.3499999999999996,3.3499999999999996,3.3499999999999996,1925.152664271994,1511.9295507206305,719.8725654709707,23
3.3499999999999996,3.3499999999999996,3.3499999999999996,1838.3194198677759,1443.734570324449,687.4030000294836,23
3.3499999999999996,3.3499999999999996,3.3499999999999996,1566.3196840670848,1230.1180369568044,585.6941063650352,23
3.3499999999999996,3.3499999999999996,3.3499999999999996,1666.8502580914237,1309.0702927644152,623.2855159058142,23
3.3499999999999996,3.3499999999999996,3.3499999999999996,1442.4619119246274,1132.8456339604327,539.3799548484195,23
3.3499999999999996,3.3499999999999996,3.3499999999999996,1251.4205076432067,982.8101848738671,467.9438197493627,23
3.3499999999999996,3.3499999999999996,3.3499999999999996,1264.861003296535,993.365754274533,472.9696258928053,23
3.3499999999999996,3.3499999999999996,3.3499999999999996,1983.577373070531,1557.8137267468258,741.7193238035632,23
3.3499999999999996,3.3499999999999996,3.3499999999999996,2305.308063160596,1810.4867467874765,862.0241191396066,23
3.3499999999999996,3.3499999999999996,3.3499999999999996,1483.9578706989848,1165.4347202551348,554.8965436644396,23
3.3499999999999996,3.3499999999999996,3.3499999999999996,1401.3744411675875,1100.5773560441824,524.0161120054579,23
3.3499999999999996,3.3499999999999996,3.3499999999999996,1294.3946228683315,1016.5601497108167,484.0131357834001,23
3.3499999999999996,3.3499999999999996,3.3499999999999996,2285.05015469844,1794.5770836173049,854.4490770110681,23
3.3499999999999996,3.3499999999999996,3.3499999999999996,1798.1516180613949,1412.1885596284492,672.3830491069817,23
3.3499999999999996,3.3499999999999996,3.3499999999999996,1703.1909320775378,1337.6106469463978,636.8743884658097,23
3.3499999999999996,3.3499999999999996,3.3499999999999996,1959.332824555525,1538.7731332271533,732.6535568843549,23
3.3499999999999996,3.3499999999999996,3.3499999999999996,1773.9823501830322,1393.2070881832235,663.3454318852164,23
3.3499999999999996,3.3499999999999996,3.3499999999999996,1499.9675754570426,1178.0080325805623,560.8830544749857,23
3.3499999999999996,3.3499999999999996,3.3499999999999996,2104.2240475081003,1652.5642759700536,786.8327491722245,23
3.3499999999999996,3.3499999999999996,3.3499999999999996,2525.0077395153144,1983.029132193607,944.1764453346932,23
3.3499999999999996,3.3499999999999996,3.3499999999999996,1716.3169420171962,1347.9192332102962,641.7825989288136,23
3.3499999999999996,3.3499999999999996,3.3499999999999996,1948.0028579267926,1529.875079751931,728.4169411109193,23
3.3499999999999996,3.3499999999999996,3.3499999999999996,1864.9171927805182,1464.6232819557104,697.3487084285371,23
3.3499999999999996,3.3499999999999996,3.3499999999999996,1851.9198549489217,1454.4157490607952,692.4886123422547,23
3.3499999999999996,3.3499999999999996,3.3499999999999996,2222.896414017022,1745.7642912772235,831.2079213415412,23
3.3499999999999996,3.3499999999999996,3.3499999999999996,1952.3287900594798,1533.2724750583934,730.0345374294891,23
3.3499999999999996,3.3499999999999996,3.3499999999999996,2101.3913484615714,1650.3395997268506,785.7735176797427,23
3.3499999999999996,3.3499999999999996,3.3499999999999996,2269.3725513993363,1782.264589053995,848.586748938697,23
3.3499999999999996,3.3499999999999996,3.3499999999999996,2472.587401884361,1941.8605230781523,924.5749022292692,23
3.3499999999999996,3.3499999999999996,3.3499999999999996,1743.9126941323111,1369.5917134616127,652.1014818100947,23
3.3499999999999996,3.3499999999999996,3.3499999999999996,994.9050305794211,781.3543018223282,372.02495680207187,23
3.3499999999999996,3.3499999999999996,3.3499999999999996,1471.8727590395297,1155.943609352199,550.377556419558,23
3.3499999999999996,3.3499999999999996,3.3499999999999996,1773.4099460604955,1392.7575473629659,663.1313927433738,23
3.3499999999999996,3.3499999999999996,3.3499999999999996,1692.169861994297,1328.9551871230512,632.7532784144892,23
3.3499999999999996,3.3499999999999996,3.3499999999999996,1672.6450006099244,1313.6212266280684,625.4523446672175,23
3.3499999999999996,3.3499999999999996,3.3499999999999996,1526.061938178503,1198.5013881663222,570.6405226411435,23
3.3499999999999996,3.3499999999999996,3.3499999999999996,2260.1632678801407,1775.0320260723458,845.1431204534621,23
3.3499999999999996,3.3499999999999996,3.3499999999999996,2042.6099708206045,1604.175311804753,763.7933901243407,23
3.3499999999999996,3.3499999999999996,3.3499999999999996,2374.050132539686,1864.4737203926256,887.7288493452091,23
3.3499999999999996,3.3499999999999996,3.3499999999999996,2152.3448752928866,1690.3562406714454,804.8265760478298,23
3.3499999999999996,3.3499999999999996,3.3499999999999996,2564.127887835475,2013.7523622893316,958.804647064081,23
3.3499999999999996,3.3499999999999996,3.3499999999999996,2717.514361228253,2134.215298090354,1016.1604693627554,23
3.3499999999999996,3.3499999999999996,3.3499999999999996,3237.905991493937,2542.907812896136,1210.7505737639774,23
3.3499999999999996,3.3499999999999996,3.3499999999999996,2721.026944830261,2136.9739255206937,1017.4739301681948,23
3.3499999999999996,3.3499999999999996,3.3499999999999996,2513.0032770528505,1973.6013595943994,939.6876152536661,23
3.3499999999999996,3.3499999999999996,3.3499999999999996,2245.425890107195,1763.457942952306,839.6323710242798,23
3.3499999999999996,3.3499999999999996,3.3499999999999996,2793.282610454442,2193.720321841164,1044.4924998369859,23
3.3499999999999996,3.3499999999999996,3.3499999999999996,2774.720977161744,2179.142837984589,1037.5517460849717,23
3.3499999999999996,3.3499999999999996,3.3499999999999996,2295.8803744456063,1803.0826580480636,858.4988223734471,23
3.3499999999999996,3.3499999999999996,3.3499999999999996,2464.0287852285014,1935.1389650035994,921.3745776818829,23
3.3499999999999996,3.3499999999999996,3.3499999999999996,1925.6367239113297,1512.3097097005414,720.053569949668,23
3.3499999999999996,3.3499999999999996,3.3499999999999996,1944.6287815042522,1527.225229719618,727.1552723116255,23
3.3499999999999996,3.3499999999999996,3.3499999999999996,1981.3901639419964,1556.0959896673678,740.9014604331405,23
3.3499999999999996,3.3499999999999996,3.3499999999999996,1336.981234326455,1050.005786269174,499.9375524876036,23
3.3499999999999996,3.3499999999999996,3.3499999999999996,1270.7427010973233,997.9849789617257,475.16896985329043,23
3.3499999999999996,3.3499999999999996,3.3499999999999996,1021.6793327488297,802.3816517053361,382.03667480713494,23
3.3499999999999996,3.3499999999999996,3.3499999999999996,1907.9980509644336,1498.4570779800363,713.4579388698921,23
3.3499999999999996,3.3499999999999996,3.3499999999999996,1697.6800748394412,1333.2826639958964,634.8137129611825,23
3.3499999999999996,3.3499999999999996,3.3499999999999996,1418.379772271055,1113.93258916012,530.3749174941465,23
